solid OpenSCAD_Model
  facet normal 0.989176 0 0.146732
    outer loop
      vertex -35.7786 60 18.8288
      vertex -35.5698 9.30794 17.4212
      vertex -35.5698 60 17.4212
    endloop
  endfacet
  facet normal 0.989176 -7.26498e-08 0.146735
    outer loop
      vertex -35.7786 60 18.8288
      vertex -35.6127 9.27612 17.7104
      vertex -35.5698 9.30794 17.4212
    endloop
  endfacet
  facet normal 0.989176 0 0.146731
    outer loop
      vertex -35.6127 9.27612 17.7104
      vertex -35.7786 60 18.8288
      vertex -35.7786 9.12577 18.8288
    endloop
  endfacet
  facet normal 0.989176 -0 0.146731
    outer loop
      vertex -35.7786 -60 18.8288
      vertex -35.6127 -9.27612 17.7104
      vertex -35.7786 -9.12577 18.8288
    endloop
  endfacet
  facet normal 0.989176 7.26498e-08 0.146735
    outer loop
      vertex -35.7786 -60 18.8288
      vertex -35.5698 -9.30794 17.4212
      vertex -35.6127 -9.27612 17.7104
    endloop
  endfacet
  facet normal 0.989176 0 0.146732
    outer loop
      vertex -35.5698 -9.30794 17.4212
      vertex -35.7786 -60 18.8288
      vertex -35.5698 -60 17.4212
    endloop
  endfacet
  facet normal 0.998796 -0 0.0490543
    outer loop
      vertex -35.5698 -60 17.4212
      vertex -35.5 -9.35972 16
      vertex -35.5698 -9.30794 17.4212
    endloop
  endfacet
  facet normal 0.998796 0 0.0490543
    outer loop
      vertex -35.5 -9.35972 16
      vertex -35.5698 -60 17.4212
      vertex -35.5 -60 16
    endloop
  endfacet
  facet normal 0.998796 0 0.0490543
    outer loop
      vertex -35.5698 60 17.4212
      vertex -35.5 9.35972 16
      vertex -35.5 60 16
    endloop
  endfacet
  facet normal 0.998796 0 0.0490543
    outer loop
      vertex -35.5 9.35972 16
      vertex -35.5698 60 17.4212
      vertex -35.5698 9.30794 17.4212
    endloop
  endfacet
  facet normal 0.970022 0 0.243015
    outer loop
      vertex -36.1244 60 20.2091
      vertex -35.7786 9.12577 18.8288
      vertex -35.7786 60 18.8288
    endloop
  endfacet
  facet normal 0.970022 0 0.243015
    outer loop
      vertex -35.7786 9.12577 18.8288
      vertex -36.1244 60 20.2091
      vertex -36.1244 8.8124 20.2091
    endloop
  endfacet
  facet normal 0.970022 -0 0.243015
    outer loop
      vertex -36.1244 -60 20.2091
      vertex -35.7786 -9.12577 18.8288
      vertex -36.1244 -8.8124 20.2091
    endloop
  endfacet
  facet normal 0.970022 0 0.243015
    outer loop
      vertex -35.7786 -9.12577 18.8288
      vertex -36.1244 -60 20.2091
      vertex -35.7786 -60 18.8288
    endloop
  endfacet
  facet normal -0.85771 0 0.514134
    outer loop
      vertex -62.7879 -60 22.8353
      vertex -62.0563 60 24.0558
      vertex -62.7879 60 22.8353
    endloop
  endfacet
  facet normal -0.85771 0 0.514134
    outer loop
      vertex -62.0563 60 24.0558
      vertex -62.7879 -60 22.8353
      vertex -62.0563 -60 24.0558
    endloop
  endfacet
  facet normal 0.336835 0 0.941564
    outer loop
      vertex -45.7909 60 29.8756
      vertex -44.4511 -60 29.3963
      vertex -44.4511 60 29.3963
    endloop
  endfacet
  facet normal 0.336835 0 0.941564
    outer loop
      vertex -44.4511 -60 29.3963
      vertex -45.7909 60 29.8756
      vertex -45.7909 -60 29.8756
    endloop
  endfacet
  facet normal -0.595685 0 0.803218
    outer loop
      vertex -59.1987 60 27.2087
      vertex -58.0558 -60 28.0563
      vertex -58.0558 60 28.0563
    endloop
  endfacet
  facet normal -0.595685 0 0.803218
    outer loop
      vertex -58.0558 -60 28.0563
      vertex -59.1987 60 27.2087
      vertex -59.1987 -60 27.2087
    endloop
  endfacet
  facet normal -0.970022 0 0.243015
    outer loop
      vertex -64.2214 -60 18.8288
      vertex -63.8756 60 20.2091
      vertex -64.2214 60 18.8288
    endloop
  endfacet
  facet normal -0.970022 0 0.243015
    outer loop
      vertex -63.8756 60 20.2091
      vertex -64.2214 -60 18.8288
      vertex -63.8756 -60 20.2091
    endloop
  endfacet
  facet normal 0.514134 0 0.85771
    outer loop
      vertex -43.1647 60 28.7879
      vertex -41.9442 -60 28.0563
      vertex -41.9442 60 28.0563
    endloop
  endfacet
  facet normal 0.514134 0 0.85771
    outer loop
      vertex -41.9442 -60 28.0563
      vertex -43.1647 60 28.7879
      vertex -43.1647 -60 28.7879
    endloop
  endfacet
  facet normal -0.336835 0 0.941564
    outer loop
      vertex -55.5489 60 29.3963
      vertex -54.2091 -60 29.8756
      vertex -54.2091 60 29.8756
    endloop
  endfacet
  facet normal -0.336835 0 0.941564
    outer loop
      vertex -54.2091 -60 29.8756
      vertex -55.5489 60 29.3963
      vertex -55.5489 -60 29.3963
    endloop
  endfacet
  facet normal -0.243015 0 0.970022
    outer loop
      vertex -54.2091 60 29.8756
      vertex -52.8288 -60 30.2214
      vertex -52.8288 60 30.2214
    endloop
  endfacet
  facet normal -0.243015 0 0.970022
    outer loop
      vertex -52.8288 -60 30.2214
      vertex -54.2091 60 29.8756
      vertex -54.2091 -60 29.8756
    endloop
  endfacet
  facet normal 0.427543 0 0.903995
    outer loop
      vertex -44.4511 60 29.3963
      vertex -43.1647 -60 28.7879
      vertex -43.1647 60 28.7879
    endloop
  endfacet
  facet normal 0.427543 0 0.903995
    outer loop
      vertex -43.1647 -60 28.7879
      vertex -44.4511 60 29.3963
      vertex -44.4511 -60 29.3963
    endloop
  endfacet
  facet normal 0.243015 0 0.970022
    outer loop
      vertex -47.1712 60 30.2214
      vertex -45.7909 -60 29.8756
      vertex -45.7909 60 29.8756
    endloop
  endfacet
  facet normal 0.243015 0 0.970022
    outer loop
      vertex -45.7909 -60 29.8756
      vertex -47.1712 60 30.2214
      vertex -47.1712 -60 30.2214
    endloop
  endfacet
  facet normal -0.803218 0 0.595685
    outer loop
      vertex -62.0563 -60 24.0558
      vertex -61.2087 60 25.1987
      vertex -62.0563 60 24.0558
    endloop
  endfacet
  facet normal -0.803218 0 0.595685
    outer loop
      vertex -61.2087 60 25.1987
      vertex -62.0563 -60 24.0558
      vertex -61.2087 -60 25.1987
    endloop
  endfacet
  facet normal -0.671612 0 0.740903
    outer loop
      vertex -60.253 60 26.253
      vertex -59.1987 -60 27.2087
      vertex -59.1987 60 27.2087
    endloop
  endfacet
  facet normal -0.671612 0 0.740903
    outer loop
      vertex -59.1987 -60 27.2087
      vertex -60.253 60 26.253
      vertex -60.253 -60 26.253
    endloop
  endfacet
  facet normal -0.903995 0 0.427543
    outer loop
      vertex -63.3963 -60 21.5489
      vertex -62.7879 60 22.8353
      vertex -63.3963 60 21.5489
    endloop
  endfacet
  facet normal -0.903995 0 0.427543
    outer loop
      vertex -62.7879 60 22.8353
      vertex -63.3963 -60 21.5489
      vertex -62.7879 -60 22.8353
    endloop
  endfacet
  facet normal 0.803283 -0 0.595597
    outer loop
      vertex -38.7913 -60 25.1987
      vertex -38.5831 -5.65676 24.9179
      vertex -38.7913 -5.21636 25.1987
    endloop
  endfacet
  facet normal 0.8032 8.98012e-07 0.595709
    outer loop
      vertex -38.7913 -60 25.1987
      vertex -37.9776 -6.66684 24.1015
      vertex -38.5831 -5.65676 24.9179
    endloop
  endfacet
  facet normal 0.803154 2.9026e-06 0.595772
    outer loop
      vertex -38.7913 -60 25.1987
      vertex -37.9437 -6.71261 24.0558
      vertex -37.9776 -6.66684 24.1015
    endloop
  endfacet
  facet normal 0.803218 0 0.595685
    outer loop
      vertex -37.9437 -6.71261 24.0558
      vertex -38.7913 -60 25.1987
      vertex -37.9437 -60 24.0558
    endloop
  endfacet
  facet normal 0.803218 0 0.595685
    outer loop
      vertex -38.7913 60 25.1987
      vertex -37.9437 6.71261 24.0558
      vertex -37.9437 60 24.0558
    endloop
  endfacet
  facet normal 0.803154 -2.9026e-06 0.595772
    outer loop
      vertex -38.7913 60 25.1987
      vertex -37.9776 6.66684 24.1015
      vertex -37.9437 6.71261 24.0558
    endloop
  endfacet
  facet normal 0.8032 -8.98012e-07 0.595709
    outer loop
      vertex -38.7913 60 25.1987
      vertex -38.5831 5.65676 24.9179
      vertex -37.9776 6.66684 24.1015
    endloop
  endfacet
  facet normal 0.803283 0 0.595597
    outer loop
      vertex -38.5831 5.65676 24.9179
      vertex -38.7913 60 25.1987
      vertex -38.7913 5.21636 25.1987
    endloop
  endfacet
  facet normal 0.941564 0 0.336835
    outer loop
      vertex -36.6037 60 21.5489
      vertex -36.1244 8.8124 20.2091
      vertex -36.1244 60 20.2091
    endloop
  endfacet
  facet normal 0.94155 -1.15562e-06 0.336874
    outer loop
      vertex -36.6037 60 21.5489
      vertex -36.4853 8.48528 21.2178
      vertex -36.1244 8.8124 20.2091
    endloop
  endfacet
  facet normal 0.941607 0 0.336715
    outer loop
      vertex -36.4853 8.48528 21.2178
      vertex -36.6037 60 21.5489
      vertex -36.6037 8.35457 21.5489
    endloop
  endfacet
  facet normal 0.941607 -0 0.336715
    outer loop
      vertex -36.6037 -60 21.5489
      vertex -36.4853 -8.48528 21.2178
      vertex -36.6037 -8.35457 21.5489
    endloop
  endfacet
  facet normal 0.94155 1.15562e-06 0.336874
    outer loop
      vertex -36.6037 -60 21.5489
      vertex -36.1244 -8.8124 20.2091
      vertex -36.4853 -8.48528 21.2178
    endloop
  endfacet
  facet normal 0.941564 0 0.336835
    outer loop
      vertex -36.1244 -8.8124 20.2091
      vertex -36.6037 -60 21.5489
      vertex -36.1244 -60 20.2091
    endloop
  endfacet
  facet normal -0.998796 0 0.0490543
    outer loop
      vertex -64.5 -60 16
      vertex -64.4302 60 17.4212
      vertex -64.5 60 16
    endloop
  endfacet
  facet normal -0.998796 0 0.0490543
    outer loop
      vertex -64.4302 60 17.4212
      vertex -64.5 -60 16
      vertex -64.4302 -60 17.4212
    endloop
  endfacet
  facet normal 0.671612 0 0.740903
    outer loop
      vertex -40.8013 60 27.2087
      vertex -39.747 2.43079 26.253
      vertex -39.747 60 26.253
    endloop
  endfacet
  facet normal 0.673213 5.34447e-05 0.739449
    outer loop
      vertex -39.747 2.43079 26.253
      vertex -40.8013 60 27.2087
      vertex -39.7694 2.34108 26.2734
    endloop
  endfacet
  facet normal 0.671525 -1.61263e-06 0.740982
    outer loop
      vertex -39.7694 2.34108 26.2734
      vertex -40.8013 60 27.2087
      vertex -39.9422 1.17621 26.43
    endloop
  endfacet
  facet normal 0.671636 1.34049e-06 0.740881
    outer loop
      vertex -39.9422 1.17621 26.43
      vertex -40.8013 60 27.2087
      vertex -40 0 26.4824
    endloop
  endfacet
  facet normal 0.673213 -5.34447e-05 0.739449
    outer loop
      vertex -40.8013 -60 27.2087
      vertex -39.747 -2.43079 26.253
      vertex -39.7694 -2.34108 26.2734
    endloop
  endfacet
  facet normal 0.671525 1.61263e-06 0.740982
    outer loop
      vertex -40.8013 -60 27.2087
      vertex -39.7694 -2.34108 26.2734
      vertex -39.9422 -1.17621 26.43
    endloop
  endfacet
  facet normal 0.671636 -1.34049e-06 0.740881
    outer loop
      vertex -40.8013 -60 27.2087
      vertex -39.9422 -1.17621 26.43
      vertex -40 0 26.4824
    endloop
  endfacet
  facet normal 0.671581 -0 0.740931
    outer loop
      vertex -40.8013 -60 27.2087
      vertex -40 0 26.4824
      vertex -40.8013 60 27.2087
    endloop
  endfacet
  facet normal 0.671612 0 0.740903
    outer loop
      vertex -39.747 -2.43079 26.253
      vertex -40.8013 -60 27.2087
      vertex -39.747 -60 26.253
    endloop
  endfacet
  facet normal 0.595685 0 0.803218
    outer loop
      vertex -41.9442 60 28.0563
      vertex -40.8013 -60 27.2087
      vertex -40.8013 60 27.2087
    endloop
  endfacet
  facet normal 0.595685 0 0.803218
    outer loop
      vertex -40.8013 -60 27.2087
      vertex -41.9442 60 28.0563
      vertex -41.9442 -60 28.0563
    endloop
  endfacet
  facet normal 0.903995 -0 0.427543
    outer loop
      vertex -37.2121 -60 22.8353
      vertex -36.6037 -8.35457 21.5489
      vertex -37.2121 -7.68331 22.8353
    endloop
  endfacet
  facet normal 0.903995 0 0.427543
    outer loop
      vertex -36.6037 -8.35457 21.5489
      vertex -37.2121 -60 22.8353
      vertex -36.6037 -60 21.5489
    endloop
  endfacet
  facet normal 0.903995 0 0.427543
    outer loop
      vertex -37.2121 60 22.8353
      vertex -36.6037 8.35457 21.5489
      vertex -36.6037 60 21.5489
    endloop
  endfacet
  facet normal 0.903995 0 0.427543
    outer loop
      vertex -36.6037 8.35457 21.5489
      vertex -37.2121 60 22.8353
      vertex -37.2121 7.68331 22.8353
    endloop
  endfacet
  facet normal -0.941564 0 0.336835
    outer loop
      vertex -63.8756 -60 20.2091
      vertex -63.3963 60 21.5489
      vertex -63.8756 60 20.2091
    endloop
  endfacet
  facet normal -0.941564 0 0.336835
    outer loop
      vertex -63.3963 60 21.5489
      vertex -63.8756 -60 20.2091
      vertex -63.3963 -60 21.5489
    endloop
  endfacet
  facet normal 0 -1 0
    outer loop
      vertex -68 -60 0
      vertex -64.5 -60 8
      vertex -68 -60 8
    endloop
  endfacet
  facet normal 0 -1 -0
    outer loop
      vertex -64.5 -60 8
      vertex -68 -60 0
      vertex -56.7563 -60 7.76744
    endloop
  endfacet
  facet normal 0 -1 -0
    outer loop
      vertex -56.7563 -60 7.76744
      vertex -68 -60 0
      vertex -55.9168 -60 7.14485
    endloop
  endfacet
  facet normal 0 -1 -0
    outer loop
      vertex -55.9168 -60 7.14485
      vertex -68 -60 0
      vertex -55.0204 -60 6.60754
    endloop
  endfacet
  facet normal 0 -1 -0
    outer loop
      vertex -55.0204 -60 6.60754
      vertex -68 -60 0
      vertex -54.0756 -60 6.16069
    endloop
  endfacet
  facet normal 0 -1 -0
    outer loop
      vertex -54.0756 -60 6.16069
      vertex -68 -60 0
      vertex -53.0915 -60 5.80859
    endloop
  endfacet
  facet normal 0 -1 0
    outer loop
      vertex 47.9223 -60 5.55464
      vertex 68 -60 0
      vertex 48.9561 -60 5.40129
    endloop
  endfacet
  facet normal 0 -1 -0
    outer loop
      vertex -51.0439 -60 5.40129
      vertex -68 -60 0
      vertex -50 -60 5.35001
    endloop
  endfacet
  facet normal 0 -1 -0
    outer loop
      vertex -52.0777 -60 5.55464
      vertex -68 -60 0
      vertex -51.0439 -60 5.40129
    endloop
  endfacet
  facet normal 0 -1 -0
    outer loop
      vertex -53.0915 -60 5.80859
      vertex -68 -60 0
      vertex -52.0777 -60 5.55464
    endloop
  endfacet
  facet normal 0 -1 0
    outer loop
      vertex -11 -60 22.735
      vertex -3.4 -60 22.145
      vertex -3.4 -60 22.735
    endloop
  endfacet
  facet normal 0 -1 -0
    outer loop
      vertex -3.4 -60 22.145
      vertex -11 -60 8
      vertex 3.4 -60 22.145
    endloop
  endfacet
  facet normal 0 -1 0
    outer loop
      vertex -11 -60 8
      vertex -3.4 -60 22.145
      vertex -11 -60 22.735
    endloop
  endfacet
  facet normal 0 -1 0
    outer loop
      vertex 3.4 -60 22.145
      vertex 11 -60 22.735
      vertex 3.4 -60 22.735
    endloop
  endfacet
  facet normal 0 -1 0
    outer loop
      vertex 11 -60 8
      vertex 3.4 -60 22.145
      vertex -11 -60 8
    endloop
  endfacet
  facet normal 0 -1 0
    outer loop
      vertex 3.4 -60 22.145
      vertex 11 -60 8
      vertex 11 -60 22.735
    endloop
  endfacet
  facet normal 0 -1 0
    outer loop
      vertex -52.9114 -60 28.15
      vertex -50 -60 30.5
      vertex -51.4212 -60 30.4302
    endloop
  endfacet
  facet normal 0 -1 0
    outer loop
      vertex -52.9114 -60 28.15
      vertex -51.4212 -60 30.4302
      vertex -52.8288 -60 30.2214
    endloop
  endfacet
  facet normal 0 -1 0
    outer loop
      vertex -47.0886 -60 28.15
      vertex -50 -60 30.5
      vertex -52.9114 -60 28.15
    endloop
  endfacet
  facet normal 0 -1 0
    outer loop
      vertex -52.9114 -60 28.15
      vertex -52.8288 -60 30.2214
      vertex -54.2091 -60 29.8756
    endloop
  endfacet
  facet normal 0 -1 0
    outer loop
      vertex -50 -60 30.5
      vertex -47.0886 -60 28.15
      vertex -48.5788 -60 30.4302
    endloop
  endfacet
  facet normal 0 -1 0
    outer loop
      vertex -52.9114 -60 28.15
      vertex -54.2091 -60 29.8756
      vertex -55.5489 -60 29.3963
    endloop
  endfacet
  facet normal 0 -1 0
    outer loop
      vertex -48.5788 -60 30.4302
      vertex -47.0886 -60 28.15
      vertex -47.1712 -60 30.2214
    endloop
  endfacet
  facet normal 0 -1 0
    outer loop
      vertex -52.9114 -60 28.15
      vertex -55.5489 -60 29.3963
      vertex -56.8353 -60 28.7879
    endloop
  endfacet
  facet normal 0 -1 0
    outer loop
      vertex -47.1712 -60 30.2214
      vertex -47.0886 -60 28.15
      vertex -45.7909 -60 29.8756
    endloop
  endfacet
  facet normal 0 -1 -0
    outer loop
      vertex -45.7909 -60 29.8756
      vertex -47.0886 -60 28.15
      vertex -44.4511 -60 29.3963
    endloop
  endfacet
  facet normal 0 -1 0
    outer loop
      vertex -57.5307 -60 23.5307
      vertex -56.8353 -60 28.7879
      vertex -58.0558 -60 28.0563
    endloop
  endfacet
  facet normal 0 -1 0
    outer loop
      vertex -57.5307 -60 23.5307
      vertex -58.0558 -60 28.0563
      vertex -59.1987 -60 27.2087
    endloop
  endfacet
  facet normal 0 -1 0
    outer loop
      vertex -57.5307 -60 23.5307
      vertex -59.1987 -60 27.2087
      vertex -60.253 -60 26.253
    endloop
  endfacet
  facet normal 0 -1 0
    outer loop
      vertex -57.5307 -60 23.5307
      vertex -60.253 -60 26.253
      vertex -61.2087 -60 25.1987
    endloop
  endfacet
  facet normal 0 -1 0
    outer loop
      vertex -58.2326 -60 22.7563
      vertex -61.2087 -60 25.1987
      vertex -62.0563 -60 24.0558
    endloop
  endfacet
  facet normal 0 -1 -0
    outer loop
      vertex -56.8353 -60 28.7879
      vertex -57.5307 -60 23.5307
      vertex -52.9114 -60 28.15
    endloop
  endfacet
  facet normal 0 -1 0
    outer loop
      vertex -58.8551 -60 21.9168
      vertex -62.0563 -60 24.0558
      vertex -62.7879 -60 22.8353
    endloop
  endfacet
  facet normal 0 -1 0
    outer loop
      vertex -61.2087 -60 25.1987
      vertex -58.2326 -60 22.7563
      vertex -57.5307 -60 23.5307
    endloop
  endfacet
  facet normal 0 -1 0
    outer loop
      vertex -62.0563 -60 24.0558
      vertex -58.8551 -60 21.9168
      vertex -58.2326 -60 22.7563
    endloop
  endfacet
  facet normal 0 -1 0
    outer loop
      vertex -59.3925 -60 21.0204
      vertex -62.7879 -60 22.8353
      vertex -63.3963 -60 21.5489
    endloop
  endfacet
  facet normal 0 -1 0
    outer loop
      vertex -62.7879 -60 22.8353
      vertex -59.3925 -60 21.0204
      vertex -58.8551 -60 21.9168
    endloop
  endfacet
  facet normal 0 -1 0
    outer loop
      vertex -59.8393 -60 20.0756
      vertex -63.3963 -60 21.5489
      vertex -63.8756 -60 20.2091
    endloop
  endfacet
  facet normal 0 -1 0
    outer loop
      vertex -63.3963 -60 21.5489
      vertex -59.8393 -60 20.0756
      vertex -59.3925 -60 21.0204
    endloop
  endfacet
  facet normal 0 -1 0
    outer loop
      vertex -63.8756 -60 20.2091
      vertex -60.1914 -60 19.0915
      vertex -59.8393 -60 20.0756
    endloop
  endfacet
  facet normal 0 -1 0
    outer loop
      vertex -64.2214 -60 18.8288
      vertex -60.1914 -60 19.0915
      vertex -63.8756 -60 20.2091
    endloop
  endfacet
  facet normal 0 -1 0
    outer loop
      vertex -64.2214 -60 18.8288
      vertex -60.4454 -60 18.0777
      vertex -60.1914 -60 19.0915
    endloop
  endfacet
  facet normal 0 -1 0
    outer loop
      vertex -64.4302 -60 17.4212
      vertex -60.4454 -60 18.0777
      vertex -64.2214 -60 18.8288
    endloop
  endfacet
  facet normal 0 -1 0
    outer loop
      vertex -64.4302 -60 17.4212
      vertex -60.5987 -60 17.0439
      vertex -60.4454 -60 18.0777
    endloop
  endfacet
  facet normal 0 -1 0
    outer loop
      vertex -64.5 -60 16
      vertex -60.5987 -60 17.0439
      vertex -64.4302 -60 17.4212
    endloop
  endfacet
  facet normal 0 -1 0
    outer loop
      vertex -64.5 -60 16
      vertex -60.65 -60 16
      vertex -60.5987 -60 17.0439
    endloop
  endfacet
  facet normal 0 -1 0
    outer loop
      vertex -64.5 -60 16
      vertex -60.5987 -60 14.9561
      vertex -60.65 -60 16
    endloop
  endfacet
  facet normal 0 -1 0
    outer loop
      vertex -64.5 -60 16
      vertex -60.4454 -60 13.9223
      vertex -60.5987 -60 14.9561
    endloop
  endfacet
  facet normal 0 -1 0
    outer loop
      vertex -64.5 -60 16
      vertex -60.1914 -60 12.9085
      vertex -60.4454 -60 13.9223
    endloop
  endfacet
  facet normal 0 -1 0
    outer loop
      vertex -64.5 -60 8
      vertex -60.1914 -60 12.9085
      vertex -64.5 -60 16
    endloop
  endfacet
  facet normal 0 -1 -0
    outer loop
      vertex -60.1914 -60 12.9085
      vertex -64.5 -60 8
      vertex -59.8393 -60 11.9244
    endloop
  endfacet
  facet normal 0 -1 -0
    outer loop
      vertex -59.8393 -60 11.9244
      vertex -64.5 -60 8
      vertex -59.3925 -60 10.9796
    endloop
  endfacet
  facet normal 0 -1 -0
    outer loop
      vertex -59.3925 -60 10.9796
      vertex -64.5 -60 8
      vertex -58.8551 -60 10.0832
    endloop
  endfacet
  facet normal 0 -1 -0
    outer loop
      vertex -58.8551 -60 10.0832
      vertex -64.5 -60 8
      vertex -58.2326 -60 9.24371
    endloop
  endfacet
  facet normal 0 -1 -0
    outer loop
      vertex -58.2326 -60 9.24371
      vertex -64.5 -60 8
      vertex -57.5307 -60 8.46931
    endloop
  endfacet
  facet normal 0 -1 -0
    outer loop
      vertex -57.5307 -60 8.46931
      vertex -64.5 -60 8
      vertex -56.7563 -60 7.76744
    endloop
  endfacet
  facet normal 0 -1 -0
    outer loop
      vertex -44.4511 -60 29.3963
      vertex -47.0886 -60 28.15
      vertex -43.1647 -60 28.7879
    endloop
  endfacet
  facet normal 0 -1 0
    outer loop
      vertex -42.4693 -60 23.5307
      vertex -43.1647 -60 28.7879
      vertex -47.0886 -60 28.15
    endloop
  endfacet
  facet normal 0 -1 0
    outer loop
      vertex -43.1647 -60 28.7879
      vertex -42.4693 -60 23.5307
      vertex -41.9442 -60 28.0563
    endloop
  endfacet
  facet normal 0 -1 -0
    outer loop
      vertex -41.9442 -60 28.0563
      vertex -42.4693 -60 23.5307
      vertex -40.8013 -60 27.2087
    endloop
  endfacet
  facet normal 0 -1 -0
    outer loop
      vertex -40.8013 -60 27.2087
      vertex -42.4693 -60 23.5307
      vertex -39.747 -60 26.253
    endloop
  endfacet
  facet normal 0 -1 -0
    outer loop
      vertex -39.747 -60 26.253
      vertex -42.4693 -60 23.5307
      vertex -38.7913 -60 25.1987
    endloop
  endfacet
  facet normal 0 -1 0
    outer loop
      vertex -41.7674 -60 22.7563
      vertex -38.7913 -60 25.1987
      vertex -42.4693 -60 23.5307
    endloop
  endfacet
  facet normal 0 -1 -0
    outer loop
      vertex -38.7913 -60 25.1987
      vertex -41.7674 -60 22.7563
      vertex -37.9437 -60 24.0558
    endloop
  endfacet
  facet normal 0 -1 0
    outer loop
      vertex -41.1449 -60 21.9168
      vertex -37.9437 -60 24.0558
      vertex -41.7674 -60 22.7563
    endloop
  endfacet
  facet normal 0 -1 -0
    outer loop
      vertex -37.9437 -60 24.0558
      vertex -41.1449 -60 21.9168
      vertex -37.2121 -60 22.8353
    endloop
  endfacet
  facet normal 0 -1 0
    outer loop
      vertex -40.6075 -60 21.0204
      vertex -37.2121 -60 22.8353
      vertex -41.1449 -60 21.9168
    endloop
  endfacet
  facet normal 0 -1 -0
    outer loop
      vertex -37.2121 -60 22.8353
      vertex -40.6075 -60 21.0204
      vertex -36.6037 -60 21.5489
    endloop
  endfacet
  facet normal 0 -1 0
    outer loop
      vertex -40.1607 -60 20.0756
      vertex -36.6037 -60 21.5489
      vertex -40.6075 -60 21.0204
    endloop
  endfacet
  facet normal 0 -1 -0
    outer loop
      vertex -36.6037 -60 21.5489
      vertex -40.1607 -60 20.0756
      vertex -36.1244 -60 20.2091
    endloop
  endfacet
  facet normal 0 -1 0
    outer loop
      vertex -39.8086 -60 19.0915
      vertex -36.1244 -60 20.2091
      vertex -40.1607 -60 20.0756
    endloop
  endfacet
  facet normal 0 -1 0
    outer loop
      vertex -39.8086 -60 19.0915
      vertex -35.7786 -60 18.8288
      vertex -36.1244 -60 20.2091
    endloop
  endfacet
  facet normal 0 -1 0
    outer loop
      vertex -39.5546 -60 18.0777
      vertex -35.7786 -60 18.8288
      vertex -39.8086 -60 19.0915
    endloop
  endfacet
  facet normal 0 -1 0
    outer loop
      vertex -39.5546 -60 18.0777
      vertex -35.5698 -60 17.4212
      vertex -35.7786 -60 18.8288
    endloop
  endfacet
  facet normal 0 -1 0
    outer loop
      vertex -39.4013 -60 17.0439
      vertex -35.5698 -60 17.4212
      vertex -39.5546 -60 18.0777
    endloop
  endfacet
  facet normal 0 -1 0
    outer loop
      vertex -39.35 -60 16
      vertex -35.5698 -60 17.4212
      vertex -39.4013 -60 17.0439
    endloop
  endfacet
  facet normal 0 -1 0
    outer loop
      vertex -39.35 -60 16
      vertex -35.5 -60 16
      vertex -35.5698 -60 17.4212
    endloop
  endfacet
  facet normal 0 -1 0
    outer loop
      vertex -39.4013 -60 14.9561
      vertex -35.5 -60 16
      vertex -39.35 -60 16
    endloop
  endfacet
  facet normal 0 -1 0
    outer loop
      vertex -39.5546 -60 13.9223
      vertex -35.5 -60 16
      vertex -39.4013 -60 14.9561
    endloop
  endfacet
  facet normal 0 -1 0
    outer loop
      vertex -39.8086 -60 12.9085
      vertex -35.5 -60 16
      vertex -39.5546 -60 13.9223
    endloop
  endfacet
  facet normal 0 -1 0
    outer loop
      vertex -35.5 -60 8
      vertex -39.8086 -60 12.9085
      vertex -40.1607 -60 11.9244
    endloop
  endfacet
  facet normal 0 -1 0
    outer loop
      vertex -35.5 -60 8
      vertex -40.1607 -60 11.9244
      vertex -40.6075 -60 10.9796
    endloop
  endfacet
  facet normal 0 -1 0
    outer loop
      vertex -35.5 -60 8
      vertex -40.6075 -60 10.9796
      vertex -41.1449 -60 10.0832
    endloop
  endfacet
  facet normal 0 -1 0
    outer loop
      vertex -35.5 -60 8
      vertex -41.1449 -60 10.0832
      vertex -41.7674 -60 9.24371
    endloop
  endfacet
  facet normal 0 -1 0
    outer loop
      vertex -35.5 -60 8
      vertex -41.7674 -60 9.24371
      vertex -42.4693 -60 8.46931
    endloop
  endfacet
  facet normal 0 -1 0
    outer loop
      vertex -39.8086 -60 12.9085
      vertex -35.5 -60 8
      vertex -35.5 -60 16
    endloop
  endfacet
  facet normal 0 -1 0
    outer loop
      vertex -46.9085 -60 5.80859
      vertex -11 -60 8
      vertex -35.5 -60 8
    endloop
  endfacet
  facet normal 0 -1 0
    outer loop
      vertex -68 -60 0
      vertex -47.9223 -60 5.55464
      vertex -48.9561 -60 5.40129
    endloop
  endfacet
  facet normal 0 -1 0
    outer loop
      vertex -44.0832 -60 7.14485
      vertex -35.5 -60 8
      vertex -43.2437 -60 7.76744
    endloop
  endfacet
  facet normal 0 -1 0
    outer loop
      vertex -43.2437 -60 7.76744
      vertex -35.5 -60 8
      vertex -42.4693 -60 8.46931
    endloop
  endfacet
  facet normal 0 -1 0
    outer loop
      vertex 47.0886 -60 28.15
      vertex 50 -60 30.5
      vertex 48.5788 -60 30.4302
    endloop
  endfacet
  facet normal 0 -1 0
    outer loop
      vertex 47.0886 -60 28.15
      vertex 48.5788 -60 30.4302
      vertex 47.1712 -60 30.2214
    endloop
  endfacet
  facet normal 0 -1 0
    outer loop
      vertex 52.9114 -60 28.15
      vertex 50 -60 30.5
      vertex 47.0886 -60 28.15
    endloop
  endfacet
  facet normal 0 -1 0
    outer loop
      vertex 47.0886 -60 28.15
      vertex 47.1712 -60 30.2214
      vertex 45.7909 -60 29.8756
    endloop
  endfacet
  facet normal 0 -1 0
    outer loop
      vertex 50 -60 30.5
      vertex 52.9114 -60 28.15
      vertex 51.4212 -60 30.4302
    endloop
  endfacet
  facet normal 0 -1 0
    outer loop
      vertex 47.0886 -60 28.15
      vertex 45.7909 -60 29.8756
      vertex 44.4511 -60 29.3963
    endloop
  endfacet
  facet normal 0 -1 0
    outer loop
      vertex 51.4212 -60 30.4302
      vertex 52.9114 -60 28.15
      vertex 52.8288 -60 30.2214
    endloop
  endfacet
  facet normal 0 -1 0
    outer loop
      vertex 47.0886 -60 28.15
      vertex 44.4511 -60 29.3963
      vertex 43.1647 -60 28.7879
    endloop
  endfacet
  facet normal 0 -1 0
    outer loop
      vertex 52.8288 -60 30.2214
      vertex 52.9114 -60 28.15
      vertex 54.2091 -60 29.8756
    endloop
  endfacet
  facet normal 0 -1 -0
    outer loop
      vertex 54.2091 -60 29.8756
      vertex 52.9114 -60 28.15
      vertex 55.5489 -60 29.3963
    endloop
  endfacet
  facet normal 0 -1 0
    outer loop
      vertex 42.4693 -60 23.5307
      vertex 43.1647 -60 28.7879
      vertex 41.9442 -60 28.0563
    endloop
  endfacet
  facet normal 0 -1 0
    outer loop
      vertex 42.4693 -60 23.5307
      vertex 41.9442 -60 28.0563
      vertex 40.8013 -60 27.2087
    endloop
  endfacet
  facet normal 0 -1 0
    outer loop
      vertex 42.4693 -60 23.5307
      vertex 40.8013 -60 27.2087
      vertex 39.747 -60 26.253
    endloop
  endfacet
  facet normal 0 -1 0
    outer loop
      vertex 42.4693 -60 23.5307
      vertex 39.747 -60 26.253
      vertex 38.7913 -60 25.1987
    endloop
  endfacet
  facet normal 0 -1 0
    outer loop
      vertex 41.7674 -60 22.7563
      vertex 38.7913 -60 25.1987
      vertex 37.9437 -60 24.0558
    endloop
  endfacet
  facet normal 0 -1 -0
    outer loop
      vertex 43.1647 -60 28.7879
      vertex 42.4693 -60 23.5307
      vertex 47.0886 -60 28.15
    endloop
  endfacet
  facet normal 0 -1 0
    outer loop
      vertex 41.1449 -60 21.9168
      vertex 37.9437 -60 24.0558
      vertex 37.2121 -60 22.8353
    endloop
  endfacet
  facet normal 0 -1 0
    outer loop
      vertex 38.7913 -60 25.1987
      vertex 41.7674 -60 22.7563
      vertex 42.4693 -60 23.5307
    endloop
  endfacet
  facet normal 0 -1 0
    outer loop
      vertex 37.9437 -60 24.0558
      vertex 41.1449 -60 21.9168
      vertex 41.7674 -60 22.7563
    endloop
  endfacet
  facet normal 0 -1 0
    outer loop
      vertex 40.6075 -60 21.0204
      vertex 37.2121 -60 22.8353
      vertex 36.6037 -60 21.5489
    endloop
  endfacet
  facet normal 0 -1 0
    outer loop
      vertex 37.2121 -60 22.8353
      vertex 40.6075 -60 21.0204
      vertex 41.1449 -60 21.9168
    endloop
  endfacet
  facet normal 0 -1 0
    outer loop
      vertex 40.1607 -60 20.0756
      vertex 36.6037 -60 21.5489
      vertex 36.1244 -60 20.2091
    endloop
  endfacet
  facet normal 0 -1 0
    outer loop
      vertex 36.6037 -60 21.5489
      vertex 40.1607 -60 20.0756
      vertex 40.6075 -60 21.0204
    endloop
  endfacet
  facet normal 0 -1 0
    outer loop
      vertex 36.1244 -60 20.2091
      vertex 39.8086 -60 19.0915
      vertex 40.1607 -60 20.0756
    endloop
  endfacet
  facet normal 0 -1 0
    outer loop
      vertex 35.7786 -60 18.8288
      vertex 39.8086 -60 19.0915
      vertex 36.1244 -60 20.2091
    endloop
  endfacet
  facet normal 0 -1 0
    outer loop
      vertex 35.7786 -60 18.8288
      vertex 39.5546 -60 18.0777
      vertex 39.8086 -60 19.0915
    endloop
  endfacet
  facet normal 0 -1 0
    outer loop
      vertex 35.5698 -60 17.4212
      vertex 39.5546 -60 18.0777
      vertex 35.7786 -60 18.8288
    endloop
  endfacet
  facet normal 0 -1 0
    outer loop
      vertex 35.5698 -60 17.4212
      vertex 39.4013 -60 17.0439
      vertex 39.5546 -60 18.0777
    endloop
  endfacet
  facet normal 0 -1 0
    outer loop
      vertex 35.5 -60 16
      vertex 39.4013 -60 17.0439
      vertex 35.5698 -60 17.4212
    endloop
  endfacet
  facet normal 0 -1 0
    outer loop
      vertex 35.5 -60 16
      vertex 39.35 -60 16
      vertex 39.4013 -60 17.0439
    endloop
  endfacet
  facet normal 0 -1 0
    outer loop
      vertex 35.5 -60 16
      vertex 39.4013 -60 14.9561
      vertex 39.35 -60 16
    endloop
  endfacet
  facet normal 0 -1 0
    outer loop
      vertex 35.5 -60 16
      vertex 39.5546 -60 13.9223
      vertex 39.4013 -60 14.9561
    endloop
  endfacet
  facet normal 0 -1 0
    outer loop
      vertex 35.5 -60 16
      vertex 39.8086 -60 12.9085
      vertex 39.5546 -60 13.9223
    endloop
  endfacet
  facet normal 0 -1 0
    outer loop
      vertex 35.5 -60 8
      vertex 39.8086 -60 12.9085
      vertex 35.5 -60 16
    endloop
  endfacet
  facet normal 0 -1 -0
    outer loop
      vertex 39.8086 -60 12.9085
      vertex 35.5 -60 8
      vertex 40.1607 -60 11.9244
    endloop
  endfacet
  facet normal 0 -1 -0
    outer loop
      vertex 40.1607 -60 11.9244
      vertex 35.5 -60 8
      vertex 40.6075 -60 10.9796
    endloop
  endfacet
  facet normal 0 -1 -0
    outer loop
      vertex 40.6075 -60 10.9796
      vertex 35.5 -60 8
      vertex 41.1449 -60 10.0832
    endloop
  endfacet
  facet normal 0 -1 -0
    outer loop
      vertex 41.1449 -60 10.0832
      vertex 35.5 -60 8
      vertex 41.7674 -60 9.24371
    endloop
  endfacet
  facet normal 0 -1 -0
    outer loop
      vertex 41.7674 -60 9.24371
      vertex 35.5 -60 8
      vertex 42.4693 -60 8.46931
    endloop
  endfacet
  facet normal 0 -1 0
    outer loop
      vertex 35.5 -60 8
      vertex 43.2437 -60 7.76744
      vertex 42.4693 -60 8.46931
    endloop
  endfacet
  facet normal 0 -1 0
    outer loop
      vertex -44.9796 -60 6.60754
      vertex -35.5 -60 8
      vertex -44.0832 -60 7.14485
    endloop
  endfacet
  facet normal 0 -1 0
    outer loop
      vertex -45.9244 -60 6.16069
      vertex -35.5 -60 8
      vertex -44.9796 -60 6.60754
    endloop
  endfacet
  facet normal 0 -1 0
    outer loop
      vertex 35.5 -60 8
      vertex 44.0832 -60 7.14485
      vertex 43.2437 -60 7.76744
    endloop
  endfacet
  facet normal 0 -1 0
    outer loop
      vertex -46.9085 -60 5.80859
      vertex -35.5 -60 8
      vertex -45.9244 -60 6.16069
    endloop
  endfacet
  facet normal 0 -1 0
    outer loop
      vertex 35.5 -60 8
      vertex 44.9796 -60 6.60754
      vertex 44.0832 -60 7.14485
    endloop
  endfacet
  facet normal 0 -1 0
    outer loop
      vertex -11 -60 8
      vertex -46.9085 -60 5.80859
      vertex -47.9223 -60 5.55464
    endloop
  endfacet
  facet normal 0 -1 0
    outer loop
      vertex 35.5 -60 8
      vertex 45.9244 -60 6.16069
      vertex 44.9796 -60 6.60754
    endloop
  endfacet
  facet normal 0 -1 -0
    outer loop
      vertex -47.9223 -60 5.55464
      vertex -68 -60 0
      vertex -11 -60 8
    endloop
  endfacet
  facet normal 0 -1 0
    outer loop
      vertex 35.5 -60 8
      vertex 46.9085 -60 5.80859
      vertex 45.9244 -60 6.16069
    endloop
  endfacet
  facet normal -0 -1 -0
    outer loop
      vertex 46.9085 -60 5.80859
      vertex 11 -60 8
      vertex 47.9223 -60 5.55464
    endloop
  endfacet
  facet normal 0 -1 0
    outer loop
      vertex 11 -60 8
      vertex 46.9085 -60 5.80859
      vertex 35.5 -60 8
    endloop
  endfacet
  facet normal 0 -1 -0
    outer loop
      vertex -11 -60 8
      vertex -68 -60 0
      vertex 11 -60 8
    endloop
  endfacet
  facet normal 0 -1 0
    outer loop
      vertex 68 -60 0
      vertex 47.9223 -60 5.55464
      vertex 11 -60 8
    endloop
  endfacet
  facet normal 0 -1 0
    outer loop
      vertex -68 -60 0
      vertex -48.9561 -60 5.40129
      vertex -50 -60 5.35001
    endloop
  endfacet
  facet normal 0 -1 0
    outer loop
      vertex 68 -60 0
      vertex 11 -60 8
      vertex -68 -60 0
    endloop
  endfacet
  facet normal 0 -1 -0
    outer loop
      vertex 55.5489 -60 29.3963
      vertex 52.9114 -60 28.15
      vertex 56.8353 -60 28.7879
    endloop
  endfacet
  facet normal 0 -1 0
    outer loop
      vertex 57.5307 -60 23.5307
      vertex 56.8353 -60 28.7879
      vertex 52.9114 -60 28.15
    endloop
  endfacet
  facet normal 0 -1 0
    outer loop
      vertex 56.8353 -60 28.7879
      vertex 57.5307 -60 23.5307
      vertex 58.0558 -60 28.0563
    endloop
  endfacet
  facet normal 0 -1 -0
    outer loop
      vertex 58.0558 -60 28.0563
      vertex 57.5307 -60 23.5307
      vertex 59.1987 -60 27.2087
    endloop
  endfacet
  facet normal 0 -1 -0
    outer loop
      vertex 59.1987 -60 27.2087
      vertex 57.5307 -60 23.5307
      vertex 60.253 -60 26.253
    endloop
  endfacet
  facet normal 0 -1 -0
    outer loop
      vertex 60.253 -60 26.253
      vertex 57.5307 -60 23.5307
      vertex 61.2087 -60 25.1987
    endloop
  endfacet
  facet normal 0 -1 0
    outer loop
      vertex 58.2326 -60 22.7563
      vertex 61.2087 -60 25.1987
      vertex 57.5307 -60 23.5307
    endloop
  endfacet
  facet normal 0 -1 -0
    outer loop
      vertex 61.2087 -60 25.1987
      vertex 58.2326 -60 22.7563
      vertex 62.0563 -60 24.0558
    endloop
  endfacet
  facet normal 0 -1 0
    outer loop
      vertex 58.8551 -60 21.9168
      vertex 62.0563 -60 24.0558
      vertex 58.2326 -60 22.7563
    endloop
  endfacet
  facet normal 0 -1 -0
    outer loop
      vertex 62.0563 -60 24.0558
      vertex 58.8551 -60 21.9168
      vertex 62.7879 -60 22.8353
    endloop
  endfacet
  facet normal 0 -1 0
    outer loop
      vertex 59.3925 -60 21.0204
      vertex 62.7879 -60 22.8353
      vertex 58.8551 -60 21.9168
    endloop
  endfacet
  facet normal 0 -1 -0
    outer loop
      vertex 62.7879 -60 22.8353
      vertex 59.3925 -60 21.0204
      vertex 63.3963 -60 21.5489
    endloop
  endfacet
  facet normal 0 -1 0
    outer loop
      vertex 59.8393 -60 20.0756
      vertex 63.3963 -60 21.5489
      vertex 59.3925 -60 21.0204
    endloop
  endfacet
  facet normal 0 -1 -0
    outer loop
      vertex 63.3963 -60 21.5489
      vertex 59.8393 -60 20.0756
      vertex 63.8756 -60 20.2091
    endloop
  endfacet
  facet normal 0 -1 0
    outer loop
      vertex 60.1914 -60 19.0915
      vertex 63.8756 -60 20.2091
      vertex 59.8393 -60 20.0756
    endloop
  endfacet
  facet normal 0 -1 0
    outer loop
      vertex 60.1914 -60 19.0915
      vertex 64.2214 -60 18.8288
      vertex 63.8756 -60 20.2091
    endloop
  endfacet
  facet normal 0 -1 0
    outer loop
      vertex 60.4454 -60 18.0777
      vertex 64.2214 -60 18.8288
      vertex 60.1914 -60 19.0915
    endloop
  endfacet
  facet normal 0 -1 0
    outer loop
      vertex 60.4454 -60 18.0777
      vertex 64.4302 -60 17.4212
      vertex 64.2214 -60 18.8288
    endloop
  endfacet
  facet normal 0 -1 0
    outer loop
      vertex 60.5987 -60 17.0439
      vertex 64.4302 -60 17.4212
      vertex 60.4454 -60 18.0777
    endloop
  endfacet
  facet normal 0 -1 0
    outer loop
      vertex 60.65 -60 16
      vertex 64.4302 -60 17.4212
      vertex 60.5987 -60 17.0439
    endloop
  endfacet
  facet normal 0 -1 0
    outer loop
      vertex 60.65 -60 16
      vertex 64.5 -60 16
      vertex 64.4302 -60 17.4212
    endloop
  endfacet
  facet normal 0 -1 0
    outer loop
      vertex 60.5987 -60 14.9561
      vertex 64.5 -60 16
      vertex 60.65 -60 16
    endloop
  endfacet
  facet normal 0 -1 0
    outer loop
      vertex 60.4454 -60 13.9223
      vertex 64.5 -60 16
      vertex 60.5987 -60 14.9561
    endloop
  endfacet
  facet normal 0 -1 0
    outer loop
      vertex 60.1914 -60 12.9085
      vertex 64.5 -60 16
      vertex 60.4454 -60 13.9223
    endloop
  endfacet
  facet normal 0 -1 0
    outer loop
      vertex 64.5 -60 8
      vertex 60.1914 -60 12.9085
      vertex 59.8393 -60 11.9244
    endloop
  endfacet
  facet normal 0 -1 0
    outer loop
      vertex 64.5 -60 8
      vertex 59.8393 -60 11.9244
      vertex 59.3925 -60 10.9796
    endloop
  endfacet
  facet normal 0 -1 0
    outer loop
      vertex 64.5 -60 8
      vertex 59.3925 -60 10.9796
      vertex 58.8551 -60 10.0832
    endloop
  endfacet
  facet normal 0 -1 0
    outer loop
      vertex 64.5 -60 8
      vertex 58.8551 -60 10.0832
      vertex 58.2326 -60 9.24371
    endloop
  endfacet
  facet normal 0 -1 0
    outer loop
      vertex 64.5 -60 8
      vertex 58.2326 -60 9.24371
      vertex 57.5307 -60 8.46931
    endloop
  endfacet
  facet normal 0 -1 0
    outer loop
      vertex 60.1914 -60 12.9085
      vertex 64.5 -60 8
      vertex 64.5 -60 16
    endloop
  endfacet
  facet normal 0 -1 0
    outer loop
      vertex 56.7563 -60 7.76744
      vertex 64.5 -60 8
      vertex 57.5307 -60 8.46931
    endloop
  endfacet
  facet normal 0 -1 0
    outer loop
      vertex 68 -60 0
      vertex 64.5 -60 8
      vertex 56.7563 -60 7.76744
    endloop
  endfacet
  facet normal 0 -1 0
    outer loop
      vertex 68 -60 0
      vertex 56.7563 -60 7.76744
      vertex 55.9168 -60 7.14485
    endloop
  endfacet
  facet normal 0 -1 0
    outer loop
      vertex 68 -60 0
      vertex 55.9168 -60 7.14485
      vertex 55.0204 -60 6.60754
    endloop
  endfacet
  facet normal 0 -1 0
    outer loop
      vertex 68 -60 0
      vertex 55.0204 -60 6.60754
      vertex 54.0756 -60 6.16069
    endloop
  endfacet
  facet normal 0 -1 0
    outer loop
      vertex 68 -60 0
      vertex 54.0756 -60 6.16069
      vertex 53.0915 -60 5.80859
    endloop
  endfacet
  facet normal 0 -1 0
    outer loop
      vertex 68 -60 0
      vertex 53.0915 -60 5.80859
      vertex 52.0777 -60 5.55464
    endloop
  endfacet
  facet normal 0 -1 0
    outer loop
      vertex 64.5 -60 8
      vertex 68 -60 0
      vertex 68 -60 8
    endloop
  endfacet
  facet normal 0 -1 0
    outer loop
      vertex 51.0439 -60 5.40129
      vertex 68 -60 0
      vertex 52.0777 -60 5.55464
    endloop
  endfacet
  facet normal 0 -1 0
    outer loop
      vertex 50 -60 5.35001
      vertex 68 -60 0
      vertex 51.0439 -60 5.40129
    endloop
  endfacet
  facet normal 0 -1 0
    outer loop
      vertex 48.9561 -60 5.40129
      vertex 68 -60 0
      vertex 50 -60 5.35001
    endloop
  endfacet
  facet normal 0.857724 -0 0.514111
    outer loop
      vertex -37.9437 -60 24.0558
      vertex -37.2761 -7.61272 22.942
      vertex -37.9437 -6.71261 24.0558
    endloop
  endfacet
  facet normal 0.857566 7.60688e-06 0.514374
    outer loop
      vertex -37.9437 -60 24.0558
      vertex -37.2121 -7.68331 22.8353
      vertex -37.2761 -7.61272 22.942
    endloop
  endfacet
  facet normal 0.85771 0 0.514134
    outer loop
      vertex -37.2121 -7.68331 22.8353
      vertex -37.9437 -60 24.0558
      vertex -37.2121 -60 22.8353
    endloop
  endfacet
  facet normal 0.85771 0 0.514134
    outer loop
      vertex -37.9437 60 24.0558
      vertex -37.2121 7.68331 22.8353
      vertex -37.2121 60 22.8353
    endloop
  endfacet
  facet normal 0.857566 -7.60688e-06 0.514374
    outer loop
      vertex -37.9437 60 24.0558
      vertex -37.2761 7.61272 22.942
      vertex -37.2121 7.68331 22.8353
    endloop
  endfacet
  facet normal 0.857724 0 0.514111
    outer loop
      vertex -37.2761 7.61272 22.942
      vertex -37.9437 60 24.0558
      vertex -37.9437 6.71261 24.0558
    endloop
  endfacet
  facet normal -0.740903 0 0.671612
    outer loop
      vertex -61.2087 -60 25.1987
      vertex -60.253 60 26.253
      vertex -61.2087 60 25.1987
    endloop
  endfacet
  facet normal -0.740903 0 0.671612
    outer loop
      vertex -60.253 60 26.253
      vertex -61.2087 -60 25.1987
      vertex -60.253 -60 26.253
    endloop
  endfacet
  facet normal -0.514134 0 0.85771
    outer loop
      vertex -58.0558 60 28.0563
      vertex -56.8353 -60 28.7879
      vertex -56.8353 60 28.7879
    endloop
  endfacet
  facet normal -0.514134 0 0.85771
    outer loop
      vertex -56.8353 -60 28.7879
      vertex -58.0558 60 28.0563
      vertex -58.0558 -60 28.0563
    endloop
  endfacet
  facet normal -0.427543 0 0.903995
    outer loop
      vertex -56.8353 60 28.7879
      vertex -55.5489 -60 29.3963
      vertex -55.5489 60 29.3963
    endloop
  endfacet
  facet normal -0.427543 0 0.903995
    outer loop
      vertex -55.5489 -60 29.3963
      vertex -56.8353 60 28.7879
      vertex -56.8353 -60 28.7879
    endloop
  endfacet
  facet normal -0.146732 0 0.989176
    outer loop
      vertex -52.8288 60 30.2214
      vertex -51.4212 -60 30.4302
      vertex -51.4212 60 30.4302
    endloop
  endfacet
  facet normal -0.146732 0 0.989176
    outer loop
      vertex -51.4212 -60 30.4302
      vertex -52.8288 60 30.2214
      vertex -52.8288 -60 30.2214
    endloop
  endfacet
  facet normal 0.0490543 0 0.998796
    outer loop
      vertex -50 60 30.5
      vertex -48.5788 -60 30.4302
      vertex -48.5788 60 30.4302
    endloop
  endfacet
  facet normal 0.0490543 0 0.998796
    outer loop
      vertex -48.5788 -60 30.4302
      vertex -50 60 30.5
      vertex -50 -60 30.5
    endloop
  endfacet
  facet normal -0.0490543 0 0.998796
    outer loop
      vertex -51.4212 60 30.4302
      vertex -50 -60 30.5
      vertex -50 60 30.5
    endloop
  endfacet
  facet normal -0.0490543 0 0.998796
    outer loop
      vertex -50 -60 30.5
      vertex -51.4212 60 30.4302
      vertex -51.4212 -60 30.4302
    endloop
  endfacet
  facet normal 0.146732 0 0.989176
    outer loop
      vertex -48.5788 60 30.4302
      vertex -47.1712 -60 30.2214
      vertex -47.1712 60 30.2214
    endloop
  endfacet
  facet normal 0.146732 0 0.989176
    outer loop
      vertex -47.1712 -60 30.2214
      vertex -48.5788 60 30.4302
      vertex -48.5788 -60 30.4302
    endloop
  endfacet
  facet normal 0.740896 -0 0.67162
    outer loop
      vertex -39.747 -60 26.253
      vertex -39.4833 -3.48342 25.9621
      vertex -39.747 -2.43079 26.253
    endloop
  endfacet
  facet normal 0.740957 -6.34519e-07 0.671552
    outer loop
      vertex -39.747 -60 26.253
      vertex -39.0866 -4.5922 25.5244
      vertex -39.4833 -3.48342 25.9621
    endloop
  endfacet
  facet normal 0.740837 2.53472e-06 0.671685
    outer loop
      vertex -39.747 -60 26.253
      vertex -38.7913 -5.21636 25.1987
      vertex -39.0866 -4.5922 25.5244
    endloop
  endfacet
  facet normal 0.740903 0 0.671612
    outer loop
      vertex -38.7913 -5.21636 25.1987
      vertex -39.747 -60 26.253
      vertex -38.7913 -60 25.1987
    endloop
  endfacet
  facet normal 0.740903 0 0.671612
    outer loop
      vertex -39.747 60 26.253
      vertex -38.7913 5.21636 25.1987
      vertex -38.7913 60 25.1987
    endloop
  endfacet
  facet normal 0.740837 -2.53472e-06 0.671685
    outer loop
      vertex -39.747 60 26.253
      vertex -39.0866 4.5922 25.5244
      vertex -38.7913 5.21636 25.1987
    endloop
  endfacet
  facet normal 0.740957 6.34519e-07 0.671552
    outer loop
      vertex -39.747 60 26.253
      vertex -39.4833 3.48342 25.9621
      vertex -39.0866 4.5922 25.5244
    endloop
  endfacet
  facet normal 0.740896 0 0.67162
    outer loop
      vertex -39.4833 3.48342 25.9621
      vertex -39.747 60 26.253
      vertex -39.747 2.43079 26.253
    endloop
  endfacet
  facet normal 0 1 -0
    outer loop
      vertex 68 60 0
      vertex 64.5 60 8
      vertex 68 60 8
    endloop
  endfacet
  facet normal 0 1 0
    outer loop
      vertex 64.5 60 8
      vertex 68 60 0
      vertex 56.7563 60 7.76744
    endloop
  endfacet
  facet normal 0 1 0
    outer loop
      vertex 56.7563 60 7.76744
      vertex 68 60 0
      vertex 55.9168 60 7.14485
    endloop
  endfacet
  facet normal 0 1 0
    outer loop
      vertex 55.9168 60 7.14485
      vertex 68 60 0
      vertex 55.0204 60 6.60754
    endloop
  endfacet
  facet normal 0 1 0
    outer loop
      vertex 55.0204 60 6.60754
      vertex 68 60 0
      vertex 54.0756 60 6.16069
    endloop
  endfacet
  facet normal 0 1 0
    outer loop
      vertex 54.0756 60 6.16069
      vertex 68 60 0
      vertex 53.0915 60 5.80859
    endloop
  endfacet
  facet normal 0 1 0
    outer loop
      vertex -47.9223 60 5.55464
      vertex -68 60 0
      vertex -48.9561 60 5.40129
    endloop
  endfacet
  facet normal 0 1 0
    outer loop
      vertex 51.0439 60 5.40129
      vertex 68 60 0
      vertex 50 60 5.35001
    endloop
  endfacet
  facet normal 0 1 0
    outer loop
      vertex 52.0777 60 5.55464
      vertex 68 60 0
      vertex 51.0439 60 5.40129
    endloop
  endfacet
  facet normal 0 1 0
    outer loop
      vertex 53.0915 60 5.80859
      vertex 68 60 0
      vertex 52.0777 60 5.55464
    endloop
  endfacet
  facet normal 0 1 0
    outer loop
      vertex 52.9114 60 28.15
      vertex 50 60 30.5
      vertex 51.4212 60 30.4302
    endloop
  endfacet
  facet normal 0 1 0
    outer loop
      vertex 52.9114 60 28.15
      vertex 51.4212 60 30.4302
      vertex 52.8288 60 30.2214
    endloop
  endfacet
  facet normal 0 1 0
    outer loop
      vertex 47.0886 60 28.15
      vertex 50 60 30.5
      vertex 52.9114 60 28.15
    endloop
  endfacet
  facet normal 0 1 -0
    outer loop
      vertex 52.9114 60 28.15
      vertex 52.8288 60 30.2214
      vertex 54.2091 60 29.8756
    endloop
  endfacet
  facet normal 0 1 0
    outer loop
      vertex 50 60 30.5
      vertex 47.0886 60 28.15
      vertex 48.5788 60 30.4302
    endloop
  endfacet
  facet normal 0 1 0
    outer loop
      vertex 52.9114 60 28.15
      vertex 54.2091 60 29.8756
      vertex 55.5489 60 29.3963
    endloop
  endfacet
  facet normal 0 1 0
    outer loop
      vertex 48.5788 60 30.4302
      vertex 47.0886 60 28.15
      vertex 47.1712 60 30.2214
    endloop
  endfacet
  facet normal 0 1 0
    outer loop
      vertex 52.9114 60 28.15
      vertex 55.5489 60 29.3963
      vertex 56.8353 60 28.7879
    endloop
  endfacet
  facet normal 0 1 0
    outer loop
      vertex 47.1712 60 30.2214
      vertex 47.0886 60 28.15
      vertex 45.7909 60 29.8756
    endloop
  endfacet
  facet normal 0 1 0
    outer loop
      vertex 45.7909 60 29.8756
      vertex 47.0886 60 28.15
      vertex 44.4511 60 29.3963
    endloop
  endfacet
  facet normal 0 1 -0
    outer loop
      vertex 57.5307 60 23.5307
      vertex 56.8353 60 28.7879
      vertex 58.0558 60 28.0563
    endloop
  endfacet
  facet normal 0 1 0
    outer loop
      vertex 57.5307 60 23.5307
      vertex 58.0558 60 28.0563
      vertex 59.1987 60 27.2087
    endloop
  endfacet
  facet normal 0 1 0
    outer loop
      vertex 57.5307 60 23.5307
      vertex 59.1987 60 27.2087
      vertex 60.253 60 26.253
    endloop
  endfacet
  facet normal 0 1 0
    outer loop
      vertex 57.5307 60 23.5307
      vertex 60.253 60 26.253
      vertex 61.2087 60 25.1987
    endloop
  endfacet
  facet normal 0 1 0
    outer loop
      vertex 58.2326 60 22.7563
      vertex 61.2087 60 25.1987
      vertex 62.0563 60 24.0558
    endloop
  endfacet
  facet normal 0 1 0
    outer loop
      vertex 56.8353 60 28.7879
      vertex 57.5307 60 23.5307
      vertex 52.9114 60 28.15
    endloop
  endfacet
  facet normal 0 1 0
    outer loop
      vertex 58.8551 60 21.9168
      vertex 62.0563 60 24.0558
      vertex 62.7879 60 22.8353
    endloop
  endfacet
  facet normal 0 1 0
    outer loop
      vertex 61.2087 60 25.1987
      vertex 58.2326 60 22.7563
      vertex 57.5307 60 23.5307
    endloop
  endfacet
  facet normal 0 1 0
    outer loop
      vertex 62.0563 60 24.0558
      vertex 58.8551 60 21.9168
      vertex 58.2326 60 22.7563
    endloop
  endfacet
  facet normal 0 1 0
    outer loop
      vertex 59.3925 60 21.0204
      vertex 62.7879 60 22.8353
      vertex 63.3963 60 21.5489
    endloop
  endfacet
  facet normal 0 1 0
    outer loop
      vertex 62.7879 60 22.8353
      vertex 59.3925 60 21.0204
      vertex 58.8551 60 21.9168
    endloop
  endfacet
  facet normal 0 1 0
    outer loop
      vertex 59.8393 60 20.0756
      vertex 63.3963 60 21.5489
      vertex 63.8756 60 20.2091
    endloop
  endfacet
  facet normal 0 1 0
    outer loop
      vertex 63.3963 60 21.5489
      vertex 59.8393 60 20.0756
      vertex 59.3925 60 21.0204
    endloop
  endfacet
  facet normal 0 1 0
    outer loop
      vertex 63.8756 60 20.2091
      vertex 60.1914 60 19.0915
      vertex 59.8393 60 20.0756
    endloop
  endfacet
  facet normal 0 1 0
    outer loop
      vertex 64.2214 60 18.8288
      vertex 60.1914 60 19.0915
      vertex 63.8756 60 20.2091
    endloop
  endfacet
  facet normal 0 1 0
    outer loop
      vertex 64.2214 60 18.8288
      vertex 60.4454 60 18.0777
      vertex 60.1914 60 19.0915
    endloop
  endfacet
  facet normal 0 1 0
    outer loop
      vertex 64.4302 60 17.4212
      vertex 60.4454 60 18.0777
      vertex 64.2214 60 18.8288
    endloop
  endfacet
  facet normal 0 1 0
    outer loop
      vertex 64.4302 60 17.4212
      vertex 60.5987 60 17.0439
      vertex 60.4454 60 18.0777
    endloop
  endfacet
  facet normal 0 1 0
    outer loop
      vertex 64.5 60 16
      vertex 60.5987 60 17.0439
      vertex 64.4302 60 17.4212
    endloop
  endfacet
  facet normal 0 1 0
    outer loop
      vertex 64.5 60 16
      vertex 60.65 60 16
      vertex 60.5987 60 17.0439
    endloop
  endfacet
  facet normal 0 1 0
    outer loop
      vertex 64.5 60 16
      vertex 60.5987 60 14.9561
      vertex 60.65 60 16
    endloop
  endfacet
  facet normal 0 1 0
    outer loop
      vertex 64.5 60 16
      vertex 60.4454 60 13.9223
      vertex 60.5987 60 14.9561
    endloop
  endfacet
  facet normal 0 1 0
    outer loop
      vertex 64.5 60 16
      vertex 60.1914 60 12.9085
      vertex 60.4454 60 13.9223
    endloop
  endfacet
  facet normal 0 1 -0
    outer loop
      vertex 64.5 60 8
      vertex 60.1914 60 12.9085
      vertex 64.5 60 16
    endloop
  endfacet
  facet normal 0 1 0
    outer loop
      vertex 60.1914 60 12.9085
      vertex 64.5 60 8
      vertex 59.8393 60 11.9244
    endloop
  endfacet
  facet normal 0 1 0
    outer loop
      vertex 59.8393 60 11.9244
      vertex 64.5 60 8
      vertex 59.3925 60 10.9796
    endloop
  endfacet
  facet normal 0 1 0
    outer loop
      vertex 59.3925 60 10.9796
      vertex 64.5 60 8
      vertex 58.8551 60 10.0832
    endloop
  endfacet
  facet normal 0 1 0
    outer loop
      vertex 58.8551 60 10.0832
      vertex 64.5 60 8
      vertex 58.2326 60 9.24371
    endloop
  endfacet
  facet normal 0 1 0
    outer loop
      vertex 58.2326 60 9.24371
      vertex 64.5 60 8
      vertex 57.5307 60 8.46931
    endloop
  endfacet
  facet normal 0 1 0
    outer loop
      vertex 57.5307 60 8.46931
      vertex 64.5 60 8
      vertex 56.7563 60 7.76744
    endloop
  endfacet
  facet normal 0 1 0
    outer loop
      vertex 44.4511 60 29.3963
      vertex 47.0886 60 28.15
      vertex 43.1647 60 28.7879
    endloop
  endfacet
  facet normal 0 1 0
    outer loop
      vertex 42.4693 60 23.5307
      vertex 43.1647 60 28.7879
      vertex 47.0886 60 28.15
    endloop
  endfacet
  facet normal 0 1 0
    outer loop
      vertex 43.1647 60 28.7879
      vertex 42.4693 60 23.5307
      vertex 41.9442 60 28.0563
    endloop
  endfacet
  facet normal 0 1 0
    outer loop
      vertex 41.9442 60 28.0563
      vertex 42.4693 60 23.5307
      vertex 40.8013 60 27.2087
    endloop
  endfacet
  facet normal 0 1 0
    outer loop
      vertex 40.8013 60 27.2087
      vertex 42.4693 60 23.5307
      vertex 39.747 60 26.253
    endloop
  endfacet
  facet normal 0 1 0
    outer loop
      vertex 39.747 60 26.253
      vertex 42.4693 60 23.5307
      vertex 38.7913 60 25.1987
    endloop
  endfacet
  facet normal 0 1 -0
    outer loop
      vertex 41.7674 60 22.7563
      vertex 38.7913 60 25.1987
      vertex 42.4693 60 23.5307
    endloop
  endfacet
  facet normal 0 1 0
    outer loop
      vertex 38.7913 60 25.1987
      vertex 41.7674 60 22.7563
      vertex 37.9437 60 24.0558
    endloop
  endfacet
  facet normal 0 1 -0
    outer loop
      vertex 41.1449 60 21.9168
      vertex 37.9437 60 24.0558
      vertex 41.7674 60 22.7563
    endloop
  endfacet
  facet normal 0 1 0
    outer loop
      vertex 37.9437 60 24.0558
      vertex 41.1449 60 21.9168
      vertex 37.2121 60 22.8353
    endloop
  endfacet
  facet normal 0 1 -0
    outer loop
      vertex 40.6075 60 21.0204
      vertex 37.2121 60 22.8353
      vertex 41.1449 60 21.9168
    endloop
  endfacet
  facet normal 0 1 0
    outer loop
      vertex 37.2121 60 22.8353
      vertex 40.6075 60 21.0204
      vertex 36.6037 60 21.5489
    endloop
  endfacet
  facet normal 0 1 -0
    outer loop
      vertex 40.1607 60 20.0756
      vertex 36.6037 60 21.5489
      vertex 40.6075 60 21.0204
    endloop
  endfacet
  facet normal 0 1 0
    outer loop
      vertex 36.6037 60 21.5489
      vertex 40.1607 60 20.0756
      vertex 36.1244 60 20.2091
    endloop
  endfacet
  facet normal 0 1 -0
    outer loop
      vertex 39.8086 60 19.0915
      vertex 36.1244 60 20.2091
      vertex 40.1607 60 20.0756
    endloop
  endfacet
  facet normal 0 1 0
    outer loop
      vertex 39.8086 60 19.0915
      vertex 35.7786 60 18.8288
      vertex 36.1244 60 20.2091
    endloop
  endfacet
  facet normal 0 1 -0
    outer loop
      vertex 39.5546 60 18.0777
      vertex 35.7786 60 18.8288
      vertex 39.8086 60 19.0915
    endloop
  endfacet
  facet normal 0 1 0
    outer loop
      vertex 39.5546 60 18.0777
      vertex 35.5698 60 17.4212
      vertex 35.7786 60 18.8288
    endloop
  endfacet
  facet normal 0 1 -0
    outer loop
      vertex 39.4013 60 17.0439
      vertex 35.5698 60 17.4212
      vertex 39.5546 60 18.0777
    endloop
  endfacet
  facet normal 0 1 -0
    outer loop
      vertex 39.35 60 16
      vertex 35.5698 60 17.4212
      vertex 39.4013 60 17.0439
    endloop
  endfacet
  facet normal 0 1 0
    outer loop
      vertex 39.35 60 16
      vertex 35.5 60 16
      vertex 35.5698 60 17.4212
    endloop
  endfacet
  facet normal 0 1 0
    outer loop
      vertex 39.4013 60 14.9561
      vertex 35.5 60 16
      vertex 39.35 60 16
    endloop
  endfacet
  facet normal 0 1 0
    outer loop
      vertex 39.5546 60 13.9223
      vertex 35.5 60 16
      vertex 39.4013 60 14.9561
    endloop
  endfacet
  facet normal 0 1 0
    outer loop
      vertex 39.8086 60 12.9085
      vertex 35.5 60 16
      vertex 39.5546 60 13.9223
    endloop
  endfacet
  facet normal 0 1 0
    outer loop
      vertex 35.5 60 8
      vertex 39.8086 60 12.9085
      vertex 40.1607 60 11.9244
    endloop
  endfacet
  facet normal 0 1 0
    outer loop
      vertex 35.5 60 8
      vertex 40.1607 60 11.9244
      vertex 40.6075 60 10.9796
    endloop
  endfacet
  facet normal 0 1 0
    outer loop
      vertex 35.5 60 8
      vertex 40.6075 60 10.9796
      vertex 41.1449 60 10.0832
    endloop
  endfacet
  facet normal 0 1 0
    outer loop
      vertex 35.5 60 8
      vertex 41.1449 60 10.0832
      vertex 41.7674 60 9.24371
    endloop
  endfacet
  facet normal 0 1 0
    outer loop
      vertex 35.5 60 8
      vertex 41.7674 60 9.24371
      vertex 42.4693 60 8.46931
    endloop
  endfacet
  facet normal 0 1 0
    outer loop
      vertex 39.8086 60 12.9085
      vertex 35.5 60 8
      vertex 35.5 60 16
    endloop
  endfacet
  facet normal 0 1 0
    outer loop
      vertex 46.9085 60 5.80859
      vertex 11 60 8
      vertex 35.5 60 8
    endloop
  endfacet
  facet normal 0 1 0
    outer loop
      vertex 68 60 0
      vertex 47.9223 60 5.55464
      vertex 48.9561 60 5.40129
    endloop
  endfacet
  facet normal 0 1 0
    outer loop
      vertex 44.0832 60 7.14485
      vertex 35.5 60 8
      vertex 43.2437 60 7.76744
    endloop
  endfacet
  facet normal 0 1 0
    outer loop
      vertex 43.2437 60 7.76744
      vertex 35.5 60 8
      vertex 42.4693 60 8.46931
    endloop
  endfacet
  facet normal 0 1 0
    outer loop
      vertex 11 60 22.735
      vertex 3.4 60 22.145
      vertex 3.4 60 22.735
    endloop
  endfacet
  facet normal 0 1 0
    outer loop
      vertex 3.4 60 22.145
      vertex 11 60 8
      vertex -3.4 60 22.145
    endloop
  endfacet
  facet normal 0 1 -0
    outer loop
      vertex 11 60 8
      vertex 3.4 60 22.145
      vertex 11 60 22.735
    endloop
  endfacet
  facet normal 0 1 -0
    outer loop
      vertex -3.4 60 22.145
      vertex -11 60 22.735
      vertex -3.4 60 22.735
    endloop
  endfacet
  facet normal 0 1 0
    outer loop
      vertex -11 60 8
      vertex -3.4 60 22.145
      vertex 11 60 8
    endloop
  endfacet
  facet normal 0 1 0
    outer loop
      vertex -3.4 60 22.145
      vertex -11 60 8
      vertex -11 60 22.735
    endloop
  endfacet
  facet normal 0 1 0
    outer loop
      vertex -47.0886 60 28.15
      vertex -50 60 30.5
      vertex -48.5788 60 30.4302
    endloop
  endfacet
  facet normal 0 1 0
    outer loop
      vertex -47.0886 60 28.15
      vertex -48.5788 60 30.4302
      vertex -47.1712 60 30.2214
    endloop
  endfacet
  facet normal 0 1 0
    outer loop
      vertex -52.9114 60 28.15
      vertex -50 60 30.5
      vertex -47.0886 60 28.15
    endloop
  endfacet
  facet normal 0 1 -0
    outer loop
      vertex -47.0886 60 28.15
      vertex -47.1712 60 30.2214
      vertex -45.7909 60 29.8756
    endloop
  endfacet
  facet normal 0 1 0
    outer loop
      vertex -50 60 30.5
      vertex -52.9114 60 28.15
      vertex -51.4212 60 30.4302
    endloop
  endfacet
  facet normal 0 1 0
    outer loop
      vertex -47.0886 60 28.15
      vertex -45.7909 60 29.8756
      vertex -44.4511 60 29.3963
    endloop
  endfacet
  facet normal 0 1 0
    outer loop
      vertex -51.4212 60 30.4302
      vertex -52.9114 60 28.15
      vertex -52.8288 60 30.2214
    endloop
  endfacet
  facet normal 0 1 0
    outer loop
      vertex -47.0886 60 28.15
      vertex -44.4511 60 29.3963
      vertex -43.1647 60 28.7879
    endloop
  endfacet
  facet normal 0 1 0
    outer loop
      vertex -52.8288 60 30.2214
      vertex -52.9114 60 28.15
      vertex -54.2091 60 29.8756
    endloop
  endfacet
  facet normal 0 1 0
    outer loop
      vertex -54.2091 60 29.8756
      vertex -52.9114 60 28.15
      vertex -55.5489 60 29.3963
    endloop
  endfacet
  facet normal 0 1 -0
    outer loop
      vertex -42.4693 60 23.5307
      vertex -43.1647 60 28.7879
      vertex -41.9442 60 28.0563
    endloop
  endfacet
  facet normal 0 1 0
    outer loop
      vertex -42.4693 60 23.5307
      vertex -41.9442 60 28.0563
      vertex -40.8013 60 27.2087
    endloop
  endfacet
  facet normal 0 1 0
    outer loop
      vertex -42.4693 60 23.5307
      vertex -40.8013 60 27.2087
      vertex -39.747 60 26.253
    endloop
  endfacet
  facet normal 0 1 0
    outer loop
      vertex -42.4693 60 23.5307
      vertex -39.747 60 26.253
      vertex -38.7913 60 25.1987
    endloop
  endfacet
  facet normal 0 1 0
    outer loop
      vertex -41.7674 60 22.7563
      vertex -38.7913 60 25.1987
      vertex -37.9437 60 24.0558
    endloop
  endfacet
  facet normal 0 1 0
    outer loop
      vertex -43.1647 60 28.7879
      vertex -42.4693 60 23.5307
      vertex -47.0886 60 28.15
    endloop
  endfacet
  facet normal 0 1 0
    outer loop
      vertex -41.1449 60 21.9168
      vertex -37.9437 60 24.0558
      vertex -37.2121 60 22.8353
    endloop
  endfacet
  facet normal 0 1 0
    outer loop
      vertex -38.7913 60 25.1987
      vertex -41.7674 60 22.7563
      vertex -42.4693 60 23.5307
    endloop
  endfacet
  facet normal 0 1 0
    outer loop
      vertex -37.9437 60 24.0558
      vertex -41.1449 60 21.9168
      vertex -41.7674 60 22.7563
    endloop
  endfacet
  facet normal 0 1 0
    outer loop
      vertex -40.6075 60 21.0204
      vertex -37.2121 60 22.8353
      vertex -36.6037 60 21.5489
    endloop
  endfacet
  facet normal 0 1 0
    outer loop
      vertex -37.2121 60 22.8353
      vertex -40.6075 60 21.0204
      vertex -41.1449 60 21.9168
    endloop
  endfacet
  facet normal 0 1 0
    outer loop
      vertex -40.1607 60 20.0756
      vertex -36.6037 60 21.5489
      vertex -36.1244 60 20.2091
    endloop
  endfacet
  facet normal 0 1 0
    outer loop
      vertex -36.6037 60 21.5489
      vertex -40.1607 60 20.0756
      vertex -40.6075 60 21.0204
    endloop
  endfacet
  facet normal 0 1 0
    outer loop
      vertex -36.1244 60 20.2091
      vertex -39.8086 60 19.0915
      vertex -40.1607 60 20.0756
    endloop
  endfacet
  facet normal 0 1 0
    outer loop
      vertex -35.7786 60 18.8288
      vertex -39.8086 60 19.0915
      vertex -36.1244 60 20.2091
    endloop
  endfacet
  facet normal 0 1 0
    outer loop
      vertex -35.7786 60 18.8288
      vertex -39.5546 60 18.0777
      vertex -39.8086 60 19.0915
    endloop
  endfacet
  facet normal 0 1 0
    outer loop
      vertex -35.5698 60 17.4212
      vertex -39.5546 60 18.0777
      vertex -35.7786 60 18.8288
    endloop
  endfacet
  facet normal 0 1 0
    outer loop
      vertex -35.5698 60 17.4212
      vertex -39.4013 60 17.0439
      vertex -39.5546 60 18.0777
    endloop
  endfacet
  facet normal 0 1 0
    outer loop
      vertex -35.5 60 16
      vertex -39.4013 60 17.0439
      vertex -35.5698 60 17.4212
    endloop
  endfacet
  facet normal 0 1 0
    outer loop
      vertex -35.5 60 16
      vertex -39.35 60 16
      vertex -39.4013 60 17.0439
    endloop
  endfacet
  facet normal 0 1 0
    outer loop
      vertex -35.5 60 16
      vertex -39.4013 60 14.9561
      vertex -39.35 60 16
    endloop
  endfacet
  facet normal 0 1 0
    outer loop
      vertex -35.5 60 16
      vertex -39.5546 60 13.9223
      vertex -39.4013 60 14.9561
    endloop
  endfacet
  facet normal 0 1 0
    outer loop
      vertex -35.5 60 16
      vertex -39.8086 60 12.9085
      vertex -39.5546 60 13.9223
    endloop
  endfacet
  facet normal 0 1 -0
    outer loop
      vertex -35.5 60 8
      vertex -39.8086 60 12.9085
      vertex -35.5 60 16
    endloop
  endfacet
  facet normal 0 1 0
    outer loop
      vertex -39.8086 60 12.9085
      vertex -35.5 60 8
      vertex -40.1607 60 11.9244
    endloop
  endfacet
  facet normal 0 1 0
    outer loop
      vertex -40.1607 60 11.9244
      vertex -35.5 60 8
      vertex -40.6075 60 10.9796
    endloop
  endfacet
  facet normal 0 1 0
    outer loop
      vertex -40.6075 60 10.9796
      vertex -35.5 60 8
      vertex -41.1449 60 10.0832
    endloop
  endfacet
  facet normal 0 1 0
    outer loop
      vertex -41.1449 60 10.0832
      vertex -35.5 60 8
      vertex -41.7674 60 9.24371
    endloop
  endfacet
  facet normal 0 1 0
    outer loop
      vertex -41.7674 60 9.24371
      vertex -35.5 60 8
      vertex -42.4693 60 8.46931
    endloop
  endfacet
  facet normal 0 1 0
    outer loop
      vertex -35.5 60 8
      vertex -43.2437 60 7.76744
      vertex -42.4693 60 8.46931
    endloop
  endfacet
  facet normal 0 1 0
    outer loop
      vertex 44.9796 60 6.60754
      vertex 35.5 60 8
      vertex 44.0832 60 7.14485
    endloop
  endfacet
  facet normal 0 1 0
    outer loop
      vertex 45.9244 60 6.16069
      vertex 35.5 60 8
      vertex 44.9796 60 6.60754
    endloop
  endfacet
  facet normal 0 1 0
    outer loop
      vertex -35.5 60 8
      vertex -44.0832 60 7.14485
      vertex -43.2437 60 7.76744
    endloop
  endfacet
  facet normal 0 1 0
    outer loop
      vertex 46.9085 60 5.80859
      vertex 35.5 60 8
      vertex 45.9244 60 6.16069
    endloop
  endfacet
  facet normal 0 1 0
    outer loop
      vertex -35.5 60 8
      vertex -44.9796 60 6.60754
      vertex -44.0832 60 7.14485
    endloop
  endfacet
  facet normal 0 1 0
    outer loop
      vertex 11 60 8
      vertex 46.9085 60 5.80859
      vertex 47.9223 60 5.55464
    endloop
  endfacet
  facet normal 0 1 0
    outer loop
      vertex -35.5 60 8
      vertex -45.9244 60 6.16069
      vertex -44.9796 60 6.60754
    endloop
  endfacet
  facet normal 0 1 0
    outer loop
      vertex 47.9223 60 5.55464
      vertex 68 60 0
      vertex 11 60 8
    endloop
  endfacet
  facet normal 0 1 0
    outer loop
      vertex -35.5 60 8
      vertex -46.9085 60 5.80859
      vertex -45.9244 60 6.16069
    endloop
  endfacet
  facet normal -0 1 0
    outer loop
      vertex -46.9085 60 5.80859
      vertex -11 60 8
      vertex -47.9223 60 5.55464
    endloop
  endfacet
  facet normal 0 1 0
    outer loop
      vertex -11 60 8
      vertex -46.9085 60 5.80859
      vertex -35.5 60 8
    endloop
  endfacet
  facet normal 0 1 0
    outer loop
      vertex 11 60 8
      vertex 68 60 0
      vertex -11 60 8
    endloop
  endfacet
  facet normal 0 1 0
    outer loop
      vertex -68 60 0
      vertex -47.9223 60 5.55464
      vertex -11 60 8
    endloop
  endfacet
  facet normal 0 1 0
    outer loop
      vertex 68 60 0
      vertex 48.9561 60 5.40129
      vertex 50 60 5.35001
    endloop
  endfacet
  facet normal 0 1 0
    outer loop
      vertex -68 60 0
      vertex -11 60 8
      vertex 68 60 0
    endloop
  endfacet
  facet normal 0 1 0
    outer loop
      vertex -55.5489 60 29.3963
      vertex -52.9114 60 28.15
      vertex -56.8353 60 28.7879
    endloop
  endfacet
  facet normal 0 1 0
    outer loop
      vertex -57.5307 60 23.5307
      vertex -56.8353 60 28.7879
      vertex -52.9114 60 28.15
    endloop
  endfacet
  facet normal 0 1 0
    outer loop
      vertex -56.8353 60 28.7879
      vertex -57.5307 60 23.5307
      vertex -58.0558 60 28.0563
    endloop
  endfacet
  facet normal 0 1 0
    outer loop
      vertex -58.0558 60 28.0563
      vertex -57.5307 60 23.5307
      vertex -59.1987 60 27.2087
    endloop
  endfacet
  facet normal 0 1 0
    outer loop
      vertex -59.1987 60 27.2087
      vertex -57.5307 60 23.5307
      vertex -60.253 60 26.253
    endloop
  endfacet
  facet normal 0 1 0
    outer loop
      vertex -60.253 60 26.253
      vertex -57.5307 60 23.5307
      vertex -61.2087 60 25.1987
    endloop
  endfacet
  facet normal 0 1 -0
    outer loop
      vertex -58.2326 60 22.7563
      vertex -61.2087 60 25.1987
      vertex -57.5307 60 23.5307
    endloop
  endfacet
  facet normal 0 1 0
    outer loop
      vertex -61.2087 60 25.1987
      vertex -58.2326 60 22.7563
      vertex -62.0563 60 24.0558
    endloop
  endfacet
  facet normal 0 1 -0
    outer loop
      vertex -58.8551 60 21.9168
      vertex -62.0563 60 24.0558
      vertex -58.2326 60 22.7563
    endloop
  endfacet
  facet normal 0 1 0
    outer loop
      vertex -62.0563 60 24.0558
      vertex -58.8551 60 21.9168
      vertex -62.7879 60 22.8353
    endloop
  endfacet
  facet normal 0 1 -0
    outer loop
      vertex -59.3925 60 21.0204
      vertex -62.7879 60 22.8353
      vertex -58.8551 60 21.9168
    endloop
  endfacet
  facet normal 0 1 0
    outer loop
      vertex -62.7879 60 22.8353
      vertex -59.3925 60 21.0204
      vertex -63.3963 60 21.5489
    endloop
  endfacet
  facet normal 0 1 -0
    outer loop
      vertex -59.8393 60 20.0756
      vertex -63.3963 60 21.5489
      vertex -59.3925 60 21.0204
    endloop
  endfacet
  facet normal 0 1 0
    outer loop
      vertex -63.3963 60 21.5489
      vertex -59.8393 60 20.0756
      vertex -63.8756 60 20.2091
    endloop
  endfacet
  facet normal 0 1 -0
    outer loop
      vertex -60.1914 60 19.0915
      vertex -63.8756 60 20.2091
      vertex -59.8393 60 20.0756
    endloop
  endfacet
  facet normal 0 1 0
    outer loop
      vertex -60.1914 60 19.0915
      vertex -64.2214 60 18.8288
      vertex -63.8756 60 20.2091
    endloop
  endfacet
  facet normal 0 1 -0
    outer loop
      vertex -60.4454 60 18.0777
      vertex -64.2214 60 18.8288
      vertex -60.1914 60 19.0915
    endloop
  endfacet
  facet normal 0 1 0
    outer loop
      vertex -60.4454 60 18.0777
      vertex -64.4302 60 17.4212
      vertex -64.2214 60 18.8288
    endloop
  endfacet
  facet normal 0 1 -0
    outer loop
      vertex -60.5987 60 17.0439
      vertex -64.4302 60 17.4212
      vertex -60.4454 60 18.0777
    endloop
  endfacet
  facet normal 0 1 -0
    outer loop
      vertex -60.65 60 16
      vertex -64.4302 60 17.4212
      vertex -60.5987 60 17.0439
    endloop
  endfacet
  facet normal 0 1 0
    outer loop
      vertex -60.65 60 16
      vertex -64.5 60 16
      vertex -64.4302 60 17.4212
    endloop
  endfacet
  facet normal 0 1 0
    outer loop
      vertex -60.5987 60 14.9561
      vertex -64.5 60 16
      vertex -60.65 60 16
    endloop
  endfacet
  facet normal 0 1 0
    outer loop
      vertex -60.4454 60 13.9223
      vertex -64.5 60 16
      vertex -60.5987 60 14.9561
    endloop
  endfacet
  facet normal 0 1 0
    outer loop
      vertex -60.1914 60 12.9085
      vertex -64.5 60 16
      vertex -60.4454 60 13.9223
    endloop
  endfacet
  facet normal 0 1 0
    outer loop
      vertex -64.5 60 8
      vertex -60.1914 60 12.9085
      vertex -59.8393 60 11.9244
    endloop
  endfacet
  facet normal 0 1 0
    outer loop
      vertex -64.5 60 8
      vertex -59.8393 60 11.9244
      vertex -59.3925 60 10.9796
    endloop
  endfacet
  facet normal 0 1 0
    outer loop
      vertex -64.5 60 8
      vertex -59.3925 60 10.9796
      vertex -58.8551 60 10.0832
    endloop
  endfacet
  facet normal 0 1 0
    outer loop
      vertex -64.5 60 8
      vertex -58.8551 60 10.0832
      vertex -58.2326 60 9.24371
    endloop
  endfacet
  facet normal 0 1 0
    outer loop
      vertex -64.5 60 8
      vertex -58.2326 60 9.24371
      vertex -57.5307 60 8.46931
    endloop
  endfacet
  facet normal 0 1 0
    outer loop
      vertex -60.1914 60 12.9085
      vertex -64.5 60 8
      vertex -64.5 60 16
    endloop
  endfacet
  facet normal 0 1 0
    outer loop
      vertex -56.7563 60 7.76744
      vertex -64.5 60 8
      vertex -57.5307 60 8.46931
    endloop
  endfacet
  facet normal 0 1 0
    outer loop
      vertex -68 60 0
      vertex -64.5 60 8
      vertex -56.7563 60 7.76744
    endloop
  endfacet
  facet normal 0 1 0
    outer loop
      vertex -68 60 0
      vertex -56.7563 60 7.76744
      vertex -55.9168 60 7.14485
    endloop
  endfacet
  facet normal 0 1 0
    outer loop
      vertex -68 60 0
      vertex -55.9168 60 7.14485
      vertex -55.0204 60 6.60754
    endloop
  endfacet
  facet normal 0 1 0
    outer loop
      vertex -68 60 0
      vertex -55.0204 60 6.60754
      vertex -54.0756 60 6.16069
    endloop
  endfacet
  facet normal 0 1 0
    outer loop
      vertex -68 60 0
      vertex -54.0756 60 6.16069
      vertex -53.0915 60 5.80859
    endloop
  endfacet
  facet normal 0 1 0
    outer loop
      vertex -68 60 0
      vertex -53.0915 60 5.80859
      vertex -52.0777 60 5.55464
    endloop
  endfacet
  facet normal 0 1 0
    outer loop
      vertex -64.5 60 8
      vertex -68 60 0
      vertex -68 60 8
    endloop
  endfacet
  facet normal 0 1 0
    outer loop
      vertex -51.0439 60 5.40129
      vertex -68 60 0
      vertex -52.0777 60 5.55464
    endloop
  endfacet
  facet normal 0 1 0
    outer loop
      vertex -50 60 5.35001
      vertex -68 60 0
      vertex -51.0439 60 5.40129
    endloop
  endfacet
  facet normal 0 1 0
    outer loop
      vertex -48.9561 60 5.40129
      vertex -68 60 0
      vertex -50 60 5.35001
    endloop
  endfacet
  facet normal -0.989176 0 0.146732
    outer loop
      vertex -64.4302 -60 17.4212
      vertex -64.2214 60 18.8288
      vertex -64.4302 60 17.4212
    endloop
  endfacet
  facet normal -0.989176 0 0.146732
    outer loop
      vertex -64.2214 60 18.8288
      vertex -64.4302 -60 17.4212
      vertex -64.2214 -60 18.8288
    endloop
  endfacet
  facet normal 0.989176 -0 0.146732
    outer loop
      vertex 64.2214 -60 18.8288
      vertex 64.4302 60 17.4212
      vertex 64.2214 60 18.8288
    endloop
  endfacet
  facet normal 0.989176 0 0.146732
    outer loop
      vertex 64.4302 60 17.4212
      vertex 64.2214 -60 18.8288
      vertex 64.4302 -60 17.4212
    endloop
  endfacet
  facet normal 0.998796 -0 0.0490543
    outer loop
      vertex 64.4302 -60 17.4212
      vertex 64.5 60 16
      vertex 64.4302 60 17.4212
    endloop
  endfacet
  facet normal 0.998796 0 0.0490543
    outer loop
      vertex 64.5 60 16
      vertex 64.4302 -60 17.4212
      vertex 64.5 -60 16
    endloop
  endfacet
  facet normal 0.970022 -0 0.243015
    outer loop
      vertex 63.8756 -60 20.2091
      vertex 64.2214 60 18.8288
      vertex 63.8756 60 20.2091
    endloop
  endfacet
  facet normal 0.970022 0 0.243015
    outer loop
      vertex 64.2214 60 18.8288
      vertex 63.8756 -60 20.2091
      vertex 64.2214 -60 18.8288
    endloop
  endfacet
  facet normal -0.146732 0 0.989176
    outer loop
      vertex 47.1712 60 30.2214
      vertex 48.5788 -60 30.4302
      vertex 48.5788 60 30.4302
    endloop
  endfacet
  facet normal -0.146732 0 0.989176
    outer loop
      vertex 48.5788 -60 30.4302
      vertex 47.1712 60 30.2214
      vertex 47.1712 -60 30.2214
    endloop
  endfacet
  facet normal 0.803218 -0 0.595685
    outer loop
      vertex 61.2087 -60 25.1987
      vertex 62.0563 60 24.0558
      vertex 61.2087 60 25.1987
    endloop
  endfacet
  facet normal 0.803218 0 0.595685
    outer loop
      vertex 62.0563 60 24.0558
      vertex 61.2087 -60 25.1987
      vertex 62.0563 -60 24.0558
    endloop
  endfacet
  facet normal 0.595685 0 0.803218
    outer loop
      vertex 58.0558 60 28.0563
      vertex 59.1987 -60 27.2087
      vertex 59.1987 60 27.2087
    endloop
  endfacet
  facet normal 0.595685 0 0.803218
    outer loop
      vertex 59.1987 -60 27.2087
      vertex 58.0558 60 28.0563
      vertex 58.0558 -60 28.0563
    endloop
  endfacet
  facet normal -0.243015 0 0.970022
    outer loop
      vertex 45.7909 60 29.8756
      vertex 47.1712 -60 30.2214
      vertex 47.1712 60 30.2214
    endloop
  endfacet
  facet normal -0.243015 0 0.970022
    outer loop
      vertex 47.1712 -60 30.2214
      vertex 45.7909 60 29.8756
      vertex 45.7909 -60 29.8756
    endloop
  endfacet
  facet normal 0.740903 -0 0.671612
    outer loop
      vertex 60.253 -60 26.253
      vertex 61.2087 60 25.1987
      vertex 60.253 60 26.253
    endloop
  endfacet
  facet normal 0.740903 0 0.671612
    outer loop
      vertex 61.2087 60 25.1987
      vertex 60.253 -60 26.253
      vertex 61.2087 -60 25.1987
    endloop
  endfacet
  facet normal 0.427543 0 0.903995
    outer loop
      vertex 55.5489 60 29.3963
      vertex 56.8353 -60 28.7879
      vertex 56.8353 60 28.7879
    endloop
  endfacet
  facet normal 0.427543 0 0.903995
    outer loop
      vertex 56.8353 -60 28.7879
      vertex 55.5489 60 29.3963
      vertex 55.5489 -60 29.3963
    endloop
  endfacet
  facet normal -0.427543 0 0.903995
    outer loop
      vertex 43.1647 60 28.7879
      vertex 44.4511 -60 29.3963
      vertex 44.4511 60 29.3963
    endloop
  endfacet
  facet normal -0.427543 0 0.903995
    outer loop
      vertex 44.4511 -60 29.3963
      vertex 43.1647 60 28.7879
      vertex 43.1647 -60 28.7879
    endloop
  endfacet
  facet normal -0.998796 0 0.0490543
    outer loop
      vertex 35.5 9.35972 16
      vertex 35.5698 60 17.4212
      vertex 35.5 60 16
    endloop
  endfacet
  facet normal -0.998796 0 0.0490543
    outer loop
      vertex 35.5698 60 17.4212
      vertex 35.5 9.35972 16
      vertex 35.5698 9.30794 17.4212
    endloop
  endfacet
  facet normal -0.998796 0 0.0490543
    outer loop
      vertex 35.5698 -60 17.4212
      vertex 35.5 -9.35972 16
      vertex 35.5 -60 16
    endloop
  endfacet
  facet normal -0.998796 0 0.0490543
    outer loop
      vertex 35.5 -9.35972 16
      vertex 35.5698 -60 17.4212
      vertex 35.5698 -9.30794 17.4212
    endloop
  endfacet
  facet normal -0.514134 0 0.85771
    outer loop
      vertex 41.9442 60 28.0563
      vertex 43.1647 -60 28.7879
      vertex 43.1647 60 28.7879
    endloop
  endfacet
  facet normal -0.514134 0 0.85771
    outer loop
      vertex 43.1647 -60 28.7879
      vertex 41.9442 60 28.0563
      vertex 41.9442 -60 28.0563
    endloop
  endfacet
  facet normal 0.336835 0 0.941564
    outer loop
      vertex 54.2091 60 29.8756
      vertex 55.5489 -60 29.3963
      vertex 55.5489 60 29.3963
    endloop
  endfacet
  facet normal 0.336835 0 0.941564
    outer loop
      vertex 55.5489 -60 29.3963
      vertex 54.2091 60 29.8756
      vertex 54.2091 -60 29.8756
    endloop
  endfacet
  facet normal -0.336835 0 0.941564
    outer loop
      vertex 44.4511 60 29.3963
      vertex 45.7909 -60 29.8756
      vertex 45.7909 60 29.8756
    endloop
  endfacet
  facet normal -0.336835 0 0.941564
    outer loop
      vertex 45.7909 -60 29.8756
      vertex 44.4511 60 29.3963
      vertex 44.4511 -60 29.3963
    endloop
  endfacet
  facet normal 0.903995 -0 0.427543
    outer loop
      vertex 62.7879 -60 22.8353
      vertex 63.3963 60 21.5489
      vertex 62.7879 60 22.8353
    endloop
  endfacet
  facet normal 0.903995 0 0.427543
    outer loop
      vertex 63.3963 60 21.5489
      vertex 62.7879 -60 22.8353
      vertex 63.3963 -60 21.5489
    endloop
  endfacet
  facet normal 0.514134 0 0.85771
    outer loop
      vertex 56.8353 60 28.7879
      vertex 58.0558 -60 28.0563
      vertex 58.0558 60 28.0563
    endloop
  endfacet
  facet normal 0.514134 0 0.85771
    outer loop
      vertex 58.0558 -60 28.0563
      vertex 56.8353 60 28.7879
      vertex 56.8353 -60 28.7879
    endloop
  endfacet
  facet normal 0.941564 -0 0.336835
    outer loop
      vertex 63.3963 -60 21.5489
      vertex 63.8756 60 20.2091
      vertex 63.3963 60 21.5489
    endloop
  endfacet
  facet normal 0.941564 0 0.336835
    outer loop
      vertex 63.8756 60 20.2091
      vertex 63.3963 -60 21.5489
      vertex 63.8756 -60 20.2091
    endloop
  endfacet
  facet normal 0.0490543 0 0.998796
    outer loop
      vertex 50 60 30.5
      vertex 51.4212 -60 30.4302
      vertex 51.4212 60 30.4302
    endloop
  endfacet
  facet normal 0.0490543 0 0.998796
    outer loop
      vertex 51.4212 -60 30.4302
      vertex 50 60 30.5
      vertex 50 -60 30.5
    endloop
  endfacet
  facet normal -0.989176 0 0.146732
    outer loop
      vertex 35.7786 -60 18.8288
      vertex 35.5698 -9.30794 17.4212
      vertex 35.5698 -60 17.4212
    endloop
  endfacet
  facet normal -0.989176 7.26498e-08 0.146735
    outer loop
      vertex 35.5698 -9.30794 17.4212
      vertex 35.7786 -60 18.8288
      vertex 35.6127 -9.27612 17.7104
    endloop
  endfacet
  facet normal -0.989176 0 0.146731
    outer loop
      vertex 35.6127 -9.27612 17.7104
      vertex 35.7786 -60 18.8288
      vertex 35.7786 -9.12577 18.8288
    endloop
  endfacet
  facet normal -0.989176 0 0.146732
    outer loop
      vertex 35.5698 9.30794 17.4212
      vertex 35.7786 60 18.8288
      vertex 35.5698 60 17.4212
    endloop
  endfacet
  facet normal -0.989176 -7.26498e-08 0.146735
    outer loop
      vertex 35.6127 9.27612 17.7104
      vertex 35.7786 60 18.8288
      vertex 35.5698 9.30794 17.4212
    endloop
  endfacet
  facet normal -0.989176 0 0.146731
    outer loop
      vertex 35.7786 60 18.8288
      vertex 35.6127 9.27612 17.7104
      vertex 35.7786 9.12577 18.8288
    endloop
  endfacet
  facet normal 0.671612 0 0.740903
    outer loop
      vertex 59.1987 60 27.2087
      vertex 60.253 -60 26.253
      vertex 60.253 60 26.253
    endloop
  endfacet
  facet normal 0.671612 0 0.740903
    outer loop
      vertex 60.253 -60 26.253
      vertex 59.1987 60 27.2087
      vertex 59.1987 -60 27.2087
    endloop
  endfacet
  facet normal -0.0490543 0 0.998796
    outer loop
      vertex 48.5788 60 30.4302
      vertex 50 -60 30.5
      vertex 50 60 30.5
    endloop
  endfacet
  facet normal -0.0490543 0 0.998796
    outer loop
      vertex 50 -60 30.5
      vertex 48.5788 60 30.4302
      vertex 48.5788 -60 30.4302
    endloop
  endfacet
  facet normal -0.595685 0 0.803218
    outer loop
      vertex 40.8013 60 27.2087
      vertex 41.9442 -60 28.0563
      vertex 41.9442 60 28.0563
    endloop
  endfacet
  facet normal -0.595685 0 0.803218
    outer loop
      vertex 41.9442 -60 28.0563
      vertex 40.8013 60 27.2087
      vertex 40.8013 -60 27.2087
    endloop
  endfacet
  facet normal 0.85771 -0 0.514134
    outer loop
      vertex 62.0563 -60 24.0558
      vertex 62.7879 60 22.8353
      vertex 62.0563 60 24.0558
    endloop
  endfacet
  facet normal 0.85771 0 0.514134
    outer loop
      vertex 62.7879 60 22.8353
      vertex 62.0563 -60 24.0558
      vertex 62.7879 -60 22.8353
    endloop
  endfacet
  facet normal -0.941564 0 0.336835
    outer loop
      vertex 36.6037 -60 21.5489
      vertex 36.1244 -8.8124 20.2091
      vertex 36.1244 -60 20.2091
    endloop
  endfacet
  facet normal -0.94155 1.15562e-06 0.336874
    outer loop
      vertex 36.1244 -8.8124 20.2091
      vertex 36.6037 -60 21.5489
      vertex 36.4853 -8.48528 21.2178
    endloop
  endfacet
  facet normal -0.941607 0 0.336715
    outer loop
      vertex 36.4853 -8.48528 21.2178
      vertex 36.6037 -60 21.5489
      vertex 36.6037 -8.35457 21.5489
    endloop
  endfacet
  facet normal -0.941564 0 0.336835
    outer loop
      vertex 36.1244 8.8124 20.2091
      vertex 36.6037 60 21.5489
      vertex 36.1244 60 20.2091
    endloop
  endfacet
  facet normal -0.94155 -1.15562e-06 0.336874
    outer loop
      vertex 36.4853 8.48528 21.2178
      vertex 36.6037 60 21.5489
      vertex 36.1244 8.8124 20.2091
    endloop
  endfacet
  facet normal -0.941607 0 0.336715
    outer loop
      vertex 36.6037 60 21.5489
      vertex 36.4853 8.48528 21.2178
      vertex 36.6037 8.35457 21.5489
    endloop
  endfacet
  facet normal -0.671581 0 0.740931
    outer loop
      vertex 40.8013 60 27.2087
      vertex 40 0 26.4824
      vertex 40.8013 -60 27.2087
    endloop
  endfacet
  facet normal -0.671636 1.34049e-06 0.740881
    outer loop
      vertex 40.8013 60 27.2087
      vertex 39.9422 1.17621 26.43
      vertex 40 0 26.4824
    endloop
  endfacet
  facet normal -0.671525 -1.61263e-06 0.740982
    outer loop
      vertex 40.8013 60 27.2087
      vertex 39.7694 2.34108 26.2734
      vertex 39.9422 1.17621 26.43
    endloop
  endfacet
  facet normal -0.671612 0 0.740903
    outer loop
      vertex 39.747 2.43079 26.253
      vertex 40.8013 60 27.2087
      vertex 39.747 60 26.253
    endloop
  endfacet
  facet normal -0.673213 5.34447e-05 0.739449
    outer loop
      vertex 40.8013 60 27.2087
      vertex 39.747 2.43079 26.253
      vertex 39.7694 2.34108 26.2734
    endloop
  endfacet
  facet normal -0.671636 -1.34049e-06 0.740881
    outer loop
      vertex 39.9422 -1.17621 26.43
      vertex 40.8013 -60 27.2087
      vertex 40 0 26.4824
    endloop
  endfacet
  facet normal -0.671525 1.61263e-06 0.740982
    outer loop
      vertex 39.7694 -2.34108 26.2734
      vertex 40.8013 -60 27.2087
      vertex 39.9422 -1.17621 26.43
    endloop
  endfacet
  facet normal -0.673213 -5.34447e-05 0.739449
    outer loop
      vertex 39.747 -2.43079 26.253
      vertex 40.8013 -60 27.2087
      vertex 39.7694 -2.34108 26.2734
    endloop
  endfacet
  facet normal -0.671612 0 0.740903
    outer loop
      vertex 40.8013 -60 27.2087
      vertex 39.747 -2.43079 26.253
      vertex 39.747 -60 26.253
    endloop
  endfacet
  facet normal -0.740903 0 0.671612
    outer loop
      vertex 38.7913 5.21636 25.1987
      vertex 39.747 60 26.253
      vertex 38.7913 60 25.1987
    endloop
  endfacet
  facet normal -0.740837 -2.53472e-06 0.671685
    outer loop
      vertex 39.0866 4.5922 25.5244
      vertex 39.747 60 26.253
      vertex 38.7913 5.21636 25.1987
    endloop
  endfacet
  facet normal -0.740957 6.34519e-07 0.671552
    outer loop
      vertex 39.4833 3.48342 25.9621
      vertex 39.747 60 26.253
      vertex 39.0866 4.5922 25.5244
    endloop
  endfacet
  facet normal -0.740896 0 0.67162
    outer loop
      vertex 39.747 60 26.253
      vertex 39.4833 3.48342 25.9621
      vertex 39.747 2.43079 26.253
    endloop
  endfacet
  facet normal -0.740903 0 0.671612
    outer loop
      vertex 39.747 -60 26.253
      vertex 38.7913 -5.21636 25.1987
      vertex 38.7913 -60 25.1987
    endloop
  endfacet
  facet normal -0.740837 2.53472e-06 0.671685
    outer loop
      vertex 38.7913 -5.21636 25.1987
      vertex 39.747 -60 26.253
      vertex 39.0866 -4.5922 25.5244
    endloop
  endfacet
  facet normal -0.740957 -6.34519e-07 0.671552
    outer loop
      vertex 39.0866 -4.5922 25.5244
      vertex 39.747 -60 26.253
      vertex 39.4833 -3.48342 25.9621
    endloop
  endfacet
  facet normal -0.740896 0 0.67162
    outer loop
      vertex 39.4833 -3.48342 25.9621
      vertex 39.747 -60 26.253
      vertex 39.747 -2.43079 26.253
    endloop
  endfacet
  facet normal -0.803218 0 0.595685
    outer loop
      vertex 37.9437 6.71261 24.0558
      vertex 38.7913 60 25.1987
      vertex 37.9437 60 24.0558
    endloop
  endfacet
  facet normal -0.803154 -2.9026e-06 0.595772
    outer loop
      vertex 37.9776 6.66684 24.1015
      vertex 38.7913 60 25.1987
      vertex 37.9437 6.71261 24.0558
    endloop
  endfacet
  facet normal -0.8032 -8.98012e-07 0.595709
    outer loop
      vertex 38.5831 5.65676 24.9179
      vertex 38.7913 60 25.1987
      vertex 37.9776 6.66684 24.1015
    endloop
  endfacet
  facet normal -0.803283 0 0.595597
    outer loop
      vertex 38.7913 60 25.1987
      vertex 38.5831 5.65676 24.9179
      vertex 38.7913 5.21636 25.1987
    endloop
  endfacet
  facet normal -0.803218 0 0.595685
    outer loop
      vertex 38.7913 -60 25.1987
      vertex 37.9437 -6.71261 24.0558
      vertex 37.9437 -60 24.0558
    endloop
  endfacet
  facet normal -0.803154 2.9026e-06 0.595772
    outer loop
      vertex 37.9437 -6.71261 24.0558
      vertex 38.7913 -60 25.1987
      vertex 37.9776 -6.66684 24.1015
    endloop
  endfacet
  facet normal -0.8032 8.98012e-07 0.595709
    outer loop
      vertex 37.9776 -6.66684 24.1015
      vertex 38.7913 -60 25.1987
      vertex 38.5831 -5.65676 24.9179
    endloop
  endfacet
  facet normal -0.803283 0 0.595597
    outer loop
      vertex 38.5831 -5.65676 24.9179
      vertex 38.7913 -60 25.1987
      vertex 38.7913 -5.21636 25.1987
    endloop
  endfacet
  facet normal -0.970022 0 0.243015
    outer loop
      vertex 36.1244 -60 20.2091
      vertex 35.7786 -9.12577 18.8288
      vertex 35.7786 -60 18.8288
    endloop
  endfacet
  facet normal -0.970022 0 0.243015
    outer loop
      vertex 35.7786 -9.12577 18.8288
      vertex 36.1244 -60 20.2091
      vertex 36.1244 -8.8124 20.2091
    endloop
  endfacet
  facet normal -0.970022 0 0.243015
    outer loop
      vertex 35.7786 9.12577 18.8288
      vertex 36.1244 60 20.2091
      vertex 35.7786 60 18.8288
    endloop
  endfacet
  facet normal -0.970022 0 0.243015
    outer loop
      vertex 36.1244 60 20.2091
      vertex 35.7786 9.12577 18.8288
      vertex 36.1244 8.8124 20.2091
    endloop
  endfacet
  facet normal -0.903995 0 0.427543
    outer loop
      vertex 36.6037 8.35457 21.5489
      vertex 37.2121 60 22.8353
      vertex 36.6037 60 21.5489
    endloop
  endfacet
  facet normal -0.903995 0 0.427543
    outer loop
      vertex 37.2121 60 22.8353
      vertex 36.6037 8.35457 21.5489
      vertex 37.2121 7.68331 22.8353
    endloop
  endfacet
  facet normal -0.903995 0 0.427543
    outer loop
      vertex 37.2121 -60 22.8353
      vertex 36.6037 -8.35457 21.5489
      vertex 36.6037 -60 21.5489
    endloop
  endfacet
  facet normal -0.903995 0 0.427543
    outer loop
      vertex 36.6037 -8.35457 21.5489
      vertex 37.2121 -60 22.8353
      vertex 37.2121 -7.68331 22.8353
    endloop
  endfacet
  facet normal 0.146732 0 0.989176
    outer loop
      vertex 51.4212 60 30.4302
      vertex 52.8288 -60 30.2214
      vertex 52.8288 60 30.2214
    endloop
  endfacet
  facet normal 0.146732 0 0.989176
    outer loop
      vertex 52.8288 -60 30.2214
      vertex 51.4212 60 30.4302
      vertex 51.4212 -60 30.4302
    endloop
  endfacet
  facet normal 0.243015 0 0.970022
    outer loop
      vertex 52.8288 60 30.2214
      vertex 54.2091 -60 29.8756
      vertex 54.2091 60 29.8756
    endloop
  endfacet
  facet normal 0.243015 0 0.970022
    outer loop
      vertex 54.2091 -60 29.8756
      vertex 52.8288 60 30.2214
      vertex 52.8288 -60 30.2214
    endloop
  endfacet
  facet normal -0.85771 0 0.514134
    outer loop
      vertex 37.2121 7.68331 22.8353
      vertex 37.9437 60 24.0558
      vertex 37.2121 60 22.8353
    endloop
  endfacet
  facet normal -0.857566 -7.60688e-06 0.514374
    outer loop
      vertex 37.2761 7.61272 22.942
      vertex 37.9437 60 24.0558
      vertex 37.2121 7.68331 22.8353
    endloop
  endfacet
  facet normal -0.857724 0 0.514111
    outer loop
      vertex 37.9437 60 24.0558
      vertex 37.2761 7.61272 22.942
      vertex 37.9437 6.71261 24.0558
    endloop
  endfacet
  facet normal -0.85771 0 0.514134
    outer loop
      vertex 37.9437 -60 24.0558
      vertex 37.2121 -7.68331 22.8353
      vertex 37.2121 -60 22.8353
    endloop
  endfacet
  facet normal -0.857566 7.60688e-06 0.514374
    outer loop
      vertex 37.2121 -7.68331 22.8353
      vertex 37.9437 -60 24.0558
      vertex 37.2761 -7.61272 22.942
    endloop
  endfacet
  facet normal -0.857724 0 0.514111
    outer loop
      vertex 37.2761 -7.61272 22.942
      vertex 37.9437 -60 24.0558
      vertex 37.9437 -6.71261 24.0558
    endloop
  endfacet
  facet normal 1 -0 0
    outer loop
      vertex -35.5 -60 16
      vertex -35.5 -9.35972 8
      vertex -35.5 -9.35972 16
    endloop
  endfacet
  facet normal 1 0 0
    outer loop
      vertex -35.5 -9.35972 8
      vertex -35.5 -60 16
      vertex -35.5 -60 8
    endloop
  endfacet
  facet normal 1 -0 0
    outer loop
      vertex -35.5 9.35972 16
      vertex -35.5 60 8
      vertex -35.5 60 16
    endloop
  endfacet
  facet normal 1 0 0
    outer loop
      vertex -35.5 60 8
      vertex -35.5 9.35972 16
      vertex -35.5 9.35972 8
    endloop
  endfacet
  facet normal -1 0 0
    outer loop
      vertex -64.5 -60 8
      vertex -64.5 60 16
      vertex -64.5 60 8
    endloop
  endfacet
  facet normal -1 -0 0
    outer loop
      vertex -64.5 60 16
      vertex -64.5 -60 8
      vertex -64.5 -60 16
    endloop
  endfacet
  facet normal 1 -0 0
    outer loop
      vertex 64.5 -60 16
      vertex 64.5 60 8
      vertex 64.5 60 16
    endloop
  endfacet
  facet normal 1 0 0
    outer loop
      vertex 64.5 60 8
      vertex 64.5 -60 16
      vertex 64.5 -60 8
    endloop
  endfacet
  facet normal -1 0 0
    outer loop
      vertex 35.5 9.35972 8
      vertex 35.5 60 16
      vertex 35.5 60 8
    endloop
  endfacet
  facet normal -1 -0 0
    outer loop
      vertex 35.5 60 16
      vertex 35.5 9.35972 8
      vertex 35.5 9.35972 16
    endloop
  endfacet
  facet normal -1 0 0
    outer loop
      vertex 35.5 -60 8
      vertex 35.5 -9.35972 16
      vertex 35.5 -9.35972 8
    endloop
  endfacet
  facet normal -1 -0 0
    outer loop
      vertex 35.5 -9.35972 16
      vertex 35.5 -60 8
      vertex 35.5 -60 16
    endloop
  endfacet
  facet normal 1 -0 0
    outer loop
      vertex 11 40 22.735
      vertex 11 60 8
      vertex 11 60 22.735
    endloop
  endfacet
  facet normal 1 0 0
    outer loop
      vertex 11 60 8
      vertex 11 40 22.735
      vertex 11 40 8
    endloop
  endfacet
  facet normal 0 0 1
    outer loop
      vertex 11 60 22.735
      vertex 8.65 50 22.735
      vertex 11 40 22.735
    endloop
  endfacet
  facet normal 0 0 1
    outer loop
      vertex 11 60 22.735
      vertex 8.64205 50.1617 22.735
      vertex 8.65 50 22.735
    endloop
  endfacet
  facet normal 0 0 1
    outer loop
      vertex 11 60 22.735
      vertex 8.6183 50.3219 22.735
      vertex 8.64205 50.1617 22.735
    endloop
  endfacet
  facet normal 0 0 1
    outer loop
      vertex 11 60 22.735
      vertex 8.57895 50.479 22.735
      vertex 8.6183 50.3219 22.735
    endloop
  endfacet
  facet normal 0 0 1
    outer loop
      vertex 11 60 22.735
      vertex 8.5244 50.6314 22.735
      vertex 8.57895 50.479 22.735
    endloop
  endfacet
  facet normal 0 0 1
    outer loop
      vertex 11 60 22.735
      vertex 8.45517 50.7778 22.735
      vertex 8.5244 50.6314 22.735
    endloop
  endfacet
  facet normal 0 0 1
    outer loop
      vertex 11 60 22.735
      vertex 8.37192 50.9167 22.735
      vertex 8.45517 50.7778 22.735
    endloop
  endfacet
  facet normal 0 0 1
    outer loop
      vertex 11 60 22.735
      vertex 8.27547 51.0467 22.735
      vertex 8.37192 50.9167 22.735
    endloop
  endfacet
  facet normal 0 0 1
    outer loop
      vertex 11 60 22.735
      vertex 8.16673 51.1667 22.735
      vertex 8.27547 51.0467 22.735
    endloop
  endfacet
  facet normal 0 0 1
    outer loop
      vertex 11 60 22.735
      vertex 8.04675 51.2755 22.735
      vertex 8.16673 51.1667 22.735
    endloop
  endfacet
  facet normal 0 0 1
    outer loop
      vertex 11 60 22.735
      vertex 7.91669 51.3719 22.735
      vertex 8.04675 51.2755 22.735
    endloop
  endfacet
  facet normal 0 0 1
    outer loop
      vertex 11 60 22.735
      vertex 7.7778 51.4552 22.735
      vertex 7.91669 51.3719 22.735
    endloop
  endfacet
  facet normal 0 0 1
    outer loop
      vertex 11 60 22.735
      vertex 7.63143 51.5244 22.735
      vertex 7.7778 51.4552 22.735
    endloop
  endfacet
  facet normal 0 0 1
    outer loop
      vertex 11 60 22.735
      vertex 7.47897 51.5789 22.735
      vertex 7.63143 51.5244 22.735
    endloop
  endfacet
  facet normal 0 0 1
    outer loop
      vertex 11 60 22.735
      vertex 7.3219 51.6183 22.735
      vertex 7.47897 51.5789 22.735
    endloop
  endfacet
  facet normal 0 0 1
    outer loop
      vertex 11 60 22.735
      vertex 7.16173 51.6421 22.735
      vertex 7.3219 51.6183 22.735
    endloop
  endfacet
  facet normal 0 0 1
    outer loop
      vertex 11 60 22.735
      vertex 7 51.65 22.735
      vertex 7.16173 51.6421 22.735
    endloop
  endfacet
  facet normal -0 0 1
    outer loop
      vertex 3.4 60 22.735
      vertex 7 51.65 22.735
      vertex 11 60 22.735
    endloop
  endfacet
  facet normal 0 0 1
    outer loop
      vertex 7 51.65 22.735
      vertex 3.4 60 22.735
      vertex 6.83827 51.6421 22.735
    endloop
  endfacet
  facet normal 0 0 1
    outer loop
      vertex 6.83827 51.6421 22.735
      vertex 3.4 60 22.735
      vertex 6.6781 51.6183 22.735
    endloop
  endfacet
  facet normal 0 0 1
    outer loop
      vertex 6.6781 51.6183 22.735
      vertex 3.4 60 22.735
      vertex 6.52103 51.5789 22.735
    endloop
  endfacet
  facet normal 0 0 1
    outer loop
      vertex 6.52103 51.5789 22.735
      vertex 3.4 60 22.735
      vertex 6.36857 51.5244 22.735
    endloop
  endfacet
  facet normal 0 0 1
    outer loop
      vertex 6.36857 51.5244 22.735
      vertex 3.4 60 22.735
      vertex 6.22219 51.4552 22.735
    endloop
  endfacet
  facet normal 0 0 1
    outer loop
      vertex 6.22219 51.4552 22.735
      vertex 3.4 60 22.735
      vertex 6.08331 51.3719 22.735
    endloop
  endfacet
  facet normal 0 0 1
    outer loop
      vertex 6.08331 51.3719 22.735
      vertex 3.4 60 22.735
      vertex 5.95325 51.2755 22.735
    endloop
  endfacet
  facet normal 0 0 1
    outer loop
      vertex 5.95325 51.2755 22.735
      vertex 3.4 60 22.735
      vertex 5.83327 51.1667 22.735
    endloop
  endfacet
  facet normal 0 0 1
    outer loop
      vertex 5.83327 51.1667 22.735
      vertex 3.4 60 22.735
      vertex 5.72453 51.0467 22.735
    endloop
  endfacet
  facet normal 0 0 1
    outer loop
      vertex 5.72453 51.0467 22.735
      vertex 3.4 60 22.735
      vertex 5.62807 50.9167 22.735
    endloop
  endfacet
  facet normal 0 0 1
    outer loop
      vertex 5.35794 50.1617 22.735
      vertex 3.4 60 22.735
      vertex 5.35 50 22.735
    endloop
  endfacet
  facet normal 0 0 1
    outer loop
      vertex 5.3817 50.3219 22.735
      vertex 3.4 60 22.735
      vertex 5.35794 50.1617 22.735
    endloop
  endfacet
  facet normal 0 0 1
    outer loop
      vertex 5.42105 50.479 22.735
      vertex 3.4 60 22.735
      vertex 5.3817 50.3219 22.735
    endloop
  endfacet
  facet normal 0 0 1
    outer loop
      vertex 5.4756 50.6314 22.735
      vertex 3.4 60 22.735
      vertex 5.42105 50.479 22.735
    endloop
  endfacet
  facet normal 0 0 1
    outer loop
      vertex 5.54483 50.7778 22.735
      vertex 3.4 60 22.735
      vertex 5.4756 50.6314 22.735
    endloop
  endfacet
  facet normal 0 0 1
    outer loop
      vertex 5.62807 50.9167 22.735
      vertex 3.4 60 22.735
      vertex 5.54483 50.7778 22.735
    endloop
  endfacet
  facet normal -0 0 1
    outer loop
      vertex 8.64205 49.8383 22.735
      vertex 11 40 22.735
      vertex 8.65 50 22.735
    endloop
  endfacet
  facet normal -0 0 1
    outer loop
      vertex 8.6183 49.6781 22.735
      vertex 11 40 22.735
      vertex 8.64205 49.8383 22.735
    endloop
  endfacet
  facet normal -0 0 1
    outer loop
      vertex 8.57895 49.521 22.735
      vertex 11 40 22.735
      vertex 8.6183 49.6781 22.735
    endloop
  endfacet
  facet normal -0 0 1
    outer loop
      vertex 8.5244 49.3686 22.735
      vertex 11 40 22.735
      vertex 8.57895 49.521 22.735
    endloop
  endfacet
  facet normal -0 0 1
    outer loop
      vertex 8.45517 49.2222 22.735
      vertex 11 40 22.735
      vertex 8.5244 49.3686 22.735
    endloop
  endfacet
  facet normal -0 0 1
    outer loop
      vertex 8.37192 49.0833 22.735
      vertex 11 40 22.735
      vertex 8.45517 49.2222 22.735
    endloop
  endfacet
  facet normal -0 0 1
    outer loop
      vertex 8.27547 48.9533 22.735
      vertex 11 40 22.735
      vertex 8.37192 49.0833 22.735
    endloop
  endfacet
  facet normal -0 0 1
    outer loop
      vertex 8.16673 48.8333 22.735
      vertex 11 40 22.735
      vertex 8.27547 48.9533 22.735
    endloop
  endfacet
  facet normal -0 0 1
    outer loop
      vertex 8.04675 48.7245 22.735
      vertex 11 40 22.735
      vertex 8.16673 48.8333 22.735
    endloop
  endfacet
  facet normal -0 0 1
    outer loop
      vertex 7.91669 48.6281 22.735
      vertex 11 40 22.735
      vertex 8.04675 48.7245 22.735
    endloop
  endfacet
  facet normal -0 0 1
    outer loop
      vertex 7.7778 48.5448 22.735
      vertex 11 40 22.735
      vertex 7.91669 48.6281 22.735
    endloop
  endfacet
  facet normal -0 0 1
    outer loop
      vertex 7.63143 48.4756 22.735
      vertex 11 40 22.735
      vertex 7.7778 48.5448 22.735
    endloop
  endfacet
  facet normal -0 0 1
    outer loop
      vertex 7.47897 48.421 22.735
      vertex 11 40 22.735
      vertex 7.63143 48.4756 22.735
    endloop
  endfacet
  facet normal -0 0 1
    outer loop
      vertex 7.3219 48.3817 22.735
      vertex 11 40 22.735
      vertex 7.47897 48.421 22.735
    endloop
  endfacet
  facet normal -0 0 1
    outer loop
      vertex 7.16173 48.3579 22.735
      vertex 11 40 22.735
      vertex 7.3219 48.3817 22.735
    endloop
  endfacet
  facet normal -0 0 1
    outer loop
      vertex 7 48.35 22.735
      vertex 11 40 22.735
      vertex 7.16173 48.3579 22.735
    endloop
  endfacet
  facet normal 0 0 1
    outer loop
      vertex 3.4 40 22.735
      vertex 7 48.35 22.735
      vertex 6.83827 48.3579 22.735
    endloop
  endfacet
  facet normal 0 0 1
    outer loop
      vertex 3.4 40 22.735
      vertex 6.83827 48.3579 22.735
      vertex 6.6781 48.3817 22.735
    endloop
  endfacet
  facet normal 0 0 1
    outer loop
      vertex 3.4 40 22.735
      vertex 6.6781 48.3817 22.735
      vertex 6.52103 48.421 22.735
    endloop
  endfacet
  facet normal 0 0 1
    outer loop
      vertex 3.4 40 22.735
      vertex 6.52103 48.421 22.735
      vertex 6.36857 48.4756 22.735
    endloop
  endfacet
  facet normal 0 0 1
    outer loop
      vertex 3.4 40 22.735
      vertex 6.36857 48.4756 22.735
      vertex 6.22219 48.5448 22.735
    endloop
  endfacet
  facet normal 0 0 1
    outer loop
      vertex 3.4 40 22.735
      vertex 6.22219 48.5448 22.735
      vertex 6.08331 48.6281 22.735
    endloop
  endfacet
  facet normal 0 0 1
    outer loop
      vertex 3.4 40 22.735
      vertex 6.08331 48.6281 22.735
      vertex 5.95325 48.7245 22.735
    endloop
  endfacet
  facet normal 0 0 1
    outer loop
      vertex 3.4 40 22.735
      vertex 5.95325 48.7245 22.735
      vertex 5.83327 48.8333 22.735
    endloop
  endfacet
  facet normal 0 0 1
    outer loop
      vertex 3.4 40 22.735
      vertex 5.83327 48.8333 22.735
      vertex 5.72453 48.9533 22.735
    endloop
  endfacet
  facet normal 0 0 1
    outer loop
      vertex 3.4 40 22.735
      vertex 5.72453 48.9533 22.735
      vertex 5.62807 49.0833 22.735
    endloop
  endfacet
  facet normal 0 0 1
    outer loop
      vertex 3.4 40 22.735
      vertex 5.62807 49.0833 22.735
      vertex 5.54483 49.2222 22.735
    endloop
  endfacet
  facet normal 0 0 1
    outer loop
      vertex 3.4 40 22.735
      vertex 5.35 50 22.735
      vertex 3.4 60 22.735
    endloop
  endfacet
  facet normal 0 0 1
    outer loop
      vertex 5.35 50 22.735
      vertex 3.4 40 22.735
      vertex 5.35794 49.8383 22.735
    endloop
  endfacet
  facet normal 0 0 1
    outer loop
      vertex 7 48.35 22.735
      vertex 3.4 40 22.735
      vertex 11 40 22.735
    endloop
  endfacet
  facet normal 0 0 1
    outer loop
      vertex 5.4756 49.3686 22.735
      vertex 3.4 40 22.735
      vertex 5.54483 49.2222 22.735
    endloop
  endfacet
  facet normal 0 0 1
    outer loop
      vertex 5.42105 49.521 22.735
      vertex 3.4 40 22.735
      vertex 5.4756 49.3686 22.735
    endloop
  endfacet
  facet normal 0 0 1
    outer loop
      vertex 5.3817 49.6781 22.735
      vertex 3.4 40 22.735
      vertex 5.42105 49.521 22.735
    endloop
  endfacet
  facet normal 0 0 1
    outer loop
      vertex 5.35794 49.8383 22.735
      vertex 3.4 40 22.735
      vertex 5.3817 49.6781 22.735
    endloop
  endfacet
  facet normal 0 0 1
    outer loop
      vertex -3.4 60 22.735
      vertex -5.35 50 22.735
      vertex -3.4 40 22.735
    endloop
  endfacet
  facet normal 0 0 1
    outer loop
      vertex -3.4 60 22.735
      vertex -5.35794 50.1617 22.735
      vertex -5.35 50 22.735
    endloop
  endfacet
  facet normal 0 0 1
    outer loop
      vertex -3.4 60 22.735
      vertex -5.3817 50.3219 22.735
      vertex -5.35794 50.1617 22.735
    endloop
  endfacet
  facet normal 0 0 1
    outer loop
      vertex -3.4 60 22.735
      vertex -5.42105 50.479 22.735
      vertex -5.3817 50.3219 22.735
    endloop
  endfacet
  facet normal 0 0 1
    outer loop
      vertex -3.4 60 22.735
      vertex -5.4756 50.6314 22.735
      vertex -5.42105 50.479 22.735
    endloop
  endfacet
  facet normal 0 0 1
    outer loop
      vertex -3.4 60 22.735
      vertex -5.54483 50.7778 22.735
      vertex -5.4756 50.6314 22.735
    endloop
  endfacet
  facet normal 0 0 1
    outer loop
      vertex -3.4 60 22.735
      vertex -5.62807 50.9167 22.735
      vertex -5.54483 50.7778 22.735
    endloop
  endfacet
  facet normal 0 0 1
    outer loop
      vertex -3.4 60 22.735
      vertex -5.72453 51.0467 22.735
      vertex -5.62807 50.9167 22.735
    endloop
  endfacet
  facet normal 0 0 1
    outer loop
      vertex -3.4 60 22.735
      vertex -5.83327 51.1667 22.735
      vertex -5.72453 51.0467 22.735
    endloop
  endfacet
  facet normal 0 0 1
    outer loop
      vertex -3.4 60 22.735
      vertex -5.95325 51.2755 22.735
      vertex -5.83327 51.1667 22.735
    endloop
  endfacet
  facet normal 0 0 1
    outer loop
      vertex -3.4 60 22.735
      vertex -6.08331 51.3719 22.735
      vertex -5.95325 51.2755 22.735
    endloop
  endfacet
  facet normal 0 0 1
    outer loop
      vertex -3.4 60 22.735
      vertex -6.22219 51.4552 22.735
      vertex -6.08331 51.3719 22.735
    endloop
  endfacet
  facet normal 0 0 1
    outer loop
      vertex -3.4 60 22.735
      vertex -6.36857 51.5244 22.735
      vertex -6.22219 51.4552 22.735
    endloop
  endfacet
  facet normal 0 0 1
    outer loop
      vertex -3.4 60 22.735
      vertex -6.52103 51.5789 22.735
      vertex -6.36857 51.5244 22.735
    endloop
  endfacet
  facet normal 0 0 1
    outer loop
      vertex -3.4 60 22.735
      vertex -6.6781 51.6183 22.735
      vertex -6.52103 51.5789 22.735
    endloop
  endfacet
  facet normal 0 0 1
    outer loop
      vertex -3.4 60 22.735
      vertex -6.83827 51.6421 22.735
      vertex -6.6781 51.6183 22.735
    endloop
  endfacet
  facet normal 0 0 1
    outer loop
      vertex -3.4 60 22.735
      vertex -7 51.65 22.735
      vertex -6.83827 51.6421 22.735
    endloop
  endfacet
  facet normal -0 0 1
    outer loop
      vertex -11 60 22.735
      vertex -7 51.65 22.735
      vertex -3.4 60 22.735
    endloop
  endfacet
  facet normal 0 0 1
    outer loop
      vertex -7 51.65 22.735
      vertex -11 60 22.735
      vertex -7.16173 51.6421 22.735
    endloop
  endfacet
  facet normal 0 0 1
    outer loop
      vertex -7.16173 51.6421 22.735
      vertex -11 60 22.735
      vertex -7.3219 51.6183 22.735
    endloop
  endfacet
  facet normal 0 0 1
    outer loop
      vertex -7.3219 51.6183 22.735
      vertex -11 60 22.735
      vertex -7.47897 51.5789 22.735
    endloop
  endfacet
  facet normal 0 0 1
    outer loop
      vertex -7.47897 51.5789 22.735
      vertex -11 60 22.735
      vertex -7.63143 51.5244 22.735
    endloop
  endfacet
  facet normal 0 0 1
    outer loop
      vertex -7.63143 51.5244 22.735
      vertex -11 60 22.735
      vertex -7.7778 51.4552 22.735
    endloop
  endfacet
  facet normal 0 0 1
    outer loop
      vertex -7.7778 51.4552 22.735
      vertex -11 60 22.735
      vertex -7.91669 51.3719 22.735
    endloop
  endfacet
  facet normal 0 0 1
    outer loop
      vertex -7.91669 51.3719 22.735
      vertex -11 60 22.735
      vertex -8.04675 51.2755 22.735
    endloop
  endfacet
  facet normal 0 0 1
    outer loop
      vertex -8.04675 51.2755 22.735
      vertex -11 60 22.735
      vertex -8.16673 51.1667 22.735
    endloop
  endfacet
  facet normal 0 0 1
    outer loop
      vertex -8.16673 51.1667 22.735
      vertex -11 60 22.735
      vertex -8.27547 51.0467 22.735
    endloop
  endfacet
  facet normal 0 0 1
    outer loop
      vertex -8.27547 51.0467 22.735
      vertex -11 60 22.735
      vertex -8.37192 50.9167 22.735
    endloop
  endfacet
  facet normal 0 0 1
    outer loop
      vertex -8.64205 50.1617 22.735
      vertex -11 60 22.735
      vertex -8.65 50 22.735
    endloop
  endfacet
  facet normal 0 0 1
    outer loop
      vertex -8.6183 50.3219 22.735
      vertex -11 60 22.735
      vertex -8.64205 50.1617 22.735
    endloop
  endfacet
  facet normal 0 0 1
    outer loop
      vertex -8.57895 50.479 22.735
      vertex -11 60 22.735
      vertex -8.6183 50.3219 22.735
    endloop
  endfacet
  facet normal 0 0 1
    outer loop
      vertex -8.5244 50.6314 22.735
      vertex -11 60 22.735
      vertex -8.57895 50.479 22.735
    endloop
  endfacet
  facet normal 0 0 1
    outer loop
      vertex -8.45517 50.7778 22.735
      vertex -11 60 22.735
      vertex -8.5244 50.6314 22.735
    endloop
  endfacet
  facet normal 0 0 1
    outer loop
      vertex -8.37192 50.9167 22.735
      vertex -11 60 22.735
      vertex -8.45517 50.7778 22.735
    endloop
  endfacet
  facet normal -0 0 1
    outer loop
      vertex -5.35794 49.8383 22.735
      vertex -3.4 40 22.735
      vertex -5.35 50 22.735
    endloop
  endfacet
  facet normal -0 0 1
    outer loop
      vertex -5.3817 49.6781 22.735
      vertex -3.4 40 22.735
      vertex -5.35794 49.8383 22.735
    endloop
  endfacet
  facet normal -0 0 1
    outer loop
      vertex -5.42105 49.521 22.735
      vertex -3.4 40 22.735
      vertex -5.3817 49.6781 22.735
    endloop
  endfacet
  facet normal -0 0 1
    outer loop
      vertex -5.4756 49.3686 22.735
      vertex -3.4 40 22.735
      vertex -5.42105 49.521 22.735
    endloop
  endfacet
  facet normal -0 0 1
    outer loop
      vertex -5.54483 49.2222 22.735
      vertex -3.4 40 22.735
      vertex -5.4756 49.3686 22.735
    endloop
  endfacet
  facet normal -0 0 1
    outer loop
      vertex -5.62807 49.0833 22.735
      vertex -3.4 40 22.735
      vertex -5.54483 49.2222 22.735
    endloop
  endfacet
  facet normal -0 0 1
    outer loop
      vertex -5.72453 48.9533 22.735
      vertex -3.4 40 22.735
      vertex -5.62807 49.0833 22.735
    endloop
  endfacet
  facet normal -0 0 1
    outer loop
      vertex -5.83327 48.8333 22.735
      vertex -3.4 40 22.735
      vertex -5.72453 48.9533 22.735
    endloop
  endfacet
  facet normal -0 0 1
    outer loop
      vertex -5.95325 48.7245 22.735
      vertex -3.4 40 22.735
      vertex -5.83327 48.8333 22.735
    endloop
  endfacet
  facet normal -0 0 1
    outer loop
      vertex -6.08331 48.6281 22.735
      vertex -3.4 40 22.735
      vertex -5.95325 48.7245 22.735
    endloop
  endfacet
  facet normal -0 0 1
    outer loop
      vertex -6.22219 48.5448 22.735
      vertex -3.4 40 22.735
      vertex -6.08331 48.6281 22.735
    endloop
  endfacet
  facet normal -0 0 1
    outer loop
      vertex -6.36857 48.4756 22.735
      vertex -3.4 40 22.735
      vertex -6.22219 48.5448 22.735
    endloop
  endfacet
  facet normal -0 0 1
    outer loop
      vertex -6.52103 48.421 22.735
      vertex -3.4 40 22.735
      vertex -6.36857 48.4756 22.735
    endloop
  endfacet
  facet normal -0 0 1
    outer loop
      vertex -6.6781 48.3817 22.735
      vertex -3.4 40 22.735
      vertex -6.52103 48.421 22.735
    endloop
  endfacet
  facet normal -0 0 1
    outer loop
      vertex -6.83827 48.3579 22.735
      vertex -3.4 40 22.735
      vertex -6.6781 48.3817 22.735
    endloop
  endfacet
  facet normal -0 0 1
    outer loop
      vertex -7 48.35 22.735
      vertex -3.4 40 22.735
      vertex -6.83827 48.3579 22.735
    endloop
  endfacet
  facet normal 0 0 1
    outer loop
      vertex -11 40 22.735
      vertex -7 48.35 22.735
      vertex -7.16173 48.3579 22.735
    endloop
  endfacet
  facet normal 0 0 1
    outer loop
      vertex -11 40 22.735
      vertex -7.16173 48.3579 22.735
      vertex -7.3219 48.3817 22.735
    endloop
  endfacet
  facet normal 0 0 1
    outer loop
      vertex -11 40 22.735
      vertex -7.3219 48.3817 22.735
      vertex -7.47897 48.421 22.735
    endloop
  endfacet
  facet normal 0 0 1
    outer loop
      vertex -11 40 22.735
      vertex -7.47897 48.421 22.735
      vertex -7.63143 48.4756 22.735
    endloop
  endfacet
  facet normal 0 0 1
    outer loop
      vertex -11 40 22.735
      vertex -7.63143 48.4756 22.735
      vertex -7.7778 48.5448 22.735
    endloop
  endfacet
  facet normal 0 0 1
    outer loop
      vertex -11 40 22.735
      vertex -7.7778 48.5448 22.735
      vertex -7.91669 48.6281 22.735
    endloop
  endfacet
  facet normal 0 0 1
    outer loop
      vertex -11 40 22.735
      vertex -7.91669 48.6281 22.735
      vertex -8.04675 48.7245 22.735
    endloop
  endfacet
  facet normal 0 0 1
    outer loop
      vertex -11 40 22.735
      vertex -8.04675 48.7245 22.735
      vertex -8.16673 48.8333 22.735
    endloop
  endfacet
  facet normal 0 0 1
    outer loop
      vertex -11 40 22.735
      vertex -8.16673 48.8333 22.735
      vertex -8.27547 48.9533 22.735
    endloop
  endfacet
  facet normal 0 0 1
    outer loop
      vertex -11 40 22.735
      vertex -8.27547 48.9533 22.735
      vertex -8.37192 49.0833 22.735
    endloop
  endfacet
  facet normal 0 0 1
    outer loop
      vertex -11 40 22.735
      vertex -8.37192 49.0833 22.735
      vertex -8.45517 49.2222 22.735
    endloop
  endfacet
  facet normal 0 0 1
    outer loop
      vertex -11 40 22.735
      vertex -8.65 50 22.735
      vertex -11 60 22.735
    endloop
  endfacet
  facet normal 0 0 1
    outer loop
      vertex -8.65 50 22.735
      vertex -11 40 22.735
      vertex -8.64205 49.8383 22.735
    endloop
  endfacet
  facet normal 0 0 1
    outer loop
      vertex -7 48.35 22.735
      vertex -11 40 22.735
      vertex -3.4 40 22.735
    endloop
  endfacet
  facet normal 0 0 1
    outer loop
      vertex -8.5244 49.3686 22.735
      vertex -11 40 22.735
      vertex -8.45517 49.2222 22.735
    endloop
  endfacet
  facet normal 0 0 1
    outer loop
      vertex -8.57895 49.521 22.735
      vertex -11 40 22.735
      vertex -8.5244 49.3686 22.735
    endloop
  endfacet
  facet normal 0 0 1
    outer loop
      vertex -8.6183 49.6781 22.735
      vertex -11 40 22.735
      vertex -8.57895 49.521 22.735
    endloop
  endfacet
  facet normal 0 0 1
    outer loop
      vertex -8.64205 49.8383 22.735
      vertex -11 40 22.735
      vertex -8.6183 49.6781 22.735
    endloop
  endfacet
  facet normal -1 0 0
    outer loop
      vertex -11 40 8
      vertex -11 60 22.735
      vertex -11 60 8
    endloop
  endfacet
  facet normal -1 -0 0
    outer loop
      vertex -11 60 22.735
      vertex -11 40 8
      vertex -11 40 22.735
    endloop
  endfacet
  facet normal 0 -1 0
    outer loop
      vertex -11 40 22.735
      vertex -3.4 40 22.145
      vertex -3.4 40 22.735
    endloop
  endfacet
  facet normal 0 -1 -0
    outer loop
      vertex -3.4 40 22.145
      vertex -4 40 16.735
      vertex 3.4 40 22.145
    endloop
  endfacet
  facet normal 0 -1 0
    outer loop
      vertex -11 40 22.735
      vertex -4 40 16.735
      vertex -3.4 40 22.145
    endloop
  endfacet
  facet normal 0 -1 0
    outer loop
      vertex -11 40 8
      vertex -4 40 16.735
      vertex -11 40 22.735
    endloop
  endfacet
  facet normal 0 -1 -0
    outer loop
      vertex -4 40 16.735
      vertex -11 40 8
      vertex -4 40 8
    endloop
  endfacet
  facet normal 0 -1 0
    outer loop
      vertex 3.4 40 22.145
      vertex 11 40 22.735
      vertex 3.4 40 22.735
    endloop
  endfacet
  facet normal 0 -1 0
    outer loop
      vertex 4 40 16.735
      vertex 3.4 40 22.145
      vertex -4 40 16.735
    endloop
  endfacet
  facet normal 0 -1 0
    outer loop
      vertex 3.4 40 22.145
      vertex 4 40 16.735
      vertex 11 40 22.735
    endloop
  endfacet
  facet normal 0 -1 0
    outer loop
      vertex 11 40 8
      vertex 4 40 16.735
      vertex 4 40 8
    endloop
  endfacet
  facet normal 0 -1 0
    outer loop
      vertex 4 40 16.735
      vertex 11 40 8
      vertex 11 40 22.735
    endloop
  endfacet
  facet normal 1 -0 0
    outer loop
      vertex 11 -60 22.735
      vertex 11 -40 8
      vertex 11 -40 22.735
    endloop
  endfacet
  facet normal 1 0 0
    outer loop
      vertex 11 -40 8
      vertex 11 -60 22.735
      vertex 11 -60 8
    endloop
  endfacet
  facet normal 0 0 1
    outer loop
      vertex 11 -40 22.735
      vertex 8.65 -50 22.735
      vertex 11 -60 22.735
    endloop
  endfacet
  facet normal 0 0 1
    outer loop
      vertex 11 -40 22.735
      vertex 8.64205 -49.8383 22.735
      vertex 8.65 -50 22.735
    endloop
  endfacet
  facet normal 0 0 1
    outer loop
      vertex 11 -40 22.735
      vertex 8.6183 -49.6781 22.735
      vertex 8.64205 -49.8383 22.735
    endloop
  endfacet
  facet normal 0 0 1
    outer loop
      vertex 11 -40 22.735
      vertex 8.57895 -49.521 22.735
      vertex 8.6183 -49.6781 22.735
    endloop
  endfacet
  facet normal 0 0 1
    outer loop
      vertex 11 -40 22.735
      vertex 8.5244 -49.3686 22.735
      vertex 8.57895 -49.521 22.735
    endloop
  endfacet
  facet normal 0 0 1
    outer loop
      vertex 11 -40 22.735
      vertex 8.45517 -49.2222 22.735
      vertex 8.5244 -49.3686 22.735
    endloop
  endfacet
  facet normal 0 0 1
    outer loop
      vertex 11 -40 22.735
      vertex 8.37192 -49.0833 22.735
      vertex 8.45517 -49.2222 22.735
    endloop
  endfacet
  facet normal 0 0 1
    outer loop
      vertex 11 -40 22.735
      vertex 8.27547 -48.9533 22.735
      vertex 8.37192 -49.0833 22.735
    endloop
  endfacet
  facet normal 0 0 1
    outer loop
      vertex 11 -40 22.735
      vertex 8.16673 -48.8333 22.735
      vertex 8.27547 -48.9533 22.735
    endloop
  endfacet
  facet normal 0 0 1
    outer loop
      vertex 11 -40 22.735
      vertex 8.04675 -48.7245 22.735
      vertex 8.16673 -48.8333 22.735
    endloop
  endfacet
  facet normal 0 0 1
    outer loop
      vertex 11 -40 22.735
      vertex 7.91669 -48.6281 22.735
      vertex 8.04675 -48.7245 22.735
    endloop
  endfacet
  facet normal 0 0 1
    outer loop
      vertex 11 -40 22.735
      vertex 7.7778 -48.5448 22.735
      vertex 7.91669 -48.6281 22.735
    endloop
  endfacet
  facet normal 0 0 1
    outer loop
      vertex 11 -40 22.735
      vertex 7.63143 -48.4756 22.735
      vertex 7.7778 -48.5448 22.735
    endloop
  endfacet
  facet normal 0 0 1
    outer loop
      vertex 11 -40 22.735
      vertex 7.47897 -48.421 22.735
      vertex 7.63143 -48.4756 22.735
    endloop
  endfacet
  facet normal 0 0 1
    outer loop
      vertex 11 -40 22.735
      vertex 7.3219 -48.3817 22.735
      vertex 7.47897 -48.421 22.735
    endloop
  endfacet
  facet normal 0 0 1
    outer loop
      vertex 11 -40 22.735
      vertex 7.16173 -48.3579 22.735
      vertex 7.3219 -48.3817 22.735
    endloop
  endfacet
  facet normal 0 0 1
    outer loop
      vertex 11 -40 22.735
      vertex 7 -48.35 22.735
      vertex 7.16173 -48.3579 22.735
    endloop
  endfacet
  facet normal -0 0 1
    outer loop
      vertex 3.4 -40 22.735
      vertex 7 -48.35 22.735
      vertex 11 -40 22.735
    endloop
  endfacet
  facet normal 0 0 1
    outer loop
      vertex 7 -48.35 22.735
      vertex 3.4 -40 22.735
      vertex 6.83827 -48.3579 22.735
    endloop
  endfacet
  facet normal 0 0 1
    outer loop
      vertex 6.83827 -48.3579 22.735
      vertex 3.4 -40 22.735
      vertex 6.6781 -48.3817 22.735
    endloop
  endfacet
  facet normal 0 0 1
    outer loop
      vertex 6.6781 -48.3817 22.735
      vertex 3.4 -40 22.735
      vertex 6.52103 -48.421 22.735
    endloop
  endfacet
  facet normal 0 0 1
    outer loop
      vertex 6.52103 -48.421 22.735
      vertex 3.4 -40 22.735
      vertex 6.36857 -48.4756 22.735
    endloop
  endfacet
  facet normal 0 0 1
    outer loop
      vertex 6.36857 -48.4756 22.735
      vertex 3.4 -40 22.735
      vertex 6.22219 -48.5448 22.735
    endloop
  endfacet
  facet normal 0 0 1
    outer loop
      vertex 6.22219 -48.5448 22.735
      vertex 3.4 -40 22.735
      vertex 6.08331 -48.6281 22.735
    endloop
  endfacet
  facet normal 0 0 1
    outer loop
      vertex 6.08331 -48.6281 22.735
      vertex 3.4 -40 22.735
      vertex 5.95325 -48.7245 22.735
    endloop
  endfacet
  facet normal 0 0 1
    outer loop
      vertex 5.95325 -48.7245 22.735
      vertex 3.4 -40 22.735
      vertex 5.83327 -48.8333 22.735
    endloop
  endfacet
  facet normal 0 0 1
    outer loop
      vertex 5.83327 -48.8333 22.735
      vertex 3.4 -40 22.735
      vertex 5.72453 -48.9533 22.735
    endloop
  endfacet
  facet normal 0 0 1
    outer loop
      vertex 5.72453 -48.9533 22.735
      vertex 3.4 -40 22.735
      vertex 5.62807 -49.0833 22.735
    endloop
  endfacet
  facet normal 0 0 1
    outer loop
      vertex 5.35794 -49.8383 22.735
      vertex 3.4 -40 22.735
      vertex 5.35 -50 22.735
    endloop
  endfacet
  facet normal 0 0 1
    outer loop
      vertex 5.3817 -49.6781 22.735
      vertex 3.4 -40 22.735
      vertex 5.35794 -49.8383 22.735
    endloop
  endfacet
  facet normal 0 0 1
    outer loop
      vertex 5.42105 -49.521 22.735
      vertex 3.4 -40 22.735
      vertex 5.3817 -49.6781 22.735
    endloop
  endfacet
  facet normal 0 0 1
    outer loop
      vertex 5.4756 -49.3686 22.735
      vertex 3.4 -40 22.735
      vertex 5.42105 -49.521 22.735
    endloop
  endfacet
  facet normal 0 0 1
    outer loop
      vertex 5.54483 -49.2222 22.735
      vertex 3.4 -40 22.735
      vertex 5.4756 -49.3686 22.735
    endloop
  endfacet
  facet normal 0 0 1
    outer loop
      vertex 5.62807 -49.0833 22.735
      vertex 3.4 -40 22.735
      vertex 5.54483 -49.2222 22.735
    endloop
  endfacet
  facet normal -0 0 1
    outer loop
      vertex 8.64205 -50.1617 22.735
      vertex 11 -60 22.735
      vertex 8.65 -50 22.735
    endloop
  endfacet
  facet normal -0 0 1
    outer loop
      vertex 8.6183 -50.3219 22.735
      vertex 11 -60 22.735
      vertex 8.64205 -50.1617 22.735
    endloop
  endfacet
  facet normal -0 0 1
    outer loop
      vertex 8.57895 -50.479 22.735
      vertex 11 -60 22.735
      vertex 8.6183 -50.3219 22.735
    endloop
  endfacet
  facet normal -0 0 1
    outer loop
      vertex 8.5244 -50.6314 22.735
      vertex 11 -60 22.735
      vertex 8.57895 -50.479 22.735
    endloop
  endfacet
  facet normal -0 0 1
    outer loop
      vertex 8.45517 -50.7778 22.735
      vertex 11 -60 22.735
      vertex 8.5244 -50.6314 22.735
    endloop
  endfacet
  facet normal -0 0 1
    outer loop
      vertex 8.37192 -50.9167 22.735
      vertex 11 -60 22.735
      vertex 8.45517 -50.7778 22.735
    endloop
  endfacet
  facet normal -0 0 1
    outer loop
      vertex 8.27547 -51.0467 22.735
      vertex 11 -60 22.735
      vertex 8.37192 -50.9167 22.735
    endloop
  endfacet
  facet normal -0 0 1
    outer loop
      vertex 8.16673 -51.1667 22.735
      vertex 11 -60 22.735
      vertex 8.27547 -51.0467 22.735
    endloop
  endfacet
  facet normal -0 0 1
    outer loop
      vertex 8.04675 -51.2755 22.735
      vertex 11 -60 22.735
      vertex 8.16673 -51.1667 22.735
    endloop
  endfacet
  facet normal -0 0 1
    outer loop
      vertex 7.91669 -51.3719 22.735
      vertex 11 -60 22.735
      vertex 8.04675 -51.2755 22.735
    endloop
  endfacet
  facet normal -0 0 1
    outer loop
      vertex 7.7778 -51.4552 22.735
      vertex 11 -60 22.735
      vertex 7.91669 -51.3719 22.735
    endloop
  endfacet
  facet normal -0 0 1
    outer loop
      vertex 7.63143 -51.5244 22.735
      vertex 11 -60 22.735
      vertex 7.7778 -51.4552 22.735
    endloop
  endfacet
  facet normal -0 0 1
    outer loop
      vertex 7.47897 -51.5789 22.735
      vertex 11 -60 22.735
      vertex 7.63143 -51.5244 22.735
    endloop
  endfacet
  facet normal -0 0 1
    outer loop
      vertex 7.3219 -51.6183 22.735
      vertex 11 -60 22.735
      vertex 7.47897 -51.5789 22.735
    endloop
  endfacet
  facet normal -0 0 1
    outer loop
      vertex 7.16173 -51.6421 22.735
      vertex 11 -60 22.735
      vertex 7.3219 -51.6183 22.735
    endloop
  endfacet
  facet normal -0 0 1
    outer loop
      vertex 7 -51.65 22.735
      vertex 11 -60 22.735
      vertex 7.16173 -51.6421 22.735
    endloop
  endfacet
  facet normal 0 0 1
    outer loop
      vertex 3.4 -60 22.735
      vertex 7 -51.65 22.735
      vertex 6.83827 -51.6421 22.735
    endloop
  endfacet
  facet normal 0 0 1
    outer loop
      vertex 3.4 -60 22.735
      vertex 6.83827 -51.6421 22.735
      vertex 6.6781 -51.6183 22.735
    endloop
  endfacet
  facet normal 0 0 1
    outer loop
      vertex 3.4 -60 22.735
      vertex 6.6781 -51.6183 22.735
      vertex 6.52103 -51.5789 22.735
    endloop
  endfacet
  facet normal 0 0 1
    outer loop
      vertex 3.4 -60 22.735
      vertex 6.52103 -51.5789 22.735
      vertex 6.36857 -51.5244 22.735
    endloop
  endfacet
  facet normal 0 0 1
    outer loop
      vertex 3.4 -60 22.735
      vertex 6.36857 -51.5244 22.735
      vertex 6.22219 -51.4552 22.735
    endloop
  endfacet
  facet normal 0 0 1
    outer loop
      vertex 3.4 -60 22.735
      vertex 6.22219 -51.4552 22.735
      vertex 6.08331 -51.3719 22.735
    endloop
  endfacet
  facet normal 0 0 1
    outer loop
      vertex 3.4 -60 22.735
      vertex 6.08331 -51.3719 22.735
      vertex 5.95325 -51.2755 22.735
    endloop
  endfacet
  facet normal 0 0 1
    outer loop
      vertex 3.4 -60 22.735
      vertex 5.95325 -51.2755 22.735
      vertex 5.83327 -51.1667 22.735
    endloop
  endfacet
  facet normal 0 0 1
    outer loop
      vertex 3.4 -60 22.735
      vertex 5.83327 -51.1667 22.735
      vertex 5.72453 -51.0467 22.735
    endloop
  endfacet
  facet normal 0 0 1
    outer loop
      vertex 3.4 -60 22.735
      vertex 5.72453 -51.0467 22.735
      vertex 5.62807 -50.9167 22.735
    endloop
  endfacet
  facet normal 0 0 1
    outer loop
      vertex 3.4 -60 22.735
      vertex 5.62807 -50.9167 22.735
      vertex 5.54483 -50.7778 22.735
    endloop
  endfacet
  facet normal 0 0 1
    outer loop
      vertex 3.4 -60 22.735
      vertex 5.35 -50 22.735
      vertex 3.4 -40 22.735
    endloop
  endfacet
  facet normal 0 0 1
    outer loop
      vertex 5.35 -50 22.735
      vertex 3.4 -60 22.735
      vertex 5.35794 -50.1617 22.735
    endloop
  endfacet
  facet normal 0 0 1
    outer loop
      vertex 7 -51.65 22.735
      vertex 3.4 -60 22.735
      vertex 11 -60 22.735
    endloop
  endfacet
  facet normal 0 0 1
    outer loop
      vertex 5.4756 -50.6314 22.735
      vertex 3.4 -60 22.735
      vertex 5.54483 -50.7778 22.735
    endloop
  endfacet
  facet normal 0 0 1
    outer loop
      vertex 5.42105 -50.479 22.735
      vertex 3.4 -60 22.735
      vertex 5.4756 -50.6314 22.735
    endloop
  endfacet
  facet normal 0 0 1
    outer loop
      vertex 5.3817 -50.3219 22.735
      vertex 3.4 -60 22.735
      vertex 5.42105 -50.479 22.735
    endloop
  endfacet
  facet normal 0 0 1
    outer loop
      vertex 5.35794 -50.1617 22.735
      vertex 3.4 -60 22.735
      vertex 5.3817 -50.3219 22.735
    endloop
  endfacet
  facet normal 0 0 1
    outer loop
      vertex -3.4 -40 22.735
      vertex -5.35 -50 22.735
      vertex -3.4 -60 22.735
    endloop
  endfacet
  facet normal 0 0 1
    outer loop
      vertex -3.4 -40 22.735
      vertex -5.35794 -49.8383 22.735
      vertex -5.35 -50 22.735
    endloop
  endfacet
  facet normal 0 0 1
    outer loop
      vertex -3.4 -40 22.735
      vertex -5.3817 -49.6781 22.735
      vertex -5.35794 -49.8383 22.735
    endloop
  endfacet
  facet normal 0 0 1
    outer loop
      vertex -3.4 -40 22.735
      vertex -5.42105 -49.521 22.735
      vertex -5.3817 -49.6781 22.735
    endloop
  endfacet
  facet normal 0 0 1
    outer loop
      vertex -3.4 -40 22.735
      vertex -5.4756 -49.3686 22.735
      vertex -5.42105 -49.521 22.735
    endloop
  endfacet
  facet normal 0 0 1
    outer loop
      vertex -3.4 -40 22.735
      vertex -5.54483 -49.2222 22.735
      vertex -5.4756 -49.3686 22.735
    endloop
  endfacet
  facet normal 0 0 1
    outer loop
      vertex -3.4 -40 22.735
      vertex -5.62807 -49.0833 22.735
      vertex -5.54483 -49.2222 22.735
    endloop
  endfacet
  facet normal 0 0 1
    outer loop
      vertex -3.4 -40 22.735
      vertex -5.72453 -48.9533 22.735
      vertex -5.62807 -49.0833 22.735
    endloop
  endfacet
  facet normal 0 0 1
    outer loop
      vertex -3.4 -40 22.735
      vertex -5.83327 -48.8333 22.735
      vertex -5.72453 -48.9533 22.735
    endloop
  endfacet
  facet normal 0 0 1
    outer loop
      vertex -3.4 -40 22.735
      vertex -5.95325 -48.7245 22.735
      vertex -5.83327 -48.8333 22.735
    endloop
  endfacet
  facet normal 0 0 1
    outer loop
      vertex -3.4 -40 22.735
      vertex -6.08331 -48.6281 22.735
      vertex -5.95325 -48.7245 22.735
    endloop
  endfacet
  facet normal 0 0 1
    outer loop
      vertex -3.4 -40 22.735
      vertex -6.22219 -48.5448 22.735
      vertex -6.08331 -48.6281 22.735
    endloop
  endfacet
  facet normal 0 0 1
    outer loop
      vertex -3.4 -40 22.735
      vertex -6.36857 -48.4756 22.735
      vertex -6.22219 -48.5448 22.735
    endloop
  endfacet
  facet normal 0 0 1
    outer loop
      vertex -3.4 -40 22.735
      vertex -6.52103 -48.421 22.735
      vertex -6.36857 -48.4756 22.735
    endloop
  endfacet
  facet normal 0 0 1
    outer loop
      vertex -3.4 -40 22.735
      vertex -6.6781 -48.3817 22.735
      vertex -6.52103 -48.421 22.735
    endloop
  endfacet
  facet normal 0 0 1
    outer loop
      vertex -3.4 -40 22.735
      vertex -6.83827 -48.3579 22.735
      vertex -6.6781 -48.3817 22.735
    endloop
  endfacet
  facet normal 0 0 1
    outer loop
      vertex -3.4 -40 22.735
      vertex -7 -48.35 22.735
      vertex -6.83827 -48.3579 22.735
    endloop
  endfacet
  facet normal -0 0 1
    outer loop
      vertex -11 -40 22.735
      vertex -7 -48.35 22.735
      vertex -3.4 -40 22.735
    endloop
  endfacet
  facet normal 0 0 1
    outer loop
      vertex -7 -48.35 22.735
      vertex -11 -40 22.735
      vertex -7.16173 -48.3579 22.735
    endloop
  endfacet
  facet normal 0 0 1
    outer loop
      vertex -7.16173 -48.3579 22.735
      vertex -11 -40 22.735
      vertex -7.3219 -48.3817 22.735
    endloop
  endfacet
  facet normal 0 0 1
    outer loop
      vertex -7.3219 -48.3817 22.735
      vertex -11 -40 22.735
      vertex -7.47897 -48.421 22.735
    endloop
  endfacet
  facet normal 0 0 1
    outer loop
      vertex -7.47897 -48.421 22.735
      vertex -11 -40 22.735
      vertex -7.63143 -48.4756 22.735
    endloop
  endfacet
  facet normal 0 0 1
    outer loop
      vertex -7.63143 -48.4756 22.735
      vertex -11 -40 22.735
      vertex -7.7778 -48.5448 22.735
    endloop
  endfacet
  facet normal 0 0 1
    outer loop
      vertex -7.7778 -48.5448 22.735
      vertex -11 -40 22.735
      vertex -7.91669 -48.6281 22.735
    endloop
  endfacet
  facet normal 0 0 1
    outer loop
      vertex -7.91669 -48.6281 22.735
      vertex -11 -40 22.735
      vertex -8.04675 -48.7245 22.735
    endloop
  endfacet
  facet normal 0 0 1
    outer loop
      vertex -8.04675 -48.7245 22.735
      vertex -11 -40 22.735
      vertex -8.16673 -48.8333 22.735
    endloop
  endfacet
  facet normal 0 0 1
    outer loop
      vertex -8.16673 -48.8333 22.735
      vertex -11 -40 22.735
      vertex -8.27547 -48.9533 22.735
    endloop
  endfacet
  facet normal 0 0 1
    outer loop
      vertex -8.27547 -48.9533 22.735
      vertex -11 -40 22.735
      vertex -8.37192 -49.0833 22.735
    endloop
  endfacet
  facet normal 0 0 1
    outer loop
      vertex -8.64205 -49.8383 22.735
      vertex -11 -40 22.735
      vertex -8.65 -50 22.735
    endloop
  endfacet
  facet normal 0 0 1
    outer loop
      vertex -8.6183 -49.6781 22.735
      vertex -11 -40 22.735
      vertex -8.64205 -49.8383 22.735
    endloop
  endfacet
  facet normal 0 0 1
    outer loop
      vertex -8.57895 -49.521 22.735
      vertex -11 -40 22.735
      vertex -8.6183 -49.6781 22.735
    endloop
  endfacet
  facet normal 0 0 1
    outer loop
      vertex -8.5244 -49.3686 22.735
      vertex -11 -40 22.735
      vertex -8.57895 -49.521 22.735
    endloop
  endfacet
  facet normal 0 0 1
    outer loop
      vertex -8.45517 -49.2222 22.735
      vertex -11 -40 22.735
      vertex -8.5244 -49.3686 22.735
    endloop
  endfacet
  facet normal 0 0 1
    outer loop
      vertex -8.37192 -49.0833 22.735
      vertex -11 -40 22.735
      vertex -8.45517 -49.2222 22.735
    endloop
  endfacet
  facet normal -0 0 1
    outer loop
      vertex -5.35794 -50.1617 22.735
      vertex -3.4 -60 22.735
      vertex -5.35 -50 22.735
    endloop
  endfacet
  facet normal -0 0 1
    outer loop
      vertex -5.3817 -50.3219 22.735
      vertex -3.4 -60 22.735
      vertex -5.35794 -50.1617 22.735
    endloop
  endfacet
  facet normal -0 0 1
    outer loop
      vertex -5.42105 -50.479 22.735
      vertex -3.4 -60 22.735
      vertex -5.3817 -50.3219 22.735
    endloop
  endfacet
  facet normal -0 0 1
    outer loop
      vertex -5.4756 -50.6314 22.735
      vertex -3.4 -60 22.735
      vertex -5.42105 -50.479 22.735
    endloop
  endfacet
  facet normal -0 0 1
    outer loop
      vertex -5.54483 -50.7778 22.735
      vertex -3.4 -60 22.735
      vertex -5.4756 -50.6314 22.735
    endloop
  endfacet
  facet normal -0 0 1
    outer loop
      vertex -5.62807 -50.9167 22.735
      vertex -3.4 -60 22.735
      vertex -5.54483 -50.7778 22.735
    endloop
  endfacet
  facet normal -0 0 1
    outer loop
      vertex -5.72453 -51.0467 22.735
      vertex -3.4 -60 22.735
      vertex -5.62807 -50.9167 22.735
    endloop
  endfacet
  facet normal -0 0 1
    outer loop
      vertex -5.83327 -51.1667 22.735
      vertex -3.4 -60 22.735
      vertex -5.72453 -51.0467 22.735
    endloop
  endfacet
  facet normal -0 0 1
    outer loop
      vertex -5.95325 -51.2755 22.735
      vertex -3.4 -60 22.735
      vertex -5.83327 -51.1667 22.735
    endloop
  endfacet
  facet normal -0 0 1
    outer loop
      vertex -6.08331 -51.3719 22.735
      vertex -3.4 -60 22.735
      vertex -5.95325 -51.2755 22.735
    endloop
  endfacet
  facet normal -0 0 1
    outer loop
      vertex -6.22219 -51.4552 22.735
      vertex -3.4 -60 22.735
      vertex -6.08331 -51.3719 22.735
    endloop
  endfacet
  facet normal -0 0 1
    outer loop
      vertex -6.36857 -51.5244 22.735
      vertex -3.4 -60 22.735
      vertex -6.22219 -51.4552 22.735
    endloop
  endfacet
  facet normal -0 0 1
    outer loop
      vertex -6.52103 -51.5789 22.735
      vertex -3.4 -60 22.735
      vertex -6.36857 -51.5244 22.735
    endloop
  endfacet
  facet normal -0 0 1
    outer loop
      vertex -6.6781 -51.6183 22.735
      vertex -3.4 -60 22.735
      vertex -6.52103 -51.5789 22.735
    endloop
  endfacet
  facet normal -0 0 1
    outer loop
      vertex -6.83827 -51.6421 22.735
      vertex -3.4 -60 22.735
      vertex -6.6781 -51.6183 22.735
    endloop
  endfacet
  facet normal -0 0 1
    outer loop
      vertex -7 -51.65 22.735
      vertex -3.4 -60 22.735
      vertex -6.83827 -51.6421 22.735
    endloop
  endfacet
  facet normal 0 0 1
    outer loop
      vertex -11 -60 22.735
      vertex -7 -51.65 22.735
      vertex -7.16173 -51.6421 22.735
    endloop
  endfacet
  facet normal 0 0 1
    outer loop
      vertex -11 -60 22.735
      vertex -7.16173 -51.6421 22.735
      vertex -7.3219 -51.6183 22.735
    endloop
  endfacet
  facet normal 0 0 1
    outer loop
      vertex -11 -60 22.735
      vertex -7.3219 -51.6183 22.735
      vertex -7.47897 -51.5789 22.735
    endloop
  endfacet
  facet normal 0 0 1
    outer loop
      vertex -11 -60 22.735
      vertex -7.47897 -51.5789 22.735
      vertex -7.63143 -51.5244 22.735
    endloop
  endfacet
  facet normal 0 0 1
    outer loop
      vertex -11 -60 22.735
      vertex -7.63143 -51.5244 22.735
      vertex -7.7778 -51.4552 22.735
    endloop
  endfacet
  facet normal 0 0 1
    outer loop
      vertex -11 -60 22.735
      vertex -7.7778 -51.4552 22.735
      vertex -7.91669 -51.3719 22.735
    endloop
  endfacet
  facet normal 0 0 1
    outer loop
      vertex -11 -60 22.735
      vertex -7.91669 -51.3719 22.735
      vertex -8.04675 -51.2755 22.735
    endloop
  endfacet
  facet normal 0 0 1
    outer loop
      vertex -11 -60 22.735
      vertex -8.04675 -51.2755 22.735
      vertex -8.16673 -51.1667 22.735
    endloop
  endfacet
  facet normal 0 0 1
    outer loop
      vertex -11 -60 22.735
      vertex -8.16673 -51.1667 22.735
      vertex -8.27547 -51.0467 22.735
    endloop
  endfacet
  facet normal 0 0 1
    outer loop
      vertex -11 -60 22.735
      vertex -8.27547 -51.0467 22.735
      vertex -8.37192 -50.9167 22.735
    endloop
  endfacet
  facet normal 0 0 1
    outer loop
      vertex -11 -60 22.735
      vertex -8.37192 -50.9167 22.735
      vertex -8.45517 -50.7778 22.735
    endloop
  endfacet
  facet normal 0 0 1
    outer loop
      vertex -11 -60 22.735
      vertex -8.65 -50 22.735
      vertex -11 -40 22.735
    endloop
  endfacet
  facet normal 0 0 1
    outer loop
      vertex -8.65 -50 22.735
      vertex -11 -60 22.735
      vertex -8.64205 -50.1617 22.735
    endloop
  endfacet
  facet normal 0 0 1
    outer loop
      vertex -7 -51.65 22.735
      vertex -11 -60 22.735
      vertex -3.4 -60 22.735
    endloop
  endfacet
  facet normal 0 0 1
    outer loop
      vertex -8.5244 -50.6314 22.735
      vertex -11 -60 22.735
      vertex -8.45517 -50.7778 22.735
    endloop
  endfacet
  facet normal 0 0 1
    outer loop
      vertex -8.57895 -50.479 22.735
      vertex -11 -60 22.735
      vertex -8.5244 -50.6314 22.735
    endloop
  endfacet
  facet normal 0 0 1
    outer loop
      vertex -8.6183 -50.3219 22.735
      vertex -11 -60 22.735
      vertex -8.57895 -50.479 22.735
    endloop
  endfacet
  facet normal 0 0 1
    outer loop
      vertex -8.64205 -50.1617 22.735
      vertex -11 -60 22.735
      vertex -8.6183 -50.3219 22.735
    endloop
  endfacet
  facet normal -1 0 0
    outer loop
      vertex -11 -60 8
      vertex -11 -40 22.735
      vertex -11 -40 8
    endloop
  endfacet
  facet normal -1 -0 0
    outer loop
      vertex -11 -40 22.735
      vertex -11 -60 8
      vertex -11 -60 22.735
    endloop
  endfacet
  facet normal 0 1 0
    outer loop
      vertex 11 -40 22.735
      vertex 3.4 -40 22.145
      vertex 3.4 -40 22.735
    endloop
  endfacet
  facet normal 0 1 0
    outer loop
      vertex 3.4 -40 22.145
      vertex 4 -40 16.735
      vertex -3.4 -40 22.145
    endloop
  endfacet
  facet normal 0 1 0
    outer loop
      vertex 11 -40 22.735
      vertex 4 -40 16.735
      vertex 3.4 -40 22.145
    endloop
  endfacet
  facet normal 0 1 -0
    outer loop
      vertex 11 -40 8
      vertex 4 -40 16.735
      vertex 11 -40 22.735
    endloop
  endfacet
  facet normal 0 1 0
    outer loop
      vertex 4 -40 16.735
      vertex 11 -40 8
      vertex 4 -40 8
    endloop
  endfacet
  facet normal 0 1 -0
    outer loop
      vertex -3.4 -40 22.145
      vertex -11 -40 22.735
      vertex -3.4 -40 22.735
    endloop
  endfacet
  facet normal 0 1 0
    outer loop
      vertex -4 -40 16.735
      vertex -3.4 -40 22.145
      vertex 4 -40 16.735
    endloop
  endfacet
  facet normal 0 1 0
    outer loop
      vertex -3.4 -40 22.145
      vertex -4 -40 16.735
      vertex -11 -40 22.735
    endloop
  endfacet
  facet normal 0 1 0
    outer loop
      vertex -11 -40 8
      vertex -4 -40 16.735
      vertex -4 -40 8
    endloop
  endfacet
  facet normal 0 1 0
    outer loop
      vertex -4 -40 16.735
      vertex -11 -40 8
      vertex -11 -40 22.735
    endloop
  endfacet
  facet normal 0.608789 -0.793332 0
    outer loop
      vertex 70 -59.4641 0
      vertex 70.8284 -58.8284 8
      vertex 70 -59.4641 8
    endloop
  endfacet
  facet normal 0.608789 -0.793332 0
    outer loop
      vertex 70.8284 -58.8284 8
      vertex 70 -59.4641 0
      vertex 70.8284 -58.8284 0
    endloop
  endfacet
  facet normal 1 -0 0
    outer loop
      vertex 72 -56 8
      vertex 72 56 0
      vertex 72 56 8
    endloop
  endfacet
  facet normal 1 0 0
    outer loop
      vertex 72 56 0
      vertex 72 -56 8
      vertex 72 -56 0
    endloop
  endfacet
  facet normal 0 0 1
    outer loop
      vertex 68 60 8
      vertex 72 56 8
      vertex 71.8637 57.0353 8
    endloop
  endfacet
  facet normal 0 0 1
    outer loop
      vertex 72 56 8
      vertex 64.5 60 8
      vertex 72 -56 8
    endloop
  endfacet
  facet normal 0 0 1
    outer loop
      vertex 68 60 8
      vertex 71.8637 57.0353 8
      vertex 71.4641 58 8
    endloop
  endfacet
  facet normal 0 0 1
    outer loop
      vertex 64.5 -60 8
      vertex 72 -56 8
      vertex 64.5 60 8
    endloop
  endfacet
  facet normal 0 0 1
    outer loop
      vertex 68 60 8
      vertex 71.4641 58 8
      vertex 70.8284 58.8284 8
    endloop
  endfacet
  facet normal 0 -0 1
    outer loop
      vertex 68 -60 8
      vertex 72 -56 8
      vertex 64.5 -60 8
    endloop
  endfacet
  facet normal 0 0 1
    outer loop
      vertex 68 60 8
      vertex 70.8284 58.8284 8
      vertex 70 59.4641 8
    endloop
  endfacet
  facet normal 0 0 1
    outer loop
      vertex 72 -56 8
      vertex 68 -60 8
      vertex 71.8637 -57.0353 8
    endloop
  endfacet
  facet normal 0 0 1
    outer loop
      vertex 68 60 8
      vertex 70 59.4641 8
      vertex 69.0353 59.8637 8
    endloop
  endfacet
  facet normal 0 0 1
    outer loop
      vertex 71.8637 -57.0353 8
      vertex 68 -60 8
      vertex 71.4641 -58 8
    endloop
  endfacet
  facet normal 0 0 1
    outer loop
      vertex 72 56 8
      vertex 68 60 8
      vertex 64.5 60 8
    endloop
  endfacet
  facet normal 0 0 1
    outer loop
      vertex 71.4641 -58 8
      vertex 68 -60 8
      vertex 70.8284 -58.8284 8
    endloop
  endfacet
  facet normal 0 0 1
    outer loop
      vertex 70.8284 -58.8284 8
      vertex 68 -60 8
      vertex 70 -59.4641 8
    endloop
  endfacet
  facet normal 0 0 1
    outer loop
      vertex 70 -59.4641 8
      vertex 68 -60 8
      vertex 69.0353 -59.8637 8
    endloop
  endfacet
  facet normal 0 0 1
    outer loop
      vertex -72 56 8
      vertex -64.5 60 8
      vertex -68 60 8
    endloop
  endfacet
  facet normal 0 0 1
    outer loop
      vertex -64.5 60 8
      vertex -72 56 8
      vertex -64.5 -60 8
    endloop
  endfacet
  facet normal 0 0 1
    outer loop
      vertex -72 56 8
      vertex -68 60 8
      vertex -69.0353 59.8637 8
    endloop
  endfacet
  facet normal -0 0 1
    outer loop
      vertex -72 -56 8
      vertex -64.5 -60 8
      vertex -72 56 8
    endloop
  endfacet
  facet normal 0 0 1
    outer loop
      vertex -72 56 8
      vertex -69.0353 59.8637 8
      vertex -70 59.4641 8
    endloop
  endfacet
  facet normal 0 0 1
    outer loop
      vertex -64.5 -60 8
      vertex -72 -56 8
      vertex -68 -60 8
    endloop
  endfacet
  facet normal 0 0 1
    outer loop
      vertex -72 56 8
      vertex -70 59.4641 8
      vertex -70.8284 58.8284 8
    endloop
  endfacet
  facet normal 0 0 1
    outer loop
      vertex -68 -60 8
      vertex -72 -56 8
      vertex -69.0353 -59.8637 8
    endloop
  endfacet
  facet normal 0 0 1
    outer loop
      vertex -72 56 8
      vertex -70.8284 58.8284 8
      vertex -71.4641 58 8
    endloop
  endfacet
  facet normal 0 0 1
    outer loop
      vertex -69.0353 -59.8637 8
      vertex -72 -56 8
      vertex -70 -59.4641 8
    endloop
  endfacet
  facet normal 0 0 1
    outer loop
      vertex -72 56 8
      vertex -71.4641 58 8
      vertex -71.8637 57.0353 8
    endloop
  endfacet
  facet normal 0 0 1
    outer loop
      vertex -70 -59.4641 8
      vertex -72 -56 8
      vertex -70.8284 -58.8284 8
    endloop
  endfacet
  facet normal 0 0 1
    outer loop
      vertex -70.8284 -58.8284 8
      vertex -72 -56 8
      vertex -71.4641 -58 8
    endloop
  endfacet
  facet normal 0 0 1
    outer loop
      vertex -71.4641 -58 8
      vertex -72 -56 8
      vertex -71.8637 -57.0353 8
    endloop
  endfacet
  facet normal 0 0 1
    outer loop
      vertex -4 -40 8
      vertex -16.0433 -31.1178 8
      vertex -16 -32 8
    endloop
  endfacet
  facet normal 0 0 1
    outer loop
      vertex -11.4833 -3.48342 8
      vertex -16.5167 -3.48342 8
      vertex -11.0866 -4.5922 8
    endloop
  endfacet
  facet normal 0 0 1
    outer loop
      vertex -10.5831 -5.65676 8
      vertex -16.1729 -30.2442 8
      vertex -16.0433 -31.1178 8
    endloop
  endfacet
  facet normal 0 0 1
    outer loop
      vertex -16.9134 -4.5922 8
      vertex -11.0866 -4.5922 8
      vertex -16.5167 -3.48342 8
    endloop
  endfacet
  facet normal 0 0 1
    outer loop
      vertex -10.5831 -5.65676 8
      vertex -16.3875 -29.3874 8
      vertex -16.1729 -30.2442 8
    endloop
  endfacet
  facet normal 0 0 1
    outer loop
      vertex -11.0866 -4.5922 8
      vertex -16.9134 -4.5922 8
      vertex -10.5831 -5.65676 8
    endloop
  endfacet
  facet normal 0 0 1
    outer loop
      vertex -10.5831 -5.65676 8
      vertex -16.6851 -28.5558 8
      vertex -16.3875 -29.3874 8
    endloop
  endfacet
  facet normal 0 0 1
    outer loop
      vertex -17.4169 -5.65676 8
      vertex -10.5831 -5.65676 8
      vertex -16.9134 -4.5922 8
    endloop
  endfacet
  facet normal 0 0 1
    outer loop
      vertex -10.5831 -5.65676 8
      vertex -17.0627 -27.7574 8
      vertex -16.6851 -28.5558 8
    endloop
  endfacet
  facet normal 0 0 1
    outer loop
      vertex -18.0224 -6.66684 8
      vertex -10.5831 -5.65676 8
      vertex -17.4169 -5.65676 8
    endloop
  endfacet
  facet normal 0 0 1
    outer loop
      vertex -10.5831 -5.65676 8
      vertex -17.5168 -26.9999 8
      vertex -17.0627 -27.7574 8
    endloop
  endfacet
  facet normal 0 0 1
    outer loop
      vertex -18.7239 -7.61272 8
      vertex -10.5831 -5.65676 8
      vertex -18.0224 -6.66684 8
    endloop
  endfacet
  facet normal 0 0 1
    outer loop
      vertex -10.5831 -5.65676 8
      vertex -18.0429 -26.2905 8
      vertex -17.5168 -26.9999 8
    endloop
  endfacet
  facet normal 0 0 1
    outer loop
      vertex -19.5147 -8.48528 8
      vertex -10.5831 -5.65676 8
      vertex -18.7239 -7.61272 8
    endloop
  endfacet
  facet normal 0 0 1
    outer loop
      vertex -10.5831 -5.65676 8
      vertex -18.636 -25.636 8
      vertex -18.0429 -26.2905 8
    endloop
  endfacet
  facet normal 0 -0 1
    outer loop
      vertex -19.2905 -25.0429 8
      vertex -10.5831 -5.65676 8
      vertex -19.5147 -8.48528 8
    endloop
  endfacet
  facet normal 0 0 1
    outer loop
      vertex -10.5831 -5.65676 8
      vertex -19.2905 -25.0429 8
      vertex -18.636 -25.636 8
    endloop
  endfacet
  facet normal -0 0 1
    outer loop
      vertex -20.3873 -9.27612 8
      vertex -19.2905 -25.0429 8
      vertex -19.5147 -8.48528 8
    endloop
  endfacet
  facet normal 0 0 1
    outer loop
      vertex -19.2905 -25.0429 8
      vertex -20.3873 -9.27612 8
      vertex -19.9999 -24.5168 8
    endloop
  endfacet
  facet normal -0 0 1
    outer loop
      vertex -21.3332 -9.97763 8
      vertex -19.9999 -24.5168 8
      vertex -20.3873 -9.27612 8
    endloop
  endfacet
  facet normal 0 0 1
    outer loop
      vertex -19.9999 -24.5168 8
      vertex -21.3332 -9.97763 8
      vertex -20.7574 -24.0627 8
    endloop
  endfacet
  facet normal 0 0 1
    outer loop
      vertex -21.3332 -9.97763 8
      vertex -21.5558 -23.6851 8
      vertex -20.7574 -24.0627 8
    endloop
  endfacet
  facet normal -0 0 1
    outer loop
      vertex -22.3432 -10.5831 8
      vertex -21.5558 -23.6851 8
      vertex -21.3332 -9.97763 8
    endloop
  endfacet
  facet normal 0 0 1
    outer loop
      vertex -22.3432 -10.5831 8
      vertex -22.3874 -23.3875 8
      vertex -21.5558 -23.6851 8
    endloop
  endfacet
  facet normal -0 0 1
    outer loop
      vertex -23.4078 -11.0866 8
      vertex -22.3874 -23.3875 8
      vertex -22.3432 -10.5831 8
    endloop
  endfacet
  facet normal 0 0 1
    outer loop
      vertex -22.3874 -23.3875 8
      vertex -23.4078 -11.0866 8
      vertex -23.2442 -23.1729 8
    endloop
  endfacet
  facet normal -0 0 1
    outer loop
      vertex -24.5166 -11.4833 8
      vertex -23.2442 -23.1729 8
      vertex -23.4078 -11.0866 8
    endloop
  endfacet
  facet normal 0 0 1
    outer loop
      vertex -23.2442 -23.1729 8
      vertex -24.5166 -11.4833 8
      vertex -24.1178 -23.0433 8
    endloop
  endfacet
  facet normal -0 0 1
    outer loop
      vertex -25.6589 -11.7694 8
      vertex -24.1178 -23.0433 8
      vertex -24.5166 -11.4833 8
    endloop
  endfacet
  facet normal 0 0 1
    outer loop
      vertex -24.1178 -23.0433 8
      vertex -25.6589 -11.7694 8
      vertex -25 -23 8
    endloop
  endfacet
  facet normal -0 0 1
    outer loop
      vertex -26.8238 -11.9422 8
      vertex -25 -23 8
      vertex -25.6589 -11.7694 8
    endloop
  endfacet
  facet normal 0 0 1
    outer loop
      vertex -25 -23 8
      vertex -26.8238 -11.9422 8
      vertex -25.8822 -23.0433 8
    endloop
  endfacet
  facet normal 0 0 1
    outer loop
      vertex -25.8822 -23.0433 8
      vertex -26.8238 -11.9422 8
      vertex -26.7558 -23.1729 8
    endloop
  endfacet
  facet normal -0 0 1
    outer loop
      vertex -28 -12 8
      vertex -26.7558 -23.1729 8
      vertex -26.8238 -11.9422 8
    endloop
  endfacet
  facet normal 0 0 1
    outer loop
      vertex -26.7558 -23.1729 8
      vertex -28 -12 8
      vertex -27.6126 -23.3875 8
    endloop
  endfacet
  facet normal 0 0 1
    outer loop
      vertex -29.1762 -11.9422 8
      vertex -27.6126 -23.3875 8
      vertex -28 -12 8
    endloop
  endfacet
  facet normal 0 0 1
    outer loop
      vertex -27.6126 -23.3875 8
      vertex -29.1762 -11.9422 8
      vertex -28.4441 -23.6851 8
    endloop
  endfacet
  facet normal 0 0 1
    outer loop
      vertex -30.3411 -11.7694 8
      vertex -28.4441 -23.6851 8
      vertex -29.1762 -11.9422 8
    endloop
  endfacet
  facet normal 0 0 1
    outer loop
      vertex -28.4441 -23.6851 8
      vertex -30.3411 -11.7694 8
      vertex -29.2426 -24.0627 8
    endloop
  endfacet
  facet normal 0 0 1
    outer loop
      vertex -31.4834 -11.4833 8
      vertex -29.2426 -24.0627 8
      vertex -30.3411 -11.7694 8
    endloop
  endfacet
  facet normal 0 0 1
    outer loop
      vertex -29.2426 -24.0627 8
      vertex -31.4834 -11.4833 8
      vertex -30.0001 -24.5168 8
    endloop
  endfacet
  facet normal 0 0 1
    outer loop
      vertex -32.5922 -11.0866 8
      vertex -30.0001 -24.5168 8
      vertex -31.4834 -11.4833 8
    endloop
  endfacet
  facet normal 0 0 1
    outer loop
      vertex -30.0001 -24.5168 8
      vertex -32.5922 -11.0866 8
      vertex -30.7095 -25.0429 8
    endloop
  endfacet
  facet normal 0 0 1
    outer loop
      vertex -30.7095 -25.0429 8
      vertex -32.5922 -11.0866 8
      vertex -31.364 -25.636 8
    endloop
  endfacet
  facet normal 0 0 1
    outer loop
      vertex -33.6568 -10.5831 8
      vertex -31.364 -25.636 8
      vertex -32.5922 -11.0866 8
    endloop
  endfacet
  facet normal 0 0 1
    outer loop
      vertex -31.364 -25.636 8
      vertex -33.6568 -10.5831 8
      vertex -31.9571 -26.2905 8
    endloop
  endfacet
  facet normal 0 0 1
    outer loop
      vertex -34.6668 -9.97763 8
      vertex -31.9571 -26.2905 8
      vertex -33.6568 -10.5831 8
    endloop
  endfacet
  facet normal 0 0 1
    outer loop
      vertex -31.9571 -26.2905 8
      vertex -34.6668 -9.97763 8
      vertex -32.4832 -26.9999 8
    endloop
  endfacet
  facet normal 0 0 1
    outer loop
      vertex -35.5 -9.35972 8
      vertex -32.4832 -26.9999 8
      vertex -34.6668 -9.97763 8
    endloop
  endfacet
  facet normal 0 0 1
    outer loop
      vertex -32.4832 -26.9999 8
      vertex -35.5 -9.35972 8
      vertex -32.9373 -27.7574 8
    endloop
  endfacet
  facet normal 0 0 1
    outer loop
      vertex -32.9373 -27.7574 8
      vertex -35.5 -9.35972 8
      vertex -33.3149 -28.5558 8
    endloop
  endfacet
  facet normal 0 0 1
    outer loop
      vertex -33.3149 -28.5558 8
      vertex -35.5 -9.35972 8
      vertex -33.6125 -29.3874 8
    endloop
  endfacet
  facet normal 0 0 1
    outer loop
      vertex -33.6125 -29.3874 8
      vertex -35.5 -9.35972 8
      vertex -33.8271 -30.2442 8
    endloop
  endfacet
  facet normal 0 0 1
    outer loop
      vertex -33.8271 -30.2442 8
      vertex -35.5 -9.35972 8
      vertex -33.9567 -31.1178 8
    endloop
  endfacet
  facet normal 0 0 1
    outer loop
      vertex -10.5831 5.65676 8
      vertex -16 0 8
      vertex -11.0866 4.5922 8
    endloop
  endfacet
  facet normal 0 0 1
    outer loop
      vertex -10.5831 5.65676 8
      vertex -16.0578 1.17621 8
      vertex -16 0 8
    endloop
  endfacet
  facet normal 0 0 1
    outer loop
      vertex -5.65676 10.5831 8
      vertex -18.636 25.636 8
      vertex -6.66684 9.97763 8
    endloop
  endfacet
  facet normal 0 0 1
    outer loop
      vertex -10.5831 5.65676 8
      vertex -16.2306 2.34108 8
      vertex -16.0578 1.17621 8
    endloop
  endfacet
  facet normal -0 0 1
    outer loop
      vertex -19.2905 25.0429 8
      vertex -6.66684 9.97763 8
      vertex -18.636 25.636 8
    endloop
  endfacet
  facet normal 0 0 1
    outer loop
      vertex -10.5831 5.65676 8
      vertex -16.5167 3.48342 8
      vertex -16.2306 2.34108 8
    endloop
  endfacet
  facet normal 0 0 1
    outer loop
      vertex -6.66684 9.97763 8
      vertex -19.2905 25.0429 8
      vertex -7.61272 9.27612 8
    endloop
  endfacet
  facet normal 0 0 1
    outer loop
      vertex -10.5831 5.65676 8
      vertex -16.9134 4.5922 8
      vertex -16.5167 3.48342 8
    endloop
  endfacet
  facet normal -0 0 1
    outer loop
      vertex -19.9999 24.5168 8
      vertex -7.61272 9.27612 8
      vertex -19.2905 25.0429 8
    endloop
  endfacet
  facet normal 0 0 1
    outer loop
      vertex -10.5831 5.65676 8
      vertex -17.4169 5.65676 8
      vertex -16.9134 4.5922 8
    endloop
  endfacet
  facet normal 0 0 1
    outer loop
      vertex -20.3873 9.27612 8
      vertex -7.61272 9.27612 8
      vertex -19.9999 24.5168 8
    endloop
  endfacet
  facet normal 0 0 1
    outer loop
      vertex -10.5831 5.65676 8
      vertex -18.0224 6.66684 8
      vertex -17.4169 5.65676 8
    endloop
  endfacet
  facet normal 0 -0 1
    outer loop
      vertex -19.5147 8.48528 8
      vertex -8.48528 8.48528 8
      vertex -20.3873 9.27612 8
    endloop
  endfacet
  facet normal 0 -0 1
    outer loop
      vertex -18.7239 7.61272 8
      vertex -9.27612 7.61272 8
      vertex -19.5147 8.48528 8
    endloop
  endfacet
  facet normal 0 0 1
    outer loop
      vertex -9.97763 6.66684 8
      vertex -18.0224 6.66684 8
      vertex -10.5831 5.65676 8
    endloop
  endfacet
  facet normal 0 0 1
    outer loop
      vertex -9.27612 7.61272 8
      vertex -18.7239 7.61272 8
      vertex -9.97763 6.66684 8
    endloop
  endfacet
  facet normal 0 -0 1
    outer loop
      vertex -18.0224 6.66684 8
      vertex -9.97763 6.66684 8
      vertex -18.7239 7.61272 8
    endloop
  endfacet
  facet normal 0 0 1
    outer loop
      vertex -7.61272 9.27612 8
      vertex -20.3873 9.27612 8
      vertex -8.48528 8.48528 8
    endloop
  endfacet
  facet normal 0 0 1
    outer loop
      vertex -8.48528 8.48528 8
      vertex -19.5147 8.48528 8
      vertex -9.27612 7.61272 8
    endloop
  endfacet
  facet normal 0 0 1
    outer loop
      vertex -21.3332 9.97763 8
      vertex -19.9999 24.5168 8
      vertex -20.7574 24.0627 8
    endloop
  endfacet
  facet normal 0 0 1
    outer loop
      vertex -19.9999 24.5168 8
      vertex -21.3332 9.97763 8
      vertex -20.3873 9.27612 8
    endloop
  endfacet
  facet normal -0 0 1
    outer loop
      vertex -21.5558 23.6851 8
      vertex -21.3332 9.97763 8
      vertex -20.7574 24.0627 8
    endloop
  endfacet
  facet normal 0 0 1
    outer loop
      vertex -21.5558 23.6851 8
      vertex -22.3432 10.5831 8
      vertex -21.3332 9.97763 8
    endloop
  endfacet
  facet normal -0 0 1
    outer loop
      vertex -22.3874 23.3875 8
      vertex -22.3432 10.5831 8
      vertex -21.5558 23.6851 8
    endloop
  endfacet
  facet normal 0 0 1
    outer loop
      vertex -23.4078 11.0866 8
      vertex -22.3874 23.3875 8
      vertex -23.2442 23.1729 8
    endloop
  endfacet
  facet normal 0 0 1
    outer loop
      vertex -22.3874 23.3875 8
      vertex -23.4078 11.0866 8
      vertex -22.3432 10.5831 8
    endloop
  endfacet
  facet normal 0 0 1
    outer loop
      vertex -24.5166 11.4833 8
      vertex -23.2442 23.1729 8
      vertex -24.1178 23.0433 8
    endloop
  endfacet
  facet normal 0 0 1
    outer loop
      vertex -23.2442 23.1729 8
      vertex -24.5166 11.4833 8
      vertex -23.4078 11.0866 8
    endloop
  endfacet
  facet normal 0 0 1
    outer loop
      vertex -25.6589 11.7694 8
      vertex -24.1178 23.0433 8
      vertex -25 23 8
    endloop
  endfacet
  facet normal 0 0 1
    outer loop
      vertex -24.1178 23.0433 8
      vertex -25.6589 11.7694 8
      vertex -24.5166 11.4833 8
    endloop
  endfacet
  facet normal 0 0 1
    outer loop
      vertex -26.8238 11.9422 8
      vertex -25 23 8
      vertex -25.8822 23.0433 8
    endloop
  endfacet
  facet normal 0 0 1
    outer loop
      vertex -26.8238 11.9422 8
      vertex -25.8822 23.0433 8
      vertex -26.7558 23.1729 8
    endloop
  endfacet
  facet normal 0 0 1
    outer loop
      vertex -25 23 8
      vertex -26.8238 11.9422 8
      vertex -25.6589 11.7694 8
    endloop
  endfacet
  facet normal 0 0 1
    outer loop
      vertex -28 12 8
      vertex -26.7558 23.1729 8
      vertex -27.6126 23.3875 8
    endloop
  endfacet
  facet normal 0 0 1
    outer loop
      vertex -26.7558 23.1729 8
      vertex -28 12 8
      vertex -26.8238 11.9422 8
    endloop
  endfacet
  facet normal 0 0 1
    outer loop
      vertex -29.1762 11.9422 8
      vertex -27.6126 23.3875 8
      vertex -28.4441 23.6851 8
    endloop
  endfacet
  facet normal 0 0 1
    outer loop
      vertex -27.6126 23.3875 8
      vertex -29.1762 11.9422 8
      vertex -28 12 8
    endloop
  endfacet
  facet normal 0 0 1
    outer loop
      vertex -30.3411 11.7694 8
      vertex -28.4441 23.6851 8
      vertex -29.2426 24.0627 8
    endloop
  endfacet
  facet normal 0 0 1
    outer loop
      vertex -31.4834 11.4833 8
      vertex -29.2426 24.0627 8
      vertex -30.0001 24.5168 8
    endloop
  endfacet
  facet normal 0 0 1
    outer loop
      vertex -28.4441 23.6851 8
      vertex -30.3411 11.7694 8
      vertex -29.1762 11.9422 8
    endloop
  endfacet
  facet normal 0 0 1
    outer loop
      vertex -32.5922 11.0866 8
      vertex -30.0001 24.5168 8
      vertex -30.7095 25.0429 8
    endloop
  endfacet
  facet normal 0 0 1
    outer loop
      vertex -32.5922 11.0866 8
      vertex -30.7095 25.0429 8
      vertex -31.364 25.636 8
    endloop
  endfacet
  facet normal 0 0 1
    outer loop
      vertex -29.2426 24.0627 8
      vertex -31.4834 11.4833 8
      vertex -30.3411 11.7694 8
    endloop
  endfacet
  facet normal 0 0 1
    outer loop
      vertex -33.6568 10.5831 8
      vertex -31.364 25.636 8
      vertex -31.9571 26.2905 8
    endloop
  endfacet
  facet normal 0 0 1
    outer loop
      vertex -34.6668 9.97763 8
      vertex -31.9571 26.2905 8
      vertex -32.4832 26.9999 8
    endloop
  endfacet
  facet normal 0 0 1
    outer loop
      vertex -30.0001 24.5168 8
      vertex -32.5922 11.0866 8
      vertex -31.4834 11.4833 8
    endloop
  endfacet
  facet normal 0 0 1
    outer loop
      vertex -35.5 9.35972 8
      vertex -32.4832 26.9999 8
      vertex -32.9373 27.7574 8
    endloop
  endfacet
  facet normal 0 0 1
    outer loop
      vertex -35.5 9.35972 8
      vertex -32.9373 27.7574 8
      vertex -33.3149 28.5558 8
    endloop
  endfacet
  facet normal 0 0 1
    outer loop
      vertex -35.5 9.35972 8
      vertex -33.3149 28.5558 8
      vertex -33.6125 29.3874 8
    endloop
  endfacet
  facet normal 0 0 1
    outer loop
      vertex -31.364 25.636 8
      vertex -33.6568 10.5831 8
      vertex -32.5922 11.0866 8
    endloop
  endfacet
  facet normal 0 0 1
    outer loop
      vertex -35.5 9.35972 8
      vertex -33.6125 29.3874 8
      vertex -33.8271 30.2442 8
    endloop
  endfacet
  facet normal 0 0 1
    outer loop
      vertex -35.5 9.35972 8
      vertex -33.8271 30.2442 8
      vertex -33.9567 31.1178 8
    endloop
  endfacet
  facet normal 0 0 1
    outer loop
      vertex -35.5 9.35972 8
      vertex -33.9567 31.1178 8
      vertex -34 32 8
    endloop
  endfacet
  facet normal 0 0 1
    outer loop
      vertex -31.9571 26.2905 8
      vertex -34.6668 9.97763 8
      vertex -33.6568 10.5831 8
    endloop
  endfacet
  facet normal 0 0 1
    outer loop
      vertex -20.7574 39.9373 8
      vertex -11 40 8
      vertex -11 60 8
    endloop
  endfacet
  facet normal 0 0 1
    outer loop
      vertex -16.0433 31.1178 8
      vertex -11 40 8
      vertex -16 32 8
    endloop
  endfacet
  facet normal -0 0 1
    outer loop
      vertex -18.636 25.636 8
      vertex -5.65676 10.5831 8
      vertex -18.0429 26.2905 8
    endloop
  endfacet
  facet normal 0 0 1
    outer loop
      vertex -11.0866 4.5922 8
      vertex -16 0 8
      vertex -11.4833 3.48342 8
    endloop
  endfacet
  facet normal 0 0 1
    outer loop
      vertex -11.4833 3.48342 8
      vertex -16 0 8
      vertex -11.7694 2.34108 8
    endloop
  endfacet
  facet normal 0 0 1
    outer loop
      vertex -11.7694 2.34108 8
      vertex -16 0 8
      vertex -11.9422 1.17621 8
    endloop
  endfacet
  facet normal 0 0 1
    outer loop
      vertex -11 40 8
      vertex -16.0433 32.8822 8
      vertex -16 32 8
    endloop
  endfacet
  facet normal 0 0 1
    outer loop
      vertex -11 40 8
      vertex -16.1729 33.7558 8
      vertex -16.0433 32.8822 8
    endloop
  endfacet
  facet normal 0 0 1
    outer loop
      vertex -11 40 8
      vertex -16.3875 34.6126 8
      vertex -16.1729 33.7558 8
    endloop
  endfacet
  facet normal 0 0 1
    outer loop
      vertex -11 40 8
      vertex -16.6851 35.4441 8
      vertex -16.3875 34.6126 8
    endloop
  endfacet
  facet normal 0 0 1
    outer loop
      vertex -11 40 8
      vertex -17.0627 36.2426 8
      vertex -16.6851 35.4441 8
    endloop
  endfacet
  facet normal 0 0 1
    outer loop
      vertex -11 40 8
      vertex -17.5168 37.0001 8
      vertex -17.0627 36.2426 8
    endloop
  endfacet
  facet normal 0 0 1
    outer loop
      vertex -11 40 8
      vertex -18.0429 37.7095 8
      vertex -17.5168 37.0001 8
    endloop
  endfacet
  facet normal 0 0 1
    outer loop
      vertex -11 40 8
      vertex -18.636 38.364 8
      vertex -18.0429 37.7095 8
    endloop
  endfacet
  facet normal 0 0 1
    outer loop
      vertex -11 40 8
      vertex -19.2905 38.9571 8
      vertex -18.636 38.364 8
    endloop
  endfacet
  facet normal 0 0 1
    outer loop
      vertex -11 40 8
      vertex -19.9999 39.4832 8
      vertex -19.2905 38.9571 8
    endloop
  endfacet
  facet normal 0 0 1
    outer loop
      vertex -11 40 8
      vertex -20.7574 39.9373 8
      vertex -19.9999 39.4832 8
    endloop
  endfacet
  facet normal 0 0 1
    outer loop
      vertex -11 60 8
      vertex -21.5558 40.3149 8
      vertex -20.7574 39.9373 8
    endloop
  endfacet
  facet normal 0 0 1
    outer loop
      vertex -11 60 8
      vertex -22.3874 40.6125 8
      vertex -21.5558 40.3149 8
    endloop
  endfacet
  facet normal 0 0 1
    outer loop
      vertex -11 60 8
      vertex -23.2442 40.8271 8
      vertex -22.3874 40.6125 8
    endloop
  endfacet
  facet normal 0 0 1
    outer loop
      vertex -11 60 8
      vertex -24.1178 40.9567 8
      vertex -23.2442 40.8271 8
    endloop
  endfacet
  facet normal -0 0 1
    outer loop
      vertex -35.5 60 8
      vertex -24.1178 40.9567 8
      vertex -11 60 8
    endloop
  endfacet
  facet normal 0 0 1
    outer loop
      vertex -24.1178 40.9567 8
      vertex -35.5 60 8
      vertex -25 41 8
    endloop
  endfacet
  facet normal 0 0 1
    outer loop
      vertex -25 41 8
      vertex -35.5 60 8
      vertex -25.8822 40.9567 8
    endloop
  endfacet
  facet normal 0 0 1
    outer loop
      vertex -25.8822 40.9567 8
      vertex -35.5 60 8
      vertex -26.7558 40.8271 8
    endloop
  endfacet
  facet normal 0 0 1
    outer loop
      vertex -26.7558 40.8271 8
      vertex -35.5 60 8
      vertex -27.6126 40.6125 8
    endloop
  endfacet
  facet normal 0 0 1
    outer loop
      vertex -27.6126 40.6125 8
      vertex -35.5 60 8
      vertex -28.4441 40.3149 8
    endloop
  endfacet
  facet normal 0 0 1
    outer loop
      vertex -28.4441 40.3149 8
      vertex -35.5 60 8
      vertex -29.2426 39.9373 8
    endloop
  endfacet
  facet normal 0 0 1
    outer loop
      vertex -29.2426 39.9373 8
      vertex -35.5 60 8
      vertex -30.0001 39.4832 8
    endloop
  endfacet
  facet normal 0 0 1
    outer loop
      vertex -30.0001 39.4832 8
      vertex -35.5 60 8
      vertex -30.7095 38.9571 8
    endloop
  endfacet
  facet normal 0 0 1
    outer loop
      vertex -30.7095 38.9571 8
      vertex -35.5 60 8
      vertex -31.364 38.364 8
    endloop
  endfacet
  facet normal 0 0 1
    outer loop
      vertex -35.5 60 8
      vertex -31.9571 37.7095 8
      vertex -31.364 38.364 8
    endloop
  endfacet
  facet normal 0 0 1
    outer loop
      vertex -35.5 60 8
      vertex -32.4832 37.0001 8
      vertex -31.9571 37.7095 8
    endloop
  endfacet
  facet normal 0 0 1
    outer loop
      vertex -35.5 60 8
      vertex -32.9373 36.2426 8
      vertex -32.4832 37.0001 8
    endloop
  endfacet
  facet normal 0 0 1
    outer loop
      vertex -35.5 60 8
      vertex -33.3149 35.4441 8
      vertex -32.9373 36.2426 8
    endloop
  endfacet
  facet normal 0 0 1
    outer loop
      vertex -35.5 60 8
      vertex -33.6125 34.6126 8
      vertex -33.3149 35.4441 8
    endloop
  endfacet
  facet normal 0 0 1
    outer loop
      vertex -35.5 60 8
      vertex -33.8271 33.7558 8
      vertex -33.6125 34.6126 8
    endloop
  endfacet
  facet normal 0 0 1
    outer loop
      vertex -35.5 60 8
      vertex -33.9567 32.8822 8
      vertex -33.8271 33.7558 8
    endloop
  endfacet
  facet normal 0 0 1
    outer loop
      vertex -35.5 60 8
      vertex -34 32 8
      vertex -33.9567 32.8822 8
    endloop
  endfacet
  facet normal 0 0 1
    outer loop
      vertex -35.5 9.35972 8
      vertex -34 32 8
      vertex -35.5 60 8
    endloop
  endfacet
  facet normal 0 0 1
    outer loop
      vertex -32.4832 26.9999 8
      vertex -35.5 9.35972 8
      vertex -34.6668 9.97763 8
    endloop
  endfacet
  facet normal 0 0 1
    outer loop
      vertex -16.0433 31.1178 8
      vertex -4 40 8
      vertex -11 40 8
    endloop
  endfacet
  facet normal 0 0 1
    outer loop
      vertex -16.1729 30.2442 8
      vertex -4 40 8
      vertex -16.0433 31.1178 8
    endloop
  endfacet
  facet normal 0 0 1
    outer loop
      vertex -16.3875 29.3874 8
      vertex -4 40 8
      vertex -16.1729 30.2442 8
    endloop
  endfacet
  facet normal 0 0 1
    outer loop
      vertex -4 40 8
      vertex -16.3875 29.3874 8
      vertex -4 11.2984 8
    endloop
  endfacet
  facet normal -0 0 1
    outer loop
      vertex -16.6851 28.5558 8
      vertex -4 11.2984 8
      vertex -16.3875 29.3874 8
    endloop
  endfacet
  facet normal -0 0 1
    outer loop
      vertex -17.0627 27.7574 8
      vertex -4 11.2984 8
      vertex -16.6851 28.5558 8
    endloop
  endfacet
  facet normal -0 0 1
    outer loop
      vertex -17.5168 26.9999 8
      vertex -4 11.2984 8
      vertex -17.0627 27.7574 8
    endloop
  endfacet
  facet normal 0 0 1
    outer loop
      vertex -4 11.2984 8
      vertex -17.5168 26.9999 8
      vertex -4.5922 11.0866 8
    endloop
  endfacet
  facet normal -0 0 1
    outer loop
      vertex -18.0429 26.2905 8
      vertex -4.5922 11.0866 8
      vertex -17.5168 26.9999 8
    endloop
  endfacet
  facet normal 0 0 1
    outer loop
      vertex -4.5922 11.0866 8
      vertex -18.0429 26.2905 8
      vertex -5.65676 10.5831 8
    endloop
  endfacet
  facet normal 0 0 1
    outer loop
      vertex -16.0433 -31.1178 8
      vertex -4 -11.2984 8
      vertex -4.5922 -11.0866 8
    endloop
  endfacet
  facet normal 0 0 1
    outer loop
      vertex -16.0433 -31.1178 8
      vertex -4.5922 -11.0866 8
      vertex -5.65676 -10.5831 8
    endloop
  endfacet
  facet normal 0 0 1
    outer loop
      vertex -16.0433 -31.1178 8
      vertex -5.65676 -10.5831 8
      vertex -6.66684 -9.97763 8
    endloop
  endfacet
  facet normal 0 0 1
    outer loop
      vertex -16.0433 -31.1178 8
      vertex -6.66684 -9.97763 8
      vertex -7.61272 -9.27612 8
    endloop
  endfacet
  facet normal 0 0 1
    outer loop
      vertex -16.0433 -31.1178 8
      vertex -7.61272 -9.27612 8
      vertex -8.48528 -8.48528 8
    endloop
  endfacet
  facet normal 0 0 1
    outer loop
      vertex -16.0433 -31.1178 8
      vertex -8.48528 -8.48528 8
      vertex -9.27612 -7.61272 8
    endloop
  endfacet
  facet normal 0 0 1
    outer loop
      vertex -16.0433 -31.1178 8
      vertex -9.27612 -7.61272 8
      vertex -9.97763 -6.66684 8
    endloop
  endfacet
  facet normal 0 0 1
    outer loop
      vertex -16.0433 -31.1178 8
      vertex -9.97763 -6.66684 8
      vertex -10.5831 -5.65676 8
    endloop
  endfacet
  facet normal -0 0 1
    outer loop
      vertex -16.0433 -31.1178 8
      vertex -4 -40 8
      vertex -4 -11.2984 8
    endloop
  endfacet
  facet normal 0 0 1
    outer loop
      vertex -11.7694 -2.34108 8
      vertex -16.2306 -2.34108 8
      vertex -11.4833 -3.48342 8
    endloop
  endfacet
  facet normal 0 0 1
    outer loop
      vertex -4 -40 8
      vertex -16 -32 8
      vertex -11 -40 8
    endloop
  endfacet
  facet normal 0 0 1
    outer loop
      vertex -16.2306 -2.34108 8
      vertex -11.7694 -2.34108 8
      vertex -16.0578 -1.17621 8
    endloop
  endfacet
  facet normal 0 0 1
    outer loop
      vertex -11.9422 -1.17621 8
      vertex -16.0578 -1.17621 8
      vertex -11.7694 -2.34108 8
    endloop
  endfacet
  facet normal 0 0 1
    outer loop
      vertex -16.0578 -1.17621 8
      vertex -11.9422 -1.17621 8
      vertex -16 0 8
    endloop
  endfacet
  facet normal -0 0 1
    outer loop
      vertex -16 0 8
      vertex -11.9422 -1.17621 8
      vertex -12 0 8
    endloop
  endfacet
  facet normal 0 0 1
    outer loop
      vertex -11.9422 1.17621 8
      vertex -16 0 8
      vertex -12 0 8
    endloop
  endfacet
  facet normal 0 0 1
    outer loop
      vertex -16.5167 -3.48342 8
      vertex -11.4833 -3.48342 8
      vertex -16.2306 -2.34108 8
    endloop
  endfacet
  facet normal -0 0 1
    outer loop
      vertex -16.0433 -32.8822 8
      vertex -11 -40 8
      vertex -16 -32 8
    endloop
  endfacet
  facet normal -0 0 1
    outer loop
      vertex -16.1729 -33.7558 8
      vertex -11 -40 8
      vertex -16.0433 -32.8822 8
    endloop
  endfacet
  facet normal -0 0 1
    outer loop
      vertex -16.3875 -34.6126 8
      vertex -11 -40 8
      vertex -16.1729 -33.7558 8
    endloop
  endfacet
  facet normal -0 0 1
    outer loop
      vertex -16.6851 -35.4441 8
      vertex -11 -40 8
      vertex -16.3875 -34.6126 8
    endloop
  endfacet
  facet normal -0 0 1
    outer loop
      vertex -17.0627 -36.2426 8
      vertex -11 -40 8
      vertex -16.6851 -35.4441 8
    endloop
  endfacet
  facet normal -0 0 1
    outer loop
      vertex -17.5168 -37.0001 8
      vertex -11 -40 8
      vertex -17.0627 -36.2426 8
    endloop
  endfacet
  facet normal -0 0 1
    outer loop
      vertex -18.0429 -37.7095 8
      vertex -11 -40 8
      vertex -17.5168 -37.0001 8
    endloop
  endfacet
  facet normal -0 0 1
    outer loop
      vertex -18.636 -38.364 8
      vertex -11 -40 8
      vertex -18.0429 -37.7095 8
    endloop
  endfacet
  facet normal -0 0 1
    outer loop
      vertex -19.2905 -38.9571 8
      vertex -11 -40 8
      vertex -18.636 -38.364 8
    endloop
  endfacet
  facet normal -0 0 1
    outer loop
      vertex -19.9999 -39.4832 8
      vertex -11 -40 8
      vertex -19.2905 -38.9571 8
    endloop
  endfacet
  facet normal -0 0 1
    outer loop
      vertex -20.7574 -39.9373 8
      vertex -11 -40 8
      vertex -19.9999 -39.4832 8
    endloop
  endfacet
  facet normal 0 0 1
    outer loop
      vertex -11 -40 8
      vertex -20.7574 -39.9373 8
      vertex -11 -60 8
    endloop
  endfacet
  facet normal -0 0 1
    outer loop
      vertex -21.5558 -40.3149 8
      vertex -11 -60 8
      vertex -20.7574 -39.9373 8
    endloop
  endfacet
  facet normal -0 0 1
    outer loop
      vertex -22.3874 -40.6125 8
      vertex -11 -60 8
      vertex -21.5558 -40.3149 8
    endloop
  endfacet
  facet normal -0 0 1
    outer loop
      vertex -23.2442 -40.8271 8
      vertex -11 -60 8
      vertex -22.3874 -40.6125 8
    endloop
  endfacet
  facet normal -0 0 1
    outer loop
      vertex -24.1178 -40.9567 8
      vertex -11 -60 8
      vertex -23.2442 -40.8271 8
    endloop
  endfacet
  facet normal 0 0 1
    outer loop
      vertex -35.5 -60 8
      vertex -24.1178 -40.9567 8
      vertex -25 -41 8
    endloop
  endfacet
  facet normal 0 0 1
    outer loop
      vertex -35.5 -60 8
      vertex -25 -41 8
      vertex -25.8822 -40.9567 8
    endloop
  endfacet
  facet normal 0 0 1
    outer loop
      vertex -35.5 -60 8
      vertex -25.8822 -40.9567 8
      vertex -26.7558 -40.8271 8
    endloop
  endfacet
  facet normal 0 0 1
    outer loop
      vertex -35.5 -60 8
      vertex -26.7558 -40.8271 8
      vertex -27.6126 -40.6125 8
    endloop
  endfacet
  facet normal 0 0 1
    outer loop
      vertex -35.5 -60 8
      vertex -27.6126 -40.6125 8
      vertex -28.4441 -40.3149 8
    endloop
  endfacet
  facet normal 0 0 1
    outer loop
      vertex -35.5 -60 8
      vertex -28.4441 -40.3149 8
      vertex -29.2426 -39.9373 8
    endloop
  endfacet
  facet normal 0 0 1
    outer loop
      vertex -35.5 -60 8
      vertex -29.2426 -39.9373 8
      vertex -30.0001 -39.4832 8
    endloop
  endfacet
  facet normal 0 0 1
    outer loop
      vertex -35.5 -60 8
      vertex -30.0001 -39.4832 8
      vertex -30.7095 -38.9571 8
    endloop
  endfacet
  facet normal 0 0 1
    outer loop
      vertex -35.5 -60 8
      vertex -30.7095 -38.9571 8
      vertex -31.364 -38.364 8
    endloop
  endfacet
  facet normal 0 0 1
    outer loop
      vertex -33.9567 -31.1178 8
      vertex -35.5 -9.35972 8
      vertex -34 -32 8
    endloop
  endfacet
  facet normal 0 0 1
    outer loop
      vertex -35.5 -60 8
      vertex -34 -32 8
      vertex -35.5 -9.35972 8
    endloop
  endfacet
  facet normal 0 0 1
    outer loop
      vertex -24.1178 -40.9567 8
      vertex -35.5 -60 8
      vertex -11 -60 8
    endloop
  endfacet
  facet normal 0 0 1
    outer loop
      vertex -31.9571 -37.7095 8
      vertex -35.5 -60 8
      vertex -31.364 -38.364 8
    endloop
  endfacet
  facet normal 0 0 1
    outer loop
      vertex -32.4832 -37.0001 8
      vertex -35.5 -60 8
      vertex -31.9571 -37.7095 8
    endloop
  endfacet
  facet normal 0 0 1
    outer loop
      vertex -32.9373 -36.2426 8
      vertex -35.5 -60 8
      vertex -32.4832 -37.0001 8
    endloop
  endfacet
  facet normal 0 0 1
    outer loop
      vertex -33.3149 -35.4441 8
      vertex -35.5 -60 8
      vertex -32.9373 -36.2426 8
    endloop
  endfacet
  facet normal 0 0 1
    outer loop
      vertex -33.6125 -34.6126 8
      vertex -35.5 -60 8
      vertex -33.3149 -35.4441 8
    endloop
  endfacet
  facet normal 0 0 1
    outer loop
      vertex -33.8271 -33.7558 8
      vertex -35.5 -60 8
      vertex -33.6125 -34.6126 8
    endloop
  endfacet
  facet normal 0 0 1
    outer loop
      vertex -33.9567 -32.8822 8
      vertex -35.5 -60 8
      vertex -33.8271 -33.7558 8
    endloop
  endfacet
  facet normal 0 0 1
    outer loop
      vertex -34 -32 8
      vertex -35.5 -60 8
      vertex -33.9567 -32.8822 8
    endloop
  endfacet
  facet normal 0 0 1
    outer loop
      vertex 16.0433 -31.1178 8
      vertex 11 -40 8
      vertex 16 -32 8
    endloop
  endfacet
  facet normal 0 0 1
    outer loop
      vertex 18.636 -25.636 8
      vertex 5.65676 -10.5831 8
      vertex 18.0429 -26.2905 8
    endloop
  endfacet
  facet normal -0 0 1
    outer loop
      vertex 4.5922 -11.0866 8
      vertex 18.0429 -26.2905 8
      vertex 5.65676 -10.5831 8
    endloop
  endfacet
  facet normal 0 0 1
    outer loop
      vertex 18.0429 -26.2905 8
      vertex 4.5922 -11.0866 8
      vertex 17.5168 -26.9999 8
    endloop
  endfacet
  facet normal -0 0 1
    outer loop
      vertex 4 -11.2984 8
      vertex 17.5168 -26.9999 8
      vertex 4.5922 -11.0866 8
    endloop
  endfacet
  facet normal 0 0 1
    outer loop
      vertex 17.5168 -26.9999 8
      vertex 4 -11.2984 8
      vertex 17.0627 -27.7574 8
    endloop
  endfacet
  facet normal 0 0 1
    outer loop
      vertex 17.0627 -27.7574 8
      vertex 4 -11.2984 8
      vertex 16.6851 -28.5558 8
    endloop
  endfacet
  facet normal 0 0 1
    outer loop
      vertex 16.6851 -28.5558 8
      vertex 4 -11.2984 8
      vertex 16.3875 -29.3874 8
    endloop
  endfacet
  facet normal 0 0 1
    outer loop
      vertex 4 -40 8
      vertex 16.3875 -29.3874 8
      vertex 4 -11.2984 8
    endloop
  endfacet
  facet normal 0 0 1
    outer loop
      vertex 16.3875 -29.3874 8
      vertex 4 -40 8
      vertex 11 -40 8
    endloop
  endfacet
  facet normal -0 0 1
    outer loop
      vertex 34 32 8
      vertex 35.5 9.35972 8
      vertex 35.5 60 8
    endloop
  endfacet
  facet normal -0 0 1
    outer loop
      vertex 33.9567 31.1178 8
      vertex 35.5 9.35972 8
      vertex 34 32 8
    endloop
  endfacet
  facet normal 0 0 1
    outer loop
      vertex 35.5 60 8
      vertex 33.9567 32.8822 8
      vertex 34 32 8
    endloop
  endfacet
  facet normal 0 0 1
    outer loop
      vertex 35.5 60 8
      vertex 33.8271 33.7558 8
      vertex 33.9567 32.8822 8
    endloop
  endfacet
  facet normal 0 0 1
    outer loop
      vertex 35.5 60 8
      vertex 33.6125 34.6126 8
      vertex 33.8271 33.7558 8
    endloop
  endfacet
  facet normal 0 0 1
    outer loop
      vertex 35.5 60 8
      vertex 33.3149 35.4441 8
      vertex 33.6125 34.6126 8
    endloop
  endfacet
  facet normal 0 0 1
    outer loop
      vertex 35.5 60 8
      vertex 32.9373 36.2426 8
      vertex 33.3149 35.4441 8
    endloop
  endfacet
  facet normal 0 0 1
    outer loop
      vertex 35.5 60 8
      vertex 32.4832 37.0001 8
      vertex 32.9373 36.2426 8
    endloop
  endfacet
  facet normal 0 0 1
    outer loop
      vertex 35.5 60 8
      vertex 31.9571 37.7095 8
      vertex 32.4832 37.0001 8
    endloop
  endfacet
  facet normal 0 0 1
    outer loop
      vertex 35.5 60 8
      vertex 31.364 38.364 8
      vertex 31.9571 37.7095 8
    endloop
  endfacet
  facet normal 0 0 1
    outer loop
      vertex 35.5 60 8
      vertex 30.7095 38.9571 8
      vertex 31.364 38.364 8
    endloop
  endfacet
  facet normal 0 0 1
    outer loop
      vertex 35.5 60 8
      vertex 30.0001 39.4832 8
      vertex 30.7095 38.9571 8
    endloop
  endfacet
  facet normal 0 0 1
    outer loop
      vertex 35.5 60 8
      vertex 29.2426 39.9373 8
      vertex 30.0001 39.4832 8
    endloop
  endfacet
  facet normal 0 0 1
    outer loop
      vertex 35.5 60 8
      vertex 28.4441 40.3149 8
      vertex 29.2426 39.9373 8
    endloop
  endfacet
  facet normal 0 0 1
    outer loop
      vertex 35.5 60 8
      vertex 27.6126 40.6125 8
      vertex 28.4441 40.3149 8
    endloop
  endfacet
  facet normal 0 0 1
    outer loop
      vertex 35.5 60 8
      vertex 26.7558 40.8271 8
      vertex 27.6126 40.6125 8
    endloop
  endfacet
  facet normal 0 0 1
    outer loop
      vertex 35.5 60 8
      vertex 25.8822 40.9567 8
      vertex 26.7558 40.8271 8
    endloop
  endfacet
  facet normal 0 0 1
    outer loop
      vertex 35.5 60 8
      vertex 25 41 8
      vertex 25.8822 40.9567 8
    endloop
  endfacet
  facet normal 0 0 1
    outer loop
      vertex 35.5 60 8
      vertex 24.1178 40.9567 8
      vertex 25 41 8
    endloop
  endfacet
  facet normal -0 0 1
    outer loop
      vertex 11 60 8
      vertex 24.1178 40.9567 8
      vertex 35.5 60 8
    endloop
  endfacet
  facet normal 0 0 1
    outer loop
      vertex 24.1178 40.9567 8
      vertex 11 60 8
      vertex 23.2442 40.8271 8
    endloop
  endfacet
  facet normal 0 0 1
    outer loop
      vertex 23.2442 40.8271 8
      vertex 11 60 8
      vertex 22.3874 40.6125 8
    endloop
  endfacet
  facet normal 0 0 1
    outer loop
      vertex 22.3874 40.6125 8
      vertex 11 60 8
      vertex 21.5558 40.3149 8
    endloop
  endfacet
  facet normal 0 0 1
    outer loop
      vertex 21.5558 40.3149 8
      vertex 11 60 8
      vertex 20.7574 39.9373 8
    endloop
  endfacet
  facet normal -0 0 1
    outer loop
      vertex 11 40 8
      vertex 20.7574 39.9373 8
      vertex 11 60 8
    endloop
  endfacet
  facet normal 0 0 1
    outer loop
      vertex 20.7574 39.9373 8
      vertex 11 40 8
      vertex 19.9999 39.4832 8
    endloop
  endfacet
  facet normal 0 0 1
    outer loop
      vertex 19.9999 39.4832 8
      vertex 11 40 8
      vertex 19.2905 38.9571 8
    endloop
  endfacet
  facet normal 0 0 1
    outer loop
      vertex 16.5167 3.48342 8
      vertex 11.4833 3.48342 8
      vertex 16.2306 2.34108 8
    endloop
  endfacet
  facet normal 0 0 1
    outer loop
      vertex 11.9422 -1.17621 8
      vertex 16 0 8
      vertex 12 0 8
    endloop
  endfacet
  facet normal 0 0 1
    outer loop
      vertex 11 40 8
      vertex 16 32 8
      vertex 16.0433 32.8822 8
    endloop
  endfacet
  facet normal 0 0 1
    outer loop
      vertex 16 0 8
      vertex 11.9422 1.17621 8
      vertex 12 0 8
    endloop
  endfacet
  facet normal 0 0 1
    outer loop
      vertex 16.0578 1.17621 8
      vertex 11.9422 1.17621 8
      vertex 16 0 8
    endloop
  endfacet
  facet normal 0 -0 1
    outer loop
      vertex 11.9422 1.17621 8
      vertex 16.0578 1.17621 8
      vertex 11.7694 2.34108 8
    endloop
  endfacet
  facet normal 0 0 1
    outer loop
      vertex 11 40 8
      vertex 16.0433 32.8822 8
      vertex 16.1729 33.7558 8
    endloop
  endfacet
  facet normal 0 0 1
    outer loop
      vertex 16.2306 2.34108 8
      vertex 11.7694 2.34108 8
      vertex 16.0578 1.17621 8
    endloop
  endfacet
  facet normal 0 0 1
    outer loop
      vertex 19.2905 38.9571 8
      vertex 11 40 8
      vertex 18.636 38.364 8
    endloop
  endfacet
  facet normal 0 0 1
    outer loop
      vertex 18.636 38.364 8
      vertex 11 40 8
      vertex 18.0429 37.7095 8
    endloop
  endfacet
  facet normal 0 0 1
    outer loop
      vertex 18.0429 37.7095 8
      vertex 11 40 8
      vertex 17.5168 37.0001 8
    endloop
  endfacet
  facet normal 0 0 1
    outer loop
      vertex 17.5168 37.0001 8
      vertex 11 40 8
      vertex 17.0627 36.2426 8
    endloop
  endfacet
  facet normal 0 0 1
    outer loop
      vertex 17.0627 36.2426 8
      vertex 11 40 8
      vertex 16.6851 35.4441 8
    endloop
  endfacet
  facet normal 0 0 1
    outer loop
      vertex 16.6851 35.4441 8
      vertex 11 40 8
      vertex 16.3875 34.6126 8
    endloop
  endfacet
  facet normal 0 0 1
    outer loop
      vertex 16.3875 34.6126 8
      vertex 11 40 8
      vertex 16.1729 33.7558 8
    endloop
  endfacet
  facet normal 0 0 1
    outer loop
      vertex 16 32 8
      vertex 11 40 8
      vertex 4 40 8
    endloop
  endfacet
  facet normal 0 -0 1
    outer loop
      vertex 11.7694 2.34108 8
      vertex 16.2306 2.34108 8
      vertex 11.4833 3.48342 8
    endloop
  endfacet
  facet normal 0 0 1
    outer loop
      vertex 16 32 8
      vertex 9.97763 6.66684 8
      vertex 10.5831 5.65676 8
    endloop
  endfacet
  facet normal 0 0 1
    outer loop
      vertex 16 32 8
      vertex 9.27612 7.61272 8
      vertex 9.97763 6.66684 8
    endloop
  endfacet
  facet normal 0 0 1
    outer loop
      vertex 16 32 8
      vertex 8.48528 8.48528 8
      vertex 9.27612 7.61272 8
    endloop
  endfacet
  facet normal 0 0 1
    outer loop
      vertex 16 32 8
      vertex 7.61272 9.27612 8
      vertex 8.48528 8.48528 8
    endloop
  endfacet
  facet normal 0 0 1
    outer loop
      vertex 16 32 8
      vertex 6.66684 9.97763 8
      vertex 7.61272 9.27612 8
    endloop
  endfacet
  facet normal 0 0 1
    outer loop
      vertex 16 32 8
      vertex 5.65676 10.5831 8
      vertex 6.66684 9.97763 8
    endloop
  endfacet
  facet normal 0 0 1
    outer loop
      vertex 16 32 8
      vertex 4.5922 11.0866 8
      vertex 5.65676 10.5831 8
    endloop
  endfacet
  facet normal 0 0 1
    outer loop
      vertex 16 32 8
      vertex 4 40 8
      vertex 4 11.2984 8
    endloop
  endfacet
  facet normal 0 0 1
    outer loop
      vertex 16 32 8
      vertex 4 11.2984 8
      vertex 4.5922 11.0866 8
    endloop
  endfacet
  facet normal -0 0 1
    outer loop
      vertex 33.8271 30.2442 8
      vertex 35.5 9.35972 8
      vertex 33.9567 31.1178 8
    endloop
  endfacet
  facet normal -0 0 1
    outer loop
      vertex 33.6125 29.3874 8
      vertex 35.5 9.35972 8
      vertex 33.8271 30.2442 8
    endloop
  endfacet
  facet normal -0 0 1
    outer loop
      vertex 33.3149 28.5558 8
      vertex 35.5 9.35972 8
      vertex 33.6125 29.3874 8
    endloop
  endfacet
  facet normal -0 0 1
    outer loop
      vertex 32.9373 27.7574 8
      vertex 35.5 9.35972 8
      vertex 33.3149 28.5558 8
    endloop
  endfacet
  facet normal -0 0 1
    outer loop
      vertex 32.4832 26.9999 8
      vertex 35.5 9.35972 8
      vertex 32.9373 27.7574 8
    endloop
  endfacet
  facet normal 0 0 1
    outer loop
      vertex 35.5 9.35972 8
      vertex 32.4832 26.9999 8
      vertex 34.6668 9.97763 8
    endloop
  endfacet
  facet normal -0 0 1
    outer loop
      vertex 31.9571 26.2905 8
      vertex 34.6668 9.97763 8
      vertex 32.4832 26.9999 8
    endloop
  endfacet
  facet normal 0 0 1
    outer loop
      vertex 34.6668 9.97763 8
      vertex 31.9571 26.2905 8
      vertex 33.6568 10.5831 8
    endloop
  endfacet
  facet normal -0 0 1
    outer loop
      vertex 31.364 25.636 8
      vertex 33.6568 10.5831 8
      vertex 31.9571 26.2905 8
    endloop
  endfacet
  facet normal 0 0 1
    outer loop
      vertex 33.6568 10.5831 8
      vertex 31.364 25.636 8
      vertex 32.5922 11.0866 8
    endloop
  endfacet
  facet normal -0 0 1
    outer loop
      vertex 30.7095 25.0429 8
      vertex 32.5922 11.0866 8
      vertex 31.364 25.636 8
    endloop
  endfacet
  facet normal -0 0 1
    outer loop
      vertex 30.0001 24.5168 8
      vertex 32.5922 11.0866 8
      vertex 30.7095 25.0429 8
    endloop
  endfacet
  facet normal 0 0 1
    outer loop
      vertex 32.5922 11.0866 8
      vertex 30.0001 24.5168 8
      vertex 31.4834 11.4833 8
    endloop
  endfacet
  facet normal -0 0 1
    outer loop
      vertex 29.2426 24.0627 8
      vertex 31.4834 11.4833 8
      vertex 30.0001 24.5168 8
    endloop
  endfacet
  facet normal 0 0 1
    outer loop
      vertex 31.4834 11.4833 8
      vertex 29.2426 24.0627 8
      vertex 30.3411 11.7694 8
    endloop
  endfacet
  facet normal -0 0 1
    outer loop
      vertex 28.4441 23.6851 8
      vertex 30.3411 11.7694 8
      vertex 29.2426 24.0627 8
    endloop
  endfacet
  facet normal 0 0 1
    outer loop
      vertex 30.3411 11.7694 8
      vertex 28.4441 23.6851 8
      vertex 29.1762 11.9422 8
    endloop
  endfacet
  facet normal -0 0 1
    outer loop
      vertex 27.6126 23.3875 8
      vertex 29.1762 11.9422 8
      vertex 28.4441 23.6851 8
    endloop
  endfacet
  facet normal 0 0 1
    outer loop
      vertex 29.1762 11.9422 8
      vertex 27.6126 23.3875 8
      vertex 28 12 8
    endloop
  endfacet
  facet normal -0 0 1
    outer loop
      vertex 26.7558 23.1729 8
      vertex 28 12 8
      vertex 27.6126 23.3875 8
    endloop
  endfacet
  facet normal 0 0 1
    outer loop
      vertex 28 12 8
      vertex 26.7558 23.1729 8
      vertex 26.8238 11.9422 8
    endloop
  endfacet
  facet normal -0 0 1
    outer loop
      vertex 25.8822 23.0433 8
      vertex 26.8238 11.9422 8
      vertex 26.7558 23.1729 8
    endloop
  endfacet
  facet normal -0 0 1
    outer loop
      vertex 25 23 8
      vertex 26.8238 11.9422 8
      vertex 25.8822 23.0433 8
    endloop
  endfacet
  facet normal 0 0 1
    outer loop
      vertex 26.8238 11.9422 8
      vertex 25 23 8
      vertex 25.6589 11.7694 8
    endloop
  endfacet
  facet normal 0 0 1
    outer loop
      vertex 24.1178 23.0433 8
      vertex 25.6589 11.7694 8
      vertex 25 23 8
    endloop
  endfacet
  facet normal 0 0 1
    outer loop
      vertex 25.6589 11.7694 8
      vertex 24.1178 23.0433 8
      vertex 24.5166 11.4833 8
    endloop
  endfacet
  facet normal 0 0 1
    outer loop
      vertex 23.2442 23.1729 8
      vertex 24.5166 11.4833 8
      vertex 24.1178 23.0433 8
    endloop
  endfacet
  facet normal 0 0 1
    outer loop
      vertex 24.5166 11.4833 8
      vertex 23.2442 23.1729 8
      vertex 23.4078 11.0866 8
    endloop
  endfacet
  facet normal 0 0 1
    outer loop
      vertex 22.3874 23.3875 8
      vertex 23.4078 11.0866 8
      vertex 23.2442 23.1729 8
    endloop
  endfacet
  facet normal 0 0 1
    outer loop
      vertex 22.3874 23.3875 8
      vertex 22.3432 10.5831 8
      vertex 23.4078 11.0866 8
    endloop
  endfacet
  facet normal 0 0 1
    outer loop
      vertex 21.5558 23.6851 8
      vertex 22.3432 10.5831 8
      vertex 22.3874 23.3875 8
    endloop
  endfacet
  facet normal 0 0 1
    outer loop
      vertex 21.5558 23.6851 8
      vertex 21.3332 9.97763 8
      vertex 22.3432 10.5831 8
    endloop
  endfacet
  facet normal 0 0 1
    outer loop
      vertex 20.7574 24.0627 8
      vertex 21.3332 9.97763 8
      vertex 21.5558 23.6851 8
    endloop
  endfacet
  facet normal 0 0 1
    outer loop
      vertex 19.9999 24.5168 8
      vertex 21.3332 9.97763 8
      vertex 20.7574 24.0627 8
    endloop
  endfacet
  facet normal 0 0 1
    outer loop
      vertex 21.3332 9.97763 8
      vertex 19.9999 24.5168 8
      vertex 20.3873 9.27612 8
    endloop
  endfacet
  facet normal 0 0 1
    outer loop
      vertex 19.2905 25.0429 8
      vertex 20.3873 9.27612 8
      vertex 19.9999 24.5168 8
    endloop
  endfacet
  facet normal 0 0 1
    outer loop
      vertex 20.3873 9.27612 8
      vertex 19.2905 25.0429 8
      vertex 19.5147 8.48528 8
    endloop
  endfacet
  facet normal 0 0 1
    outer loop
      vertex 10.5831 5.65676 8
      vertex 19.2905 25.0429 8
      vertex 18.636 25.636 8
    endloop
  endfacet
  facet normal 0 0 1
    outer loop
      vertex 19.2905 25.0429 8
      vertex 10.5831 5.65676 8
      vertex 19.5147 8.48528 8
    endloop
  endfacet
  facet normal 0 0 1
    outer loop
      vertex 10.5831 5.65676 8
      vertex 18.636 25.636 8
      vertex 18.0429 26.2905 8
    endloop
  endfacet
  facet normal 0 0 1
    outer loop
      vertex 19.5147 8.48528 8
      vertex 10.5831 5.65676 8
      vertex 18.7239 7.61272 8
    endloop
  endfacet
  facet normal 0 0 1
    outer loop
      vertex 10.5831 5.65676 8
      vertex 18.0429 26.2905 8
      vertex 17.5168 26.9999 8
    endloop
  endfacet
  facet normal 0 0 1
    outer loop
      vertex 18.7239 7.61272 8
      vertex 10.5831 5.65676 8
      vertex 18.0224 6.66684 8
    endloop
  endfacet
  facet normal 0 0 1
    outer loop
      vertex 10.5831 5.65676 8
      vertex 17.5168 26.9999 8
      vertex 17.0627 27.7574 8
    endloop
  endfacet
  facet normal 0 0 1
    outer loop
      vertex 18.0224 6.66684 8
      vertex 10.5831 5.65676 8
      vertex 17.4169 5.65676 8
    endloop
  endfacet
  facet normal 0 0 1
    outer loop
      vertex 10.5831 5.65676 8
      vertex 17.0627 27.7574 8
      vertex 16.6851 28.5558 8
    endloop
  endfacet
  facet normal 0 0 1
    outer loop
      vertex 17.4169 5.65676 8
      vertex 10.5831 5.65676 8
      vertex 16.9134 4.5922 8
    endloop
  endfacet
  facet normal 0 0 1
    outer loop
      vertex 10.5831 5.65676 8
      vertex 16.6851 28.5558 8
      vertex 16.3875 29.3874 8
    endloop
  endfacet
  facet normal 0 -0 1
    outer loop
      vertex 11.0866 4.5922 8
      vertex 16.9134 4.5922 8
      vertex 10.5831 5.65676 8
    endloop
  endfacet
  facet normal 0 0 1
    outer loop
      vertex 10.5831 5.65676 8
      vertex 16.3875 29.3874 8
      vertex 16.1729 30.2442 8
    endloop
  endfacet
  facet normal 0 0 1
    outer loop
      vertex 16.9134 4.5922 8
      vertex 11.0866 4.5922 8
      vertex 16.5167 3.48342 8
    endloop
  endfacet
  facet normal 0 0 1
    outer loop
      vertex 10.5831 5.65676 8
      vertex 16.1729 30.2442 8
      vertex 16.0433 31.1178 8
    endloop
  endfacet
  facet normal 0 0 1
    outer loop
      vertex 10.5831 5.65676 8
      vertex 16.0433 31.1178 8
      vertex 16 32 8
    endloop
  endfacet
  facet normal 0 -0 1
    outer loop
      vertex 11.4833 3.48342 8
      vertex 16.5167 3.48342 8
      vertex 11.0866 4.5922 8
    endloop
  endfacet
  facet normal 0 0 1
    outer loop
      vertex 35.5 -9.35972 8
      vertex 33.9567 -31.1178 8
      vertex 34 -32 8
    endloop
  endfacet
  facet normal 0 0 1
    outer loop
      vertex 35.5 -9.35972 8
      vertex 33.8271 -30.2442 8
      vertex 33.9567 -31.1178 8
    endloop
  endfacet
  facet normal 0 0 1
    outer loop
      vertex 31.9571 -26.2905 8
      vertex 34.6668 -9.97763 8
      vertex 33.6568 -10.5831 8
    endloop
  endfacet
  facet normal 0 0 1
    outer loop
      vertex 35.5 -9.35972 8
      vertex 33.6125 -29.3874 8
      vertex 33.8271 -30.2442 8
    endloop
  endfacet
  facet normal 0 0 1
    outer loop
      vertex 35.5 -9.35972 8
      vertex 33.3149 -28.5558 8
      vertex 33.6125 -29.3874 8
    endloop
  endfacet
  facet normal 0 0 1
    outer loop
      vertex 35.5 -9.35972 8
      vertex 32.9373 -27.7574 8
      vertex 33.3149 -28.5558 8
    endloop
  endfacet
  facet normal 0 0 1
    outer loop
      vertex 31.364 -25.636 8
      vertex 33.6568 -10.5831 8
      vertex 32.5922 -11.0866 8
    endloop
  endfacet
  facet normal 0 0 1
    outer loop
      vertex 35.5 -9.35972 8
      vertex 32.4832 -26.9999 8
      vertex 32.9373 -27.7574 8
    endloop
  endfacet
  facet normal 0 0 1
    outer loop
      vertex 34.6668 -9.97763 8
      vertex 31.9571 -26.2905 8
      vertex 32.4832 -26.9999 8
    endloop
  endfacet
  facet normal 0 0 1
    outer loop
      vertex 30.0001 -24.5168 8
      vertex 32.5922 -11.0866 8
      vertex 31.4834 -11.4833 8
    endloop
  endfacet
  facet normal 0 0 1
    outer loop
      vertex 33.6568 -10.5831 8
      vertex 31.364 -25.636 8
      vertex 31.9571 -26.2905 8
    endloop
  endfacet
  facet normal 0 0 1
    outer loop
      vertex 32.5922 -11.0866 8
      vertex 30.7095 -25.0429 8
      vertex 31.364 -25.636 8
    endloop
  endfacet
  facet normal 0 0 1
    outer loop
      vertex 29.2426 -24.0627 8
      vertex 31.4834 -11.4833 8
      vertex 30.3411 -11.7694 8
    endloop
  endfacet
  facet normal 0 0 1
    outer loop
      vertex 32.5922 -11.0866 8
      vertex 30.0001 -24.5168 8
      vertex 30.7095 -25.0429 8
    endloop
  endfacet
  facet normal 0 0 1
    outer loop
      vertex 31.4834 -11.4833 8
      vertex 29.2426 -24.0627 8
      vertex 30.0001 -24.5168 8
    endloop
  endfacet
  facet normal 0 0 1
    outer loop
      vertex 28.4441 -23.6851 8
      vertex 30.3411 -11.7694 8
      vertex 29.1762 -11.9422 8
    endloop
  endfacet
  facet normal 0 0 1
    outer loop
      vertex 30.3411 -11.7694 8
      vertex 28.4441 -23.6851 8
      vertex 29.2426 -24.0627 8
    endloop
  endfacet
  facet normal 0 0 1
    outer loop
      vertex 27.6126 -23.3875 8
      vertex 29.1762 -11.9422 8
      vertex 28 -12 8
    endloop
  endfacet
  facet normal 0 0 1
    outer loop
      vertex 29.1762 -11.9422 8
      vertex 27.6126 -23.3875 8
      vertex 28.4441 -23.6851 8
    endloop
  endfacet
  facet normal 0 0 1
    outer loop
      vertex 26.7558 -23.1729 8
      vertex 28 -12 8
      vertex 26.8238 -11.9422 8
    endloop
  endfacet
  facet normal 0 0 1
    outer loop
      vertex 28 -12 8
      vertex 26.7558 -23.1729 8
      vertex 27.6126 -23.3875 8
    endloop
  endfacet
  facet normal 0 0 1
    outer loop
      vertex 26.8238 -11.9422 8
      vertex 25.8822 -23.0433 8
      vertex 26.7558 -23.1729 8
    endloop
  endfacet
  facet normal 0 0 1
    outer loop
      vertex 25 -23 8
      vertex 26.8238 -11.9422 8
      vertex 25.6589 -11.7694 8
    endloop
  endfacet
  facet normal 0 0 1
    outer loop
      vertex 26.8238 -11.9422 8
      vertex 25 -23 8
      vertex 25.8822 -23.0433 8
    endloop
  endfacet
  facet normal 0 0 1
    outer loop
      vertex 24.1178 -23.0433 8
      vertex 25.6589 -11.7694 8
      vertex 24.5166 -11.4833 8
    endloop
  endfacet
  facet normal 0 0 1
    outer loop
      vertex 25.6589 -11.7694 8
      vertex 24.1178 -23.0433 8
      vertex 25 -23 8
    endloop
  endfacet
  facet normal 0 0 1
    outer loop
      vertex 23.2442 -23.1729 8
      vertex 24.5166 -11.4833 8
      vertex 23.4078 -11.0866 8
    endloop
  endfacet
  facet normal 0 0 1
    outer loop
      vertex 24.5166 -11.4833 8
      vertex 23.2442 -23.1729 8
      vertex 24.1178 -23.0433 8
    endloop
  endfacet
  facet normal 0 0 1
    outer loop
      vertex 23.4078 -11.0866 8
      vertex 22.3874 -23.3875 8
      vertex 23.2442 -23.1729 8
    endloop
  endfacet
  facet normal 0 0 1
    outer loop
      vertex 22.3432 -10.5831 8
      vertex 22.3874 -23.3875 8
      vertex 23.4078 -11.0866 8
    endloop
  endfacet
  facet normal 0 0 1
    outer loop
      vertex 22.3432 -10.5831 8
      vertex 21.5558 -23.6851 8
      vertex 22.3874 -23.3875 8
    endloop
  endfacet
  facet normal 0 0 1
    outer loop
      vertex 21.3332 -9.97763 8
      vertex 21.5558 -23.6851 8
      vertex 22.3432 -10.5831 8
    endloop
  endfacet
  facet normal 0 0 1
    outer loop
      vertex 21.3332 -9.97763 8
      vertex 20.7574 -24.0627 8
      vertex 21.5558 -23.6851 8
    endloop
  endfacet
  facet normal 0 0 1
    outer loop
      vertex 19.9999 -24.5168 8
      vertex 21.3332 -9.97763 8
      vertex 20.3873 -9.27612 8
    endloop
  endfacet
  facet normal 0 0 1
    outer loop
      vertex 21.3332 -9.97763 8
      vertex 19.9999 -24.5168 8
      vertex 20.7574 -24.0627 8
    endloop
  endfacet
  facet normal 0 0 1
    outer loop
      vertex 8.48528 -8.48528 8
      vertex 19.5147 -8.48528 8
      vertex 9.27612 -7.61272 8
    endloop
  endfacet
  facet normal 0 0 1
    outer loop
      vertex 7.61272 -9.27612 8
      vertex 20.3873 -9.27612 8
      vertex 8.48528 -8.48528 8
    endloop
  endfacet
  facet normal 0 0 1
    outer loop
      vertex 18.0224 -6.66684 8
      vertex 9.97763 -6.66684 8
      vertex 18.7239 -7.61272 8
    endloop
  endfacet
  facet normal 0 0 1
    outer loop
      vertex 9.27612 -7.61272 8
      vertex 18.7239 -7.61272 8
      vertex 9.97763 -6.66684 8
    endloop
  endfacet
  facet normal 0 0 1
    outer loop
      vertex 18.7239 -7.61272 8
      vertex 9.27612 -7.61272 8
      vertex 19.5147 -8.48528 8
    endloop
  endfacet
  facet normal 0 0 1
    outer loop
      vertex 9.97763 -6.66684 8
      vertex 18.0224 -6.66684 8
      vertex 10.5831 -5.65676 8
    endloop
  endfacet
  facet normal 0 0 1
    outer loop
      vertex 19.5147 -8.48528 8
      vertex 8.48528 -8.48528 8
      vertex 20.3873 -9.27612 8
    endloop
  endfacet
  facet normal -0 0 1
    outer loop
      vertex 10.5831 -5.65676 8
      vertex 18.0224 -6.66684 8
      vertex 17.4169 -5.65676 8
    endloop
  endfacet
  facet normal 0 0 1
    outer loop
      vertex 20.3873 -9.27612 8
      vertex 7.61272 -9.27612 8
      vertex 19.9999 -24.5168 8
    endloop
  endfacet
  facet normal 0 0 1
    outer loop
      vertex 10.5831 -5.65676 8
      vertex 17.4169 -5.65676 8
      vertex 16.9134 -4.5922 8
    endloop
  endfacet
  facet normal 0 0 1
    outer loop
      vertex 19.9999 -24.5168 8
      vertex 7.61272 -9.27612 8
      vertex 19.2905 -25.0429 8
    endloop
  endfacet
  facet normal 0 0 1
    outer loop
      vertex 10.5831 -5.65676 8
      vertex 16.9134 -4.5922 8
      vertex 16.5167 -3.48342 8
    endloop
  endfacet
  facet normal -0 0 1
    outer loop
      vertex 6.66684 -9.97763 8
      vertex 19.2905 -25.0429 8
      vertex 7.61272 -9.27612 8
    endloop
  endfacet
  facet normal 0 0 1
    outer loop
      vertex 10.5831 -5.65676 8
      vertex 16.5167 -3.48342 8
      vertex 16.2306 -2.34108 8
    endloop
  endfacet
  facet normal 0 0 1
    outer loop
      vertex 19.2905 -25.0429 8
      vertex 6.66684 -9.97763 8
      vertex 18.636 -25.636 8
    endloop
  endfacet
  facet normal 0 0 1
    outer loop
      vertex 10.5831 -5.65676 8
      vertex 16.2306 -2.34108 8
      vertex 16.0578 -1.17621 8
    endloop
  endfacet
  facet normal -0 0 1
    outer loop
      vertex 5.65676 -10.5831 8
      vertex 18.636 -25.636 8
      vertex 6.66684 -9.97763 8
    endloop
  endfacet
  facet normal 0 0 1
    outer loop
      vertex 10.5831 -5.65676 8
      vertex 16.0578 -1.17621 8
      vertex 16 0 8
    endloop
  endfacet
  facet normal 0 0 1
    outer loop
      vertex 16.3875 -29.3874 8
      vertex 11 -40 8
      vertex 16.1729 -30.2442 8
    endloop
  endfacet
  facet normal 0 0 1
    outer loop
      vertex 32.4832 -26.9999 8
      vertex 35.5 -9.35972 8
      vertex 34.6668 -9.97763 8
    endloop
  endfacet
  facet normal 0 0 1
    outer loop
      vertex 35.5 -9.35972 8
      vertex 34 -32 8
      vertex 35.5 -60 8
    endloop
  endfacet
  facet normal -0 0 1
    outer loop
      vertex 33.9567 -32.8822 8
      vertex 35.5 -60 8
      vertex 34 -32 8
    endloop
  endfacet
  facet normal -0 0 1
    outer loop
      vertex 33.8271 -33.7558 8
      vertex 35.5 -60 8
      vertex 33.9567 -32.8822 8
    endloop
  endfacet
  facet normal -0 0 1
    outer loop
      vertex 33.6125 -34.6126 8
      vertex 35.5 -60 8
      vertex 33.8271 -33.7558 8
    endloop
  endfacet
  facet normal -0 0 1
    outer loop
      vertex 33.3149 -35.4441 8
      vertex 35.5 -60 8
      vertex 33.6125 -34.6126 8
    endloop
  endfacet
  facet normal -0 0 1
    outer loop
      vertex 32.9373 -36.2426 8
      vertex 35.5 -60 8
      vertex 33.3149 -35.4441 8
    endloop
  endfacet
  facet normal -0 0 1
    outer loop
      vertex 32.4832 -37.0001 8
      vertex 35.5 -60 8
      vertex 32.9373 -36.2426 8
    endloop
  endfacet
  facet normal -0 0 1
    outer loop
      vertex 31.9571 -37.7095 8
      vertex 35.5 -60 8
      vertex 32.4832 -37.0001 8
    endloop
  endfacet
  facet normal -0 0 1
    outer loop
      vertex 31.364 -38.364 8
      vertex 35.5 -60 8
      vertex 31.9571 -37.7095 8
    endloop
  endfacet
  facet normal -0 0 1
    outer loop
      vertex 30.7095 -38.9571 8
      vertex 35.5 -60 8
      vertex 31.364 -38.364 8
    endloop
  endfacet
  facet normal -0 0 1
    outer loop
      vertex 30.0001 -39.4832 8
      vertex 35.5 -60 8
      vertex 30.7095 -38.9571 8
    endloop
  endfacet
  facet normal -0 0 1
    outer loop
      vertex 29.2426 -39.9373 8
      vertex 35.5 -60 8
      vertex 30.0001 -39.4832 8
    endloop
  endfacet
  facet normal -0 0 1
    outer loop
      vertex 28.4441 -40.3149 8
      vertex 35.5 -60 8
      vertex 29.2426 -39.9373 8
    endloop
  endfacet
  facet normal -0 0 1
    outer loop
      vertex 27.6126 -40.6125 8
      vertex 35.5 -60 8
      vertex 28.4441 -40.3149 8
    endloop
  endfacet
  facet normal -0 0 1
    outer loop
      vertex 26.7558 -40.8271 8
      vertex 35.5 -60 8
      vertex 27.6126 -40.6125 8
    endloop
  endfacet
  facet normal -0 0 1
    outer loop
      vertex 25.8822 -40.9567 8
      vertex 35.5 -60 8
      vertex 26.7558 -40.8271 8
    endloop
  endfacet
  facet normal -0 0 1
    outer loop
      vertex 25 -41 8
      vertex 35.5 -60 8
      vertex 25.8822 -40.9567 8
    endloop
  endfacet
  facet normal 0 0 1
    outer loop
      vertex 24.1178 -40.9567 8
      vertex 35.5 -60 8
      vertex 25 -41 8
    endloop
  endfacet
  facet normal 0 0 1
    outer loop
      vertex 11 -60 8
      vertex 24.1178 -40.9567 8
      vertex 23.2442 -40.8271 8
    endloop
  endfacet
  facet normal 0 0 1
    outer loop
      vertex 11 -60 8
      vertex 23.2442 -40.8271 8
      vertex 22.3874 -40.6125 8
    endloop
  endfacet
  facet normal 0 0 1
    outer loop
      vertex 11 -60 8
      vertex 22.3874 -40.6125 8
      vertex 21.5558 -40.3149 8
    endloop
  endfacet
  facet normal 0 0 1
    outer loop
      vertex 11 -60 8
      vertex 21.5558 -40.3149 8
      vertex 20.7574 -39.9373 8
    endloop
  endfacet
  facet normal 0 0 1
    outer loop
      vertex 11 -40 8
      vertex 20.7574 -39.9373 8
      vertex 19.9999 -39.4832 8
    endloop
  endfacet
  facet normal 0 0 1
    outer loop
      vertex 11 -40 8
      vertex 19.9999 -39.4832 8
      vertex 19.2905 -38.9571 8
    endloop
  endfacet
  facet normal 0 0 1
    outer loop
      vertex 11 -40 8
      vertex 19.2905 -38.9571 8
      vertex 18.636 -38.364 8
    endloop
  endfacet
  facet normal 0 0 1
    outer loop
      vertex 11 -40 8
      vertex 18.636 -38.364 8
      vertex 18.0429 -37.7095 8
    endloop
  endfacet
  facet normal 0 0 1
    outer loop
      vertex 11.7694 -2.34108 8
      vertex 16 0 8
      vertex 11.9422 -1.17621 8
    endloop
  endfacet
  facet normal 0 0 1
    outer loop
      vertex 11.4833 -3.48342 8
      vertex 16 0 8
      vertex 11.7694 -2.34108 8
    endloop
  endfacet
  facet normal 0 0 1
    outer loop
      vertex 11.0866 -4.5922 8
      vertex 16 0 8
      vertex 11.4833 -3.48342 8
    endloop
  endfacet
  facet normal 0 0 1
    outer loop
      vertex 10.5831 -5.65676 8
      vertex 16 0 8
      vertex 11.0866 -4.5922 8
    endloop
  endfacet
  facet normal 0 0 1
    outer loop
      vertex 16.1729 -30.2442 8
      vertex 11 -40 8
      vertex 16.0433 -31.1178 8
    endloop
  endfacet
  facet normal 0 0 1
    outer loop
      vertex 16 -32 8
      vertex 11 -40 8
      vertex 16.0433 -32.8822 8
    endloop
  endfacet
  facet normal 0 0 1
    outer loop
      vertex 16.0433 -32.8822 8
      vertex 11 -40 8
      vertex 16.1729 -33.7558 8
    endloop
  endfacet
  facet normal 0 0 1
    outer loop
      vertex 11 -40 8
      vertex 16.3875 -34.6126 8
      vertex 16.1729 -33.7558 8
    endloop
  endfacet
  facet normal 0 0 1
    outer loop
      vertex 11 -40 8
      vertex 16.6851 -35.4441 8
      vertex 16.3875 -34.6126 8
    endloop
  endfacet
  facet normal 0 0 1
    outer loop
      vertex 11 -40 8
      vertex 17.0627 -36.2426 8
      vertex 16.6851 -35.4441 8
    endloop
  endfacet
  facet normal 0 0 1
    outer loop
      vertex 11 -40 8
      vertex 17.5168 -37.0001 8
      vertex 17.0627 -36.2426 8
    endloop
  endfacet
  facet normal 0 0 1
    outer loop
      vertex 11 -40 8
      vertex 18.0429 -37.7095 8
      vertex 17.5168 -37.0001 8
    endloop
  endfacet
  facet normal 0 0 1
    outer loop
      vertex 20.7574 -39.9373 8
      vertex 11 -40 8
      vertex 11 -60 8
    endloop
  endfacet
  facet normal 0 0 1
    outer loop
      vertex 24.1178 -40.9567 8
      vertex 11 -60 8
      vertex 35.5 -60 8
    endloop
  endfacet
  facet normal 0 0 1
    outer loop
      vertex 31.3 0 8
      vertex 40 0 8
      vertex 39.9422 1.17621 8
    endloop
  endfacet
  facet normal 0 0 1
    outer loop
      vertex 31.2841 0.323456 8
      vertex 39.9422 1.17621 8
      vertex 39.7694 2.34108 8
    endloop
  endfacet
  facet normal 0 0 1
    outer loop
      vertex 40 0 8
      vertex 31.3 0 8
      vertex 39.9422 -1.17621 8
    endloop
  endfacet
  facet normal 0 0 1
    outer loop
      vertex 31.2366 0.643798 8
      vertex 39.7694 2.34108 8
      vertex 39.4833 3.48342 8
    endloop
  endfacet
  facet normal -0 0 1
    outer loop
      vertex 31.2841 -0.323456 8
      vertex 39.9422 -1.17621 8
      vertex 31.3 0 8
    endloop
  endfacet
  facet normal 0 0 1
    outer loop
      vertex 31.1579 0.957939 8
      vertex 39.4833 3.48342 8
      vertex 39.0866 4.5922 8
    endloop
  endfacet
  facet normal 0 0 1
    outer loop
      vertex 39.9422 -1.17621 8
      vertex 31.2841 -0.323456 8
      vertex 39.7694 -2.34108 8
    endloop
  endfacet
  facet normal 0 0 1
    outer loop
      vertex 31.0488 1.26285 8
      vertex 39.0866 4.5922 8
      vertex 38.5831 5.65676 8
    endloop
  endfacet
  facet normal -0 0 1
    outer loop
      vertex 31.2366 -0.643798 8
      vertex 39.7694 -2.34108 8
      vertex 31.2841 -0.323456 8
    endloop
  endfacet
  facet normal 0 0 1
    outer loop
      vertex 30.9103 1.55561 8
      vertex 38.5831 5.65676 8
      vertex 37.9776 6.66684 8
    endloop
  endfacet
  facet normal 0 0 1
    outer loop
      vertex 39.7694 -2.34108 8
      vertex 31.2366 -0.643798 8
      vertex 39.4833 -3.48342 8
    endloop
  endfacet
  facet normal 0 0 1
    outer loop
      vertex 30.7438 1.83338 8
      vertex 37.9776 6.66684 8
      vertex 37.2761 7.61272 8
    endloop
  endfacet
  facet normal -0 0 1
    outer loop
      vertex 31.1579 -0.957939 8
      vertex 39.4833 -3.48342 8
      vertex 31.2366 -0.643798 8
    endloop
  endfacet
  facet normal 0 0 1
    outer loop
      vertex 30.5509 2.0935 8
      vertex 37.2761 7.61272 8
      vertex 36.4853 8.48528 8
    endloop
  endfacet
  facet normal 0 0 1
    outer loop
      vertex 39.4833 -3.48342 8
      vertex 31.1579 -0.957939 8
      vertex 39.0866 -4.5922 8
    endloop
  endfacet
  facet normal 0 0 1
    outer loop
      vertex 30.3335 2.33345 8
      vertex 36.4853 8.48528 8
      vertex 35.6127 9.27612 8
    endloop
  endfacet
  facet normal -0 0 1
    outer loop
      vertex 31.0488 -1.26285 8
      vertex 39.0866 -4.5922 8
      vertex 31.1579 -0.957939 8
    endloop
  endfacet
  facet normal 0 0 1
    outer loop
      vertex 30.0935 2.55093 8
      vertex 35.6127 9.27612 8
      vertex 35.5 9.35972 8
    endloop
  endfacet
  facet normal 0 0 1
    outer loop
      vertex 39.0866 -4.5922 8
      vertex 31.0488 -1.26285 8
      vertex 38.5831 -5.65676 8
    endloop
  endfacet
  facet normal 0 0 1
    outer loop
      vertex 29.8334 2.74385 8
      vertex 35.5 9.35972 8
      vertex 34.6668 9.97763 8
    endloop
  endfacet
  facet normal -0 0 1
    outer loop
      vertex 30.9103 -1.55561 8
      vertex 38.5831 -5.65676 8
      vertex 31.0488 -1.26285 8
    endloop
  endfacet
  facet normal 0 0 1
    outer loop
      vertex 29.8334 2.74385 8
      vertex 34.6668 9.97763 8
      vertex 33.6568 10.5831 8
    endloop
  endfacet
  facet normal 0 0 1
    outer loop
      vertex 38.5831 -5.65676 8
      vertex 30.9103 -1.55561 8
      vertex 37.9776 -6.66684 8
    endloop
  endfacet
  facet normal 0 0 1
    outer loop
      vertex 29.5556 2.91034 8
      vertex 33.6568 10.5831 8
      vertex 32.5922 11.0866 8
    endloop
  endfacet
  facet normal -0 0 1
    outer loop
      vertex 30.7438 -1.83338 8
      vertex 37.9776 -6.66684 8
      vertex 30.9103 -1.55561 8
    endloop
  endfacet
  facet normal 0 0 1
    outer loop
      vertex 29.2629 3.0488 8
      vertex 32.5922 11.0866 8
      vertex 31.4834 11.4833 8
    endloop
  endfacet
  facet normal 0 0 1
    outer loop
      vertex 37.9776 -6.66684 8
      vertex 30.7438 -1.83338 8
      vertex 37.2761 -7.61272 8
    endloop
  endfacet
  facet normal -0 0 1
    outer loop
      vertex 30.5509 -2.0935 8
      vertex 37.2761 -7.61272 8
      vertex 30.7438 -1.83338 8
    endloop
  endfacet
  facet normal 0 0 1
    outer loop
      vertex 39.9422 1.17621 8
      vertex 31.2841 0.323456 8
      vertex 31.3 0 8
    endloop
  endfacet
  facet normal 0 0 1
    outer loop
      vertex 39.7694 2.34108 8
      vertex 31.2366 0.643798 8
      vertex 31.2841 0.323456 8
    endloop
  endfacet
  facet normal 0 0 1
    outer loop
      vertex 39.4833 3.48342 8
      vertex 31.1579 0.957939 8
      vertex 31.2366 0.643798 8
    endloop
  endfacet
  facet normal 0 0 1
    outer loop
      vertex 39.0866 4.5922 8
      vertex 31.0488 1.26285 8
      vertex 31.1579 0.957939 8
    endloop
  endfacet
  facet normal 0 0 1
    outer loop
      vertex 38.5831 5.65676 8
      vertex 30.9103 1.55561 8
      vertex 31.0488 1.26285 8
    endloop
  endfacet
  facet normal 0 0 1
    outer loop
      vertex 37.9776 6.66684 8
      vertex 30.7438 1.83338 8
      vertex 30.9103 1.55561 8
    endloop
  endfacet
  facet normal 0 0 1
    outer loop
      vertex 37.2761 7.61272 8
      vertex 30.5509 2.0935 8
      vertex 30.7438 1.83338 8
    endloop
  endfacet
  facet normal 0 0 1
    outer loop
      vertex 28.9579 3.1579 8
      vertex 31.4834 11.4833 8
      vertex 30.3411 11.7694 8
    endloop
  endfacet
  facet normal 0 0 1
    outer loop
      vertex 36.4853 8.48528 8
      vertex 30.3335 2.33345 8
      vertex 30.5509 2.0935 8
    endloop
  endfacet
  facet normal 0 0 1
    outer loop
      vertex 35.6127 9.27612 8
      vertex 30.0935 2.55093 8
      vertex 30.3335 2.33345 8
    endloop
  endfacet
  facet normal 0 0 1
    outer loop
      vertex 35.5 9.35972 8
      vertex 29.8334 2.74385 8
      vertex 30.0935 2.55093 8
    endloop
  endfacet
  facet normal 0 0 1
    outer loop
      vertex 33.6568 10.5831 8
      vertex 29.5556 2.91034 8
      vertex 29.8334 2.74385 8
    endloop
  endfacet
  facet normal 0 0 1
    outer loop
      vertex 32.5922 11.0866 8
      vertex 29.2629 3.0488 8
      vertex 29.5556 2.91034 8
    endloop
  endfacet
  facet normal 0 0 1
    outer loop
      vertex 28.6438 3.23659 8
      vertex 30.3411 11.7694 8
      vertex 29.1762 11.9422 8
    endloop
  endfacet
  facet normal 0 0 1
    outer loop
      vertex 31.4834 11.4833 8
      vertex 28.9579 3.1579 8
      vertex 29.2629 3.0488 8
    endloop
  endfacet
  facet normal 0 0 1
    outer loop
      vertex 30.3411 11.7694 8
      vertex 28.6438 3.23659 8
      vertex 28.9579 3.1579 8
    endloop
  endfacet
  facet normal 0 0 1
    outer loop
      vertex 29.1762 11.9422 8
      vertex 28.3235 3.28411 8
      vertex 28.6438 3.23659 8
    endloop
  endfacet
  facet normal 0 0 1
    outer loop
      vertex 28 12 8
      vertex 28.3235 3.28411 8
      vertex 29.1762 11.9422 8
    endloop
  endfacet
  facet normal 0 0 1
    outer loop
      vertex 28 12 8
      vertex 28 3.3 8
      vertex 28.3235 3.28411 8
    endloop
  endfacet
  facet normal 0 0 1
    outer loop
      vertex 28 12 8
      vertex 27.6765 3.28411 8
      vertex 28 3.3 8
    endloop
  endfacet
  facet normal -0 0 1
    outer loop
      vertex 26.8238 11.9422 8
      vertex 27.6765 3.28411 8
      vertex 28 12 8
    endloop
  endfacet
  facet normal 0 0 1
    outer loop
      vertex 27.6765 3.28411 8
      vertex 26.8238 11.9422 8
      vertex 27.3562 3.23659 8
    endloop
  endfacet
  facet normal -0 0 1
    outer loop
      vertex 25.6589 11.7694 8
      vertex 27.3562 3.23659 8
      vertex 26.8238 11.9422 8
    endloop
  endfacet
  facet normal 0 0 1
    outer loop
      vertex 27.3562 3.23659 8
      vertex 25.6589 11.7694 8
      vertex 27.0421 3.1579 8
    endloop
  endfacet
  facet normal -0 0 1
    outer loop
      vertex 24.5166 11.4833 8
      vertex 27.0421 3.1579 8
      vertex 25.6589 11.7694 8
    endloop
  endfacet
  facet normal 0 0 1
    outer loop
      vertex 27.0421 3.1579 8
      vertex 24.5166 11.4833 8
      vertex 26.7371 3.0488 8
    endloop
  endfacet
  facet normal -0 0 1
    outer loop
      vertex 23.4078 11.0866 8
      vertex 26.7371 3.0488 8
      vertex 24.5166 11.4833 8
    endloop
  endfacet
  facet normal 0 0 1
    outer loop
      vertex 26.7371 3.0488 8
      vertex 23.4078 11.0866 8
      vertex 26.4444 2.91034 8
    endloop
  endfacet
  facet normal -0 0 1
    outer loop
      vertex 22.3432 10.5831 8
      vertex 26.4444 2.91034 8
      vertex 23.4078 11.0866 8
    endloop
  endfacet
  facet normal 0 0 1
    outer loop
      vertex 26.4444 2.91034 8
      vertex 22.3432 10.5831 8
      vertex 26.1666 2.74385 8
    endloop
  endfacet
  facet normal -0 0 1
    outer loop
      vertex 21.3332 9.97763 8
      vertex 26.1666 2.74385 8
      vertex 22.3432 10.5831 8
    endloop
  endfacet
  facet normal 0 0 1
    outer loop
      vertex 26.1666 2.74385 8
      vertex 21.3332 9.97763 8
      vertex 25.9065 2.55093 8
    endloop
  endfacet
  facet normal -0 0 1
    outer loop
      vertex 20.3873 9.27612 8
      vertex 25.9065 2.55093 8
      vertex 21.3332 9.97763 8
    endloop
  endfacet
  facet normal 0 0 1
    outer loop
      vertex 25.9065 2.55093 8
      vertex 20.3873 9.27612 8
      vertex 25.6665 2.33345 8
    endloop
  endfacet
  facet normal -0 0 1
    outer loop
      vertex 19.5147 8.48528 8
      vertex 25.6665 2.33345 8
      vertex 20.3873 9.27612 8
    endloop
  endfacet
  facet normal 0 0 1
    outer loop
      vertex 25.6665 2.33345 8
      vertex 19.5147 8.48528 8
      vertex 25.4491 2.0935 8
    endloop
  endfacet
  facet normal 0 0 1
    outer loop
      vertex 25.4491 2.0935 8
      vertex 18.7239 7.61272 8
      vertex 25.2561 1.83338 8
    endloop
  endfacet
  facet normal -0 0 1
    outer loop
      vertex 18.7239 7.61272 8
      vertex 25.4491 2.0935 8
      vertex 19.5147 8.48528 8
    endloop
  endfacet
  facet normal 0 0 1
    outer loop
      vertex 37.2761 -7.61272 8
      vertex 30.5509 -2.0935 8
      vertex 36.4853 -8.48528 8
    endloop
  endfacet
  facet normal -0 0 1
    outer loop
      vertex 30.3335 -2.33345 8
      vertex 36.4853 -8.48528 8
      vertex 30.5509 -2.0935 8
    endloop
  endfacet
  facet normal 0 0 1
    outer loop
      vertex 36.4853 -8.48528 8
      vertex 30.3335 -2.33345 8
      vertex 35.6127 -9.27612 8
    endloop
  endfacet
  facet normal -0 0 1
    outer loop
      vertex 30.0935 -2.55093 8
      vertex 35.6127 -9.27612 8
      vertex 30.3335 -2.33345 8
    endloop
  endfacet
  facet normal 0 0 1
    outer loop
      vertex 35.6127 -9.27612 8
      vertex 30.0935 -2.55093 8
      vertex 35.5 -9.35972 8
    endloop
  endfacet
  facet normal -0 0 1
    outer loop
      vertex 29.8334 -2.74385 8
      vertex 35.5 -9.35972 8
      vertex 30.0935 -2.55093 8
    endloop
  endfacet
  facet normal 0 0 1
    outer loop
      vertex 35.5 -9.35972 8
      vertex 29.8334 -2.74385 8
      vertex 34.6668 -9.97763 8
    endloop
  endfacet
  facet normal 0 0 1
    outer loop
      vertex 34.6668 -9.97763 8
      vertex 29.8334 -2.74385 8
      vertex 33.6568 -10.5831 8
    endloop
  endfacet
  facet normal -0 0 1
    outer loop
      vertex 29.5556 -2.91034 8
      vertex 33.6568 -10.5831 8
      vertex 29.8334 -2.74385 8
    endloop
  endfacet
  facet normal 0 0 1
    outer loop
      vertex 33.6568 -10.5831 8
      vertex 29.5556 -2.91034 8
      vertex 32.5922 -11.0866 8
    endloop
  endfacet
  facet normal -0 0 1
    outer loop
      vertex 29.2629 -3.0488 8
      vertex 32.5922 -11.0866 8
      vertex 29.5556 -2.91034 8
    endloop
  endfacet
  facet normal 0 0 1
    outer loop
      vertex 32.5922 -11.0866 8
      vertex 29.2629 -3.0488 8
      vertex 31.4834 -11.4833 8
    endloop
  endfacet
  facet normal -0 0 1
    outer loop
      vertex 28.9579 -3.1579 8
      vertex 31.4834 -11.4833 8
      vertex 29.2629 -3.0488 8
    endloop
  endfacet
  facet normal 0 0 1
    outer loop
      vertex 31.4834 -11.4833 8
      vertex 28.9579 -3.1579 8
      vertex 30.3411 -11.7694 8
    endloop
  endfacet
  facet normal -0 0 1
    outer loop
      vertex 28.6438 -3.23659 8
      vertex 30.3411 -11.7694 8
      vertex 28.9579 -3.1579 8
    endloop
  endfacet
  facet normal 0 0 1
    outer loop
      vertex 30.3411 -11.7694 8
      vertex 28.6438 -3.23659 8
      vertex 29.1762 -11.9422 8
    endloop
  endfacet
  facet normal -0 0 1
    outer loop
      vertex 28.3235 -3.28411 8
      vertex 29.1762 -11.9422 8
      vertex 28.6438 -3.23659 8
    endloop
  endfacet
  facet normal -0 0 1
    outer loop
      vertex 28 -3.3 8
      vertex 29.1762 -11.9422 8
      vertex 28.3235 -3.28411 8
    endloop
  endfacet
  facet normal 0 0 1
    outer loop
      vertex 28 -3.3 8
      vertex 28 -12 8
      vertex 29.1762 -11.9422 8
    endloop
  endfacet
  facet normal 0 0 1
    outer loop
      vertex 27.6765 -3.28411 8
      vertex 28 -12 8
      vertex 28 -3.3 8
    endloop
  endfacet
  facet normal 0 0 1
    outer loop
      vertex 26.8238 -11.9422 8
      vertex 27.6765 -3.28411 8
      vertex 27.3562 -3.23659 8
    endloop
  endfacet
  facet normal 0 0 1
    outer loop
      vertex 25.6589 -11.7694 8
      vertex 27.3562 -3.23659 8
      vertex 27.0421 -3.1579 8
    endloop
  endfacet
  facet normal 0 0 1
    outer loop
      vertex 27.6765 -3.28411 8
      vertex 26.8238 -11.9422 8
      vertex 28 -12 8
    endloop
  endfacet
  facet normal 0 0 1
    outer loop
      vertex 24.5166 -11.4833 8
      vertex 27.0421 -3.1579 8
      vertex 26.7371 -3.0488 8
    endloop
  endfacet
  facet normal 0 0 1
    outer loop
      vertex 23.4078 -11.0866 8
      vertex 26.7371 -3.0488 8
      vertex 26.4444 -2.91034 8
    endloop
  endfacet
  facet normal 0 0 1
    outer loop
      vertex 22.3432 -10.5831 8
      vertex 26.4444 -2.91034 8
      vertex 26.1666 -2.74385 8
    endloop
  endfacet
  facet normal 0 0 1
    outer loop
      vertex 21.3332 -9.97763 8
      vertex 26.1666 -2.74385 8
      vertex 25.9065 -2.55093 8
    endloop
  endfacet
  facet normal 0 0 1
    outer loop
      vertex 20.3873 -9.27612 8
      vertex 25.9065 -2.55093 8
      vertex 25.6665 -2.33345 8
    endloop
  endfacet
  facet normal 0 0 1
    outer loop
      vertex 27.3562 -3.23659 8
      vertex 25.6589 -11.7694 8
      vertex 26.8238 -11.9422 8
    endloop
  endfacet
  facet normal 0 0 1
    outer loop
      vertex 19.5147 -8.48528 8
      vertex 25.6665 -2.33345 8
      vertex 25.4491 -2.0935 8
    endloop
  endfacet
  facet normal 0 0 1
    outer loop
      vertex 18.7239 -7.61272 8
      vertex 25.4491 -2.0935 8
      vertex 25.2561 -1.83338 8
    endloop
  endfacet
  facet normal 0 0 1
    outer loop
      vertex 18.0224 -6.66684 8
      vertex 25.2561 -1.83338 8
      vertex 25.0897 -1.55561 8
    endloop
  endfacet
  facet normal 0 0 1
    outer loop
      vertex 17.4169 -5.65676 8
      vertex 25.0897 -1.55561 8
      vertex 24.9512 -1.26285 8
    endloop
  endfacet
  facet normal 0 0 1
    outer loop
      vertex 16.9134 -4.5922 8
      vertex 24.9512 -1.26285 8
      vertex 24.8421 -0.957939 8
    endloop
  endfacet
  facet normal 0 0 1
    outer loop
      vertex 16.5167 -3.48342 8
      vertex 24.8421 -0.957939 8
      vertex 24.7634 -0.643798 8
    endloop
  endfacet
  facet normal 0 0 1
    outer loop
      vertex 16.2306 -2.34108 8
      vertex 24.7634 -0.643798 8
      vertex 24.7159 -0.323456 8
    endloop
  endfacet
  facet normal 0 0 1
    outer loop
      vertex 27.0421 -3.1579 8
      vertex 24.5166 -11.4833 8
      vertex 25.6589 -11.7694 8
    endloop
  endfacet
  facet normal 0 0 1
    outer loop
      vertex 16.0578 -1.17621 8
      vertex 24.7159 -0.323456 8
      vertex 24.7 0 8
    endloop
  endfacet
  facet normal -0 0 1
    outer loop
      vertex 18.0224 6.66684 8
      vertex 25.2561 1.83338 8
      vertex 18.7239 7.61272 8
    endloop
  endfacet
  facet normal 0 0 1
    outer loop
      vertex 25.2561 1.83338 8
      vertex 18.0224 6.66684 8
      vertex 25.0897 1.55561 8
    endloop
  endfacet
  facet normal 0 0 1
    outer loop
      vertex 26.7371 -3.0488 8
      vertex 23.4078 -11.0866 8
      vertex 24.5166 -11.4833 8
    endloop
  endfacet
  facet normal -0 0 1
    outer loop
      vertex 17.4169 5.65676 8
      vertex 25.0897 1.55561 8
      vertex 18.0224 6.66684 8
    endloop
  endfacet
  facet normal 0 0 1
    outer loop
      vertex 26.4444 -2.91034 8
      vertex 22.3432 -10.5831 8
      vertex 23.4078 -11.0866 8
    endloop
  endfacet
  facet normal 0 0 1
    outer loop
      vertex 25.0897 1.55561 8
      vertex 17.4169 5.65676 8
      vertex 24.9512 1.26285 8
    endloop
  endfacet
  facet normal 0 0 1
    outer loop
      vertex 26.1666 -2.74385 8
      vertex 21.3332 -9.97763 8
      vertex 22.3432 -10.5831 8
    endloop
  endfacet
  facet normal -0 0 1
    outer loop
      vertex 16.9134 4.5922 8
      vertex 24.9512 1.26285 8
      vertex 17.4169 5.65676 8
    endloop
  endfacet
  facet normal 0 0 1
    outer loop
      vertex 25.9065 -2.55093 8
      vertex 20.3873 -9.27612 8
      vertex 21.3332 -9.97763 8
    endloop
  endfacet
  facet normal 0 0 1
    outer loop
      vertex 24.9512 1.26285 8
      vertex 16.9134 4.5922 8
      vertex 24.8421 0.957939 8
    endloop
  endfacet
  facet normal 0 0 1
    outer loop
      vertex 25.6665 -2.33345 8
      vertex 19.5147 -8.48528 8
      vertex 20.3873 -9.27612 8
    endloop
  endfacet
  facet normal -0 0 1
    outer loop
      vertex 16.5167 3.48342 8
      vertex 24.8421 0.957939 8
      vertex 16.9134 4.5922 8
    endloop
  endfacet
  facet normal 0 0 1
    outer loop
      vertex 25.4491 -2.0935 8
      vertex 18.7239 -7.61272 8
      vertex 19.5147 -8.48528 8
    endloop
  endfacet
  facet normal 0 0 1
    outer loop
      vertex 24.8421 0.957939 8
      vertex 16.5167 3.48342 8
      vertex 24.7634 0.643798 8
    endloop
  endfacet
  facet normal 0 0 1
    outer loop
      vertex 25.2561 -1.83338 8
      vertex 18.0224 -6.66684 8
      vertex 18.7239 -7.61272 8
    endloop
  endfacet
  facet normal -0 0 1
    outer loop
      vertex 16.2306 2.34108 8
      vertex 24.7634 0.643798 8
      vertex 16.5167 3.48342 8
    endloop
  endfacet
  facet normal 0 0 1
    outer loop
      vertex 25.0897 -1.55561 8
      vertex 17.4169 -5.65676 8
      vertex 18.0224 -6.66684 8
    endloop
  endfacet
  facet normal 0 0 1
    outer loop
      vertex 24.7634 0.643798 8
      vertex 16.2306 2.34108 8
      vertex 24.7159 0.323456 8
    endloop
  endfacet
  facet normal 0 0 1
    outer loop
      vertex 24.9512 -1.26285 8
      vertex 16.9134 -4.5922 8
      vertex 17.4169 -5.65676 8
    endloop
  endfacet
  facet normal -0 0 1
    outer loop
      vertex 16.0578 1.17621 8
      vertex 24.7159 0.323456 8
      vertex 16.2306 2.34108 8
    endloop
  endfacet
  facet normal 0 0 1
    outer loop
      vertex 24.8421 -0.957939 8
      vertex 16.5167 -3.48342 8
      vertex 16.9134 -4.5922 8
    endloop
  endfacet
  facet normal 0 0 1
    outer loop
      vertex 24.7159 0.323456 8
      vertex 16.0578 1.17621 8
      vertex 24.7 0 8
    endloop
  endfacet
  facet normal 0 0 1
    outer loop
      vertex 24.7634 -0.643798 8
      vertex 16.2306 -2.34108 8
      vertex 16.5167 -3.48342 8
    endloop
  endfacet
  facet normal 0 0 1
    outer loop
      vertex 16 0 8
      vertex 24.7 0 8
      vertex 16.0578 1.17621 8
    endloop
  endfacet
  facet normal 0 0 1
    outer loop
      vertex 24.7159 -0.323456 8
      vertex 16.0578 -1.17621 8
      vertex 16.2306 -2.34108 8
    endloop
  endfacet
  facet normal 0 0 1
    outer loop
      vertex 24.7 0 8
      vertex 16 0 8
      vertex 16.0578 -1.17621 8
    endloop
  endfacet
  facet normal 0 0 1
    outer loop
      vertex -24.7 0 8
      vertex -16 0 8
      vertex -16.0578 1.17621 8
    endloop
  endfacet
  facet normal 0 0 1
    outer loop
      vertex -24.7159 0.323456 8
      vertex -16.0578 1.17621 8
      vertex -16.2306 2.34108 8
    endloop
  endfacet
  facet normal 0 0 1
    outer loop
      vertex -16 0 8
      vertex -24.7 0 8
      vertex -16.0578 -1.17621 8
    endloop
  endfacet
  facet normal 0 0 1
    outer loop
      vertex -24.7634 0.643798 8
      vertex -16.2306 2.34108 8
      vertex -16.5167 3.48342 8
    endloop
  endfacet
  facet normal -0 0 1
    outer loop
      vertex -24.7159 -0.323456 8
      vertex -16.0578 -1.17621 8
      vertex -24.7 0 8
    endloop
  endfacet
  facet normal 0 0 1
    outer loop
      vertex -24.8421 0.957939 8
      vertex -16.5167 3.48342 8
      vertex -16.9134 4.5922 8
    endloop
  endfacet
  facet normal 0 0 1
    outer loop
      vertex -16.0578 -1.17621 8
      vertex -24.7159 -0.323456 8
      vertex -16.2306 -2.34108 8
    endloop
  endfacet
  facet normal 0 0 1
    outer loop
      vertex -24.9512 1.26285 8
      vertex -16.9134 4.5922 8
      vertex -17.4169 5.65676 8
    endloop
  endfacet
  facet normal -0 0 1
    outer loop
      vertex -24.7634 -0.643798 8
      vertex -16.2306 -2.34108 8
      vertex -24.7159 -0.323456 8
    endloop
  endfacet
  facet normal 0 0 1
    outer loop
      vertex -25.0897 1.55561 8
      vertex -17.4169 5.65676 8
      vertex -18.0224 6.66684 8
    endloop
  endfacet
  facet normal 0 0 1
    outer loop
      vertex -16.2306 -2.34108 8
      vertex -24.7634 -0.643798 8
      vertex -16.5167 -3.48342 8
    endloop
  endfacet
  facet normal 0 0 1
    outer loop
      vertex -25.2561 1.83338 8
      vertex -18.0224 6.66684 8
      vertex -18.7239 7.61272 8
    endloop
  endfacet
  facet normal -0 0 1
    outer loop
      vertex -24.8421 -0.957939 8
      vertex -16.5167 -3.48342 8
      vertex -24.7634 -0.643798 8
    endloop
  endfacet
  facet normal 0 0 1
    outer loop
      vertex -25.4491 2.0935 8
      vertex -18.7239 7.61272 8
      vertex -19.5147 8.48528 8
    endloop
  endfacet
  facet normal 0 0 1
    outer loop
      vertex -16.5167 -3.48342 8
      vertex -24.8421 -0.957939 8
      vertex -16.9134 -4.5922 8
    endloop
  endfacet
  facet normal 0 0 1
    outer loop
      vertex -25.6665 2.33345 8
      vertex -19.5147 8.48528 8
      vertex -20.3873 9.27612 8
    endloop
  endfacet
  facet normal -0 0 1
    outer loop
      vertex -24.9512 -1.26285 8
      vertex -16.9134 -4.5922 8
      vertex -24.8421 -0.957939 8
    endloop
  endfacet
  facet normal 0 0 1
    outer loop
      vertex -25.9065 2.55093 8
      vertex -20.3873 9.27612 8
      vertex -21.3332 9.97763 8
    endloop
  endfacet
  facet normal 0 0 1
    outer loop
      vertex -16.9134 -4.5922 8
      vertex -24.9512 -1.26285 8
      vertex -17.4169 -5.65676 8
    endloop
  endfacet
  facet normal 0 0 1
    outer loop
      vertex -26.1666 2.74385 8
      vertex -21.3332 9.97763 8
      vertex -22.3432 10.5831 8
    endloop
  endfacet
  facet normal -0 0 1
    outer loop
      vertex -25.0897 -1.55561 8
      vertex -17.4169 -5.65676 8
      vertex -24.9512 -1.26285 8
    endloop
  endfacet
  facet normal 0 0 1
    outer loop
      vertex -26.4444 2.91034 8
      vertex -22.3432 10.5831 8
      vertex -23.4078 11.0866 8
    endloop
  endfacet
  facet normal 0 0 1
    outer loop
      vertex -17.4169 -5.65676 8
      vertex -25.0897 -1.55561 8
      vertex -18.0224 -6.66684 8
    endloop
  endfacet
  facet normal 0 0 1
    outer loop
      vertex -26.7371 3.0488 8
      vertex -23.4078 11.0866 8
      vertex -24.5166 11.4833 8
    endloop
  endfacet
  facet normal -0 0 1
    outer loop
      vertex -25.2561 -1.83338 8
      vertex -18.0224 -6.66684 8
      vertex -25.0897 -1.55561 8
    endloop
  endfacet
  facet normal 0 0 1
    outer loop
      vertex -18.0224 -6.66684 8
      vertex -25.2561 -1.83338 8
      vertex -18.7239 -7.61272 8
    endloop
  endfacet
  facet normal 0 0 1
    outer loop
      vertex -16.0578 1.17621 8
      vertex -24.7159 0.323456 8
      vertex -24.7 0 8
    endloop
  endfacet
  facet normal 0 0 1
    outer loop
      vertex -16.2306 2.34108 8
      vertex -24.7634 0.643798 8
      vertex -24.7159 0.323456 8
    endloop
  endfacet
  facet normal 0 0 1
    outer loop
      vertex -16.5167 3.48342 8
      vertex -24.8421 0.957939 8
      vertex -24.7634 0.643798 8
    endloop
  endfacet
  facet normal 0 0 1
    outer loop
      vertex -16.9134 4.5922 8
      vertex -24.9512 1.26285 8
      vertex -24.8421 0.957939 8
    endloop
  endfacet
  facet normal 0 0 1
    outer loop
      vertex -17.4169 5.65676 8
      vertex -25.0897 1.55561 8
      vertex -24.9512 1.26285 8
    endloop
  endfacet
  facet normal 0 0 1
    outer loop
      vertex -18.0224 6.66684 8
      vertex -25.2561 1.83338 8
      vertex -25.0897 1.55561 8
    endloop
  endfacet
  facet normal 0 0 1
    outer loop
      vertex -18.7239 7.61272 8
      vertex -25.4491 2.0935 8
      vertex -25.2561 1.83338 8
    endloop
  endfacet
  facet normal 0 0 1
    outer loop
      vertex -27.0421 3.1579 8
      vertex -24.5166 11.4833 8
      vertex -25.6589 11.7694 8
    endloop
  endfacet
  facet normal 0 0 1
    outer loop
      vertex -19.5147 8.48528 8
      vertex -25.6665 2.33345 8
      vertex -25.4491 2.0935 8
    endloop
  endfacet
  facet normal 0 0 1
    outer loop
      vertex -20.3873 9.27612 8
      vertex -25.9065 2.55093 8
      vertex -25.6665 2.33345 8
    endloop
  endfacet
  facet normal 0 0 1
    outer loop
      vertex -21.3332 9.97763 8
      vertex -26.1666 2.74385 8
      vertex -25.9065 2.55093 8
    endloop
  endfacet
  facet normal 0 0 1
    outer loop
      vertex -22.3432 10.5831 8
      vertex -26.4444 2.91034 8
      vertex -26.1666 2.74385 8
    endloop
  endfacet
  facet normal 0 0 1
    outer loop
      vertex -23.4078 11.0866 8
      vertex -26.7371 3.0488 8
      vertex -26.4444 2.91034 8
    endloop
  endfacet
  facet normal 0 0 1
    outer loop
      vertex -27.3562 3.23659 8
      vertex -25.6589 11.7694 8
      vertex -26.8238 11.9422 8
    endloop
  endfacet
  facet normal 0 0 1
    outer loop
      vertex -24.5166 11.4833 8
      vertex -27.0421 3.1579 8
      vertex -26.7371 3.0488 8
    endloop
  endfacet
  facet normal 0 0 1
    outer loop
      vertex -25.6589 11.7694 8
      vertex -27.3562 3.23659 8
      vertex -27.0421 3.1579 8
    endloop
  endfacet
  facet normal 0 0 1
    outer loop
      vertex -26.8238 11.9422 8
      vertex -27.6765 3.28411 8
      vertex -27.3562 3.23659 8
    endloop
  endfacet
  facet normal 0 0 1
    outer loop
      vertex -28 12 8
      vertex -27.6765 3.28411 8
      vertex -26.8238 11.9422 8
    endloop
  endfacet
  facet normal 0 0 1
    outer loop
      vertex -28 12 8
      vertex -28 3.3 8
      vertex -27.6765 3.28411 8
    endloop
  endfacet
  facet normal 0 0 1
    outer loop
      vertex -28 12 8
      vertex -28.3235 3.28411 8
      vertex -28 3.3 8
    endloop
  endfacet
  facet normal -0 0 1
    outer loop
      vertex -29.1762 11.9422 8
      vertex -28.3235 3.28411 8
      vertex -28 12 8
    endloop
  endfacet
  facet normal 0 0 1
    outer loop
      vertex -28.3235 3.28411 8
      vertex -29.1762 11.9422 8
      vertex -28.6438 3.23659 8
    endloop
  endfacet
  facet normal -0 0 1
    outer loop
      vertex -30.3411 11.7694 8
      vertex -28.6438 3.23659 8
      vertex -29.1762 11.9422 8
    endloop
  endfacet
  facet normal 0 0 1
    outer loop
      vertex -28.6438 3.23659 8
      vertex -30.3411 11.7694 8
      vertex -28.9579 3.1579 8
    endloop
  endfacet
  facet normal -0 0 1
    outer loop
      vertex -31.4834 11.4833 8
      vertex -28.9579 3.1579 8
      vertex -30.3411 11.7694 8
    endloop
  endfacet
  facet normal 0 0 1
    outer loop
      vertex -28.9579 3.1579 8
      vertex -31.4834 11.4833 8
      vertex -29.2629 3.0488 8
    endloop
  endfacet
  facet normal -0 0 1
    outer loop
      vertex -32.5922 11.0866 8
      vertex -29.2629 3.0488 8
      vertex -31.4834 11.4833 8
    endloop
  endfacet
  facet normal 0 0 1
    outer loop
      vertex -29.2629 3.0488 8
      vertex -32.5922 11.0866 8
      vertex -29.5556 2.91034 8
    endloop
  endfacet
  facet normal -0 0 1
    outer loop
      vertex -33.6568 10.5831 8
      vertex -29.5556 2.91034 8
      vertex -32.5922 11.0866 8
    endloop
  endfacet
  facet normal 0 0 1
    outer loop
      vertex -29.5556 2.91034 8
      vertex -33.6568 10.5831 8
      vertex -29.8334 2.74385 8
    endloop
  endfacet
  facet normal -0 0 1
    outer loop
      vertex -34.6668 9.97763 8
      vertex -29.8334 2.74385 8
      vertex -33.6568 10.5831 8
    endloop
  endfacet
  facet normal -0 0 1
    outer loop
      vertex -35.5 9.35972 8
      vertex -29.8334 2.74385 8
      vertex -34.6668 9.97763 8
    endloop
  endfacet
  facet normal 0 0 1
    outer loop
      vertex -29.8334 2.74385 8
      vertex -35.5 9.35972 8
      vertex -30.0935 2.55093 8
    endloop
  endfacet
  facet normal -0 0 1
    outer loop
      vertex -35.6127 9.27612 8
      vertex -30.0935 2.55093 8
      vertex -35.5 9.35972 8
    endloop
  endfacet
  facet normal 0 0 1
    outer loop
      vertex -30.0935 2.55093 8
      vertex -35.6127 9.27612 8
      vertex -30.3335 2.33345 8
    endloop
  endfacet
  facet normal -0 0 1
    outer loop
      vertex -36.4853 8.48528 8
      vertex -30.3335 2.33345 8
      vertex -35.6127 9.27612 8
    endloop
  endfacet
  facet normal -0 0 1
    outer loop
      vertex -37.2761 7.61272 8
      vertex -30.5509 2.0935 8
      vertex -36.4853 8.48528 8
    endloop
  endfacet
  facet normal 0 0 1
    outer loop
      vertex -30.3335 2.33345 8
      vertex -36.4853 8.48528 8
      vertex -30.5509 2.0935 8
    endloop
  endfacet
  facet normal -0 0 1
    outer loop
      vertex -25.4491 -2.0935 8
      vertex -18.7239 -7.61272 8
      vertex -25.2561 -1.83338 8
    endloop
  endfacet
  facet normal 0 0 1
    outer loop
      vertex -18.7239 -7.61272 8
      vertex -25.4491 -2.0935 8
      vertex -19.5147 -8.48528 8
    endloop
  endfacet
  facet normal -0 0 1
    outer loop
      vertex -25.6665 -2.33345 8
      vertex -19.5147 -8.48528 8
      vertex -25.4491 -2.0935 8
    endloop
  endfacet
  facet normal 0 0 1
    outer loop
      vertex -19.5147 -8.48528 8
      vertex -25.6665 -2.33345 8
      vertex -20.3873 -9.27612 8
    endloop
  endfacet
  facet normal -0 0 1
    outer loop
      vertex -25.9065 -2.55093 8
      vertex -20.3873 -9.27612 8
      vertex -25.6665 -2.33345 8
    endloop
  endfacet
  facet normal 0 0 1
    outer loop
      vertex -20.3873 -9.27612 8
      vertex -25.9065 -2.55093 8
      vertex -21.3332 -9.97763 8
    endloop
  endfacet
  facet normal -0 0 1
    outer loop
      vertex -26.1666 -2.74385 8
      vertex -21.3332 -9.97763 8
      vertex -25.9065 -2.55093 8
    endloop
  endfacet
  facet normal 0 0 1
    outer loop
      vertex -21.3332 -9.97763 8
      vertex -26.1666 -2.74385 8
      vertex -22.3432 -10.5831 8
    endloop
  endfacet
  facet normal -0 0 1
    outer loop
      vertex -26.4444 -2.91034 8
      vertex -22.3432 -10.5831 8
      vertex -26.1666 -2.74385 8
    endloop
  endfacet
  facet normal 0 0 1
    outer loop
      vertex -22.3432 -10.5831 8
      vertex -26.4444 -2.91034 8
      vertex -23.4078 -11.0866 8
    endloop
  endfacet
  facet normal -0 0 1
    outer loop
      vertex -26.7371 -3.0488 8
      vertex -23.4078 -11.0866 8
      vertex -26.4444 -2.91034 8
    endloop
  endfacet
  facet normal 0 0 1
    outer loop
      vertex -23.4078 -11.0866 8
      vertex -26.7371 -3.0488 8
      vertex -24.5166 -11.4833 8
    endloop
  endfacet
  facet normal -0 0 1
    outer loop
      vertex -27.0421 -3.1579 8
      vertex -24.5166 -11.4833 8
      vertex -26.7371 -3.0488 8
    endloop
  endfacet
  facet normal 0 0 1
    outer loop
      vertex -24.5166 -11.4833 8
      vertex -27.0421 -3.1579 8
      vertex -25.6589 -11.7694 8
    endloop
  endfacet
  facet normal -0 0 1
    outer loop
      vertex -27.3562 -3.23659 8
      vertex -25.6589 -11.7694 8
      vertex -27.0421 -3.1579 8
    endloop
  endfacet
  facet normal 0 0 1
    outer loop
      vertex -25.6589 -11.7694 8
      vertex -27.3562 -3.23659 8
      vertex -26.8238 -11.9422 8
    endloop
  endfacet
  facet normal -0 0 1
    outer loop
      vertex -27.6765 -3.28411 8
      vertex -26.8238 -11.9422 8
      vertex -27.3562 -3.23659 8
    endloop
  endfacet
  facet normal -0 0 1
    outer loop
      vertex -28 -3.3 8
      vertex -26.8238 -11.9422 8
      vertex -27.6765 -3.28411 8
    endloop
  endfacet
  facet normal 0 0 1
    outer loop
      vertex -28 -3.3 8
      vertex -28 -12 8
      vertex -26.8238 -11.9422 8
    endloop
  endfacet
  facet normal 0 0 1
    outer loop
      vertex -28.3235 -3.28411 8
      vertex -28 -12 8
      vertex -28 -3.3 8
    endloop
  endfacet
  facet normal 0 0 1
    outer loop
      vertex -29.1762 -11.9422 8
      vertex -28.3235 -3.28411 8
      vertex -28.6438 -3.23659 8
    endloop
  endfacet
  facet normal 0 0 1
    outer loop
      vertex -30.3411 -11.7694 8
      vertex -28.6438 -3.23659 8
      vertex -28.9579 -3.1579 8
    endloop
  endfacet
  facet normal 0 0 1
    outer loop
      vertex -28.3235 -3.28411 8
      vertex -29.1762 -11.9422 8
      vertex -28 -12 8
    endloop
  endfacet
  facet normal 0 0 1
    outer loop
      vertex -31.4834 -11.4833 8
      vertex -28.9579 -3.1579 8
      vertex -29.2629 -3.0488 8
    endloop
  endfacet
  facet normal 0 0 1
    outer loop
      vertex -32.5922 -11.0866 8
      vertex -29.2629 -3.0488 8
      vertex -29.5556 -2.91034 8
    endloop
  endfacet
  facet normal 0 0 1
    outer loop
      vertex -33.6568 -10.5831 8
      vertex -29.5556 -2.91034 8
      vertex -29.8334 -2.74385 8
    endloop
  endfacet
  facet normal 0 0 1
    outer loop
      vertex -35.5 -9.35972 8
      vertex -29.8334 -2.74385 8
      vertex -30.0935 -2.55093 8
    endloop
  endfacet
  facet normal 0 0 1
    outer loop
      vertex -35.6127 -9.27612 8
      vertex -30.0935 -2.55093 8
      vertex -30.3335 -2.33345 8
    endloop
  endfacet
  facet normal 0 0 1
    outer loop
      vertex -28.6438 -3.23659 8
      vertex -30.3411 -11.7694 8
      vertex -29.1762 -11.9422 8
    endloop
  endfacet
  facet normal 0 0 1
    outer loop
      vertex -36.4853 -8.48528 8
      vertex -30.3335 -2.33345 8
      vertex -30.5509 -2.0935 8
    endloop
  endfacet
  facet normal 0 0 1
    outer loop
      vertex -37.2761 -7.61272 8
      vertex -30.5509 -2.0935 8
      vertex -30.7438 -1.83338 8
    endloop
  endfacet
  facet normal 0 0 1
    outer loop
      vertex -37.9776 -6.66684 8
      vertex -30.7438 -1.83338 8
      vertex -30.9103 -1.55561 8
    endloop
  endfacet
  facet normal 0 0 1
    outer loop
      vertex -38.5831 -5.65676 8
      vertex -30.9103 -1.55561 8
      vertex -31.0488 -1.26285 8
    endloop
  endfacet
  facet normal 0 0 1
    outer loop
      vertex -39.0866 -4.5922 8
      vertex -31.0488 -1.26285 8
      vertex -31.1579 -0.957939 8
    endloop
  endfacet
  facet normal 0 0 1
    outer loop
      vertex -39.4833 -3.48342 8
      vertex -31.1579 -0.957939 8
      vertex -31.2366 -0.643798 8
    endloop
  endfacet
  facet normal 0 0 1
    outer loop
      vertex -39.7694 -2.34108 8
      vertex -31.2366 -0.643798 8
      vertex -31.2841 -0.323456 8
    endloop
  endfacet
  facet normal 0 0 1
    outer loop
      vertex -28.9579 -3.1579 8
      vertex -31.4834 -11.4833 8
      vertex -30.3411 -11.7694 8
    endloop
  endfacet
  facet normal 0 0 1
    outer loop
      vertex -39.9422 -1.17621 8
      vertex -31.2841 -0.323456 8
      vertex -31.3 0 8
    endloop
  endfacet
  facet normal 0 0 1
    outer loop
      vertex -30.5509 2.0935 8
      vertex -37.2761 7.61272 8
      vertex -30.7438 1.83338 8
    endloop
  endfacet
  facet normal -0 0 1
    outer loop
      vertex -37.9776 6.66684 8
      vertex -30.7438 1.83338 8
      vertex -37.2761 7.61272 8
    endloop
  endfacet
  facet normal 0 0 1
    outer loop
      vertex -29.2629 -3.0488 8
      vertex -32.5922 -11.0866 8
      vertex -31.4834 -11.4833 8
    endloop
  endfacet
  facet normal 0 0 1
    outer loop
      vertex -30.7438 1.83338 8
      vertex -37.9776 6.66684 8
      vertex -30.9103 1.55561 8
    endloop
  endfacet
  facet normal 0 0 1
    outer loop
      vertex -29.5556 -2.91034 8
      vertex -33.6568 -10.5831 8
      vertex -32.5922 -11.0866 8
    endloop
  endfacet
  facet normal -0 0 1
    outer loop
      vertex -38.5831 5.65676 8
      vertex -30.9103 1.55561 8
      vertex -37.9776 6.66684 8
    endloop
  endfacet
  facet normal 0 0 1
    outer loop
      vertex -29.8334 -2.74385 8
      vertex -34.6668 -9.97763 8
      vertex -33.6568 -10.5831 8
    endloop
  endfacet
  facet normal 0 0 1
    outer loop
      vertex -30.9103 1.55561 8
      vertex -38.5831 5.65676 8
      vertex -31.0488 1.26285 8
    endloop
  endfacet
  facet normal 0 0 1
    outer loop
      vertex -29.8334 -2.74385 8
      vertex -35.5 -9.35972 8
      vertex -34.6668 -9.97763 8
    endloop
  endfacet
  facet normal -0 0 1
    outer loop
      vertex -39.0866 4.5922 8
      vertex -31.0488 1.26285 8
      vertex -38.5831 5.65676 8
    endloop
  endfacet
  facet normal 0 0 1
    outer loop
      vertex -31.0488 1.26285 8
      vertex -39.0866 4.5922 8
      vertex -31.1579 0.957939 8
    endloop
  endfacet
  facet normal 0 0 1
    outer loop
      vertex -30.3335 -2.33345 8
      vertex -36.4853 -8.48528 8
      vertex -35.6127 -9.27612 8
    endloop
  endfacet
  facet normal 0 0 1
    outer loop
      vertex -30.0935 -2.55093 8
      vertex -35.6127 -9.27612 8
      vertex -35.5 -9.35972 8
    endloop
  endfacet
  facet normal -0 0 1
    outer loop
      vertex -39.4833 3.48342 8
      vertex -31.1579 0.957939 8
      vertex -39.0866 4.5922 8
    endloop
  endfacet
  facet normal 0 0 1
    outer loop
      vertex -30.5509 -2.0935 8
      vertex -37.2761 -7.61272 8
      vertex -36.4853 -8.48528 8
    endloop
  endfacet
  facet normal 0 0 1
    outer loop
      vertex -31.1579 0.957939 8
      vertex -39.4833 3.48342 8
      vertex -31.2366 0.643798 8
    endloop
  endfacet
  facet normal 0 0 1
    outer loop
      vertex -30.7438 -1.83338 8
      vertex -37.9776 -6.66684 8
      vertex -37.2761 -7.61272 8
    endloop
  endfacet
  facet normal -0 0 1
    outer loop
      vertex -39.7694 2.34108 8
      vertex -31.2366 0.643798 8
      vertex -39.4833 3.48342 8
    endloop
  endfacet
  facet normal 0 0 1
    outer loop
      vertex -30.9103 -1.55561 8
      vertex -38.5831 -5.65676 8
      vertex -37.9776 -6.66684 8
    endloop
  endfacet
  facet normal 0 0 1
    outer loop
      vertex -31.2366 0.643798 8
      vertex -39.7694 2.34108 8
      vertex -31.2841 0.323456 8
    endloop
  endfacet
  facet normal 0 0 1
    outer loop
      vertex -31.0488 -1.26285 8
      vertex -39.0866 -4.5922 8
      vertex -38.5831 -5.65676 8
    endloop
  endfacet
  facet normal -0 0 1
    outer loop
      vertex -39.9422 1.17621 8
      vertex -31.2841 0.323456 8
      vertex -39.7694 2.34108 8
    endloop
  endfacet
  facet normal 0 0 1
    outer loop
      vertex -31.1579 -0.957939 8
      vertex -39.4833 -3.48342 8
      vertex -39.0866 -4.5922 8
    endloop
  endfacet
  facet normal 0 0 1
    outer loop
      vertex -31.2841 0.323456 8
      vertex -39.9422 1.17621 8
      vertex -31.3 0 8
    endloop
  endfacet
  facet normal 0 0 1
    outer loop
      vertex -31.2366 -0.643798 8
      vertex -39.7694 -2.34108 8
      vertex -39.4833 -3.48342 8
    endloop
  endfacet
  facet normal 0 0 1
    outer loop
      vertex -40 0 8
      vertex -31.3 0 8
      vertex -39.9422 1.17621 8
    endloop
  endfacet
  facet normal 0 0 1
    outer loop
      vertex -31.2841 -0.323456 8
      vertex -39.9422 -1.17621 8
      vertex -39.7694 -2.34108 8
    endloop
  endfacet
  facet normal 0 0 1
    outer loop
      vertex -31.3 0 8
      vertex -40 0 8
      vertex -39.9422 -1.17621 8
    endloop
  endfacet
  facet normal 0 0 1
    outer loop
      vertex 4.9 0 8
      vertex 12 0 8
      vertex 11.9422 1.17621 8
    endloop
  endfacet
  facet normal 0 0 1
    outer loop
      vertex 4.8764 0.480284 8
      vertex 11.9422 1.17621 8
      vertex 11.7694 2.34108 8
    endloop
  endfacet
  facet normal 0 0 1
    outer loop
      vertex 12 0 8
      vertex 4.9 0 8
      vertex 11.9422 -1.17621 8
    endloop
  endfacet
  facet normal 0 0 1
    outer loop
      vertex 4.80585 0.955942 8
      vertex 11.7694 2.34108 8
      vertex 11.4833 3.48342 8
    endloop
  endfacet
  facet normal -0 0 1
    outer loop
      vertex 4.8764 -0.480284 8
      vertex 11.9422 -1.17621 8
      vertex 4.9 0 8
    endloop
  endfacet
  facet normal 0 0 1
    outer loop
      vertex 4.68901 1.42239 8
      vertex 11.4833 3.48342 8
      vertex 11.0866 4.5922 8
    endloop
  endfacet
  facet normal 0 0 1
    outer loop
      vertex 11.9422 -1.17621 8
      vertex 4.8764 -0.480284 8
      vertex 11.7694 -2.34108 8
    endloop
  endfacet
  facet normal 0 0 1
    outer loop
      vertex 4.52701 1.87515 8
      vertex 11.0866 4.5922 8
      vertex 10.5831 5.65676 8
    endloop
  endfacet
  facet normal -0 0 1
    outer loop
      vertex 4.80585 -0.955942 8
      vertex 11.7694 -2.34108 8
      vertex 4.8764 -0.480284 8
    endloop
  endfacet
  facet normal 0 0 1
    outer loop
      vertex 4.32141 2.30984 8
      vertex 10.5831 5.65676 8
      vertex 9.97763 6.66684 8
    endloop
  endfacet
  facet normal 0 0 1
    outer loop
      vertex 11.7694 -2.34108 8
      vertex 4.80585 -0.955942 8
      vertex 11.4833 -3.48342 8
    endloop
  endfacet
  facet normal 0 0 1
    outer loop
      vertex 4.0742 2.72229 8
      vertex 9.97763 6.66684 8
      vertex 9.27612 7.61272 8
    endloop
  endfacet
  facet normal -0 0 1
    outer loop
      vertex 4.68901 -1.42239 8
      vertex 11.4833 -3.48342 8
      vertex 4.80585 -0.955942 8
    endloop
  endfacet
  facet normal 0 0 1
    outer loop
      vertex 3.78775 3.10853 8
      vertex 9.27612 7.61272 8
      vertex 8.48528 8.48528 8
    endloop
  endfacet
  facet normal 0 0 1
    outer loop
      vertex 11.4833 -3.48342 8
      vertex 4.68901 -1.42239 8
      vertex 11.0866 -4.5922 8
    endloop
  endfacet
  facet normal 0 0 1
    outer loop
      vertex 3.46482 3.46482 8
      vertex 8.48528 8.48528 8
      vertex 7.61272 9.27612 8
    endloop
  endfacet
  facet normal -0 0 1
    outer loop
      vertex 4.52701 -1.87515 8
      vertex 11.0866 -4.5922 8
      vertex 4.68901 -1.42239 8
    endloop
  endfacet
  facet normal 0 0 1
    outer loop
      vertex 3.10853 3.78775 8
      vertex 7.61272 9.27612 8
      vertex 6.66684 9.97763 8
    endloop
  endfacet
  facet normal 0 0 1
    outer loop
      vertex 11.0866 -4.5922 8
      vertex 4.52701 -1.87515 8
      vertex 10.5831 -5.65676 8
    endloop
  endfacet
  facet normal 0 0 1
    outer loop
      vertex 2.72229 4.0742 8
      vertex 6.66684 9.97763 8
      vertex 5.65676 10.5831 8
    endloop
  endfacet
  facet normal -0 0 1
    outer loop
      vertex 4.32141 -2.30984 8
      vertex 10.5831 -5.65676 8
      vertex 4.52701 -1.87515 8
    endloop
  endfacet
  facet normal 0 0 1
    outer loop
      vertex 10.5831 -5.65676 8
      vertex 4.32141 -2.30984 8
      vertex 9.97763 -6.66684 8
    endloop
  endfacet
  facet normal 0 0 1
    outer loop
      vertex 11.9422 1.17621 8
      vertex 4.8764 0.480284 8
      vertex 4.9 0 8
    endloop
  endfacet
  facet normal 0 0 1
    outer loop
      vertex 11.7694 2.34108 8
      vertex 4.80585 0.955942 8
      vertex 4.8764 0.480284 8
    endloop
  endfacet
  facet normal 0 0 1
    outer loop
      vertex 11.4833 3.48342 8
      vertex 4.68901 1.42239 8
      vertex 4.80585 0.955942 8
    endloop
  endfacet
  facet normal 0 0 1
    outer loop
      vertex 2.30984 4.32141 8
      vertex 5.65676 10.5831 8
      vertex 4.5922 11.0866 8
    endloop
  endfacet
  facet normal 0 0 1
    outer loop
      vertex 11.0866 4.5922 8
      vertex 4.52701 1.87515 8
      vertex 4.68901 1.42239 8
    endloop
  endfacet
  facet normal 0 0 1
    outer loop
      vertex 10.5831 5.65676 8
      vertex 4.32141 2.30984 8
      vertex 4.52701 1.87515 8
    endloop
  endfacet
  facet normal 0 0 1
    outer loop
      vertex 9.97763 6.66684 8
      vertex 4.0742 2.72229 8
      vertex 4.32141 2.30984 8
    endloop
  endfacet
  facet normal 0 0 1
    outer loop
      vertex 1.87515 4.52701 8
      vertex 4.5922 11.0866 8
      vertex 4 11.2984 8
    endloop
  endfacet
  facet normal 0 0 1
    outer loop
      vertex 9.27612 7.61272 8
      vertex 3.78775 3.10853 8
      vertex 4.0742 2.72229 8
    endloop
  endfacet
  facet normal 0 0 1
    outer loop
      vertex 1.42239 4.68901 8
      vertex 4 11.2984 8
      vertex 3.48342 11.4833 8
    endloop
  endfacet
  facet normal 0 0 1
    outer loop
      vertex 8.48528 8.48528 8
      vertex 3.46482 3.46482 8
      vertex 3.78775 3.10853 8
    endloop
  endfacet
  facet normal 0 0 1
    outer loop
      vertex 7.61272 9.27612 8
      vertex 3.10853 3.78775 8
      vertex 3.46482 3.46482 8
    endloop
  endfacet
  facet normal 0 0 1
    outer loop
      vertex 6.66684 9.97763 8
      vertex 2.72229 4.0742 8
      vertex 3.10853 3.78775 8
    endloop
  endfacet
  facet normal 0 0 1
    outer loop
      vertex 1.42239 4.68901 8
      vertex 3.48342 11.4833 8
      vertex 2.34108 11.7694 8
    endloop
  endfacet
  facet normal 0 0 1
    outer loop
      vertex 5.65676 10.5831 8
      vertex 2.30984 4.32141 8
      vertex 2.72229 4.0742 8
    endloop
  endfacet
  facet normal 0 0 1
    outer loop
      vertex 4.5922 11.0866 8
      vertex 1.87515 4.52701 8
      vertex 2.30984 4.32141 8
    endloop
  endfacet
  facet normal 0 0 1
    outer loop
      vertex 4 11.2984 8
      vertex 1.42239 4.68901 8
      vertex 1.87515 4.52701 8
    endloop
  endfacet
  facet normal 0 0 1
    outer loop
      vertex 0.955942 4.80585 8
      vertex 2.34108 11.7694 8
      vertex 1.17621 11.9422 8
    endloop
  endfacet
  facet normal 0 0 1
    outer loop
      vertex 2.34108 11.7694 8
      vertex 0.955942 4.80585 8
      vertex 1.42239 4.68901 8
    endloop
  endfacet
  facet normal 0 0 1
    outer loop
      vertex 1.17621 11.9422 8
      vertex 0.480284 4.8764 8
      vertex 0.955942 4.80585 8
    endloop
  endfacet
  facet normal 0 0 1
    outer loop
      vertex 0 12 8
      vertex 0.480284 4.8764 8
      vertex 1.17621 11.9422 8
    endloop
  endfacet
  facet normal 0 0 1
    outer loop
      vertex 0 12 8
      vertex 0 4.9 8
      vertex 0.480284 4.8764 8
    endloop
  endfacet
  facet normal 0 0 1
    outer loop
      vertex 0 12 8
      vertex -0.480284 4.8764 8
      vertex 0 4.9 8
    endloop
  endfacet
  facet normal -0 0 1
    outer loop
      vertex -1.17621 11.9422 8
      vertex -0.480284 4.8764 8
      vertex 0 12 8
    endloop
  endfacet
  facet normal 0 0 1
    outer loop
      vertex -0.480284 4.8764 8
      vertex -1.17621 11.9422 8
      vertex -0.955942 4.80585 8
    endloop
  endfacet
  facet normal -0 0 1
    outer loop
      vertex -2.34108 11.7694 8
      vertex -0.955942 4.80585 8
      vertex -1.17621 11.9422 8
    endloop
  endfacet
  facet normal 0 0 1
    outer loop
      vertex -0.955942 4.80585 8
      vertex -2.34108 11.7694 8
      vertex -1.42239 4.68901 8
    endloop
  endfacet
  facet normal -0 0 1
    outer loop
      vertex -3.48342 11.4833 8
      vertex -1.42239 4.68901 8
      vertex -2.34108 11.7694 8
    endloop
  endfacet
  facet normal -0 0 1
    outer loop
      vertex -4 11.2984 8
      vertex -1.42239 4.68901 8
      vertex -3.48342 11.4833 8
    endloop
  endfacet
  facet normal 0 0 1
    outer loop
      vertex -1.42239 4.68901 8
      vertex -4 11.2984 8
      vertex -1.87515 4.52701 8
    endloop
  endfacet
  facet normal -0 0 1
    outer loop
      vertex -4.5922 11.0866 8
      vertex -1.87515 4.52701 8
      vertex -4 11.2984 8
    endloop
  endfacet
  facet normal 0 0 1
    outer loop
      vertex -1.87515 4.52701 8
      vertex -4.5922 11.0866 8
      vertex -2.30984 4.32141 8
    endloop
  endfacet
  facet normal -0 0 1
    outer loop
      vertex -5.65676 10.5831 8
      vertex -2.30984 4.32141 8
      vertex -4.5922 11.0866 8
    endloop
  endfacet
  facet normal 0 0 1
    outer loop
      vertex -2.30984 4.32141 8
      vertex -5.65676 10.5831 8
      vertex -2.72229 4.0742 8
    endloop
  endfacet
  facet normal -0 0 1
    outer loop
      vertex -6.66684 9.97763 8
      vertex -2.72229 4.0742 8
      vertex -5.65676 10.5831 8
    endloop
  endfacet
  facet normal 0 0 1
    outer loop
      vertex -2.72229 4.0742 8
      vertex -6.66684 9.97763 8
      vertex -3.10853 3.78775 8
    endloop
  endfacet
  facet normal -0 0 1
    outer loop
      vertex -7.61272 9.27612 8
      vertex -3.10853 3.78775 8
      vertex -6.66684 9.97763 8
    endloop
  endfacet
  facet normal 0 0 1
    outer loop
      vertex -3.10853 3.78775 8
      vertex -7.61272 9.27612 8
      vertex -3.46482 3.46482 8
    endloop
  endfacet
  facet normal -0 0 1
    outer loop
      vertex -8.48528 8.48528 8
      vertex -3.46482 3.46482 8
      vertex -7.61272 9.27612 8
    endloop
  endfacet
  facet normal 0 0 1
    outer loop
      vertex -3.46482 3.46482 8
      vertex -8.48528 8.48528 8
      vertex -3.78775 3.10853 8
    endloop
  endfacet
  facet normal -0 0 1
    outer loop
      vertex -9.27612 7.61272 8
      vertex -3.78775 3.10853 8
      vertex -8.48528 8.48528 8
    endloop
  endfacet
  facet normal 0 0 1
    outer loop
      vertex -3.78775 3.10853 8
      vertex -9.27612 7.61272 8
      vertex -4.0742 2.72229 8
    endloop
  endfacet
  facet normal -0 0 1
    outer loop
      vertex -9.97763 6.66684 8
      vertex -4.0742 2.72229 8
      vertex -9.27612 7.61272 8
    endloop
  endfacet
  facet normal 0 0 1
    outer loop
      vertex -4.0742 2.72229 8
      vertex -9.97763 6.66684 8
      vertex -4.32141 2.30984 8
    endloop
  endfacet
  facet normal -0 0 1
    outer loop
      vertex 4.0742 -2.72229 8
      vertex 9.97763 -6.66684 8
      vertex 4.32141 -2.30984 8
    endloop
  endfacet
  facet normal 0 0 1
    outer loop
      vertex 9.97763 -6.66684 8
      vertex 4.0742 -2.72229 8
      vertex 9.27612 -7.61272 8
    endloop
  endfacet
  facet normal -0 0 1
    outer loop
      vertex 3.78775 -3.10853 8
      vertex 9.27612 -7.61272 8
      vertex 4.0742 -2.72229 8
    endloop
  endfacet
  facet normal 0 0 1
    outer loop
      vertex 9.27612 -7.61272 8
      vertex 3.78775 -3.10853 8
      vertex 8.48528 -8.48528 8
    endloop
  endfacet
  facet normal -0 0 1
    outer loop
      vertex 3.46482 -3.46482 8
      vertex 8.48528 -8.48528 8
      vertex 3.78775 -3.10853 8
    endloop
  endfacet
  facet normal 0 0 1
    outer loop
      vertex 8.48528 -8.48528 8
      vertex 3.46482 -3.46482 8
      vertex 7.61272 -9.27612 8
    endloop
  endfacet
  facet normal -0 0 1
    outer loop
      vertex 3.10853 -3.78775 8
      vertex 7.61272 -9.27612 8
      vertex 3.46482 -3.46482 8
    endloop
  endfacet
  facet normal 0 0 1
    outer loop
      vertex 7.61272 -9.27612 8
      vertex 3.10853 -3.78775 8
      vertex 6.66684 -9.97763 8
    endloop
  endfacet
  facet normal -0 0 1
    outer loop
      vertex 2.72229 -4.0742 8
      vertex 6.66684 -9.97763 8
      vertex 3.10853 -3.78775 8
    endloop
  endfacet
  facet normal 0 0 1
    outer loop
      vertex 6.66684 -9.97763 8
      vertex 2.72229 -4.0742 8
      vertex 5.65676 -10.5831 8
    endloop
  endfacet
  facet normal -0 0 1
    outer loop
      vertex 2.30984 -4.32141 8
      vertex 5.65676 -10.5831 8
      vertex 2.72229 -4.0742 8
    endloop
  endfacet
  facet normal 0 0 1
    outer loop
      vertex 5.65676 -10.5831 8
      vertex 2.30984 -4.32141 8
      vertex 4.5922 -11.0866 8
    endloop
  endfacet
  facet normal -0 0 1
    outer loop
      vertex 1.87515 -4.52701 8
      vertex 4.5922 -11.0866 8
      vertex 2.30984 -4.32141 8
    endloop
  endfacet
  facet normal 0 0 1
    outer loop
      vertex 4.5922 -11.0866 8
      vertex 1.87515 -4.52701 8
      vertex 4 -11.2984 8
    endloop
  endfacet
  facet normal -0 0 1
    outer loop
      vertex 1.42239 -4.68901 8
      vertex 4 -11.2984 8
      vertex 1.87515 -4.52701 8
    endloop
  endfacet
  facet normal 0 0 1
    outer loop
      vertex 4 -11.2984 8
      vertex 1.42239 -4.68901 8
      vertex 3.48342 -11.4833 8
    endloop
  endfacet
  facet normal 0 0 1
    outer loop
      vertex 3.48342 -11.4833 8
      vertex 1.42239 -4.68901 8
      vertex 2.34108 -11.7694 8
    endloop
  endfacet
  facet normal -0 0 1
    outer loop
      vertex 0.955942 -4.80585 8
      vertex 2.34108 -11.7694 8
      vertex 1.42239 -4.68901 8
    endloop
  endfacet
  facet normal 0 0 1
    outer loop
      vertex 2.34108 -11.7694 8
      vertex 0.955942 -4.80585 8
      vertex 1.17621 -11.9422 8
    endloop
  endfacet
  facet normal -0 0 1
    outer loop
      vertex 0.480284 -4.8764 8
      vertex 1.17621 -11.9422 8
      vertex 0.955942 -4.80585 8
    endloop
  endfacet
  facet normal -0 0 1
    outer loop
      vertex 0 -4.9 8
      vertex 1.17621 -11.9422 8
      vertex 0.480284 -4.8764 8
    endloop
  endfacet
  facet normal 0 0 1
    outer loop
      vertex 0 -4.9 8
      vertex 0 -12 8
      vertex 1.17621 -11.9422 8
    endloop
  endfacet
  facet normal 0 0 1
    outer loop
      vertex -0.480284 -4.8764 8
      vertex 0 -12 8
      vertex 0 -4.9 8
    endloop
  endfacet
  facet normal 0 0 1
    outer loop
      vertex -1.17621 -11.9422 8
      vertex -0.480284 -4.8764 8
      vertex -0.955942 -4.80585 8
    endloop
  endfacet
  facet normal 0 0 1
    outer loop
      vertex -0.480284 -4.8764 8
      vertex -1.17621 -11.9422 8
      vertex 0 -12 8
    endloop
  endfacet
  facet normal 0 0 1
    outer loop
      vertex -2.34108 -11.7694 8
      vertex -0.955942 -4.80585 8
      vertex -1.42239 -4.68901 8
    endloop
  endfacet
  facet normal 0 0 1
    outer loop
      vertex -4 -11.2984 8
      vertex -1.42239 -4.68901 8
      vertex -1.87515 -4.52701 8
    endloop
  endfacet
  facet normal 0 0 1
    outer loop
      vertex -4.5922 -11.0866 8
      vertex -1.87515 -4.52701 8
      vertex -2.30984 -4.32141 8
    endloop
  endfacet
  facet normal 0 0 1
    outer loop
      vertex -0.955942 -4.80585 8
      vertex -2.34108 -11.7694 8
      vertex -1.17621 -11.9422 8
    endloop
  endfacet
  facet normal 0 0 1
    outer loop
      vertex -5.65676 -10.5831 8
      vertex -2.30984 -4.32141 8
      vertex -2.72229 -4.0742 8
    endloop
  endfacet
  facet normal 0 0 1
    outer loop
      vertex -6.66684 -9.97763 8
      vertex -2.72229 -4.0742 8
      vertex -3.10853 -3.78775 8
    endloop
  endfacet
  facet normal 0 0 1
    outer loop
      vertex -7.61272 -9.27612 8
      vertex -3.10853 -3.78775 8
      vertex -3.46482 -3.46482 8
    endloop
  endfacet
  facet normal 0 0 1
    outer loop
      vertex -1.42239 -4.68901 8
      vertex -3.48342 -11.4833 8
      vertex -2.34108 -11.7694 8
    endloop
  endfacet
  facet normal 0 0 1
    outer loop
      vertex -8.48528 -8.48528 8
      vertex -3.46482 -3.46482 8
      vertex -3.78775 -3.10853 8
    endloop
  endfacet
  facet normal 0 0 1
    outer loop
      vertex -1.42239 -4.68901 8
      vertex -4 -11.2984 8
      vertex -3.48342 -11.4833 8
    endloop
  endfacet
  facet normal 0 0 1
    outer loop
      vertex -9.27612 -7.61272 8
      vertex -3.78775 -3.10853 8
      vertex -4.0742 -2.72229 8
    endloop
  endfacet
  facet normal 0 0 1
    outer loop
      vertex -9.97763 -6.66684 8
      vertex -4.0742 -2.72229 8
      vertex -4.32141 -2.30984 8
    endloop
  endfacet
  facet normal 0 0 1
    outer loop
      vertex -10.5831 -5.65676 8
      vertex -4.32141 -2.30984 8
      vertex -4.52701 -1.87515 8
    endloop
  endfacet
  facet normal 0 0 1
    outer loop
      vertex -1.87515 -4.52701 8
      vertex -4.5922 -11.0866 8
      vertex -4 -11.2984 8
    endloop
  endfacet
  facet normal 0 0 1
    outer loop
      vertex -11.0866 -4.5922 8
      vertex -4.52701 -1.87515 8
      vertex -4.68901 -1.42239 8
    endloop
  endfacet
  facet normal 0 0 1
    outer loop
      vertex -11.4833 -3.48342 8
      vertex -4.68901 -1.42239 8
      vertex -4.80585 -0.955942 8
    endloop
  endfacet
  facet normal 0 0 1
    outer loop
      vertex -11.7694 -2.34108 8
      vertex -4.80585 -0.955942 8
      vertex -4.8764 -0.480284 8
    endloop
  endfacet
  facet normal 0 0 1
    outer loop
      vertex -11.9422 -1.17621 8
      vertex -4.8764 -0.480284 8
      vertex -4.9 0 8
    endloop
  endfacet
  facet normal -0 0 1
    outer loop
      vertex -10.5831 5.65676 8
      vertex -4.32141 2.30984 8
      vertex -9.97763 6.66684 8
    endloop
  endfacet
  facet normal 0 0 1
    outer loop
      vertex -2.30984 -4.32141 8
      vertex -5.65676 -10.5831 8
      vertex -4.5922 -11.0866 8
    endloop
  endfacet
  facet normal 0 0 1
    outer loop
      vertex -4.32141 2.30984 8
      vertex -10.5831 5.65676 8
      vertex -4.52701 1.87515 8
    endloop
  endfacet
  facet normal 0 0 1
    outer loop
      vertex -2.72229 -4.0742 8
      vertex -6.66684 -9.97763 8
      vertex -5.65676 -10.5831 8
    endloop
  endfacet
  facet normal -0 0 1
    outer loop
      vertex -11.0866 4.5922 8
      vertex -4.52701 1.87515 8
      vertex -10.5831 5.65676 8
    endloop
  endfacet
  facet normal 0 0 1
    outer loop
      vertex -3.10853 -3.78775 8
      vertex -7.61272 -9.27612 8
      vertex -6.66684 -9.97763 8
    endloop
  endfacet
  facet normal 0 0 1
    outer loop
      vertex -4.52701 1.87515 8
      vertex -11.0866 4.5922 8
      vertex -4.68901 1.42239 8
    endloop
  endfacet
  facet normal 0 0 1
    outer loop
      vertex -3.46482 -3.46482 8
      vertex -8.48528 -8.48528 8
      vertex -7.61272 -9.27612 8
    endloop
  endfacet
  facet normal -0 0 1
    outer loop
      vertex -11.4833 3.48342 8
      vertex -4.68901 1.42239 8
      vertex -11.0866 4.5922 8
    endloop
  endfacet
  facet normal 0 0 1
    outer loop
      vertex -3.78775 -3.10853 8
      vertex -9.27612 -7.61272 8
      vertex -8.48528 -8.48528 8
    endloop
  endfacet
  facet normal 0 0 1
    outer loop
      vertex -4.68901 1.42239 8
      vertex -11.4833 3.48342 8
      vertex -4.80585 0.955942 8
    endloop
  endfacet
  facet normal 0 0 1
    outer loop
      vertex -4.0742 -2.72229 8
      vertex -9.97763 -6.66684 8
      vertex -9.27612 -7.61272 8
    endloop
  endfacet
  facet normal -0 0 1
    outer loop
      vertex -11.7694 2.34108 8
      vertex -4.80585 0.955942 8
      vertex -11.4833 3.48342 8
    endloop
  endfacet
  facet normal 0 0 1
    outer loop
      vertex -4.32141 -2.30984 8
      vertex -10.5831 -5.65676 8
      vertex -9.97763 -6.66684 8
    endloop
  endfacet
  facet normal 0 0 1
    outer loop
      vertex -4.80585 0.955942 8
      vertex -11.7694 2.34108 8
      vertex -4.8764 0.480284 8
    endloop
  endfacet
  facet normal 0 0 1
    outer loop
      vertex -4.52701 -1.87515 8
      vertex -11.0866 -4.5922 8
      vertex -10.5831 -5.65676 8
    endloop
  endfacet
  facet normal -0 0 1
    outer loop
      vertex -11.9422 1.17621 8
      vertex -4.8764 0.480284 8
      vertex -11.7694 2.34108 8
    endloop
  endfacet
  facet normal 0 0 1
    outer loop
      vertex -4.68901 -1.42239 8
      vertex -11.4833 -3.48342 8
      vertex -11.0866 -4.5922 8
    endloop
  endfacet
  facet normal 0 0 1
    outer loop
      vertex -4.8764 0.480284 8
      vertex -11.9422 1.17621 8
      vertex -4.9 0 8
    endloop
  endfacet
  facet normal 0 0 1
    outer loop
      vertex -4.80585 -0.955942 8
      vertex -11.7694 -2.34108 8
      vertex -11.4833 -3.48342 8
    endloop
  endfacet
  facet normal 0 0 1
    outer loop
      vertex -12 0 8
      vertex -4.9 0 8
      vertex -11.9422 1.17621 8
    endloop
  endfacet
  facet normal 0 0 1
    outer loop
      vertex -4.8764 -0.480284 8
      vertex -11.9422 -1.17621 8
      vertex -11.7694 -2.34108 8
    endloop
  endfacet
  facet normal 0 0 1
    outer loop
      vertex -4.9 0 8
      vertex -12 0 8
      vertex -11.9422 -1.17621 8
    endloop
  endfacet
  facet normal -0.923877 -0.38269 0
    outer loop
      vertex -71.4641 -58 0
      vertex -71.8637 -57.0353 8
      vertex -71.8637 -57.0353 0
    endloop
  endfacet
  facet normal -0.923877 -0.38269 0
    outer loop
      vertex -71.8637 -57.0353 8
      vertex -71.4641 -58 0
      vertex -71.4641 -58 8
    endloop
  endfacet
  facet normal 0.38269 -0.923877 0
    outer loop
      vertex 69.0353 -59.8637 0
      vertex 70 -59.4641 8
      vertex 69.0353 -59.8637 8
    endloop
  endfacet
  facet normal 0.38269 -0.923877 0
    outer loop
      vertex 70 -59.4641 8
      vertex 69.0353 -59.8637 0
      vertex 70 -59.4641 0
    endloop
  endfacet
  facet normal -0 0 -1
    outer loop
      vertex -2.5 -16 0
      vertex -19.9999 -24.5168 0
      vertex -2.48796 -15.755 0
    endloop
  endfacet
  facet normal 0 0 -1
    outer loop
      vertex -4.9 0 0
      vertex -16.0433 31.1178 0
      vertex -16 32 0
    endloop
  endfacet
  facet normal 0 0 -1
    outer loop
      vertex -20.7574 -24.0627 0
      vertex -2.48796 -15.755 0
      vertex -19.9999 -24.5168 0
    endloop
  endfacet
  facet normal 0 0 -1
    outer loop
      vertex -4.9 0 0
      vertex -16.1729 30.2442 0
      vertex -16.0433 31.1178 0
    endloop
  endfacet
  facet normal -0 0 -1
    outer loop
      vertex -2.48796 -15.755 0
      vertex -20.7574 -24.0627 0
      vertex -2.45196 -15.5123 0
    endloop
  endfacet
  facet normal 0 0 -1
    outer loop
      vertex -4.9 0 0
      vertex -16.3875 29.3874 0
      vertex -16.1729 30.2442 0
    endloop
  endfacet
  facet normal 0 0 -1
    outer loop
      vertex -21.5558 -23.6851 0
      vertex -2.45196 -15.5123 0
      vertex -20.7574 -24.0627 0
    endloop
  endfacet
  facet normal 0 0 -1
    outer loop
      vertex -4.9 0 0
      vertex -16.6851 28.5558 0
      vertex -16.3875 29.3874 0
    endloop
  endfacet
  facet normal 0 0 -1
    outer loop
      vertex -2.45196 -15.5123 0
      vertex -25.4491 -2.0935 0
      vertex -4.0742 -2.72229 0
    endloop
  endfacet
  facet normal 0 0 -1
    outer loop
      vertex -4.9 0 0
      vertex -17.0627 27.7574 0
      vertex -16.6851 28.5558 0
    endloop
  endfacet
  facet normal 0 -0 -1
    outer loop
      vertex -25.2561 -1.83338 0
      vertex -4.0742 -2.72229 0
      vertex -25.4491 -2.0935 0
    endloop
  endfacet
  facet normal 0 0 -1
    outer loop
      vertex -24.7159 0.323456 0
      vertex -4.9 0 0
      vertex -24.7 0 0
    endloop
  endfacet
  facet normal 0 0 -1
    outer loop
      vertex -4.0742 -2.72229 0
      vertex -25.2561 -1.83338 0
      vertex -4.32141 -2.30984 0
    endloop
  endfacet
  facet normal 0 0 -1
    outer loop
      vertex -4.9 0 0
      vertex -17.5168 26.9999 0
      vertex -17.0627 27.7574 0
    endloop
  endfacet
  facet normal 0 -0 -1
    outer loop
      vertex -25.0897 -1.55561 0
      vertex -4.32141 -2.30984 0
      vertex -25.2561 -1.83338 0
    endloop
  endfacet
  facet normal 0 0 -1
    outer loop
      vertex -24.7634 0.643798 0
      vertex -4.9 0 0
      vertex -24.7159 0.323456 0
    endloop
  endfacet
  facet normal 0 0 -1
    outer loop
      vertex -4.32141 -2.30984 0
      vertex -25.0897 -1.55561 0
      vertex -4.52701 -1.87515 0
    endloop
  endfacet
  facet normal 0 0 -1
    outer loop
      vertex -4.9 0 0
      vertex -18.0429 26.2905 0
      vertex -17.5168 26.9999 0
    endloop
  endfacet
  facet normal 0 -0 -1
    outer loop
      vertex -24.9512 -1.26285 0
      vertex -4.52701 -1.87515 0
      vertex -25.0897 -1.55561 0
    endloop
  endfacet
  facet normal 0 0 -1
    outer loop
      vertex -24.8421 0.957939 0
      vertex -4.9 0 0
      vertex -24.7634 0.643798 0
    endloop
  endfacet
  facet normal 0 0 -1
    outer loop
      vertex -4.52701 -1.87515 0
      vertex -24.9512 -1.26285 0
      vertex -4.68901 -1.42239 0
    endloop
  endfacet
  facet normal 0 0 -1
    outer loop
      vertex -4.9 0 0
      vertex -18.636 25.636 0
      vertex -18.0429 26.2905 0
    endloop
  endfacet
  facet normal -0 0 -1
    outer loop
      vertex -2.45196 -15.5123 0
      vertex -21.5558 -23.6851 0
      vertex -25.4491 -2.0935 0
    endloop
  endfacet
  facet normal 0 0 -1
    outer loop
      vertex -24.9512 1.26285 0
      vertex -4.9 0 0
      vertex -24.8421 0.957939 0
    endloop
  endfacet
  facet normal 0 0 -1
    outer loop
      vertex -25.9065 -2.55093 0
      vertex -21.5558 -23.6851 0
      vertex -22.3874 -23.3875 0
    endloop
  endfacet
  facet normal 0 0 -1
    outer loop
      vertex -25.0897 1.55561 0
      vertex -4.9 0 0
      vertex -24.9512 1.26285 0
    endloop
  endfacet
  facet normal 0 0 -1
    outer loop
      vertex -26.1666 -2.74385 0
      vertex -22.3874 -23.3875 0
      vertex -23.2442 -23.1729 0
    endloop
  endfacet
  facet normal 0 0 -1
    outer loop
      vertex -4.9 0 0
      vertex -19.2905 25.0429 0
      vertex -18.636 25.636 0
    endloop
  endfacet
  facet normal 0 0 -1
    outer loop
      vertex -26.4444 -2.91034 0
      vertex -23.2442 -23.1729 0
      vertex -24.1178 -23.0433 0
    endloop
  endfacet
  facet normal 0 0 -1
    outer loop
      vertex -25.2561 1.83338 0
      vertex -4.9 0 0
      vertex -25.0897 1.55561 0
    endloop
  endfacet
  facet normal 0 0 -1
    outer loop
      vertex -4.9 0 0
      vertex -19.9999 24.5168 0
      vertex -19.2905 25.0429 0
    endloop
  endfacet
  facet normal -0 0 -1
    outer loop
      vertex -4.9 0 0
      vertex -24.7159 -0.323456 0
      vertex -24.7 0 0
    endloop
  endfacet
  facet normal 0 0 -1
    outer loop
      vertex -4.8764 -0.480284 0
      vertex -24.7159 -0.323456 0
      vertex -4.9 0 0
    endloop
  endfacet
  facet normal 0 -0 -1
    outer loop
      vertex -24.7159 -0.323456 0
      vertex -4.8764 -0.480284 0
      vertex -24.7634 -0.643798 0
    endloop
  endfacet
  facet normal 0 0 -1
    outer loop
      vertex -4.80585 -0.955942 0
      vertex -24.7634 -0.643798 0
      vertex -4.8764 -0.480284 0
    endloop
  endfacet
  facet normal 0 0 -1
    outer loop
      vertex -27.0421 -3.1579 0
      vertex -24.1178 -23.0433 0
      vertex -25 -23 0
    endloop
  endfacet
  facet normal 0 -0 -1
    outer loop
      vertex -24.7634 -0.643798 0
      vertex -4.80585 -0.955942 0
      vertex -24.8421 -0.957939 0
    endloop
  endfacet
  facet normal 0 0 -1
    outer loop
      vertex -4.68901 -1.42239 0
      vertex -24.8421 -0.957939 0
      vertex -4.80585 -0.955942 0
    endloop
  endfacet
  facet normal 0 -0 -1
    outer loop
      vertex -24.8421 -0.957939 0
      vertex -4.68901 -1.42239 0
      vertex -24.9512 -1.26285 0
    endloop
  endfacet
  facet normal 0 0 -1
    outer loop
      vertex -21.5558 -23.6851 0
      vertex -25.6665 -2.33345 0
      vertex -25.4491 -2.0935 0
    endloop
  endfacet
  facet normal 0 0 -1
    outer loop
      vertex -27.3562 -3.23659 0
      vertex -25 -23 0
      vertex -25.8822 -23.0433 0
    endloop
  endfacet
  facet normal 0 0 -1
    outer loop
      vertex -21.5558 -23.6851 0
      vertex -25.9065 -2.55093 0
      vertex -25.6665 -2.33345 0
    endloop
  endfacet
  facet normal 0 0 -1
    outer loop
      vertex -22.3874 -23.3875 0
      vertex -26.1666 -2.74385 0
      vertex -25.9065 -2.55093 0
    endloop
  endfacet
  facet normal 0 0 -1
    outer loop
      vertex -23.2442 -23.1729 0
      vertex -26.4444 -2.91034 0
      vertex -26.1666 -2.74385 0
    endloop
  endfacet
  facet normal 0 0 -1
    outer loop
      vertex -24.1178 -23.0433 0
      vertex -26.7371 -3.0488 0
      vertex -26.4444 -2.91034 0
    endloop
  endfacet
  facet normal 0 0 -1
    outer loop
      vertex -28 -3.3 0
      vertex -25.8822 -23.0433 0
      vertex -26.7558 -23.1729 0
    endloop
  endfacet
  facet normal 0 0 -1
    outer loop
      vertex -24.1178 -23.0433 0
      vertex -27.0421 -3.1579 0
      vertex -26.7371 -3.0488 0
    endloop
  endfacet
  facet normal 0 0 -1
    outer loop
      vertex -25 -23 0
      vertex -27.3562 -3.23659 0
      vertex -27.0421 -3.1579 0
    endloop
  endfacet
  facet normal 0 0 -1
    outer loop
      vertex -28.3235 -3.28411 0
      vertex -26.7558 -23.1729 0
      vertex -27.6126 -23.3875 0
    endloop
  endfacet
  facet normal 0 0 -1
    outer loop
      vertex -25.8822 -23.0433 0
      vertex -27.6765 -3.28411 0
      vertex -27.3562 -3.23659 0
    endloop
  endfacet
  facet normal 0 0 -1
    outer loop
      vertex -25.8822 -23.0433 0
      vertex -28 -3.3 0
      vertex -27.6765 -3.28411 0
    endloop
  endfacet
  facet normal 0 0 -1
    outer loop
      vertex -26.7558 -23.1729 0
      vertex -28.3235 -3.28411 0
      vertex -28 -3.3 0
    endloop
  endfacet
  facet normal 0 0 -1
    outer loop
      vertex -28.9579 -3.1579 0
      vertex -27.6126 -23.3875 0
      vertex -28.4441 -23.6851 0
    endloop
  endfacet
  facet normal 0 0 -1
    outer loop
      vertex -27.6126 -23.3875 0
      vertex -28.6438 -3.23659 0
      vertex -28.3235 -3.28411 0
    endloop
  endfacet
  facet normal 0 0 -1
    outer loop
      vertex -27.6126 -23.3875 0
      vertex -28.9579 -3.1579 0
      vertex -28.6438 -3.23659 0
    endloop
  endfacet
  facet normal 0 0 -1
    outer loop
      vertex -29.2629 -3.0488 0
      vertex -28.4441 -23.6851 0
      vertex -29.2426 -24.0627 0
    endloop
  endfacet
  facet normal 0 0 -1
    outer loop
      vertex -28.4441 -23.6851 0
      vertex -29.2629 -3.0488 0
      vertex -28.9579 -3.1579 0
    endloop
  endfacet
  facet normal 0 0 -1
    outer loop
      vertex -29.2426 -24.0627 0
      vertex -29.5556 -2.91034 0
      vertex -29.2629 -3.0488 0
    endloop
  endfacet
  facet normal 0 0 -1
    outer loop
      vertex -29.2426 -24.0627 0
      vertex -29.8334 -2.74385 0
      vertex -29.5556 -2.91034 0
    endloop
  endfacet
  facet normal 0 0 -1
    outer loop
      vertex -30.0001 -24.5168 0
      vertex -29.8334 -2.74385 0
      vertex -29.2426 -24.0627 0
    endloop
  endfacet
  facet normal 0 0 -1
    outer loop
      vertex -30.0001 -24.5168 0
      vertex -30.0935 -2.55093 0
      vertex -29.8334 -2.74385 0
    endloop
  endfacet
  facet normal 0 0 -1
    outer loop
      vertex -30.7095 -25.0429 0
      vertex -30.0935 -2.55093 0
      vertex -30.0001 -24.5168 0
    endloop
  endfacet
  facet normal -0 0 -1
    outer loop
      vertex -30.0935 -2.55093 0
      vertex -30.7095 -25.0429 0
      vertex -30.3335 -2.33345 0
    endloop
  endfacet
  facet normal 0 0 -1
    outer loop
      vertex -31.364 -25.636 0
      vertex -30.3335 -2.33345 0
      vertex -30.7095 -25.0429 0
    endloop
  endfacet
  facet normal -0 0 -1
    outer loop
      vertex -30.3335 -2.33345 0
      vertex -31.364 -25.636 0
      vertex -30.5509 -2.0935 0
    endloop
  endfacet
  facet normal 0 0 -1
    outer loop
      vertex -31.9571 -26.2905 0
      vertex -30.5509 -2.0935 0
      vertex -31.364 -25.636 0
    endloop
  endfacet
  facet normal -0 0 -1
    outer loop
      vertex -30.5509 -2.0935 0
      vertex -31.9571 -26.2905 0
      vertex -30.7438 -1.83338 0
    endloop
  endfacet
  facet normal -0 0 -1
    outer loop
      vertex -30.7438 -1.83338 0
      vertex -31.9571 -26.2905 0
      vertex -30.9103 -1.55561 0
    endloop
  endfacet
  facet normal 0 0 -1
    outer loop
      vertex -32.4832 -26.9999 0
      vertex -30.9103 -1.55561 0
      vertex -31.9571 -26.2905 0
    endloop
  endfacet
  facet normal -0 0 -1
    outer loop
      vertex -30.9103 -1.55561 0
      vertex -32.4832 -26.9999 0
      vertex -31.0488 -1.26285 0
    endloop
  endfacet
  facet normal 0 0 -1
    outer loop
      vertex -32.9373 -27.7574 0
      vertex -31.0488 -1.26285 0
      vertex -32.4832 -26.9999 0
    endloop
  endfacet
  facet normal -0 0 -1
    outer loop
      vertex -31.0488 -1.26285 0
      vertex -32.9373 -27.7574 0
      vertex -31.1579 -0.957939 0
    endloop
  endfacet
  facet normal 0 0 -1
    outer loop
      vertex -25.4491 2.0935 0
      vertex -4.9 0 0
      vertex -25.2561 1.83338 0
    endloop
  endfacet
  facet normal 0 0 -1
    outer loop
      vertex -4.9 0 0
      vertex -20.7574 24.0627 0
      vertex -19.9999 24.5168 0
    endloop
  endfacet
  facet normal 0 0 -1
    outer loop
      vertex -4.9 0 0
      vertex -25.4491 2.0935 0
      vertex -20.7574 24.0627 0
    endloop
  endfacet
  facet normal 0 0 -1
    outer loop
      vertex -20.7574 24.0627 0
      vertex -25.4491 2.0935 0
      vertex -21.5558 23.6851 0
    endloop
  endfacet
  facet normal 0 0 -1
    outer loop
      vertex -25.6665 2.33345 0
      vertex -21.5558 23.6851 0
      vertex -25.4491 2.0935 0
    endloop
  endfacet
  facet normal 0 0 -1
    outer loop
      vertex -25.9065 2.55093 0
      vertex -21.5558 23.6851 0
      vertex -25.6665 2.33345 0
    endloop
  endfacet
  facet normal 0 0 -1
    outer loop
      vertex -21.5558 23.6851 0
      vertex -25.9065 2.55093 0
      vertex -22.3874 23.3875 0
    endloop
  endfacet
  facet normal 0 0 -1
    outer loop
      vertex -26.1666 2.74385 0
      vertex -22.3874 23.3875 0
      vertex -25.9065 2.55093 0
    endloop
  endfacet
  facet normal 0 0 -1
    outer loop
      vertex -22.3874 23.3875 0
      vertex -26.1666 2.74385 0
      vertex -23.2442 23.1729 0
    endloop
  endfacet
  facet normal 0 0 -1
    outer loop
      vertex -26.4444 2.91034 0
      vertex -23.2442 23.1729 0
      vertex -26.1666 2.74385 0
    endloop
  endfacet
  facet normal 0 0 -1
    outer loop
      vertex -23.2442 23.1729 0
      vertex -26.4444 2.91034 0
      vertex -24.1178 23.0433 0
    endloop
  endfacet
  facet normal 0 0 -1
    outer loop
      vertex -26.7371 3.0488 0
      vertex -24.1178 23.0433 0
      vertex -26.4444 2.91034 0
    endloop
  endfacet
  facet normal 0 0 -1
    outer loop
      vertex -27.0421 3.1579 0
      vertex -24.1178 23.0433 0
      vertex -26.7371 3.0488 0
    endloop
  endfacet
  facet normal 0 0 -1
    outer loop
      vertex -24.1178 23.0433 0
      vertex -27.0421 3.1579 0
      vertex -25 23 0
    endloop
  endfacet
  facet normal 0 0 -1
    outer loop
      vertex -27.3562 3.23659 0
      vertex -25 23 0
      vertex -27.0421 3.1579 0
    endloop
  endfacet
  facet normal -0 0 -1
    outer loop
      vertex -25 23 0
      vertex -27.3562 3.23659 0
      vertex -25.8822 23.0433 0
    endloop
  endfacet
  facet normal 0 0 -1
    outer loop
      vertex -27.6765 3.28411 0
      vertex -25.8822 23.0433 0
      vertex -27.3562 3.23659 0
    endloop
  endfacet
  facet normal 0 0 -1
    outer loop
      vertex -28 3.3 0
      vertex -25.8822 23.0433 0
      vertex -27.6765 3.28411 0
    endloop
  endfacet
  facet normal -0 0 -1
    outer loop
      vertex -25.8822 23.0433 0
      vertex -28 3.3 0
      vertex -26.7558 23.1729 0
    endloop
  endfacet
  facet normal 0 0 -1
    outer loop
      vertex -28.3235 3.28411 0
      vertex -26.7558 23.1729 0
      vertex -28 3.3 0
    endloop
  endfacet
  facet normal -0 0 -1
    outer loop
      vertex -26.7558 23.1729 0
      vertex -28.3235 3.28411 0
      vertex -27.6126 23.3875 0
    endloop
  endfacet
  facet normal 0 0 -1
    outer loop
      vertex -28.6438 3.23659 0
      vertex -27.6126 23.3875 0
      vertex -28.3235 3.28411 0
    endloop
  endfacet
  facet normal 0 0 -1
    outer loop
      vertex -28.9579 3.1579 0
      vertex -27.6126 23.3875 0
      vertex -28.6438 3.23659 0
    endloop
  endfacet
  facet normal -0 0 -1
    outer loop
      vertex -27.6126 23.3875 0
      vertex -28.9579 3.1579 0
      vertex -28.4441 23.6851 0
    endloop
  endfacet
  facet normal 0 0 -1
    outer loop
      vertex -29.2629 3.0488 0
      vertex -28.4441 23.6851 0
      vertex -28.9579 3.1579 0
    endloop
  endfacet
  facet normal -0 0 -1
    outer loop
      vertex -28.4441 23.6851 0
      vertex -29.2629 3.0488 0
      vertex -29.2426 24.0627 0
    endloop
  endfacet
  facet normal 0 0 -1
    outer loop
      vertex -29.5556 2.91034 0
      vertex -29.2426 24.0627 0
      vertex -29.2629 3.0488 0
    endloop
  endfacet
  facet normal 0 0 -1
    outer loop
      vertex -29.8334 2.74385 0
      vertex -29.2426 24.0627 0
      vertex -29.5556 2.91034 0
    endloop
  endfacet
  facet normal 0 0 -1
    outer loop
      vertex -29.8334 2.74385 0
      vertex -30.0001 24.5168 0
      vertex -29.2426 24.0627 0
    endloop
  endfacet
  facet normal 0 0 -1
    outer loop
      vertex -30.0935 2.55093 0
      vertex -30.0001 24.5168 0
      vertex -29.8334 2.74385 0
    endloop
  endfacet
  facet normal 0 0 -1
    outer loop
      vertex -30.7095 25.0429 0
      vertex -30.0935 2.55093 0
      vertex -30.3335 2.33345 0
    endloop
  endfacet
  facet normal 0 0 -1
    outer loop
      vertex -31.364 25.636 0
      vertex -30.3335 2.33345 0
      vertex -30.5509 2.0935 0
    endloop
  endfacet
  facet normal 0 0 -1
    outer loop
      vertex -30.0935 2.55093 0
      vertex -30.7095 25.0429 0
      vertex -30.0001 24.5168 0
    endloop
  endfacet
  facet normal 0 0 -1
    outer loop
      vertex -31.9571 26.2905 0
      vertex -30.5509 2.0935 0
      vertex -30.7438 1.83338 0
    endloop
  endfacet
  facet normal 0 0 -1
    outer loop
      vertex -31.9571 26.2905 0
      vertex -30.7438 1.83338 0
      vertex -30.9103 1.55561 0
    endloop
  endfacet
  facet normal 0 0 -1
    outer loop
      vertex -32.4832 26.9999 0
      vertex -30.9103 1.55561 0
      vertex -31.0488 1.26285 0
    endloop
  endfacet
  facet normal 0 0 -1
    outer loop
      vertex -32.9373 27.7574 0
      vertex -31.0488 1.26285 0
      vertex -31.1579 0.957939 0
    endloop
  endfacet
  facet normal 0 0 -1
    outer loop
      vertex -33.3149 28.5558 0
      vertex -31.1579 0.957939 0
      vertex -31.2366 0.643798 0
    endloop
  endfacet
  facet normal 0 0 -1
    outer loop
      vertex -72 56 0
      vertex -31.2366 0.643798 0
      vertex -31.2841 0.323456 0
    endloop
  endfacet
  facet normal 0 0 -1
    outer loop
      vertex -72 56 0
      vertex -31.2841 0.323456 0
      vertex -31.3 0 0
    endloop
  endfacet
  facet normal 0 0 -1
    outer loop
      vertex -30.3335 2.33345 0
      vertex -31.364 25.636 0
      vertex -30.7095 25.0429 0
    endloop
  endfacet
  facet normal 0 0 -1
    outer loop
      vertex -33.3149 -28.5558 0
      vertex -31.1579 -0.957939 0
      vertex -32.9373 -27.7574 0
    endloop
  endfacet
  facet normal -0 0 -1
    outer loop
      vertex -31.1579 -0.957939 0
      vertex -33.3149 -28.5558 0
      vertex -31.2366 -0.643798 0
    endloop
  endfacet
  facet normal 0 0 -1
    outer loop
      vertex -30.5509 2.0935 0
      vertex -31.9571 26.2905 0
      vertex -31.364 25.636 0
    endloop
  endfacet
  facet normal 0 0 -1
    outer loop
      vertex -72 -56 0
      vertex -31.2366 -0.643798 0
      vertex -33.3149 -28.5558 0
    endloop
  endfacet
  facet normal 0 0 -1
    outer loop
      vertex -30.9103 1.55561 0
      vertex -32.4832 26.9999 0
      vertex -31.9571 26.2905 0
    endloop
  endfacet
  facet normal -0 0 -1
    outer loop
      vertex -31.2366 -0.643798 0
      vertex -72 -56 0
      vertex -31.2841 -0.323456 0
    endloop
  endfacet
  facet normal 0 0 -1
    outer loop
      vertex -31.0488 1.26285 0
      vertex -32.9373 27.7574 0
      vertex -32.4832 26.9999 0
    endloop
  endfacet
  facet normal -0 0 -1
    outer loop
      vertex -31.2841 -0.323456 0
      vertex -72 -56 0
      vertex -31.3 0 0
    endloop
  endfacet
  facet normal 0 0 -1
    outer loop
      vertex -72 56 0
      vertex -31.3 0 0
      vertex -72 -56 0
    endloop
  endfacet
  facet normal 0 0 -1
    outer loop
      vertex -72 -56 0
      vertex -33.3149 -28.5558 0
      vertex -33.6125 -29.3874 0
    endloop
  endfacet
  facet normal 0 0 -1
    outer loop
      vertex -31.2366 0.643798 0
      vertex -72 56 0
      vertex -33.3149 28.5558 0
    endloop
  endfacet
  facet normal 0 0 -1
    outer loop
      vertex -72 -56 0
      vertex -33.6125 -29.3874 0
      vertex -33.8271 -30.2442 0
    endloop
  endfacet
  facet normal 0 0 -1
    outer loop
      vertex -31.1579 0.957939 0
      vertex -33.3149 28.5558 0
      vertex -32.9373 27.7574 0
    endloop
  endfacet
  facet normal 0 0 -1
    outer loop
      vertex -72 -56 0
      vertex -33.8271 -30.2442 0
      vertex -33.9567 -31.1178 0
    endloop
  endfacet
  facet normal 0 0 -1
    outer loop
      vertex -33.3149 28.5558 0
      vertex -72 56 0
      vertex -33.6125 29.3874 0
    endloop
  endfacet
  facet normal 0 0 -1
    outer loop
      vertex -72 -56 0
      vertex -33.9567 -31.1178 0
      vertex -34 -32 0
    endloop
  endfacet
  facet normal 0 0 -1
    outer loop
      vertex -33.6125 29.3874 0
      vertex -72 56 0
      vertex -33.8271 30.2442 0
    endloop
  endfacet
  facet normal 0 0 -1
    outer loop
      vertex -2.5 16 0
      vertex -16 32 0
      vertex -2.5 24 0
    endloop
  endfacet
  facet normal 0 0 -1
    outer loop
      vertex -16 32 0
      vertex -4.0742 2.72229 0
      vertex -4.32141 2.30984 0
    endloop
  endfacet
  facet normal 0 0 -1
    outer loop
      vertex -16 32 0
      vertex -4.32141 2.30984 0
      vertex -4.52701 1.87515 0
    endloop
  endfacet
  facet normal 0 0 -1
    outer loop
      vertex -16 32 0
      vertex -4.52701 1.87515 0
      vertex -4.68901 1.42239 0
    endloop
  endfacet
  facet normal 0 0 -1
    outer loop
      vertex -16 32 0
      vertex -4.68901 1.42239 0
      vertex -4.80585 0.955942 0
    endloop
  endfacet
  facet normal 0 0 -1
    outer loop
      vertex -16 32 0
      vertex -4.80585 0.955942 0
      vertex -4.8764 0.480284 0
    endloop
  endfacet
  facet normal 0 0 -1
    outer loop
      vertex -16 32 0
      vertex -4.8764 0.480284 0
      vertex -4.9 0 0
    endloop
  endfacet
  facet normal 0 0 -1
    outer loop
      vertex -18.636 -25.636 0
      vertex -2.5 -16 0
      vertex -18.0429 -26.2905 0
    endloop
  endfacet
  facet normal 0 0 -1
    outer loop
      vertex -19.9999 -24.5168 0
      vertex -2.5 -16 0
      vertex -19.2905 -25.0429 0
    endloop
  endfacet
  facet normal 0 0 -1
    outer loop
      vertex -17.5168 -37.0001 0
      vertex -7 -46.305 0
      vertex -10.2 -48.1525 0
    endloop
  endfacet
  facet normal 0 0 -1
    outer loop
      vertex -16.0433 32.8822 0
      vertex -2.5 24 0
      vertex -16 32 0
    endloop
  endfacet
  facet normal 0 0 -1
    outer loop
      vertex -16.3875 -29.3874 0
      vertex -2.3097 -24.9567 0
      vertex -16.1729 -30.2442 0
    endloop
  endfacet
  facet normal -0 0 -1
    outer loop
      vertex -2.3097 -24.9567 0
      vertex -16.3875 -29.3874 0
      vertex -2.39235 -24.7257 0
    endloop
  endfacet
  facet normal 0 0 -1
    outer loop
      vertex -17.0627 -27.7574 0
      vertex -2.48796 -24.245 0
      vertex -16.6851 -28.5558 0
    endloop
  endfacet
  facet normal 0 0 -1
    outer loop
      vertex -2.45196 -15.5123 0
      vertex -4.0742 -2.72229 0
      vertex -3.78775 -3.10853 0
    endloop
  endfacet
  facet normal 0 0 -1
    outer loop
      vertex -19.2905 -25.0429 0
      vertex -2.5 -16 0
      vertex -18.636 -25.636 0
    endloop
  endfacet
  facet normal -0 0 -1
    outer loop
      vertex -2.48796 -24.245 0
      vertex -17.0627 -27.7574 0
      vertex -2.5 -24 0
    endloop
  endfacet
  facet normal 0 0 -1
    outer loop
      vertex -17.5168 -26.9999 0
      vertex -2.5 -24 0
      vertex -17.0627 -27.7574 0
    endloop
  endfacet
  facet normal 0 0 -1
    outer loop
      vertex -18.0429 -26.2905 0
      vertex -2.5 -24 0
      vertex -17.5168 -26.9999 0
    endloop
  endfacet
  facet normal -0 0 -1
    outer loop
      vertex -2.5 -24 0
      vertex -18.0429 -26.2905 0
      vertex -2.5 -16 0
    endloop
  endfacet
  facet normal 0 0 -1
    outer loop
      vertex 19.9999 24.5168 0
      vertex 2.48796 15.755 0
      vertex 2.5 16 0
    endloop
  endfacet
  facet normal 0 0 -1
    outer loop
      vertex 3.10853 3.78775 0
      vertex 2.45196 15.5123 0
      vertex 2.48796 15.755 0
    endloop
  endfacet
  facet normal 0 0 -1
    outer loop
      vertex 3.10853 3.78775 0
      vertex 2.39235 15.2743 0
      vertex 2.45196 15.5123 0
    endloop
  endfacet
  facet normal 0 0 -1
    outer loop
      vertex 1.58598 14.0675 0
      vertex 2.72229 4.0742 0
      vertex 2.30984 4.32141 0
    endloop
  endfacet
  facet normal 0 0 -1
    outer loop
      vertex 3.10853 3.78775 0
      vertex 2.3097 15.0433 0
      vertex 2.39235 15.2743 0
    endloop
  endfacet
  facet normal 0 0 -1
    outer loop
      vertex 3.10853 3.78775 0
      vertex 2.2048 14.8215 0
      vertex 2.3097 15.0433 0
    endloop
  endfacet
  facet normal 0 0 -1
    outer loop
      vertex 3.10853 3.78775 0
      vertex 2.07867 14.6111 0
      vertex 2.2048 14.8215 0
    endloop
  endfacet
  facet normal 0 0 -1
    outer loop
      vertex 3.10853 3.78775 0
      vertex 1.93253 14.414 0
      vertex 2.07867 14.6111 0
    endloop
  endfacet
  facet normal 0 0 -1
    outer loop
      vertex 1.38893 13.9213 0
      vertex 2.30984 4.32141 0
      vertex 1.87515 4.52701 0
    endloop
  endfacet
  facet normal 0 0 -1
    outer loop
      vertex 2.72229 4.0742 0
      vertex 1.76777 14.2322 0
      vertex 1.93253 14.414 0
    endloop
  endfacet
  facet normal 0 0 -1
    outer loop
      vertex 2.72229 4.0742 0
      vertex 1.58598 14.0675 0
      vertex 1.76777 14.2322 0
    endloop
  endfacet
  facet normal 0 0 -1
    outer loop
      vertex 1.17849 13.7952 0
      vertex 1.87515 4.52701 0
      vertex 1.42239 4.68901 0
    endloop
  endfacet
  facet normal 0 0 -1
    outer loop
      vertex 2.30984 4.32141 0
      vertex 1.38893 13.9213 0
      vertex 1.58598 14.0675 0
    endloop
  endfacet
  facet normal 0 0 -1
    outer loop
      vertex 1.87515 4.52701 0
      vertex 1.17849 13.7952 0
      vertex 1.38893 13.9213 0
    endloop
  endfacet
  facet normal 0 0 -1
    outer loop
      vertex 1.42239 4.68901 0
      vertex 0.956708 13.6903 0
      vertex 1.17849 13.7952 0
    endloop
  endfacet
  facet normal 0 0 -1
    outer loop
      vertex 0.725711 13.6076 0
      vertex 1.42239 4.68901 0
      vertex 0.955942 4.80585 0
    endloop
  endfacet
  facet normal 0 0 -1
    outer loop
      vertex 1.42239 4.68901 0
      vertex 0.725711 13.6076 0
      vertex 0.956708 13.6903 0
    endloop
  endfacet
  facet normal 0 0 -1
    outer loop
      vertex 0.955942 4.80585 0
      vertex 0.487725 13.548 0
      vertex 0.725711 13.6076 0
    endloop
  endfacet
  facet normal 0 0 -1
    outer loop
      vertex 0.480284 4.8764 0
      vertex 0.487725 13.548 0
      vertex 0.955942 4.80585 0
    endloop
  endfacet
  facet normal 0 0 -1
    outer loop
      vertex 0.480284 4.8764 0
      vertex 0.245043 13.512 0
      vertex 0.487725 13.548 0
    endloop
  endfacet
  facet normal 0 0 -1
    outer loop
      vertex 0 4.9 0
      vertex 0.245043 13.512 0
      vertex 0.480284 4.8764 0
    endloop
  endfacet
  facet normal 0 0 -1
    outer loop
      vertex 0 4.9 0
      vertex 0 13.5 0
      vertex 0.245043 13.512 0
    endloop
  endfacet
  facet normal 0 0 -1
    outer loop
      vertex 0 4.9 0
      vertex -0.245043 13.512 0
      vertex 0 13.5 0
    endloop
  endfacet
  facet normal 0 0 -1
    outer loop
      vertex -0.480284 4.8764 0
      vertex -0.245043 13.512 0
      vertex 0 4.9 0
    endloop
  endfacet
  facet normal 0 0 -1
    outer loop
      vertex -0.480284 4.8764 0
      vertex -0.487725 13.548 0
      vertex -0.245043 13.512 0
    endloop
  endfacet
  facet normal 0 0 -1
    outer loop
      vertex -0.955942 4.80585 0
      vertex -0.487725 13.548 0
      vertex -0.480284 4.8764 0
    endloop
  endfacet
  facet normal -0 0 -1
    outer loop
      vertex -0.487725 13.548 0
      vertex -0.955942 4.80585 0
      vertex -0.725711 13.6076 0
    endloop
  endfacet
  facet normal 0 0 -1
    outer loop
      vertex -1.42239 4.68901 0
      vertex -0.725711 13.6076 0
      vertex -0.955942 4.80585 0
    endloop
  endfacet
  facet normal -0 0 -1
    outer loop
      vertex -0.725711 13.6076 0
      vertex -1.42239 4.68901 0
      vertex -0.956708 13.6903 0
    endloop
  endfacet
  facet normal -0 0 -1
    outer loop
      vertex -0.956708 13.6903 0
      vertex -1.42239 4.68901 0
      vertex -1.17849 13.7952 0
    endloop
  endfacet
  facet normal 0 0 -1
    outer loop
      vertex -1.87515 4.52701 0
      vertex -1.17849 13.7952 0
      vertex -1.42239 4.68901 0
    endloop
  endfacet
  facet normal -0 0 -1
    outer loop
      vertex -1.17849 13.7952 0
      vertex -1.87515 4.52701 0
      vertex -1.38893 13.9213 0
    endloop
  endfacet
  facet normal 0 0 -1
    outer loop
      vertex -2.30984 4.32141 0
      vertex -1.38893 13.9213 0
      vertex -1.87515 4.52701 0
    endloop
  endfacet
  facet normal -0 0 -1
    outer loop
      vertex -1.38893 13.9213 0
      vertex -2.30984 4.32141 0
      vertex -1.58598 14.0675 0
    endloop
  endfacet
  facet normal 0 0 -1
    outer loop
      vertex -2.72229 4.0742 0
      vertex -1.58598 14.0675 0
      vertex -2.30984 4.32141 0
    endloop
  endfacet
  facet normal -0 0 -1
    outer loop
      vertex -1.58598 14.0675 0
      vertex -2.72229 4.0742 0
      vertex -1.76777 14.2322 0
    endloop
  endfacet
  facet normal -0 0 -1
    outer loop
      vertex -1.76777 14.2322 0
      vertex -2.72229 4.0742 0
      vertex -1.93253 14.414 0
    endloop
  endfacet
  facet normal 0 0 -1
    outer loop
      vertex -3.10853 3.78775 0
      vertex -1.93253 14.414 0
      vertex -2.72229 4.0742 0
    endloop
  endfacet
  facet normal -0 0 -1
    outer loop
      vertex -1.93253 14.414 0
      vertex -3.10853 3.78775 0
      vertex -2.07867 14.6111 0
    endloop
  endfacet
  facet normal 0 0 -1
    outer loop
      vertex -3.46482 3.46482 0
      vertex -2.07867 14.6111 0
      vertex -3.10853 3.78775 0
    endloop
  endfacet
  facet normal -0 0 -1
    outer loop
      vertex -2.07867 14.6111 0
      vertex -3.46482 3.46482 0
      vertex -2.2048 14.8215 0
    endloop
  endfacet
  facet normal 0 0 -1
    outer loop
      vertex -3.78775 3.10853 0
      vertex -2.2048 14.8215 0
      vertex -3.46482 3.46482 0
    endloop
  endfacet
  facet normal -0 0 -1
    outer loop
      vertex -2.2048 14.8215 0
      vertex -3.78775 3.10853 0
      vertex -2.3097 15.0433 0
    endloop
  endfacet
  facet normal -0 0 -1
    outer loop
      vertex -2.3097 15.0433 0
      vertex -4.0742 2.72229 0
      vertex -2.39235 15.2743 0
    endloop
  endfacet
  facet normal 0 0 -1
    outer loop
      vertex -4.0742 2.72229 0
      vertex -2.3097 15.0433 0
      vertex -3.78775 3.10853 0
    endloop
  endfacet
  facet normal 0 0 -1
    outer loop
      vertex 2.3097 -15.0433 0
      vertex 4.0742 -2.72229 0
      vertex 2.39235 -15.2743 0
    endloop
  endfacet
  facet normal 0 0 -1
    outer loop
      vertex 4.0742 -2.72229 0
      vertex 2.3097 -15.0433 0
      vertex 3.78775 -3.10853 0
    endloop
  endfacet
  facet normal 0 0 -1
    outer loop
      vertex 2.2048 -14.8215 0
      vertex 3.78775 -3.10853 0
      vertex 2.3097 -15.0433 0
    endloop
  endfacet
  facet normal 0 0 -1
    outer loop
      vertex 3.78775 -3.10853 0
      vertex 2.2048 -14.8215 0
      vertex 3.46482 -3.46482 0
    endloop
  endfacet
  facet normal 0 0 -1
    outer loop
      vertex 2.07867 -14.6111 0
      vertex 3.46482 -3.46482 0
      vertex 2.2048 -14.8215 0
    endloop
  endfacet
  facet normal 0 0 -1
    outer loop
      vertex 3.46482 -3.46482 0
      vertex 2.07867 -14.6111 0
      vertex 3.10853 -3.78775 0
    endloop
  endfacet
  facet normal 0 0 -1
    outer loop
      vertex 1.93253 -14.414 0
      vertex 3.10853 -3.78775 0
      vertex 2.07867 -14.6111 0
    endloop
  endfacet
  facet normal 0 0 -1
    outer loop
      vertex 3.10853 -3.78775 0
      vertex 1.93253 -14.414 0
      vertex 2.72229 -4.0742 0
    endloop
  endfacet
  facet normal 0 0 -1
    outer loop
      vertex 1.76777 -14.2322 0
      vertex 2.72229 -4.0742 0
      vertex 1.93253 -14.414 0
    endloop
  endfacet
  facet normal 0 0 -1
    outer loop
      vertex 1.58598 -14.0675 0
      vertex 2.72229 -4.0742 0
      vertex 1.76777 -14.2322 0
    endloop
  endfacet
  facet normal 0 0 -1
    outer loop
      vertex 2.72229 -4.0742 0
      vertex 1.58598 -14.0675 0
      vertex 2.30984 -4.32141 0
    endloop
  endfacet
  facet normal 0 0 -1
    outer loop
      vertex 1.38893 -13.9213 0
      vertex 2.30984 -4.32141 0
      vertex 1.58598 -14.0675 0
    endloop
  endfacet
  facet normal 0 0 -1
    outer loop
      vertex 2.30984 -4.32141 0
      vertex 1.38893 -13.9213 0
      vertex 1.87515 -4.52701 0
    endloop
  endfacet
  facet normal 0 0 -1
    outer loop
      vertex 1.17849 -13.7952 0
      vertex 1.87515 -4.52701 0
      vertex 1.38893 -13.9213 0
    endloop
  endfacet
  facet normal 0 0 -1
    outer loop
      vertex 1.87515 -4.52701 0
      vertex 1.17849 -13.7952 0
      vertex 1.42239 -4.68901 0
    endloop
  endfacet
  facet normal 0 0 -1
    outer loop
      vertex 0.956708 -13.6903 0
      vertex 1.42239 -4.68901 0
      vertex 1.17849 -13.7952 0
    endloop
  endfacet
  facet normal 0 0 -1
    outer loop
      vertex 0.725711 -13.6076 0
      vertex 1.42239 -4.68901 0
      vertex 0.956708 -13.6903 0
    endloop
  endfacet
  facet normal 0 0 -1
    outer loop
      vertex 1.42239 -4.68901 0
      vertex 0.725711 -13.6076 0
      vertex 0.955942 -4.80585 0
    endloop
  endfacet
  facet normal 0 0 -1
    outer loop
      vertex 0.487725 -13.548 0
      vertex 0.955942 -4.80585 0
      vertex 0.725711 -13.6076 0
    endloop
  endfacet
  facet normal 0 0 -1
    outer loop
      vertex 0.487725 -13.548 0
      vertex 0.480284 -4.8764 0
      vertex 0.955942 -4.80585 0
    endloop
  endfacet
  facet normal 0 0 -1
    outer loop
      vertex 0.245043 -13.512 0
      vertex 0.480284 -4.8764 0
      vertex 0.487725 -13.548 0
    endloop
  endfacet
  facet normal 0 0 -1
    outer loop
      vertex 0 -4.9 0
      vertex 0.245043 -13.512 0
      vertex 0 -13.5 0
    endloop
  endfacet
  facet normal 0 0 -1
    outer loop
      vertex 0.245043 -13.512 0
      vertex 0 -4.9 0
      vertex 0.480284 -4.8764 0
    endloop
  endfacet
  facet normal 0 0 -1
    outer loop
      vertex -0.245043 -13.512 0
      vertex 0 -4.9 0
      vertex 0 -13.5 0
    endloop
  endfacet
  facet normal 0 0 -1
    outer loop
      vertex -0.245043 -13.512 0
      vertex -0.480284 -4.8764 0
      vertex 0 -4.9 0
    endloop
  endfacet
  facet normal 0 0 -1
    outer loop
      vertex -0.487725 -13.548 0
      vertex -0.480284 -4.8764 0
      vertex -0.245043 -13.512 0
    endloop
  endfacet
  facet normal 0 0 -1
    outer loop
      vertex -0.955942 -4.80585 0
      vertex -0.487725 -13.548 0
      vertex -0.725711 -13.6076 0
    endloop
  endfacet
  facet normal 0 0 -1
    outer loop
      vertex -0.487725 -13.548 0
      vertex -0.955942 -4.80585 0
      vertex -0.480284 -4.8764 0
    endloop
  endfacet
  facet normal 0 0 -1
    outer loop
      vertex -1.42239 -4.68901 0
      vertex -0.725711 -13.6076 0
      vertex -0.956708 -13.6903 0
    endloop
  endfacet
  facet normal 0 0 -1
    outer loop
      vertex -1.42239 -4.68901 0
      vertex -0.956708 -13.6903 0
      vertex -1.17849 -13.7952 0
    endloop
  endfacet
  facet normal 0 0 -1
    outer loop
      vertex -1.87515 -4.52701 0
      vertex -1.17849 -13.7952 0
      vertex -1.38893 -13.9213 0
    endloop
  endfacet
  facet normal 0 0 -1
    outer loop
      vertex -0.725711 -13.6076 0
      vertex -1.42239 -4.68901 0
      vertex -0.955942 -4.80585 0
    endloop
  endfacet
  facet normal 0 0 -1
    outer loop
      vertex -2.30984 -4.32141 0
      vertex -1.38893 -13.9213 0
      vertex -1.58598 -14.0675 0
    endloop
  endfacet
  facet normal 0 0 -1
    outer loop
      vertex -2.72229 -4.0742 0
      vertex -1.58598 -14.0675 0
      vertex -1.76777 -14.2322 0
    endloop
  endfacet
  facet normal 0 0 -1
    outer loop
      vertex -1.17849 -13.7952 0
      vertex -1.87515 -4.52701 0
      vertex -1.42239 -4.68901 0
    endloop
  endfacet
  facet normal 0 0 -1
    outer loop
      vertex -2.72229 -4.0742 0
      vertex -1.76777 -14.2322 0
      vertex -1.93253 -14.414 0
    endloop
  endfacet
  facet normal 0 0 -1
    outer loop
      vertex -3.10853 -3.78775 0
      vertex -1.93253 -14.414 0
      vertex -2.07867 -14.6111 0
    endloop
  endfacet
  facet normal 0 0 -1
    outer loop
      vertex -3.46482 -3.46482 0
      vertex -2.07867 -14.6111 0
      vertex -2.2048 -14.8215 0
    endloop
  endfacet
  facet normal 0 0 -1
    outer loop
      vertex -3.78775 -3.10853 0
      vertex -2.2048 -14.8215 0
      vertex -2.3097 -15.0433 0
    endloop
  endfacet
  facet normal 0 0 -1
    outer loop
      vertex -1.38893 -13.9213 0
      vertex -2.30984 -4.32141 0
      vertex -1.87515 -4.52701 0
    endloop
  endfacet
  facet normal 0 0 -1
    outer loop
      vertex -3.78775 -3.10853 0
      vertex -2.3097 -15.0433 0
      vertex -2.39235 -15.2743 0
    endloop
  endfacet
  facet normal 0 0 -1
    outer loop
      vertex -3.78775 -3.10853 0
      vertex -2.39235 -15.2743 0
      vertex -2.45196 -15.5123 0
    endloop
  endfacet
  facet normal -0 0 -1
    outer loop
      vertex -2.45196 -24.4877 0
      vertex -16.6851 -28.5558 0
      vertex -2.48796 -24.245 0
    endloop
  endfacet
  facet normal -0 0 -1
    outer loop
      vertex -2.39235 -24.7257 0
      vertex -16.6851 -28.5558 0
      vertex -2.45196 -24.4877 0
    endloop
  endfacet
  facet normal 0 0 -1
    outer loop
      vertex -1.58598 -14.0675 0
      vertex -2.72229 -4.0742 0
      vertex -2.30984 -4.32141 0
    endloop
  endfacet
  facet normal 0 0 -1
    outer loop
      vertex 2.48796 15.755 0
      vertex 20.7574 24.0627 0
      vertex 21.5558 23.6851 0
    endloop
  endfacet
  facet normal -0 0 -1
    outer loop
      vertex 19.2905 25.0429 0
      vertex 2.5 16 0
      vertex 18.636 25.636 0
    endloop
  endfacet
  facet normal -0 0 -1
    outer loop
      vertex 18.636 25.636 0
      vertex 2.5 16 0
      vertex 18.0429 26.2905 0
    endloop
  endfacet
  facet normal -0 0 -1
    outer loop
      vertex 19.9999 24.5168 0
      vertex 2.5 16 0
      vertex 19.2905 25.0429 0
    endloop
  endfacet
  facet normal 0 0 -1
    outer loop
      vertex 2.48796 15.755 0
      vertex 19.9999 24.5168 0
      vertex 20.7574 24.0627 0
    endloop
  endfacet
  facet normal 0 0 -1
    outer loop
      vertex 7 -46.305 0
      vertex 4.68901 -1.42239 0
      vertex 4.80585 -0.955942 0
    endloop
  endfacet
  facet normal 0 0 -1
    outer loop
      vertex 2.5 -24 0
      vertex 4.68901 -1.42239 0
      vertex 7 -46.305 0
    endloop
  endfacet
  facet normal 0 0 -1
    outer loop
      vertex 2.5 -16 0
      vertex 4.68901 -1.42239 0
      vertex 2.5 -24 0
    endloop
  endfacet
  facet normal 0 0 -1
    outer loop
      vertex 4.68901 -1.42239 0
      vertex 2.5 -16 0
      vertex 4.52701 -1.87515 0
    endloop
  endfacet
  facet normal 0 0 -1
    outer loop
      vertex -3.8 -48.1525 0
      vertex 7 -46.305 0
      vertex 3.8 -48.1525 0
    endloop
  endfacet
  facet normal 0 0 -1
    outer loop
      vertex 2.48796 -15.755 0
      vertex 4.52701 -1.87515 0
      vertex 2.5 -16 0
    endloop
  endfacet
  facet normal -0 0 -1
    outer loop
      vertex 18.0429 26.2905 0
      vertex 2.5 24 0
      vertex 17.5168 26.9999 0
    endloop
  endfacet
  facet normal -0 0 -1
    outer loop
      vertex 17.5168 26.9999 0
      vertex 2.5 24 0
      vertex 17.0627 27.7574 0
    endloop
  endfacet
  facet normal 0 0 -1
    outer loop
      vertex 2.39235 24.7257 0
      vertex 16.6851 28.5558 0
      vertex 2.45196 24.4877 0
    endloop
  endfacet
  facet normal 0 0 -1
    outer loop
      vertex 2.48796 24.245 0
      vertex 17.0627 27.7574 0
      vertex 2.5 24 0
    endloop
  endfacet
  facet normal 0 0 -1
    outer loop
      vertex 2.5 24 0
      vertex 18.0429 26.2905 0
      vertex 2.5 16 0
    endloop
  endfacet
  facet normal 0 0 -1
    outer loop
      vertex 2.48796 15.755 0
      vertex 4.0742 2.72229 0
      vertex 3.78775 3.10853 0
    endloop
  endfacet
  facet normal -0 0 -1
    outer loop
      vertex 16.6851 28.5558 0
      vertex 2.39235 24.7257 0
      vertex 16.3875 29.3874 0
    endloop
  endfacet
  facet normal 0 0 -1
    outer loop
      vertex 2.3097 24.9567 0
      vertex 16.3875 29.3874 0
      vertex 2.39235 24.7257 0
    endloop
  endfacet
  facet normal -0 0 -1
    outer loop
      vertex 17.0627 27.7574 0
      vertex 2.48796 24.245 0
      vertex 16.6851 28.5558 0
    endloop
  endfacet
  facet normal 0 0 -1
    outer loop
      vertex 33.6125 -29.3874 0
      vertex 72 -56 0
      vertex 33.8271 -30.2442 0
    endloop
  endfacet
  facet normal 0 0 -1
    outer loop
      vertex 72 56 0
      vertex 33.9567 31.1178 0
      vertex 34 32 0
    endloop
  endfacet
  facet normal 0 0 -1
    outer loop
      vertex 33.3149 -28.5558 0
      vertex 72 -56 0
      vertex 33.6125 -29.3874 0
    endloop
  endfacet
  facet normal 0 0 -1
    outer loop
      vertex 72 56 0
      vertex 33.8271 30.2442 0
      vertex 33.9567 31.1178 0
    endloop
  endfacet
  facet normal 0 -0 -1
    outer loop
      vertex 31.3 0 0
      vertex 72 -56 0
      vertex 31.2841 -0.323456 0
    endloop
  endfacet
  facet normal 0 0 -1
    outer loop
      vertex 31.2841 0.323456 0
      vertex 72 56 0
      vertex 31.3 0 0
    endloop
  endfacet
  facet normal 0 0 -1
    outer loop
      vertex 72 -56 0
      vertex 33.3149 -28.5558 0
      vertex 31.2366 -0.643798 0
    endloop
  endfacet
  facet normal 0 0 -1
    outer loop
      vertex 31.2366 0.643798 0
      vertex 72 56 0
      vertex 31.2841 0.323456 0
    endloop
  endfacet
  facet normal 0 0 -1
    outer loop
      vertex 31.1579 -0.957939 0
      vertex 33.3149 -28.5558 0
      vertex 32.9373 -27.7574 0
    endloop
  endfacet
  facet normal 0 0 -1
    outer loop
      vertex 72 56 0
      vertex 33.6125 29.3874 0
      vertex 33.8271 30.2442 0
    endloop
  endfacet
  facet normal 0 0 -1
    outer loop
      vertex 31.0488 -1.26285 0
      vertex 32.9373 -27.7574 0
      vertex 32.4832 -26.9999 0
    endloop
  endfacet
  facet normal 0 -0 -1
    outer loop
      vertex 33.3149 28.5558 0
      vertex 72 56 0
      vertex 31.2366 0.643798 0
    endloop
  endfacet
  facet normal 0 0 -1
    outer loop
      vertex 30.9103 -1.55561 0
      vertex 32.4832 -26.9999 0
      vertex 31.9571 -26.2905 0
    endloop
  endfacet
  facet normal 0 0 -1
    outer loop
      vertex 72 56 0
      vertex 33.3149 28.5558 0
      vertex 33.6125 29.3874 0
    endloop
  endfacet
  facet normal 0 0 -1
    outer loop
      vertex 30.5509 -2.0935 0
      vertex 31.9571 -26.2905 0
      vertex 31.364 -25.636 0
    endloop
  endfacet
  facet normal 0 0 -1
    outer loop
      vertex 31.1579 0.957939 0
      vertex 33.3149 28.5558 0
      vertex 31.2366 0.643798 0
    endloop
  endfacet
  facet normal 0 0 -1
    outer loop
      vertex 33.3149 28.5558 0
      vertex 31.1579 0.957939 0
      vertex 32.9373 27.7574 0
    endloop
  endfacet
  facet normal 0 0 -1
    outer loop
      vertex 72 -56 0
      vertex 31.3 0 0
      vertex 72 56 0
    endloop
  endfacet
  facet normal 0 0 -1
    outer loop
      vertex 72 -56 0
      vertex 31.2366 -0.643798 0
      vertex 31.2841 -0.323456 0
    endloop
  endfacet
  facet normal 0 0 -1
    outer loop
      vertex 33.3149 -28.5558 0
      vertex 31.1579 -0.957939 0
      vertex 31.2366 -0.643798 0
    endloop
  endfacet
  facet normal 0 0 -1
    outer loop
      vertex 32.9373 -27.7574 0
      vertex 31.0488 -1.26285 0
      vertex 31.1579 -0.957939 0
    endloop
  endfacet
  facet normal 0 0 -1
    outer loop
      vertex 32.4832 -26.9999 0
      vertex 30.9103 -1.55561 0
      vertex 31.0488 -1.26285 0
    endloop
  endfacet
  facet normal 0 0 -1
    outer loop
      vertex 31.9571 -26.2905 0
      vertex 30.7438 -1.83338 0
      vertex 30.9103 -1.55561 0
    endloop
  endfacet
  facet normal 0 0 -1
    outer loop
      vertex 30.3335 -2.33345 0
      vertex 31.364 -25.636 0
      vertex 30.7095 -25.0429 0
    endloop
  endfacet
  facet normal 0 0 -1
    outer loop
      vertex 31.9571 -26.2905 0
      vertex 30.5509 -2.0935 0
      vertex 30.7438 -1.83338 0
    endloop
  endfacet
  facet normal 0 0 -1
    outer loop
      vertex 31.364 -25.636 0
      vertex 30.3335 -2.33345 0
      vertex 30.5509 -2.0935 0
    endloop
  endfacet
  facet normal 0 0 -1
    outer loop
      vertex 30.7095 -25.0429 0
      vertex 30.0935 -2.55093 0
      vertex 30.3335 -2.33345 0
    endloop
  endfacet
  facet normal 0 0 -1
    outer loop
      vertex 30.0001 -24.5168 0
      vertex 30.0935 -2.55093 0
      vertex 30.7095 -25.0429 0
    endloop
  endfacet
  facet normal 0 0 -1
    outer loop
      vertex 30.0001 -24.5168 0
      vertex 29.8334 -2.74385 0
      vertex 30.0935 -2.55093 0
    endloop
  endfacet
  facet normal 0 0 -1
    outer loop
      vertex 30.0001 -24.5168 0
      vertex 29.5556 -2.91034 0
      vertex 29.8334 -2.74385 0
    endloop
  endfacet
  facet normal 0 0 -1
    outer loop
      vertex 29.2426 -24.0627 0
      vertex 29.5556 -2.91034 0
      vertex 30.0001 -24.5168 0
    endloop
  endfacet
  facet normal 0 0 -1
    outer loop
      vertex 29.5556 -2.91034 0
      vertex 29.2426 -24.0627 0
      vertex 29.2629 -3.0488 0
    endloop
  endfacet
  facet normal 0 0 -1
    outer loop
      vertex 28.4441 -23.6851 0
      vertex 29.2629 -3.0488 0
      vertex 29.2426 -24.0627 0
    endloop
  endfacet
  facet normal 0 0 -1
    outer loop
      vertex 29.2629 -3.0488 0
      vertex 28.4441 -23.6851 0
      vertex 28.9579 -3.1579 0
    endloop
  endfacet
  facet normal 0 0 -1
    outer loop
      vertex 27.6126 -23.3875 0
      vertex 28.9579 -3.1579 0
      vertex 28.4441 -23.6851 0
    endloop
  endfacet
  facet normal 0 0 -1
    outer loop
      vertex 28.9579 -3.1579 0
      vertex 27.6126 -23.3875 0
      vertex 28.6438 -3.23659 0
    endloop
  endfacet
  facet normal 0 0 -1
    outer loop
      vertex 28.6438 -3.23659 0
      vertex 27.6126 -23.3875 0
      vertex 28.3235 -3.28411 0
    endloop
  endfacet
  facet normal 0 0 -1
    outer loop
      vertex 26.7558 -23.1729 0
      vertex 28.3235 -3.28411 0
      vertex 27.6126 -23.3875 0
    endloop
  endfacet
  facet normal 0 0 -1
    outer loop
      vertex 28.3235 -3.28411 0
      vertex 26.7558 -23.1729 0
      vertex 28 -3.3 0
    endloop
  endfacet
  facet normal 0 0 -1
    outer loop
      vertex 25.8822 -23.0433 0
      vertex 28 -3.3 0
      vertex 26.7558 -23.1729 0
    endloop
  endfacet
  facet normal -0 0 -1
    outer loop
      vertex 28 -3.3 0
      vertex 25.8822 -23.0433 0
      vertex 27.6765 -3.28411 0
    endloop
  endfacet
  facet normal -0 0 -1
    outer loop
      vertex 27.6765 -3.28411 0
      vertex 25.8822 -23.0433 0
      vertex 27.3562 -3.23659 0
    endloop
  endfacet
  facet normal 0 0 -1
    outer loop
      vertex 25 -23 0
      vertex 27.3562 -3.23659 0
      vertex 25.8822 -23.0433 0
    endloop
  endfacet
  facet normal -0 0 -1
    outer loop
      vertex 27.3562 -3.23659 0
      vertex 25 -23 0
      vertex 27.0421 -3.1579 0
    endloop
  endfacet
  facet normal 0 0 -1
    outer loop
      vertex 24.1178 -23.0433 0
      vertex 27.0421 -3.1579 0
      vertex 25 -23 0
    endloop
  endfacet
  facet normal -0 0 -1
    outer loop
      vertex 27.0421 -3.1579 0
      vertex 24.1178 -23.0433 0
      vertex 26.7371 -3.0488 0
    endloop
  endfacet
  facet normal -0 0 -1
    outer loop
      vertex 26.7371 -3.0488 0
      vertex 24.1178 -23.0433 0
      vertex 26.4444 -2.91034 0
    endloop
  endfacet
  facet normal 0 0 -1
    outer loop
      vertex 23.2442 -23.1729 0
      vertex 26.4444 -2.91034 0
      vertex 24.1178 -23.0433 0
    endloop
  endfacet
  facet normal -0 0 -1
    outer loop
      vertex 26.4444 -2.91034 0
      vertex 23.2442 -23.1729 0
      vertex 26.1666 -2.74385 0
    endloop
  endfacet
  facet normal 0 0 -1
    outer loop
      vertex 22.3874 -23.3875 0
      vertex 26.1666 -2.74385 0
      vertex 23.2442 -23.1729 0
    endloop
  endfacet
  facet normal -0 0 -1
    outer loop
      vertex 26.1666 -2.74385 0
      vertex 22.3874 -23.3875 0
      vertex 25.9065 -2.55093 0
    endloop
  endfacet
  facet normal 0 0 -1
    outer loop
      vertex 21.5558 -23.6851 0
      vertex 25.9065 -2.55093 0
      vertex 22.3874 -23.3875 0
    endloop
  endfacet
  facet normal -0 0 -1
    outer loop
      vertex 25.9065 -2.55093 0
      vertex 21.5558 -23.6851 0
      vertex 25.6665 -2.33345 0
    endloop
  endfacet
  facet normal -0 0 -1
    outer loop
      vertex 25.6665 -2.33345 0
      vertex 21.5558 -23.6851 0
      vertex 25.4491 -2.0935 0
    endloop
  endfacet
  facet normal 0 0 -1
    outer loop
      vertex 20.7574 -24.0627 0
      vertex 25.4491 -2.0935 0
      vertex 21.5558 -23.6851 0
    endloop
  endfacet
  facet normal 0 0 -1
    outer loop
      vertex 4.80585 -0.955942 0
      vertex 25.4491 -2.0935 0
      vertex 20.7574 -24.0627 0
    endloop
  endfacet
  facet normal 0 0 -1
    outer loop
      vertex 4.80585 -0.955942 0
      vertex 20.7574 -24.0627 0
      vertex 19.9999 -24.5168 0
    endloop
  endfacet
  facet normal 0 0 -1
    outer loop
      vertex 25.4491 -2.0935 0
      vertex 4.80585 -0.955942 0
      vertex 25.2561 -1.83338 0
    endloop
  endfacet
  facet normal 0 0 -1
    outer loop
      vertex 68 -60 0
      vertex 72 -56 0
      vertex 71.8637 -57.0353 0
    endloop
  endfacet
  facet normal 0 0 -1
    outer loop
      vertex 33.9567 -31.1178 0
      vertex 72 -56 0
      vertex 34 -32 0
    endloop
  endfacet
  facet normal 0 0 -1
    outer loop
      vertex 68 -60 0
      vertex 71.8637 -57.0353 0
      vertex 71.4641 -58 0
    endloop
  endfacet
  facet normal 0 0 -1
    outer loop
      vertex 33.8271 -30.2442 0
      vertex 72 -56 0
      vertex 33.9567 -31.1178 0
    endloop
  endfacet
  facet normal 0 0 -1
    outer loop
      vertex 68 -60 0
      vertex 71.4641 -58 0
      vertex 70.8284 -58.8284 0
    endloop
  endfacet
  facet normal 0 0 -1
    outer loop
      vertex 33.9567 32.8822 0
      vertex 72 56 0
      vertex 34 32 0
    endloop
  endfacet
  facet normal 0 0 -1
    outer loop
      vertex 68 -60 0
      vertex 70.8284 -58.8284 0
      vertex 70 -59.4641 0
    endloop
  endfacet
  facet normal 0 0 -1
    outer loop
      vertex 33.8271 33.7558 0
      vertex 72 56 0
      vertex 33.9567 32.8822 0
    endloop
  endfacet
  facet normal 0 0 -1
    outer loop
      vertex 68 -60 0
      vertex 70 -59.4641 0
      vertex 69.0353 -59.8637 0
    endloop
  endfacet
  facet normal 0 0 -1
    outer loop
      vertex 33.6125 34.6126 0
      vertex 72 56 0
      vertex 33.8271 33.7558 0
    endloop
  endfacet
  facet normal -0 0 -1
    outer loop
      vertex 72 -56 0
      vertex 68 -60 0
      vertex 33.6125 -34.6126 0
    endloop
  endfacet
  facet normal 0 -0 -1
    outer loop
      vertex 68 60 0
      vertex 72 56 0
      vertex 33.6125 34.6126 0
    endloop
  endfacet
  facet normal 0 0 -1
    outer loop
      vertex 70.8284 58.8284 0
      vertex 68 60 0
      vertex 70 59.4641 0
    endloop
  endfacet
  facet normal 0 0 -1
    outer loop
      vertex 72 -56 0
      vertex 33.9567 -32.8822 0
      vertex 34 -32 0
    endloop
  endfacet
  facet normal 0 0 -1
    outer loop
      vertex 72 -56 0
      vertex 33.8271 -33.7558 0
      vertex 33.9567 -32.8822 0
    endloop
  endfacet
  facet normal 0 0 -1
    outer loop
      vertex 72 -56 0
      vertex 33.6125 -34.6126 0
      vertex 33.8271 -33.7558 0
    endloop
  endfacet
  facet normal 0 0 -1
    outer loop
      vertex 68 -60 0
      vertex 33.3149 -35.4441 0
      vertex 33.6125 -34.6126 0
    endloop
  endfacet
  facet normal 0 0 -1
    outer loop
      vertex 68 -60 0
      vertex 32.9373 -36.2426 0
      vertex 33.3149 -35.4441 0
    endloop
  endfacet
  facet normal 0 0 -1
    outer loop
      vertex 68 -60 0
      vertex 32.4832 -37.0001 0
      vertex 32.9373 -36.2426 0
    endloop
  endfacet
  facet normal 0 0 -1
    outer loop
      vertex 68 -60 0
      vertex 31.9571 -37.7095 0
      vertex 32.4832 -37.0001 0
    endloop
  endfacet
  facet normal 0 0 -1
    outer loop
      vertex 68 -60 0
      vertex 31.364 -38.364 0
      vertex 31.9571 -37.7095 0
    endloop
  endfacet
  facet normal 0 0 -1
    outer loop
      vertex 68 -60 0
      vertex 30.7095 -38.9571 0
      vertex 31.364 -38.364 0
    endloop
  endfacet
  facet normal 0 0 -1
    outer loop
      vertex 68 -60 0
      vertex 30.0001 -39.4832 0
      vertex 30.7095 -38.9571 0
    endloop
  endfacet
  facet normal 0 0 -1
    outer loop
      vertex 68 -60 0
      vertex 29.2426 -39.9373 0
      vertex 30.0001 -39.4832 0
    endloop
  endfacet
  facet normal 0 0 -1
    outer loop
      vertex 68 -60 0
      vertex 28.4441 -40.3149 0
      vertex 29.2426 -39.9373 0
    endloop
  endfacet
  facet normal 0 0 -1
    outer loop
      vertex 68 -60 0
      vertex 27.6126 -40.6125 0
      vertex 28.4441 -40.3149 0
    endloop
  endfacet
  facet normal 0 0 -1
    outer loop
      vertex 10.2 -51.8475 0
      vertex 27.6126 -40.6125 0
      vertex 68 -60 0
    endloop
  endfacet
  facet normal 0 0 -1
    outer loop
      vertex 27.6126 -40.6125 0
      vertex 10.2 -51.8475 0
      vertex 26.7558 -40.8271 0
    endloop
  endfacet
  facet normal 0 0 -1
    outer loop
      vertex 26.7558 -40.8271 0
      vertex 10.2 -51.8475 0
      vertex 25.8822 -40.9567 0
    endloop
  endfacet
  facet normal 0 0 -1
    outer loop
      vertex 25.8822 -40.9567 0
      vertex 10.2 -51.8475 0
      vertex 25 -41 0
    endloop
  endfacet
  facet normal -0 0 -1
    outer loop
      vertex 25 -41 0
      vertex 10.2 -51.8475 0
      vertex 24.1178 -40.9567 0
    endloop
  endfacet
  facet normal -0 0 -1
    outer loop
      vertex 24.1178 -40.9567 0
      vertex 10.2 -51.8475 0
      vertex 23.2442 -40.8271 0
    endloop
  endfacet
  facet normal -0 0 -1
    outer loop
      vertex 23.2442 -40.8271 0
      vertex 10.2 -51.8475 0
      vertex 22.3874 -40.6125 0
    endloop
  endfacet
  facet normal 0 0 -1
    outer loop
      vertex 2.48796 15.755 0
      vertex 25.4491 2.0935 0
      vertex 4.0742 2.72229 0
    endloop
  endfacet
  facet normal -0 0 -1
    outer loop
      vertex 16.3875 -34.6126 0
      vertex 7 -46.305 0
      vertex 16.1729 -33.7558 0
    endloop
  endfacet
  facet normal -0 0 -1
    outer loop
      vertex 16.6851 -35.4441 0
      vertex 7 -46.305 0
      vertex 16.3875 -34.6126 0
    endloop
  endfacet
  facet normal -0 0 -1
    outer loop
      vertex 17.0627 -36.2426 0
      vertex 7 -46.305 0
      vertex 16.6851 -35.4441 0
    endloop
  endfacet
  facet normal -0 0 -1
    outer loop
      vertex 17.5168 -37.0001 0
      vertex 7 -46.305 0
      vertex 17.0627 -36.2426 0
    endloop
  endfacet
  facet normal 0 0 -1
    outer loop
      vertex 7 -46.305 0
      vertex 17.5168 -37.0001 0
      vertex 10.2 -48.1525 0
    endloop
  endfacet
  facet normal -0 0 -1
    outer loop
      vertex 18.0429 -37.7095 0
      vertex 10.2 -48.1525 0
      vertex 17.5168 -37.0001 0
    endloop
  endfacet
  facet normal -0 0 -1
    outer loop
      vertex 18.636 -38.364 0
      vertex 10.2 -48.1525 0
      vertex 18.0429 -37.7095 0
    endloop
  endfacet
  facet normal -0 0 -1
    outer loop
      vertex 19.2905 -38.9571 0
      vertex 10.2 -48.1525 0
      vertex 18.636 -38.364 0
    endloop
  endfacet
  facet normal -0 0 -1
    outer loop
      vertex 19.9999 -39.4832 0
      vertex 10.2 -48.1525 0
      vertex 19.2905 -38.9571 0
    endloop
  endfacet
  facet normal -0 0 -1
    outer loop
      vertex 20.7574 -39.9373 0
      vertex 10.2 -48.1525 0
      vertex 19.9999 -39.4832 0
    endloop
  endfacet
  facet normal -0 0 -1
    outer loop
      vertex 21.5558 -40.3149 0
      vertex 10.2 -48.1525 0
      vertex 20.7574 -39.9373 0
    endloop
  endfacet
  facet normal -0 0 -1
    outer loop
      vertex 22.3874 -40.6125 0
      vertex 10.2 -48.1525 0
      vertex 21.5558 -40.3149 0
    endloop
  endfacet
  facet normal 0 0 -1
    outer loop
      vertex 10.2 -48.1525 0
      vertex 22.3874 -40.6125 0
      vertex 10.2 -51.8475 0
    endloop
  endfacet
  facet normal 0 0 -1
    outer loop
      vertex 68 -60 0
      vertex 7 -53.695 0
      vertex 10.2 -51.8475 0
    endloop
  endfacet
  facet normal 0 0 -1
    outer loop
      vertex -3.8 -51.8475 0
      vertex 3.8 -48.1525 0
      vertex 3.8 -51.8475 0
    endloop
  endfacet
  facet normal 0 0 -1
    outer loop
      vertex 4.52701 -1.87515 0
      vertex 2.48796 -15.755 0
      vertex 4.32141 -2.30984 0
    endloop
  endfacet
  facet normal 0 0 -1
    outer loop
      vertex 2.45196 -15.5123 0
      vertex 4.32141 -2.30984 0
      vertex 2.48796 -15.755 0
    endloop
  endfacet
  facet normal 0 0 -1
    outer loop
      vertex 2.39235 -15.2743 0
      vertex 4.32141 -2.30984 0
      vertex 2.45196 -15.5123 0
    endloop
  endfacet
  facet normal 0 0 -1
    outer loop
      vertex 4.32141 -2.30984 0
      vertex 2.39235 -15.2743 0
      vertex 4.0742 -2.72229 0
    endloop
  endfacet
  facet normal 0 0 -1
    outer loop
      vertex 7 -46.305 0
      vertex 2.48796 -24.245 0
      vertex 2.5 -24 0
    endloop
  endfacet
  facet normal 0 0 -1
    outer loop
      vertex 7 -46.305 0
      vertex 2.45196 -24.4877 0
      vertex 2.48796 -24.245 0
    endloop
  endfacet
  facet normal 0 0 -1
    outer loop
      vertex 7 -46.305 0
      vertex 2.39235 -24.7257 0
      vertex 2.45196 -24.4877 0
    endloop
  endfacet
  facet normal 0 0 -1
    outer loop
      vertex 7 -46.305 0
      vertex 2.3097 -24.9567 0
      vertex 2.39235 -24.7257 0
    endloop
  endfacet
  facet normal 0 0 -1
    outer loop
      vertex 7 -46.305 0
      vertex 2.2048 -25.1785 0
      vertex 2.3097 -24.9567 0
    endloop
  endfacet
  facet normal 0 0 -1
    outer loop
      vertex 7 -46.305 0
      vertex 2.07867 -25.3889 0
      vertex 2.2048 -25.1785 0
    endloop
  endfacet
  facet normal 0 0 -1
    outer loop
      vertex 7 -46.305 0
      vertex 1.93253 -25.586 0
      vertex 2.07867 -25.3889 0
    endloop
  endfacet
  facet normal 0 0 -1
    outer loop
      vertex 7 -46.305 0
      vertex 1.76777 -25.7678 0
      vertex 1.93253 -25.586 0
    endloop
  endfacet
  facet normal 0 0 -1
    outer loop
      vertex 7 -46.305 0
      vertex 1.58598 -25.9325 0
      vertex 1.76777 -25.7678 0
    endloop
  endfacet
  facet normal 0 0 -1
    outer loop
      vertex 7 -46.305 0
      vertex 1.38893 -26.0787 0
      vertex 1.58598 -25.9325 0
    endloop
  endfacet
  facet normal 0 0 -1
    outer loop
      vertex 7 -46.305 0
      vertex 1.17849 -26.2048 0
      vertex 1.38893 -26.0787 0
    endloop
  endfacet
  facet normal 0 0 -1
    outer loop
      vertex 7 -46.305 0
      vertex 0.956708 -26.3097 0
      vertex 1.17849 -26.2048 0
    endloop
  endfacet
  facet normal 0 0 -1
    outer loop
      vertex 7 -46.305 0
      vertex 0.725711 -26.3923 0
      vertex 0.956708 -26.3097 0
    endloop
  endfacet
  facet normal 0 0 -1
    outer loop
      vertex 7 -46.305 0
      vertex 0.487725 -26.452 0
      vertex 0.725711 -26.3923 0
    endloop
  endfacet
  facet normal 0 0 -1
    outer loop
      vertex 7 -46.305 0
      vertex 0.245043 -26.488 0
      vertex 0.487725 -26.452 0
    endloop
  endfacet
  facet normal 0 0 -1
    outer loop
      vertex 7 -46.305 0
      vertex 0 -26.5 0
      vertex 0.245043 -26.488 0
    endloop
  endfacet
  facet normal 0 0 -1
    outer loop
      vertex -3.8 -48.1525 0
      vertex 3.8 -48.1525 0
      vertex -3.8 -51.8475 0
    endloop
  endfacet
  facet normal 0 0 -1
    outer loop
      vertex -7 -46.305 0
      vertex 7 -46.305 0
      vertex -3.8 -48.1525 0
    endloop
  endfacet
  facet normal 0 0 -1
    outer loop
      vertex 7 -46.305 0
      vertex -7 -46.305 0
      vertex 0 -26.5 0
    endloop
  endfacet
  facet normal -0 0 -1
    outer loop
      vertex 0 -26.5 0
      vertex -7 -46.305 0
      vertex -0.245043 -26.488 0
    endloop
  endfacet
  facet normal -0 0 -1
    outer loop
      vertex -0.245043 -26.488 0
      vertex -7 -46.305 0
      vertex -0.487725 -26.452 0
    endloop
  endfacet
  facet normal -0 0 -1
    outer loop
      vertex -0.487725 -26.452 0
      vertex -7 -46.305 0
      vertex -0.725711 -26.3923 0
    endloop
  endfacet
  facet normal -0 0 -1
    outer loop
      vertex -0.725711 -26.3923 0
      vertex -7 -46.305 0
      vertex -0.956708 -26.3097 0
    endloop
  endfacet
  facet normal -0 0 -1
    outer loop
      vertex -0.956708 -26.3097 0
      vertex -7 -46.305 0
      vertex -1.17849 -26.2048 0
    endloop
  endfacet
  facet normal 0 0 -1
    outer loop
      vertex -16 -32 0
      vertex -1.17849 -26.2048 0
      vertex -7 -46.305 0
    endloop
  endfacet
  facet normal -0 0 -1
    outer loop
      vertex -1.17849 -26.2048 0
      vertex -16 -32 0
      vertex -1.38893 -26.0787 0
    endloop
  endfacet
  facet normal -0 0 -1
    outer loop
      vertex -1.38893 -26.0787 0
      vertex -16 -32 0
      vertex -1.58598 -25.9325 0
    endloop
  endfacet
  facet normal -0 0 -1
    outer loop
      vertex -1.58598 -25.9325 0
      vertex -16 -32 0
      vertex -1.76777 -25.7678 0
    endloop
  endfacet
  facet normal -0 0 -1
    outer loop
      vertex -1.76777 -25.7678 0
      vertex -16 -32 0
      vertex -1.93253 -25.586 0
    endloop
  endfacet
  facet normal 0 0 -1
    outer loop
      vertex -16.0433 -31.1178 0
      vertex -1.93253 -25.586 0
      vertex -16 -32 0
    endloop
  endfacet
  facet normal 0 0 -1
    outer loop
      vertex -16.6851 -28.5558 0
      vertex -2.39235 -24.7257 0
      vertex -16.3875 -29.3874 0
    endloop
  endfacet
  facet normal 0 0 -1
    outer loop
      vertex -1.93253 -14.414 0
      vertex -3.10853 -3.78775 0
      vertex -2.72229 -4.0742 0
    endloop
  endfacet
  facet normal 0 0 -1
    outer loop
      vertex -2.07867 -14.6111 0
      vertex -3.46482 -3.46482 0
      vertex -3.10853 -3.78775 0
    endloop
  endfacet
  facet normal 0 0 -1
    outer loop
      vertex -2.2048 -14.8215 0
      vertex -3.78775 -3.10853 0
      vertex -3.46482 -3.46482 0
    endloop
  endfacet
  facet normal -0 0 -1
    outer loop
      vertex -2.07867 -25.3889 0
      vertex -16.1729 -30.2442 0
      vertex -2.2048 -25.1785 0
    endloop
  endfacet
  facet normal -0 0 -1
    outer loop
      vertex -2.2048 -25.1785 0
      vertex -16.1729 -30.2442 0
      vertex -2.3097 -24.9567 0
    endloop
  endfacet
  facet normal 0 0 -1
    outer loop
      vertex -16.1729 -30.2442 0
      vertex -2.07867 -25.3889 0
      vertex -16.0433 -31.1178 0
    endloop
  endfacet
  facet normal -0 0 -1
    outer loop
      vertex -1.93253 -25.586 0
      vertex -16.0433 -31.1178 0
      vertex -2.07867 -25.3889 0
    endloop
  endfacet
  facet normal 0 0 -1
    outer loop
      vertex 7 -53.695 0
      vertex -3.8 -51.8475 0
      vertex 3.8 -51.8475 0
    endloop
  endfacet
  facet normal 0 0 -1
    outer loop
      vertex 7 -53.695 0
      vertex -7 -53.695 0
      vertex -3.8 -51.8475 0
    endloop
  endfacet
  facet normal 0 0 -1
    outer loop
      vertex 68 -60 0
      vertex -7 -53.695 0
      vertex 7 -53.695 0
    endloop
  endfacet
  facet normal 0 0 -1
    outer loop
      vertex -22.3874 -40.6125 0
      vertex -10.2 -48.1525 0
      vertex -10.2 -51.8475 0
    endloop
  endfacet
  facet normal 0 0 -1
    outer loop
      vertex -2.5 24 0
      vertex -7 46.305 0
      vertex -3.8 48.1525 0
    endloop
  endfacet
  facet normal 0 0 -1
    outer loop
      vertex -16.1729 33.7558 0
      vertex -2.5 24 0
      vertex -16.0433 32.8822 0
    endloop
  endfacet
  facet normal 0 0 -1
    outer loop
      vertex -7 -46.305 0
      vertex -16.0433 -32.8822 0
      vertex -16 -32 0
    endloop
  endfacet
  facet normal 0 0 -1
    outer loop
      vertex -7 -46.305 0
      vertex -16.1729 -33.7558 0
      vertex -16.0433 -32.8822 0
    endloop
  endfacet
  facet normal 0 0 -1
    outer loop
      vertex -7 -46.305 0
      vertex -16.3875 -34.6126 0
      vertex -16.1729 -33.7558 0
    endloop
  endfacet
  facet normal 0 0 -1
    outer loop
      vertex -7 -46.305 0
      vertex -16.6851 -35.4441 0
      vertex -16.3875 -34.6126 0
    endloop
  endfacet
  facet normal 0 0 -1
    outer loop
      vertex -7 -46.305 0
      vertex -17.0627 -36.2426 0
      vertex -16.6851 -35.4441 0
    endloop
  endfacet
  facet normal 0 0 -1
    outer loop
      vertex -7 -46.305 0
      vertex -17.5168 -37.0001 0
      vertex -17.0627 -36.2426 0
    endloop
  endfacet
  facet normal 0 0 -1
    outer loop
      vertex -10.2 -48.1525 0
      vertex -18.0429 -37.7095 0
      vertex -17.5168 -37.0001 0
    endloop
  endfacet
  facet normal 0 0 -1
    outer loop
      vertex -10.2 -48.1525 0
      vertex -18.636 -38.364 0
      vertex -18.0429 -37.7095 0
    endloop
  endfacet
  facet normal 0 0 -1
    outer loop
      vertex -10.2 -48.1525 0
      vertex -19.2905 -38.9571 0
      vertex -18.636 -38.364 0
    endloop
  endfacet
  facet normal 0 0 -1
    outer loop
      vertex -10.2 -48.1525 0
      vertex -19.9999 -39.4832 0
      vertex -19.2905 -38.9571 0
    endloop
  endfacet
  facet normal 0 0 -1
    outer loop
      vertex -10.2 -48.1525 0
      vertex -20.7574 -39.9373 0
      vertex -19.9999 -39.4832 0
    endloop
  endfacet
  facet normal 0 0 -1
    outer loop
      vertex -10.2 -48.1525 0
      vertex -21.5558 -40.3149 0
      vertex -20.7574 -39.9373 0
    endloop
  endfacet
  facet normal 0 0 -1
    outer loop
      vertex -10.2 -48.1525 0
      vertex -22.3874 -40.6125 0
      vertex -21.5558 -40.3149 0
    endloop
  endfacet
  facet normal 0 0 -1
    outer loop
      vertex -10.2 -51.8475 0
      vertex -23.2442 -40.8271 0
      vertex -22.3874 -40.6125 0
    endloop
  endfacet
  facet normal 0 0 -1
    outer loop
      vertex -10.2 -51.8475 0
      vertex -24.1178 -40.9567 0
      vertex -23.2442 -40.8271 0
    endloop
  endfacet
  facet normal 0 0 -1
    outer loop
      vertex -10.2 -51.8475 0
      vertex -25 -41 0
      vertex -24.1178 -40.9567 0
    endloop
  endfacet
  facet normal 0 0 -1
    outer loop
      vertex -10.2 -51.8475 0
      vertex -25.8822 -40.9567 0
      vertex -25 -41 0
    endloop
  endfacet
  facet normal 0 0 -1
    outer loop
      vertex -10.2 -51.8475 0
      vertex -26.7558 -40.8271 0
      vertex -25.8822 -40.9567 0
    endloop
  endfacet
  facet normal 0 0 -1
    outer loop
      vertex -10.2 -51.8475 0
      vertex -27.6126 -40.6125 0
      vertex -26.7558 -40.8271 0
    endloop
  endfacet
  facet normal 0 0 -1
    outer loop
      vertex -68 -60 0
      vertex -27.6126 -40.6125 0
      vertex -10.2 -51.8475 0
    endloop
  endfacet
  facet normal -0 0 -1
    outer loop
      vertex -27.6126 -40.6125 0
      vertex -68 -60 0
      vertex -28.4441 -40.3149 0
    endloop
  endfacet
  facet normal -0 0 -1
    outer loop
      vertex -28.4441 -40.3149 0
      vertex -68 -60 0
      vertex -29.2426 -39.9373 0
    endloop
  endfacet
  facet normal -0 0 -1
    outer loop
      vertex -33.9567 -32.8822 0
      vertex -72 -56 0
      vertex -34 -32 0
    endloop
  endfacet
  facet normal -0 0 -1
    outer loop
      vertex -33.8271 -33.7558 0
      vertex -72 -56 0
      vertex -33.9567 -32.8822 0
    endloop
  endfacet
  facet normal -0 0 -1
    outer loop
      vertex -33.6125 -34.6126 0
      vertex -72 -56 0
      vertex -33.8271 -33.7558 0
    endloop
  endfacet
  facet normal 0 0 -1
    outer loop
      vertex -72 -56 0
      vertex -33.6125 -34.6126 0
      vertex -68 -60 0
    endloop
  endfacet
  facet normal -0 0 -1
    outer loop
      vertex -33.3149 -35.4441 0
      vertex -68 -60 0
      vertex -33.6125 -34.6126 0
    endloop
  endfacet
  facet normal -0 0 -1
    outer loop
      vertex -32.9373 -36.2426 0
      vertex -68 -60 0
      vertex -33.3149 -35.4441 0
    endloop
  endfacet
  facet normal -0 0 -1
    outer loop
      vertex -32.4832 -37.0001 0
      vertex -68 -60 0
      vertex -32.9373 -36.2426 0
    endloop
  endfacet
  facet normal -0 0 -1
    outer loop
      vertex -31.9571 -37.7095 0
      vertex -68 -60 0
      vertex -32.4832 -37.0001 0
    endloop
  endfacet
  facet normal -0 0 -1
    outer loop
      vertex -31.364 -38.364 0
      vertex -68 -60 0
      vertex -31.9571 -37.7095 0
    endloop
  endfacet
  facet normal -0 0 -1
    outer loop
      vertex -30.7095 -38.9571 0
      vertex -68 -60 0
      vertex -31.364 -38.364 0
    endloop
  endfacet
  facet normal -0 0 -1
    outer loop
      vertex -30.0001 -39.4832 0
      vertex -68 -60 0
      vertex -30.7095 -38.9571 0
    endloop
  endfacet
  facet normal -0 0 -1
    outer loop
      vertex -29.2426 -39.9373 0
      vertex -68 -60 0
      vertex -30.0001 -39.4832 0
    endloop
  endfacet
  facet normal -0 0 -1
    outer loop
      vertex -7 -53.695 0
      vertex -68 -60 0
      vertex -10.2 -51.8475 0
    endloop
  endfacet
  facet normal 0 0 -1
    outer loop
      vertex -68 -60 0
      vertex -7 -53.695 0
      vertex 68 -60 0
    endloop
  endfacet
  facet normal 0 0 -1
    outer loop
      vertex 70 59.4641 0
      vertex 68 60 0
      vertex 69.0353 59.8637 0
    endloop
  endfacet
  facet normal 0 0 -1
    outer loop
      vertex 71.4641 58 0
      vertex 68 60 0
      vertex 70.8284 58.8284 0
    endloop
  endfacet
  facet normal 0 0 -1
    outer loop
      vertex 71.8637 57.0353 0
      vertex 68 60 0
      vertex 71.4641 58 0
    endloop
  endfacet
  facet normal 0 0 -1
    outer loop
      vertex 72 56 0
      vertex 68 60 0
      vertex 71.8637 57.0353 0
    endloop
  endfacet
  facet normal 0 0 -1
    outer loop
      vertex 33.3149 35.4441 0
      vertex 68 60 0
      vertex 33.6125 34.6126 0
    endloop
  endfacet
  facet normal 0 0 -1
    outer loop
      vertex 32.9373 36.2426 0
      vertex 68 60 0
      vertex 33.3149 35.4441 0
    endloop
  endfacet
  facet normal 0 0 -1
    outer loop
      vertex 32.4832 37.0001 0
      vertex 68 60 0
      vertex 32.9373 36.2426 0
    endloop
  endfacet
  facet normal 0 0 -1
    outer loop
      vertex 31.9571 37.7095 0
      vertex 68 60 0
      vertex 32.4832 37.0001 0
    endloop
  endfacet
  facet normal 0 0 -1
    outer loop
      vertex 31.364 38.364 0
      vertex 68 60 0
      vertex 31.9571 37.7095 0
    endloop
  endfacet
  facet normal 0 0 -1
    outer loop
      vertex 30.7095 38.9571 0
      vertex 68 60 0
      vertex 31.364 38.364 0
    endloop
  endfacet
  facet normal 0 0 -1
    outer loop
      vertex 30.0001 39.4832 0
      vertex 68 60 0
      vertex 30.7095 38.9571 0
    endloop
  endfacet
  facet normal 0 0 -1
    outer loop
      vertex 29.2426 39.9373 0
      vertex 68 60 0
      vertex 30.0001 39.4832 0
    endloop
  endfacet
  facet normal 0 0 -1
    outer loop
      vertex 28.4441 40.3149 0
      vertex 68 60 0
      vertex 29.2426 39.9373 0
    endloop
  endfacet
  facet normal 0 0 -1
    outer loop
      vertex 27.6126 40.6125 0
      vertex 68 60 0
      vertex 28.4441 40.3149 0
    endloop
  endfacet
  facet normal 0 0 -1
    outer loop
      vertex 10.2 51.8475 0
      vertex 27.6126 40.6125 0
      vertex 26.7558 40.8271 0
    endloop
  endfacet
  facet normal 0 0 -1
    outer loop
      vertex 10.2 51.8475 0
      vertex 26.7558 40.8271 0
      vertex 25.8822 40.9567 0
    endloop
  endfacet
  facet normal 0 0 -1
    outer loop
      vertex 10.2 51.8475 0
      vertex 25.8822 40.9567 0
      vertex 25 41 0
    endloop
  endfacet
  facet normal 0 0 -1
    outer loop
      vertex 10.2 51.8475 0
      vertex 25 41 0
      vertex 24.1178 40.9567 0
    endloop
  endfacet
  facet normal 0 0 -1
    outer loop
      vertex 10.2 51.8475 0
      vertex 24.1178 40.9567 0
      vertex 23.2442 40.8271 0
    endloop
  endfacet
  facet normal 0 0 -1
    outer loop
      vertex 10.2 51.8475 0
      vertex 23.2442 40.8271 0
      vertex 22.3874 40.6125 0
    endloop
  endfacet
  facet normal 0 0 -1
    outer loop
      vertex 10.2 48.1525 0
      vertex 22.3874 40.6125 0
      vertex 21.5558 40.3149 0
    endloop
  endfacet
  facet normal 0 0 -1
    outer loop
      vertex 16.1729 30.2442 0
      vertex 10.2 48.1525 0
      vertex 16.0433 31.1178 0
    endloop
  endfacet
  facet normal 0 0 -1
    outer loop
      vertex 16.0433 31.1178 0
      vertex 10.2 48.1525 0
      vertex 16 32 0
    endloop
  endfacet
  facet normal 0 0 -1
    outer loop
      vertex 16 32 0
      vertex 10.2 48.1525 0
      vertex 16.0433 32.8822 0
    endloop
  endfacet
  facet normal 0 0 -1
    outer loop
      vertex 10.2 48.1525 0
      vertex 16.1729 33.7558 0
      vertex 16.0433 32.8822 0
    endloop
  endfacet
  facet normal 0 0 -1
    outer loop
      vertex 10.2 48.1525 0
      vertex 16.3875 34.6126 0
      vertex 16.1729 33.7558 0
    endloop
  endfacet
  facet normal 0 0 -1
    outer loop
      vertex 10.2 48.1525 0
      vertex 16.6851 35.4441 0
      vertex 16.3875 34.6126 0
    endloop
  endfacet
  facet normal 0 0 -1
    outer loop
      vertex 10.2 48.1525 0
      vertex 17.0627 36.2426 0
      vertex 16.6851 35.4441 0
    endloop
  endfacet
  facet normal 0 0 -1
    outer loop
      vertex 10.2 48.1525 0
      vertex 17.5168 37.0001 0
      vertex 17.0627 36.2426 0
    endloop
  endfacet
  facet normal 0 0 -1
    outer loop
      vertex 10.2 48.1525 0
      vertex 18.0429 37.7095 0
      vertex 17.5168 37.0001 0
    endloop
  endfacet
  facet normal 0 0 -1
    outer loop
      vertex 10.2 48.1525 0
      vertex 18.636 38.364 0
      vertex 18.0429 37.7095 0
    endloop
  endfacet
  facet normal 0 0 -1
    outer loop
      vertex 10.2 48.1525 0
      vertex 19.2905 38.9571 0
      vertex 18.636 38.364 0
    endloop
  endfacet
  facet normal 0 0 -1
    outer loop
      vertex 10.2 48.1525 0
      vertex 19.9999 39.4832 0
      vertex 19.2905 38.9571 0
    endloop
  endfacet
  facet normal 0 0 -1
    outer loop
      vertex 10.2 48.1525 0
      vertex 20.7574 39.9373 0
      vertex 19.9999 39.4832 0
    endloop
  endfacet
  facet normal 0 0 -1
    outer loop
      vertex 10.2 48.1525 0
      vertex 21.5558 40.3149 0
      vertex 20.7574 39.9373 0
    endloop
  endfacet
  facet normal 0 0 -1
    outer loop
      vertex 22.3874 40.6125 0
      vertex 10.2 48.1525 0
      vertex 10.2 51.8475 0
    endloop
  endfacet
  facet normal 0 0 -1
    outer loop
      vertex 27.6126 40.6125 0
      vertex 10.2 51.8475 0
      vertex 68 60 0
    endloop
  endfacet
  facet normal 0 0 -1
    outer loop
      vertex 7 53.695 0
      vertex 68 60 0
      vertex 10.2 51.8475 0
    endloop
  endfacet
  facet normal 0 0 -1
    outer loop
      vertex 2.48796 15.755 0
      vertex 3.78775 3.10853 0
      vertex 3.46482 3.46482 0
    endloop
  endfacet
  facet normal 0 0 -1
    outer loop
      vertex 2.48796 15.755 0
      vertex 3.46482 3.46482 0
      vertex 3.10853 3.78775 0
    endloop
  endfacet
  facet normal 0 0 -1
    outer loop
      vertex 1.93253 14.414 0
      vertex 3.10853 3.78775 0
      vertex 2.72229 4.0742 0
    endloop
  endfacet
  facet normal 0 0 -1
    outer loop
      vertex 2.45196 24.4877 0
      vertex 16.6851 28.5558 0
      vertex 2.48796 24.245 0
    endloop
  endfacet
  facet normal -0 0 -1
    outer loop
      vertex 16.3875 29.3874 0
      vertex 2.3097 24.9567 0
      vertex 16.1729 30.2442 0
    endloop
  endfacet
  facet normal 0 0 -1
    outer loop
      vertex 2.2048 25.1785 0
      vertex 16.1729 30.2442 0
      vertex 2.3097 24.9567 0
    endloop
  endfacet
  facet normal 0 0 -1
    outer loop
      vertex 2.07867 25.3889 0
      vertex 16.1729 30.2442 0
      vertex 2.2048 25.1785 0
    endloop
  endfacet
  facet normal 0 0 -1
    outer loop
      vertex 16.1729 30.2442 0
      vertex 7 46.305 0
      vertex 10.2 48.1525 0
    endloop
  endfacet
  facet normal 0 0 -1
    outer loop
      vertex 1.93253 25.586 0
      vertex 16.1729 30.2442 0
      vertex 2.07867 25.3889 0
    endloop
  endfacet
  facet normal 0 0 -1
    outer loop
      vertex 1.76777 25.7678 0
      vertex 16.1729 30.2442 0
      vertex 1.93253 25.586 0
    endloop
  endfacet
  facet normal 0 0 -1
    outer loop
      vertex 1.58598 25.9325 0
      vertex 16.1729 30.2442 0
      vertex 1.76777 25.7678 0
    endloop
  endfacet
  facet normal 0 0 -1
    outer loop
      vertex 1.38893 26.0787 0
      vertex 16.1729 30.2442 0
      vertex 1.58598 25.9325 0
    endloop
  endfacet
  facet normal 0 0 -1
    outer loop
      vertex 1.17849 26.2048 0
      vertex 16.1729 30.2442 0
      vertex 1.38893 26.0787 0
    endloop
  endfacet
  facet normal -0 0 -1
    outer loop
      vertex 16.1729 30.2442 0
      vertex 1.17849 26.2048 0
      vertex 7 46.305 0
    endloop
  endfacet
  facet normal 0 0 -1
    outer loop
      vertex 0.956708 26.3097 0
      vertex 7 46.305 0
      vertex 1.17849 26.2048 0
    endloop
  endfacet
  facet normal 0 0 -1
    outer loop
      vertex 0.725711 26.3923 0
      vertex 7 46.305 0
      vertex 0.956708 26.3097 0
    endloop
  endfacet
  facet normal 0 0 -1
    outer loop
      vertex 0.487725 26.452 0
      vertex 7 46.305 0
      vertex 0.725711 26.3923 0
    endloop
  endfacet
  facet normal 0 0 -1
    outer loop
      vertex 0.245043 26.488 0
      vertex 7 46.305 0
      vertex 0.487725 26.452 0
    endloop
  endfacet
  facet normal 0 0 -1
    outer loop
      vertex 0 26.5 0
      vertex 7 46.305 0
      vertex 0.245043 26.488 0
    endloop
  endfacet
  facet normal 0 0 -1
    outer loop
      vertex -3.8 48.1525 0
      vertex 7 46.305 0
      vertex 0 26.5 0
    endloop
  endfacet
  facet normal 0 0 -1
    outer loop
      vertex 7 46.305 0
      vertex -3.8 48.1525 0
      vertex 3.8 48.1525 0
    endloop
  endfacet
  facet normal 0 0 -1
    outer loop
      vertex -3.8 48.1525 0
      vertex 0 26.5 0
      vertex -0.245043 26.488 0
    endloop
  endfacet
  facet normal 0 0 -1
    outer loop
      vertex -3.8 48.1525 0
      vertex -0.245043 26.488 0
      vertex -0.487725 26.452 0
    endloop
  endfacet
  facet normal 0 0 -1
    outer loop
      vertex -3.8 48.1525 0
      vertex -0.487725 26.452 0
      vertex -0.725711 26.3923 0
    endloop
  endfacet
  facet normal 0 0 -1
    outer loop
      vertex -3.8 48.1525 0
      vertex -0.725711 26.3923 0
      vertex -0.956708 26.3097 0
    endloop
  endfacet
  facet normal 0 0 -1
    outer loop
      vertex -3.8 48.1525 0
      vertex -0.956708 26.3097 0
      vertex -1.17849 26.2048 0
    endloop
  endfacet
  facet normal 0 0 -1
    outer loop
      vertex -3.8 48.1525 0
      vertex -1.17849 26.2048 0
      vertex -1.38893 26.0787 0
    endloop
  endfacet
  facet normal 0 0 -1
    outer loop
      vertex -3.8 48.1525 0
      vertex -1.38893 26.0787 0
      vertex -1.58598 25.9325 0
    endloop
  endfacet
  facet normal 0 0 -1
    outer loop
      vertex -3.8 48.1525 0
      vertex -1.58598 25.9325 0
      vertex -1.76777 25.7678 0
    endloop
  endfacet
  facet normal 0 0 -1
    outer loop
      vertex -3.8 48.1525 0
      vertex -1.76777 25.7678 0
      vertex -1.93253 25.586 0
    endloop
  endfacet
  facet normal 0 0 -1
    outer loop
      vertex -3.8 48.1525 0
      vertex -1.93253 25.586 0
      vertex -2.07867 25.3889 0
    endloop
  endfacet
  facet normal 0 0 -1
    outer loop
      vertex -3.8 48.1525 0
      vertex -2.07867 25.3889 0
      vertex -2.2048 25.1785 0
    endloop
  endfacet
  facet normal 0 0 -1
    outer loop
      vertex -3.8 48.1525 0
      vertex -2.2048 25.1785 0
      vertex -2.3097 24.9567 0
    endloop
  endfacet
  facet normal 0 0 -1
    outer loop
      vertex -3.8 48.1525 0
      vertex -2.3097 24.9567 0
      vertex -2.39235 24.7257 0
    endloop
  endfacet
  facet normal 0 0 -1
    outer loop
      vertex -3.8 48.1525 0
      vertex -2.39235 24.7257 0
      vertex -2.45196 24.4877 0
    endloop
  endfacet
  facet normal -0 0 -1
    outer loop
      vertex -2.39235 15.2743 0
      vertex -4.0742 2.72229 0
      vertex -2.45196 15.5123 0
    endloop
  endfacet
  facet normal 0 0 -1
    outer loop
      vertex -16 32 0
      vertex -2.45196 15.5123 0
      vertex -4.0742 2.72229 0
    endloop
  endfacet
  facet normal 0 0 -1
    outer loop
      vertex -2.45196 15.5123 0
      vertex -16 32 0
      vertex -2.48796 15.755 0
    endloop
  endfacet
  facet normal 0 0 -1
    outer loop
      vertex -2.48796 15.755 0
      vertex -16 32 0
      vertex -2.5 16 0
    endloop
  endfacet
  facet normal 0 0 -1
    outer loop
      vertex -2.5 24 0
      vertex -3.8 48.1525 0
      vertex -2.48796 24.245 0
    endloop
  endfacet
  facet normal 0 0 -1
    outer loop
      vertex -3.8 48.1525 0
      vertex -2.45196 24.4877 0
      vertex -2.48796 24.245 0
    endloop
  endfacet
  facet normal 0 0 -1
    outer loop
      vertex 3.8 48.1525 0
      vertex -3.8 48.1525 0
      vertex 3.8 51.8475 0
    endloop
  endfacet
  facet normal 0 0 -1
    outer loop
      vertex -3.8 51.8475 0
      vertex 3.8 51.8475 0
      vertex -3.8 48.1525 0
    endloop
  endfacet
  facet normal 0 0 -1
    outer loop
      vertex 3.8 51.8475 0
      vertex -3.8 51.8475 0
      vertex 7 53.695 0
    endloop
  endfacet
  facet normal 0 0 -1
    outer loop
      vertex -7 53.695 0
      vertex 7 53.695 0
      vertex -3.8 51.8475 0
    endloop
  endfacet
  facet normal 0 0 -1
    outer loop
      vertex -7 53.695 0
      vertex 68 60 0
      vertex 7 53.695 0
    endloop
  endfacet
  facet normal 0 0 -1
    outer loop
      vertex -2.5 24 0
      vertex -16.1729 33.7558 0
      vertex -7 46.305 0
    endloop
  endfacet
  facet normal 0 0 -1
    outer loop
      vertex -16.3875 34.6126 0
      vertex -7 46.305 0
      vertex -16.1729 33.7558 0
    endloop
  endfacet
  facet normal 0 0 -1
    outer loop
      vertex -16.6851 35.4441 0
      vertex -7 46.305 0
      vertex -16.3875 34.6126 0
    endloop
  endfacet
  facet normal 0 0 -1
    outer loop
      vertex -17.0627 36.2426 0
      vertex -7 46.305 0
      vertex -16.6851 35.4441 0
    endloop
  endfacet
  facet normal 0 0 -1
    outer loop
      vertex -17.5168 37.0001 0
      vertex -7 46.305 0
      vertex -17.0627 36.2426 0
    endloop
  endfacet
  facet normal -0 0 -1
    outer loop
      vertex -7 46.305 0
      vertex -17.5168 37.0001 0
      vertex -10.2 48.1525 0
    endloop
  endfacet
  facet normal 0 0 -1
    outer loop
      vertex -18.0429 37.7095 0
      vertex -10.2 48.1525 0
      vertex -17.5168 37.0001 0
    endloop
  endfacet
  facet normal 0 0 -1
    outer loop
      vertex -18.636 38.364 0
      vertex -10.2 48.1525 0
      vertex -18.0429 37.7095 0
    endloop
  endfacet
  facet normal 0 0 -1
    outer loop
      vertex -19.2905 38.9571 0
      vertex -10.2 48.1525 0
      vertex -18.636 38.364 0
    endloop
  endfacet
  facet normal 0 0 -1
    outer loop
      vertex -19.9999 39.4832 0
      vertex -10.2 48.1525 0
      vertex -19.2905 38.9571 0
    endloop
  endfacet
  facet normal 0 0 -1
    outer loop
      vertex -20.7574 39.9373 0
      vertex -10.2 48.1525 0
      vertex -19.9999 39.4832 0
    endloop
  endfacet
  facet normal 0 0 -1
    outer loop
      vertex -21.5558 40.3149 0
      vertex -10.2 48.1525 0
      vertex -20.7574 39.9373 0
    endloop
  endfacet
  facet normal 0 0 -1
    outer loop
      vertex -22.3874 40.6125 0
      vertex -10.2 48.1525 0
      vertex -21.5558 40.3149 0
    endloop
  endfacet
  facet normal -0 0 -1
    outer loop
      vertex -10.2 48.1525 0
      vertex -22.3874 40.6125 0
      vertex -10.2 51.8475 0
    endloop
  endfacet
  facet normal 0 0 -1
    outer loop
      vertex -23.2442 40.8271 0
      vertex -10.2 51.8475 0
      vertex -22.3874 40.6125 0
    endloop
  endfacet
  facet normal 0 0 -1
    outer loop
      vertex -24.1178 40.9567 0
      vertex -10.2 51.8475 0
      vertex -23.2442 40.8271 0
    endloop
  endfacet
  facet normal 0 0 -1
    outer loop
      vertex -25 41 0
      vertex -10.2 51.8475 0
      vertex -24.1178 40.9567 0
    endloop
  endfacet
  facet normal 0 0 -1
    outer loop
      vertex -25.8822 40.9567 0
      vertex -10.2 51.8475 0
      vertex -25 41 0
    endloop
  endfacet
  facet normal 0 0 -1
    outer loop
      vertex -26.7558 40.8271 0
      vertex -10.2 51.8475 0
      vertex -25.8822 40.9567 0
    endloop
  endfacet
  facet normal 0 0 -1
    outer loop
      vertex -27.6126 40.6125 0
      vertex -10.2 51.8475 0
      vertex -26.7558 40.8271 0
    endloop
  endfacet
  facet normal 0 0 -1
    outer loop
      vertex -68 60 0
      vertex -27.6126 40.6125 0
      vertex -28.4441 40.3149 0
    endloop
  endfacet
  facet normal 0 0 -1
    outer loop
      vertex -68 60 0
      vertex -28.4441 40.3149 0
      vertex -29.2426 39.9373 0
    endloop
  endfacet
  facet normal 0 0 -1
    outer loop
      vertex -68 60 0
      vertex -29.2426 39.9373 0
      vertex -30.0001 39.4832 0
    endloop
  endfacet
  facet normal 0 0 -1
    outer loop
      vertex -33.8271 30.2442 0
      vertex -72 56 0
      vertex -33.9567 31.1178 0
    endloop
  endfacet
  facet normal 0 0 -1
    outer loop
      vertex -33.9567 31.1178 0
      vertex -72 56 0
      vertex -34 32 0
    endloop
  endfacet
  facet normal 0 0 -1
    outer loop
      vertex -34 32 0
      vertex -72 56 0
      vertex -33.9567 32.8822 0
    endloop
  endfacet
  facet normal 0 0 -1
    outer loop
      vertex -33.9567 32.8822 0
      vertex -72 56 0
      vertex -33.8271 33.7558 0
    endloop
  endfacet
  facet normal 0 0 -1
    outer loop
      vertex -7 53.695 0
      vertex -68 60 0
      vertex 68 60 0
    endloop
  endfacet
  facet normal 0 0 -1
    outer loop
      vertex -10.2 51.8475 0
      vertex -68 60 0
      vertex -7 53.695 0
    endloop
  endfacet
  facet normal 0 0 -1
    outer loop
      vertex -27.6126 40.6125 0
      vertex -68 60 0
      vertex -10.2 51.8475 0
    endloop
  endfacet
  facet normal 0 0 -1
    outer loop
      vertex -30.7095 38.9571 0
      vertex -68 60 0
      vertex -30.0001 39.4832 0
    endloop
  endfacet
  facet normal 0 0 -1
    outer loop
      vertex -31.364 38.364 0
      vertex -68 60 0
      vertex -30.7095 38.9571 0
    endloop
  endfacet
  facet normal 0 0 -1
    outer loop
      vertex -31.9571 37.7095 0
      vertex -68 60 0
      vertex -31.364 38.364 0
    endloop
  endfacet
  facet normal 0 0 -1
    outer loop
      vertex -32.4832 37.0001 0
      vertex -68 60 0
      vertex -31.9571 37.7095 0
    endloop
  endfacet
  facet normal 0 0 -1
    outer loop
      vertex -32.9373 36.2426 0
      vertex -68 60 0
      vertex -32.4832 37.0001 0
    endloop
  endfacet
  facet normal 0 0 -1
    outer loop
      vertex -33.3149 35.4441 0
      vertex -68 60 0
      vertex -32.9373 36.2426 0
    endloop
  endfacet
  facet normal 0 0 -1
    outer loop
      vertex -33.8271 33.7558 0
      vertex -72 56 0
      vertex -33.6125 34.6126 0
    endloop
  endfacet
  facet normal 0 0 -1
    outer loop
      vertex -72 -56 0
      vertex -68 -60 0
      vertex -69.0353 -59.8637 0
    endloop
  endfacet
  facet normal 0 0 -1
    outer loop
      vertex -33.6125 34.6126 0
      vertex -72 56 0
      vertex -33.3149 35.4441 0
    endloop
  endfacet
  facet normal 0 0 -1
    outer loop
      vertex -72 -56 0
      vertex -69.0353 -59.8637 0
      vertex -70 -59.4641 0
    endloop
  endfacet
  facet normal 0 0 -1
    outer loop
      vertex -33.3149 35.4441 0
      vertex -72 56 0
      vertex -68 60 0
    endloop
  endfacet
  facet normal 0 0 -1
    outer loop
      vertex -72 -56 0
      vertex -70 -59.4641 0
      vertex -70.8284 -58.8284 0
    endloop
  endfacet
  facet normal 0 0 -1
    outer loop
      vertex -68 60 0
      vertex -72 56 0
      vertex -69.0353 59.8637 0
    endloop
  endfacet
  facet normal 0 0 -1
    outer loop
      vertex -72 -56 0
      vertex -70.8284 -58.8284 0
      vertex -71.4641 -58 0
    endloop
  endfacet
  facet normal 0 0 -1
    outer loop
      vertex -69.0353 59.8637 0
      vertex -72 56 0
      vertex -70 59.4641 0
    endloop
  endfacet
  facet normal 0 0 -1
    outer loop
      vertex -72 -56 0
      vertex -71.4641 -58 0
      vertex -71.8637 -57.0353 0
    endloop
  endfacet
  facet normal 0 0 -1
    outer loop
      vertex -70 59.4641 0
      vertex -72 56 0
      vertex -70.8284 58.8284 0
    endloop
  endfacet
  facet normal 0 0 -1
    outer loop
      vertex -70.8284 58.8284 0
      vertex -72 56 0
      vertex -71.4641 58 0
    endloop
  endfacet
  facet normal 0 0 -1
    outer loop
      vertex -71.4641 58 0
      vertex -72 56 0
      vertex -71.8637 57.0353 0
    endloop
  endfacet
  facet normal 0 0 -1
    outer loop
      vertex 31.0488 1.26285 0
      vertex 32.9373 27.7574 0
      vertex 31.1579 0.957939 0
    endloop
  endfacet
  facet normal 0 0 -1
    outer loop
      vertex 32.9373 27.7574 0
      vertex 31.0488 1.26285 0
      vertex 32.4832 26.9999 0
    endloop
  endfacet
  facet normal 0 0 -1
    outer loop
      vertex 30.9103 1.55561 0
      vertex 32.4832 26.9999 0
      vertex 31.0488 1.26285 0
    endloop
  endfacet
  facet normal 0 0 -1
    outer loop
      vertex 32.4832 26.9999 0
      vertex 30.9103 1.55561 0
      vertex 31.9571 26.2905 0
    endloop
  endfacet
  facet normal 0 0 -1
    outer loop
      vertex 30.7438 1.83338 0
      vertex 31.9571 26.2905 0
      vertex 30.9103 1.55561 0
    endloop
  endfacet
  facet normal 0 0 -1
    outer loop
      vertex 30.5509 2.0935 0
      vertex 31.9571 26.2905 0
      vertex 30.7438 1.83338 0
    endloop
  endfacet
  facet normal 0 0 -1
    outer loop
      vertex 31.9571 26.2905 0
      vertex 30.5509 2.0935 0
      vertex 31.364 25.636 0
    endloop
  endfacet
  facet normal 0 0 -1
    outer loop
      vertex 30.3335 2.33345 0
      vertex 31.364 25.636 0
      vertex 30.5509 2.0935 0
    endloop
  endfacet
  facet normal 0 0 -1
    outer loop
      vertex 31.364 25.636 0
      vertex 30.3335 2.33345 0
      vertex 30.7095 25.0429 0
    endloop
  endfacet
  facet normal 0 0 -1
    outer loop
      vertex 30.0935 2.55093 0
      vertex 30.7095 25.0429 0
      vertex 30.3335 2.33345 0
    endloop
  endfacet
  facet normal 0 0 -1
    outer loop
      vertex 30.0935 2.55093 0
      vertex 30.0001 24.5168 0
      vertex 30.7095 25.0429 0
    endloop
  endfacet
  facet normal 0 0 -1
    outer loop
      vertex 29.8334 2.74385 0
      vertex 30.0001 24.5168 0
      vertex 30.0935 2.55093 0
    endloop
  endfacet
  facet normal 0 0 -1
    outer loop
      vertex 29.5556 2.91034 0
      vertex 30.0001 24.5168 0
      vertex 29.8334 2.74385 0
    endloop
  endfacet
  facet normal 0 0 -1
    outer loop
      vertex 29.2426 24.0627 0
      vertex 29.5556 2.91034 0
      vertex 29.2629 3.0488 0
    endloop
  endfacet
  facet normal 0 0 -1
    outer loop
      vertex 29.5556 2.91034 0
      vertex 29.2426 24.0627 0
      vertex 30.0001 24.5168 0
    endloop
  endfacet
  facet normal 0 0 -1
    outer loop
      vertex 28.4441 23.6851 0
      vertex 29.2629 3.0488 0
      vertex 28.9579 3.1579 0
    endloop
  endfacet
  facet normal 0 0 -1
    outer loop
      vertex 27.6126 23.3875 0
      vertex 28.9579 3.1579 0
      vertex 28.6438 3.23659 0
    endloop
  endfacet
  facet normal 0 0 -1
    outer loop
      vertex 29.2629 3.0488 0
      vertex 28.4441 23.6851 0
      vertex 29.2426 24.0627 0
    endloop
  endfacet
  facet normal 0 0 -1
    outer loop
      vertex 27.6126 23.3875 0
      vertex 28.6438 3.23659 0
      vertex 28.3235 3.28411 0
    endloop
  endfacet
  facet normal 0 0 -1
    outer loop
      vertex 26.7558 23.1729 0
      vertex 28.3235 3.28411 0
      vertex 28 3.3 0
    endloop
  endfacet
  facet normal 0 0 -1
    outer loop
      vertex 25.8822 23.0433 0
      vertex 28 3.3 0
      vertex 27.6765 3.28411 0
    endloop
  endfacet
  facet normal 0 0 -1
    outer loop
      vertex 28.9579 3.1579 0
      vertex 27.6126 23.3875 0
      vertex 28.4441 23.6851 0
    endloop
  endfacet
  facet normal 0 0 -1
    outer loop
      vertex 25.8822 23.0433 0
      vertex 27.6765 3.28411 0
      vertex 27.3562 3.23659 0
    endloop
  endfacet
  facet normal 0 0 -1
    outer loop
      vertex 25 23 0
      vertex 27.3562 3.23659 0
      vertex 27.0421 3.1579 0
    endloop
  endfacet
  facet normal 0 0 -1
    outer loop
      vertex 28.3235 3.28411 0
      vertex 26.7558 23.1729 0
      vertex 27.6126 23.3875 0
    endloop
  endfacet
  facet normal 0 0 -1
    outer loop
      vertex 24.1178 23.0433 0
      vertex 27.0421 3.1579 0
      vertex 26.7371 3.0488 0
    endloop
  endfacet
  facet normal 0 0 -1
    outer loop
      vertex 24.1178 23.0433 0
      vertex 26.7371 3.0488 0
      vertex 26.4444 2.91034 0
    endloop
  endfacet
  facet normal 0 0 -1
    outer loop
      vertex 23.2442 23.1729 0
      vertex 26.4444 2.91034 0
      vertex 26.1666 2.74385 0
    endloop
  endfacet
  facet normal 0 0 -1
    outer loop
      vertex 22.3874 23.3875 0
      vertex 26.1666 2.74385 0
      vertex 25.9065 2.55093 0
    endloop
  endfacet
  facet normal 0 0 -1
    outer loop
      vertex 28 3.3 0
      vertex 25.8822 23.0433 0
      vertex 26.7558 23.1729 0
    endloop
  endfacet
  facet normal 0 0 -1
    outer loop
      vertex 21.5558 23.6851 0
      vertex 25.9065 2.55093 0
      vertex 25.6665 2.33345 0
    endloop
  endfacet
  facet normal 0 0 -1
    outer loop
      vertex 21.5558 23.6851 0
      vertex 25.6665 2.33345 0
      vertex 25.4491 2.0935 0
    endloop
  endfacet
  facet normal 0 0 -1
    outer loop
      vertex 24.7634 0.643798 0
      vertex 4.80585 0.955942 0
      vertex 24.8421 0.957939 0
    endloop
  endfacet
  facet normal 0 0 -1
    outer loop
      vertex 4.80585 0.955942 0
      vertex 24.7634 0.643798 0
      vertex 4.8764 0.480284 0
    endloop
  endfacet
  facet normal 0 0 -1
    outer loop
      vertex 27.3562 3.23659 0
      vertex 25 23 0
      vertex 25.8822 23.0433 0
    endloop
  endfacet
  facet normal 0 0 -1
    outer loop
      vertex 24.7159 0.323456 0
      vertex 4.8764 0.480284 0
      vertex 24.7634 0.643798 0
    endloop
  endfacet
  facet normal 0 0 -1
    outer loop
      vertex 4.8764 0.480284 0
      vertex 24.7159 0.323456 0
      vertex 4.9 0 0
    endloop
  endfacet
  facet normal 0 0 -1
    outer loop
      vertex 24.7 0 0
      vertex 4.9 0 0
      vertex 24.7159 0.323456 0
    endloop
  endfacet
  facet normal 0 -0 -1
    outer loop
      vertex 4.9 0 0
      vertex 24.7 0 0
      vertex 4.8764 -0.480284 0
    endloop
  endfacet
  facet normal -0 0 -1
    outer loop
      vertex 24.7159 -0.323456 0
      vertex 4.8764 -0.480284 0
      vertex 24.7 0 0
    endloop
  endfacet
  facet normal 0 0 -1
    outer loop
      vertex 4.80585 -0.955942 0
      vertex 19.9999 -24.5168 0
      vertex 19.2905 -25.0429 0
    endloop
  endfacet
  facet normal 0 0 -1
    outer loop
      vertex 27.0421 3.1579 0
      vertex 24.1178 23.0433 0
      vertex 25 23 0
    endloop
  endfacet
  facet normal 0 0 -1
    outer loop
      vertex 25.2561 -1.83338 0
      vertex 4.80585 -0.955942 0
      vertex 25.0897 -1.55561 0
    endloop
  endfacet
  facet normal 0 0 -1
    outer loop
      vertex 26.4444 2.91034 0
      vertex 23.2442 23.1729 0
      vertex 24.1178 23.0433 0
    endloop
  endfacet
  facet normal 0 0 -1
    outer loop
      vertex 4.80585 -0.955942 0
      vertex 19.2905 -25.0429 0
      vertex 18.636 -25.636 0
    endloop
  endfacet
  facet normal 0 0 -1
    outer loop
      vertex 26.1666 2.74385 0
      vertex 22.3874 23.3875 0
      vertex 23.2442 23.1729 0
    endloop
  endfacet
  facet normal 0 0 -1
    outer loop
      vertex 25.0897 -1.55561 0
      vertex 4.80585 -0.955942 0
      vertex 24.9512 -1.26285 0
    endloop
  endfacet
  facet normal 0 0 -1
    outer loop
      vertex 25.9065 2.55093 0
      vertex 21.5558 23.6851 0
      vertex 22.3874 23.3875 0
    endloop
  endfacet
  facet normal 0 0 -1
    outer loop
      vertex 24.9512 -1.26285 0
      vertex 4.80585 -0.955942 0
      vertex 24.8421 -0.957939 0
    endloop
  endfacet
  facet normal 0 0 -1
    outer loop
      vertex 2.48796 15.755 0
      vertex 21.5558 23.6851 0
      vertex 25.4491 2.0935 0
    endloop
  endfacet
  facet normal 0 0 -1
    outer loop
      vertex 4.80585 -0.955942 0
      vertex 18.636 -25.636 0
      vertex 18.0429 -26.2905 0
    endloop
  endfacet
  facet normal 0 0 -1
    outer loop
      vertex 4.68901 1.42239 0
      vertex 24.8421 0.957939 0
      vertex 4.80585 0.955942 0
    endloop
  endfacet
  facet normal 0 0 -1
    outer loop
      vertex 24.8421 -0.957939 0
      vertex 4.80585 -0.955942 0
      vertex 24.7634 -0.643798 0
    endloop
  endfacet
  facet normal 0 0 -1
    outer loop
      vertex 24.8421 0.957939 0
      vertex 4.68901 1.42239 0
      vertex 24.9512 1.26285 0
    endloop
  endfacet
  facet normal 0 0 -1
    outer loop
      vertex 4.80585 -0.955942 0
      vertex 18.0429 -26.2905 0
      vertex 17.5168 -26.9999 0
    endloop
  endfacet
  facet normal 0 0 -1
    outer loop
      vertex 4.52701 1.87515 0
      vertex 24.9512 1.26285 0
      vertex 4.68901 1.42239 0
    endloop
  endfacet
  facet normal 0 -0 -1
    outer loop
      vertex 4.8764 -0.480284 0
      vertex 24.7634 -0.643798 0
      vertex 4.80585 -0.955942 0
    endloop
  endfacet
  facet normal 0 0 -1
    outer loop
      vertex 24.9512 1.26285 0
      vertex 4.52701 1.87515 0
      vertex 25.0897 1.55561 0
    endloop
  endfacet
  facet normal 0 0 -1
    outer loop
      vertex 4.80585 -0.955942 0
      vertex 17.5168 -26.9999 0
      vertex 17.0627 -27.7574 0
    endloop
  endfacet
  facet normal 0 0 -1
    outer loop
      vertex 4.32141 2.30984 0
      vertex 25.0897 1.55561 0
      vertex 4.52701 1.87515 0
    endloop
  endfacet
  facet normal 0 0 -1
    outer loop
      vertex 24.7634 -0.643798 0
      vertex 4.8764 -0.480284 0
      vertex 24.7159 -0.323456 0
    endloop
  endfacet
  facet normal 0 0 -1
    outer loop
      vertex 25.0897 1.55561 0
      vertex 4.32141 2.30984 0
      vertex 25.2561 1.83338 0
    endloop
  endfacet
  facet normal 0 0 -1
    outer loop
      vertex 4.80585 -0.955942 0
      vertex 17.0627 -27.7574 0
      vertex 16.6851 -28.5558 0
    endloop
  endfacet
  facet normal 0 0 -1
    outer loop
      vertex 4.0742 2.72229 0
      vertex 25.2561 1.83338 0
      vertex 4.32141 2.30984 0
    endloop
  endfacet
  facet normal 0 0 -1
    outer loop
      vertex 16.1729 -30.2442 0
      vertex 4.80585 -0.955942 0
      vertex 16.3875 -29.3874 0
    endloop
  endfacet
  facet normal 0 0 -1
    outer loop
      vertex 16.3875 -29.3874 0
      vertex 4.80585 -0.955942 0
      vertex 16.6851 -28.5558 0
    endloop
  endfacet
  facet normal 0 0 -1
    outer loop
      vertex 4.80585 -0.955942 0
      vertex 16.1729 -30.2442 0
      vertex 7 -46.305 0
    endloop
  endfacet
  facet normal 0 0 -1
    outer loop
      vertex 25.2561 1.83338 0
      vertex 4.0742 2.72229 0
      vertex 25.4491 2.0935 0
    endloop
  endfacet
  facet normal -0 0 -1
    outer loop
      vertex 16.0433 -32.8822 0
      vertex 7 -46.305 0
      vertex 16 -32 0
    endloop
  endfacet
  facet normal -0 0 -1
    outer loop
      vertex 16 -32 0
      vertex 7 -46.305 0
      vertex 16.0433 -31.1178 0
    endloop
  endfacet
  facet normal -0 0 -1
    outer loop
      vertex 16.1729 -33.7558 0
      vertex 7 -46.305 0
      vertex 16.0433 -32.8822 0
    endloop
  endfacet
  facet normal -0 0 -1
    outer loop
      vertex 16.0433 -31.1178 0
      vertex 7 -46.305 0
      vertex 16.1729 -30.2442 0
    endloop
  endfacet
  facet normal -0.991445 -0.130526 0
    outer loop
      vertex -71.8637 -57.0353 0
      vertex -72 -56 8
      vertex -72 -56 0
    endloop
  endfacet
  facet normal -0.991445 -0.130526 0
    outer loop
      vertex -72 -56 8
      vertex -71.8637 -57.0353 0
      vertex -71.8637 -57.0353 8
    endloop
  endfacet
  facet normal -0.130526 -0.991445 0
    outer loop
      vertex -69.0353 -59.8637 0
      vertex -68 -60 8
      vertex -69.0353 -59.8637 8
    endloop
  endfacet
  facet normal -0.130526 -0.991445 -0
    outer loop
      vertex -68 -60 8
      vertex -69.0353 -59.8637 0
      vertex -68 -60 0
    endloop
  endfacet
  facet normal -0.130526 0.991445 0
    outer loop
      vertex -68 60 0
      vertex -69.0353 59.8637 8
      vertex -68 60 8
    endloop
  endfacet
  facet normal -0.130526 0.991445 0
    outer loop
      vertex -69.0353 59.8637 8
      vertex -68 60 0
      vertex -69.0353 59.8637 0
    endloop
  endfacet
  facet normal -1 0 0
    outer loop
      vertex -72 -56 0
      vertex -72 56 8
      vertex -72 56 0
    endloop
  endfacet
  facet normal -1 -0 0
    outer loop
      vertex -72 56 8
      vertex -72 -56 0
      vertex -72 -56 8
    endloop
  endfacet
  facet normal -0.991445 0.130526 0
    outer loop
      vertex -72 56 0
      vertex -71.8637 57.0353 8
      vertex -71.8637 57.0353 0
    endloop
  endfacet
  facet normal -0.991445 0.130526 0
    outer loop
      vertex -71.8637 57.0353 8
      vertex -72 56 0
      vertex -72 56 8
    endloop
  endfacet
  facet normal -0.923877 0.38269 0
    outer loop
      vertex -71.8637 57.0353 0
      vertex -71.4641 58 8
      vertex -71.4641 58 0
    endloop
  endfacet
  facet normal -0.923877 0.38269 0
    outer loop
      vertex -71.4641 58 8
      vertex -71.8637 57.0353 0
      vertex -71.8637 57.0353 8
    endloop
  endfacet
  facet normal -0.608789 0.793332 0
    outer loop
      vertex -70 59.4641 0
      vertex -70.8284 58.8284 8
      vertex -70 59.4641 8
    endloop
  endfacet
  facet normal -0.608789 0.793332 0
    outer loop
      vertex -70.8284 58.8284 8
      vertex -70 59.4641 0
      vertex -70.8284 58.8284 0
    endloop
  endfacet
  facet normal -0.38269 0.923877 0
    outer loop
      vertex -69.0353 59.8637 0
      vertex -70 59.4641 8
      vertex -69.0353 59.8637 8
    endloop
  endfacet
  facet normal -0.38269 0.923877 0
    outer loop
      vertex -70 59.4641 8
      vertex -69.0353 59.8637 0
      vertex -70 59.4641 0
    endloop
  endfacet
  facet normal 0.130526 0.991445 -0
    outer loop
      vertex 69.0353 59.8637 0
      vertex 68 60 8
      vertex 69.0353 59.8637 8
    endloop
  endfacet
  facet normal 0.130526 0.991445 0
    outer loop
      vertex 68 60 8
      vertex 69.0353 59.8637 0
      vertex 68 60 0
    endloop
  endfacet
  facet normal 0.991445 -0.130526 0
    outer loop
      vertex 71.8637 -57.0353 8
      vertex 72 -56 0
      vertex 72 -56 8
    endloop
  endfacet
  facet normal 0.991445 -0.130526 0
    outer loop
      vertex 72 -56 0
      vertex 71.8637 -57.0353 8
      vertex 71.8637 -57.0353 0
    endloop
  endfacet
  facet normal 0.38269 0.923877 -0
    outer loop
      vertex 70 59.4641 0
      vertex 69.0353 59.8637 8
      vertex 70 59.4641 8
    endloop
  endfacet
  facet normal 0.38269 0.923877 0
    outer loop
      vertex 69.0353 59.8637 8
      vertex 70 59.4641 0
      vertex 69.0353 59.8637 0
    endloop
  endfacet
  facet normal 0.608789 0.793332 -0
    outer loop
      vertex 70.8284 58.8284 0
      vertex 70 59.4641 8
      vertex 70.8284 58.8284 8
    endloop
  endfacet
  facet normal 0.608789 0.793332 0
    outer loop
      vertex 70 59.4641 8
      vertex 70.8284 58.8284 0
      vertex 70 59.4641 0
    endloop
  endfacet
  facet normal 0.923877 0.38269 0
    outer loop
      vertex 71.8637 57.0353 8
      vertex 71.4641 58 0
      vertex 71.4641 58 8
    endloop
  endfacet
  facet normal 0.923877 0.38269 0
    outer loop
      vertex 71.4641 58 0
      vertex 71.8637 57.0353 8
      vertex 71.8637 57.0353 0
    endloop
  endfacet
  facet normal -0.793332 0.608789 0
    outer loop
      vertex -71.4641 58 0
      vertex -70.8284 58.8284 8
      vertex -70.8284 58.8284 0
    endloop
  endfacet
  facet normal -0.793332 0.608789 0
    outer loop
      vertex -70.8284 58.8284 8
      vertex -71.4641 58 0
      vertex -71.4641 58 8
    endloop
  endfacet
  facet normal 0.793332 0.608789 0
    outer loop
      vertex 71.4641 58 8
      vertex 70.8284 58.8284 0
      vertex 70.8284 58.8284 8
    endloop
  endfacet
  facet normal 0.793332 0.608789 0
    outer loop
      vertex 70.8284 58.8284 0
      vertex 71.4641 58 8
      vertex 71.4641 58 0
    endloop
  endfacet
  facet normal 0.991445 0.130526 0
    outer loop
      vertex 72 56 8
      vertex 71.8637 57.0353 0
      vertex 71.8637 57.0353 8
    endloop
  endfacet
  facet normal 0.991445 0.130526 0
    outer loop
      vertex 71.8637 57.0353 0
      vertex 72 56 8
      vertex 72 56 0
    endloop
  endfacet
  facet normal 0.130526 -0.991445 0
    outer loop
      vertex 68 -60 0
      vertex 69.0353 -59.8637 8
      vertex 68 -60 8
    endloop
  endfacet
  facet normal 0.130526 -0.991445 0
    outer loop
      vertex 69.0353 -59.8637 8
      vertex 68 -60 0
      vertex 69.0353 -59.8637 0
    endloop
  endfacet
  facet normal 0.793332 -0.608789 0
    outer loop
      vertex 70.8284 -58.8284 8
      vertex 71.4641 -58 0
      vertex 71.4641 -58 8
    endloop
  endfacet
  facet normal 0.793332 -0.608789 0
    outer loop
      vertex 71.4641 -58 0
      vertex 70.8284 -58.8284 8
      vertex 70.8284 -58.8284 0
    endloop
  endfacet
  facet normal -0.608789 -0.793332 0
    outer loop
      vertex -70.8284 -58.8284 0
      vertex -70 -59.4641 8
      vertex -70.8284 -58.8284 8
    endloop
  endfacet
  facet normal -0.608789 -0.793332 -0
    outer loop
      vertex -70 -59.4641 8
      vertex -70.8284 -58.8284 0
      vertex -70 -59.4641 0
    endloop
  endfacet
  facet normal -0.38269 -0.923877 0
    outer loop
      vertex -70 -59.4641 0
      vertex -69.0353 -59.8637 8
      vertex -70 -59.4641 8
    endloop
  endfacet
  facet normal -0.38269 -0.923877 -0
    outer loop
      vertex -69.0353 -59.8637 8
      vertex -70 -59.4641 0
      vertex -69.0353 -59.8637 0
    endloop
  endfacet
  facet normal -0.793332 -0.608789 0
    outer loop
      vertex -70.8284 -58.8284 0
      vertex -71.4641 -58 8
      vertex -71.4641 -58 0
    endloop
  endfacet
  facet normal -0.793332 -0.608789 0
    outer loop
      vertex -71.4641 -58 8
      vertex -70.8284 -58.8284 0
      vertex -70.8284 -58.8284 8
    endloop
  endfacet
  facet normal 0.923877 -0.38269 0
    outer loop
      vertex 71.4641 -58 8
      vertex 71.8637 -57.0353 0
      vertex 71.8637 -57.0353 8
    endloop
  endfacet
  facet normal 0.923877 -0.38269 0
    outer loop
      vertex 71.8637 -57.0353 0
      vertex 71.4641 -58 8
      vertex 71.4641 -58 0
    endloop
  endfacet
  facet normal 1 -0 0
    outer loop
      vertex 4 11.2984 16.735
      vertex 4 40 8
      vertex 4 40 16.735
    endloop
  endfacet
  facet normal 1 0 0
    outer loop
      vertex 4 40 8
      vertex 4 11.2984 16.735
      vertex 4 11.2984 8
    endloop
  endfacet
  facet normal 1 -0 0
    outer loop
      vertex 4 -40 16.735
      vertex 4 -11.2984 8
      vertex 4 -11.2984 16.735
    endloop
  endfacet
  facet normal 1 0 0
    outer loop
      vertex 4 -11.2984 8
      vertex 4 -40 16.735
      vertex 4 -40 8
    endloop
  endfacet
  facet normal 0 0 1
    outer loop
      vertex 4 40 16.735
      vertex 3.48342 11.4833 16.735
      vertex 4 11.2984 16.735
    endloop
  endfacet
  facet normal 0 0 1
    outer loop
      vertex 4 40 16.735
      vertex 2.34108 11.7694 16.735
      vertex 3.48342 11.4833 16.735
    endloop
  endfacet
  facet normal 0 0 1
    outer loop
      vertex 4 40 16.735
      vertex 1.17621 11.9422 16.735
      vertex 2.34108 11.7694 16.735
    endloop
  endfacet
  facet normal 0 0 1
    outer loop
      vertex 4 40 16.735
      vertex 0 12 16.735
      vertex 1.17621 11.9422 16.735
    endloop
  endfacet
  facet normal -0 0 1
    outer loop
      vertex -4 40 16.735
      vertex 0 12 16.735
      vertex 4 40 16.735
    endloop
  endfacet
  facet normal 0 0 1
    outer loop
      vertex 0 12 16.735
      vertex -4 40 16.735
      vertex -1.17621 11.9422 16.735
    endloop
  endfacet
  facet normal 0 0 1
    outer loop
      vertex -1.17621 11.9422 16.735
      vertex -4 40 16.735
      vertex -2.34108 11.7694 16.735
    endloop
  endfacet
  facet normal 0 0 1
    outer loop
      vertex -2.34108 11.7694 16.735
      vertex -4 40 16.735
      vertex -3.48342 11.4833 16.735
    endloop
  endfacet
  facet normal 0 0 1
    outer loop
      vertex -3.48342 11.4833 16.735
      vertex -4 40 16.735
      vertex -4 11.2984 16.735
    endloop
  endfacet
  facet normal -0 0 1
    outer loop
      vertex 3.48342 -11.4833 16.735
      vertex 4 -40 16.735
      vertex 4 -11.2984 16.735
    endloop
  endfacet
  facet normal -0 0 1
    outer loop
      vertex 2.34108 -11.7694 16.735
      vertex 4 -40 16.735
      vertex 3.48342 -11.4833 16.735
    endloop
  endfacet
  facet normal -0 0 1
    outer loop
      vertex 1.17621 -11.9422 16.735
      vertex 4 -40 16.735
      vertex 2.34108 -11.7694 16.735
    endloop
  endfacet
  facet normal -0 0 1
    outer loop
      vertex 0 -12 16.735
      vertex 4 -40 16.735
      vertex 1.17621 -11.9422 16.735
    endloop
  endfacet
  facet normal 0 0 1
    outer loop
      vertex -4 -40 16.735
      vertex 0 -12 16.735
      vertex -1.17621 -11.9422 16.735
    endloop
  endfacet
  facet normal 0 0 1
    outer loop
      vertex -4 -40 16.735
      vertex -1.17621 -11.9422 16.735
      vertex -2.34108 -11.7694 16.735
    endloop
  endfacet
  facet normal 0 0 1
    outer loop
      vertex -4 -40 16.735
      vertex -2.34108 -11.7694 16.735
      vertex -3.48342 -11.4833 16.735
    endloop
  endfacet
  facet normal 0 0 1
    outer loop
      vertex -4 -40 16.735
      vertex -3.48342 -11.4833 16.735
      vertex -4 -11.2984 16.735
    endloop
  endfacet
  facet normal 0 0 1
    outer loop
      vertex 0 -12 16.735
      vertex -4 -40 16.735
      vertex 4 -40 16.735
    endloop
  endfacet
  facet normal -1 0 0
    outer loop
      vertex -4 11.2984 8
      vertex -4 40 16.735
      vertex -4 40 8
    endloop
  endfacet
  facet normal -1 -0 0
    outer loop
      vertex -4 40 16.735
      vertex -4 11.2984 8
      vertex -4 11.2984 16.735
    endloop
  endfacet
  facet normal -1 0 0
    outer loop
      vertex -4 -40 8
      vertex -4 -11.2984 16.735
      vertex -4 -11.2984 8
    endloop
  endfacet
  facet normal -1 -0 0
    outer loop
      vertex -4 -11.2984 16.735
      vertex -4 -40 8
      vertex -4 -40 16.735
    endloop
  endfacet
  facet normal -0.336876 0 0.941549
    outer loop
      vertex -46.9085 60 5.80859
      vertex -45.9244 29.99 6.16069
      vertex -45.9244 60 6.16069
    endloop
  endfacet
  facet normal -0.336876 0 0.941549
    outer loop
      vertex -45.9244 29.99 6.16069
      vertex -46.9085 60 5.80859
      vertex -46.9085 29.99 5.80859
    endloop
  endfacet
  facet normal 0.998795 0 -0.0490834
    outer loop
      vertex -60.5987 29.99 17.0439
      vertex -60.65 60 16
      vertex -60.5987 60 17.0439
    endloop
  endfacet
  facet normal 0.998795 0 -0.0490834
    outer loop
      vertex -60.65 60 16
      vertex -60.5987 29.99 17.0439
      vertex -60.65 29.99 16
    endloop
  endfacet
  facet normal -0.595683 0 0.803219
    outer loop
      vertex -44.0832 60 7.14485
      vertex -43.2437 29.99 7.76744
      vertex -43.2437 60 7.76744
    endloop
  endfacet
  facet normal -0.595683 0 0.803219
    outer loop
      vertex -43.2437 29.99 7.76744
      vertex -44.0832 60 7.14485
      vertex -44.0832 29.99 7.14485
    endloop
  endfacet
  facet normal 0.941549 -0 0.336876
    outer loop
      vertex -60.1914 29.99 12.9085
      vertex -59.8393 60 11.9244
      vertex -60.1914 60 12.9085
    endloop
  endfacet
  facet normal 0.941549 0 0.336876
    outer loop
      vertex -59.8393 60 11.9244
      vertex -60.1914 29.99 12.9085
      vertex -59.8393 29.99 11.9244
    endloop
  endfacet
  facet normal 0 0 -1
    outer loop
      vertex -52.9114 29.99 28.15
      vertex -47.0886 60 28.15
      vertex -47.0886 29.99 28.15
    endloop
  endfacet
  facet normal -0 0 -1
    outer loop
      vertex -47.0886 60 28.15
      vertex -52.9114 29.99 28.15
      vertex -52.9114 60 28.15
    endloop
  endfacet
  facet normal -0.740939 0 -0.671572
    outer loop
      vertex -41.7674 29.99 22.7563
      vertex -42.4693 60 23.5307
      vertex -41.7674 60 22.7563
    endloop
  endfacet
  facet normal -0.740939 -0 -0.671572
    outer loop
      vertex -42.4693 60 23.5307
      vertex -41.7674 29.99 22.7563
      vertex -42.4693 29.99 23.5307
    endloop
  endfacet
  facet normal -0.740939 0 0.671572
    outer loop
      vertex -42.4693 29.99 8.46931
      vertex -41.7674 60 9.24371
      vertex -42.4693 60 8.46931
    endloop
  endfacet
  facet normal -0.740939 0 0.671572
    outer loop
      vertex -41.7674 60 9.24371
      vertex -42.4693 29.99 8.46931
      vertex -41.7674 29.99 9.24371
    endloop
  endfacet
  facet normal 0.740939 -0 0.671572
    outer loop
      vertex -58.2326 29.99 9.24371
      vertex -57.5307 60 8.46931
      vertex -58.2326 60 9.24371
    endloop
  endfacet
  facet normal 0.740939 0 0.671572
    outer loop
      vertex -57.5307 60 8.46931
      vertex -58.2326 29.99 9.24371
      vertex -57.5307 29.99 8.46931
    endloop
  endfacet
  facet normal 0.803257 -0 0.595633
    outer loop
      vertex -58.8551 29.99 10.0832
      vertex -58.2326 60 9.24371
      vertex -58.8551 60 10.0832
    endloop
  endfacet
  facet normal 0.803257 0 0.595633
    outer loop
      vertex -58.2326 60 9.24371
      vertex -58.8551 29.99 10.0832
      vertex -58.2326 29.99 9.24371
    endloop
  endfacet
  facet normal 0.857679 0 -0.514186
    outer loop
      vertex -58.8551 29.99 21.9168
      vertex -59.3925 60 21.0204
      vertex -58.8551 60 21.9168
    endloop
  endfacet
  facet normal 0.857679 0 -0.514186
    outer loop
      vertex -59.3925 60 21.0204
      vertex -58.8551 29.99 21.9168
      vertex -59.3925 29.99 21.0204
    endloop
  endfacet
  facet normal 0.146731 0 0.989176
    outer loop
      vertex -52.0777 60 5.55464
      vertex -51.0439 29.99 5.40129
      vertex -51.0439 60 5.40129
    endloop
  endfacet
  facet normal 0.146731 0 0.989176
    outer loop
      vertex -51.0439 29.99 5.40129
      vertex -52.0777 60 5.55464
      vertex -52.0777 29.99 5.55464
    endloop
  endfacet
  facet normal 0.0490643 0 0.998796
    outer loop
      vertex -51.0439 60 5.40129
      vertex -50 29.99 5.35001
      vertex -50 60 5.35001
    endloop
  endfacet
  facet normal 0.0490643 0 0.998796
    outer loop
      vertex -50 29.99 5.35001
      vertex -51.0439 60 5.40129
      vertex -51.0439 29.99 5.40129
    endloop
  endfacet
  facet normal -0.998795 0 -0.0490834
    outer loop
      vertex -39.35 29.99 16
      vertex -39.4013 60 17.0439
      vertex -39.35 60 16
    endloop
  endfacet
  facet normal -0.998795 -0 -0.0490834
    outer loop
      vertex -39.4013 60 17.0439
      vertex -39.35 29.99 16
      vertex -39.4013 29.99 17.0439
    endloop
  endfacet
  facet normal -0.803257 0 0.595633
    outer loop
      vertex -41.7674 29.99 9.24371
      vertex -41.1449 60 10.0832
      vertex -41.7674 60 9.24371
    endloop
  endfacet
  facet normal -0.803257 0 0.595633
    outer loop
      vertex -41.1449 60 10.0832
      vertex -41.7674 29.99 9.24371
      vertex -41.1449 29.99 10.0832
    endloop
  endfacet
  facet normal -0.514123 0 0.857717
    outer loop
      vertex -44.9796 60 6.60754
      vertex -44.0832 29.99 7.14485
      vertex -44.0832 60 7.14485
    endloop
  endfacet
  facet normal -0.514123 0 0.857717
    outer loop
      vertex -44.0832 29.99 7.14485
      vertex -44.9796 60 6.60754
      vertex -44.9796 29.99 6.60754
    endloop
  endfacet
  facet normal -0.941549 0 0.336876
    outer loop
      vertex -40.1607 29.99 11.9244
      vertex -39.8086 60 12.9085
      vertex -40.1607 60 11.9244
    endloop
  endfacet
  facet normal -0.941549 0 0.336876
    outer loop
      vertex -39.8086 60 12.9085
      vertex -40.1607 29.99 11.9244
      vertex -39.8086 29.99 12.9085
    endloop
  endfacet
  facet normal -0.989183 0 0.146684
    outer loop
      vertex -39.5546 29.99 13.9223
      vertex -39.4013 60 14.9561
      vertex -39.5546 60 13.9223
    endloop
  endfacet
  facet normal -0.989183 0 0.146684
    outer loop
      vertex -39.4013 60 14.9561
      vertex -39.5546 29.99 13.9223
      vertex -39.4013 29.99 14.9561
    endloop
  endfacet
  facet normal 0.740939 0 -0.671572
    outer loop
      vertex -57.5307 29.99 23.5307
      vertex -58.2326 60 22.7563
      vertex -57.5307 60 23.5307
    endloop
  endfacet
  facet normal 0.740939 0 -0.671572
    outer loop
      vertex -58.2326 60 22.7563
      vertex -57.5307 29.99 23.5307
      vertex -58.2326 29.99 22.7563
    endloop
  endfacet
  facet normal 0.970019 -0 0.243031
    outer loop
      vertex -60.4454 29.99 13.9223
      vertex -60.1914 60 12.9085
      vertex -60.4454 60 13.9223
    endloop
  endfacet
  facet normal 0.970019 0 0.243031
    outer loop
      vertex -60.1914 60 12.9085
      vertex -60.4454 29.99 13.9223
      vertex -60.1914 29.99 12.9085
    endloop
  endfacet
  facet normal 0.707107 0 -0.707107
    outer loop
      vertex -52.9114 29.99 28.15
      vertex -57.5307 60 23.5307
      vertex -52.9114 60 28.15
    endloop
  endfacet
  facet normal 0.707107 0 -0.707107
    outer loop
      vertex -57.5307 60 23.5307
      vertex -52.9114 29.99 28.15
      vertex -57.5307 29.99 23.5307
    endloop
  endfacet
  facet normal -0.707107 0 -0.707107
    outer loop
      vertex -42.4693 29.99 23.5307
      vertex -47.0886 60 28.15
      vertex -42.4693 60 23.5307
    endloop
  endfacet
  facet normal -0.707107 -0 -0.707107
    outer loop
      vertex -47.0886 60 28.15
      vertex -42.4693 29.99 23.5307
      vertex -47.0886 29.99 28.15
    endloop
  endfacet
  facet normal -0.242986 0 0.97003
    outer loop
      vertex -47.9223 60 5.55464
      vertex -46.9085 29.99 5.80859
      vertex -46.9085 60 5.80859
    endloop
  endfacet
  facet normal -0.242986 0 0.97003
    outer loop
      vertex -46.9085 29.99 5.80859
      vertex -47.9223 60 5.55464
      vertex -47.9223 29.99 5.55464
    endloop
  endfacet
  facet normal -0.0490643 0 0.998796
    outer loop
      vertex -50 60 5.35001
      vertex -48.9561 29.99 5.40129
      vertex -48.9561 60 5.40129
    endloop
  endfacet
  facet normal -0.0490643 0 0.998796
    outer loop
      vertex -48.9561 29.99 5.40129
      vertex -50 60 5.35001
      vertex -50 29.99 5.35001
    endloop
  endfacet
  facet normal -0.90401 0 0.42751
    outer loop
      vertex -40.6075 29.99 10.9796
      vertex -40.1607 60 11.9244
      vertex -40.6075 60 10.9796
    endloop
  endfacet
  facet normal -0.90401 0 0.42751
    outer loop
      vertex -40.1607 60 11.9244
      vertex -40.6075 29.99 10.9796
      vertex -40.1607 29.99 11.9244
    endloop
  endfacet
  facet normal -0.90401 0 -0.42751
    outer loop
      vertex -40.1607 29.99 20.0756
      vertex -40.6075 60 21.0204
      vertex -40.1607 60 20.0756
    endloop
  endfacet
  facet normal -0.90401 -0 -0.42751
    outer loop
      vertex -40.6075 60 21.0204
      vertex -40.1607 29.99 20.0756
      vertex -40.6075 29.99 21.0204
    endloop
  endfacet
  facet normal -0.146731 0 0.989176
    outer loop
      vertex -48.9561 60 5.40129
      vertex -47.9223 29.99 5.55464
      vertex -47.9223 60 5.55464
    endloop
  endfacet
  facet normal -0.146731 0 0.989176
    outer loop
      vertex -47.9223 29.99 5.55464
      vertex -48.9561 60 5.40129
      vertex -48.9561 29.99 5.40129
    endloop
  endfacet
  facet normal 0.80326 0 -0.595628
    outer loop
      vertex -58.2326 29.99 22.7563
      vertex -58.8551 60 21.9168
      vertex -58.2326 60 22.7563
    endloop
  endfacet
  facet normal 0.80326 0 -0.595628
    outer loop
      vertex -58.8551 60 21.9168
      vertex -58.2326 29.99 22.7563
      vertex -58.8551 29.99 21.9168
    endloop
  endfacet
  facet normal 0.970019 0 -0.243031
    outer loop
      vertex -60.1914 29.99 19.0915
      vertex -60.4454 60 18.0777
      vertex -60.1914 60 19.0915
    endloop
  endfacet
  facet normal 0.970019 0 -0.243031
    outer loop
      vertex -60.4454 60 18.0777
      vertex -60.1914 29.99 19.0915
      vertex -60.4454 29.99 18.0777
    endloop
  endfacet
  facet normal 0.857679 -0 0.514186
    outer loop
      vertex -59.3925 29.99 10.9796
      vertex -58.8551 60 10.0832
      vertex -59.3925 60 10.9796
    endloop
  endfacet
  facet normal 0.857679 0 0.514186
    outer loop
      vertex -58.8551 60 10.0832
      vertex -59.3925 29.99 10.9796
      vertex -58.8551 29.99 10.0832
    endloop
  endfacet
  facet normal -0.42755 0 0.903992
    outer loop
      vertex -45.9244 60 6.16069
      vertex -44.9796 29.99 6.60754
      vertex -44.9796 60 6.60754
    endloop
  endfacet
  facet normal -0.42755 0 0.903992
    outer loop
      vertex -44.9796 29.99 6.60754
      vertex -45.9244 60 6.16069
      vertex -45.9244 29.99 6.16069
    endloop
  endfacet
  facet normal -0.970019 0 -0.243031
    outer loop
      vertex -39.5546 29.99 18.0777
      vertex -39.8086 60 19.0915
      vertex -39.5546 60 18.0777
    endloop
  endfacet
  facet normal -0.970019 -0 -0.243031
    outer loop
      vertex -39.8086 60 19.0915
      vertex -39.5546 29.99 18.0777
      vertex -39.8086 29.99 19.0915
    endloop
  endfacet
  facet normal 0.514123 0 0.857717
    outer loop
      vertex -55.9168 60 7.14485
      vertex -55.0204 29.99 6.60754
      vertex -55.0204 60 6.60754
    endloop
  endfacet
  facet normal 0.514123 0 0.857717
    outer loop
      vertex -55.0204 29.99 6.60754
      vertex -55.9168 60 7.14485
      vertex -55.9168 29.99 7.14485
    endloop
  endfacet
  facet normal -0.671556 0 0.740954
    outer loop
      vertex -43.2437 60 7.76744
      vertex -42.4693 29.99 8.46931
      vertex -42.4693 60 8.46931
    endloop
  endfacet
  facet normal -0.671556 0 0.740954
    outer loop
      vertex -42.4693 29.99 8.46931
      vertex -43.2437 60 7.76744
      vertex -43.2437 29.99 7.76744
    endloop
  endfacet
  facet normal 0.42755 0 0.903992
    outer loop
      vertex -55.0204 60 6.60754
      vertex -54.0756 29.99 6.16069
      vertex -54.0756 60 6.16069
    endloop
  endfacet
  facet normal 0.42755 0 0.903992
    outer loop
      vertex -54.0756 29.99 6.16069
      vertex -55.0204 60 6.60754
      vertex -55.0204 29.99 6.60754
    endloop
  endfacet
  facet normal 0.90401 -0 0.42751
    outer loop
      vertex -59.8393 29.99 11.9244
      vertex -59.3925 60 10.9796
      vertex -59.8393 60 11.9244
    endloop
  endfacet
  facet normal 0.90401 0 0.42751
    outer loop
      vertex -59.3925 60 10.9796
      vertex -59.8393 29.99 11.9244
      vertex -59.3925 29.99 10.9796
    endloop
  endfacet
  facet normal 0.90401 0 -0.42751
    outer loop
      vertex -59.3925 29.99 21.0204
      vertex -59.8393 60 20.0756
      vertex -59.3925 60 21.0204
    endloop
  endfacet
  facet normal 0.90401 0 -0.42751
    outer loop
      vertex -59.8393 60 20.0756
      vertex -59.3925 29.99 21.0204
      vertex -59.8393 29.99 20.0756
    endloop
  endfacet
  facet normal 0.595683 0 0.803219
    outer loop
      vertex -56.7563 60 7.76744
      vertex -55.9168 29.99 7.14485
      vertex -55.9168 60 7.14485
    endloop
  endfacet
  facet normal 0.595683 0 0.803219
    outer loop
      vertex -55.9168 29.99 7.14485
      vertex -56.7563 60 7.76744
      vertex -56.7563 29.99 7.76744
    endloop
  endfacet
  facet normal -0.80326 0 -0.595628
    outer loop
      vertex -41.1449 29.99 21.9168
      vertex -41.7674 60 22.7563
      vertex -41.1449 60 21.9168
    endloop
  endfacet
  facet normal -0.80326 -0 -0.595628
    outer loop
      vertex -41.7674 60 22.7563
      vertex -41.1449 29.99 21.9168
      vertex -41.7674 29.99 22.7563
    endloop
  endfacet
  facet normal -0.941549 0 -0.336876
    outer loop
      vertex -39.8086 29.99 19.0915
      vertex -40.1607 60 20.0756
      vertex -39.8086 60 19.0915
    endloop
  endfacet
  facet normal -0.941549 -0 -0.336876
    outer loop
      vertex -40.1607 60 20.0756
      vertex -39.8086 29.99 19.0915
      vertex -40.1607 29.99 20.0756
    endloop
  endfacet
  facet normal 0.989183 -0 0.146684
    outer loop
      vertex -60.5987 29.99 14.9561
      vertex -60.4454 60 13.9223
      vertex -60.5987 60 14.9561
    endloop
  endfacet
  facet normal 0.989183 0 0.146684
    outer loop
      vertex -60.4454 60 13.9223
      vertex -60.5987 29.99 14.9561
      vertex -60.4454 29.99 13.9223
    endloop
  endfacet
  facet normal -0.970019 0 0.243031
    outer loop
      vertex -39.8086 29.99 12.9085
      vertex -39.5546 60 13.9223
      vertex -39.8086 60 12.9085
    endloop
  endfacet
  facet normal -0.970019 0 0.243031
    outer loop
      vertex -39.5546 60 13.9223
      vertex -39.8086 29.99 12.9085
      vertex -39.5546 29.99 13.9223
    endloop
  endfacet
  facet normal -0.857679 0 -0.514186
    outer loop
      vertex -40.6075 29.99 21.0204
      vertex -41.1449 60 21.9168
      vertex -40.6075 60 21.0204
    endloop
  endfacet
  facet normal -0.857679 -0 -0.514186
    outer loop
      vertex -41.1449 60 21.9168
      vertex -40.6075 29.99 21.0204
      vertex -41.1449 29.99 21.9168
    endloop
  endfacet
  facet normal 0.989183 0 -0.146684
    outer loop
      vertex -60.4454 29.99 18.0777
      vertex -60.5987 60 17.0439
      vertex -60.4454 60 18.0777
    endloop
  endfacet
  facet normal 0.989183 0 -0.146684
    outer loop
      vertex -60.5987 60 17.0439
      vertex -60.4454 29.99 18.0777
      vertex -60.5987 29.99 17.0439
    endloop
  endfacet
  facet normal -0.989183 0 -0.146684
    outer loop
      vertex -39.4013 29.99 17.0439
      vertex -39.5546 60 18.0777
      vertex -39.4013 60 17.0439
    endloop
  endfacet
  facet normal -0.989183 -0 -0.146684
    outer loop
      vertex -39.5546 60 18.0777
      vertex -39.4013 29.99 17.0439
      vertex -39.5546 29.99 18.0777
    endloop
  endfacet
  facet normal 0.941549 0 -0.336876
    outer loop
      vertex -59.8393 29.99 20.0756
      vertex -60.1914 60 19.0915
      vertex -59.8393 60 20.0756
    endloop
  endfacet
  facet normal 0.941549 0 -0.336876
    outer loop
      vertex -60.1914 60 19.0915
      vertex -59.8393 29.99 20.0756
      vertex -60.1914 29.99 19.0915
    endloop
  endfacet
  facet normal 0.998795 -0 0.0490834
    outer loop
      vertex -60.65 29.99 16
      vertex -60.5987 60 14.9561
      vertex -60.65 60 16
    endloop
  endfacet
  facet normal 0.998795 0 0.0490834
    outer loop
      vertex -60.5987 60 14.9561
      vertex -60.65 29.99 16
      vertex -60.5987 29.99 14.9561
    endloop
  endfacet
  facet normal -0.857679 0 0.514186
    outer loop
      vertex -41.1449 29.99 10.0832
      vertex -40.6075 60 10.9796
      vertex -41.1449 60 10.0832
    endloop
  endfacet
  facet normal -0.857679 0 0.514186
    outer loop
      vertex -40.6075 60 10.9796
      vertex -41.1449 29.99 10.0832
      vertex -40.6075 29.99 10.9796
    endloop
  endfacet
  facet normal 0.242986 0 0.97003
    outer loop
      vertex -53.0915 60 5.80859
      vertex -52.0777 29.99 5.55464
      vertex -52.0777 60 5.55464
    endloop
  endfacet
  facet normal 0.242986 0 0.97003
    outer loop
      vertex -52.0777 29.99 5.55464
      vertex -53.0915 60 5.80859
      vertex -53.0915 29.99 5.80859
    endloop
  endfacet
  facet normal 0.671556 0 0.740954
    outer loop
      vertex -57.5307 60 8.46931
      vertex -56.7563 29.99 7.76744
      vertex -56.7563 60 7.76744
    endloop
  endfacet
  facet normal 0.671556 0 0.740954
    outer loop
      vertex -56.7563 29.99 7.76744
      vertex -57.5307 60 8.46931
      vertex -57.5307 29.99 8.46931
    endloop
  endfacet
  facet normal 0.336876 0 0.941549
    outer loop
      vertex -54.0756 60 6.16069
      vertex -53.0915 29.99 5.80859
      vertex -53.0915 60 5.80859
    endloop
  endfacet
  facet normal 0.336876 0 0.941549
    outer loop
      vertex -53.0915 29.99 5.80859
      vertex -54.0756 60 6.16069
      vertex -54.0756 29.99 6.16069
    endloop
  endfacet
  facet normal 0 1 0
    outer loop
      vertex -47.0886 29.99 28.15
      vertex -47.4821 29.99 27.2
      vertex -52.9114 29.99 28.15
    endloop
  endfacet
  facet normal 0 1 0
    outer loop
      vertex -42.4693 29.99 23.5307
      vertex -47.4821 29.99 27.2
      vertex -47.0886 29.99 28.15
    endloop
  endfacet
  facet normal 0 1 0
    outer loop
      vertex -42.4693 29.99 23.5307
      vertex -43.1411 29.99 22.8589
      vertex -47.4821 29.99 27.2
    endloop
  endfacet
  facet normal 0 1 0
    outer loop
      vertex -41.7674 29.99 22.7563
      vertex -43.1411 29.99 22.8589
      vertex -42.4693 29.99 23.5307
    endloop
  endfacet
  facet normal 0 1 0
    outer loop
      vertex -41.7674 29.99 22.7563
      vertex -42.5018 29.99 22.1536
      vertex -43.1411 29.99 22.8589
    endloop
  endfacet
  facet normal 0 1 0
    outer loop
      vertex -41.1449 29.99 21.9168
      vertex -42.5018 29.99 22.1536
      vertex -41.7674 29.99 22.7563
    endloop
  endfacet
  facet normal 0 1 0
    outer loop
      vertex -41.1449 29.99 21.9168
      vertex -41.9348 29.99 21.389
      vertex -42.5018 29.99 22.1536
    endloop
  endfacet
  facet normal 0 1 0
    outer loop
      vertex -40.6075 29.99 21.0204
      vertex -41.9348 29.99 21.389
      vertex -41.1449 29.99 21.9168
    endloop
  endfacet
  facet normal 0 1 0
    outer loop
      vertex -40.6075 29.99 21.0204
      vertex -41.4454 29.99 20.5725
      vertex -41.9348 29.99 21.389
    endloop
  endfacet
  facet normal 0 1 0
    outer loop
      vertex -40.1607 29.99 20.0756
      vertex -41.4454 29.99 20.5725
      vertex -40.6075 29.99 21.0204
    endloop
  endfacet
  facet normal 0 1 0
    outer loop
      vertex -40.1607 29.99 20.0756
      vertex -41.0384 29.99 19.712
      vertex -41.4454 29.99 20.5725
    endloop
  endfacet
  facet normal 0 1 0
    outer loop
      vertex -39.8086 29.99 19.0915
      vertex -41.0384 29.99 19.712
      vertex -40.1607 29.99 20.0756
    endloop
  endfacet
  facet normal 0 1 0
    outer loop
      vertex -39.8086 29.99 19.0915
      vertex -40.7177 29.99 18.8158
      vertex -41.0384 29.99 19.712
    endloop
  endfacet
  facet normal 0 1 0
    outer loop
      vertex -39.5546 29.99 18.0777
      vertex -40.7177 29.99 18.8158
      vertex -39.8086 29.99 19.0915
    endloop
  endfacet
  facet normal 0 1 0
    outer loop
      vertex -39.5546 29.99 18.0777
      vertex -40.4864 29.99 17.8924
      vertex -40.7177 29.99 18.8158
    endloop
  endfacet
  facet normal 0 1 0
    outer loop
      vertex -39.4013 29.99 17.0439
      vertex -40.4864 29.99 17.8924
      vertex -39.5546 29.99 18.0777
    endloop
  endfacet
  facet normal 0 1 0
    outer loop
      vertex -39.4013 29.99 17.0439
      vertex -40.3467 29.99 16.9508
      vertex -40.4864 29.99 17.8924
    endloop
  endfacet
  facet normal 0 1 0
    outer loop
      vertex -39.35 29.99 16
      vertex -40.3467 29.99 16.9508
      vertex -39.4013 29.99 17.0439
    endloop
  endfacet
  facet normal 0 1 0
    outer loop
      vertex -39.35 29.99 16
      vertex -40.3 29.99 16
      vertex -40.3467 29.99 16.9508
    endloop
  endfacet
  facet normal 0 1 0
    outer loop
      vertex -39.35 29.99 16
      vertex -40.3467 29.99 15.0492
      vertex -40.3 29.99 16
    endloop
  endfacet
  facet normal 0 1 -0
    outer loop
      vertex -39.4013 29.99 14.9561
      vertex -40.3467 29.99 15.0492
      vertex -39.35 29.99 16
    endloop
  endfacet
  facet normal 0 1 0
    outer loop
      vertex -39.4013 29.99 14.9561
      vertex -40.4864 29.99 14.1076
      vertex -40.3467 29.99 15.0492
    endloop
  endfacet
  facet normal 0 1 -0
    outer loop
      vertex -39.5546 29.99 13.9223
      vertex -40.4864 29.99 14.1076
      vertex -39.4013 29.99 14.9561
    endloop
  endfacet
  facet normal 0 1 0
    outer loop
      vertex -39.5546 29.99 13.9223
      vertex -40.7177 29.99 13.1842
      vertex -40.4864 29.99 14.1076
    endloop
  endfacet
  facet normal 0 1 -0
    outer loop
      vertex -39.8086 29.99 12.9085
      vertex -40.7177 29.99 13.1842
      vertex -39.5546 29.99 13.9223
    endloop
  endfacet
  facet normal 0 1 0
    outer loop
      vertex -39.8086 29.99 12.9085
      vertex -41.0384 29.99 12.288
      vertex -40.7177 29.99 13.1842
    endloop
  endfacet
  facet normal 0 1 -0
    outer loop
      vertex -40.1607 29.99 11.9244
      vertex -41.0384 29.99 12.288
      vertex -39.8086 29.99 12.9085
    endloop
  endfacet
  facet normal 0 1 0
    outer loop
      vertex -40.1607 29.99 11.9244
      vertex -41.4454 29.99 11.4275
      vertex -41.0384 29.99 12.288
    endloop
  endfacet
  facet normal 0 1 -0
    outer loop
      vertex -40.6075 29.99 10.9796
      vertex -41.4454 29.99 11.4275
      vertex -40.1607 29.99 11.9244
    endloop
  endfacet
  facet normal 0 1 0
    outer loop
      vertex -40.6075 29.99 10.9796
      vertex -41.9348 29.99 10.611
      vertex -41.4454 29.99 11.4275
    endloop
  endfacet
  facet normal 0 1 -0
    outer loop
      vertex -41.1449 29.99 10.0832
      vertex -41.9348 29.99 10.611
      vertex -40.6075 29.99 10.9796
    endloop
  endfacet
  facet normal 0 1 0
    outer loop
      vertex -41.1449 29.99 10.0832
      vertex -42.5018 29.99 9.84639
      vertex -41.9348 29.99 10.611
    endloop
  endfacet
  facet normal 0 1 -0
    outer loop
      vertex -41.7674 29.99 9.24371
      vertex -42.5018 29.99 9.84639
      vertex -41.1449 29.99 10.0832
    endloop
  endfacet
  facet normal 0 1 0
    outer loop
      vertex -41.7674 29.99 9.24371
      vertex -43.1411 29.99 9.14107
      vertex -42.5018 29.99 9.84639
    endloop
  endfacet
  facet normal 0 1 -0
    outer loop
      vertex -42.4693 29.99 8.46931
      vertex -43.1411 29.99 9.14107
      vertex -41.7674 29.99 9.24371
    endloop
  endfacet
  facet normal 0 1 0
    outer loop
      vertex -43.1411 29.99 9.14107
      vertex -42.4693 29.99 8.46931
      vertex -43.8464 29.99 8.5018
    endloop
  endfacet
  facet normal 0 1 -0
    outer loop
      vertex -43.2437 29.99 7.76744
      vertex -43.8464 29.99 8.5018
      vertex -42.4693 29.99 8.46931
    endloop
  endfacet
  facet normal 0 1 0
    outer loop
      vertex -43.8464 29.99 8.5018
      vertex -43.2437 29.99 7.76744
      vertex -44.611 29.99 7.93475
    endloop
  endfacet
  facet normal 0 1 -0
    outer loop
      vertex -44.0832 29.99 7.14485
      vertex -44.611 29.99 7.93475
      vertex -43.2437 29.99 7.76744
    endloop
  endfacet
  facet normal 0 1 0
    outer loop
      vertex -44.611 29.99 7.93475
      vertex -44.0832 29.99 7.14485
      vertex -45.4275 29.99 7.44537
    endloop
  endfacet
  facet normal 0 1 -0
    outer loop
      vertex -44.9796 29.99 6.60754
      vertex -45.4275 29.99 7.44537
      vertex -44.0832 29.99 7.14485
    endloop
  endfacet
  facet normal 0 1 0
    outer loop
      vertex -45.4275 29.99 7.44537
      vertex -44.9796 29.99 6.60754
      vertex -46.288 29.99 7.03838
    endloop
  endfacet
  facet normal 0 1 -0
    outer loop
      vertex -45.9244 29.99 6.16069
      vertex -46.288 29.99 7.03838
      vertex -44.9796 29.99 6.60754
    endloop
  endfacet
  facet normal 0 1 0
    outer loop
      vertex -46.288 29.99 7.03838
      vertex -45.9244 29.99 6.16069
      vertex -47.1842 29.99 6.71768
    endloop
  endfacet
  facet normal 0 1 -0
    outer loop
      vertex -46.9085 29.99 5.80859
      vertex -47.1842 29.99 6.71768
      vertex -45.9244 29.99 6.16069
    endloop
  endfacet
  facet normal 0 1 -0
    outer loop
      vertex -47.9223 29.99 5.55464
      vertex -48.1076 29.99 6.48639
      vertex -46.9085 29.99 5.80859
    endloop
  endfacet
  facet normal 0 1 0
    outer loop
      vertex -47.1842 29.99 6.71768
      vertex -46.9085 29.99 5.80859
      vertex -48.1076 29.99 6.48639
    endloop
  endfacet
  facet normal 0 1 -0
    outer loop
      vertex -52.5179 29.99 27.2
      vertex -52.9114 29.99 28.15
      vertex -47.4821 29.99 27.2
    endloop
  endfacet
  facet normal 0 1 0
    outer loop
      vertex -52.5179 29.99 27.2
      vertex -57.5307 29.99 23.5307
      vertex -52.9114 29.99 28.15
    endloop
  endfacet
  facet normal 0 1 -0
    outer loop
      vertex -56.8589 29.99 22.8589
      vertex -57.5307 29.99 23.5307
      vertex -52.5179 29.99 27.2
    endloop
  endfacet
  facet normal 0 1 0
    outer loop
      vertex -56.8589 29.99 22.8589
      vertex -58.2326 29.99 22.7563
      vertex -57.5307 29.99 23.5307
    endloop
  endfacet
  facet normal 0 1 -0
    outer loop
      vertex -57.4982 29.99 22.1536
      vertex -58.2326 29.99 22.7563
      vertex -56.8589 29.99 22.8589
    endloop
  endfacet
  facet normal 0 1 0
    outer loop
      vertex -57.4982 29.99 22.1536
      vertex -58.8551 29.99 21.9168
      vertex -58.2326 29.99 22.7563
    endloop
  endfacet
  facet normal 0 1 -0
    outer loop
      vertex -58.0652 29.99 21.389
      vertex -58.8551 29.99 21.9168
      vertex -57.4982 29.99 22.1536
    endloop
  endfacet
  facet normal 0 1 0
    outer loop
      vertex -58.0652 29.99 21.389
      vertex -59.3925 29.99 21.0204
      vertex -58.8551 29.99 21.9168
    endloop
  endfacet
  facet normal 0 1 -0
    outer loop
      vertex -58.5546 29.99 20.5725
      vertex -59.3925 29.99 21.0204
      vertex -58.0652 29.99 21.389
    endloop
  endfacet
  facet normal 0 1 0
    outer loop
      vertex -58.5546 29.99 20.5725
      vertex -59.8393 29.99 20.0756
      vertex -59.3925 29.99 21.0204
    endloop
  endfacet
  facet normal 0 1 -0
    outer loop
      vertex -58.9616 29.99 19.712
      vertex -59.8393 29.99 20.0756
      vertex -58.5546 29.99 20.5725
    endloop
  endfacet
  facet normal 0 1 0
    outer loop
      vertex -58.9616 29.99 19.712
      vertex -60.1914 29.99 19.0915
      vertex -59.8393 29.99 20.0756
    endloop
  endfacet
  facet normal 0 1 -0
    outer loop
      vertex -59.2823 29.99 18.8158
      vertex -60.1914 29.99 19.0915
      vertex -58.9616 29.99 19.712
    endloop
  endfacet
  facet normal 0 1 0
    outer loop
      vertex -59.2823 29.99 18.8158
      vertex -60.4454 29.99 18.0777
      vertex -60.1914 29.99 19.0915
    endloop
  endfacet
  facet normal 0 1 -0
    outer loop
      vertex -59.5136 29.99 17.8924
      vertex -60.4454 29.99 18.0777
      vertex -59.2823 29.99 18.8158
    endloop
  endfacet
  facet normal 0 1 0
    outer loop
      vertex -59.5136 29.99 17.8924
      vertex -60.5987 29.99 17.0439
      vertex -60.4454 29.99 18.0777
    endloop
  endfacet
  facet normal 0 1 -0
    outer loop
      vertex -59.6533 29.99 16.9508
      vertex -60.5987 29.99 17.0439
      vertex -59.5136 29.99 17.8924
    endloop
  endfacet
  facet normal 0 1 -0
    outer loop
      vertex -59.7 29.99 16
      vertex -60.5987 29.99 17.0439
      vertex -59.6533 29.99 16.9508
    endloop
  endfacet
  facet normal 0 1 0
    outer loop
      vertex -59.7 29.99 16
      vertex -60.65 29.99 16
      vertex -60.5987 29.99 17.0439
    endloop
  endfacet
  facet normal 0 1 0
    outer loop
      vertex -59.6533 29.99 15.0492
      vertex -60.65 29.99 16
      vertex -59.7 29.99 16
    endloop
  endfacet
  facet normal 0 1 0
    outer loop
      vertex -59.6533 29.99 15.0492
      vertex -60.5987 29.99 14.9561
      vertex -60.65 29.99 16
    endloop
  endfacet
  facet normal 0 1 0
    outer loop
      vertex -59.5136 29.99 14.1076
      vertex -60.5987 29.99 14.9561
      vertex -59.6533 29.99 15.0492
    endloop
  endfacet
  facet normal 0 1 0
    outer loop
      vertex -59.5136 29.99 14.1076
      vertex -60.4454 29.99 13.9223
      vertex -60.5987 29.99 14.9561
    endloop
  endfacet
  facet normal 0 1 0
    outer loop
      vertex -59.2823 29.99 13.1842
      vertex -60.4454 29.99 13.9223
      vertex -59.5136 29.99 14.1076
    endloop
  endfacet
  facet normal 0 1 0
    outer loop
      vertex -59.2823 29.99 13.1842
      vertex -60.1914 29.99 12.9085
      vertex -60.4454 29.99 13.9223
    endloop
  endfacet
  facet normal 0 1 0
    outer loop
      vertex -58.9616 29.99 12.288
      vertex -60.1914 29.99 12.9085
      vertex -59.2823 29.99 13.1842
    endloop
  endfacet
  facet normal 0 1 0
    outer loop
      vertex -58.9616 29.99 12.288
      vertex -59.8393 29.99 11.9244
      vertex -60.1914 29.99 12.9085
    endloop
  endfacet
  facet normal 0 1 0
    outer loop
      vertex -58.5546 29.99 11.4275
      vertex -59.8393 29.99 11.9244
      vertex -58.9616 29.99 12.288
    endloop
  endfacet
  facet normal 0 1 0
    outer loop
      vertex -58.5546 29.99 11.4275
      vertex -59.3925 29.99 10.9796
      vertex -59.8393 29.99 11.9244
    endloop
  endfacet
  facet normal 0 1 0
    outer loop
      vertex -58.0652 29.99 10.611
      vertex -59.3925 29.99 10.9796
      vertex -58.5546 29.99 11.4275
    endloop
  endfacet
  facet normal 0 1 0
    outer loop
      vertex -58.0652 29.99 10.611
      vertex -58.8551 29.99 10.0832
      vertex -59.3925 29.99 10.9796
    endloop
  endfacet
  facet normal 0 1 0
    outer loop
      vertex -57.4982 29.99 9.84639
      vertex -58.8551 29.99 10.0832
      vertex -58.0652 29.99 10.611
    endloop
  endfacet
  facet normal 0 1 0
    outer loop
      vertex -57.4982 29.99 9.84639
      vertex -58.2326 29.99 9.24371
      vertex -58.8551 29.99 10.0832
    endloop
  endfacet
  facet normal 0 1 0
    outer loop
      vertex -56.8589 29.99 9.14107
      vertex -58.2326 29.99 9.24371
      vertex -57.4982 29.99 9.84639
    endloop
  endfacet
  facet normal 0 1 0
    outer loop
      vertex -57.5307 29.99 8.46931
      vertex -56.8589 29.99 9.14107
      vertex -56.1536 29.99 8.5018
    endloop
  endfacet
  facet normal 0 1 0
    outer loop
      vertex -56.8589 29.99 9.14107
      vertex -57.5307 29.99 8.46931
      vertex -58.2326 29.99 9.24371
    endloop
  endfacet
  facet normal 0 1 0
    outer loop
      vertex -56.7563 29.99 7.76744
      vertex -56.1536 29.99 8.5018
      vertex -55.389 29.99 7.93475
    endloop
  endfacet
  facet normal 0 1 0
    outer loop
      vertex -56.1536 29.99 8.5018
      vertex -56.7563 29.99 7.76744
      vertex -57.5307 29.99 8.46931
    endloop
  endfacet
  facet normal 0 1 0
    outer loop
      vertex -55.9168 29.99 7.14485
      vertex -55.389 29.99 7.93475
      vertex -54.5725 29.99 7.44537
    endloop
  endfacet
  facet normal 0 1 0
    outer loop
      vertex -55.389 29.99 7.93475
      vertex -55.9168 29.99 7.14485
      vertex -56.7563 29.99 7.76744
    endloop
  endfacet
  facet normal 0 1 0
    outer loop
      vertex -55.0204 29.99 6.60754
      vertex -54.5725 29.99 7.44537
      vertex -53.712 29.99 7.03838
    endloop
  endfacet
  facet normal 0 1 0
    outer loop
      vertex -54.0756 29.99 6.16069
      vertex -53.712 29.99 7.03838
      vertex -52.8158 29.99 6.71768
    endloop
  endfacet
  facet normal 0 1 0
    outer loop
      vertex -54.5725 29.99 7.44537
      vertex -55.0204 29.99 6.60754
      vertex -55.9168 29.99 7.14485
    endloop
  endfacet
  facet normal 0 1 0
    outer loop
      vertex -53.0915 29.99 5.80859
      vertex -52.8158 29.99 6.71768
      vertex -51.8924 29.99 6.48639
    endloop
  endfacet
  facet normal 0 1 0
    outer loop
      vertex -52.0777 29.99 5.55464
      vertex -51.8924 29.99 6.48639
      vertex -50.9508 29.99 6.34671
    endloop
  endfacet
  facet normal 0 1 0
    outer loop
      vertex -53.712 29.99 7.03838
      vertex -54.0756 29.99 6.16069
      vertex -55.0204 29.99 6.60754
    endloop
  endfacet
  facet normal 0 1 0
    outer loop
      vertex -51.0439 29.99 5.40129
      vertex -50.9508 29.99 6.34671
      vertex -50 29.99 6.3
    endloop
  endfacet
  facet normal 0 1 0
    outer loop
      vertex -48.1076 29.99 6.48639
      vertex -47.9223 29.99 5.55464
      vertex -49.0492 29.99 6.34671
    endloop
  endfacet
  facet normal 0 1 -0
    outer loop
      vertex -48.9561 29.99 5.40129
      vertex -49.0492 29.99 6.34671
      vertex -47.9223 29.99 5.55464
    endloop
  endfacet
  facet normal 0 1 0
    outer loop
      vertex -52.8158 29.99 6.71768
      vertex -53.0915 29.99 5.80859
      vertex -54.0756 29.99 6.16069
    endloop
  endfacet
  facet normal 0 1 0
    outer loop
      vertex -49.0492 29.99 6.34671
      vertex -48.9561 29.99 5.40129
      vertex -50 29.99 6.3
    endloop
  endfacet
  facet normal 0 1 0
    outer loop
      vertex -51.8924 29.99 6.48639
      vertex -52.0777 29.99 5.55464
      vertex -53.0915 29.99 5.80859
    endloop
  endfacet
  facet normal 0 1 0
    outer loop
      vertex -50 29.99 5.35001
      vertex -50 29.99 6.3
      vertex -48.9561 29.99 5.40129
    endloop
  endfacet
  facet normal 0 1 0
    outer loop
      vertex -50.9508 29.99 6.34671
      vertex -51.0439 29.99 5.40129
      vertex -52.0777 29.99 5.55464
    endloop
  endfacet
  facet normal 0 1 0
    outer loop
      vertex -50 29.99 6.3
      vertex -50 29.99 5.35001
      vertex -51.0439 29.99 5.40129
    endloop
  endfacet
  facet normal -0.998795 0 0.0490834
    outer loop
      vertex -39.4013 29.99 14.9561
      vertex -39.35 60 16
      vertex -39.4013 60 14.9561
    endloop
  endfacet
  facet normal -0.998795 0 0.0490834
    outer loop
      vertex -39.35 60 16
      vertex -39.4013 29.99 14.9561
      vertex -39.35 29.99 16
    endloop
  endfacet
  facet normal -0.336876 0 0.941549
    outer loop
      vertex -46.9085 -29.99 5.80859
      vertex -45.9244 -60 6.16069
      vertex -45.9244 -29.99 6.16069
    endloop
  endfacet
  facet normal -0.336876 0 0.941549
    outer loop
      vertex -45.9244 -60 6.16069
      vertex -46.9085 -29.99 5.80859
      vertex -46.9085 -60 5.80859
    endloop
  endfacet
  facet normal 0.998795 0 -0.0490834
    outer loop
      vertex -60.5987 -60 17.0439
      vertex -60.65 -29.99 16
      vertex -60.5987 -29.99 17.0439
    endloop
  endfacet
  facet normal 0.998795 0 -0.0490834
    outer loop
      vertex -60.65 -29.99 16
      vertex -60.5987 -60 17.0439
      vertex -60.65 -60 16
    endloop
  endfacet
  facet normal -0.595683 0 0.803219
    outer loop
      vertex -44.0832 -29.99 7.14485
      vertex -43.2437 -60 7.76744
      vertex -43.2437 -29.99 7.76744
    endloop
  endfacet
  facet normal -0.595683 0 0.803219
    outer loop
      vertex -43.2437 -60 7.76744
      vertex -44.0832 -29.99 7.14485
      vertex -44.0832 -60 7.14485
    endloop
  endfacet
  facet normal 0 0 -1
    outer loop
      vertex -52.9114 -60 28.15
      vertex -47.0886 -29.99 28.15
      vertex -47.0886 -60 28.15
    endloop
  endfacet
  facet normal -0 0 -1
    outer loop
      vertex -47.0886 -29.99 28.15
      vertex -52.9114 -60 28.15
      vertex -52.9114 -29.99 28.15
    endloop
  endfacet
  facet normal -0.740939 0 -0.671572
    outer loop
      vertex -41.7674 -60 22.7563
      vertex -42.4693 -29.99 23.5307
      vertex -41.7674 -29.99 22.7563
    endloop
  endfacet
  facet normal -0.740939 -0 -0.671572
    outer loop
      vertex -42.4693 -29.99 23.5307
      vertex -41.7674 -60 22.7563
      vertex -42.4693 -60 23.5307
    endloop
  endfacet
  facet normal -0.740939 0 0.671572
    outer loop
      vertex -42.4693 -60 8.46931
      vertex -41.7674 -29.99 9.24371
      vertex -42.4693 -29.99 8.46931
    endloop
  endfacet
  facet normal -0.740939 0 0.671572
    outer loop
      vertex -41.7674 -29.99 9.24371
      vertex -42.4693 -60 8.46931
      vertex -41.7674 -60 9.24371
    endloop
  endfacet
  facet normal 0.740939 -0 0.671572
    outer loop
      vertex -58.2326 -60 9.24371
      vertex -57.5307 -29.99 8.46931
      vertex -58.2326 -29.99 9.24371
    endloop
  endfacet
  facet normal 0.740939 0 0.671572
    outer loop
      vertex -57.5307 -29.99 8.46931
      vertex -58.2326 -60 9.24371
      vertex -57.5307 -60 8.46931
    endloop
  endfacet
  facet normal 0.803257 -0 0.595633
    outer loop
      vertex -58.8551 -60 10.0832
      vertex -58.2326 -29.99 9.24371
      vertex -58.8551 -29.99 10.0832
    endloop
  endfacet
  facet normal 0.803257 0 0.595633
    outer loop
      vertex -58.2326 -29.99 9.24371
      vertex -58.8551 -60 10.0832
      vertex -58.2326 -60 9.24371
    endloop
  endfacet
  facet normal 0.857679 0 -0.514186
    outer loop
      vertex -58.8551 -60 21.9168
      vertex -59.3925 -29.99 21.0204
      vertex -58.8551 -29.99 21.9168
    endloop
  endfacet
  facet normal 0.857679 0 -0.514186
    outer loop
      vertex -59.3925 -29.99 21.0204
      vertex -58.8551 -60 21.9168
      vertex -59.3925 -60 21.0204
    endloop
  endfacet
  facet normal 0.146731 0 0.989176
    outer loop
      vertex -52.0777 -29.99 5.55464
      vertex -51.0439 -60 5.40129
      vertex -51.0439 -29.99 5.40129
    endloop
  endfacet
  facet normal 0.146731 0 0.989176
    outer loop
      vertex -51.0439 -60 5.40129
      vertex -52.0777 -29.99 5.55464
      vertex -52.0777 -60 5.55464
    endloop
  endfacet
  facet normal 0.0490643 0 0.998796
    outer loop
      vertex -51.0439 -29.99 5.40129
      vertex -50 -60 5.35001
      vertex -50 -29.99 5.35001
    endloop
  endfacet
  facet normal 0.0490643 0 0.998796
    outer loop
      vertex -50 -60 5.35001
      vertex -51.0439 -29.99 5.40129
      vertex -51.0439 -60 5.40129
    endloop
  endfacet
  facet normal -0.998795 0 -0.0490834
    outer loop
      vertex -39.35 -60 16
      vertex -39.4013 -29.99 17.0439
      vertex -39.35 -29.99 16
    endloop
  endfacet
  facet normal -0.998795 -0 -0.0490834
    outer loop
      vertex -39.4013 -29.99 17.0439
      vertex -39.35 -60 16
      vertex -39.4013 -60 17.0439
    endloop
  endfacet
  facet normal 0.998795 -0 0.0490834
    outer loop
      vertex -60.65 -60 16
      vertex -60.5987 -29.99 14.9561
      vertex -60.65 -29.99 16
    endloop
  endfacet
  facet normal 0.998795 0 0.0490834
    outer loop
      vertex -60.5987 -29.99 14.9561
      vertex -60.65 -60 16
      vertex -60.5987 -60 14.9561
    endloop
  endfacet
  facet normal -0.803257 0 0.595633
    outer loop
      vertex -41.7674 -60 9.24371
      vertex -41.1449 -29.99 10.0832
      vertex -41.7674 -29.99 9.24371
    endloop
  endfacet
  facet normal -0.803257 0 0.595633
    outer loop
      vertex -41.1449 -29.99 10.0832
      vertex -41.7674 -60 9.24371
      vertex -41.1449 -60 10.0832
    endloop
  endfacet
  facet normal -0.941549 0 0.336876
    outer loop
      vertex -40.1607 -60 11.9244
      vertex -39.8086 -29.99 12.9085
      vertex -40.1607 -29.99 11.9244
    endloop
  endfacet
  facet normal -0.941549 0 0.336876
    outer loop
      vertex -39.8086 -29.99 12.9085
      vertex -40.1607 -60 11.9244
      vertex -39.8086 -60 12.9085
    endloop
  endfacet
  facet normal -0.989183 0 0.146684
    outer loop
      vertex -39.5546 -60 13.9223
      vertex -39.4013 -29.99 14.9561
      vertex -39.5546 -29.99 13.9223
    endloop
  endfacet
  facet normal -0.989183 0 0.146684
    outer loop
      vertex -39.4013 -29.99 14.9561
      vertex -39.5546 -60 13.9223
      vertex -39.4013 -60 14.9561
    endloop
  endfacet
  facet normal 0.970019 -0 0.243031
    outer loop
      vertex -60.4454 -60 13.9223
      vertex -60.1914 -29.99 12.9085
      vertex -60.4454 -29.99 13.9223
    endloop
  endfacet
  facet normal 0.970019 0 0.243031
    outer loop
      vertex -60.1914 -29.99 12.9085
      vertex -60.4454 -60 13.9223
      vertex -60.1914 -60 12.9085
    endloop
  endfacet
  facet normal 0.707107 0 -0.707107
    outer loop
      vertex -52.9114 -60 28.15
      vertex -57.5307 -29.99 23.5307
      vertex -52.9114 -29.99 28.15
    endloop
  endfacet
  facet normal 0.707107 0 -0.707107
    outer loop
      vertex -57.5307 -29.99 23.5307
      vertex -52.9114 -60 28.15
      vertex -57.5307 -60 23.5307
    endloop
  endfacet
  facet normal -0.707107 0 -0.707107
    outer loop
      vertex -42.4693 -60 23.5307
      vertex -47.0886 -29.99 28.15
      vertex -42.4693 -29.99 23.5307
    endloop
  endfacet
  facet normal -0.707107 -0 -0.707107
    outer loop
      vertex -47.0886 -29.99 28.15
      vertex -42.4693 -60 23.5307
      vertex -47.0886 -60 28.15
    endloop
  endfacet
  facet normal -0.242986 0 0.97003
    outer loop
      vertex -47.9223 -29.99 5.55464
      vertex -46.9085 -60 5.80859
      vertex -46.9085 -29.99 5.80859
    endloop
  endfacet
  facet normal -0.242986 0 0.97003
    outer loop
      vertex -46.9085 -60 5.80859
      vertex -47.9223 -29.99 5.55464
      vertex -47.9223 -60 5.55464
    endloop
  endfacet
  facet normal -0.0490643 0 0.998796
    outer loop
      vertex -50 -29.99 5.35001
      vertex -48.9561 -60 5.40129
      vertex -48.9561 -29.99 5.40129
    endloop
  endfacet
  facet normal -0.0490643 0 0.998796
    outer loop
      vertex -48.9561 -60 5.40129
      vertex -50 -29.99 5.35001
      vertex -50 -60 5.35001
    endloop
  endfacet
  facet normal -0.90401 0 0.42751
    outer loop
      vertex -40.6075 -60 10.9796
      vertex -40.1607 -29.99 11.9244
      vertex -40.6075 -29.99 10.9796
    endloop
  endfacet
  facet normal -0.90401 0 0.42751
    outer loop
      vertex -40.1607 -29.99 11.9244
      vertex -40.6075 -60 10.9796
      vertex -40.1607 -60 11.9244
    endloop
  endfacet
  facet normal -0.90401 0 -0.42751
    outer loop
      vertex -40.1607 -60 20.0756
      vertex -40.6075 -29.99 21.0204
      vertex -40.1607 -29.99 20.0756
    endloop
  endfacet
  facet normal -0.90401 -0 -0.42751
    outer loop
      vertex -40.6075 -29.99 21.0204
      vertex -40.1607 -60 20.0756
      vertex -40.6075 -60 21.0204
    endloop
  endfacet
  facet normal -0.146731 0 0.989176
    outer loop
      vertex -48.9561 -29.99 5.40129
      vertex -47.9223 -60 5.55464
      vertex -47.9223 -29.99 5.55464
    endloop
  endfacet
  facet normal -0.146731 0 0.989176
    outer loop
      vertex -47.9223 -60 5.55464
      vertex -48.9561 -29.99 5.40129
      vertex -48.9561 -60 5.40129
    endloop
  endfacet
  facet normal 0.970019 0 -0.243031
    outer loop
      vertex -60.1914 -60 19.0915
      vertex -60.4454 -29.99 18.0777
      vertex -60.1914 -29.99 19.0915
    endloop
  endfacet
  facet normal 0.970019 0 -0.243031
    outer loop
      vertex -60.4454 -29.99 18.0777
      vertex -60.1914 -60 19.0915
      vertex -60.4454 -60 18.0777
    endloop
  endfacet
  facet normal 0.740939 0 -0.671572
    outer loop
      vertex -57.5307 -60 23.5307
      vertex -58.2326 -29.99 22.7563
      vertex -57.5307 -29.99 23.5307
    endloop
  endfacet
  facet normal 0.740939 0 -0.671572
    outer loop
      vertex -58.2326 -29.99 22.7563
      vertex -57.5307 -60 23.5307
      vertex -58.2326 -60 22.7563
    endloop
  endfacet
  facet normal 0.857679 -0 0.514186
    outer loop
      vertex -59.3925 -60 10.9796
      vertex -58.8551 -29.99 10.0832
      vertex -59.3925 -29.99 10.9796
    endloop
  endfacet
  facet normal 0.857679 0 0.514186
    outer loop
      vertex -58.8551 -29.99 10.0832
      vertex -59.3925 -60 10.9796
      vertex -58.8551 -60 10.0832
    endloop
  endfacet
  facet normal -0.42755 0 0.903992
    outer loop
      vertex -45.9244 -29.99 6.16069
      vertex -44.9796 -60 6.60754
      vertex -44.9796 -29.99 6.60754
    endloop
  endfacet
  facet normal -0.42755 0 0.903992
    outer loop
      vertex -44.9796 -60 6.60754
      vertex -45.9244 -29.99 6.16069
      vertex -45.9244 -60 6.16069
    endloop
  endfacet
  facet normal -0.970019 0 -0.243031
    outer loop
      vertex -39.5546 -60 18.0777
      vertex -39.8086 -29.99 19.0915
      vertex -39.5546 -29.99 18.0777
    endloop
  endfacet
  facet normal -0.970019 -0 -0.243031
    outer loop
      vertex -39.8086 -29.99 19.0915
      vertex -39.5546 -60 18.0777
      vertex -39.8086 -60 19.0915
    endloop
  endfacet
  facet normal 0.514123 0 0.857717
    outer loop
      vertex -55.9168 -29.99 7.14485
      vertex -55.0204 -60 6.60754
      vertex -55.0204 -29.99 6.60754
    endloop
  endfacet
  facet normal 0.514123 0 0.857717
    outer loop
      vertex -55.0204 -60 6.60754
      vertex -55.9168 -29.99 7.14485
      vertex -55.9168 -60 7.14485
    endloop
  endfacet
  facet normal -0.514123 0 0.857717
    outer loop
      vertex -44.9796 -29.99 6.60754
      vertex -44.0832 -60 7.14485
      vertex -44.0832 -29.99 7.14485
    endloop
  endfacet
  facet normal -0.514123 0 0.857717
    outer loop
      vertex -44.0832 -60 7.14485
      vertex -44.9796 -29.99 6.60754
      vertex -44.9796 -60 6.60754
    endloop
  endfacet
  facet normal -0.671556 0 0.740954
    outer loop
      vertex -43.2437 -29.99 7.76744
      vertex -42.4693 -60 8.46931
      vertex -42.4693 -29.99 8.46931
    endloop
  endfacet
  facet normal -0.671556 0 0.740954
    outer loop
      vertex -42.4693 -60 8.46931
      vertex -43.2437 -29.99 7.76744
      vertex -43.2437 -60 7.76744
    endloop
  endfacet
  facet normal 0.42755 0 0.903992
    outer loop
      vertex -55.0204 -29.99 6.60754
      vertex -54.0756 -60 6.16069
      vertex -54.0756 -29.99 6.16069
    endloop
  endfacet
  facet normal 0.42755 0 0.903992
    outer loop
      vertex -54.0756 -60 6.16069
      vertex -55.0204 -29.99 6.60754
      vertex -55.0204 -60 6.60754
    endloop
  endfacet
  facet normal 0.941549 -0 0.336876
    outer loop
      vertex -60.1914 -60 12.9085
      vertex -59.8393 -29.99 11.9244
      vertex -60.1914 -29.99 12.9085
    endloop
  endfacet
  facet normal 0.941549 0 0.336876
    outer loop
      vertex -59.8393 -29.99 11.9244
      vertex -60.1914 -60 12.9085
      vertex -59.8393 -60 11.9244
    endloop
  endfacet
  facet normal 0.90401 -0 0.42751
    outer loop
      vertex -59.8393 -60 11.9244
      vertex -59.3925 -29.99 10.9796
      vertex -59.8393 -29.99 11.9244
    endloop
  endfacet
  facet normal 0.90401 0 0.42751
    outer loop
      vertex -59.3925 -29.99 10.9796
      vertex -59.8393 -60 11.9244
      vertex -59.3925 -60 10.9796
    endloop
  endfacet
  facet normal 0.90401 0 -0.42751
    outer loop
      vertex -59.3925 -60 21.0204
      vertex -59.8393 -29.99 20.0756
      vertex -59.3925 -29.99 21.0204
    endloop
  endfacet
  facet normal 0.90401 0 -0.42751
    outer loop
      vertex -59.8393 -29.99 20.0756
      vertex -59.3925 -60 21.0204
      vertex -59.8393 -60 20.0756
    endloop
  endfacet
  facet normal 0.595683 0 0.803219
    outer loop
      vertex -56.7563 -29.99 7.76744
      vertex -55.9168 -60 7.14485
      vertex -55.9168 -29.99 7.14485
    endloop
  endfacet
  facet normal 0.595683 0 0.803219
    outer loop
      vertex -55.9168 -60 7.14485
      vertex -56.7563 -29.99 7.76744
      vertex -56.7563 -60 7.76744
    endloop
  endfacet
  facet normal 0.80326 0 -0.595628
    outer loop
      vertex -58.2326 -60 22.7563
      vertex -58.8551 -29.99 21.9168
      vertex -58.2326 -29.99 22.7563
    endloop
  endfacet
  facet normal 0.80326 0 -0.595628
    outer loop
      vertex -58.8551 -29.99 21.9168
      vertex -58.2326 -60 22.7563
      vertex -58.8551 -60 21.9168
    endloop
  endfacet
  facet normal -0.80326 0 -0.595628
    outer loop
      vertex -41.1449 -60 21.9168
      vertex -41.7674 -29.99 22.7563
      vertex -41.1449 -29.99 21.9168
    endloop
  endfacet
  facet normal -0.80326 -0 -0.595628
    outer loop
      vertex -41.7674 -29.99 22.7563
      vertex -41.1449 -60 21.9168
      vertex -41.7674 -60 22.7563
    endloop
  endfacet
  facet normal -0.941549 0 -0.336876
    outer loop
      vertex -39.8086 -60 19.0915
      vertex -40.1607 -29.99 20.0756
      vertex -39.8086 -29.99 19.0915
    endloop
  endfacet
  facet normal -0.941549 -0 -0.336876
    outer loop
      vertex -40.1607 -29.99 20.0756
      vertex -39.8086 -60 19.0915
      vertex -40.1607 -60 20.0756
    endloop
  endfacet
  facet normal 0.989183 -0 0.146684
    outer loop
      vertex -60.5987 -60 14.9561
      vertex -60.4454 -29.99 13.9223
      vertex -60.5987 -29.99 14.9561
    endloop
  endfacet
  facet normal 0.989183 0 0.146684
    outer loop
      vertex -60.4454 -29.99 13.9223
      vertex -60.5987 -60 14.9561
      vertex -60.4454 -60 13.9223
    endloop
  endfacet
  facet normal -0.970019 0 0.243031
    outer loop
      vertex -39.8086 -60 12.9085
      vertex -39.5546 -29.99 13.9223
      vertex -39.8086 -29.99 12.9085
    endloop
  endfacet
  facet normal -0.970019 0 0.243031
    outer loop
      vertex -39.5546 -29.99 13.9223
      vertex -39.8086 -60 12.9085
      vertex -39.5546 -60 13.9223
    endloop
  endfacet
  facet normal -0.857679 0 -0.514186
    outer loop
      vertex -40.6075 -60 21.0204
      vertex -41.1449 -29.99 21.9168
      vertex -40.6075 -29.99 21.0204
    endloop
  endfacet
  facet normal -0.857679 -0 -0.514186
    outer loop
      vertex -41.1449 -29.99 21.9168
      vertex -40.6075 -60 21.0204
      vertex -41.1449 -60 21.9168
    endloop
  endfacet
  facet normal 0.989183 0 -0.146684
    outer loop
      vertex -60.4454 -60 18.0777
      vertex -60.5987 -29.99 17.0439
      vertex -60.4454 -29.99 18.0777
    endloop
  endfacet
  facet normal 0.989183 0 -0.146684
    outer loop
      vertex -60.5987 -29.99 17.0439
      vertex -60.4454 -60 18.0777
      vertex -60.5987 -60 17.0439
    endloop
  endfacet
  facet normal -0.989183 0 -0.146684
    outer loop
      vertex -39.4013 -60 17.0439
      vertex -39.5546 -29.99 18.0777
      vertex -39.4013 -29.99 17.0439
    endloop
  endfacet
  facet normal -0.989183 -0 -0.146684
    outer loop
      vertex -39.5546 -29.99 18.0777
      vertex -39.4013 -60 17.0439
      vertex -39.5546 -60 18.0777
    endloop
  endfacet
  facet normal 0.941549 0 -0.336876
    outer loop
      vertex -59.8393 -60 20.0756
      vertex -60.1914 -29.99 19.0915
      vertex -59.8393 -29.99 20.0756
    endloop
  endfacet
  facet normal 0.941549 0 -0.336876
    outer loop
      vertex -60.1914 -29.99 19.0915
      vertex -59.8393 -60 20.0756
      vertex -60.1914 -60 19.0915
    endloop
  endfacet
  facet normal -0.857679 0 0.514186
    outer loop
      vertex -41.1449 -60 10.0832
      vertex -40.6075 -29.99 10.9796
      vertex -41.1449 -29.99 10.0832
    endloop
  endfacet
  facet normal -0.857679 0 0.514186
    outer loop
      vertex -40.6075 -29.99 10.9796
      vertex -41.1449 -60 10.0832
      vertex -40.6075 -60 10.9796
    endloop
  endfacet
  facet normal 0 -1 0
    outer loop
      vertex -52.9114 -29.99 28.15
      vertex -52.5179 -29.99 27.2
      vertex -47.0886 -29.99 28.15
    endloop
  endfacet
  facet normal 0 -1 0
    outer loop
      vertex -57.5307 -29.99 23.5307
      vertex -52.5179 -29.99 27.2
      vertex -52.9114 -29.99 28.15
    endloop
  endfacet
  facet normal 0 -1 0
    outer loop
      vertex -57.5307 -29.99 23.5307
      vertex -56.8589 -29.99 22.8589
      vertex -52.5179 -29.99 27.2
    endloop
  endfacet
  facet normal 0 -1 0
    outer loop
      vertex -58.2326 -29.99 22.7563
      vertex -56.8589 -29.99 22.8589
      vertex -57.5307 -29.99 23.5307
    endloop
  endfacet
  facet normal 0 -1 0
    outer loop
      vertex -58.2326 -29.99 22.7563
      vertex -57.4982 -29.99 22.1536
      vertex -56.8589 -29.99 22.8589
    endloop
  endfacet
  facet normal 0 -1 0
    outer loop
      vertex -58.8551 -29.99 21.9168
      vertex -57.4982 -29.99 22.1536
      vertex -58.2326 -29.99 22.7563
    endloop
  endfacet
  facet normal 0 -1 0
    outer loop
      vertex -58.8551 -29.99 21.9168
      vertex -58.0652 -29.99 21.389
      vertex -57.4982 -29.99 22.1536
    endloop
  endfacet
  facet normal 0 -1 0
    outer loop
      vertex -59.3925 -29.99 21.0204
      vertex -58.0652 -29.99 21.389
      vertex -58.8551 -29.99 21.9168
    endloop
  endfacet
  facet normal 0 -1 0
    outer loop
      vertex -59.3925 -29.99 21.0204
      vertex -58.5546 -29.99 20.5725
      vertex -58.0652 -29.99 21.389
    endloop
  endfacet
  facet normal 0 -1 0
    outer loop
      vertex -59.8393 -29.99 20.0756
      vertex -58.5546 -29.99 20.5725
      vertex -59.3925 -29.99 21.0204
    endloop
  endfacet
  facet normal 0 -1 0
    outer loop
      vertex -59.8393 -29.99 20.0756
      vertex -58.9616 -29.99 19.712
      vertex -58.5546 -29.99 20.5725
    endloop
  endfacet
  facet normal 0 -1 0
    outer loop
      vertex -60.1914 -29.99 19.0915
      vertex -58.9616 -29.99 19.712
      vertex -59.8393 -29.99 20.0756
    endloop
  endfacet
  facet normal 0 -1 0
    outer loop
      vertex -60.1914 -29.99 19.0915
      vertex -59.2823 -29.99 18.8158
      vertex -58.9616 -29.99 19.712
    endloop
  endfacet
  facet normal 0 -1 0
    outer loop
      vertex -60.4454 -29.99 18.0777
      vertex -59.2823 -29.99 18.8158
      vertex -60.1914 -29.99 19.0915
    endloop
  endfacet
  facet normal 0 -1 0
    outer loop
      vertex -60.4454 -29.99 18.0777
      vertex -59.5136 -29.99 17.8924
      vertex -59.2823 -29.99 18.8158
    endloop
  endfacet
  facet normal 0 -1 0
    outer loop
      vertex -60.5987 -29.99 17.0439
      vertex -59.5136 -29.99 17.8924
      vertex -60.4454 -29.99 18.0777
    endloop
  endfacet
  facet normal 0 -1 0
    outer loop
      vertex -60.5987 -29.99 17.0439
      vertex -59.6533 -29.99 16.9508
      vertex -59.5136 -29.99 17.8924
    endloop
  endfacet
  facet normal 0 -1 0
    outer loop
      vertex -60.65 -29.99 16
      vertex -59.6533 -29.99 16.9508
      vertex -60.5987 -29.99 17.0439
    endloop
  endfacet
  facet normal 0 -1 0
    outer loop
      vertex -60.65 -29.99 16
      vertex -59.7 -29.99 16
      vertex -59.6533 -29.99 16.9508
    endloop
  endfacet
  facet normal 0 -1 0
    outer loop
      vertex -60.65 -29.99 16
      vertex -59.6533 -29.99 15.0492
      vertex -59.7 -29.99 16
    endloop
  endfacet
  facet normal 0 -1 0
    outer loop
      vertex -60.5987 -29.99 14.9561
      vertex -59.6533 -29.99 15.0492
      vertex -60.65 -29.99 16
    endloop
  endfacet
  facet normal 0 -1 0
    outer loop
      vertex -60.5987 -29.99 14.9561
      vertex -59.5136 -29.99 14.1076
      vertex -59.6533 -29.99 15.0492
    endloop
  endfacet
  facet normal 0 -1 0
    outer loop
      vertex -60.4454 -29.99 13.9223
      vertex -59.5136 -29.99 14.1076
      vertex -60.5987 -29.99 14.9561
    endloop
  endfacet
  facet normal 0 -1 0
    outer loop
      vertex -60.4454 -29.99 13.9223
      vertex -59.2823 -29.99 13.1842
      vertex -59.5136 -29.99 14.1076
    endloop
  endfacet
  facet normal 0 -1 0
    outer loop
      vertex -60.1914 -29.99 12.9085
      vertex -59.2823 -29.99 13.1842
      vertex -60.4454 -29.99 13.9223
    endloop
  endfacet
  facet normal 0 -1 0
    outer loop
      vertex -60.1914 -29.99 12.9085
      vertex -58.9616 -29.99 12.288
      vertex -59.2823 -29.99 13.1842
    endloop
  endfacet
  facet normal 0 -1 0
    outer loop
      vertex -59.8393 -29.99 11.9244
      vertex -58.9616 -29.99 12.288
      vertex -60.1914 -29.99 12.9085
    endloop
  endfacet
  facet normal 0 -1 0
    outer loop
      vertex -59.8393 -29.99 11.9244
      vertex -58.5546 -29.99 11.4275
      vertex -58.9616 -29.99 12.288
    endloop
  endfacet
  facet normal 0 -1 0
    outer loop
      vertex -59.3925 -29.99 10.9796
      vertex -58.5546 -29.99 11.4275
      vertex -59.8393 -29.99 11.9244
    endloop
  endfacet
  facet normal 0 -1 0
    outer loop
      vertex -59.3925 -29.99 10.9796
      vertex -58.0652 -29.99 10.611
      vertex -58.5546 -29.99 11.4275
    endloop
  endfacet
  facet normal 0 -1 0
    outer loop
      vertex -58.8551 -29.99 10.0832
      vertex -58.0652 -29.99 10.611
      vertex -59.3925 -29.99 10.9796
    endloop
  endfacet
  facet normal 0 -1 0
    outer loop
      vertex -58.8551 -29.99 10.0832
      vertex -57.4982 -29.99 9.84639
      vertex -58.0652 -29.99 10.611
    endloop
  endfacet
  facet normal 0 -1 0
    outer loop
      vertex -58.2326 -29.99 9.24371
      vertex -57.4982 -29.99 9.84639
      vertex -58.8551 -29.99 10.0832
    endloop
  endfacet
  facet normal 0 -1 0
    outer loop
      vertex -58.2326 -29.99 9.24371
      vertex -56.8589 -29.99 9.14107
      vertex -57.4982 -29.99 9.84639
    endloop
  endfacet
  facet normal 0 -1 0
    outer loop
      vertex -57.5307 -29.99 8.46931
      vertex -56.8589 -29.99 9.14107
      vertex -58.2326 -29.99 9.24371
    endloop
  endfacet
  facet normal 0 -1 -0
    outer loop
      vertex -56.8589 -29.99 9.14107
      vertex -57.5307 -29.99 8.46931
      vertex -56.1536 -29.99 8.5018
    endloop
  endfacet
  facet normal 0 -1 0
    outer loop
      vertex -56.7563 -29.99 7.76744
      vertex -56.1536 -29.99 8.5018
      vertex -57.5307 -29.99 8.46931
    endloop
  endfacet
  facet normal 0 -1 -0
    outer loop
      vertex -56.1536 -29.99 8.5018
      vertex -56.7563 -29.99 7.76744
      vertex -55.389 -29.99 7.93475
    endloop
  endfacet
  facet normal 0 -1 0
    outer loop
      vertex -55.9168 -29.99 7.14485
      vertex -55.389 -29.99 7.93475
      vertex -56.7563 -29.99 7.76744
    endloop
  endfacet
  facet normal 0 -1 -0
    outer loop
      vertex -55.389 -29.99 7.93475
      vertex -55.9168 -29.99 7.14485
      vertex -54.5725 -29.99 7.44537
    endloop
  endfacet
  facet normal 0 -1 0
    outer loop
      vertex -55.0204 -29.99 6.60754
      vertex -54.5725 -29.99 7.44537
      vertex -55.9168 -29.99 7.14485
    endloop
  endfacet
  facet normal 0 -1 -0
    outer loop
      vertex -54.5725 -29.99 7.44537
      vertex -55.0204 -29.99 6.60754
      vertex -53.712 -29.99 7.03838
    endloop
  endfacet
  facet normal 0 -1 0
    outer loop
      vertex -54.0756 -29.99 6.16069
      vertex -53.712 -29.99 7.03838
      vertex -55.0204 -29.99 6.60754
    endloop
  endfacet
  facet normal 0 -1 -0
    outer loop
      vertex -53.712 -29.99 7.03838
      vertex -54.0756 -29.99 6.16069
      vertex -52.8158 -29.99 6.71768
    endloop
  endfacet
  facet normal 0 -1 0
    outer loop
      vertex -53.0915 -29.99 5.80859
      vertex -52.8158 -29.99 6.71768
      vertex -54.0756 -29.99 6.16069
    endloop
  endfacet
  facet normal 0 -1 0
    outer loop
      vertex -52.0777 -29.99 5.55464
      vertex -51.8924 -29.99 6.48639
      vertex -53.0915 -29.99 5.80859
    endloop
  endfacet
  facet normal 0 -1 -0
    outer loop
      vertex -52.8158 -29.99 6.71768
      vertex -53.0915 -29.99 5.80859
      vertex -51.8924 -29.99 6.48639
    endloop
  endfacet
  facet normal 0 -1 0
    outer loop
      vertex -47.4821 -29.99 27.2
      vertex -47.0886 -29.99 28.15
      vertex -52.5179 -29.99 27.2
    endloop
  endfacet
  facet normal 0 -1 0
    outer loop
      vertex -47.4821 -29.99 27.2
      vertex -42.4693 -29.99 23.5307
      vertex -47.0886 -29.99 28.15
    endloop
  endfacet
  facet normal 0 -1 0
    outer loop
      vertex -43.1411 -29.99 22.8589
      vertex -42.4693 -29.99 23.5307
      vertex -47.4821 -29.99 27.2
    endloop
  endfacet
  facet normal 0 -1 0
    outer loop
      vertex -43.1411 -29.99 22.8589
      vertex -41.7674 -29.99 22.7563
      vertex -42.4693 -29.99 23.5307
    endloop
  endfacet
  facet normal 0 -1 0
    outer loop
      vertex -42.5018 -29.99 22.1536
      vertex -41.7674 -29.99 22.7563
      vertex -43.1411 -29.99 22.8589
    endloop
  endfacet
  facet normal 0 -1 0
    outer loop
      vertex -42.5018 -29.99 22.1536
      vertex -41.1449 -29.99 21.9168
      vertex -41.7674 -29.99 22.7563
    endloop
  endfacet
  facet normal 0 -1 0
    outer loop
      vertex -41.9348 -29.99 21.389
      vertex -41.1449 -29.99 21.9168
      vertex -42.5018 -29.99 22.1536
    endloop
  endfacet
  facet normal 0 -1 0
    outer loop
      vertex -41.9348 -29.99 21.389
      vertex -40.6075 -29.99 21.0204
      vertex -41.1449 -29.99 21.9168
    endloop
  endfacet
  facet normal 0 -1 0
    outer loop
      vertex -41.4454 -29.99 20.5725
      vertex -40.6075 -29.99 21.0204
      vertex -41.9348 -29.99 21.389
    endloop
  endfacet
  facet normal 0 -1 0
    outer loop
      vertex -41.4454 -29.99 20.5725
      vertex -40.1607 -29.99 20.0756
      vertex -40.6075 -29.99 21.0204
    endloop
  endfacet
  facet normal 0 -1 0
    outer loop
      vertex -41.0384 -29.99 19.712
      vertex -40.1607 -29.99 20.0756
      vertex -41.4454 -29.99 20.5725
    endloop
  endfacet
  facet normal 0 -1 0
    outer loop
      vertex -41.0384 -29.99 19.712
      vertex -39.8086 -29.99 19.0915
      vertex -40.1607 -29.99 20.0756
    endloop
  endfacet
  facet normal 0 -1 0
    outer loop
      vertex -40.7177 -29.99 18.8158
      vertex -39.8086 -29.99 19.0915
      vertex -41.0384 -29.99 19.712
    endloop
  endfacet
  facet normal 0 -1 0
    outer loop
      vertex -40.7177 -29.99 18.8158
      vertex -39.5546 -29.99 18.0777
      vertex -39.8086 -29.99 19.0915
    endloop
  endfacet
  facet normal 0 -1 0
    outer loop
      vertex -40.4864 -29.99 17.8924
      vertex -39.5546 -29.99 18.0777
      vertex -40.7177 -29.99 18.8158
    endloop
  endfacet
  facet normal 0 -1 0
    outer loop
      vertex -40.4864 -29.99 17.8924
      vertex -39.4013 -29.99 17.0439
      vertex -39.5546 -29.99 18.0777
    endloop
  endfacet
  facet normal 0 -1 0
    outer loop
      vertex -40.3467 -29.99 16.9508
      vertex -39.4013 -29.99 17.0439
      vertex -40.4864 -29.99 17.8924
    endloop
  endfacet
  facet normal 0 -1 0
    outer loop
      vertex -40.3 -29.99 16
      vertex -39.4013 -29.99 17.0439
      vertex -40.3467 -29.99 16.9508
    endloop
  endfacet
  facet normal 0 -1 0
    outer loop
      vertex -40.3 -29.99 16
      vertex -39.35 -29.99 16
      vertex -39.4013 -29.99 17.0439
    endloop
  endfacet
  facet normal 0 -1 0
    outer loop
      vertex -40.3467 -29.99 15.0492
      vertex -39.35 -29.99 16
      vertex -40.3 -29.99 16
    endloop
  endfacet
  facet normal 0 -1 0
    outer loop
      vertex -40.3467 -29.99 15.0492
      vertex -39.4013 -29.99 14.9561
      vertex -39.35 -29.99 16
    endloop
  endfacet
  facet normal 0 -1 0
    outer loop
      vertex -40.4864 -29.99 14.1076
      vertex -39.4013 -29.99 14.9561
      vertex -40.3467 -29.99 15.0492
    endloop
  endfacet
  facet normal 0 -1 0
    outer loop
      vertex -40.4864 -29.99 14.1076
      vertex -39.5546 -29.99 13.9223
      vertex -39.4013 -29.99 14.9561
    endloop
  endfacet
  facet normal 0 -1 0
    outer loop
      vertex -40.7177 -29.99 13.1842
      vertex -39.5546 -29.99 13.9223
      vertex -40.4864 -29.99 14.1076
    endloop
  endfacet
  facet normal 0 -1 0
    outer loop
      vertex -40.7177 -29.99 13.1842
      vertex -39.8086 -29.99 12.9085
      vertex -39.5546 -29.99 13.9223
    endloop
  endfacet
  facet normal 0 -1 0
    outer loop
      vertex -41.0384 -29.99 12.288
      vertex -39.8086 -29.99 12.9085
      vertex -40.7177 -29.99 13.1842
    endloop
  endfacet
  facet normal 0 -1 0
    outer loop
      vertex -41.0384 -29.99 12.288
      vertex -40.1607 -29.99 11.9244
      vertex -39.8086 -29.99 12.9085
    endloop
  endfacet
  facet normal 0 -1 0
    outer loop
      vertex -41.4454 -29.99 11.4275
      vertex -40.1607 -29.99 11.9244
      vertex -41.0384 -29.99 12.288
    endloop
  endfacet
  facet normal 0 -1 0
    outer loop
      vertex -41.4454 -29.99 11.4275
      vertex -40.6075 -29.99 10.9796
      vertex -40.1607 -29.99 11.9244
    endloop
  endfacet
  facet normal 0 -1 0
    outer loop
      vertex -41.9348 -29.99 10.611
      vertex -40.6075 -29.99 10.9796
      vertex -41.4454 -29.99 11.4275
    endloop
  endfacet
  facet normal 0 -1 0
    outer loop
      vertex -41.9348 -29.99 10.611
      vertex -41.1449 -29.99 10.0832
      vertex -40.6075 -29.99 10.9796
    endloop
  endfacet
  facet normal 0 -1 0
    outer loop
      vertex -42.5018 -29.99 9.84639
      vertex -41.1449 -29.99 10.0832
      vertex -41.9348 -29.99 10.611
    endloop
  endfacet
  facet normal 0 -1 0
    outer loop
      vertex -42.5018 -29.99 9.84639
      vertex -41.7674 -29.99 9.24371
      vertex -41.1449 -29.99 10.0832
    endloop
  endfacet
  facet normal 0 -1 0
    outer loop
      vertex -43.1411 -29.99 9.14107
      vertex -41.7674 -29.99 9.24371
      vertex -42.5018 -29.99 9.84639
    endloop
  endfacet
  facet normal 0 -1 0
    outer loop
      vertex -42.4693 -29.99 8.46931
      vertex -43.1411 -29.99 9.14107
      vertex -43.8464 -29.99 8.5018
    endloop
  endfacet
  facet normal 0 -1 0
    outer loop
      vertex -43.1411 -29.99 9.14107
      vertex -42.4693 -29.99 8.46931
      vertex -41.7674 -29.99 9.24371
    endloop
  endfacet
  facet normal 0 -1 0
    outer loop
      vertex -43.2437 -29.99 7.76744
      vertex -43.8464 -29.99 8.5018
      vertex -44.611 -29.99 7.93475
    endloop
  endfacet
  facet normal 0 -1 0
    outer loop
      vertex -43.8464 -29.99 8.5018
      vertex -43.2437 -29.99 7.76744
      vertex -42.4693 -29.99 8.46931
    endloop
  endfacet
  facet normal 0 -1 0
    outer loop
      vertex -44.0832 -29.99 7.14485
      vertex -44.611 -29.99 7.93475
      vertex -45.4275 -29.99 7.44537
    endloop
  endfacet
  facet normal 0 -1 0
    outer loop
      vertex -44.611 -29.99 7.93475
      vertex -44.0832 -29.99 7.14485
      vertex -43.2437 -29.99 7.76744
    endloop
  endfacet
  facet normal 0 -1 0
    outer loop
      vertex -44.9796 -29.99 6.60754
      vertex -45.4275 -29.99 7.44537
      vertex -46.288 -29.99 7.03838
    endloop
  endfacet
  facet normal 0 -1 0
    outer loop
      vertex -45.9244 -29.99 6.16069
      vertex -46.288 -29.99 7.03838
      vertex -47.1842 -29.99 6.71768
    endloop
  endfacet
  facet normal 0 -1 0
    outer loop
      vertex -45.4275 -29.99 7.44537
      vertex -44.9796 -29.99 6.60754
      vertex -44.0832 -29.99 7.14485
    endloop
  endfacet
  facet normal 0 -1 0
    outer loop
      vertex -46.9085 -29.99 5.80859
      vertex -47.1842 -29.99 6.71768
      vertex -48.1076 -29.99 6.48639
    endloop
  endfacet
  facet normal 0 -1 0
    outer loop
      vertex -47.9223 -29.99 5.55464
      vertex -48.1076 -29.99 6.48639
      vertex -49.0492 -29.99 6.34671
    endloop
  endfacet
  facet normal 0 -1 0
    outer loop
      vertex -46.288 -29.99 7.03838
      vertex -45.9244 -29.99 6.16069
      vertex -44.9796 -29.99 6.60754
    endloop
  endfacet
  facet normal 0 -1 0
    outer loop
      vertex -48.9561 -29.99 5.40129
      vertex -49.0492 -29.99 6.34671
      vertex -50 -29.99 6.3
    endloop
  endfacet
  facet normal 0 -1 -0
    outer loop
      vertex -51.8924 -29.99 6.48639
      vertex -52.0777 -29.99 5.55464
      vertex -50.9508 -29.99 6.34671
    endloop
  endfacet
  facet normal 0 -1 0
    outer loop
      vertex -51.0439 -29.99 5.40129
      vertex -50.9508 -29.99 6.34671
      vertex -52.0777 -29.99 5.55464
    endloop
  endfacet
  facet normal 0 -1 0
    outer loop
      vertex -47.1842 -29.99 6.71768
      vertex -46.9085 -29.99 5.80859
      vertex -45.9244 -29.99 6.16069
    endloop
  endfacet
  facet normal 0 -1 -0
    outer loop
      vertex -50.9508 -29.99 6.34671
      vertex -51.0439 -29.99 5.40129
      vertex -50 -29.99 6.3
    endloop
  endfacet
  facet normal 0 -1 0
    outer loop
      vertex -48.1076 -29.99 6.48639
      vertex -47.9223 -29.99 5.55464
      vertex -46.9085 -29.99 5.80859
    endloop
  endfacet
  facet normal 0 -1 0
    outer loop
      vertex -50 -29.99 5.35001
      vertex -50 -29.99 6.3
      vertex -51.0439 -29.99 5.40129
    endloop
  endfacet
  facet normal 0 -1 0
    outer loop
      vertex -49.0492 -29.99 6.34671
      vertex -48.9561 -29.99 5.40129
      vertex -47.9223 -29.99 5.55464
    endloop
  endfacet
  facet normal 0 -1 0
    outer loop
      vertex -50 -29.99 6.3
      vertex -50 -29.99 5.35001
      vertex -48.9561 -29.99 5.40129
    endloop
  endfacet
  facet normal 0.242986 0 0.97003
    outer loop
      vertex -53.0915 -29.99 5.80859
      vertex -52.0777 -60 5.55464
      vertex -52.0777 -29.99 5.55464
    endloop
  endfacet
  facet normal 0.242986 0 0.97003
    outer loop
      vertex -52.0777 -60 5.55464
      vertex -53.0915 -29.99 5.80859
      vertex -53.0915 -60 5.80859
    endloop
  endfacet
  facet normal 0.671556 0 0.740954
    outer loop
      vertex -57.5307 -29.99 8.46931
      vertex -56.7563 -60 7.76744
      vertex -56.7563 -29.99 7.76744
    endloop
  endfacet
  facet normal 0.671556 0 0.740954
    outer loop
      vertex -56.7563 -60 7.76744
      vertex -57.5307 -29.99 8.46931
      vertex -57.5307 -60 8.46931
    endloop
  endfacet
  facet normal 0.336876 0 0.941549
    outer loop
      vertex -54.0756 -29.99 6.16069
      vertex -53.0915 -60 5.80859
      vertex -53.0915 -29.99 5.80859
    endloop
  endfacet
  facet normal 0.336876 0 0.941549
    outer loop
      vertex -53.0915 -60 5.80859
      vertex -54.0756 -29.99 6.16069
      vertex -54.0756 -60 6.16069
    endloop
  endfacet
  facet normal -0.998795 0 0.0490834
    outer loop
      vertex -39.4013 -60 14.9561
      vertex -39.35 -29.99 16
      vertex -39.4013 -29.99 14.9561
    endloop
  endfacet
  facet normal -0.998795 0 0.0490834
    outer loop
      vertex -39.35 -29.99 16
      vertex -39.4013 -60 14.9561
      vertex -39.35 -60 16
    endloop
  endfacet
  facet normal -0.336876 0 0.941549
    outer loop
      vertex 53.0915 60 5.80859
      vertex 54.0756 29.99 6.16069
      vertex 54.0756 60 6.16069
    endloop
  endfacet
  facet normal -0.336876 0 0.941549
    outer loop
      vertex 54.0756 29.99 6.16069
      vertex 53.0915 60 5.80859
      vertex 53.0915 29.99 5.80859
    endloop
  endfacet
  facet normal 0.998795 0 -0.0490834
    outer loop
      vertex 39.4013 29.99 17.0439
      vertex 39.35 60 16
      vertex 39.4013 60 17.0439
    endloop
  endfacet
  facet normal 0.998795 0 -0.0490834
    outer loop
      vertex 39.35 60 16
      vertex 39.4013 29.99 17.0439
      vertex 39.35 29.99 16
    endloop
  endfacet
  facet normal -0.595683 0 0.803219
    outer loop
      vertex 55.9168 60 7.14485
      vertex 56.7563 29.99 7.76744
      vertex 56.7563 60 7.76744
    endloop
  endfacet
  facet normal -0.595683 0 0.803219
    outer loop
      vertex 56.7563 29.99 7.76744
      vertex 55.9168 60 7.14485
      vertex 55.9168 29.99 7.14485
    endloop
  endfacet
  facet normal 0.941549 -0 0.336876
    outer loop
      vertex 39.8086 29.99 12.9085
      vertex 40.1607 60 11.9244
      vertex 39.8086 60 12.9085
    endloop
  endfacet
  facet normal 0.941549 0 0.336876
    outer loop
      vertex 40.1607 60 11.9244
      vertex 39.8086 29.99 12.9085
      vertex 40.1607 29.99 11.9244
    endloop
  endfacet
  facet normal 0 0 -1
    outer loop
      vertex 47.0886 29.99 28.15
      vertex 52.9114 60 28.15
      vertex 52.9114 29.99 28.15
    endloop
  endfacet
  facet normal -0 0 -1
    outer loop
      vertex 52.9114 60 28.15
      vertex 47.0886 29.99 28.15
      vertex 47.0886 60 28.15
    endloop
  endfacet
  facet normal -0.740939 0 -0.671572
    outer loop
      vertex 58.2326 29.99 22.7563
      vertex 57.5307 60 23.5307
      vertex 58.2326 60 22.7563
    endloop
  endfacet
  facet normal -0.740939 -0 -0.671572
    outer loop
      vertex 57.5307 60 23.5307
      vertex 58.2326 29.99 22.7563
      vertex 57.5307 29.99 23.5307
    endloop
  endfacet
  facet normal -0.740939 0 0.671572
    outer loop
      vertex 57.5307 29.99 8.46931
      vertex 58.2326 60 9.24371
      vertex 57.5307 60 8.46931
    endloop
  endfacet
  facet normal -0.740939 0 0.671572
    outer loop
      vertex 58.2326 60 9.24371
      vertex 57.5307 29.99 8.46931
      vertex 58.2326 29.99 9.24371
    endloop
  endfacet
  facet normal 0.740939 -0 0.671572
    outer loop
      vertex 41.7674 29.99 9.24371
      vertex 42.4693 60 8.46931
      vertex 41.7674 60 9.24371
    endloop
  endfacet
  facet normal 0.740939 0 0.671572
    outer loop
      vertex 42.4693 60 8.46931
      vertex 41.7674 29.99 9.24371
      vertex 42.4693 29.99 8.46931
    endloop
  endfacet
  facet normal 0.803257 -0 0.595633
    outer loop
      vertex 41.1449 29.99 10.0832
      vertex 41.7674 60 9.24371
      vertex 41.1449 60 10.0832
    endloop
  endfacet
  facet normal 0.803257 0 0.595633
    outer loop
      vertex 41.7674 60 9.24371
      vertex 41.1449 29.99 10.0832
      vertex 41.7674 29.99 9.24371
    endloop
  endfacet
  facet normal 0.857679 0 -0.514186
    outer loop
      vertex 41.1449 29.99 21.9168
      vertex 40.6075 60 21.0204
      vertex 41.1449 60 21.9168
    endloop
  endfacet
  facet normal 0.857679 0 -0.514186
    outer loop
      vertex 40.6075 60 21.0204
      vertex 41.1449 29.99 21.9168
      vertex 40.6075 29.99 21.0204
    endloop
  endfacet
  facet normal 0.146731 0 0.989176
    outer loop
      vertex 47.9223 60 5.55464
      vertex 48.9561 29.99 5.40129
      vertex 48.9561 60 5.40129
    endloop
  endfacet
  facet normal 0.146731 0 0.989176
    outer loop
      vertex 48.9561 29.99 5.40129
      vertex 47.9223 60 5.55464
      vertex 47.9223 29.99 5.55464
    endloop
  endfacet
  facet normal 0.0490643 0 0.998796
    outer loop
      vertex 48.9561 60 5.40129
      vertex 50 29.99 5.35001
      vertex 50 60 5.35001
    endloop
  endfacet
  facet normal 0.0490643 0 0.998796
    outer loop
      vertex 50 29.99 5.35001
      vertex 48.9561 60 5.40129
      vertex 48.9561 29.99 5.40129
    endloop
  endfacet
  facet normal -0.998795 0 -0.0490834
    outer loop
      vertex 60.65 29.99 16
      vertex 60.5987 60 17.0439
      vertex 60.65 60 16
    endloop
  endfacet
  facet normal -0.998795 -0 -0.0490834
    outer loop
      vertex 60.5987 60 17.0439
      vertex 60.65 29.99 16
      vertex 60.5987 29.99 17.0439
    endloop
  endfacet
  facet normal -0.803257 0 0.595633
    outer loop
      vertex 58.2326 29.99 9.24371
      vertex 58.8551 60 10.0832
      vertex 58.2326 60 9.24371
    endloop
  endfacet
  facet normal -0.803257 0 0.595633
    outer loop
      vertex 58.8551 60 10.0832
      vertex 58.2326 29.99 9.24371
      vertex 58.8551 29.99 10.0832
    endloop
  endfacet
  facet normal -0.514123 0 0.857717
    outer loop
      vertex 55.0204 60 6.60754
      vertex 55.9168 29.99 7.14485
      vertex 55.9168 60 7.14485
    endloop
  endfacet
  facet normal -0.514123 0 0.857717
    outer loop
      vertex 55.9168 29.99 7.14485
      vertex 55.0204 60 6.60754
      vertex 55.0204 29.99 6.60754
    endloop
  endfacet
  facet normal -0.941549 0 0.336876
    outer loop
      vertex 59.8393 29.99 11.9244
      vertex 60.1914 60 12.9085
      vertex 59.8393 60 11.9244
    endloop
  endfacet
  facet normal -0.941549 0 0.336876
    outer loop
      vertex 60.1914 60 12.9085
      vertex 59.8393 29.99 11.9244
      vertex 60.1914 29.99 12.9085
    endloop
  endfacet
  facet normal -0.989183 0 0.146684
    outer loop
      vertex 60.4454 29.99 13.9223
      vertex 60.5987 60 14.9561
      vertex 60.4454 60 13.9223
    endloop
  endfacet
  facet normal -0.989183 0 0.146684
    outer loop
      vertex 60.5987 60 14.9561
      vertex 60.4454 29.99 13.9223
      vertex 60.5987 29.99 14.9561
    endloop
  endfacet
  facet normal 0.740939 0 -0.671572
    outer loop
      vertex 42.4693 29.99 23.5307
      vertex 41.7674 60 22.7563
      vertex 42.4693 60 23.5307
    endloop
  endfacet
  facet normal 0.740939 0 -0.671572
    outer loop
      vertex 41.7674 60 22.7563
      vertex 42.4693 29.99 23.5307
      vertex 41.7674 29.99 22.7563
    endloop
  endfacet
  facet normal 0.970019 -0 0.243031
    outer loop
      vertex 39.5546 29.99 13.9223
      vertex 39.8086 60 12.9085
      vertex 39.5546 60 13.9223
    endloop
  endfacet
  facet normal 0.970019 0 0.243031
    outer loop
      vertex 39.8086 60 12.9085
      vertex 39.5546 29.99 13.9223
      vertex 39.8086 29.99 12.9085
    endloop
  endfacet
  facet normal 0.707107 0 -0.707107
    outer loop
      vertex 47.0886 29.99 28.15
      vertex 42.4693 60 23.5307
      vertex 47.0886 60 28.15
    endloop
  endfacet
  facet normal 0.707107 0 -0.707107
    outer loop
      vertex 42.4693 60 23.5307
      vertex 47.0886 29.99 28.15
      vertex 42.4693 29.99 23.5307
    endloop
  endfacet
  facet normal -0.707107 0 -0.707107
    outer loop
      vertex 57.5307 29.99 23.5307
      vertex 52.9114 60 28.15
      vertex 57.5307 60 23.5307
    endloop
  endfacet
  facet normal -0.707107 -0 -0.707107
    outer loop
      vertex 52.9114 60 28.15
      vertex 57.5307 29.99 23.5307
      vertex 52.9114 29.99 28.15
    endloop
  endfacet
  facet normal -0.242986 0 0.97003
    outer loop
      vertex 52.0777 60 5.55464
      vertex 53.0915 29.99 5.80859
      vertex 53.0915 60 5.80859
    endloop
  endfacet
  facet normal -0.242986 0 0.97003
    outer loop
      vertex 53.0915 29.99 5.80859
      vertex 52.0777 60 5.55464
      vertex 52.0777 29.99 5.55464
    endloop
  endfacet
  facet normal -0.0490643 0 0.998796
    outer loop
      vertex 50 60 5.35001
      vertex 51.0439 29.99 5.40129
      vertex 51.0439 60 5.40129
    endloop
  endfacet
  facet normal -0.0490643 0 0.998796
    outer loop
      vertex 51.0439 29.99 5.40129
      vertex 50 60 5.35001
      vertex 50 29.99 5.35001
    endloop
  endfacet
  facet normal -0.90401 0 0.42751
    outer loop
      vertex 59.3925 29.99 10.9796
      vertex 59.8393 60 11.9244
      vertex 59.3925 60 10.9796
    endloop
  endfacet
  facet normal -0.90401 0 0.42751
    outer loop
      vertex 59.8393 60 11.9244
      vertex 59.3925 29.99 10.9796
      vertex 59.8393 29.99 11.9244
    endloop
  endfacet
  facet normal -0.90401 0 -0.42751
    outer loop
      vertex 59.8393 29.99 20.0756
      vertex 59.3925 60 21.0204
      vertex 59.8393 60 20.0756
    endloop
  endfacet
  facet normal -0.90401 -0 -0.42751
    outer loop
      vertex 59.3925 60 21.0204
      vertex 59.8393 29.99 20.0756
      vertex 59.3925 29.99 21.0204
    endloop
  endfacet
  facet normal -0.146731 0 0.989176
    outer loop
      vertex 51.0439 60 5.40129
      vertex 52.0777 29.99 5.55464
      vertex 52.0777 60 5.55464
    endloop
  endfacet
  facet normal -0.146731 0 0.989176
    outer loop
      vertex 52.0777 29.99 5.55464
      vertex 51.0439 60 5.40129
      vertex 51.0439 29.99 5.40129
    endloop
  endfacet
  facet normal 0.970019 0 -0.243031
    outer loop
      vertex 39.8086 29.99 19.0915
      vertex 39.5546 60 18.0777
      vertex 39.8086 60 19.0915
    endloop
  endfacet
  facet normal 0.970019 0 -0.243031
    outer loop
      vertex 39.5546 60 18.0777
      vertex 39.8086 29.99 19.0915
      vertex 39.5546 29.99 18.0777
    endloop
  endfacet
  facet normal 0.857679 -0 0.514186
    outer loop
      vertex 40.6075 29.99 10.9796
      vertex 41.1449 60 10.0832
      vertex 40.6075 60 10.9796
    endloop
  endfacet
  facet normal 0.857679 0 0.514186
    outer loop
      vertex 41.1449 60 10.0832
      vertex 40.6075 29.99 10.9796
      vertex 41.1449 29.99 10.0832
    endloop
  endfacet
  facet normal -0.42755 0 0.903992
    outer loop
      vertex 54.0756 60 6.16069
      vertex 55.0204 29.99 6.60754
      vertex 55.0204 60 6.60754
    endloop
  endfacet
  facet normal -0.42755 0 0.903992
    outer loop
      vertex 55.0204 29.99 6.60754
      vertex 54.0756 60 6.16069
      vertex 54.0756 29.99 6.16069
    endloop
  endfacet
  facet normal -0.970019 0 -0.243031
    outer loop
      vertex 60.4454 29.99 18.0777
      vertex 60.1914 60 19.0915
      vertex 60.4454 60 18.0777
    endloop
  endfacet
  facet normal -0.970019 -0 -0.243031
    outer loop
      vertex 60.1914 60 19.0915
      vertex 60.4454 29.99 18.0777
      vertex 60.1914 29.99 19.0915
    endloop
  endfacet
  facet normal 0.514123 0 0.857717
    outer loop
      vertex 44.0832 60 7.14485
      vertex 44.9796 29.99 6.60754
      vertex 44.9796 60 6.60754
    endloop
  endfacet
  facet normal 0.514123 0 0.857717
    outer loop
      vertex 44.9796 29.99 6.60754
      vertex 44.0832 60 7.14485
      vertex 44.0832 29.99 7.14485
    endloop
  endfacet
  facet normal -0.671556 0 0.740954
    outer loop
      vertex 56.7563 60 7.76744
      vertex 57.5307 29.99 8.46931
      vertex 57.5307 60 8.46931
    endloop
  endfacet
  facet normal -0.671556 0 0.740954
    outer loop
      vertex 57.5307 29.99 8.46931
      vertex 56.7563 60 7.76744
      vertex 56.7563 29.99 7.76744
    endloop
  endfacet
  facet normal 0.42755 0 0.903992
    outer loop
      vertex 44.9796 60 6.60754
      vertex 45.9244 29.99 6.16069
      vertex 45.9244 60 6.16069
    endloop
  endfacet
  facet normal 0.42755 0 0.903992
    outer loop
      vertex 45.9244 29.99 6.16069
      vertex 44.9796 60 6.60754
      vertex 44.9796 29.99 6.60754
    endloop
  endfacet
  facet normal 0.90401 -0 0.42751
    outer loop
      vertex 40.1607 29.99 11.9244
      vertex 40.6075 60 10.9796
      vertex 40.1607 60 11.9244
    endloop
  endfacet
  facet normal 0.90401 0 0.42751
    outer loop
      vertex 40.6075 60 10.9796
      vertex 40.1607 29.99 11.9244
      vertex 40.6075 29.99 10.9796
    endloop
  endfacet
  facet normal 0.90401 0 -0.42751
    outer loop
      vertex 40.6075 29.99 21.0204
      vertex 40.1607 60 20.0756
      vertex 40.6075 60 21.0204
    endloop
  endfacet
  facet normal 0.90401 0 -0.42751
    outer loop
      vertex 40.1607 60 20.0756
      vertex 40.6075 29.99 21.0204
      vertex 40.1607 29.99 20.0756
    endloop
  endfacet
  facet normal 0.595683 0 0.803219
    outer loop
      vertex 43.2437 60 7.76744
      vertex 44.0832 29.99 7.14485
      vertex 44.0832 60 7.14485
    endloop
  endfacet
  facet normal 0.595683 0 0.803219
    outer loop
      vertex 44.0832 29.99 7.14485
      vertex 43.2437 60 7.76744
      vertex 43.2437 29.99 7.76744
    endloop
  endfacet
  facet normal 0.80326 0 -0.595628
    outer loop
      vertex 41.7674 29.99 22.7563
      vertex 41.1449 60 21.9168
      vertex 41.7674 60 22.7563
    endloop
  endfacet
  facet normal 0.80326 0 -0.595628
    outer loop
      vertex 41.1449 60 21.9168
      vertex 41.7674 29.99 22.7563
      vertex 41.1449 29.99 21.9168
    endloop
  endfacet
  facet normal -0.80326 0 -0.595628
    outer loop
      vertex 58.8551 29.99 21.9168
      vertex 58.2326 60 22.7563
      vertex 58.8551 60 21.9168
    endloop
  endfacet
  facet normal -0.80326 -0 -0.595628
    outer loop
      vertex 58.2326 60 22.7563
      vertex 58.8551 29.99 21.9168
      vertex 58.2326 29.99 22.7563
    endloop
  endfacet
  facet normal -0.941549 0 -0.336876
    outer loop
      vertex 60.1914 29.99 19.0915
      vertex 59.8393 60 20.0756
      vertex 60.1914 60 19.0915
    endloop
  endfacet
  facet normal -0.941549 -0 -0.336876
    outer loop
      vertex 59.8393 60 20.0756
      vertex 60.1914 29.99 19.0915
      vertex 59.8393 29.99 20.0756
    endloop
  endfacet
  facet normal 0.989183 -0 0.146684
    outer loop
      vertex 39.4013 29.99 14.9561
      vertex 39.5546 60 13.9223
      vertex 39.4013 60 14.9561
    endloop
  endfacet
  facet normal 0.989183 0 0.146684
    outer loop
      vertex 39.5546 60 13.9223
      vertex 39.4013 29.99 14.9561
      vertex 39.5546 29.99 13.9223
    endloop
  endfacet
  facet normal -0.970019 0 0.243031
    outer loop
      vertex 60.1914 29.99 12.9085
      vertex 60.4454 60 13.9223
      vertex 60.1914 60 12.9085
    endloop
  endfacet
  facet normal -0.970019 0 0.243031
    outer loop
      vertex 60.4454 60 13.9223
      vertex 60.1914 29.99 12.9085
      vertex 60.4454 29.99 13.9223
    endloop
  endfacet
  facet normal -0.857679 0 -0.514186
    outer loop
      vertex 59.3925 29.99 21.0204
      vertex 58.8551 60 21.9168
      vertex 59.3925 60 21.0204
    endloop
  endfacet
  facet normal -0.857679 -0 -0.514186
    outer loop
      vertex 58.8551 60 21.9168
      vertex 59.3925 29.99 21.0204
      vertex 58.8551 29.99 21.9168
    endloop
  endfacet
  facet normal 0.989183 0 -0.146684
    outer loop
      vertex 39.5546 29.99 18.0777
      vertex 39.4013 60 17.0439
      vertex 39.5546 60 18.0777
    endloop
  endfacet
  facet normal 0.989183 0 -0.146684
    outer loop
      vertex 39.4013 60 17.0439
      vertex 39.5546 29.99 18.0777
      vertex 39.4013 29.99 17.0439
    endloop
  endfacet
  facet normal -0.989183 0 -0.146684
    outer loop
      vertex 60.5987 29.99 17.0439
      vertex 60.4454 60 18.0777
      vertex 60.5987 60 17.0439
    endloop
  endfacet
  facet normal -0.989183 -0 -0.146684
    outer loop
      vertex 60.4454 60 18.0777
      vertex 60.5987 29.99 17.0439
      vertex 60.4454 29.99 18.0777
    endloop
  endfacet
  facet normal 0.941549 0 -0.336876
    outer loop
      vertex 40.1607 29.99 20.0756
      vertex 39.8086 60 19.0915
      vertex 40.1607 60 20.0756
    endloop
  endfacet
  facet normal 0.941549 0 -0.336876
    outer loop
      vertex 39.8086 60 19.0915
      vertex 40.1607 29.99 20.0756
      vertex 39.8086 29.99 19.0915
    endloop
  endfacet
  facet normal 0.998795 -0 0.0490834
    outer loop
      vertex 39.35 29.99 16
      vertex 39.4013 60 14.9561
      vertex 39.35 60 16
    endloop
  endfacet
  facet normal 0.998795 0 0.0490834
    outer loop
      vertex 39.4013 60 14.9561
      vertex 39.35 29.99 16
      vertex 39.4013 29.99 14.9561
    endloop
  endfacet
  facet normal -0.857679 0 0.514186
    outer loop
      vertex 58.8551 29.99 10.0832
      vertex 59.3925 60 10.9796
      vertex 58.8551 60 10.0832
    endloop
  endfacet
  facet normal -0.857679 0 0.514186
    outer loop
      vertex 59.3925 60 10.9796
      vertex 58.8551 29.99 10.0832
      vertex 59.3925 29.99 10.9796
    endloop
  endfacet
  facet normal 0.242986 0 0.97003
    outer loop
      vertex 46.9085 60 5.80859
      vertex 47.9223 29.99 5.55464
      vertex 47.9223 60 5.55464
    endloop
  endfacet
  facet normal 0.242986 0 0.97003
    outer loop
      vertex 47.9223 29.99 5.55464
      vertex 46.9085 60 5.80859
      vertex 46.9085 29.99 5.80859
    endloop
  endfacet
  facet normal 0.671556 0 0.740954
    outer loop
      vertex 42.4693 60 8.46931
      vertex 43.2437 29.99 7.76744
      vertex 43.2437 60 7.76744
    endloop
  endfacet
  facet normal 0.671556 0 0.740954
    outer loop
      vertex 43.2437 29.99 7.76744
      vertex 42.4693 60 8.46931
      vertex 42.4693 29.99 8.46931
    endloop
  endfacet
  facet normal 0.336876 0 0.941549
    outer loop
      vertex 45.9244 60 6.16069
      vertex 46.9085 29.99 5.80859
      vertex 46.9085 60 5.80859
    endloop
  endfacet
  facet normal 0.336876 0 0.941549
    outer loop
      vertex 46.9085 29.99 5.80859
      vertex 45.9244 60 6.16069
      vertex 45.9244 29.99 6.16069
    endloop
  endfacet
  facet normal 0 1 0
    outer loop
      vertex 52.9114 29.99 28.15
      vertex 52.5179 29.99 27.2
      vertex 47.0886 29.99 28.15
    endloop
  endfacet
  facet normal 0 1 0
    outer loop
      vertex 57.5307 29.99 23.5307
      vertex 52.5179 29.99 27.2
      vertex 52.9114 29.99 28.15
    endloop
  endfacet
  facet normal 0 1 0
    outer loop
      vertex 57.5307 29.99 23.5307
      vertex 56.8589 29.99 22.8589
      vertex 52.5179 29.99 27.2
    endloop
  endfacet
  facet normal 0 1 0
    outer loop
      vertex 58.2326 29.99 22.7563
      vertex 56.8589 29.99 22.8589
      vertex 57.5307 29.99 23.5307
    endloop
  endfacet
  facet normal 0 1 0
    outer loop
      vertex 58.2326 29.99 22.7563
      vertex 57.4982 29.99 22.1536
      vertex 56.8589 29.99 22.8589
    endloop
  endfacet
  facet normal 0 1 0
    outer loop
      vertex 58.8551 29.99 21.9168
      vertex 57.4982 29.99 22.1536
      vertex 58.2326 29.99 22.7563
    endloop
  endfacet
  facet normal 0 1 0
    outer loop
      vertex 58.8551 29.99 21.9168
      vertex 58.0652 29.99 21.389
      vertex 57.4982 29.99 22.1536
    endloop
  endfacet
  facet normal 0 1 0
    outer loop
      vertex 59.3925 29.99 21.0204
      vertex 58.0652 29.99 21.389
      vertex 58.8551 29.99 21.9168
    endloop
  endfacet
  facet normal 0 1 0
    outer loop
      vertex 59.3925 29.99 21.0204
      vertex 58.5546 29.99 20.5725
      vertex 58.0652 29.99 21.389
    endloop
  endfacet
  facet normal 0 1 0
    outer loop
      vertex 59.8393 29.99 20.0756
      vertex 58.5546 29.99 20.5725
      vertex 59.3925 29.99 21.0204
    endloop
  endfacet
  facet normal 0 1 0
    outer loop
      vertex 59.8393 29.99 20.0756
      vertex 58.9616 29.99 19.712
      vertex 58.5546 29.99 20.5725
    endloop
  endfacet
  facet normal 0 1 0
    outer loop
      vertex 60.1914 29.99 19.0915
      vertex 58.9616 29.99 19.712
      vertex 59.8393 29.99 20.0756
    endloop
  endfacet
  facet normal 0 1 0
    outer loop
      vertex 60.1914 29.99 19.0915
      vertex 59.2823 29.99 18.8158
      vertex 58.9616 29.99 19.712
    endloop
  endfacet
  facet normal 0 1 0
    outer loop
      vertex 60.4454 29.99 18.0777
      vertex 59.2823 29.99 18.8158
      vertex 60.1914 29.99 19.0915
    endloop
  endfacet
  facet normal 0 1 0
    outer loop
      vertex 60.4454 29.99 18.0777
      vertex 59.5136 29.99 17.8924
      vertex 59.2823 29.99 18.8158
    endloop
  endfacet
  facet normal 0 1 0
    outer loop
      vertex 60.5987 29.99 17.0439
      vertex 59.5136 29.99 17.8924
      vertex 60.4454 29.99 18.0777
    endloop
  endfacet
  facet normal 0 1 0
    outer loop
      vertex 60.5987 29.99 17.0439
      vertex 59.6533 29.99 16.9508
      vertex 59.5136 29.99 17.8924
    endloop
  endfacet
  facet normal 0 1 0
    outer loop
      vertex 60.65 29.99 16
      vertex 59.6533 29.99 16.9508
      vertex 60.5987 29.99 17.0439
    endloop
  endfacet
  facet normal 0 1 0
    outer loop
      vertex 60.65 29.99 16
      vertex 59.7 29.99 16
      vertex 59.6533 29.99 16.9508
    endloop
  endfacet
  facet normal 0 1 0
    outer loop
      vertex 60.65 29.99 16
      vertex 59.6533 29.99 15.0492
      vertex 59.7 29.99 16
    endloop
  endfacet
  facet normal 0 1 -0
    outer loop
      vertex 60.5987 29.99 14.9561
      vertex 59.6533 29.99 15.0492
      vertex 60.65 29.99 16
    endloop
  endfacet
  facet normal 0 1 0
    outer loop
      vertex 60.5987 29.99 14.9561
      vertex 59.5136 29.99 14.1076
      vertex 59.6533 29.99 15.0492
    endloop
  endfacet
  facet normal 0 1 -0
    outer loop
      vertex 60.4454 29.99 13.9223
      vertex 59.5136 29.99 14.1076
      vertex 60.5987 29.99 14.9561
    endloop
  endfacet
  facet normal 0 1 0
    outer loop
      vertex 60.4454 29.99 13.9223
      vertex 59.2823 29.99 13.1842
      vertex 59.5136 29.99 14.1076
    endloop
  endfacet
  facet normal 0 1 -0
    outer loop
      vertex 60.1914 29.99 12.9085
      vertex 59.2823 29.99 13.1842
      vertex 60.4454 29.99 13.9223
    endloop
  endfacet
  facet normal 0 1 0
    outer loop
      vertex 60.1914 29.99 12.9085
      vertex 58.9616 29.99 12.288
      vertex 59.2823 29.99 13.1842
    endloop
  endfacet
  facet normal 0 1 -0
    outer loop
      vertex 59.8393 29.99 11.9244
      vertex 58.9616 29.99 12.288
      vertex 60.1914 29.99 12.9085
    endloop
  endfacet
  facet normal 0 1 0
    outer loop
      vertex 59.8393 29.99 11.9244
      vertex 58.5546 29.99 11.4275
      vertex 58.9616 29.99 12.288
    endloop
  endfacet
  facet normal 0 1 -0
    outer loop
      vertex 59.3925 29.99 10.9796
      vertex 58.5546 29.99 11.4275
      vertex 59.8393 29.99 11.9244
    endloop
  endfacet
  facet normal 0 1 0
    outer loop
      vertex 59.3925 29.99 10.9796
      vertex 58.0652 29.99 10.611
      vertex 58.5546 29.99 11.4275
    endloop
  endfacet
  facet normal 0 1 -0
    outer loop
      vertex 58.8551 29.99 10.0832
      vertex 58.0652 29.99 10.611
      vertex 59.3925 29.99 10.9796
    endloop
  endfacet
  facet normal 0 1 0
    outer loop
      vertex 58.8551 29.99 10.0832
      vertex 57.4982 29.99 9.84639
      vertex 58.0652 29.99 10.611
    endloop
  endfacet
  facet normal 0 1 -0
    outer loop
      vertex 58.2326 29.99 9.24371
      vertex 57.4982 29.99 9.84639
      vertex 58.8551 29.99 10.0832
    endloop
  endfacet
  facet normal 0 1 0
    outer loop
      vertex 58.2326 29.99 9.24371
      vertex 56.8589 29.99 9.14107
      vertex 57.4982 29.99 9.84639
    endloop
  endfacet
  facet normal 0 1 -0
    outer loop
      vertex 57.5307 29.99 8.46931
      vertex 56.8589 29.99 9.14107
      vertex 58.2326 29.99 9.24371
    endloop
  endfacet
  facet normal 0 1 0
    outer loop
      vertex 56.8589 29.99 9.14107
      vertex 57.5307 29.99 8.46931
      vertex 56.1536 29.99 8.5018
    endloop
  endfacet
  facet normal 0 1 -0
    outer loop
      vertex 56.7563 29.99 7.76744
      vertex 56.1536 29.99 8.5018
      vertex 57.5307 29.99 8.46931
    endloop
  endfacet
  facet normal 0 1 0
    outer loop
      vertex 56.1536 29.99 8.5018
      vertex 56.7563 29.99 7.76744
      vertex 55.389 29.99 7.93475
    endloop
  endfacet
  facet normal 0 1 -0
    outer loop
      vertex 55.9168 29.99 7.14485
      vertex 55.389 29.99 7.93475
      vertex 56.7563 29.99 7.76744
    endloop
  endfacet
  facet normal 0 1 0
    outer loop
      vertex 55.389 29.99 7.93475
      vertex 55.9168 29.99 7.14485
      vertex 54.5725 29.99 7.44537
    endloop
  endfacet
  facet normal 0 1 -0
    outer loop
      vertex 55.0204 29.99 6.60754
      vertex 54.5725 29.99 7.44537
      vertex 55.9168 29.99 7.14485
    endloop
  endfacet
  facet normal 0 1 0
    outer loop
      vertex 54.5725 29.99 7.44537
      vertex 55.0204 29.99 6.60754
      vertex 53.712 29.99 7.03838
    endloop
  endfacet
  facet normal 0 1 -0
    outer loop
      vertex 54.0756 29.99 6.16069
      vertex 53.712 29.99 7.03838
      vertex 55.0204 29.99 6.60754
    endloop
  endfacet
  facet normal 0 1 0
    outer loop
      vertex 53.712 29.99 7.03838
      vertex 54.0756 29.99 6.16069
      vertex 52.8158 29.99 6.71768
    endloop
  endfacet
  facet normal 0 1 -0
    outer loop
      vertex 53.0915 29.99 5.80859
      vertex 52.8158 29.99 6.71768
      vertex 54.0756 29.99 6.16069
    endloop
  endfacet
  facet normal 0 1 -0
    outer loop
      vertex 52.0777 29.99 5.55464
      vertex 51.8924 29.99 6.48639
      vertex 53.0915 29.99 5.80859
    endloop
  endfacet
  facet normal 0 1 0
    outer loop
      vertex 52.8158 29.99 6.71768
      vertex 53.0915 29.99 5.80859
      vertex 51.8924 29.99 6.48639
    endloop
  endfacet
  facet normal 0 1 -0
    outer loop
      vertex 47.4821 29.99 27.2
      vertex 47.0886 29.99 28.15
      vertex 52.5179 29.99 27.2
    endloop
  endfacet
  facet normal 0 1 0
    outer loop
      vertex 47.4821 29.99 27.2
      vertex 42.4693 29.99 23.5307
      vertex 47.0886 29.99 28.15
    endloop
  endfacet
  facet normal 0 1 -0
    outer loop
      vertex 43.1411 29.99 22.8589
      vertex 42.4693 29.99 23.5307
      vertex 47.4821 29.99 27.2
    endloop
  endfacet
  facet normal 0 1 0
    outer loop
      vertex 43.1411 29.99 22.8589
      vertex 41.7674 29.99 22.7563
      vertex 42.4693 29.99 23.5307
    endloop
  endfacet
  facet normal 0 1 -0
    outer loop
      vertex 42.5018 29.99 22.1536
      vertex 41.7674 29.99 22.7563
      vertex 43.1411 29.99 22.8589
    endloop
  endfacet
  facet normal 0 1 0
    outer loop
      vertex 42.5018 29.99 22.1536
      vertex 41.1449 29.99 21.9168
      vertex 41.7674 29.99 22.7563
    endloop
  endfacet
  facet normal 0 1 -0
    outer loop
      vertex 41.9348 29.99 21.389
      vertex 41.1449 29.99 21.9168
      vertex 42.5018 29.99 22.1536
    endloop
  endfacet
  facet normal 0 1 0
    outer loop
      vertex 41.9348 29.99 21.389
      vertex 40.6075 29.99 21.0204
      vertex 41.1449 29.99 21.9168
    endloop
  endfacet
  facet normal 0 1 -0
    outer loop
      vertex 41.4454 29.99 20.5725
      vertex 40.6075 29.99 21.0204
      vertex 41.9348 29.99 21.389
    endloop
  endfacet
  facet normal 0 1 0
    outer loop
      vertex 41.4454 29.99 20.5725
      vertex 40.1607 29.99 20.0756
      vertex 40.6075 29.99 21.0204
    endloop
  endfacet
  facet normal 0 1 -0
    outer loop
      vertex 41.0384 29.99 19.712
      vertex 40.1607 29.99 20.0756
      vertex 41.4454 29.99 20.5725
    endloop
  endfacet
  facet normal 0 1 0
    outer loop
      vertex 41.0384 29.99 19.712
      vertex 39.8086 29.99 19.0915
      vertex 40.1607 29.99 20.0756
    endloop
  endfacet
  facet normal 0 1 -0
    outer loop
      vertex 40.7177 29.99 18.8158
      vertex 39.8086 29.99 19.0915
      vertex 41.0384 29.99 19.712
    endloop
  endfacet
  facet normal 0 1 0
    outer loop
      vertex 40.7177 29.99 18.8158
      vertex 39.5546 29.99 18.0777
      vertex 39.8086 29.99 19.0915
    endloop
  endfacet
  facet normal 0 1 -0
    outer loop
      vertex 40.4864 29.99 17.8924
      vertex 39.5546 29.99 18.0777
      vertex 40.7177 29.99 18.8158
    endloop
  endfacet
  facet normal 0 1 0
    outer loop
      vertex 40.4864 29.99 17.8924
      vertex 39.4013 29.99 17.0439
      vertex 39.5546 29.99 18.0777
    endloop
  endfacet
  facet normal 0 1 -0
    outer loop
      vertex 40.3467 29.99 16.9508
      vertex 39.4013 29.99 17.0439
      vertex 40.4864 29.99 17.8924
    endloop
  endfacet
  facet normal 0 1 -0
    outer loop
      vertex 40.3 29.99 16
      vertex 39.4013 29.99 17.0439
      vertex 40.3467 29.99 16.9508
    endloop
  endfacet
  facet normal 0 1 0
    outer loop
      vertex 40.3 29.99 16
      vertex 39.35 29.99 16
      vertex 39.4013 29.99 17.0439
    endloop
  endfacet
  facet normal 0 1 0
    outer loop
      vertex 40.3467 29.99 15.0492
      vertex 39.35 29.99 16
      vertex 40.3 29.99 16
    endloop
  endfacet
  facet normal 0 1 0
    outer loop
      vertex 40.3467 29.99 15.0492
      vertex 39.4013 29.99 14.9561
      vertex 39.35 29.99 16
    endloop
  endfacet
  facet normal 0 1 0
    outer loop
      vertex 40.4864 29.99 14.1076
      vertex 39.4013 29.99 14.9561
      vertex 40.3467 29.99 15.0492
    endloop
  endfacet
  facet normal 0 1 0
    outer loop
      vertex 40.4864 29.99 14.1076
      vertex 39.5546 29.99 13.9223
      vertex 39.4013 29.99 14.9561
    endloop
  endfacet
  facet normal 0 1 0
    outer loop
      vertex 40.7177 29.99 13.1842
      vertex 39.5546 29.99 13.9223
      vertex 40.4864 29.99 14.1076
    endloop
  endfacet
  facet normal 0 1 0
    outer loop
      vertex 40.7177 29.99 13.1842
      vertex 39.8086 29.99 12.9085
      vertex 39.5546 29.99 13.9223
    endloop
  endfacet
  facet normal 0 1 0
    outer loop
      vertex 41.0384 29.99 12.288
      vertex 39.8086 29.99 12.9085
      vertex 40.7177 29.99 13.1842
    endloop
  endfacet
  facet normal 0 1 0
    outer loop
      vertex 41.0384 29.99 12.288
      vertex 40.1607 29.99 11.9244
      vertex 39.8086 29.99 12.9085
    endloop
  endfacet
  facet normal 0 1 0
    outer loop
      vertex 41.4454 29.99 11.4275
      vertex 40.1607 29.99 11.9244
      vertex 41.0384 29.99 12.288
    endloop
  endfacet
  facet normal 0 1 0
    outer loop
      vertex 41.4454 29.99 11.4275
      vertex 40.6075 29.99 10.9796
      vertex 40.1607 29.99 11.9244
    endloop
  endfacet
  facet normal 0 1 0
    outer loop
      vertex 41.9348 29.99 10.611
      vertex 40.6075 29.99 10.9796
      vertex 41.4454 29.99 11.4275
    endloop
  endfacet
  facet normal 0 1 0
    outer loop
      vertex 41.9348 29.99 10.611
      vertex 41.1449 29.99 10.0832
      vertex 40.6075 29.99 10.9796
    endloop
  endfacet
  facet normal 0 1 0
    outer loop
      vertex 42.5018 29.99 9.84639
      vertex 41.1449 29.99 10.0832
      vertex 41.9348 29.99 10.611
    endloop
  endfacet
  facet normal 0 1 0
    outer loop
      vertex 42.5018 29.99 9.84639
      vertex 41.7674 29.99 9.24371
      vertex 41.1449 29.99 10.0832
    endloop
  endfacet
  facet normal 0 1 0
    outer loop
      vertex 43.1411 29.99 9.14107
      vertex 41.7674 29.99 9.24371
      vertex 42.5018 29.99 9.84639
    endloop
  endfacet
  facet normal 0 1 0
    outer loop
      vertex 42.4693 29.99 8.46931
      vertex 43.1411 29.99 9.14107
      vertex 43.8464 29.99 8.5018
    endloop
  endfacet
  facet normal 0 1 0
    outer loop
      vertex 43.1411 29.99 9.14107
      vertex 42.4693 29.99 8.46931
      vertex 41.7674 29.99 9.24371
    endloop
  endfacet
  facet normal 0 1 0
    outer loop
      vertex 43.2437 29.99 7.76744
      vertex 43.8464 29.99 8.5018
      vertex 44.611 29.99 7.93475
    endloop
  endfacet
  facet normal 0 1 0
    outer loop
      vertex 43.8464 29.99 8.5018
      vertex 43.2437 29.99 7.76744
      vertex 42.4693 29.99 8.46931
    endloop
  endfacet
  facet normal 0 1 0
    outer loop
      vertex 44.0832 29.99 7.14485
      vertex 44.611 29.99 7.93475
      vertex 45.4275 29.99 7.44537
    endloop
  endfacet
  facet normal 0 1 0
    outer loop
      vertex 44.611 29.99 7.93475
      vertex 44.0832 29.99 7.14485
      vertex 43.2437 29.99 7.76744
    endloop
  endfacet
  facet normal 0 1 0
    outer loop
      vertex 44.9796 29.99 6.60754
      vertex 45.4275 29.99 7.44537
      vertex 46.288 29.99 7.03838
    endloop
  endfacet
  facet normal 0 1 0
    outer loop
      vertex 45.9244 29.99 6.16069
      vertex 46.288 29.99 7.03838
      vertex 47.1842 29.99 6.71768
    endloop
  endfacet
  facet normal 0 1 0
    outer loop
      vertex 45.4275 29.99 7.44537
      vertex 44.9796 29.99 6.60754
      vertex 44.0832 29.99 7.14485
    endloop
  endfacet
  facet normal 0 1 0
    outer loop
      vertex 46.9085 29.99 5.80859
      vertex 47.1842 29.99 6.71768
      vertex 48.1076 29.99 6.48639
    endloop
  endfacet
  facet normal 0 1 0
    outer loop
      vertex 47.9223 29.99 5.55464
      vertex 48.1076 29.99 6.48639
      vertex 49.0492 29.99 6.34671
    endloop
  endfacet
  facet normal 0 1 0
    outer loop
      vertex 46.288 29.99 7.03838
      vertex 45.9244 29.99 6.16069
      vertex 44.9796 29.99 6.60754
    endloop
  endfacet
  facet normal 0 1 0
    outer loop
      vertex 48.9561 29.99 5.40129
      vertex 49.0492 29.99 6.34671
      vertex 50 29.99 6.3
    endloop
  endfacet
  facet normal 0 1 0
    outer loop
      vertex 51.8924 29.99 6.48639
      vertex 52.0777 29.99 5.55464
      vertex 50.9508 29.99 6.34671
    endloop
  endfacet
  facet normal 0 1 -0
    outer loop
      vertex 51.0439 29.99 5.40129
      vertex 50.9508 29.99 6.34671
      vertex 52.0777 29.99 5.55464
    endloop
  endfacet
  facet normal 0 1 0
    outer loop
      vertex 47.1842 29.99 6.71768
      vertex 46.9085 29.99 5.80859
      vertex 45.9244 29.99 6.16069
    endloop
  endfacet
  facet normal 0 1 0
    outer loop
      vertex 50.9508 29.99 6.34671
      vertex 51.0439 29.99 5.40129
      vertex 50 29.99 6.3
    endloop
  endfacet
  facet normal 0 1 0
    outer loop
      vertex 48.1076 29.99 6.48639
      vertex 47.9223 29.99 5.55464
      vertex 46.9085 29.99 5.80859
    endloop
  endfacet
  facet normal 0 1 0
    outer loop
      vertex 50 29.99 5.35001
      vertex 50 29.99 6.3
      vertex 51.0439 29.99 5.40129
    endloop
  endfacet
  facet normal 0 1 0
    outer loop
      vertex 49.0492 29.99 6.34671
      vertex 48.9561 29.99 5.40129
      vertex 47.9223 29.99 5.55464
    endloop
  endfacet
  facet normal 0 1 0
    outer loop
      vertex 50 29.99 6.3
      vertex 50 29.99 5.35001
      vertex 48.9561 29.99 5.40129
    endloop
  endfacet
  facet normal -0.998795 0 0.0490834
    outer loop
      vertex 60.5987 29.99 14.9561
      vertex 60.65 60 16
      vertex 60.5987 60 14.9561
    endloop
  endfacet
  facet normal -0.998795 0 0.0490834
    outer loop
      vertex 60.65 60 16
      vertex 60.5987 29.99 14.9561
      vertex 60.65 29.99 16
    endloop
  endfacet
  facet normal -0.336876 0 0.941549
    outer loop
      vertex 53.0915 -29.99 5.80859
      vertex 54.0756 -60 6.16069
      vertex 54.0756 -29.99 6.16069
    endloop
  endfacet
  facet normal -0.336876 0 0.941549
    outer loop
      vertex 54.0756 -60 6.16069
      vertex 53.0915 -29.99 5.80859
      vertex 53.0915 -60 5.80859
    endloop
  endfacet
  facet normal 0.998795 0 -0.0490834
    outer loop
      vertex 39.4013 -60 17.0439
      vertex 39.35 -29.99 16
      vertex 39.4013 -29.99 17.0439
    endloop
  endfacet
  facet normal 0.998795 0 -0.0490834
    outer loop
      vertex 39.35 -29.99 16
      vertex 39.4013 -60 17.0439
      vertex 39.35 -60 16
    endloop
  endfacet
  facet normal -0.595683 0 0.803219
    outer loop
      vertex 55.9168 -29.99 7.14485
      vertex 56.7563 -60 7.76744
      vertex 56.7563 -29.99 7.76744
    endloop
  endfacet
  facet normal -0.595683 0 0.803219
    outer loop
      vertex 56.7563 -60 7.76744
      vertex 55.9168 -29.99 7.14485
      vertex 55.9168 -60 7.14485
    endloop
  endfacet
  facet normal 0.941549 -0 0.336876
    outer loop
      vertex 39.8086 -60 12.9085
      vertex 40.1607 -29.99 11.9244
      vertex 39.8086 -29.99 12.9085
    endloop
  endfacet
  facet normal 0.941549 0 0.336876
    outer loop
      vertex 40.1607 -29.99 11.9244
      vertex 39.8086 -60 12.9085
      vertex 40.1607 -60 11.9244
    endloop
  endfacet
  facet normal 0 0 -1
    outer loop
      vertex 47.0886 -60 28.15
      vertex 52.9114 -29.99 28.15
      vertex 52.9114 -60 28.15
    endloop
  endfacet
  facet normal -0 0 -1
    outer loop
      vertex 52.9114 -29.99 28.15
      vertex 47.0886 -60 28.15
      vertex 47.0886 -29.99 28.15
    endloop
  endfacet
  facet normal -0.740939 0 -0.671572
    outer loop
      vertex 58.2326 -60 22.7563
      vertex 57.5307 -29.99 23.5307
      vertex 58.2326 -29.99 22.7563
    endloop
  endfacet
  facet normal -0.740939 -0 -0.671572
    outer loop
      vertex 57.5307 -29.99 23.5307
      vertex 58.2326 -60 22.7563
      vertex 57.5307 -60 23.5307
    endloop
  endfacet
  facet normal -0.740939 0 0.671572
    outer loop
      vertex 57.5307 -60 8.46931
      vertex 58.2326 -29.99 9.24371
      vertex 57.5307 -29.99 8.46931
    endloop
  endfacet
  facet normal -0.740939 0 0.671572
    outer loop
      vertex 58.2326 -29.99 9.24371
      vertex 57.5307 -60 8.46931
      vertex 58.2326 -60 9.24371
    endloop
  endfacet
  facet normal 0.740939 -0 0.671572
    outer loop
      vertex 41.7674 -60 9.24371
      vertex 42.4693 -29.99 8.46931
      vertex 41.7674 -29.99 9.24371
    endloop
  endfacet
  facet normal 0.740939 0 0.671572
    outer loop
      vertex 42.4693 -29.99 8.46931
      vertex 41.7674 -60 9.24371
      vertex 42.4693 -60 8.46931
    endloop
  endfacet
  facet normal 0.803257 -0 0.595633
    outer loop
      vertex 41.1449 -60 10.0832
      vertex 41.7674 -29.99 9.24371
      vertex 41.1449 -29.99 10.0832
    endloop
  endfacet
  facet normal 0.803257 0 0.595633
    outer loop
      vertex 41.7674 -29.99 9.24371
      vertex 41.1449 -60 10.0832
      vertex 41.7674 -60 9.24371
    endloop
  endfacet
  facet normal 0.857679 0 -0.514186
    outer loop
      vertex 41.1449 -60 21.9168
      vertex 40.6075 -29.99 21.0204
      vertex 41.1449 -29.99 21.9168
    endloop
  endfacet
  facet normal 0.857679 0 -0.514186
    outer loop
      vertex 40.6075 -29.99 21.0204
      vertex 41.1449 -60 21.9168
      vertex 40.6075 -60 21.0204
    endloop
  endfacet
  facet normal 0.146731 0 0.989176
    outer loop
      vertex 47.9223 -29.99 5.55464
      vertex 48.9561 -60 5.40129
      vertex 48.9561 -29.99 5.40129
    endloop
  endfacet
  facet normal 0.146731 0 0.989176
    outer loop
      vertex 48.9561 -60 5.40129
      vertex 47.9223 -29.99 5.55464
      vertex 47.9223 -60 5.55464
    endloop
  endfacet
  facet normal 0.0490643 0 0.998796
    outer loop
      vertex 48.9561 -29.99 5.40129
      vertex 50 -60 5.35001
      vertex 50 -29.99 5.35001
    endloop
  endfacet
  facet normal 0.0490643 0 0.998796
    outer loop
      vertex 50 -60 5.35001
      vertex 48.9561 -29.99 5.40129
      vertex 48.9561 -60 5.40129
    endloop
  endfacet
  facet normal -0.998795 0 -0.0490834
    outer loop
      vertex 60.65 -60 16
      vertex 60.5987 -29.99 17.0439
      vertex 60.65 -29.99 16
    endloop
  endfacet
  facet normal -0.998795 -0 -0.0490834
    outer loop
      vertex 60.5987 -29.99 17.0439
      vertex 60.65 -60 16
      vertex 60.5987 -60 17.0439
    endloop
  endfacet
  facet normal -0.803257 0 0.595633
    outer loop
      vertex 58.2326 -60 9.24371
      vertex 58.8551 -29.99 10.0832
      vertex 58.2326 -29.99 9.24371
    endloop
  endfacet
  facet normal -0.803257 0 0.595633
    outer loop
      vertex 58.8551 -29.99 10.0832
      vertex 58.2326 -60 9.24371
      vertex 58.8551 -60 10.0832
    endloop
  endfacet
  facet normal -0.514123 0 0.857717
    outer loop
      vertex 55.0204 -29.99 6.60754
      vertex 55.9168 -60 7.14485
      vertex 55.9168 -29.99 7.14485
    endloop
  endfacet
  facet normal -0.514123 0 0.857717
    outer loop
      vertex 55.9168 -60 7.14485
      vertex 55.0204 -29.99 6.60754
      vertex 55.0204 -60 6.60754
    endloop
  endfacet
  facet normal -0.941549 0 0.336876
    outer loop
      vertex 59.8393 -60 11.9244
      vertex 60.1914 -29.99 12.9085
      vertex 59.8393 -29.99 11.9244
    endloop
  endfacet
  facet normal -0.941549 0 0.336876
    outer loop
      vertex 60.1914 -29.99 12.9085
      vertex 59.8393 -60 11.9244
      vertex 60.1914 -60 12.9085
    endloop
  endfacet
  facet normal -0.989183 0 0.146684
    outer loop
      vertex 60.4454 -60 13.9223
      vertex 60.5987 -29.99 14.9561
      vertex 60.4454 -29.99 13.9223
    endloop
  endfacet
  facet normal -0.989183 0 0.146684
    outer loop
      vertex 60.5987 -29.99 14.9561
      vertex 60.4454 -60 13.9223
      vertex 60.5987 -60 14.9561
    endloop
  endfacet
  facet normal 0.740939 0 -0.671572
    outer loop
      vertex 42.4693 -60 23.5307
      vertex 41.7674 -29.99 22.7563
      vertex 42.4693 -29.99 23.5307
    endloop
  endfacet
  facet normal 0.740939 0 -0.671572
    outer loop
      vertex 41.7674 -29.99 22.7563
      vertex 42.4693 -60 23.5307
      vertex 41.7674 -60 22.7563
    endloop
  endfacet
  facet normal 0.970019 -0 0.243031
    outer loop
      vertex 39.5546 -60 13.9223
      vertex 39.8086 -29.99 12.9085
      vertex 39.5546 -29.99 13.9223
    endloop
  endfacet
  facet normal 0.970019 0 0.243031
    outer loop
      vertex 39.8086 -29.99 12.9085
      vertex 39.5546 -60 13.9223
      vertex 39.8086 -60 12.9085
    endloop
  endfacet
  facet normal 0.707107 0 -0.707107
    outer loop
      vertex 47.0886 -60 28.15
      vertex 42.4693 -29.99 23.5307
      vertex 47.0886 -29.99 28.15
    endloop
  endfacet
  facet normal 0.707107 0 -0.707107
    outer loop
      vertex 42.4693 -29.99 23.5307
      vertex 47.0886 -60 28.15
      vertex 42.4693 -60 23.5307
    endloop
  endfacet
  facet normal -0.707107 0 -0.707107
    outer loop
      vertex 57.5307 -60 23.5307
      vertex 52.9114 -29.99 28.15
      vertex 57.5307 -29.99 23.5307
    endloop
  endfacet
  facet normal -0.707107 -0 -0.707107
    outer loop
      vertex 52.9114 -29.99 28.15
      vertex 57.5307 -60 23.5307
      vertex 52.9114 -60 28.15
    endloop
  endfacet
  facet normal -0.242986 0 0.97003
    outer loop
      vertex 52.0777 -29.99 5.55464
      vertex 53.0915 -60 5.80859
      vertex 53.0915 -29.99 5.80859
    endloop
  endfacet
  facet normal -0.242986 0 0.97003
    outer loop
      vertex 53.0915 -60 5.80859
      vertex 52.0777 -29.99 5.55464
      vertex 52.0777 -60 5.55464
    endloop
  endfacet
  facet normal -0.0490643 0 0.998796
    outer loop
      vertex 50 -29.99 5.35001
      vertex 51.0439 -60 5.40129
      vertex 51.0439 -29.99 5.40129
    endloop
  endfacet
  facet normal -0.0490643 0 0.998796
    outer loop
      vertex 51.0439 -60 5.40129
      vertex 50 -29.99 5.35001
      vertex 50 -60 5.35001
    endloop
  endfacet
  facet normal -0.90401 0 0.42751
    outer loop
      vertex 59.3925 -60 10.9796
      vertex 59.8393 -29.99 11.9244
      vertex 59.3925 -29.99 10.9796
    endloop
  endfacet
  facet normal -0.90401 0 0.42751
    outer loop
      vertex 59.8393 -29.99 11.9244
      vertex 59.3925 -60 10.9796
      vertex 59.8393 -60 11.9244
    endloop
  endfacet
  facet normal -0.90401 0 -0.42751
    outer loop
      vertex 59.8393 -60 20.0756
      vertex 59.3925 -29.99 21.0204
      vertex 59.8393 -29.99 20.0756
    endloop
  endfacet
  facet normal -0.90401 -0 -0.42751
    outer loop
      vertex 59.3925 -29.99 21.0204
      vertex 59.8393 -60 20.0756
      vertex 59.3925 -60 21.0204
    endloop
  endfacet
  facet normal -0.146731 0 0.989176
    outer loop
      vertex 51.0439 -29.99 5.40129
      vertex 52.0777 -60 5.55464
      vertex 52.0777 -29.99 5.55464
    endloop
  endfacet
  facet normal -0.146731 0 0.989176
    outer loop
      vertex 52.0777 -60 5.55464
      vertex 51.0439 -29.99 5.40129
      vertex 51.0439 -60 5.40129
    endloop
  endfacet
  facet normal 0.80326 0 -0.595628
    outer loop
      vertex 41.7674 -60 22.7563
      vertex 41.1449 -29.99 21.9168
      vertex 41.7674 -29.99 22.7563
    endloop
  endfacet
  facet normal 0.80326 0 -0.595628
    outer loop
      vertex 41.1449 -29.99 21.9168
      vertex 41.7674 -60 22.7563
      vertex 41.1449 -60 21.9168
    endloop
  endfacet
  facet normal 0.970019 0 -0.243031
    outer loop
      vertex 39.8086 -60 19.0915
      vertex 39.5546 -29.99 18.0777
      vertex 39.8086 -29.99 19.0915
    endloop
  endfacet
  facet normal 0.970019 0 -0.243031
    outer loop
      vertex 39.5546 -29.99 18.0777
      vertex 39.8086 -60 19.0915
      vertex 39.5546 -60 18.0777
    endloop
  endfacet
  facet normal 0.857679 -0 0.514186
    outer loop
      vertex 40.6075 -60 10.9796
      vertex 41.1449 -29.99 10.0832
      vertex 40.6075 -29.99 10.9796
    endloop
  endfacet
  facet normal 0.857679 0 0.514186
    outer loop
      vertex 41.1449 -29.99 10.0832
      vertex 40.6075 -60 10.9796
      vertex 41.1449 -60 10.0832
    endloop
  endfacet
  facet normal -0.42755 0 0.903992
    outer loop
      vertex 54.0756 -29.99 6.16069
      vertex 55.0204 -60 6.60754
      vertex 55.0204 -29.99 6.60754
    endloop
  endfacet
  facet normal -0.42755 0 0.903992
    outer loop
      vertex 55.0204 -60 6.60754
      vertex 54.0756 -29.99 6.16069
      vertex 54.0756 -60 6.16069
    endloop
  endfacet
  facet normal -0.970019 0 -0.243031
    outer loop
      vertex 60.4454 -60 18.0777
      vertex 60.1914 -29.99 19.0915
      vertex 60.4454 -29.99 18.0777
    endloop
  endfacet
  facet normal -0.970019 -0 -0.243031
    outer loop
      vertex 60.1914 -29.99 19.0915
      vertex 60.4454 -60 18.0777
      vertex 60.1914 -60 19.0915
    endloop
  endfacet
  facet normal 0.514123 0 0.857717
    outer loop
      vertex 44.0832 -29.99 7.14485
      vertex 44.9796 -60 6.60754
      vertex 44.9796 -29.99 6.60754
    endloop
  endfacet
  facet normal 0.514123 0 0.857717
    outer loop
      vertex 44.9796 -60 6.60754
      vertex 44.0832 -29.99 7.14485
      vertex 44.0832 -60 7.14485
    endloop
  endfacet
  facet normal -0.671556 0 0.740954
    outer loop
      vertex 56.7563 -29.99 7.76744
      vertex 57.5307 -60 8.46931
      vertex 57.5307 -29.99 8.46931
    endloop
  endfacet
  facet normal -0.671556 0 0.740954
    outer loop
      vertex 57.5307 -60 8.46931
      vertex 56.7563 -29.99 7.76744
      vertex 56.7563 -60 7.76744
    endloop
  endfacet
  facet normal 0.42755 0 0.903992
    outer loop
      vertex 44.9796 -29.99 6.60754
      vertex 45.9244 -60 6.16069
      vertex 45.9244 -29.99 6.16069
    endloop
  endfacet
  facet normal 0.42755 0 0.903992
    outer loop
      vertex 45.9244 -60 6.16069
      vertex 44.9796 -29.99 6.60754
      vertex 44.9796 -60 6.60754
    endloop
  endfacet
  facet normal 0.90401 -0 0.42751
    outer loop
      vertex 40.1607 -60 11.9244
      vertex 40.6075 -29.99 10.9796
      vertex 40.1607 -29.99 11.9244
    endloop
  endfacet
  facet normal 0.90401 0 0.42751
    outer loop
      vertex 40.6075 -29.99 10.9796
      vertex 40.1607 -60 11.9244
      vertex 40.6075 -60 10.9796
    endloop
  endfacet
  facet normal 0.90401 0 -0.42751
    outer loop
      vertex 40.6075 -60 21.0204
      vertex 40.1607 -29.99 20.0756
      vertex 40.6075 -29.99 21.0204
    endloop
  endfacet
  facet normal 0.90401 0 -0.42751
    outer loop
      vertex 40.1607 -29.99 20.0756
      vertex 40.6075 -60 21.0204
      vertex 40.1607 -60 20.0756
    endloop
  endfacet
  facet normal 0.595683 0 0.803219
    outer loop
      vertex 43.2437 -29.99 7.76744
      vertex 44.0832 -60 7.14485
      vertex 44.0832 -29.99 7.14485
    endloop
  endfacet
  facet normal 0.595683 0 0.803219
    outer loop
      vertex 44.0832 -60 7.14485
      vertex 43.2437 -29.99 7.76744
      vertex 43.2437 -60 7.76744
    endloop
  endfacet
  facet normal -0.80326 0 -0.595628
    outer loop
      vertex 58.8551 -60 21.9168
      vertex 58.2326 -29.99 22.7563
      vertex 58.8551 -29.99 21.9168
    endloop
  endfacet
  facet normal -0.80326 -0 -0.595628
    outer loop
      vertex 58.2326 -29.99 22.7563
      vertex 58.8551 -60 21.9168
      vertex 58.2326 -60 22.7563
    endloop
  endfacet
  facet normal -0.941549 0 -0.336876
    outer loop
      vertex 60.1914 -60 19.0915
      vertex 59.8393 -29.99 20.0756
      vertex 60.1914 -29.99 19.0915
    endloop
  endfacet
  facet normal -0.941549 -0 -0.336876
    outer loop
      vertex 59.8393 -29.99 20.0756
      vertex 60.1914 -60 19.0915
      vertex 59.8393 -60 20.0756
    endloop
  endfacet
  facet normal 0.989183 -0 0.146684
    outer loop
      vertex 39.4013 -60 14.9561
      vertex 39.5546 -29.99 13.9223
      vertex 39.4013 -29.99 14.9561
    endloop
  endfacet
  facet normal 0.989183 0 0.146684
    outer loop
      vertex 39.5546 -29.99 13.9223
      vertex 39.4013 -60 14.9561
      vertex 39.5546 -60 13.9223
    endloop
  endfacet
  facet normal -0.970019 0 0.243031
    outer loop
      vertex 60.1914 -60 12.9085
      vertex 60.4454 -29.99 13.9223
      vertex 60.1914 -29.99 12.9085
    endloop
  endfacet
  facet normal -0.970019 0 0.243031
    outer loop
      vertex 60.4454 -29.99 13.9223
      vertex 60.1914 -60 12.9085
      vertex 60.4454 -60 13.9223
    endloop
  endfacet
  facet normal -0.857679 0 -0.514186
    outer loop
      vertex 59.3925 -60 21.0204
      vertex 58.8551 -29.99 21.9168
      vertex 59.3925 -29.99 21.0204
    endloop
  endfacet
  facet normal -0.857679 -0 -0.514186
    outer loop
      vertex 58.8551 -29.99 21.9168
      vertex 59.3925 -60 21.0204
      vertex 58.8551 -60 21.9168
    endloop
  endfacet
  facet normal 0.989183 0 -0.146684
    outer loop
      vertex 39.5546 -60 18.0777
      vertex 39.4013 -29.99 17.0439
      vertex 39.5546 -29.99 18.0777
    endloop
  endfacet
  facet normal 0.989183 0 -0.146684
    outer loop
      vertex 39.4013 -29.99 17.0439
      vertex 39.5546 -60 18.0777
      vertex 39.4013 -60 17.0439
    endloop
  endfacet
  facet normal -0.989183 0 -0.146684
    outer loop
      vertex 60.5987 -60 17.0439
      vertex 60.4454 -29.99 18.0777
      vertex 60.5987 -29.99 17.0439
    endloop
  endfacet
  facet normal -0.989183 -0 -0.146684
    outer loop
      vertex 60.4454 -29.99 18.0777
      vertex 60.5987 -60 17.0439
      vertex 60.4454 -60 18.0777
    endloop
  endfacet
  facet normal 0.941549 0 -0.336876
    outer loop
      vertex 40.1607 -60 20.0756
      vertex 39.8086 -29.99 19.0915
      vertex 40.1607 -29.99 20.0756
    endloop
  endfacet
  facet normal 0.941549 0 -0.336876
    outer loop
      vertex 39.8086 -29.99 19.0915
      vertex 40.1607 -60 20.0756
      vertex 39.8086 -60 19.0915
    endloop
  endfacet
  facet normal 0.998795 -0 0.0490834
    outer loop
      vertex 39.35 -60 16
      vertex 39.4013 -29.99 14.9561
      vertex 39.35 -29.99 16
    endloop
  endfacet
  facet normal 0.998795 0 0.0490834
    outer loop
      vertex 39.4013 -29.99 14.9561
      vertex 39.35 -60 16
      vertex 39.4013 -60 14.9561
    endloop
  endfacet
  facet normal -0.857679 0 0.514186
    outer loop
      vertex 58.8551 -60 10.0832
      vertex 59.3925 -29.99 10.9796
      vertex 58.8551 -29.99 10.0832
    endloop
  endfacet
  facet normal -0.857679 0 0.514186
    outer loop
      vertex 59.3925 -29.99 10.9796
      vertex 58.8551 -60 10.0832
      vertex 59.3925 -60 10.9796
    endloop
  endfacet
  facet normal 0 -1 0
    outer loop
      vertex 47.0886 -29.99 28.15
      vertex 47.4821 -29.99 27.2
      vertex 52.9114 -29.99 28.15
    endloop
  endfacet
  facet normal 0 -1 0
    outer loop
      vertex 42.4693 -29.99 23.5307
      vertex 47.4821 -29.99 27.2
      vertex 47.0886 -29.99 28.15
    endloop
  endfacet
  facet normal 0 -1 0
    outer loop
      vertex 42.4693 -29.99 23.5307
      vertex 43.1411 -29.99 22.8589
      vertex 47.4821 -29.99 27.2
    endloop
  endfacet
  facet normal 0 -1 0
    outer loop
      vertex 41.7674 -29.99 22.7563
      vertex 43.1411 -29.99 22.8589
      vertex 42.4693 -29.99 23.5307
    endloop
  endfacet
  facet normal 0 -1 0
    outer loop
      vertex 41.7674 -29.99 22.7563
      vertex 42.5018 -29.99 22.1536
      vertex 43.1411 -29.99 22.8589
    endloop
  endfacet
  facet normal 0 -1 0
    outer loop
      vertex 41.1449 -29.99 21.9168
      vertex 42.5018 -29.99 22.1536
      vertex 41.7674 -29.99 22.7563
    endloop
  endfacet
  facet normal 0 -1 0
    outer loop
      vertex 41.1449 -29.99 21.9168
      vertex 41.9348 -29.99 21.389
      vertex 42.5018 -29.99 22.1536
    endloop
  endfacet
  facet normal 0 -1 0
    outer loop
      vertex 40.6075 -29.99 21.0204
      vertex 41.9348 -29.99 21.389
      vertex 41.1449 -29.99 21.9168
    endloop
  endfacet
  facet normal 0 -1 0
    outer loop
      vertex 40.6075 -29.99 21.0204
      vertex 41.4454 -29.99 20.5725
      vertex 41.9348 -29.99 21.389
    endloop
  endfacet
  facet normal 0 -1 0
    outer loop
      vertex 40.1607 -29.99 20.0756
      vertex 41.4454 -29.99 20.5725
      vertex 40.6075 -29.99 21.0204
    endloop
  endfacet
  facet normal 0 -1 0
    outer loop
      vertex 40.1607 -29.99 20.0756
      vertex 41.0384 -29.99 19.712
      vertex 41.4454 -29.99 20.5725
    endloop
  endfacet
  facet normal 0 -1 0
    outer loop
      vertex 39.8086 -29.99 19.0915
      vertex 41.0384 -29.99 19.712
      vertex 40.1607 -29.99 20.0756
    endloop
  endfacet
  facet normal 0 -1 0
    outer loop
      vertex 39.8086 -29.99 19.0915
      vertex 40.7177 -29.99 18.8158
      vertex 41.0384 -29.99 19.712
    endloop
  endfacet
  facet normal 0 -1 0
    outer loop
      vertex 39.5546 -29.99 18.0777
      vertex 40.7177 -29.99 18.8158
      vertex 39.8086 -29.99 19.0915
    endloop
  endfacet
  facet normal 0 -1 0
    outer loop
      vertex 39.5546 -29.99 18.0777
      vertex 40.4864 -29.99 17.8924
      vertex 40.7177 -29.99 18.8158
    endloop
  endfacet
  facet normal 0 -1 0
    outer loop
      vertex 39.4013 -29.99 17.0439
      vertex 40.4864 -29.99 17.8924
      vertex 39.5546 -29.99 18.0777
    endloop
  endfacet
  facet normal 0 -1 0
    outer loop
      vertex 39.4013 -29.99 17.0439
      vertex 40.3467 -29.99 16.9508
      vertex 40.4864 -29.99 17.8924
    endloop
  endfacet
  facet normal 0 -1 0
    outer loop
      vertex 39.35 -29.99 16
      vertex 40.3467 -29.99 16.9508
      vertex 39.4013 -29.99 17.0439
    endloop
  endfacet
  facet normal 0 -1 0
    outer loop
      vertex 39.35 -29.99 16
      vertex 40.3 -29.99 16
      vertex 40.3467 -29.99 16.9508
    endloop
  endfacet
  facet normal 0 -1 0
    outer loop
      vertex 39.35 -29.99 16
      vertex 40.3467 -29.99 15.0492
      vertex 40.3 -29.99 16
    endloop
  endfacet
  facet normal 0 -1 0
    outer loop
      vertex 39.4013 -29.99 14.9561
      vertex 40.3467 -29.99 15.0492
      vertex 39.35 -29.99 16
    endloop
  endfacet
  facet normal 0 -1 0
    outer loop
      vertex 39.4013 -29.99 14.9561
      vertex 40.4864 -29.99 14.1076
      vertex 40.3467 -29.99 15.0492
    endloop
  endfacet
  facet normal 0 -1 0
    outer loop
      vertex 39.5546 -29.99 13.9223
      vertex 40.4864 -29.99 14.1076
      vertex 39.4013 -29.99 14.9561
    endloop
  endfacet
  facet normal 0 -1 0
    outer loop
      vertex 39.5546 -29.99 13.9223
      vertex 40.7177 -29.99 13.1842
      vertex 40.4864 -29.99 14.1076
    endloop
  endfacet
  facet normal 0 -1 0
    outer loop
      vertex 39.8086 -29.99 12.9085
      vertex 40.7177 -29.99 13.1842
      vertex 39.5546 -29.99 13.9223
    endloop
  endfacet
  facet normal 0 -1 0
    outer loop
      vertex 39.8086 -29.99 12.9085
      vertex 41.0384 -29.99 12.288
      vertex 40.7177 -29.99 13.1842
    endloop
  endfacet
  facet normal 0 -1 0
    outer loop
      vertex 40.1607 -29.99 11.9244
      vertex 41.0384 -29.99 12.288
      vertex 39.8086 -29.99 12.9085
    endloop
  endfacet
  facet normal 0 -1 0
    outer loop
      vertex 40.1607 -29.99 11.9244
      vertex 41.4454 -29.99 11.4275
      vertex 41.0384 -29.99 12.288
    endloop
  endfacet
  facet normal 0 -1 0
    outer loop
      vertex 40.6075 -29.99 10.9796
      vertex 41.4454 -29.99 11.4275
      vertex 40.1607 -29.99 11.9244
    endloop
  endfacet
  facet normal 0 -1 0
    outer loop
      vertex 40.6075 -29.99 10.9796
      vertex 41.9348 -29.99 10.611
      vertex 41.4454 -29.99 11.4275
    endloop
  endfacet
  facet normal 0 -1 0
    outer loop
      vertex 41.1449 -29.99 10.0832
      vertex 41.9348 -29.99 10.611
      vertex 40.6075 -29.99 10.9796
    endloop
  endfacet
  facet normal 0 -1 0
    outer loop
      vertex 41.1449 -29.99 10.0832
      vertex 42.5018 -29.99 9.84639
      vertex 41.9348 -29.99 10.611
    endloop
  endfacet
  facet normal 0 -1 0
    outer loop
      vertex 41.7674 -29.99 9.24371
      vertex 42.5018 -29.99 9.84639
      vertex 41.1449 -29.99 10.0832
    endloop
  endfacet
  facet normal 0 -1 0
    outer loop
      vertex 41.7674 -29.99 9.24371
      vertex 43.1411 -29.99 9.14107
      vertex 42.5018 -29.99 9.84639
    endloop
  endfacet
  facet normal 0 -1 0
    outer loop
      vertex 42.4693 -29.99 8.46931
      vertex 43.1411 -29.99 9.14107
      vertex 41.7674 -29.99 9.24371
    endloop
  endfacet
  facet normal 0 -1 -0
    outer loop
      vertex 43.1411 -29.99 9.14107
      vertex 42.4693 -29.99 8.46931
      vertex 43.8464 -29.99 8.5018
    endloop
  endfacet
  facet normal 0 -1 0
    outer loop
      vertex 43.2437 -29.99 7.76744
      vertex 43.8464 -29.99 8.5018
      vertex 42.4693 -29.99 8.46931
    endloop
  endfacet
  facet normal 0 -1 -0
    outer loop
      vertex 43.8464 -29.99 8.5018
      vertex 43.2437 -29.99 7.76744
      vertex 44.611 -29.99 7.93475
    endloop
  endfacet
  facet normal 0 -1 0
    outer loop
      vertex 44.0832 -29.99 7.14485
      vertex 44.611 -29.99 7.93475
      vertex 43.2437 -29.99 7.76744
    endloop
  endfacet
  facet normal 0 -1 -0
    outer loop
      vertex 44.611 -29.99 7.93475
      vertex 44.0832 -29.99 7.14485
      vertex 45.4275 -29.99 7.44537
    endloop
  endfacet
  facet normal 0 -1 0
    outer loop
      vertex 44.9796 -29.99 6.60754
      vertex 45.4275 -29.99 7.44537
      vertex 44.0832 -29.99 7.14485
    endloop
  endfacet
  facet normal 0 -1 -0
    outer loop
      vertex 45.4275 -29.99 7.44537
      vertex 44.9796 -29.99 6.60754
      vertex 46.288 -29.99 7.03838
    endloop
  endfacet
  facet normal 0 -1 0
    outer loop
      vertex 45.9244 -29.99 6.16069
      vertex 46.288 -29.99 7.03838
      vertex 44.9796 -29.99 6.60754
    endloop
  endfacet
  facet normal 0 -1 -0
    outer loop
      vertex 46.288 -29.99 7.03838
      vertex 45.9244 -29.99 6.16069
      vertex 47.1842 -29.99 6.71768
    endloop
  endfacet
  facet normal 0 -1 0
    outer loop
      vertex 46.9085 -29.99 5.80859
      vertex 47.1842 -29.99 6.71768
      vertex 45.9244 -29.99 6.16069
    endloop
  endfacet
  facet normal 0 -1 0
    outer loop
      vertex 47.9223 -29.99 5.55464
      vertex 48.1076 -29.99 6.48639
      vertex 46.9085 -29.99 5.80859
    endloop
  endfacet
  facet normal 0 -1 -0
    outer loop
      vertex 47.1842 -29.99 6.71768
      vertex 46.9085 -29.99 5.80859
      vertex 48.1076 -29.99 6.48639
    endloop
  endfacet
  facet normal 0 -1 0
    outer loop
      vertex 52.5179 -29.99 27.2
      vertex 52.9114 -29.99 28.15
      vertex 47.4821 -29.99 27.2
    endloop
  endfacet
  facet normal 0 -1 0
    outer loop
      vertex 52.5179 -29.99 27.2
      vertex 57.5307 -29.99 23.5307
      vertex 52.9114 -29.99 28.15
    endloop
  endfacet
  facet normal 0 -1 0
    outer loop
      vertex 56.8589 -29.99 22.8589
      vertex 57.5307 -29.99 23.5307
      vertex 52.5179 -29.99 27.2
    endloop
  endfacet
  facet normal 0 -1 0
    outer loop
      vertex 56.8589 -29.99 22.8589
      vertex 58.2326 -29.99 22.7563
      vertex 57.5307 -29.99 23.5307
    endloop
  endfacet
  facet normal 0 -1 0
    outer loop
      vertex 57.4982 -29.99 22.1536
      vertex 58.2326 -29.99 22.7563
      vertex 56.8589 -29.99 22.8589
    endloop
  endfacet
  facet normal 0 -1 0
    outer loop
      vertex 57.4982 -29.99 22.1536
      vertex 58.8551 -29.99 21.9168
      vertex 58.2326 -29.99 22.7563
    endloop
  endfacet
  facet normal 0 -1 0
    outer loop
      vertex 58.0652 -29.99 21.389
      vertex 58.8551 -29.99 21.9168
      vertex 57.4982 -29.99 22.1536
    endloop
  endfacet
  facet normal 0 -1 0
    outer loop
      vertex 58.0652 -29.99 21.389
      vertex 59.3925 -29.99 21.0204
      vertex 58.8551 -29.99 21.9168
    endloop
  endfacet
  facet normal 0 -1 0
    outer loop
      vertex 58.5546 -29.99 20.5725
      vertex 59.3925 -29.99 21.0204
      vertex 58.0652 -29.99 21.389
    endloop
  endfacet
  facet normal 0 -1 0
    outer loop
      vertex 58.5546 -29.99 20.5725
      vertex 59.8393 -29.99 20.0756
      vertex 59.3925 -29.99 21.0204
    endloop
  endfacet
  facet normal 0 -1 0
    outer loop
      vertex 58.9616 -29.99 19.712
      vertex 59.8393 -29.99 20.0756
      vertex 58.5546 -29.99 20.5725
    endloop
  endfacet
  facet normal 0 -1 0
    outer loop
      vertex 58.9616 -29.99 19.712
      vertex 60.1914 -29.99 19.0915
      vertex 59.8393 -29.99 20.0756
    endloop
  endfacet
  facet normal 0 -1 0
    outer loop
      vertex 59.2823 -29.99 18.8158
      vertex 60.1914 -29.99 19.0915
      vertex 58.9616 -29.99 19.712
    endloop
  endfacet
  facet normal 0 -1 0
    outer loop
      vertex 59.2823 -29.99 18.8158
      vertex 60.4454 -29.99 18.0777
      vertex 60.1914 -29.99 19.0915
    endloop
  endfacet
  facet normal 0 -1 0
    outer loop
      vertex 59.5136 -29.99 17.8924
      vertex 60.4454 -29.99 18.0777
      vertex 59.2823 -29.99 18.8158
    endloop
  endfacet
  facet normal 0 -1 0
    outer loop
      vertex 59.5136 -29.99 17.8924
      vertex 60.5987 -29.99 17.0439
      vertex 60.4454 -29.99 18.0777
    endloop
  endfacet
  facet normal 0 -1 0
    outer loop
      vertex 59.6533 -29.99 16.9508
      vertex 60.5987 -29.99 17.0439
      vertex 59.5136 -29.99 17.8924
    endloop
  endfacet
  facet normal 0 -1 0
    outer loop
      vertex 59.7 -29.99 16
      vertex 60.5987 -29.99 17.0439
      vertex 59.6533 -29.99 16.9508
    endloop
  endfacet
  facet normal 0 -1 0
    outer loop
      vertex 59.7 -29.99 16
      vertex 60.65 -29.99 16
      vertex 60.5987 -29.99 17.0439
    endloop
  endfacet
  facet normal 0 -1 0
    outer loop
      vertex 59.6533 -29.99 15.0492
      vertex 60.65 -29.99 16
      vertex 59.7 -29.99 16
    endloop
  endfacet
  facet normal 0 -1 0
    outer loop
      vertex 59.6533 -29.99 15.0492
      vertex 60.5987 -29.99 14.9561
      vertex 60.65 -29.99 16
    endloop
  endfacet
  facet normal 0 -1 0
    outer loop
      vertex 59.5136 -29.99 14.1076
      vertex 60.5987 -29.99 14.9561
      vertex 59.6533 -29.99 15.0492
    endloop
  endfacet
  facet normal 0 -1 0
    outer loop
      vertex 59.5136 -29.99 14.1076
      vertex 60.4454 -29.99 13.9223
      vertex 60.5987 -29.99 14.9561
    endloop
  endfacet
  facet normal 0 -1 0
    outer loop
      vertex 59.2823 -29.99 13.1842
      vertex 60.4454 -29.99 13.9223
      vertex 59.5136 -29.99 14.1076
    endloop
  endfacet
  facet normal 0 -1 0
    outer loop
      vertex 59.2823 -29.99 13.1842
      vertex 60.1914 -29.99 12.9085
      vertex 60.4454 -29.99 13.9223
    endloop
  endfacet
  facet normal 0 -1 0
    outer loop
      vertex 58.9616 -29.99 12.288
      vertex 60.1914 -29.99 12.9085
      vertex 59.2823 -29.99 13.1842
    endloop
  endfacet
  facet normal 0 -1 0
    outer loop
      vertex 58.9616 -29.99 12.288
      vertex 59.8393 -29.99 11.9244
      vertex 60.1914 -29.99 12.9085
    endloop
  endfacet
  facet normal 0 -1 0
    outer loop
      vertex 58.5546 -29.99 11.4275
      vertex 59.8393 -29.99 11.9244
      vertex 58.9616 -29.99 12.288
    endloop
  endfacet
  facet normal 0 -1 0
    outer loop
      vertex 58.5546 -29.99 11.4275
      vertex 59.3925 -29.99 10.9796
      vertex 59.8393 -29.99 11.9244
    endloop
  endfacet
  facet normal 0 -1 0
    outer loop
      vertex 58.0652 -29.99 10.611
      vertex 59.3925 -29.99 10.9796
      vertex 58.5546 -29.99 11.4275
    endloop
  endfacet
  facet normal 0 -1 0
    outer loop
      vertex 58.0652 -29.99 10.611
      vertex 58.8551 -29.99 10.0832
      vertex 59.3925 -29.99 10.9796
    endloop
  endfacet
  facet normal 0 -1 0
    outer loop
      vertex 57.4982 -29.99 9.84639
      vertex 58.8551 -29.99 10.0832
      vertex 58.0652 -29.99 10.611
    endloop
  endfacet
  facet normal 0 -1 0
    outer loop
      vertex 57.4982 -29.99 9.84639
      vertex 58.2326 -29.99 9.24371
      vertex 58.8551 -29.99 10.0832
    endloop
  endfacet
  facet normal 0 -1 0
    outer loop
      vertex 56.8589 -29.99 9.14107
      vertex 58.2326 -29.99 9.24371
      vertex 57.4982 -29.99 9.84639
    endloop
  endfacet
  facet normal 0 -1 0
    outer loop
      vertex 57.5307 -29.99 8.46931
      vertex 56.8589 -29.99 9.14107
      vertex 56.1536 -29.99 8.5018
    endloop
  endfacet
  facet normal 0 -1 0
    outer loop
      vertex 56.8589 -29.99 9.14107
      vertex 57.5307 -29.99 8.46931
      vertex 58.2326 -29.99 9.24371
    endloop
  endfacet
  facet normal 0 -1 0
    outer loop
      vertex 56.7563 -29.99 7.76744
      vertex 56.1536 -29.99 8.5018
      vertex 55.389 -29.99 7.93475
    endloop
  endfacet
  facet normal 0 -1 0
    outer loop
      vertex 56.1536 -29.99 8.5018
      vertex 56.7563 -29.99 7.76744
      vertex 57.5307 -29.99 8.46931
    endloop
  endfacet
  facet normal 0 -1 0
    outer loop
      vertex 55.9168 -29.99 7.14485
      vertex 55.389 -29.99 7.93475
      vertex 54.5725 -29.99 7.44537
    endloop
  endfacet
  facet normal 0 -1 0
    outer loop
      vertex 55.389 -29.99 7.93475
      vertex 55.9168 -29.99 7.14485
      vertex 56.7563 -29.99 7.76744
    endloop
  endfacet
  facet normal 0 -1 0
    outer loop
      vertex 55.0204 -29.99 6.60754
      vertex 54.5725 -29.99 7.44537
      vertex 53.712 -29.99 7.03838
    endloop
  endfacet
  facet normal 0 -1 0
    outer loop
      vertex 54.0756 -29.99 6.16069
      vertex 53.712 -29.99 7.03838
      vertex 52.8158 -29.99 6.71768
    endloop
  endfacet
  facet normal 0 -1 0
    outer loop
      vertex 54.5725 -29.99 7.44537
      vertex 55.0204 -29.99 6.60754
      vertex 55.9168 -29.99 7.14485
    endloop
  endfacet
  facet normal 0 -1 0
    outer loop
      vertex 53.0915 -29.99 5.80859
      vertex 52.8158 -29.99 6.71768
      vertex 51.8924 -29.99 6.48639
    endloop
  endfacet
  facet normal 0 -1 0
    outer loop
      vertex 52.0777 -29.99 5.55464
      vertex 51.8924 -29.99 6.48639
      vertex 50.9508 -29.99 6.34671
    endloop
  endfacet
  facet normal 0 -1 0
    outer loop
      vertex 53.712 -29.99 7.03838
      vertex 54.0756 -29.99 6.16069
      vertex 55.0204 -29.99 6.60754
    endloop
  endfacet
  facet normal 0 -1 0
    outer loop
      vertex 51.0439 -29.99 5.40129
      vertex 50.9508 -29.99 6.34671
      vertex 50 -29.99 6.3
    endloop
  endfacet
  facet normal 0 -1 -0
    outer loop
      vertex 48.1076 -29.99 6.48639
      vertex 47.9223 -29.99 5.55464
      vertex 49.0492 -29.99 6.34671
    endloop
  endfacet
  facet normal 0 -1 0
    outer loop
      vertex 48.9561 -29.99 5.40129
      vertex 49.0492 -29.99 6.34671
      vertex 47.9223 -29.99 5.55464
    endloop
  endfacet
  facet normal 0 -1 0
    outer loop
      vertex 52.8158 -29.99 6.71768
      vertex 53.0915 -29.99 5.80859
      vertex 54.0756 -29.99 6.16069
    endloop
  endfacet
  facet normal 0 -1 -0
    outer loop
      vertex 49.0492 -29.99 6.34671
      vertex 48.9561 -29.99 5.40129
      vertex 50 -29.99 6.3
    endloop
  endfacet
  facet normal 0 -1 0
    outer loop
      vertex 51.8924 -29.99 6.48639
      vertex 52.0777 -29.99 5.55464
      vertex 53.0915 -29.99 5.80859
    endloop
  endfacet
  facet normal 0 -1 0
    outer loop
      vertex 50 -29.99 5.35001
      vertex 50 -29.99 6.3
      vertex 48.9561 -29.99 5.40129
    endloop
  endfacet
  facet normal 0 -1 0
    outer loop
      vertex 50.9508 -29.99 6.34671
      vertex 51.0439 -29.99 5.40129
      vertex 52.0777 -29.99 5.55464
    endloop
  endfacet
  facet normal 0 -1 0
    outer loop
      vertex 50 -29.99 6.3
      vertex 50 -29.99 5.35001
      vertex 51.0439 -29.99 5.40129
    endloop
  endfacet
  facet normal 0.242986 0 0.97003
    outer loop
      vertex 46.9085 -29.99 5.80859
      vertex 47.9223 -60 5.55464
      vertex 47.9223 -29.99 5.55464
    endloop
  endfacet
  facet normal 0.242986 0 0.97003
    outer loop
      vertex 47.9223 -60 5.55464
      vertex 46.9085 -29.99 5.80859
      vertex 46.9085 -60 5.80859
    endloop
  endfacet
  facet normal 0.671556 0 0.740954
    outer loop
      vertex 42.4693 -29.99 8.46931
      vertex 43.2437 -60 7.76744
      vertex 43.2437 -29.99 7.76744
    endloop
  endfacet
  facet normal 0.671556 0 0.740954
    outer loop
      vertex 43.2437 -60 7.76744
      vertex 42.4693 -29.99 8.46931
      vertex 42.4693 -60 8.46931
    endloop
  endfacet
  facet normal 0.336876 0 0.941549
    outer loop
      vertex 45.9244 -29.99 6.16069
      vertex 46.9085 -60 5.80859
      vertex 46.9085 -29.99 5.80859
    endloop
  endfacet
  facet normal 0.336876 0 0.941549
    outer loop
      vertex 46.9085 -60 5.80859
      vertex 45.9244 -29.99 6.16069
      vertex 45.9244 -60 6.16069
    endloop
  endfacet
  facet normal -0.998795 0 0.0490834
    outer loop
      vertex 60.5987 -60 14.9561
      vertex 60.65 -29.99 16
      vertex 60.5987 -29.99 14.9561
    endloop
  endfacet
  facet normal -0.998795 0 0.0490834
    outer loop
      vertex 60.65 -29.99 16
      vertex 60.5987 -60 14.9561
      vertex 60.65 -60 16
    endloop
  endfacet
  facet normal 0.857725 -0 0.514109
    outer loop
      vertex -58.5546 -29.99 11.4275
      vertex -58.0652 29.99 10.611
      vertex -58.5546 29.99 11.4275
    endloop
  endfacet
  facet normal 0.857725 0 0.514109
    outer loop
      vertex -58.0652 29.99 10.611
      vertex -58.5546 -29.99 11.4275
      vertex -58.0652 -29.99 10.611
    endloop
  endfacet
  facet normal 0.970031 -0 0.242981
    outer loop
      vertex -59.5136 -29.99 14.1076
      vertex -59.2823 29.99 13.1842
      vertex -59.5136 29.99 14.1076
    endloop
  endfacet
  facet normal 0.970031 0 0.242981
    outer loop
      vertex -59.2823 29.99 13.1842
      vertex -59.5136 -29.99 14.1076
      vertex -59.2823 -29.99 13.1842
    endloop
  endfacet
  facet normal -0.146737 0 0.989175
    outer loop
      vertex -49.0492 29.99 6.34671
      vertex -48.1076 -29.99 6.48639
      vertex -48.1076 29.99 6.48639
    endloop
  endfacet
  facet normal -0.146737 0 0.989175
    outer loop
      vertex -48.1076 -29.99 6.48639
      vertex -49.0492 29.99 6.34671
      vertex -49.0492 -29.99 6.34671
    endloop
  endfacet
  facet normal 0.595688 0 0.803216
    outer loop
      vertex -56.1536 29.99 8.5018
      vertex -55.389 -29.99 7.93475
      vertex -55.389 29.99 7.93475
    endloop
  endfacet
  facet normal 0.595688 0 0.803216
    outer loop
      vertex -55.389 -29.99 7.93475
      vertex -56.1536 29.99 8.5018
      vertex -56.1536 -29.99 8.5018
    endloop
  endfacet
  facet normal 0 0 -1
    outer loop
      vertex -52.5179 -29.99 27.2
      vertex -47.4821 29.99 27.2
      vertex -47.4821 -29.99 27.2
    endloop
  endfacet
  facet normal -0 0 -1
    outer loop
      vertex -47.4821 29.99 27.2
      vertex -52.5179 -29.99 27.2
      vertex -52.5179 29.99 27.2
    endloop
  endfacet
  facet normal -0.740933 0 0.671579
    outer loop
      vertex -43.1411 -29.99 9.14107
      vertex -42.5018 29.99 9.84639
      vertex -43.1411 29.99 9.14107
    endloop
  endfacet
  facet normal -0.740933 0 0.671579
    outer loop
      vertex -42.5018 29.99 9.84639
      vertex -43.1411 -29.99 9.14107
      vertex -42.5018 -29.99 9.84639
    endloop
  endfacet
  facet normal -0.998796 0 0.0490574
    outer loop
      vertex -40.3467 -29.99 15.0492
      vertex -40.3 29.99 16
      vertex -40.3467 29.99 15.0492
    endloop
  endfacet
  facet normal -0.998796 0 0.0490574
    outer loop
      vertex -40.3 29.99 16
      vertex -40.3467 -29.99 15.0492
      vertex -40.3 -29.99 16
    endloop
  endfacet
  facet normal -0.970031 0 -0.242981
    outer loop
      vertex -40.4864 -29.99 17.8924
      vertex -40.7177 29.99 18.8158
      vertex -40.4864 29.99 17.8924
    endloop
  endfacet
  facet normal -0.970031 -0 -0.242981
    outer loop
      vertex -40.7177 29.99 18.8158
      vertex -40.4864 -29.99 17.8924
      vertex -40.7177 -29.99 18.8158
    endloop
  endfacet
  facet normal -0.941533 0 -0.336922
    outer loop
      vertex -40.7177 -29.99 18.8158
      vertex -41.0384 29.99 19.712
      vertex -40.7177 29.99 18.8158
    endloop
  endfacet
  facet normal -0.941533 -0 -0.336922
    outer loop
      vertex -41.0384 29.99 19.712
      vertex -40.7177 -29.99 18.8158
      vertex -41.0384 -29.99 19.712
    endloop
  endfacet
  facet normal 0.903984 -0 0.427567
    outer loop
      vertex -58.9616 -29.99 12.288
      vertex -58.5546 29.99 11.4275
      vertex -58.9616 29.99 12.288
    endloop
  endfacet
  facet normal 0.903984 0 0.427567
    outer loop
      vertex -58.5546 29.99 11.4275
      vertex -58.9616 -29.99 12.288
      vertex -58.5546 -29.99 11.4275
    endloop
  endfacet
  facet normal 0.242971 0 0.970034
    outer loop
      vertex -52.8158 29.99 6.71768
      vertex -51.8924 -29.99 6.48639
      vertex -51.8924 29.99 6.48639
    endloop
  endfacet
  facet normal 0.242971 0 0.970034
    outer loop
      vertex -51.8924 -29.99 6.48639
      vertex -52.8158 29.99 6.71768
      vertex -52.8158 -29.99 6.71768
    endloop
  endfacet
  facet normal 0.941533 -0 0.336922
    outer loop
      vertex -59.2823 -29.99 13.1842
      vertex -58.9616 29.99 12.288
      vertex -59.2823 29.99 13.1842
    endloop
  endfacet
  facet normal 0.941533 0 0.336922
    outer loop
      vertex -58.9616 29.99 12.288
      vertex -59.2823 -29.99 13.1842
      vertex -58.9616 -29.99 12.288
    endloop
  endfacet
  facet normal -0.941533 0 0.336922
    outer loop
      vertex -41.0384 -29.99 12.288
      vertex -40.7177 29.99 13.1842
      vertex -41.0384 29.99 12.288
    endloop
  endfacet
  facet normal -0.941533 0 0.336922
    outer loop
      vertex -40.7177 29.99 13.1842
      vertex -41.0384 -29.99 12.288
      vertex -40.7177 -29.99 13.1842
    endloop
  endfacet
  facet normal -0.740923 0 -0.67159
    outer loop
      vertex -42.5018 -29.99 22.1536
      vertex -43.1411 29.99 22.8589
      vertex -42.5018 29.99 22.1536
    endloop
  endfacet
  facet normal -0.740923 -0 -0.67159
    outer loop
      vertex -43.1411 29.99 22.8589
      vertex -42.5018 -29.99 22.1536
      vertex -43.1411 -29.99 22.8589
    endloop
  endfacet
  facet normal 0.146737 0 0.989175
    outer loop
      vertex -51.8924 29.99 6.48639
      vertex -50.9508 -29.99 6.34671
      vertex -50.9508 29.99 6.34671
    endloop
  endfacet
  facet normal 0.146737 0 0.989175
    outer loop
      vertex -50.9508 -29.99 6.34671
      vertex -51.8924 29.99 6.48639
      vertex -51.8924 -29.99 6.48639
    endloop
  endfacet
  facet normal -0.707115 0 -0.707099
    outer loop
      vertex -43.1411 -29.99 22.8589
      vertex -47.4821 29.99 27.2
      vertex -43.1411 29.99 22.8589
    endloop
  endfacet
  facet normal -0.707115 -0 -0.707099
    outer loop
      vertex -47.4821 29.99 27.2
      vertex -43.1411 -29.99 22.8589
      vertex -47.4821 -29.99 27.2
    endloop
  endfacet
  facet normal -0.803244 0 0.59565
    outer loop
      vertex -42.5018 -29.99 9.84639
      vertex -41.9348 29.99 10.611
      vertex -42.5018 29.99 9.84639
    endloop
  endfacet
  facet normal -0.803244 0 0.59565
    outer loop
      vertex -41.9348 29.99 10.611
      vertex -42.5018 -29.99 9.84639
      vertex -41.9348 -29.99 10.611
    endloop
  endfacet
  facet normal -0.514094 0 0.857734
    outer loop
      vertex -45.4275 29.99 7.44537
      vertex -44.611 -29.99 7.93475
      vertex -44.611 29.99 7.93475
    endloop
  endfacet
  facet normal -0.514094 0 0.857734
    outer loop
      vertex -44.611 -29.99 7.93475
      vertex -45.4275 29.99 7.44537
      vertex -45.4275 -29.99 7.44537
    endloop
  endfacet
  facet normal -0.970031 0 0.242981
    outer loop
      vertex -40.7177 -29.99 13.1842
      vertex -40.4864 29.99 14.1076
      vertex -40.7177 29.99 13.1842
    endloop
  endfacet
  facet normal -0.970031 0 0.242981
    outer loop
      vertex -40.4864 29.99 14.1076
      vertex -40.7177 -29.99 13.1842
      vertex -40.4864 -29.99 14.1076
    endloop
  endfacet
  facet normal 0.970031 0 -0.242981
    outer loop
      vertex -59.2823 -29.99 18.8158
      vertex -59.5136 29.99 17.8924
      vertex -59.2823 29.99 18.8158
    endloop
  endfacet
  facet normal 0.970031 0 -0.242981
    outer loop
      vertex -59.5136 29.99 17.8924
      vertex -59.2823 -29.99 18.8158
      vertex -59.5136 -29.99 17.8924
    endloop
  endfacet
  facet normal 0.427558 0 0.903988
    outer loop
      vertex -54.5725 29.99 7.44537
      vertex -53.712 -29.99 7.03838
      vertex -53.712 29.99 7.03838
    endloop
  endfacet
  facet normal 0.427558 0 0.903988
    outer loop
      vertex -53.712 -29.99 7.03838
      vertex -54.5725 29.99 7.44537
      vertex -54.5725 -29.99 7.44537
    endloop
  endfacet
  facet normal 0.707115 0 -0.707099
    outer loop
      vertex -52.5179 -29.99 27.2
      vertex -56.8589 29.99 22.8589
      vertex -52.5179 29.99 27.2
    endloop
  endfacet
  facet normal 0.707115 0 -0.707099
    outer loop
      vertex -56.8589 29.99 22.8589
      vertex -52.5179 -29.99 27.2
      vertex -56.8589 -29.99 22.8589
    endloop
  endfacet
  facet normal -0.242971 0 0.970034
    outer loop
      vertex -48.1076 29.99 6.48639
      vertex -47.1842 -29.99 6.71768
      vertex -47.1842 29.99 6.71768
    endloop
  endfacet
  facet normal -0.242971 0 0.970034
    outer loop
      vertex -47.1842 -29.99 6.71768
      vertex -48.1076 29.99 6.48639
      vertex -48.1076 -29.99 6.48639
    endloop
  endfacet
  facet normal 0.998796 0 -0.0490574
    outer loop
      vertex -59.6533 -29.99 16.9508
      vertex -59.7 29.99 16
      vertex -59.6533 29.99 16.9508
    endloop
  endfacet
  facet normal 0.998796 0 -0.0490574
    outer loop
      vertex -59.7 29.99 16
      vertex -59.6533 -29.99 16.9508
      vertex -59.7 -29.99 16
    endloop
  endfacet
  facet normal -0.989172 0 -0.146758
    outer loop
      vertex -40.3467 -29.99 16.9508
      vertex -40.4864 29.99 17.8924
      vertex -40.3467 29.99 16.9508
    endloop
  endfacet
  facet normal -0.989172 -0 -0.146758
    outer loop
      vertex -40.4864 29.99 17.8924
      vertex -40.3467 -29.99 16.9508
      vertex -40.4864 -29.99 17.8924
    endloop
  endfacet
  facet normal -0.998796 0 -0.0490574
    outer loop
      vertex -40.3 -29.99 16
      vertex -40.3467 29.99 16.9508
      vertex -40.3 29.99 16
    endloop
  endfacet
  facet normal -0.998796 -0 -0.0490574
    outer loop
      vertex -40.3467 29.99 16.9508
      vertex -40.3 -29.99 16
      vertex -40.3467 -29.99 16.9508
    endloop
  endfacet
  facet normal 0.857725 0 -0.514109
    outer loop
      vertex -58.0652 -29.99 21.389
      vertex -58.5546 29.99 20.5725
      vertex -58.0652 29.99 21.389
    endloop
  endfacet
  facet normal 0.857725 0 -0.514109
    outer loop
      vertex -58.5546 29.99 20.5725
      vertex -58.0652 -29.99 21.389
      vertex -58.5546 -29.99 20.5725
    endloop
  endfacet
  facet normal 0.989172 0 -0.146758
    outer loop
      vertex -59.5136 -29.99 17.8924
      vertex -59.6533 29.99 16.9508
      vertex -59.5136 29.99 17.8924
    endloop
  endfacet
  facet normal 0.989172 0 -0.146758
    outer loop
      vertex -59.6533 29.99 16.9508
      vertex -59.5136 -29.99 17.8924
      vertex -59.6533 -29.99 16.9508
    endloop
  endfacet
  facet normal -0.0490679 0 0.998795
    outer loop
      vertex -50 29.99 6.3
      vertex -49.0492 -29.99 6.34671
      vertex -49.0492 29.99 6.34671
    endloop
  endfacet
  facet normal -0.0490679 0 0.998795
    outer loop
      vertex -49.0492 -29.99 6.34671
      vertex -50 29.99 6.3
      vertex -50 -29.99 6.3
    endloop
  endfacet
  facet normal 0.989172 -0 0.146758
    outer loop
      vertex -59.6533 -29.99 15.0492
      vertex -59.5136 29.99 14.1076
      vertex -59.6533 29.99 15.0492
    endloop
  endfacet
  facet normal 0.989172 0 0.146758
    outer loop
      vertex -59.5136 29.99 14.1076
      vertex -59.6533 -29.99 15.0492
      vertex -59.5136 -29.99 14.1076
    endloop
  endfacet
  facet normal 0.740923 0 -0.67159
    outer loop
      vertex -56.8589 -29.99 22.8589
      vertex -57.4982 29.99 22.1536
      vertex -56.8589 29.99 22.8589
    endloop
  endfacet
  facet normal 0.740923 0 -0.67159
    outer loop
      vertex -57.4982 29.99 22.1536
      vertex -56.8589 -29.99 22.8589
      vertex -57.4982 -29.99 22.1536
    endloop
  endfacet
  facet normal 0.336922 0 0.941533
    outer loop
      vertex -53.712 29.99 7.03838
      vertex -52.8158 -29.99 6.71768
      vertex -52.8158 29.99 6.71768
    endloop
  endfacet
  facet normal 0.336922 0 0.941533
    outer loop
      vertex -52.8158 -29.99 6.71768
      vertex -53.712 29.99 7.03838
      vertex -53.712 -29.99 7.03838
    endloop
  endfacet
  facet normal -0.857725 0 0.514109
    outer loop
      vertex -41.9348 -29.99 10.611
      vertex -41.4454 29.99 11.4275
      vertex -41.9348 29.99 10.611
    endloop
  endfacet
  facet normal -0.857725 0 0.514109
    outer loop
      vertex -41.4454 29.99 11.4275
      vertex -41.9348 -29.99 10.611
      vertex -41.4454 -29.99 11.4275
    endloop
  endfacet
  facet normal -0.427558 0 0.903988
    outer loop
      vertex -46.288 29.99 7.03838
      vertex -45.4275 -29.99 7.44537
      vertex -45.4275 29.99 7.44537
    endloop
  endfacet
  facet normal -0.427558 0 0.903988
    outer loop
      vertex -45.4275 -29.99 7.44537
      vertex -46.288 29.99 7.03838
      vertex -46.288 -29.99 7.03838
    endloop
  endfacet
  facet normal -0.336922 0 0.941533
    outer loop
      vertex -47.1842 29.99 6.71768
      vertex -46.288 -29.99 7.03838
      vertex -46.288 29.99 7.03838
    endloop
  endfacet
  facet normal -0.336922 0 0.941533
    outer loop
      vertex -46.288 -29.99 7.03838
      vertex -47.1842 29.99 6.71768
      vertex -47.1842 -29.99 6.71768
    endloop
  endfacet
  facet normal -0.595688 0 0.803216
    outer loop
      vertex -44.611 29.99 7.93475
      vertex -43.8464 -29.99 8.5018
      vertex -43.8464 29.99 8.5018
    endloop
  endfacet
  facet normal -0.595688 0 0.803216
    outer loop
      vertex -43.8464 -29.99 8.5018
      vertex -44.611 29.99 7.93475
      vertex -44.611 -29.99 7.93475
    endloop
  endfacet
  facet normal 0.903984 0 -0.427567
    outer loop
      vertex -58.5546 -29.99 20.5725
      vertex -58.9616 29.99 19.712
      vertex -58.5546 29.99 20.5725
    endloop
  endfacet
  facet normal 0.903984 0 -0.427567
    outer loop
      vertex -58.9616 29.99 19.712
      vertex -58.5546 -29.99 20.5725
      vertex -58.9616 -29.99 19.712
    endloop
  endfacet
  facet normal 0.514094 0 0.857734
    outer loop
      vertex -55.389 29.99 7.93475
      vertex -54.5725 -29.99 7.44537
      vertex -54.5725 29.99 7.44537
    endloop
  endfacet
  facet normal 0.514094 0 0.857734
    outer loop
      vertex -54.5725 -29.99 7.44537
      vertex -55.389 29.99 7.93475
      vertex -55.389 -29.99 7.93475
    endloop
  endfacet
  facet normal -0.989172 0 0.146758
    outer loop
      vertex -40.4864 -29.99 14.1076
      vertex -40.3467 29.99 15.0492
      vertex -40.4864 29.99 14.1076
    endloop
  endfacet
  facet normal -0.989172 0 0.146758
    outer loop
      vertex -40.3467 29.99 15.0492
      vertex -40.4864 -29.99 14.1076
      vertex -40.3467 -29.99 15.0492
    endloop
  endfacet
  facet normal -0.671572 0 0.740939
    outer loop
      vertex -43.8464 29.99 8.5018
      vertex -43.1411 -29.99 9.14107
      vertex -43.1411 29.99 9.14107
    endloop
  endfacet
  facet normal -0.671572 0 0.740939
    outer loop
      vertex -43.1411 -29.99 9.14107
      vertex -43.8464 29.99 8.5018
      vertex -43.8464 -29.99 8.5018
    endloop
  endfacet
  facet normal 0.803241 0 -0.595655
    outer loop
      vertex -57.4982 -29.99 22.1536
      vertex -58.0652 29.99 21.389
      vertex -57.4982 29.99 22.1536
    endloop
  endfacet
  facet normal 0.803241 0 -0.595655
    outer loop
      vertex -58.0652 29.99 21.389
      vertex -57.4982 -29.99 22.1536
      vertex -58.0652 -29.99 21.389
    endloop
  endfacet
  facet normal 0.0490679 0 0.998795
    outer loop
      vertex -50.9508 29.99 6.34671
      vertex -50 -29.99 6.3
      vertex -50 29.99 6.3
    endloop
  endfacet
  facet normal 0.0490679 0 0.998795
    outer loop
      vertex -50 -29.99 6.3
      vertex -50.9508 29.99 6.34671
      vertex -50.9508 -29.99 6.34671
    endloop
  endfacet
  facet normal 0.671572 0 0.740939
    outer loop
      vertex -56.8589 29.99 9.14107
      vertex -56.1536 -29.99 8.5018
      vertex -56.1536 29.99 8.5018
    endloop
  endfacet
  facet normal 0.671572 0 0.740939
    outer loop
      vertex -56.1536 -29.99 8.5018
      vertex -56.8589 29.99 9.14107
      vertex -56.8589 -29.99 9.14107
    endloop
  endfacet
  facet normal 0.740933 -0 0.671579
    outer loop
      vertex -57.4982 -29.99 9.84639
      vertex -56.8589 29.99 9.14107
      vertex -57.4982 29.99 9.84639
    endloop
  endfacet
  facet normal 0.740933 0 0.671579
    outer loop
      vertex -56.8589 29.99 9.14107
      vertex -57.4982 -29.99 9.84639
      vertex -56.8589 -29.99 9.14107
    endloop
  endfacet
  facet normal 0.803244 -0 0.59565
    outer loop
      vertex -58.0652 -29.99 10.611
      vertex -57.4982 29.99 9.84639
      vertex -58.0652 29.99 10.611
    endloop
  endfacet
  facet normal 0.803244 0 0.59565
    outer loop
      vertex -57.4982 29.99 9.84639
      vertex -58.0652 -29.99 10.611
      vertex -57.4982 -29.99 9.84639
    endloop
  endfacet
  facet normal 0.998796 -0 0.0490574
    outer loop
      vertex -59.7 -29.99 16
      vertex -59.6533 29.99 15.0492
      vertex -59.7 29.99 16
    endloop
  endfacet
  facet normal 0.998796 0 0.0490574
    outer loop
      vertex -59.6533 29.99 15.0492
      vertex -59.7 -29.99 16
      vertex -59.6533 -29.99 15.0492
    endloop
  endfacet
  facet normal -0.803241 0 -0.595655
    outer loop
      vertex -41.9348 -29.99 21.389
      vertex -42.5018 29.99 22.1536
      vertex -41.9348 29.99 21.389
    endloop
  endfacet
  facet normal -0.803241 -0 -0.595655
    outer loop
      vertex -42.5018 29.99 22.1536
      vertex -41.9348 -29.99 21.389
      vertex -42.5018 -29.99 22.1536
    endloop
  endfacet
  facet normal -0.903984 0 0.427567
    outer loop
      vertex -41.4454 -29.99 11.4275
      vertex -41.0384 29.99 12.288
      vertex -41.4454 29.99 11.4275
    endloop
  endfacet
  facet normal -0.903984 0 0.427567
    outer loop
      vertex -41.0384 29.99 12.288
      vertex -41.4454 -29.99 11.4275
      vertex -41.0384 -29.99 12.288
    endloop
  endfacet
  facet normal 0.941533 0 -0.336922
    outer loop
      vertex -58.9616 -29.99 19.712
      vertex -59.2823 29.99 18.8158
      vertex -58.9616 29.99 19.712
    endloop
  endfacet
  facet normal 0.941533 0 -0.336922
    outer loop
      vertex -59.2823 29.99 18.8158
      vertex -58.9616 -29.99 19.712
      vertex -59.2823 -29.99 18.8158
    endloop
  endfacet
  facet normal -0.903984 0 -0.427567
    outer loop
      vertex -41.0384 -29.99 19.712
      vertex -41.4454 29.99 20.5725
      vertex -41.0384 29.99 19.712
    endloop
  endfacet
  facet normal -0.903984 -0 -0.427567
    outer loop
      vertex -41.4454 29.99 20.5725
      vertex -41.0384 -29.99 19.712
      vertex -41.4454 -29.99 20.5725
    endloop
  endfacet
  facet normal -0.857725 0 -0.514109
    outer loop
      vertex -41.4454 -29.99 20.5725
      vertex -41.9348 29.99 21.389
      vertex -41.4454 29.99 20.5725
    endloop
  endfacet
  facet normal -0.857725 -0 -0.514109
    outer loop
      vertex -41.9348 29.99 21.389
      vertex -41.4454 -29.99 20.5725
      vertex -41.9348 -29.99 21.389
    endloop
  endfacet
  facet normal 0.857725 -0 0.514109
    outer loop
      vertex 41.4454 -29.99 11.4275
      vertex 41.9348 29.99 10.611
      vertex 41.4454 29.99 11.4275
    endloop
  endfacet
  facet normal 0.857725 0 0.514109
    outer loop
      vertex 41.9348 29.99 10.611
      vertex 41.4454 -29.99 11.4275
      vertex 41.9348 -29.99 10.611
    endloop
  endfacet
  facet normal 0.970031 -0 0.242981
    outer loop
      vertex 40.4864 -29.99 14.1076
      vertex 40.7177 29.99 13.1842
      vertex 40.4864 29.99 14.1076
    endloop
  endfacet
  facet normal 0.970031 0 0.242981
    outer loop
      vertex 40.7177 29.99 13.1842
      vertex 40.4864 -29.99 14.1076
      vertex 40.7177 -29.99 13.1842
    endloop
  endfacet
  facet normal -0.146737 0 0.989175
    outer loop
      vertex 50.9508 29.99 6.34671
      vertex 51.8924 -29.99 6.48639
      vertex 51.8924 29.99 6.48639
    endloop
  endfacet
  facet normal -0.146737 0 0.989175
    outer loop
      vertex 51.8924 -29.99 6.48639
      vertex 50.9508 29.99 6.34671
      vertex 50.9508 -29.99 6.34671
    endloop
  endfacet
  facet normal 0.595688 0 0.803216
    outer loop
      vertex 43.8464 29.99 8.5018
      vertex 44.611 -29.99 7.93475
      vertex 44.611 29.99 7.93475
    endloop
  endfacet
  facet normal 0.595688 0 0.803216
    outer loop
      vertex 44.611 -29.99 7.93475
      vertex 43.8464 29.99 8.5018
      vertex 43.8464 -29.99 8.5018
    endloop
  endfacet
  facet normal 0 0 -1
    outer loop
      vertex 47.4821 -29.99 27.2
      vertex 52.5179 29.99 27.2
      vertex 52.5179 -29.99 27.2
    endloop
  endfacet
  facet normal -0 0 -1
    outer loop
      vertex 52.5179 29.99 27.2
      vertex 47.4821 -29.99 27.2
      vertex 47.4821 29.99 27.2
    endloop
  endfacet
  facet normal -0.740933 0 0.671579
    outer loop
      vertex 56.8589 -29.99 9.14107
      vertex 57.4982 29.99 9.84639
      vertex 56.8589 29.99 9.14107
    endloop
  endfacet
  facet normal -0.740933 0 0.671579
    outer loop
      vertex 57.4982 29.99 9.84639
      vertex 56.8589 -29.99 9.14107
      vertex 57.4982 -29.99 9.84639
    endloop
  endfacet
  facet normal -0.998796 0 0.0490574
    outer loop
      vertex 59.6533 -29.99 15.0492
      vertex 59.7 29.99 16
      vertex 59.6533 29.99 15.0492
    endloop
  endfacet
  facet normal -0.998796 0 0.0490574
    outer loop
      vertex 59.7 29.99 16
      vertex 59.6533 -29.99 15.0492
      vertex 59.7 -29.99 16
    endloop
  endfacet
  facet normal -0.970031 0 -0.242981
    outer loop
      vertex 59.5136 -29.99 17.8924
      vertex 59.2823 29.99 18.8158
      vertex 59.5136 29.99 17.8924
    endloop
  endfacet
  facet normal -0.970031 -0 -0.242981
    outer loop
      vertex 59.2823 29.99 18.8158
      vertex 59.5136 -29.99 17.8924
      vertex 59.2823 -29.99 18.8158
    endloop
  endfacet
  facet normal -0.941533 0 -0.336922
    outer loop
      vertex 59.2823 -29.99 18.8158
      vertex 58.9616 29.99 19.712
      vertex 59.2823 29.99 18.8158
    endloop
  endfacet
  facet normal -0.941533 -0 -0.336922
    outer loop
      vertex 58.9616 29.99 19.712
      vertex 59.2823 -29.99 18.8158
      vertex 58.9616 -29.99 19.712
    endloop
  endfacet
  facet normal 0.903984 -0 0.427567
    outer loop
      vertex 41.0384 -29.99 12.288
      vertex 41.4454 29.99 11.4275
      vertex 41.0384 29.99 12.288
    endloop
  endfacet
  facet normal 0.903984 0 0.427567
    outer loop
      vertex 41.4454 29.99 11.4275
      vertex 41.0384 -29.99 12.288
      vertex 41.4454 -29.99 11.4275
    endloop
  endfacet
  facet normal 0.242971 0 0.970034
    outer loop
      vertex 47.1842 29.99 6.71768
      vertex 48.1076 -29.99 6.48639
      vertex 48.1076 29.99 6.48639
    endloop
  endfacet
  facet normal 0.242971 0 0.970034
    outer loop
      vertex 48.1076 -29.99 6.48639
      vertex 47.1842 29.99 6.71768
      vertex 47.1842 -29.99 6.71768
    endloop
  endfacet
  facet normal 0.941533 -0 0.336922
    outer loop
      vertex 40.7177 -29.99 13.1842
      vertex 41.0384 29.99 12.288
      vertex 40.7177 29.99 13.1842
    endloop
  endfacet
  facet normal 0.941533 0 0.336922
    outer loop
      vertex 41.0384 29.99 12.288
      vertex 40.7177 -29.99 13.1842
      vertex 41.0384 -29.99 12.288
    endloop
  endfacet
  facet normal -0.941533 0 0.336922
    outer loop
      vertex 58.9616 -29.99 12.288
      vertex 59.2823 29.99 13.1842
      vertex 58.9616 29.99 12.288
    endloop
  endfacet
  facet normal -0.941533 0 0.336922
    outer loop
      vertex 59.2823 29.99 13.1842
      vertex 58.9616 -29.99 12.288
      vertex 59.2823 -29.99 13.1842
    endloop
  endfacet
  facet normal -0.740923 0 -0.67159
    outer loop
      vertex 57.4982 -29.99 22.1536
      vertex 56.8589 29.99 22.8589
      vertex 57.4982 29.99 22.1536
    endloop
  endfacet
  facet normal -0.740923 -0 -0.67159
    outer loop
      vertex 56.8589 29.99 22.8589
      vertex 57.4982 -29.99 22.1536
      vertex 56.8589 -29.99 22.8589
    endloop
  endfacet
  facet normal -0.707115 0 -0.707099
    outer loop
      vertex 56.8589 -29.99 22.8589
      vertex 52.5179 29.99 27.2
      vertex 56.8589 29.99 22.8589
    endloop
  endfacet
  facet normal -0.707115 -0 -0.707099
    outer loop
      vertex 52.5179 29.99 27.2
      vertex 56.8589 -29.99 22.8589
      vertex 52.5179 -29.99 27.2
    endloop
  endfacet
  facet normal -0.803244 0 0.59565
    outer loop
      vertex 57.4982 -29.99 9.84639
      vertex 58.0652 29.99 10.611
      vertex 57.4982 29.99 9.84639
    endloop
  endfacet
  facet normal -0.803244 0 0.59565
    outer loop
      vertex 58.0652 29.99 10.611
      vertex 57.4982 -29.99 9.84639
      vertex 58.0652 -29.99 10.611
    endloop
  endfacet
  facet normal -0.514094 0 0.857734
    outer loop
      vertex 54.5725 29.99 7.44537
      vertex 55.389 -29.99 7.93475
      vertex 55.389 29.99 7.93475
    endloop
  endfacet
  facet normal -0.514094 0 0.857734
    outer loop
      vertex 55.389 -29.99 7.93475
      vertex 54.5725 29.99 7.44537
      vertex 54.5725 -29.99 7.44537
    endloop
  endfacet
  facet normal -0.970031 0 0.242981
    outer loop
      vertex 59.2823 -29.99 13.1842
      vertex 59.5136 29.99 14.1076
      vertex 59.2823 29.99 13.1842
    endloop
  endfacet
  facet normal -0.970031 0 0.242981
    outer loop
      vertex 59.5136 29.99 14.1076
      vertex 59.2823 -29.99 13.1842
      vertex 59.5136 -29.99 14.1076
    endloop
  endfacet
  facet normal 0.970031 0 -0.242981
    outer loop
      vertex 40.7177 -29.99 18.8158
      vertex 40.4864 29.99 17.8924
      vertex 40.7177 29.99 18.8158
    endloop
  endfacet
  facet normal 0.970031 0 -0.242981
    outer loop
      vertex 40.4864 29.99 17.8924
      vertex 40.7177 -29.99 18.8158
      vertex 40.4864 -29.99 17.8924
    endloop
  endfacet
  facet normal 0.427558 0 0.903988
    outer loop
      vertex 45.4275 29.99 7.44537
      vertex 46.288 -29.99 7.03838
      vertex 46.288 29.99 7.03838
    endloop
  endfacet
  facet normal 0.427558 0 0.903988
    outer loop
      vertex 46.288 -29.99 7.03838
      vertex 45.4275 29.99 7.44537
      vertex 45.4275 -29.99 7.44537
    endloop
  endfacet
  facet normal 0.707115 0 -0.707099
    outer loop
      vertex 47.4821 -29.99 27.2
      vertex 43.1411 29.99 22.8589
      vertex 47.4821 29.99 27.2
    endloop
  endfacet
  facet normal 0.707115 0 -0.707099
    outer loop
      vertex 43.1411 29.99 22.8589
      vertex 47.4821 -29.99 27.2
      vertex 43.1411 -29.99 22.8589
    endloop
  endfacet
  facet normal -0.242971 0 0.970034
    outer loop
      vertex 51.8924 29.99 6.48639
      vertex 52.8158 -29.99 6.71768
      vertex 52.8158 29.99 6.71768
    endloop
  endfacet
  facet normal -0.242971 0 0.970034
    outer loop
      vertex 52.8158 -29.99 6.71768
      vertex 51.8924 29.99 6.48639
      vertex 51.8924 -29.99 6.48639
    endloop
  endfacet
  facet normal 0.998796 0 -0.0490574
    outer loop
      vertex 40.3467 -29.99 16.9508
      vertex 40.3 29.99 16
      vertex 40.3467 29.99 16.9508
    endloop
  endfacet
  facet normal 0.998796 0 -0.0490574
    outer loop
      vertex 40.3 29.99 16
      vertex 40.3467 -29.99 16.9508
      vertex 40.3 -29.99 16
    endloop
  endfacet
  facet normal -0.989172 0 -0.146758
    outer loop
      vertex 59.6533 -29.99 16.9508
      vertex 59.5136 29.99 17.8924
      vertex 59.6533 29.99 16.9508
    endloop
  endfacet
  facet normal -0.989172 -0 -0.146758
    outer loop
      vertex 59.5136 29.99 17.8924
      vertex 59.6533 -29.99 16.9508
      vertex 59.5136 -29.99 17.8924
    endloop
  endfacet
  facet normal -0.998796 0 -0.0490574
    outer loop
      vertex 59.7 -29.99 16
      vertex 59.6533 29.99 16.9508
      vertex 59.7 29.99 16
    endloop
  endfacet
  facet normal -0.998796 -0 -0.0490574
    outer loop
      vertex 59.6533 29.99 16.9508
      vertex 59.7 -29.99 16
      vertex 59.6533 -29.99 16.9508
    endloop
  endfacet
  facet normal 0.857725 0 -0.514109
    outer loop
      vertex 41.9348 -29.99 21.389
      vertex 41.4454 29.99 20.5725
      vertex 41.9348 29.99 21.389
    endloop
  endfacet
  facet normal 0.857725 0 -0.514109
    outer loop
      vertex 41.4454 29.99 20.5725
      vertex 41.9348 -29.99 21.389
      vertex 41.4454 -29.99 20.5725
    endloop
  endfacet
  facet normal 0.989172 0 -0.146758
    outer loop
      vertex 40.4864 -29.99 17.8924
      vertex 40.3467 29.99 16.9508
      vertex 40.4864 29.99 17.8924
    endloop
  endfacet
  facet normal 0.989172 0 -0.146758
    outer loop
      vertex 40.3467 29.99 16.9508
      vertex 40.4864 -29.99 17.8924
      vertex 40.3467 -29.99 16.9508
    endloop
  endfacet
  facet normal -0.0490679 0 0.998795
    outer loop
      vertex 50 29.99 6.3
      vertex 50.9508 -29.99 6.34671
      vertex 50.9508 29.99 6.34671
    endloop
  endfacet
  facet normal -0.0490679 0 0.998795
    outer loop
      vertex 50.9508 -29.99 6.34671
      vertex 50 29.99 6.3
      vertex 50 -29.99 6.3
    endloop
  endfacet
  facet normal 0.989172 -0 0.146758
    outer loop
      vertex 40.3467 -29.99 15.0492
      vertex 40.4864 29.99 14.1076
      vertex 40.3467 29.99 15.0492
    endloop
  endfacet
  facet normal 0.989172 0 0.146758
    outer loop
      vertex 40.4864 29.99 14.1076
      vertex 40.3467 -29.99 15.0492
      vertex 40.4864 -29.99 14.1076
    endloop
  endfacet
  facet normal 0.740923 0 -0.67159
    outer loop
      vertex 43.1411 -29.99 22.8589
      vertex 42.5018 29.99 22.1536
      vertex 43.1411 29.99 22.8589
    endloop
  endfacet
  facet normal 0.740923 0 -0.67159
    outer loop
      vertex 42.5018 29.99 22.1536
      vertex 43.1411 -29.99 22.8589
      vertex 42.5018 -29.99 22.1536
    endloop
  endfacet
  facet normal 0.336922 0 0.941533
    outer loop
      vertex 46.288 29.99 7.03838
      vertex 47.1842 -29.99 6.71768
      vertex 47.1842 29.99 6.71768
    endloop
  endfacet
  facet normal 0.336922 0 0.941533
    outer loop
      vertex 47.1842 -29.99 6.71768
      vertex 46.288 29.99 7.03838
      vertex 46.288 -29.99 7.03838
    endloop
  endfacet
  facet normal 0.146737 0 0.989175
    outer loop
      vertex 48.1076 29.99 6.48639
      vertex 49.0492 -29.99 6.34671
      vertex 49.0492 29.99 6.34671
    endloop
  endfacet
  facet normal 0.146737 0 0.989175
    outer loop
      vertex 49.0492 -29.99 6.34671
      vertex 48.1076 29.99 6.48639
      vertex 48.1076 -29.99 6.48639
    endloop
  endfacet
  facet normal -0.857725 0 0.514109
    outer loop
      vertex 58.0652 -29.99 10.611
      vertex 58.5546 29.99 11.4275
      vertex 58.0652 29.99 10.611
    endloop
  endfacet
  facet normal -0.857725 0 0.514109
    outer loop
      vertex 58.5546 29.99 11.4275
      vertex 58.0652 -29.99 10.611
      vertex 58.5546 -29.99 11.4275
    endloop
  endfacet
  facet normal -0.427558 0 0.903988
    outer loop
      vertex 53.712 29.99 7.03838
      vertex 54.5725 -29.99 7.44537
      vertex 54.5725 29.99 7.44537
    endloop
  endfacet
  facet normal -0.427558 0 0.903988
    outer loop
      vertex 54.5725 -29.99 7.44537
      vertex 53.712 29.99 7.03838
      vertex 53.712 -29.99 7.03838
    endloop
  endfacet
  facet normal -0.336922 0 0.941533
    outer loop
      vertex 52.8158 29.99 6.71768
      vertex 53.712 -29.99 7.03838
      vertex 53.712 29.99 7.03838
    endloop
  endfacet
  facet normal -0.336922 0 0.941533
    outer loop
      vertex 53.712 -29.99 7.03838
      vertex 52.8158 29.99 6.71768
      vertex 52.8158 -29.99 6.71768
    endloop
  endfacet
  facet normal -0.595688 0 0.803216
    outer loop
      vertex 55.389 29.99 7.93475
      vertex 56.1536 -29.99 8.5018
      vertex 56.1536 29.99 8.5018
    endloop
  endfacet
  facet normal -0.595688 0 0.803216
    outer loop
      vertex 56.1536 -29.99 8.5018
      vertex 55.389 29.99 7.93475
      vertex 55.389 -29.99 7.93475
    endloop
  endfacet
  facet normal 0.903984 0 -0.427567
    outer loop
      vertex 41.4454 -29.99 20.5725
      vertex 41.0384 29.99 19.712
      vertex 41.4454 29.99 20.5725
    endloop
  endfacet
  facet normal 0.903984 0 -0.427567
    outer loop
      vertex 41.0384 29.99 19.712
      vertex 41.4454 -29.99 20.5725
      vertex 41.0384 -29.99 19.712
    endloop
  endfacet
  facet normal 0.514094 0 0.857734
    outer loop
      vertex 44.611 29.99 7.93475
      vertex 45.4275 -29.99 7.44537
      vertex 45.4275 29.99 7.44537
    endloop
  endfacet
  facet normal 0.514094 0 0.857734
    outer loop
      vertex 45.4275 -29.99 7.44537
      vertex 44.611 29.99 7.93475
      vertex 44.611 -29.99 7.93475
    endloop
  endfacet
  facet normal -0.989172 0 0.146758
    outer loop
      vertex 59.5136 -29.99 14.1076
      vertex 59.6533 29.99 15.0492
      vertex 59.5136 29.99 14.1076
    endloop
  endfacet
  facet normal -0.989172 0 0.146758
    outer loop
      vertex 59.6533 29.99 15.0492
      vertex 59.5136 -29.99 14.1076
      vertex 59.6533 -29.99 15.0492
    endloop
  endfacet
  facet normal -0.671572 0 0.740939
    outer loop
      vertex 56.1536 29.99 8.5018
      vertex 56.8589 -29.99 9.14107
      vertex 56.8589 29.99 9.14107
    endloop
  endfacet
  facet normal -0.671572 0 0.740939
    outer loop
      vertex 56.8589 -29.99 9.14107
      vertex 56.1536 29.99 8.5018
      vertex 56.1536 -29.99 8.5018
    endloop
  endfacet
  facet normal 0.803241 0 -0.595655
    outer loop
      vertex 42.5018 -29.99 22.1536
      vertex 41.9348 29.99 21.389
      vertex 42.5018 29.99 22.1536
    endloop
  endfacet
  facet normal 0.803241 0 -0.595655
    outer loop
      vertex 41.9348 29.99 21.389
      vertex 42.5018 -29.99 22.1536
      vertex 41.9348 -29.99 21.389
    endloop
  endfacet
  facet normal 0.0490679 0 0.998795
    outer loop
      vertex 49.0492 29.99 6.34671
      vertex 50 -29.99 6.3
      vertex 50 29.99 6.3
    endloop
  endfacet
  facet normal 0.0490679 0 0.998795
    outer loop
      vertex 50 -29.99 6.3
      vertex 49.0492 29.99 6.34671
      vertex 49.0492 -29.99 6.34671
    endloop
  endfacet
  facet normal 0.671572 0 0.740939
    outer loop
      vertex 43.1411 29.99 9.14107
      vertex 43.8464 -29.99 8.5018
      vertex 43.8464 29.99 8.5018
    endloop
  endfacet
  facet normal 0.671572 0 0.740939
    outer loop
      vertex 43.8464 -29.99 8.5018
      vertex 43.1411 29.99 9.14107
      vertex 43.1411 -29.99 9.14107
    endloop
  endfacet
  facet normal 0.740933 -0 0.671579
    outer loop
      vertex 42.5018 -29.99 9.84639
      vertex 43.1411 29.99 9.14107
      vertex 42.5018 29.99 9.84639
    endloop
  endfacet
  facet normal 0.740933 0 0.671579
    outer loop
      vertex 43.1411 29.99 9.14107
      vertex 42.5018 -29.99 9.84639
      vertex 43.1411 -29.99 9.14107
    endloop
  endfacet
  facet normal 0.803244 -0 0.59565
    outer loop
      vertex 41.9348 -29.99 10.611
      vertex 42.5018 29.99 9.84639
      vertex 41.9348 29.99 10.611
    endloop
  endfacet
  facet normal 0.803244 0 0.59565
    outer loop
      vertex 42.5018 29.99 9.84639
      vertex 41.9348 -29.99 10.611
      vertex 42.5018 -29.99 9.84639
    endloop
  endfacet
  facet normal 0.998796 -0 0.0490574
    outer loop
      vertex 40.3 -29.99 16
      vertex 40.3467 29.99 15.0492
      vertex 40.3 29.99 16
    endloop
  endfacet
  facet normal 0.998796 0 0.0490574
    outer loop
      vertex 40.3467 29.99 15.0492
      vertex 40.3 -29.99 16
      vertex 40.3467 -29.99 15.0492
    endloop
  endfacet
  facet normal -0.803241 0 -0.595655
    outer loop
      vertex 58.0652 -29.99 21.389
      vertex 57.4982 29.99 22.1536
      vertex 58.0652 29.99 21.389
    endloop
  endfacet
  facet normal -0.803241 -0 -0.595655
    outer loop
      vertex 57.4982 29.99 22.1536
      vertex 58.0652 -29.99 21.389
      vertex 57.4982 -29.99 22.1536
    endloop
  endfacet
  facet normal -0.903984 0 0.427567
    outer loop
      vertex 58.5546 -29.99 11.4275
      vertex 58.9616 29.99 12.288
      vertex 58.5546 29.99 11.4275
    endloop
  endfacet
  facet normal -0.903984 0 0.427567
    outer loop
      vertex 58.9616 29.99 12.288
      vertex 58.5546 -29.99 11.4275
      vertex 58.9616 -29.99 12.288
    endloop
  endfacet
  facet normal 0.941533 0 -0.336922
    outer loop
      vertex 41.0384 -29.99 19.712
      vertex 40.7177 29.99 18.8158
      vertex 41.0384 29.99 19.712
    endloop
  endfacet
  facet normal 0.941533 0 -0.336922
    outer loop
      vertex 40.7177 29.99 18.8158
      vertex 41.0384 -29.99 19.712
      vertex 40.7177 -29.99 18.8158
    endloop
  endfacet
  facet normal -0.903984 0 -0.427567
    outer loop
      vertex 58.9616 -29.99 19.712
      vertex 58.5546 29.99 20.5725
      vertex 58.9616 29.99 19.712
    endloop
  endfacet
  facet normal -0.903984 -0 -0.427567
    outer loop
      vertex 58.5546 29.99 20.5725
      vertex 58.9616 -29.99 19.712
      vertex 58.5546 -29.99 20.5725
    endloop
  endfacet
  facet normal -0.857725 0 -0.514109
    outer loop
      vertex 58.5546 -29.99 20.5725
      vertex 58.0652 29.99 21.389
      vertex 58.5546 29.99 20.5725
    endloop
  endfacet
  facet normal -0.857725 -0 -0.514109
    outer loop
      vertex 58.0652 29.99 21.389
      vertex 58.5546 -29.99 20.5725
      vertex 58.0652 -29.99 21.389
    endloop
  endfacet
  facet normal -0.98918 0.14671 0
    outer loop
      vertex -5.3817 49.6781 16.735
      vertex -5.35794 49.8383 22.735
      vertex -5.35794 49.8383 16.735
    endloop
  endfacet
  facet normal -0.98918 0.14671 0
    outer loop
      vertex -5.35794 49.8383 22.735
      vertex -5.3817 49.6781 16.735
      vertex -5.3817 49.6781 22.735
    endloop
  endfacet
  facet normal -0.998797 0.0490442 0
    outer loop
      vertex -5.35794 49.8383 16.735
      vertex -5.35 50 22.735
      vertex -5.35 50 16.735
    endloop
  endfacet
  facet normal -0.998797 0.0490442 0
    outer loop
      vertex -5.35 50 22.735
      vertex -5.35794 49.8383 16.735
      vertex -5.35794 49.8383 22.735
    endloop
  endfacet
  facet normal -0.970033 0.242971 0
    outer loop
      vertex -5.42105 49.521 16.735
      vertex -5.3817 49.6781 22.735
      vertex -5.3817 49.6781 16.735
    endloop
  endfacet
  facet normal -0.970033 0.242971 0
    outer loop
      vertex -5.3817 49.6781 22.735
      vertex -5.42105 49.521 16.735
      vertex -5.42105 49.521 22.735
    endloop
  endfacet
  facet normal -0.904018 0.427494 0
    outer loop
      vertex -5.54483 49.2222 16.735
      vertex -5.4756 49.3686 22.735
      vertex -5.4756 49.3686 16.735
    endloop
  endfacet
  facet normal -0.904018 0.427494 0
    outer loop
      vertex -5.4756 49.3686 22.735
      vertex -5.54483 49.2222 16.735
      vertex -5.54483 49.2222 22.735
    endloop
  endfacet
  facet normal -0.427391 -0.904067 0
    outer loop
      vertex -6.36857 51.5244 16.735
      vertex -6.22219 51.4552 22.735
      vertex -6.36857 51.5244 22.735
    endloop
  endfacet
  facet normal -0.427391 -0.904067 -0
    outer loop
      vertex -6.22219 51.4552 22.735
      vertex -6.36857 51.5244 16.735
      vertex -6.22219 51.4552 16.735
    endloop
  endfacet
  facet normal -0.33661 -0.941644 0
    outer loop
      vertex -6.52103 51.5789 16.735
      vertex -6.36857 51.5244 22.735
      vertex -6.52103 51.5789 22.735
    endloop
  endfacet
  facet normal -0.33661 -0.941644 -0
    outer loop
      vertex -6.36857 51.5244 22.735
      vertex -6.52103 51.5789 16.735
      vertex -6.36857 51.5244 16.735
    endloop
  endfacet
  facet normal -0.0487887 0.998809 0
    outer loop
      vertex -6.83827 48.3579 16.735
      vertex -7 48.35 22.735
      vertex -6.83827 48.3579 22.735
    endloop
  endfacet
  facet normal -0.0487887 0.998809 0
    outer loop
      vertex -7 48.35 22.735
      vertex -6.83827 48.3579 16.735
      vertex -7 48.35 16.735
    endloop
  endfacet
  facet normal -0.146978 -0.98914 0
    outer loop
      vertex -6.83827 51.6421 16.735
      vertex -6.6781 51.6183 22.735
      vertex -6.83827 51.6421 22.735
    endloop
  endfacet
  facet normal -0.146978 -0.98914 -0
    outer loop
      vertex -6.6781 51.6183 22.735
      vertex -6.83827 51.6421 16.735
      vertex -6.6781 51.6183 16.735
    endloop
  endfacet
  facet normal 0.0487887 -0.998809 0
    outer loop
      vertex -7.16173 51.6421 16.735
      vertex -7 51.65 22.735
      vertex -7.16173 51.6421 22.735
    endloop
  endfacet
  facet normal 0.0487887 -0.998809 0
    outer loop
      vertex -7 51.65 22.735
      vertex -7.16173 51.6421 16.735
      vertex -7 51.65 16.735
    endloop
  endfacet
  facet normal 0.803103 0.59584 0
    outer loop
      vertex -8.27547 48.9533 22.735
      vertex -8.37192 49.0833 16.735
      vertex -8.37192 49.0833 22.735
    endloop
  endfacet
  facet normal 0.803103 0.59584 0
    outer loop
      vertex -8.37192 49.0833 16.735
      vertex -8.27547 48.9533 22.735
      vertex -8.27547 48.9533 16.735
    endloop
  endfacet
  facet normal 0.989189 0.146649 0
    outer loop
      vertex -8.6183 49.6781 22.735
      vertex -8.64205 49.8383 16.735
      vertex -8.64205 49.8383 22.735
    endloop
  endfacet
  facet normal 0.989189 0.146649 0
    outer loop
      vertex -8.64205 49.8383 16.735
      vertex -8.6183 49.6781 22.735
      vertex -8.6183 49.6781 16.735
    endloop
  endfacet
  facet normal 0.67175 -0.740778 0
    outer loop
      vertex -8.16673 51.1667 16.735
      vertex -8.04675 51.2755 22.735
      vertex -8.16673 51.1667 22.735
    endloop
  endfacet
  facet normal 0.67175 -0.740778 0
    outer loop
      vertex -8.04675 51.2755 22.735
      vertex -8.16673 51.1667 16.735
      vertex -8.04675 51.2755 16.735
    endloop
  endfacet
  facet normal -0.803073 0.59588 0
    outer loop
      vertex -5.72453 48.9533 16.735
      vertex -5.62807 49.0833 22.735
      vertex -5.62807 49.0833 16.735
    endloop
  endfacet
  facet normal -0.803073 0.59588 0
    outer loop
      vertex -5.62807 49.0833 22.735
      vertex -5.72453 48.9533 16.735
      vertex -5.72453 48.9533 22.735
    endloop
  endfacet
  facet normal -0.514369 -0.857569 0
    outer loop
      vertex -6.22219 51.4552 16.735
      vertex -6.08331 51.3719 22.735
      vertex -6.22219 51.4552 22.735
    endloop
  endfacet
  facet normal -0.514369 -0.857569 -0
    outer loop
      vertex -6.08331 51.3719 22.735
      vertex -6.22219 51.4552 16.735
      vertex -6.08331 51.3719 16.735
    endloop
  endfacet
  facet normal 0.33661 -0.941644 0
    outer loop
      vertex -7.63143 51.5244 16.735
      vertex -7.47897 51.5789 22.735
      vertex -7.63143 51.5244 22.735
    endloop
  endfacet
  facet normal 0.33661 -0.941644 0
    outer loop
      vertex -7.47897 51.5789 22.735
      vertex -7.63143 51.5244 16.735
      vertex -7.47897 51.5789 16.735
    endloop
  endfacet
  facet normal -0.741018 -0.671486 0
    outer loop
      vertex -5.72453 51.0467 16.735
      vertex -5.83327 51.1667 22.735
      vertex -5.83327 51.1667 16.735
    endloop
  endfacet
  facet normal -0.741018 -0.671486 0
    outer loop
      vertex -5.83327 51.1667 22.735
      vertex -5.72453 51.0467 16.735
      vertex -5.72453 51.0467 22.735
    endloop
  endfacet
  facet normal 0.941504 0.337002 0
    outer loop
      vertex -8.5244 49.3686 22.735
      vertex -8.57895 49.521 16.735
      vertex -8.57895 49.521 22.735
    endloop
  endfacet
  facet normal 0.941504 0.337002 0
    outer loop
      vertex -8.57895 49.521 16.735
      vertex -8.5244 49.3686 22.735
      vertex -8.5244 49.3686 16.735
    endloop
  endfacet
  facet normal -0.514369 0.857569 0
    outer loop
      vertex -6.08331 48.6281 16.735
      vertex -6.22219 48.5448 22.735
      vertex -6.08331 48.6281 22.735
    endloop
  endfacet
  facet normal -0.514369 0.857569 0
    outer loop
      vertex -6.22219 48.5448 22.735
      vertex -6.08331 48.6281 16.735
      vertex -6.22219 48.5448 16.735
    endloop
  endfacet
  facet normal -0.427391 0.904067 0
    outer loop
      vertex -6.22219 48.5448 16.735
      vertex -6.36857 48.4756 22.735
      vertex -6.22219 48.5448 22.735
    endloop
  endfacet
  facet normal -0.427391 0.904067 0
    outer loop
      vertex -6.36857 48.4756 22.735
      vertex -6.22219 48.5448 16.735
      vertex -6.36857 48.4756 16.735
    endloop
  endfacet
  facet normal -0.970033 -0.242971 0
    outer loop
      vertex -5.3817 50.3219 16.735
      vertex -5.42105 50.479 22.735
      vertex -5.42105 50.479 16.735
    endloop
  endfacet
  facet normal -0.970033 -0.242971 0
    outer loop
      vertex -5.42105 50.479 22.735
      vertex -5.3817 50.3219 16.735
      vertex -5.3817 50.3219 22.735
    endloop
  endfacet
  facet normal 0.514341 0.857586 -0
    outer loop
      vertex -7.7778 48.5448 16.735
      vertex -7.91669 48.6281 22.735
      vertex -7.7778 48.5448 22.735
    endloop
  endfacet
  facet normal 0.514341 0.857586 0
    outer loop
      vertex -7.91669 48.6281 22.735
      vertex -7.7778 48.5448 16.735
      vertex -7.91669 48.6281 16.735
    endloop
  endfacet
  facet normal 0.337158 0.941448 -0
    outer loop
      vertex -7.47897 48.421 16.735
      vertex -7.63143 48.4756 22.735
      vertex -7.47897 48.421 22.735
    endloop
  endfacet
  facet normal 0.337158 0.941448 0
    outer loop
      vertex -7.63143 48.4756 22.735
      vertex -7.47897 48.421 16.735
      vertex -7.63143 48.4756 16.735
    endloop
  endfacet
  facet normal 0.998794 -0.0491058 0
    outer loop
      vertex -8.65 50 22.735
      vertex -8.64205 50.1617 16.735
      vertex -8.64205 50.1617 22.735
    endloop
  endfacet
  facet normal 0.998794 -0.0491058 0
    outer loop
      vertex -8.64205 50.1617 16.735
      vertex -8.65 50 22.735
      vertex -8.65 50 16.735
    endloop
  endfacet
  facet normal -0.337158 0.941448 0
    outer loop
      vertex -6.36857 48.4756 16.735
      vertex -6.52103 48.421 22.735
      vertex -6.36857 48.4756 22.735
    endloop
  endfacet
  facet normal -0.337158 0.941448 0
    outer loop
      vertex -6.52103 48.421 22.735
      vertex -6.36857 48.4756 16.735
      vertex -6.52103 48.421 16.735
    endloop
  endfacet
  facet normal 0.595464 0.803382 -0
    outer loop
      vertex -7.91669 48.6281 16.735
      vertex -8.04675 48.7245 22.735
      vertex -7.91669 48.6281 22.735
    endloop
  endfacet
  facet normal 0.595464 0.803382 0
    outer loop
      vertex -8.04675 48.7245 22.735
      vertex -7.91669 48.6281 16.735
      vertex -8.04675 48.7245 16.735
    endloop
  endfacet
  facet normal 0.941504 -0.337002 0
    outer loop
      vertex -8.57895 50.479 22.735
      vertex -8.5244 50.6314 16.735
      vertex -8.5244 50.6314 22.735
    endloop
  endfacet
  facet normal 0.941504 -0.337002 0
    outer loop
      vertex -8.5244 50.6314 16.735
      vertex -8.57895 50.479 22.735
      vertex -8.57895 50.479 16.735
    endloop
  endfacet
  facet normal 0.970033 0.242971 0
    outer loop
      vertex -8.57895 49.521 22.735
      vertex -8.6183 49.6781 16.735
      vertex -8.6183 49.6781 22.735
    endloop
  endfacet
  facet normal 0.970033 0.242971 0
    outer loop
      vertex -8.6183 49.6781 16.735
      vertex -8.57895 49.521 22.735
      vertex -8.57895 49.521 16.735
    endloop
  endfacet
  facet normal -0.67175 0.740778 0
    outer loop
      vertex -5.83327 48.8333 16.735
      vertex -5.95325 48.7245 22.735
      vertex -5.83327 48.8333 22.735
    endloop
  endfacet
  facet normal -0.67175 0.740778 0
    outer loop
      vertex -5.95325 48.7245 22.735
      vertex -5.83327 48.8333 16.735
      vertex -5.95325 48.7245 16.735
    endloop
  endfacet
  facet normal -0.98918 -0.14671 0
    outer loop
      vertex -5.35794 50.1617 16.735
      vertex -5.3817 50.3219 22.735
      vertex -5.3817 50.3219 16.735
    endloop
  endfacet
  facet normal -0.98918 -0.14671 0
    outer loop
      vertex -5.3817 50.3219 22.735
      vertex -5.35794 50.1617 16.735
      vertex -5.35794 50.1617 22.735
    endloop
  endfacet
  facet normal -0.998797 -0.0490442 0
    outer loop
      vertex -5.35 50 16.735
      vertex -5.35794 50.1617 22.735
      vertex -5.35794 50.1617 16.735
    endloop
  endfacet
  facet normal -0.998797 -0.0490442 0
    outer loop
      vertex -5.35794 50.1617 22.735
      vertex -5.35 50 16.735
      vertex -5.35 50 22.735
    endloop
  endfacet
  facet normal -0.941504 -0.337002 0
    outer loop
      vertex -5.42105 50.479 16.735
      vertex -5.4756 50.6314 22.735
      vertex -5.4756 50.6314 16.735
    endloop
  endfacet
  facet normal -0.941504 -0.337002 0
    outer loop
      vertex -5.4756 50.6314 22.735
      vertex -5.42105 50.479 16.735
      vertex -5.42105 50.479 22.735
    endloop
  endfacet
  facet normal 0.989189 -0.146649 0
    outer loop
      vertex -8.64205 50.1617 22.735
      vertex -8.6183 50.3219 16.735
      vertex -8.6183 50.3219 22.735
    endloop
  endfacet
  facet normal 0.989189 -0.146649 0
    outer loop
      vertex -8.6183 50.3219 16.735
      vertex -8.64205 50.1617 22.735
      vertex -8.64205 50.1617 16.735
    endloop
  endfacet
  facet normal 0.146978 -0.98914 0
    outer loop
      vertex -7.3219 51.6183 16.735
      vertex -7.16173 51.6421 22.735
      vertex -7.3219 51.6183 22.735
    endloop
  endfacet
  facet normal 0.146978 -0.98914 0
    outer loop
      vertex -7.16173 51.6421 22.735
      vertex -7.3219 51.6183 16.735
      vertex -7.16173 51.6421 16.735
    endloop
  endfacet
  facet normal 0.146978 0.98914 -0
    outer loop
      vertex -7.16173 48.3579 16.735
      vertex -7.3219 48.3817 22.735
      vertex -7.16173 48.3579 22.735
    endloop
  endfacet
  facet normal 0.146978 0.98914 0
    outer loop
      vertex -7.3219 48.3817 22.735
      vertex -7.16173 48.3579 16.735
      vertex -7.3219 48.3817 16.735
    endloop
  endfacet
  facet normal -0.857765 -0.514042 0
    outer loop
      vertex -5.54483 50.7778 16.735
      vertex -5.62807 50.9167 22.735
      vertex -5.62807 50.9167 16.735
    endloop
  endfacet
  facet normal -0.857765 -0.514042 0
    outer loop
      vertex -5.62807 50.9167 22.735
      vertex -5.54483 50.7778 16.735
      vertex -5.54483 50.7778 22.735
    endloop
  endfacet
  facet normal -0.941504 0.337002 0
    outer loop
      vertex -5.4756 49.3686 16.735
      vertex -5.42105 49.521 22.735
      vertex -5.42105 49.521 16.735
    endloop
  endfacet
  facet normal -0.941504 0.337002 0
    outer loop
      vertex -5.42105 49.521 22.735
      vertex -5.4756 49.3686 16.735
      vertex -5.4756 49.3686 22.735
    endloop
  endfacet
  facet normal 0.857738 -0.514087 0
    outer loop
      vertex -8.45517 50.7778 22.735
      vertex -8.37192 50.9167 16.735
      vertex -8.37192 50.9167 22.735
    endloop
  endfacet
  facet normal 0.857738 -0.514087 0
    outer loop
      vertex -8.37192 50.9167 16.735
      vertex -8.45517 50.7778 22.735
      vertex -8.45517 50.7778 16.735
    endloop
  endfacet
  facet normal 0.741018 0.671486 0
    outer loop
      vertex -8.16673 48.8333 22.735
      vertex -8.27547 48.9533 16.735
      vertex -8.27547 48.9533 22.735
    endloop
  endfacet
  facet normal 0.741018 0.671486 0
    outer loop
      vertex -8.27547 48.9533 16.735
      vertex -8.16673 48.8333 22.735
      vertex -8.16673 48.8333 16.735
    endloop
  endfacet
  facet normal -0.243306 -0.96995 0
    outer loop
      vertex -6.6781 51.6183 16.735
      vertex -6.52103 51.5789 22.735
      vertex -6.6781 51.6183 22.735
    endloop
  endfacet
  facet normal -0.243306 -0.96995 -0
    outer loop
      vertex -6.52103 51.5789 22.735
      vertex -6.6781 51.6183 16.735
      vertex -6.52103 51.5789 16.735
    endloop
  endfacet
  facet normal -0.741018 0.671486 0
    outer loop
      vertex -5.83327 48.8333 16.735
      vertex -5.72453 48.9533 22.735
      vertex -5.72453 48.9533 16.735
    endloop
  endfacet
  facet normal -0.741018 0.671486 0
    outer loop
      vertex -5.72453 48.9533 22.735
      vertex -5.83327 48.8333 16.735
      vertex -5.83327 48.8333 22.735
    endloop
  endfacet
  facet normal -0.595464 0.803382 0
    outer loop
      vertex -5.95325 48.7245 16.735
      vertex -6.08331 48.6281 22.735
      vertex -5.95325 48.7245 22.735
    endloop
  endfacet
  facet normal -0.595464 0.803382 0
    outer loop
      vertex -6.08331 48.6281 22.735
      vertex -5.95325 48.7245 16.735
      vertex -6.08331 48.6281 16.735
    endloop
  endfacet
  facet normal 0.427414 -0.904056 0
    outer loop
      vertex -7.7778 51.4552 16.735
      vertex -7.63143 51.5244 22.735
      vertex -7.7778 51.4552 22.735
    endloop
  endfacet
  facet normal 0.427414 -0.904056 0
    outer loop
      vertex -7.63143 51.5244 22.735
      vertex -7.7778 51.4552 16.735
      vertex -7.63143 51.5244 16.735
    endloop
  endfacet
  facet normal -0.857765 0.514042 0
    outer loop
      vertex -5.62807 49.0833 16.735
      vertex -5.54483 49.2222 22.735
      vertex -5.54483 49.2222 16.735
    endloop
  endfacet
  facet normal -0.857765 0.514042 0
    outer loop
      vertex -5.54483 49.2222 22.735
      vertex -5.62807 49.0833 16.735
      vertex -5.62807 49.0833 22.735
    endloop
  endfacet
  facet normal 0.67175 0.740778 -0
    outer loop
      vertex -8.04675 48.7245 16.735
      vertex -8.16673 48.8333 22.735
      vertex -8.04675 48.7245 22.735
    endloop
  endfacet
  facet normal 0.67175 0.740778 0
    outer loop
      vertex -8.16673 48.8333 22.735
      vertex -8.04675 48.7245 16.735
      vertex -8.16673 48.8333 16.735
    endloop
  endfacet
  facet normal 0.427414 0.904056 -0
    outer loop
      vertex -7.63143 48.4756 16.735
      vertex -7.7778 48.5448 22.735
      vertex -7.63143 48.4756 22.735
    endloop
  endfacet
  facet normal 0.427414 0.904056 0
    outer loop
      vertex -7.7778 48.5448 22.735
      vertex -7.63143 48.4756 16.735
      vertex -7.7778 48.5448 16.735
    endloop
  endfacet
  facet normal -0.803073 -0.59588 0
    outer loop
      vertex -5.62807 50.9167 16.735
      vertex -5.72453 51.0467 22.735
      vertex -5.72453 51.0467 16.735
    endloop
  endfacet
  facet normal -0.803073 -0.59588 0
    outer loop
      vertex -5.72453 51.0467 22.735
      vertex -5.62807 50.9167 16.735
      vertex -5.62807 50.9167 22.735
    endloop
  endfacet
  facet normal 0.242725 0.970095 -0
    outer loop
      vertex -7.3219 48.3817 16.735
      vertex -7.47897 48.421 22.735
      vertex -7.3219 48.3817 22.735
    endloop
  endfacet
  facet normal 0.242725 0.970095 0
    outer loop
      vertex -7.47897 48.421 22.735
      vertex -7.3219 48.3817 16.735
      vertex -7.47897 48.421 16.735
    endloop
  endfacet
  facet normal 0.803103 -0.59584 0
    outer loop
      vertex -8.37192 50.9167 22.735
      vertex -8.27547 51.0467 16.735
      vertex -8.27547 51.0467 22.735
    endloop
  endfacet
  facet normal 0.803103 -0.59584 0
    outer loop
      vertex -8.27547 51.0467 16.735
      vertex -8.37192 50.9167 22.735
      vertex -8.37192 50.9167 16.735
    endloop
  endfacet
  facet normal 0.741018 -0.671486 0
    outer loop
      vertex -8.27547 51.0467 22.735
      vertex -8.16673 51.1667 16.735
      vertex -8.16673 51.1667 22.735
    endloop
  endfacet
  facet normal 0.741018 -0.671486 0
    outer loop
      vertex -8.16673 51.1667 16.735
      vertex -8.27547 51.0467 22.735
      vertex -8.27547 51.0467 16.735
    endloop
  endfacet
  facet normal 0.514341 -0.857586 0
    outer loop
      vertex -7.91669 51.3719 16.735
      vertex -7.7778 51.4552 22.735
      vertex -7.91669 51.3719 22.735
    endloop
  endfacet
  facet normal 0.514341 -0.857586 0
    outer loop
      vertex -7.7778 51.4552 22.735
      vertex -7.91669 51.3719 16.735
      vertex -7.7778 51.4552 16.735
    endloop
  endfacet
  facet normal 0.970033 -0.242971 0
    outer loop
      vertex -8.6183 50.3219 22.735
      vertex -8.57895 50.479 16.735
      vertex -8.57895 50.479 22.735
    endloop
  endfacet
  facet normal 0.970033 -0.242971 0
    outer loop
      vertex -8.57895 50.479 16.735
      vertex -8.6183 50.3219 22.735
      vertex -8.6183 50.3219 16.735
    endloop
  endfacet
  facet normal 0.595464 -0.803382 0
    outer loop
      vertex -8.04675 51.2755 16.735
      vertex -7.91669 51.3719 22.735
      vertex -8.04675 51.2755 22.735
    endloop
  endfacet
  facet normal 0.595464 -0.803382 0
    outer loop
      vertex -7.91669 51.3719 22.735
      vertex -8.04675 51.2755 16.735
      vertex -7.91669 51.3719 16.735
    endloop
  endfacet
  facet normal 0.0487887 0.998809 -0
    outer loop
      vertex -7 48.35 16.735
      vertex -7.16173 48.3579 22.735
      vertex -7 48.35 22.735
    endloop
  endfacet
  facet normal 0.0487887 0.998809 0
    outer loop
      vertex -7.16173 48.3579 22.735
      vertex -7 48.35 16.735
      vertex -7.16173 48.3579 16.735
    endloop
  endfacet
  facet normal 0.243306 -0.96995 0
    outer loop
      vertex -7.47897 51.5789 16.735
      vertex -7.3219 51.6183 22.735
      vertex -7.47897 51.5789 22.735
    endloop
  endfacet
  facet normal 0.243306 -0.96995 0
    outer loop
      vertex -7.3219 51.6183 22.735
      vertex -7.47897 51.5789 16.735
      vertex -7.3219 51.6183 16.735
    endloop
  endfacet
  facet normal -0.242725 0.970095 0
    outer loop
      vertex -6.52103 48.421 16.735
      vertex -6.6781 48.3817 22.735
      vertex -6.52103 48.421 22.735
    endloop
  endfacet
  facet normal -0.242725 0.970095 0
    outer loop
      vertex -6.6781 48.3817 22.735
      vertex -6.52103 48.421 16.735
      vertex -6.6781 48.3817 16.735
    endloop
  endfacet
  facet normal -0.0487887 -0.998809 0
    outer loop
      vertex -7 51.65 16.735
      vertex -6.83827 51.6421 22.735
      vertex -7 51.65 22.735
    endloop
  endfacet
  facet normal -0.0487887 -0.998809 -0
    outer loop
      vertex -6.83827 51.6421 22.735
      vertex -7 51.65 16.735
      vertex -6.83827 51.6421 16.735
    endloop
  endfacet
  facet normal -0.595464 -0.803382 0
    outer loop
      vertex -6.08331 51.3719 16.735
      vertex -5.95325 51.2755 22.735
      vertex -6.08331 51.3719 22.735
    endloop
  endfacet
  facet normal -0.595464 -0.803382 -0
    outer loop
      vertex -5.95325 51.2755 22.735
      vertex -6.08331 51.3719 16.735
      vertex -5.95325 51.2755 16.735
    endloop
  endfacet
  facet normal 0.857738 0.514087 0
    outer loop
      vertex -8.37192 49.0833 22.735
      vertex -8.45517 49.2222 16.735
      vertex -8.45517 49.2222 22.735
    endloop
  endfacet
  facet normal 0.857738 0.514087 0
    outer loop
      vertex -8.45517 49.2222 16.735
      vertex -8.37192 49.0833 22.735
      vertex -8.37192 49.0833 16.735
    endloop
  endfacet
  facet normal -0.67175 -0.740778 0
    outer loop
      vertex -5.95325 51.2755 16.735
      vertex -5.83327 51.1667 22.735
      vertex -5.95325 51.2755 22.735
    endloop
  endfacet
  facet normal -0.67175 -0.740778 -0
    outer loop
      vertex -5.83327 51.1667 22.735
      vertex -5.95325 51.2755 16.735
      vertex -5.83327 51.1667 16.735
    endloop
  endfacet
  facet normal 0.904018 0.427494 0
    outer loop
      vertex -8.45517 49.2222 22.735
      vertex -8.5244 49.3686 16.735
      vertex -8.5244 49.3686 22.735
    endloop
  endfacet
  facet normal 0.904018 0.427494 0
    outer loop
      vertex -8.5244 49.3686 16.735
      vertex -8.45517 49.2222 22.735
      vertex -8.45517 49.2222 16.735
    endloop
  endfacet
  facet normal -0.904018 -0.427494 0
    outer loop
      vertex -5.4756 50.6314 16.735
      vertex -5.54483 50.7778 22.735
      vertex -5.54483 50.7778 16.735
    endloop
  endfacet
  facet normal -0.904018 -0.427494 0
    outer loop
      vertex -5.54483 50.7778 22.735
      vertex -5.4756 50.6314 16.735
      vertex -5.4756 50.6314 22.735
    endloop
  endfacet
  facet normal -0.146978 0.98914 0
    outer loop
      vertex -6.6781 48.3817 16.735
      vertex -6.83827 48.3579 22.735
      vertex -6.6781 48.3817 22.735
    endloop
  endfacet
  facet normal -0.146978 0.98914 0
    outer loop
      vertex -6.83827 48.3579 22.735
      vertex -6.6781 48.3817 16.735
      vertex -6.83827 48.3579 16.735
    endloop
  endfacet
  facet normal 0.998794 0.0491058 0
    outer loop
      vertex -8.64205 49.8383 22.735
      vertex -8.65 50 16.735
      vertex -8.65 50 22.735
    endloop
  endfacet
  facet normal 0.998794 0.0491058 0
    outer loop
      vertex -8.65 50 16.735
      vertex -8.64205 49.8383 22.735
      vertex -8.64205 49.8383 16.735
    endloop
  endfacet
  facet normal 0.904018 -0.427494 0
    outer loop
      vertex -8.5244 50.6314 22.735
      vertex -8.45517 50.7778 16.735
      vertex -8.45517 50.7778 22.735
    endloop
  endfacet
  facet normal 0.904018 -0.427494 0
    outer loop
      vertex -8.45517 50.7778 16.735
      vertex -8.5244 50.6314 22.735
      vertex -8.5244 50.6314 16.735
    endloop
  endfacet
  facet normal 0.499996 0.866028 -0
    outer loop
      vertex -7 46.305 0
      vertex -10.2 48.1525 16.735
      vertex -7 46.305 16.735
    endloop
  endfacet
  facet normal 0.499996 0.866028 0
    outer loop
      vertex -10.2 48.1525 16.735
      vertex -7 46.305 0
      vertex -10.2 48.1525 0
    endloop
  endfacet
  facet normal -0.499996 0.866028 0
    outer loop
      vertex -3.8 48.1525 0
      vertex -7 46.305 16.735
      vertex -3.8 48.1525 16.735
    endloop
  endfacet
  facet normal -0.499996 0.866028 0
    outer loop
      vertex -7 46.305 16.735
      vertex -3.8 48.1525 0
      vertex -7 46.305 0
    endloop
  endfacet
  facet normal -1 0 0
    outer loop
      vertex -3.8 48.1525 0
      vertex -3.8 51.8475 16.735
      vertex -3.8 51.8475 0
    endloop
  endfacet
  facet normal -1 -0 0
    outer loop
      vertex -3.8 51.8475 16.735
      vertex -3.8 48.1525 0
      vertex -3.8 48.1525 16.735
    endloop
  endfacet
  facet normal 0 0 -1
    outer loop
      vertex -3.8 48.1525 16.735
      vertex -5.35 50 16.735
      vertex -3.8 51.8475 16.735
    endloop
  endfacet
  facet normal 0 0 -1
    outer loop
      vertex -3.8 48.1525 16.735
      vertex -5.35794 49.8383 16.735
      vertex -5.35 50 16.735
    endloop
  endfacet
  facet normal 0 0 -1
    outer loop
      vertex -3.8 48.1525 16.735
      vertex -5.3817 49.6781 16.735
      vertex -5.35794 49.8383 16.735
    endloop
  endfacet
  facet normal 0 0 -1
    outer loop
      vertex -3.8 48.1525 16.735
      vertex -5.42105 49.521 16.735
      vertex -5.3817 49.6781 16.735
    endloop
  endfacet
  facet normal 0 0 -1
    outer loop
      vertex -3.8 48.1525 16.735
      vertex -5.4756 49.3686 16.735
      vertex -5.42105 49.521 16.735
    endloop
  endfacet
  facet normal 0 0 -1
    outer loop
      vertex -3.8 48.1525 16.735
      vertex -5.54483 49.2222 16.735
      vertex -5.4756 49.3686 16.735
    endloop
  endfacet
  facet normal 0 0 -1
    outer loop
      vertex -3.8 48.1525 16.735
      vertex -5.62807 49.0833 16.735
      vertex -5.54483 49.2222 16.735
    endloop
  endfacet
  facet normal 0 0 -1
    outer loop
      vertex -3.8 48.1525 16.735
      vertex -5.72453 48.9533 16.735
      vertex -5.62807 49.0833 16.735
    endloop
  endfacet
  facet normal 0 0 -1
    outer loop
      vertex -3.8 48.1525 16.735
      vertex -5.83327 48.8333 16.735
      vertex -5.72453 48.9533 16.735
    endloop
  endfacet
  facet normal 0 0 -1
    outer loop
      vertex -3.8 48.1525 16.735
      vertex -5.95325 48.7245 16.735
      vertex -5.83327 48.8333 16.735
    endloop
  endfacet
  facet normal 0 0 -1
    outer loop
      vertex -3.8 48.1525 16.735
      vertex -6.08331 48.6281 16.735
      vertex -5.95325 48.7245 16.735
    endloop
  endfacet
  facet normal 0 0 -1
    outer loop
      vertex -3.8 48.1525 16.735
      vertex -6.22219 48.5448 16.735
      vertex -6.08331 48.6281 16.735
    endloop
  endfacet
  facet normal 0 0 -1
    outer loop
      vertex -7 46.305 16.735
      vertex -6.22219 48.5448 16.735
      vertex -3.8 48.1525 16.735
    endloop
  endfacet
  facet normal 0 0 -1
    outer loop
      vertex -6.22219 48.5448 16.735
      vertex -7 46.305 16.735
      vertex -6.36857 48.4756 16.735
    endloop
  endfacet
  facet normal 0 0 -1
    outer loop
      vertex -6.36857 48.4756 16.735
      vertex -7 46.305 16.735
      vertex -6.52103 48.421 16.735
    endloop
  endfacet
  facet normal 0 0 -1
    outer loop
      vertex -6.52103 48.421 16.735
      vertex -7 46.305 16.735
      vertex -6.6781 48.3817 16.735
    endloop
  endfacet
  facet normal 0 0 -1
    outer loop
      vertex -6.6781 48.3817 16.735
      vertex -7 46.305 16.735
      vertex -6.83827 48.3579 16.735
    endloop
  endfacet
  facet normal 0 0 -1
    outer loop
      vertex -7 46.305 16.735
      vertex -7 48.35 16.735
      vertex -6.83827 48.3579 16.735
    endloop
  endfacet
  facet normal 0 0 -1
    outer loop
      vertex -7 46.305 16.735
      vertex -7.16173 48.3579 16.735
      vertex -7 48.35 16.735
    endloop
  endfacet
  facet normal 0 0 -1
    outer loop
      vertex -7 46.305 16.735
      vertex -7.3219 48.3817 16.735
      vertex -7.16173 48.3579 16.735
    endloop
  endfacet
  facet normal 0 0 -1
    outer loop
      vertex -7 46.305 16.735
      vertex -7.47897 48.421 16.735
      vertex -7.3219 48.3817 16.735
    endloop
  endfacet
  facet normal 0 0 -1
    outer loop
      vertex -7 46.305 16.735
      vertex -7.63143 48.4756 16.735
      vertex -7.47897 48.421 16.735
    endloop
  endfacet
  facet normal 0 0 -1
    outer loop
      vertex -7 46.305 16.735
      vertex -7.7778 48.5448 16.735
      vertex -7.63143 48.4756 16.735
    endloop
  endfacet
  facet normal 0 0 -1
    outer loop
      vertex -10.2 48.1525 16.735
      vertex -7.7778 48.5448 16.735
      vertex -7 46.305 16.735
    endloop
  endfacet
  facet normal -0 0 -1
    outer loop
      vertex -7.7778 48.5448 16.735
      vertex -10.2 48.1525 16.735
      vertex -7.91669 48.6281 16.735
    endloop
  endfacet
  facet normal -0 0 -1
    outer loop
      vertex -7.91669 48.6281 16.735
      vertex -10.2 48.1525 16.735
      vertex -8.04675 48.7245 16.735
    endloop
  endfacet
  facet normal -0 0 -1
    outer loop
      vertex -8.04675 48.7245 16.735
      vertex -10.2 48.1525 16.735
      vertex -8.16673 48.8333 16.735
    endloop
  endfacet
  facet normal -0 0 -1
    outer loop
      vertex -8.16673 48.8333 16.735
      vertex -10.2 48.1525 16.735
      vertex -8.27547 48.9533 16.735
    endloop
  endfacet
  facet normal -0 0 -1
    outer loop
      vertex -8.27547 48.9533 16.735
      vertex -10.2 48.1525 16.735
      vertex -8.37192 49.0833 16.735
    endloop
  endfacet
  facet normal -0 0 -1
    outer loop
      vertex -8.64205 49.8383 16.735
      vertex -10.2 48.1525 16.735
      vertex -8.65 50 16.735
    endloop
  endfacet
  facet normal -0 0 -1
    outer loop
      vertex -8.6183 49.6781 16.735
      vertex -10.2 48.1525 16.735
      vertex -8.64205 49.8383 16.735
    endloop
  endfacet
  facet normal -0 0 -1
    outer loop
      vertex -8.57895 49.521 16.735
      vertex -10.2 48.1525 16.735
      vertex -8.6183 49.6781 16.735
    endloop
  endfacet
  facet normal -0 0 -1
    outer loop
      vertex -8.5244 49.3686 16.735
      vertex -10.2 48.1525 16.735
      vertex -8.57895 49.521 16.735
    endloop
  endfacet
  facet normal -0 0 -1
    outer loop
      vertex -8.45517 49.2222 16.735
      vertex -10.2 48.1525 16.735
      vertex -8.5244 49.3686 16.735
    endloop
  endfacet
  facet normal -0 0 -1
    outer loop
      vertex -8.37192 49.0833 16.735
      vertex -10.2 48.1525 16.735
      vertex -8.45517 49.2222 16.735
    endloop
  endfacet
  facet normal 0 0 -1
    outer loop
      vertex -5.35794 50.1617 16.735
      vertex -3.8 51.8475 16.735
      vertex -5.35 50 16.735
    endloop
  endfacet
  facet normal 0 0 -1
    outer loop
      vertex -5.3817 50.3219 16.735
      vertex -3.8 51.8475 16.735
      vertex -5.35794 50.1617 16.735
    endloop
  endfacet
  facet normal 0 0 -1
    outer loop
      vertex -5.42105 50.479 16.735
      vertex -3.8 51.8475 16.735
      vertex -5.3817 50.3219 16.735
    endloop
  endfacet
  facet normal 0 0 -1
    outer loop
      vertex -5.4756 50.6314 16.735
      vertex -3.8 51.8475 16.735
      vertex -5.42105 50.479 16.735
    endloop
  endfacet
  facet normal 0 0 -1
    outer loop
      vertex -5.54483 50.7778 16.735
      vertex -3.8 51.8475 16.735
      vertex -5.4756 50.6314 16.735
    endloop
  endfacet
  facet normal 0 0 -1
    outer loop
      vertex -5.62807 50.9167 16.735
      vertex -3.8 51.8475 16.735
      vertex -5.54483 50.7778 16.735
    endloop
  endfacet
  facet normal 0 0 -1
    outer loop
      vertex -5.72453 51.0467 16.735
      vertex -3.8 51.8475 16.735
      vertex -5.62807 50.9167 16.735
    endloop
  endfacet
  facet normal 0 0 -1
    outer loop
      vertex -5.83327 51.1667 16.735
      vertex -3.8 51.8475 16.735
      vertex -5.72453 51.0467 16.735
    endloop
  endfacet
  facet normal 0 0 -1
    outer loop
      vertex -5.95325 51.2755 16.735
      vertex -3.8 51.8475 16.735
      vertex -5.83327 51.1667 16.735
    endloop
  endfacet
  facet normal 0 0 -1
    outer loop
      vertex -6.08331 51.3719 16.735
      vertex -3.8 51.8475 16.735
      vertex -5.95325 51.2755 16.735
    endloop
  endfacet
  facet normal 0 0 -1
    outer loop
      vertex -6.22219 51.4552 16.735
      vertex -3.8 51.8475 16.735
      vertex -6.08331 51.3719 16.735
    endloop
  endfacet
  facet normal 0 0 -1
    outer loop
      vertex -7 53.695 16.735
      vertex -6.22219 51.4552 16.735
      vertex -6.36857 51.5244 16.735
    endloop
  endfacet
  facet normal 0 0 -1
    outer loop
      vertex -7 53.695 16.735
      vertex -6.36857 51.5244 16.735
      vertex -6.52103 51.5789 16.735
    endloop
  endfacet
  facet normal 0 0 -1
    outer loop
      vertex -7 53.695 16.735
      vertex -6.52103 51.5789 16.735
      vertex -6.6781 51.6183 16.735
    endloop
  endfacet
  facet normal 0 0 -1
    outer loop
      vertex -7 53.695 16.735
      vertex -6.6781 51.6183 16.735
      vertex -6.83827 51.6421 16.735
    endloop
  endfacet
  facet normal 0 0 -1
    outer loop
      vertex -7 53.695 16.735
      vertex -6.83827 51.6421 16.735
      vertex -7 51.65 16.735
    endloop
  endfacet
  facet normal 0 0 -1
    outer loop
      vertex -6.22219 51.4552 16.735
      vertex -7 53.695 16.735
      vertex -3.8 51.8475 16.735
    endloop
  endfacet
  facet normal 0 0 -1
    outer loop
      vertex -7.16173 51.6421 16.735
      vertex -7 53.695 16.735
      vertex -7 51.65 16.735
    endloop
  endfacet
  facet normal 0 0 -1
    outer loop
      vertex -7.3219 51.6183 16.735
      vertex -7 53.695 16.735
      vertex -7.16173 51.6421 16.735
    endloop
  endfacet
  facet normal 0 0 -1
    outer loop
      vertex -7.47897 51.5789 16.735
      vertex -7 53.695 16.735
      vertex -7.3219 51.6183 16.735
    endloop
  endfacet
  facet normal 0 0 -1
    outer loop
      vertex -7.63143 51.5244 16.735
      vertex -7 53.695 16.735
      vertex -7.47897 51.5789 16.735
    endloop
  endfacet
  facet normal 0 0 -1
    outer loop
      vertex -7.7778 51.4552 16.735
      vertex -7 53.695 16.735
      vertex -7.63143 51.5244 16.735
    endloop
  endfacet
  facet normal 0 0 -1
    outer loop
      vertex -10.2 51.8475 16.735
      vertex -7.7778 51.4552 16.735
      vertex -7.91669 51.3719 16.735
    endloop
  endfacet
  facet normal 0 0 -1
    outer loop
      vertex -10.2 51.8475 16.735
      vertex -7.91669 51.3719 16.735
      vertex -8.04675 51.2755 16.735
    endloop
  endfacet
  facet normal 0 0 -1
    outer loop
      vertex -10.2 51.8475 16.735
      vertex -8.04675 51.2755 16.735
      vertex -8.16673 51.1667 16.735
    endloop
  endfacet
  facet normal 0 0 -1
    outer loop
      vertex -10.2 51.8475 16.735
      vertex -8.16673 51.1667 16.735
      vertex -8.27547 51.0467 16.735
    endloop
  endfacet
  facet normal 0 0 -1
    outer loop
      vertex -10.2 51.8475 16.735
      vertex -8.27547 51.0467 16.735
      vertex -8.37192 50.9167 16.735
    endloop
  endfacet
  facet normal 0 0 -1
    outer loop
      vertex -10.2 51.8475 16.735
      vertex -8.37192 50.9167 16.735
      vertex -8.45517 50.7778 16.735
    endloop
  endfacet
  facet normal 0 0 -1
    outer loop
      vertex -10.2 51.8475 16.735
      vertex -8.65 50 16.735
      vertex -10.2 48.1525 16.735
    endloop
  endfacet
  facet normal 0 0 -1
    outer loop
      vertex -8.65 50 16.735
      vertex -10.2 51.8475 16.735
      vertex -8.64205 50.1617 16.735
    endloop
  endfacet
  facet normal 0 0 -1
    outer loop
      vertex -8.64205 50.1617 16.735
      vertex -10.2 51.8475 16.735
      vertex -8.6183 50.3219 16.735
    endloop
  endfacet
  facet normal 0 0 -1
    outer loop
      vertex -8.6183 50.3219 16.735
      vertex -10.2 51.8475 16.735
      vertex -8.57895 50.479 16.735
    endloop
  endfacet
  facet normal 0 0 -1
    outer loop
      vertex -8.57895 50.479 16.735
      vertex -10.2 51.8475 16.735
      vertex -8.5244 50.6314 16.735
    endloop
  endfacet
  facet normal 0 0 -1
    outer loop
      vertex -8.5244 50.6314 16.735
      vertex -10.2 51.8475 16.735
      vertex -8.45517 50.7778 16.735
    endloop
  endfacet
  facet normal 0 0 -1
    outer loop
      vertex -7.7778 51.4552 16.735
      vertex -10.2 51.8475 16.735
      vertex -7 53.695 16.735
    endloop
  endfacet
  facet normal 0.499996 -0.866028 0
    outer loop
      vertex -10.2 51.8475 0
      vertex -7 53.695 16.735
      vertex -10.2 51.8475 16.735
    endloop
  endfacet
  facet normal 0.499996 -0.866028 0
    outer loop
      vertex -7 53.695 16.735
      vertex -10.2 51.8475 0
      vertex -7 53.695 0
    endloop
  endfacet
  facet normal -0.499996 -0.866028 0
    outer loop
      vertex -7 53.695 0
      vertex -3.8 51.8475 16.735
      vertex -7 53.695 16.735
    endloop
  endfacet
  facet normal -0.499996 -0.866028 -0
    outer loop
      vertex -3.8 51.8475 16.735
      vertex -7 53.695 0
      vertex -3.8 51.8475 0
    endloop
  endfacet
  facet normal 1 -0 0
    outer loop
      vertex -10.2 48.1525 16.735
      vertex -10.2 51.8475 0
      vertex -10.2 51.8475 16.735
    endloop
  endfacet
  facet normal 1 0 0
    outer loop
      vertex -10.2 51.8475 0
      vertex -10.2 48.1525 16.735
      vertex -10.2 48.1525 0
    endloop
  endfacet
  facet normal -0.989189 0.146649 0
    outer loop
      vertex 8.6183 49.6781 16.735
      vertex 8.64205 49.8383 22.735
      vertex 8.64205 49.8383 16.735
    endloop
  endfacet
  facet normal -0.989189 0.146649 0
    outer loop
      vertex 8.64205 49.8383 22.735
      vertex 8.6183 49.6781 16.735
      vertex 8.6183 49.6781 22.735
    endloop
  endfacet
  facet normal -0.998794 0.0491058 0
    outer loop
      vertex 8.64205 49.8383 16.735
      vertex 8.65 50 22.735
      vertex 8.65 50 16.735
    endloop
  endfacet
  facet normal -0.998794 0.0491058 0
    outer loop
      vertex 8.65 50 22.735
      vertex 8.64205 49.8383 16.735
      vertex 8.64205 49.8383 22.735
    endloop
  endfacet
  facet normal -0.970033 0.242971 0
    outer loop
      vertex 8.57895 49.521 16.735
      vertex 8.6183 49.6781 22.735
      vertex 8.6183 49.6781 16.735
    endloop
  endfacet
  facet normal -0.970033 0.242971 0
    outer loop
      vertex 8.6183 49.6781 22.735
      vertex 8.57895 49.521 16.735
      vertex 8.57895 49.521 22.735
    endloop
  endfacet
  facet normal -0.904018 0.427494 0
    outer loop
      vertex 8.45517 49.2222 16.735
      vertex 8.5244 49.3686 22.735
      vertex 8.5244 49.3686 16.735
    endloop
  endfacet
  facet normal -0.904018 0.427494 0
    outer loop
      vertex 8.5244 49.3686 22.735
      vertex 8.45517 49.2222 16.735
      vertex 8.45517 49.2222 22.735
    endloop
  endfacet
  facet normal -0.427414 -0.904056 0
    outer loop
      vertex 7.63143 51.5244 16.735
      vertex 7.7778 51.4552 22.735
      vertex 7.63143 51.5244 22.735
    endloop
  endfacet
  facet normal -0.427414 -0.904056 -0
    outer loop
      vertex 7.7778 51.4552 22.735
      vertex 7.63143 51.5244 16.735
      vertex 7.7778 51.4552 16.735
    endloop
  endfacet
  facet normal -0.33661 -0.941644 0
    outer loop
      vertex 7.47897 51.5789 16.735
      vertex 7.63143 51.5244 22.735
      vertex 7.47897 51.5789 22.735
    endloop
  endfacet
  facet normal -0.33661 -0.941644 -0
    outer loop
      vertex 7.63143 51.5244 22.735
      vertex 7.47897 51.5789 16.735
      vertex 7.63143 51.5244 16.735
    endloop
  endfacet
  facet normal -0.0487887 0.998809 0
    outer loop
      vertex 7.16173 48.3579 16.735
      vertex 7 48.35 22.735
      vertex 7.16173 48.3579 22.735
    endloop
  endfacet
  facet normal -0.0487887 0.998809 0
    outer loop
      vertex 7 48.35 22.735
      vertex 7.16173 48.3579 16.735
      vertex 7 48.35 16.735
    endloop
  endfacet
  facet normal -0.146978 -0.98914 0
    outer loop
      vertex 7.16173 51.6421 16.735
      vertex 7.3219 51.6183 22.735
      vertex 7.16173 51.6421 22.735
    endloop
  endfacet
  facet normal -0.146978 -0.98914 -0
    outer loop
      vertex 7.3219 51.6183 22.735
      vertex 7.16173 51.6421 16.735
      vertex 7.3219 51.6183 16.735
    endloop
  endfacet
  facet normal 0.0487887 -0.998809 0
    outer loop
      vertex 6.83827 51.6421 16.735
      vertex 7 51.65 22.735
      vertex 6.83827 51.6421 22.735
    endloop
  endfacet
  facet normal 0.0487887 -0.998809 0
    outer loop
      vertex 7 51.65 22.735
      vertex 6.83827 51.6421 16.735
      vertex 7 51.65 16.735
    endloop
  endfacet
  facet normal 0.803073 0.59588 0
    outer loop
      vertex 5.72453 48.9533 22.735
      vertex 5.62807 49.0833 16.735
      vertex 5.62807 49.0833 22.735
    endloop
  endfacet
  facet normal 0.803073 0.59588 0
    outer loop
      vertex 5.62807 49.0833 16.735
      vertex 5.72453 48.9533 22.735
      vertex 5.72453 48.9533 16.735
    endloop
  endfacet
  facet normal 0.98918 0.14671 0
    outer loop
      vertex 5.3817 49.6781 22.735
      vertex 5.35794 49.8383 16.735
      vertex 5.35794 49.8383 22.735
    endloop
  endfacet
  facet normal 0.98918 0.14671 0
    outer loop
      vertex 5.35794 49.8383 16.735
      vertex 5.3817 49.6781 22.735
      vertex 5.3817 49.6781 16.735
    endloop
  endfacet
  facet normal 0.67175 -0.740778 0
    outer loop
      vertex 5.83327 51.1667 16.735
      vertex 5.95325 51.2755 22.735
      vertex 5.83327 51.1667 22.735
    endloop
  endfacet
  facet normal 0.67175 -0.740778 0
    outer loop
      vertex 5.95325 51.2755 22.735
      vertex 5.83327 51.1667 16.735
      vertex 5.95325 51.2755 16.735
    endloop
  endfacet
  facet normal -0.803103 0.59584 0
    outer loop
      vertex 8.27547 48.9533 16.735
      vertex 8.37192 49.0833 22.735
      vertex 8.37192 49.0833 16.735
    endloop
  endfacet
  facet normal -0.803103 0.59584 0
    outer loop
      vertex 8.37192 49.0833 22.735
      vertex 8.27547 48.9533 16.735
      vertex 8.27547 48.9533 22.735
    endloop
  endfacet
  facet normal -0.514341 -0.857586 0
    outer loop
      vertex 7.7778 51.4552 16.735
      vertex 7.91669 51.3719 22.735
      vertex 7.7778 51.4552 22.735
    endloop
  endfacet
  facet normal -0.514341 -0.857586 -0
    outer loop
      vertex 7.91669 51.3719 22.735
      vertex 7.7778 51.4552 16.735
      vertex 7.91669 51.3719 16.735
    endloop
  endfacet
  facet normal 0.33661 -0.941644 0
    outer loop
      vertex 6.36857 51.5244 16.735
      vertex 6.52103 51.5789 22.735
      vertex 6.36857 51.5244 22.735
    endloop
  endfacet
  facet normal 0.33661 -0.941644 0
    outer loop
      vertex 6.52103 51.5789 22.735
      vertex 6.36857 51.5244 16.735
      vertex 6.52103 51.5789 16.735
    endloop
  endfacet
  facet normal -0.741018 -0.671486 0
    outer loop
      vertex 8.27547 51.0467 16.735
      vertex 8.16673 51.1667 22.735
      vertex 8.16673 51.1667 16.735
    endloop
  endfacet
  facet normal -0.741018 -0.671486 0
    outer loop
      vertex 8.16673 51.1667 22.735
      vertex 8.27547 51.0467 16.735
      vertex 8.27547 51.0467 22.735
    endloop
  endfacet
  facet normal 0.941504 0.337002 0
    outer loop
      vertex 5.4756 49.3686 22.735
      vertex 5.42105 49.521 16.735
      vertex 5.42105 49.521 22.735
    endloop
  endfacet
  facet normal 0.941504 0.337002 0
    outer loop
      vertex 5.42105 49.521 16.735
      vertex 5.4756 49.3686 22.735
      vertex 5.4756 49.3686 16.735
    endloop
  endfacet
  facet normal -0.514341 0.857586 0
    outer loop
      vertex 7.91669 48.6281 16.735
      vertex 7.7778 48.5448 22.735
      vertex 7.91669 48.6281 22.735
    endloop
  endfacet
  facet normal -0.514341 0.857586 0
    outer loop
      vertex 7.7778 48.5448 22.735
      vertex 7.91669 48.6281 16.735
      vertex 7.7778 48.5448 16.735
    endloop
  endfacet
  facet normal -0.427414 0.904056 0
    outer loop
      vertex 7.7778 48.5448 16.735
      vertex 7.63143 48.4756 22.735
      vertex 7.7778 48.5448 22.735
    endloop
  endfacet
  facet normal -0.427414 0.904056 0
    outer loop
      vertex 7.63143 48.4756 22.735
      vertex 7.7778 48.5448 16.735
      vertex 7.63143 48.4756 16.735
    endloop
  endfacet
  facet normal -0.970033 -0.242971 0
    outer loop
      vertex 8.6183 50.3219 16.735
      vertex 8.57895 50.479 22.735
      vertex 8.57895 50.479 16.735
    endloop
  endfacet
  facet normal -0.970033 -0.242971 0
    outer loop
      vertex 8.57895 50.479 22.735
      vertex 8.6183 50.3219 16.735
      vertex 8.6183 50.3219 22.735
    endloop
  endfacet
  facet normal 0.514369 0.857569 -0
    outer loop
      vertex 6.22219 48.5448 16.735
      vertex 6.08331 48.6281 22.735
      vertex 6.22219 48.5448 22.735
    endloop
  endfacet
  facet normal 0.514369 0.857569 0
    outer loop
      vertex 6.08331 48.6281 22.735
      vertex 6.22219 48.5448 16.735
      vertex 6.08331 48.6281 16.735
    endloop
  endfacet
  facet normal 0.337158 0.941448 -0
    outer loop
      vertex 6.52103 48.421 16.735
      vertex 6.36857 48.4756 22.735
      vertex 6.52103 48.421 22.735
    endloop
  endfacet
  facet normal 0.337158 0.941448 0
    outer loop
      vertex 6.36857 48.4756 22.735
      vertex 6.52103 48.421 16.735
      vertex 6.36857 48.4756 16.735
    endloop
  endfacet
  facet normal 0.998797 -0.0490442 0
    outer loop
      vertex 5.35 50 22.735
      vertex 5.35794 50.1617 16.735
      vertex 5.35794 50.1617 22.735
    endloop
  endfacet
  facet normal 0.998797 -0.0490442 0
    outer loop
      vertex 5.35794 50.1617 16.735
      vertex 5.35 50 22.735
      vertex 5.35 50 16.735
    endloop
  endfacet
  facet normal -0.337158 0.941448 0
    outer loop
      vertex 7.63143 48.4756 16.735
      vertex 7.47897 48.421 22.735
      vertex 7.63143 48.4756 22.735
    endloop
  endfacet
  facet normal -0.337158 0.941448 0
    outer loop
      vertex 7.47897 48.421 22.735
      vertex 7.63143 48.4756 16.735
      vertex 7.47897 48.421 16.735
    endloop
  endfacet
  facet normal 0.595464 0.803382 -0
    outer loop
      vertex 6.08331 48.6281 16.735
      vertex 5.95325 48.7245 22.735
      vertex 6.08331 48.6281 22.735
    endloop
  endfacet
  facet normal 0.595464 0.803382 0
    outer loop
      vertex 5.95325 48.7245 22.735
      vertex 6.08331 48.6281 16.735
      vertex 5.95325 48.7245 16.735
    endloop
  endfacet
  facet normal 0.941504 -0.337002 0
    outer loop
      vertex 5.42105 50.479 22.735
      vertex 5.4756 50.6314 16.735
      vertex 5.4756 50.6314 22.735
    endloop
  endfacet
  facet normal 0.941504 -0.337002 0
    outer loop
      vertex 5.4756 50.6314 16.735
      vertex 5.42105 50.479 22.735
      vertex 5.42105 50.479 16.735
    endloop
  endfacet
  facet normal 0.970033 0.242971 0
    outer loop
      vertex 5.42105 49.521 22.735
      vertex 5.3817 49.6781 16.735
      vertex 5.3817 49.6781 22.735
    endloop
  endfacet
  facet normal 0.970033 0.242971 0
    outer loop
      vertex 5.3817 49.6781 16.735
      vertex 5.42105 49.521 22.735
      vertex 5.42105 49.521 16.735
    endloop
  endfacet
  facet normal -0.67175 0.740778 0
    outer loop
      vertex 8.16673 48.8333 16.735
      vertex 8.04675 48.7245 22.735
      vertex 8.16673 48.8333 22.735
    endloop
  endfacet
  facet normal -0.67175 0.740778 0
    outer loop
      vertex 8.04675 48.7245 22.735
      vertex 8.16673 48.8333 16.735
      vertex 8.04675 48.7245 16.735
    endloop
  endfacet
  facet normal -0.989189 -0.146649 0
    outer loop
      vertex 8.64205 50.1617 16.735
      vertex 8.6183 50.3219 22.735
      vertex 8.6183 50.3219 16.735
    endloop
  endfacet
  facet normal -0.989189 -0.146649 0
    outer loop
      vertex 8.6183 50.3219 22.735
      vertex 8.64205 50.1617 16.735
      vertex 8.64205 50.1617 22.735
    endloop
  endfacet
  facet normal -0.998794 -0.0491058 0
    outer loop
      vertex 8.65 50 16.735
      vertex 8.64205 50.1617 22.735
      vertex 8.64205 50.1617 16.735
    endloop
  endfacet
  facet normal -0.998794 -0.0491058 0
    outer loop
      vertex 8.64205 50.1617 22.735
      vertex 8.65 50 16.735
      vertex 8.65 50 22.735
    endloop
  endfacet
  facet normal -0.941504 -0.337002 0
    outer loop
      vertex 8.57895 50.479 16.735
      vertex 8.5244 50.6314 22.735
      vertex 8.5244 50.6314 16.735
    endloop
  endfacet
  facet normal -0.941504 -0.337002 0
    outer loop
      vertex 8.5244 50.6314 22.735
      vertex 8.57895 50.479 16.735
      vertex 8.57895 50.479 22.735
    endloop
  endfacet
  facet normal 0.98918 -0.14671 0
    outer loop
      vertex 5.35794 50.1617 22.735
      vertex 5.3817 50.3219 16.735
      vertex 5.3817 50.3219 22.735
    endloop
  endfacet
  facet normal 0.98918 -0.14671 0
    outer loop
      vertex 5.3817 50.3219 16.735
      vertex 5.35794 50.1617 22.735
      vertex 5.35794 50.1617 16.735
    endloop
  endfacet
  facet normal 0.146978 -0.98914 0
    outer loop
      vertex 6.6781 51.6183 16.735
      vertex 6.83827 51.6421 22.735
      vertex 6.6781 51.6183 22.735
    endloop
  endfacet
  facet normal 0.146978 -0.98914 0
    outer loop
      vertex 6.83827 51.6421 22.735
      vertex 6.6781 51.6183 16.735
      vertex 6.83827 51.6421 16.735
    endloop
  endfacet
  facet normal 0.146978 0.98914 -0
    outer loop
      vertex 6.83827 48.3579 16.735
      vertex 6.6781 48.3817 22.735
      vertex 6.83827 48.3579 22.735
    endloop
  endfacet
  facet normal 0.146978 0.98914 0
    outer loop
      vertex 6.6781 48.3817 22.735
      vertex 6.83827 48.3579 16.735
      vertex 6.6781 48.3817 16.735
    endloop
  endfacet
  facet normal -0.857738 -0.514087 0
    outer loop
      vertex 8.45517 50.7778 16.735
      vertex 8.37192 50.9167 22.735
      vertex 8.37192 50.9167 16.735
    endloop
  endfacet
  facet normal -0.857738 -0.514087 0
    outer loop
      vertex 8.37192 50.9167 22.735
      vertex 8.45517 50.7778 16.735
      vertex 8.45517 50.7778 22.735
    endloop
  endfacet
  facet normal -0.941504 0.337002 0
    outer loop
      vertex 8.5244 49.3686 16.735
      vertex 8.57895 49.521 22.735
      vertex 8.57895 49.521 16.735
    endloop
  endfacet
  facet normal -0.941504 0.337002 0
    outer loop
      vertex 8.57895 49.521 22.735
      vertex 8.5244 49.3686 16.735
      vertex 8.5244 49.3686 22.735
    endloop
  endfacet
  facet normal 0.857765 -0.514042 0
    outer loop
      vertex 5.54483 50.7778 22.735
      vertex 5.62807 50.9167 16.735
      vertex 5.62807 50.9167 22.735
    endloop
  endfacet
  facet normal 0.857765 -0.514042 0
    outer loop
      vertex 5.62807 50.9167 16.735
      vertex 5.54483 50.7778 22.735
      vertex 5.54483 50.7778 16.735
    endloop
  endfacet
  facet normal 0.741018 0.671486 0
    outer loop
      vertex 5.83327 48.8333 22.735
      vertex 5.72453 48.9533 16.735
      vertex 5.72453 48.9533 22.735
    endloop
  endfacet
  facet normal 0.741018 0.671486 0
    outer loop
      vertex 5.72453 48.9533 16.735
      vertex 5.83327 48.8333 22.735
      vertex 5.83327 48.8333 16.735
    endloop
  endfacet
  facet normal -0.243306 -0.96995 0
    outer loop
      vertex 7.3219 51.6183 16.735
      vertex 7.47897 51.5789 22.735
      vertex 7.3219 51.6183 22.735
    endloop
  endfacet
  facet normal -0.243306 -0.96995 -0
    outer loop
      vertex 7.47897 51.5789 22.735
      vertex 7.3219 51.6183 16.735
      vertex 7.47897 51.5789 16.735
    endloop
  endfacet
  facet normal -0.741018 0.671486 0
    outer loop
      vertex 8.16673 48.8333 16.735
      vertex 8.27547 48.9533 22.735
      vertex 8.27547 48.9533 16.735
    endloop
  endfacet
  facet normal -0.741018 0.671486 0
    outer loop
      vertex 8.27547 48.9533 22.735
      vertex 8.16673 48.8333 16.735
      vertex 8.16673 48.8333 22.735
    endloop
  endfacet
  facet normal -0.595464 0.803382 0
    outer loop
      vertex 8.04675 48.7245 16.735
      vertex 7.91669 48.6281 22.735
      vertex 8.04675 48.7245 22.735
    endloop
  endfacet
  facet normal -0.595464 0.803382 0
    outer loop
      vertex 7.91669 48.6281 22.735
      vertex 8.04675 48.7245 16.735
      vertex 7.91669 48.6281 16.735
    endloop
  endfacet
  facet normal 0.427391 -0.904067 0
    outer loop
      vertex 6.22219 51.4552 16.735
      vertex 6.36857 51.5244 22.735
      vertex 6.22219 51.4552 22.735
    endloop
  endfacet
  facet normal 0.427391 -0.904067 0
    outer loop
      vertex 6.36857 51.5244 22.735
      vertex 6.22219 51.4552 16.735
      vertex 6.36857 51.5244 16.735
    endloop
  endfacet
  facet normal -0.857738 0.514087 0
    outer loop
      vertex 8.37192 49.0833 16.735
      vertex 8.45517 49.2222 22.735
      vertex 8.45517 49.2222 16.735
    endloop
  endfacet
  facet normal -0.857738 0.514087 0
    outer loop
      vertex 8.45517 49.2222 22.735
      vertex 8.37192 49.0833 16.735
      vertex 8.37192 49.0833 22.735
    endloop
  endfacet
  facet normal 0.67175 0.740778 -0
    outer loop
      vertex 5.95325 48.7245 16.735
      vertex 5.83327 48.8333 22.735
      vertex 5.95325 48.7245 22.735
    endloop
  endfacet
  facet normal 0.67175 0.740778 0
    outer loop
      vertex 5.83327 48.8333 22.735
      vertex 5.95325 48.7245 16.735
      vertex 5.83327 48.8333 16.735
    endloop
  endfacet
  facet normal 0.427391 0.904067 -0
    outer loop
      vertex 6.36857 48.4756 16.735
      vertex 6.22219 48.5448 22.735
      vertex 6.36857 48.4756 22.735
    endloop
  endfacet
  facet normal 0.427391 0.904067 0
    outer loop
      vertex 6.22219 48.5448 22.735
      vertex 6.36857 48.4756 16.735
      vertex 6.22219 48.5448 16.735
    endloop
  endfacet
  facet normal -0.803103 -0.59584 0
    outer loop
      vertex 8.37192 50.9167 16.735
      vertex 8.27547 51.0467 22.735
      vertex 8.27547 51.0467 16.735
    endloop
  endfacet
  facet normal -0.803103 -0.59584 0
    outer loop
      vertex 8.27547 51.0467 22.735
      vertex 8.37192 50.9167 16.735
      vertex 8.37192 50.9167 22.735
    endloop
  endfacet
  facet normal 0.242725 0.970095 -0
    outer loop
      vertex 6.6781 48.3817 16.735
      vertex 6.52103 48.421 22.735
      vertex 6.6781 48.3817 22.735
    endloop
  endfacet
  facet normal 0.242725 0.970095 0
    outer loop
      vertex 6.52103 48.421 22.735
      vertex 6.6781 48.3817 16.735
      vertex 6.52103 48.421 16.735
    endloop
  endfacet
  facet normal 0.803073 -0.59588 0
    outer loop
      vertex 5.62807 50.9167 22.735
      vertex 5.72453 51.0467 16.735
      vertex 5.72453 51.0467 22.735
    endloop
  endfacet
  facet normal 0.803073 -0.59588 0
    outer loop
      vertex 5.72453 51.0467 16.735
      vertex 5.62807 50.9167 22.735
      vertex 5.62807 50.9167 16.735
    endloop
  endfacet
  facet normal 0.741018 -0.671486 0
    outer loop
      vertex 5.72453 51.0467 22.735
      vertex 5.83327 51.1667 16.735
      vertex 5.83327 51.1667 22.735
    endloop
  endfacet
  facet normal 0.741018 -0.671486 0
    outer loop
      vertex 5.83327 51.1667 16.735
      vertex 5.72453 51.0467 22.735
      vertex 5.72453 51.0467 16.735
    endloop
  endfacet
  facet normal 0.514369 -0.857569 0
    outer loop
      vertex 6.08331 51.3719 16.735
      vertex 6.22219 51.4552 22.735
      vertex 6.08331 51.3719 22.735
    endloop
  endfacet
  facet normal 0.514369 -0.857569 0
    outer loop
      vertex 6.22219 51.4552 22.735
      vertex 6.08331 51.3719 16.735
      vertex 6.22219 51.4552 16.735
    endloop
  endfacet
  facet normal 0.970033 -0.242971 0
    outer loop
      vertex 5.3817 50.3219 22.735
      vertex 5.42105 50.479 16.735
      vertex 5.42105 50.479 22.735
    endloop
  endfacet
  facet normal 0.970033 -0.242971 0
    outer loop
      vertex 5.42105 50.479 16.735
      vertex 5.3817 50.3219 22.735
      vertex 5.3817 50.3219 16.735
    endloop
  endfacet
  facet normal 0.595464 -0.803382 0
    outer loop
      vertex 5.95325 51.2755 16.735
      vertex 6.08331 51.3719 22.735
      vertex 5.95325 51.2755 22.735
    endloop
  endfacet
  facet normal 0.595464 -0.803382 0
    outer loop
      vertex 6.08331 51.3719 22.735
      vertex 5.95325 51.2755 16.735
      vertex 6.08331 51.3719 16.735
    endloop
  endfacet
  facet normal 0.0487887 0.998809 -0
    outer loop
      vertex 7 48.35 16.735
      vertex 6.83827 48.3579 22.735
      vertex 7 48.35 22.735
    endloop
  endfacet
  facet normal 0.0487887 0.998809 0
    outer loop
      vertex 6.83827 48.3579 22.735
      vertex 7 48.35 16.735
      vertex 6.83827 48.3579 16.735
    endloop
  endfacet
  facet normal 0.243306 -0.96995 0
    outer loop
      vertex 6.52103 51.5789 16.735
      vertex 6.6781 51.6183 22.735
      vertex 6.52103 51.5789 22.735
    endloop
  endfacet
  facet normal 0.243306 -0.96995 0
    outer loop
      vertex 6.6781 51.6183 22.735
      vertex 6.52103 51.5789 16.735
      vertex 6.6781 51.6183 16.735
    endloop
  endfacet
  facet normal -0.242725 0.970095 0
    outer loop
      vertex 7.47897 48.421 16.735
      vertex 7.3219 48.3817 22.735
      vertex 7.47897 48.421 22.735
    endloop
  endfacet
  facet normal -0.242725 0.970095 0
    outer loop
      vertex 7.3219 48.3817 22.735
      vertex 7.47897 48.421 16.735
      vertex 7.3219 48.3817 16.735
    endloop
  endfacet
  facet normal -0.0487887 -0.998809 0
    outer loop
      vertex 7 51.65 16.735
      vertex 7.16173 51.6421 22.735
      vertex 7 51.65 22.735
    endloop
  endfacet
  facet normal -0.0487887 -0.998809 -0
    outer loop
      vertex 7.16173 51.6421 22.735
      vertex 7 51.65 16.735
      vertex 7.16173 51.6421 16.735
    endloop
  endfacet
  facet normal -0.595464 -0.803382 0
    outer loop
      vertex 7.91669 51.3719 16.735
      vertex 8.04675 51.2755 22.735
      vertex 7.91669 51.3719 22.735
    endloop
  endfacet
  facet normal -0.595464 -0.803382 -0
    outer loop
      vertex 8.04675 51.2755 22.735
      vertex 7.91669 51.3719 16.735
      vertex 8.04675 51.2755 16.735
    endloop
  endfacet
  facet normal 0.857765 0.514042 0
    outer loop
      vertex 5.62807 49.0833 22.735
      vertex 5.54483 49.2222 16.735
      vertex 5.54483 49.2222 22.735
    endloop
  endfacet
  facet normal 0.857765 0.514042 0
    outer loop
      vertex 5.54483 49.2222 16.735
      vertex 5.62807 49.0833 22.735
      vertex 5.62807 49.0833 16.735
    endloop
  endfacet
  facet normal -0.67175 -0.740778 0
    outer loop
      vertex 8.04675 51.2755 16.735
      vertex 8.16673 51.1667 22.735
      vertex 8.04675 51.2755 22.735
    endloop
  endfacet
  facet normal -0.67175 -0.740778 -0
    outer loop
      vertex 8.16673 51.1667 22.735
      vertex 8.04675 51.2755 16.735
      vertex 8.16673 51.1667 16.735
    endloop
  endfacet
  facet normal 0.904018 0.427494 0
    outer loop
      vertex 5.54483 49.2222 22.735
      vertex 5.4756 49.3686 16.735
      vertex 5.4756 49.3686 22.735
    endloop
  endfacet
  facet normal 0.904018 0.427494 0
    outer loop
      vertex 5.4756 49.3686 16.735
      vertex 5.54483 49.2222 22.735
      vertex 5.54483 49.2222 16.735
    endloop
  endfacet
  facet normal -0.904018 -0.427494 0
    outer loop
      vertex 8.5244 50.6314 16.735
      vertex 8.45517 50.7778 22.735
      vertex 8.45517 50.7778 16.735
    endloop
  endfacet
  facet normal -0.904018 -0.427494 0
    outer loop
      vertex 8.45517 50.7778 22.735
      vertex 8.5244 50.6314 16.735
      vertex 8.5244 50.6314 22.735
    endloop
  endfacet
  facet normal -0.146978 0.98914 0
    outer loop
      vertex 7.3219 48.3817 16.735
      vertex 7.16173 48.3579 22.735
      vertex 7.3219 48.3817 22.735
    endloop
  endfacet
  facet normal -0.146978 0.98914 0
    outer loop
      vertex 7.16173 48.3579 22.735
      vertex 7.3219 48.3817 16.735
      vertex 7.16173 48.3579 16.735
    endloop
  endfacet
  facet normal 0.998797 0.0490442 0
    outer loop
      vertex 5.35794 49.8383 22.735
      vertex 5.35 50 16.735
      vertex 5.35 50 22.735
    endloop
  endfacet
  facet normal 0.998797 0.0490442 0
    outer loop
      vertex 5.35 50 16.735
      vertex 5.35794 49.8383 22.735
      vertex 5.35794 49.8383 16.735
    endloop
  endfacet
  facet normal 0.904018 -0.427494 0
    outer loop
      vertex 5.4756 50.6314 22.735
      vertex 5.54483 50.7778 16.735
      vertex 5.54483 50.7778 22.735
    endloop
  endfacet
  facet normal 0.904018 -0.427494 0
    outer loop
      vertex 5.54483 50.7778 16.735
      vertex 5.4756 50.6314 22.735
      vertex 5.4756 50.6314 16.735
    endloop
  endfacet
  facet normal 0.499996 0.866028 -0
    outer loop
      vertex 7 46.305 0
      vertex 3.8 48.1525 16.735
      vertex 7 46.305 16.735
    endloop
  endfacet
  facet normal 0.499996 0.866028 0
    outer loop
      vertex 3.8 48.1525 16.735
      vertex 7 46.305 0
      vertex 3.8 48.1525 0
    endloop
  endfacet
  facet normal -0.499996 0.866028 0
    outer loop
      vertex 10.2 48.1525 0
      vertex 7 46.305 16.735
      vertex 10.2 48.1525 16.735
    endloop
  endfacet
  facet normal -0.499996 0.866028 0
    outer loop
      vertex 7 46.305 16.735
      vertex 10.2 48.1525 0
      vertex 7 46.305 0
    endloop
  endfacet
  facet normal 1 -0 0
    outer loop
      vertex 3.8 48.1525 16.735
      vertex 3.8 51.8475 0
      vertex 3.8 51.8475 16.735
    endloop
  endfacet
  facet normal 1 0 0
    outer loop
      vertex 3.8 51.8475 0
      vertex 3.8 48.1525 16.735
      vertex 3.8 48.1525 0
    endloop
  endfacet
  facet normal -0.499996 -0.866028 0
    outer loop
      vertex 7 53.695 0
      vertex 10.2 51.8475 16.735
      vertex 7 53.695 16.735
    endloop
  endfacet
  facet normal -0.499996 -0.866028 -0
    outer loop
      vertex 10.2 51.8475 16.735
      vertex 7 53.695 0
      vertex 10.2 51.8475 0
    endloop
  endfacet
  facet normal -1 0 0
    outer loop
      vertex 10.2 48.1525 0
      vertex 10.2 51.8475 16.735
      vertex 10.2 51.8475 0
    endloop
  endfacet
  facet normal -1 -0 0
    outer loop
      vertex 10.2 51.8475 16.735
      vertex 10.2 48.1525 0
      vertex 10.2 48.1525 16.735
    endloop
  endfacet
  facet normal 0.499996 -0.866028 0
    outer loop
      vertex 3.8 51.8475 0
      vertex 7 53.695 16.735
      vertex 3.8 51.8475 16.735
    endloop
  endfacet
  facet normal 0.499996 -0.866028 0
    outer loop
      vertex 7 53.695 16.735
      vertex 3.8 51.8475 0
      vertex 7 53.695 0
    endloop
  endfacet
  facet normal 0 0 -1
    outer loop
      vertex 10.2 48.1525 16.735
      vertex 8.65 50 16.735
      vertex 10.2 51.8475 16.735
    endloop
  endfacet
  facet normal 0 0 -1
    outer loop
      vertex 10.2 48.1525 16.735
      vertex 8.64205 49.8383 16.735
      vertex 8.65 50 16.735
    endloop
  endfacet
  facet normal 0 0 -1
    outer loop
      vertex 10.2 48.1525 16.735
      vertex 8.6183 49.6781 16.735
      vertex 8.64205 49.8383 16.735
    endloop
  endfacet
  facet normal 0 0 -1
    outer loop
      vertex 10.2 48.1525 16.735
      vertex 8.57895 49.521 16.735
      vertex 8.6183 49.6781 16.735
    endloop
  endfacet
  facet normal 0 0 -1
    outer loop
      vertex 10.2 48.1525 16.735
      vertex 8.5244 49.3686 16.735
      vertex 8.57895 49.521 16.735
    endloop
  endfacet
  facet normal 0 0 -1
    outer loop
      vertex 10.2 48.1525 16.735
      vertex 8.45517 49.2222 16.735
      vertex 8.5244 49.3686 16.735
    endloop
  endfacet
  facet normal 0 0 -1
    outer loop
      vertex 10.2 48.1525 16.735
      vertex 8.37192 49.0833 16.735
      vertex 8.45517 49.2222 16.735
    endloop
  endfacet
  facet normal 0 0 -1
    outer loop
      vertex 10.2 48.1525 16.735
      vertex 8.27547 48.9533 16.735
      vertex 8.37192 49.0833 16.735
    endloop
  endfacet
  facet normal 0 0 -1
    outer loop
      vertex 10.2 48.1525 16.735
      vertex 8.16673 48.8333 16.735
      vertex 8.27547 48.9533 16.735
    endloop
  endfacet
  facet normal 0 0 -1
    outer loop
      vertex 10.2 48.1525 16.735
      vertex 8.04675 48.7245 16.735
      vertex 8.16673 48.8333 16.735
    endloop
  endfacet
  facet normal 0 0 -1
    outer loop
      vertex 10.2 48.1525 16.735
      vertex 7.91669 48.6281 16.735
      vertex 8.04675 48.7245 16.735
    endloop
  endfacet
  facet normal 0 0 -1
    outer loop
      vertex 10.2 48.1525 16.735
      vertex 7.7778 48.5448 16.735
      vertex 7.91669 48.6281 16.735
    endloop
  endfacet
  facet normal 0 0 -1
    outer loop
      vertex 7 46.305 16.735
      vertex 7.7778 48.5448 16.735
      vertex 10.2 48.1525 16.735
    endloop
  endfacet
  facet normal 0 0 -1
    outer loop
      vertex 7.7778 48.5448 16.735
      vertex 7 46.305 16.735
      vertex 7.63143 48.4756 16.735
    endloop
  endfacet
  facet normal 0 0 -1
    outer loop
      vertex 7.63143 48.4756 16.735
      vertex 7 46.305 16.735
      vertex 7.47897 48.421 16.735
    endloop
  endfacet
  facet normal 0 0 -1
    outer loop
      vertex 7.47897 48.421 16.735
      vertex 7 46.305 16.735
      vertex 7.3219 48.3817 16.735
    endloop
  endfacet
  facet normal 0 0 -1
    outer loop
      vertex 7.3219 48.3817 16.735
      vertex 7 46.305 16.735
      vertex 7.16173 48.3579 16.735
    endloop
  endfacet
  facet normal 0 0 -1
    outer loop
      vertex 7 46.305 16.735
      vertex 7 48.35 16.735
      vertex 7.16173 48.3579 16.735
    endloop
  endfacet
  facet normal 0 0 -1
    outer loop
      vertex 7 46.305 16.735
      vertex 6.83827 48.3579 16.735
      vertex 7 48.35 16.735
    endloop
  endfacet
  facet normal 0 0 -1
    outer loop
      vertex 7 46.305 16.735
      vertex 6.6781 48.3817 16.735
      vertex 6.83827 48.3579 16.735
    endloop
  endfacet
  facet normal 0 0 -1
    outer loop
      vertex 7 46.305 16.735
      vertex 6.52103 48.421 16.735
      vertex 6.6781 48.3817 16.735
    endloop
  endfacet
  facet normal 0 0 -1
    outer loop
      vertex 7 46.305 16.735
      vertex 6.36857 48.4756 16.735
      vertex 6.52103 48.421 16.735
    endloop
  endfacet
  facet normal 0 0 -1
    outer loop
      vertex 7 46.305 16.735
      vertex 6.22219 48.5448 16.735
      vertex 6.36857 48.4756 16.735
    endloop
  endfacet
  facet normal 0 0 -1
    outer loop
      vertex 3.8 48.1525 16.735
      vertex 6.22219 48.5448 16.735
      vertex 7 46.305 16.735
    endloop
  endfacet
  facet normal -0 0 -1
    outer loop
      vertex 6.22219 48.5448 16.735
      vertex 3.8 48.1525 16.735
      vertex 6.08331 48.6281 16.735
    endloop
  endfacet
  facet normal -0 0 -1
    outer loop
      vertex 6.08331 48.6281 16.735
      vertex 3.8 48.1525 16.735
      vertex 5.95325 48.7245 16.735
    endloop
  endfacet
  facet normal -0 0 -1
    outer loop
      vertex 5.95325 48.7245 16.735
      vertex 3.8 48.1525 16.735
      vertex 5.83327 48.8333 16.735
    endloop
  endfacet
  facet normal -0 0 -1
    outer loop
      vertex 5.83327 48.8333 16.735
      vertex 3.8 48.1525 16.735
      vertex 5.72453 48.9533 16.735
    endloop
  endfacet
  facet normal -0 0 -1
    outer loop
      vertex 5.72453 48.9533 16.735
      vertex 3.8 48.1525 16.735
      vertex 5.62807 49.0833 16.735
    endloop
  endfacet
  facet normal -0 0 -1
    outer loop
      vertex 5.35794 49.8383 16.735
      vertex 3.8 48.1525 16.735
      vertex 5.35 50 16.735
    endloop
  endfacet
  facet normal -0 0 -1
    outer loop
      vertex 5.3817 49.6781 16.735
      vertex 3.8 48.1525 16.735
      vertex 5.35794 49.8383 16.735
    endloop
  endfacet
  facet normal -0 0 -1
    outer loop
      vertex 5.42105 49.521 16.735
      vertex 3.8 48.1525 16.735
      vertex 5.3817 49.6781 16.735
    endloop
  endfacet
  facet normal -0 0 -1
    outer loop
      vertex 5.4756 49.3686 16.735
      vertex 3.8 48.1525 16.735
      vertex 5.42105 49.521 16.735
    endloop
  endfacet
  facet normal -0 0 -1
    outer loop
      vertex 5.54483 49.2222 16.735
      vertex 3.8 48.1525 16.735
      vertex 5.4756 49.3686 16.735
    endloop
  endfacet
  facet normal -0 0 -1
    outer loop
      vertex 5.62807 49.0833 16.735
      vertex 3.8 48.1525 16.735
      vertex 5.54483 49.2222 16.735
    endloop
  endfacet
  facet normal 0 0 -1
    outer loop
      vertex 8.64205 50.1617 16.735
      vertex 10.2 51.8475 16.735
      vertex 8.65 50 16.735
    endloop
  endfacet
  facet normal 0 0 -1
    outer loop
      vertex 8.6183 50.3219 16.735
      vertex 10.2 51.8475 16.735
      vertex 8.64205 50.1617 16.735
    endloop
  endfacet
  facet normal 0 0 -1
    outer loop
      vertex 8.57895 50.479 16.735
      vertex 10.2 51.8475 16.735
      vertex 8.6183 50.3219 16.735
    endloop
  endfacet
  facet normal 0 0 -1
    outer loop
      vertex 8.5244 50.6314 16.735
      vertex 10.2 51.8475 16.735
      vertex 8.57895 50.479 16.735
    endloop
  endfacet
  facet normal 0 0 -1
    outer loop
      vertex 8.45517 50.7778 16.735
      vertex 10.2 51.8475 16.735
      vertex 8.5244 50.6314 16.735
    endloop
  endfacet
  facet normal 0 0 -1
    outer loop
      vertex 8.37192 50.9167 16.735
      vertex 10.2 51.8475 16.735
      vertex 8.45517 50.7778 16.735
    endloop
  endfacet
  facet normal 0 0 -1
    outer loop
      vertex 8.27547 51.0467 16.735
      vertex 10.2 51.8475 16.735
      vertex 8.37192 50.9167 16.735
    endloop
  endfacet
  facet normal 0 0 -1
    outer loop
      vertex 8.16673 51.1667 16.735
      vertex 10.2 51.8475 16.735
      vertex 8.27547 51.0467 16.735
    endloop
  endfacet
  facet normal 0 0 -1
    outer loop
      vertex 8.04675 51.2755 16.735
      vertex 10.2 51.8475 16.735
      vertex 8.16673 51.1667 16.735
    endloop
  endfacet
  facet normal 0 0 -1
    outer loop
      vertex 7.91669 51.3719 16.735
      vertex 10.2 51.8475 16.735
      vertex 8.04675 51.2755 16.735
    endloop
  endfacet
  facet normal 0 0 -1
    outer loop
      vertex 7.7778 51.4552 16.735
      vertex 10.2 51.8475 16.735
      vertex 7.91669 51.3719 16.735
    endloop
  endfacet
  facet normal 0 0 -1
    outer loop
      vertex 7 53.695 16.735
      vertex 7.7778 51.4552 16.735
      vertex 7.63143 51.5244 16.735
    endloop
  endfacet
  facet normal 0 0 -1
    outer loop
      vertex 7 53.695 16.735
      vertex 7.63143 51.5244 16.735
      vertex 7.47897 51.5789 16.735
    endloop
  endfacet
  facet normal 0 0 -1
    outer loop
      vertex 7 53.695 16.735
      vertex 7.47897 51.5789 16.735
      vertex 7.3219 51.6183 16.735
    endloop
  endfacet
  facet normal 0 0 -1
    outer loop
      vertex 7 53.695 16.735
      vertex 7.3219 51.6183 16.735
      vertex 7.16173 51.6421 16.735
    endloop
  endfacet
  facet normal 0 0 -1
    outer loop
      vertex 7 53.695 16.735
      vertex 7.16173 51.6421 16.735
      vertex 7 51.65 16.735
    endloop
  endfacet
  facet normal 0 0 -1
    outer loop
      vertex 7.7778 51.4552 16.735
      vertex 7 53.695 16.735
      vertex 10.2 51.8475 16.735
    endloop
  endfacet
  facet normal 0 0 -1
    outer loop
      vertex 6.83827 51.6421 16.735
      vertex 7 53.695 16.735
      vertex 7 51.65 16.735
    endloop
  endfacet
  facet normal 0 0 -1
    outer loop
      vertex 6.6781 51.6183 16.735
      vertex 7 53.695 16.735
      vertex 6.83827 51.6421 16.735
    endloop
  endfacet
  facet normal 0 0 -1
    outer loop
      vertex 6.52103 51.5789 16.735
      vertex 7 53.695 16.735
      vertex 6.6781 51.6183 16.735
    endloop
  endfacet
  facet normal 0 0 -1
    outer loop
      vertex 6.36857 51.5244 16.735
      vertex 7 53.695 16.735
      vertex 6.52103 51.5789 16.735
    endloop
  endfacet
  facet normal 0 0 -1
    outer loop
      vertex 6.22219 51.4552 16.735
      vertex 7 53.695 16.735
      vertex 6.36857 51.5244 16.735
    endloop
  endfacet
  facet normal 0 0 -1
    outer loop
      vertex 3.8 51.8475 16.735
      vertex 6.22219 51.4552 16.735
      vertex 6.08331 51.3719 16.735
    endloop
  endfacet
  facet normal 0 0 -1
    outer loop
      vertex 3.8 51.8475 16.735
      vertex 6.08331 51.3719 16.735
      vertex 5.95325 51.2755 16.735
    endloop
  endfacet
  facet normal 0 0 -1
    outer loop
      vertex 3.8 51.8475 16.735
      vertex 5.95325 51.2755 16.735
      vertex 5.83327 51.1667 16.735
    endloop
  endfacet
  facet normal 0 0 -1
    outer loop
      vertex 3.8 51.8475 16.735
      vertex 5.83327 51.1667 16.735
      vertex 5.72453 51.0467 16.735
    endloop
  endfacet
  facet normal 0 0 -1
    outer loop
      vertex 3.8 51.8475 16.735
      vertex 5.72453 51.0467 16.735
      vertex 5.62807 50.9167 16.735
    endloop
  endfacet
  facet normal 0 0 -1
    outer loop
      vertex 3.8 51.8475 16.735
      vertex 5.62807 50.9167 16.735
      vertex 5.54483 50.7778 16.735
    endloop
  endfacet
  facet normal 0 0 -1
    outer loop
      vertex 3.8 51.8475 16.735
      vertex 5.35 50 16.735
      vertex 3.8 48.1525 16.735
    endloop
  endfacet
  facet normal 0 0 -1
    outer loop
      vertex 5.35 50 16.735
      vertex 3.8 51.8475 16.735
      vertex 5.35794 50.1617 16.735
    endloop
  endfacet
  facet normal 0 0 -1
    outer loop
      vertex 5.35794 50.1617 16.735
      vertex 3.8 51.8475 16.735
      vertex 5.3817 50.3219 16.735
    endloop
  endfacet
  facet normal 0 0 -1
    outer loop
      vertex 5.3817 50.3219 16.735
      vertex 3.8 51.8475 16.735
      vertex 5.42105 50.479 16.735
    endloop
  endfacet
  facet normal 0 0 -1
    outer loop
      vertex 5.42105 50.479 16.735
      vertex 3.8 51.8475 16.735
      vertex 5.4756 50.6314 16.735
    endloop
  endfacet
  facet normal 0 0 -1
    outer loop
      vertex 5.4756 50.6314 16.735
      vertex 3.8 51.8475 16.735
      vertex 5.54483 50.7778 16.735
    endloop
  endfacet
  facet normal 0 0 -1
    outer loop
      vertex 6.22219 51.4552 16.735
      vertex 3.8 51.8475 16.735
      vertex 7 53.695 16.735
    endloop
  endfacet
  facet normal -0.98918 0.14671 0
    outer loop
      vertex -5.3817 -50.3219 16.735
      vertex -5.35794 -50.1617 22.735
      vertex -5.35794 -50.1617 16.735
    endloop
  endfacet
  facet normal -0.98918 0.14671 0
    outer loop
      vertex -5.35794 -50.1617 22.735
      vertex -5.3817 -50.3219 16.735
      vertex -5.3817 -50.3219 22.735
    endloop
  endfacet
  facet normal -0.998797 0.0490442 0
    outer loop
      vertex -5.35794 -50.1617 16.735
      vertex -5.35 -50 22.735
      vertex -5.35 -50 16.735
    endloop
  endfacet
  facet normal -0.998797 0.0490442 0
    outer loop
      vertex -5.35 -50 22.735
      vertex -5.35794 -50.1617 16.735
      vertex -5.35794 -50.1617 22.735
    endloop
  endfacet
  facet normal -0.970033 0.242971 0
    outer loop
      vertex -5.42105 -50.479 16.735
      vertex -5.3817 -50.3219 22.735
      vertex -5.3817 -50.3219 16.735
    endloop
  endfacet
  facet normal -0.970033 0.242971 0
    outer loop
      vertex -5.3817 -50.3219 22.735
      vertex -5.42105 -50.479 16.735
      vertex -5.42105 -50.479 22.735
    endloop
  endfacet
  facet normal 0.243306 0.96995 -0
    outer loop
      vertex -7.3219 -51.6183 16.735
      vertex -7.47897 -51.5789 22.735
      vertex -7.3219 -51.6183 22.735
    endloop
  endfacet
  facet normal 0.243306 0.96995 0
    outer loop
      vertex -7.47897 -51.5789 22.735
      vertex -7.3219 -51.6183 16.735
      vertex -7.47897 -51.5789 16.735
    endloop
  endfacet
  facet normal 0.904018 -0.427494 0
    outer loop
      vertex -8.5244 -49.3686 22.735
      vertex -8.45517 -49.2222 16.735
      vertex -8.45517 -49.2222 22.735
    endloop
  endfacet
  facet normal 0.904018 -0.427494 0
    outer loop
      vertex -8.45517 -49.2222 16.735
      vertex -8.5244 -49.3686 22.735
      vertex -8.5244 -49.3686 16.735
    endloop
  endfacet
  facet normal -0.514369 0.857569 0
    outer loop
      vertex -6.08331 -51.3719 16.735
      vertex -6.22219 -51.4552 22.735
      vertex -6.08331 -51.3719 22.735
    endloop
  endfacet
  facet normal -0.514369 0.857569 0
    outer loop
      vertex -6.22219 -51.4552 22.735
      vertex -6.08331 -51.3719 16.735
      vertex -6.22219 -51.4552 16.735
    endloop
  endfacet
  facet normal -0.514369 -0.857569 0
    outer loop
      vertex -6.22219 -48.5448 16.735
      vertex -6.08331 -48.6281 22.735
      vertex -6.22219 -48.5448 22.735
    endloop
  endfacet
  facet normal -0.514369 -0.857569 -0
    outer loop
      vertex -6.08331 -48.6281 22.735
      vertex -6.22219 -48.5448 16.735
      vertex -6.08331 -48.6281 16.735
    endloop
  endfacet
  facet normal -0.337158 -0.941448 0
    outer loop
      vertex -6.52103 -48.421 16.735
      vertex -6.36857 -48.4756 22.735
      vertex -6.52103 -48.421 22.735
    endloop
  endfacet
  facet normal -0.337158 -0.941448 -0
    outer loop
      vertex -6.36857 -48.4756 22.735
      vertex -6.52103 -48.421 16.735
      vertex -6.36857 -48.4756 16.735
    endloop
  endfacet
  facet normal 0.970033 0.242971 0
    outer loop
      vertex -8.57895 -50.479 22.735
      vertex -8.6183 -50.3219 16.735
      vertex -8.6183 -50.3219 22.735
    endloop
  endfacet
  facet normal 0.970033 0.242971 0
    outer loop
      vertex -8.6183 -50.3219 16.735
      vertex -8.57895 -50.479 22.735
      vertex -8.57895 -50.479 16.735
    endloop
  endfacet
  facet normal 0.67175 0.740778 -0
    outer loop
      vertex -8.04675 -51.2755 16.735
      vertex -8.16673 -51.1667 22.735
      vertex -8.04675 -51.2755 22.735
    endloop
  endfacet
  facet normal 0.67175 0.740778 0
    outer loop
      vertex -8.16673 -51.1667 22.735
      vertex -8.04675 -51.2755 16.735
      vertex -8.16673 -51.1667 16.735
    endloop
  endfacet
  facet normal 0.514341 0.857586 -0
    outer loop
      vertex -7.7778 -51.4552 16.735
      vertex -7.91669 -51.3719 22.735
      vertex -7.7778 -51.4552 22.735
    endloop
  endfacet
  facet normal 0.514341 0.857586 0
    outer loop
      vertex -7.91669 -51.3719 22.735
      vertex -7.7778 -51.4552 16.735
      vertex -7.91669 -51.3719 16.735
    endloop
  endfacet
  facet normal -0.146978 -0.98914 0
    outer loop
      vertex -6.83827 -48.3579 16.735
      vertex -6.6781 -48.3817 22.735
      vertex -6.83827 -48.3579 22.735
    endloop
  endfacet
  facet normal -0.146978 -0.98914 -0
    outer loop
      vertex -6.6781 -48.3817 22.735
      vertex -6.83827 -48.3579 16.735
      vertex -6.6781 -48.3817 16.735
    endloop
  endfacet
  facet normal 0.803103 0.59584 0
    outer loop
      vertex -8.27547 -51.0467 22.735
      vertex -8.37192 -50.9167 16.735
      vertex -8.37192 -50.9167 22.735
    endloop
  endfacet
  facet normal 0.803103 0.59584 0
    outer loop
      vertex -8.37192 -50.9167 16.735
      vertex -8.27547 -51.0467 22.735
      vertex -8.27547 -51.0467 16.735
    endloop
  endfacet
  facet normal -0.904018 0.427494 0
    outer loop
      vertex -5.54483 -50.7778 16.735
      vertex -5.4756 -50.6314 22.735
      vertex -5.4756 -50.6314 16.735
    endloop
  endfacet
  facet normal -0.904018 0.427494 0
    outer loop
      vertex -5.4756 -50.6314 22.735
      vertex -5.54483 -50.7778 16.735
      vertex -5.54483 -50.7778 22.735
    endloop
  endfacet
  facet normal 0.941504 0.337002 0
    outer loop
      vertex -8.5244 -50.6314 22.735
      vertex -8.57895 -50.479 16.735
      vertex -8.57895 -50.479 22.735
    endloop
  endfacet
  facet normal 0.941504 0.337002 0
    outer loop
      vertex -8.57895 -50.479 16.735
      vertex -8.5244 -50.6314 22.735
      vertex -8.5244 -50.6314 16.735
    endloop
  endfacet
  facet normal 0.337158 -0.941448 0
    outer loop
      vertex -7.63143 -48.4756 16.735
      vertex -7.47897 -48.421 22.735
      vertex -7.63143 -48.4756 22.735
    endloop
  endfacet
  facet normal 0.337158 -0.941448 0
    outer loop
      vertex -7.47897 -48.421 22.735
      vertex -7.63143 -48.4756 16.735
      vertex -7.47897 -48.421 16.735
    endloop
  endfacet
  facet normal -0.595464 0.803382 0
    outer loop
      vertex -5.95325 -51.2755 16.735
      vertex -6.08331 -51.3719 22.735
      vertex -5.95325 -51.2755 22.735
    endloop
  endfacet
  facet normal -0.595464 0.803382 0
    outer loop
      vertex -6.08331 -51.3719 22.735
      vertex -5.95325 -51.2755 16.735
      vertex -6.08331 -51.3719 16.735
    endloop
  endfacet
  facet normal 0.904018 0.427494 0
    outer loop
      vertex -8.45517 -50.7778 22.735
      vertex -8.5244 -50.6314 16.735
      vertex -8.5244 -50.6314 22.735
    endloop
  endfacet
  facet normal 0.904018 0.427494 0
    outer loop
      vertex -8.5244 -50.6314 16.735
      vertex -8.45517 -50.7778 22.735
      vertex -8.45517 -50.7778 16.735
    endloop
  endfacet
  facet normal -0.803073 -0.59588 0
    outer loop
      vertex -5.62807 -49.0833 16.735
      vertex -5.72453 -48.9533 22.735
      vertex -5.72453 -48.9533 16.735
    endloop
  endfacet
  facet normal -0.803073 -0.59588 0
    outer loop
      vertex -5.72453 -48.9533 22.735
      vertex -5.62807 -49.0833 16.735
      vertex -5.62807 -49.0833 22.735
    endloop
  endfacet
  facet normal -0.146978 0.98914 0
    outer loop
      vertex -6.6781 -51.6183 16.735
      vertex -6.83827 -51.6421 22.735
      vertex -6.6781 -51.6183 22.735
    endloop
  endfacet
  facet normal -0.146978 0.98914 0
    outer loop
      vertex -6.83827 -51.6421 22.735
      vertex -6.6781 -51.6183 16.735
      vertex -6.83827 -51.6421 16.735
    endloop
  endfacet
  facet normal 0.989189 0.146649 0
    outer loop
      vertex -8.6183 -50.3219 22.735
      vertex -8.64205 -50.1617 16.735
      vertex -8.64205 -50.1617 22.735
    endloop
  endfacet
  facet normal 0.989189 0.146649 0
    outer loop
      vertex -8.64205 -50.1617 16.735
      vertex -8.6183 -50.3219 22.735
      vertex -8.6183 -50.3219 16.735
    endloop
  endfacet
  facet normal -0.803073 0.59588 0
    outer loop
      vertex -5.72453 -51.0467 16.735
      vertex -5.62807 -50.9167 22.735
      vertex -5.62807 -50.9167 16.735
    endloop
  endfacet
  facet normal -0.803073 0.59588 0
    outer loop
      vertex -5.62807 -50.9167 22.735
      vertex -5.72453 -51.0467 16.735
      vertex -5.72453 -51.0467 22.735
    endloop
  endfacet
  facet normal -0.0487887 0.998809 0
    outer loop
      vertex -6.83827 -51.6421 16.735
      vertex -7 -51.65 22.735
      vertex -6.83827 -51.6421 22.735
    endloop
  endfacet
  facet normal -0.0487887 0.998809 0
    outer loop
      vertex -7 -51.65 22.735
      vertex -6.83827 -51.6421 16.735
      vertex -7 -51.65 16.735
    endloop
  endfacet
  facet normal 0.857738 -0.514087 0
    outer loop
      vertex -8.45517 -49.2222 22.735
      vertex -8.37192 -49.0833 16.735
      vertex -8.37192 -49.0833 22.735
    endloop
  endfacet
  facet normal 0.857738 -0.514087 0
    outer loop
      vertex -8.37192 -49.0833 16.735
      vertex -8.45517 -49.2222 22.735
      vertex -8.45517 -49.2222 16.735
    endloop
  endfacet
  facet normal 0.941504 -0.337002 0
    outer loop
      vertex -8.57895 -49.521 22.735
      vertex -8.5244 -49.3686 16.735
      vertex -8.5244 -49.3686 22.735
    endloop
  endfacet
  facet normal 0.941504 -0.337002 0
    outer loop
      vertex -8.5244 -49.3686 16.735
      vertex -8.57895 -49.521 22.735
      vertex -8.57895 -49.521 16.735
    endloop
  endfacet
  facet normal 0.427414 0.904056 -0
    outer loop
      vertex -7.63143 -51.5244 16.735
      vertex -7.7778 -51.4552 22.735
      vertex -7.63143 -51.5244 22.735
    endloop
  endfacet
  facet normal 0.427414 0.904056 0
    outer loop
      vertex -7.7778 -51.4552 22.735
      vertex -7.63143 -51.5244 16.735
      vertex -7.7778 -51.4552 16.735
    endloop
  endfacet
  facet normal -0.904018 -0.427494 0
    outer loop
      vertex -5.4756 -49.3686 16.735
      vertex -5.54483 -49.2222 22.735
      vertex -5.54483 -49.2222 16.735
    endloop
  endfacet
  facet normal -0.904018 -0.427494 0
    outer loop
      vertex -5.54483 -49.2222 22.735
      vertex -5.4756 -49.3686 16.735
      vertex -5.4756 -49.3686 22.735
    endloop
  endfacet
  facet normal 0.595464 -0.803382 0
    outer loop
      vertex -8.04675 -48.7245 16.735
      vertex -7.91669 -48.6281 22.735
      vertex -8.04675 -48.7245 22.735
    endloop
  endfacet
  facet normal 0.595464 -0.803382 0
    outer loop
      vertex -7.91669 -48.6281 22.735
      vertex -8.04675 -48.7245 16.735
      vertex -7.91669 -48.6281 16.735
    endloop
  endfacet
  facet normal 0.857738 0.514087 0
    outer loop
      vertex -8.37192 -50.9167 22.735
      vertex -8.45517 -50.7778 16.735
      vertex -8.45517 -50.7778 22.735
    endloop
  endfacet
  facet normal 0.857738 0.514087 0
    outer loop
      vertex -8.45517 -50.7778 16.735
      vertex -8.37192 -50.9167 22.735
      vertex -8.37192 -50.9167 16.735
    endloop
  endfacet
  facet normal -0.998797 -0.0490442 0
    outer loop
      vertex -5.35 -50 16.735
      vertex -5.35794 -49.8383 22.735
      vertex -5.35794 -49.8383 16.735
    endloop
  endfacet
  facet normal -0.998797 -0.0490442 0
    outer loop
      vertex -5.35794 -49.8383 22.735
      vertex -5.35 -50 16.735
      vertex -5.35 -50 22.735
    endloop
  endfacet
  facet normal -0.941504 -0.337002 0
    outer loop
      vertex -5.42105 -49.521 16.735
      vertex -5.4756 -49.3686 22.735
      vertex -5.4756 -49.3686 16.735
    endloop
  endfacet
  facet normal -0.941504 -0.337002 0
    outer loop
      vertex -5.4756 -49.3686 22.735
      vertex -5.42105 -49.521 16.735
      vertex -5.42105 -49.521 22.735
    endloop
  endfacet
  facet normal -0.242725 -0.970095 0
    outer loop
      vertex -6.6781 -48.3817 16.735
      vertex -6.52103 -48.421 22.735
      vertex -6.6781 -48.3817 22.735
    endloop
  endfacet
  facet normal -0.242725 -0.970095 -0
    outer loop
      vertex -6.52103 -48.421 22.735
      vertex -6.6781 -48.3817 16.735
      vertex -6.52103 -48.421 16.735
    endloop
  endfacet
  facet normal -0.857765 0.514042 0
    outer loop
      vertex -5.62807 -50.9167 16.735
      vertex -5.54483 -50.7778 22.735
      vertex -5.54483 -50.7778 16.735
    endloop
  endfacet
  facet normal -0.857765 0.514042 0
    outer loop
      vertex -5.54483 -50.7778 22.735
      vertex -5.62807 -50.9167 16.735
      vertex -5.62807 -50.9167 22.735
    endloop
  endfacet
  facet normal -0.941504 0.337002 0
    outer loop
      vertex -5.4756 -50.6314 16.735
      vertex -5.42105 -50.479 22.735
      vertex -5.42105 -50.479 16.735
    endloop
  endfacet
  facet normal -0.941504 0.337002 0
    outer loop
      vertex -5.42105 -50.479 22.735
      vertex -5.4756 -50.6314 16.735
      vertex -5.4756 -50.6314 22.735
    endloop
  endfacet
  facet normal 0.998794 -0.0491058 0
    outer loop
      vertex -8.65 -50 22.735
      vertex -8.64205 -49.8383 16.735
      vertex -8.64205 -49.8383 22.735
    endloop
  endfacet
  facet normal 0.998794 -0.0491058 0
    outer loop
      vertex -8.64205 -49.8383 16.735
      vertex -8.65 -50 22.735
      vertex -8.65 -50 16.735
    endloop
  endfacet
  facet normal -0.98918 -0.14671 0
    outer loop
      vertex -5.35794 -49.8383 16.735
      vertex -5.3817 -49.6781 22.735
      vertex -5.3817 -49.6781 16.735
    endloop
  endfacet
  facet normal -0.98918 -0.14671 0
    outer loop
      vertex -5.3817 -49.6781 22.735
      vertex -5.35794 -49.8383 16.735
      vertex -5.35794 -49.8383 22.735
    endloop
  endfacet
  facet normal 0.67175 -0.740778 0
    outer loop
      vertex -8.16673 -48.8333 16.735
      vertex -8.04675 -48.7245 22.735
      vertex -8.16673 -48.8333 22.735
    endloop
  endfacet
  facet normal 0.67175 -0.740778 0
    outer loop
      vertex -8.04675 -48.7245 22.735
      vertex -8.16673 -48.8333 16.735
      vertex -8.04675 -48.7245 16.735
    endloop
  endfacet
  facet normal -0.970033 -0.242971 0
    outer loop
      vertex -5.3817 -49.6781 16.735
      vertex -5.42105 -49.521 22.735
      vertex -5.42105 -49.521 16.735
    endloop
  endfacet
  facet normal -0.970033 -0.242971 0
    outer loop
      vertex -5.42105 -49.521 22.735
      vertex -5.3817 -49.6781 16.735
      vertex -5.3817 -49.6781 22.735
    endloop
  endfacet
  facet normal -0.67175 0.740778 0
    outer loop
      vertex -5.83327 -51.1667 16.735
      vertex -5.95325 -51.2755 22.735
      vertex -5.83327 -51.1667 22.735
    endloop
  endfacet
  facet normal -0.67175 0.740778 0
    outer loop
      vertex -5.95325 -51.2755 22.735
      vertex -5.83327 -51.1667 16.735
      vertex -5.95325 -51.2755 16.735
    endloop
  endfacet
  facet normal -0.33661 0.941644 0
    outer loop
      vertex -6.36857 -51.5244 16.735
      vertex -6.52103 -51.5789 22.735
      vertex -6.36857 -51.5244 22.735
    endloop
  endfacet
  facet normal -0.33661 0.941644 0
    outer loop
      vertex -6.52103 -51.5789 22.735
      vertex -6.36857 -51.5244 16.735
      vertex -6.52103 -51.5789 16.735
    endloop
  endfacet
  facet normal 0.33661 0.941644 -0
    outer loop
      vertex -7.47897 -51.5789 16.735
      vertex -7.63143 -51.5244 22.735
      vertex -7.47897 -51.5789 22.735
    endloop
  endfacet
  facet normal 0.33661 0.941644 0
    outer loop
      vertex -7.63143 -51.5244 22.735
      vertex -7.47897 -51.5789 16.735
      vertex -7.63143 -51.5244 16.735
    endloop
  endfacet
  facet normal 0.514341 -0.857586 0
    outer loop
      vertex -7.91669 -48.6281 16.735
      vertex -7.7778 -48.5448 22.735
      vertex -7.91669 -48.6281 22.735
    endloop
  endfacet
  facet normal 0.514341 -0.857586 0
    outer loop
      vertex -7.7778 -48.5448 22.735
      vertex -7.91669 -48.6281 16.735
      vertex -7.7778 -48.5448 16.735
    endloop
  endfacet
  facet normal -0.857765 -0.514042 0
    outer loop
      vertex -5.54483 -49.2222 16.735
      vertex -5.62807 -49.0833 22.735
      vertex -5.62807 -49.0833 16.735
    endloop
  endfacet
  facet normal -0.857765 -0.514042 0
    outer loop
      vertex -5.62807 -49.0833 22.735
      vertex -5.54483 -49.2222 16.735
      vertex -5.54483 -49.2222 22.735
    endloop
  endfacet
  facet normal -0.427391 0.904067 0
    outer loop
      vertex -6.22219 -51.4552 16.735
      vertex -6.36857 -51.5244 22.735
      vertex -6.22219 -51.4552 22.735
    endloop
  endfacet
  facet normal -0.427391 0.904067 0
    outer loop
      vertex -6.36857 -51.5244 22.735
      vertex -6.22219 -51.4552 16.735
      vertex -6.36857 -51.5244 16.735
    endloop
  endfacet
  facet normal 0.146978 -0.98914 0
    outer loop
      vertex -7.3219 -48.3817 16.735
      vertex -7.16173 -48.3579 22.735
      vertex -7.3219 -48.3817 22.735
    endloop
  endfacet
  facet normal 0.146978 -0.98914 0
    outer loop
      vertex -7.16173 -48.3579 22.735
      vertex -7.3219 -48.3817 16.735
      vertex -7.16173 -48.3579 16.735
    endloop
  endfacet
  facet normal 0.595464 0.803382 -0
    outer loop
      vertex -7.91669 -51.3719 16.735
      vertex -8.04675 -51.2755 22.735
      vertex -7.91669 -51.3719 22.735
    endloop
  endfacet
  facet normal 0.595464 0.803382 0
    outer loop
      vertex -8.04675 -51.2755 22.735
      vertex -7.91669 -51.3719 16.735
      vertex -8.04675 -51.2755 16.735
    endloop
  endfacet
  facet normal 0.0487887 0.998809 -0
    outer loop
      vertex -7 -51.65 16.735
      vertex -7.16173 -51.6421 22.735
      vertex -7 -51.65 22.735
    endloop
  endfacet
  facet normal 0.0487887 0.998809 0
    outer loop
      vertex -7.16173 -51.6421 22.735
      vertex -7 -51.65 16.735
      vertex -7.16173 -51.6421 16.735
    endloop
  endfacet
  facet normal 0.0487887 -0.998809 0
    outer loop
      vertex -7.16173 -48.3579 16.735
      vertex -7 -48.35 22.735
      vertex -7.16173 -48.3579 22.735
    endloop
  endfacet
  facet normal 0.0487887 -0.998809 0
    outer loop
      vertex -7 -48.35 22.735
      vertex -7.16173 -48.3579 16.735
      vertex -7 -48.35 16.735
    endloop
  endfacet
  facet normal 0.741018 0.671486 0
    outer loop
      vertex -8.16673 -51.1667 22.735
      vertex -8.27547 -51.0467 16.735
      vertex -8.27547 -51.0467 22.735
    endloop
  endfacet
  facet normal 0.741018 0.671486 0
    outer loop
      vertex -8.27547 -51.0467 16.735
      vertex -8.16673 -51.1667 22.735
      vertex -8.16673 -51.1667 16.735
    endloop
  endfacet
  facet normal -0.0487887 -0.998809 0
    outer loop
      vertex -7 -48.35 16.735
      vertex -6.83827 -48.3579 22.735
      vertex -7 -48.35 22.735
    endloop
  endfacet
  facet normal -0.0487887 -0.998809 -0
    outer loop
      vertex -6.83827 -48.3579 22.735
      vertex -7 -48.35 16.735
      vertex -6.83827 -48.3579 16.735
    endloop
  endfacet
  facet normal 0.146978 0.98914 -0
    outer loop
      vertex -7.16173 -51.6421 16.735
      vertex -7.3219 -51.6183 22.735
      vertex -7.16173 -51.6421 22.735
    endloop
  endfacet
  facet normal 0.146978 0.98914 0
    outer loop
      vertex -7.3219 -51.6183 22.735
      vertex -7.16173 -51.6421 16.735
      vertex -7.3219 -51.6183 16.735
    endloop
  endfacet
  facet normal 0.242725 -0.970095 0
    outer loop
      vertex -7.47897 -48.421 16.735
      vertex -7.3219 -48.3817 22.735
      vertex -7.47897 -48.421 22.735
    endloop
  endfacet
  facet normal 0.242725 -0.970095 0
    outer loop
      vertex -7.3219 -48.3817 22.735
      vertex -7.47897 -48.421 16.735
      vertex -7.3219 -48.3817 16.735
    endloop
  endfacet
  facet normal -0.67175 -0.740778 0
    outer loop
      vertex -5.95325 -48.7245 16.735
      vertex -5.83327 -48.8333 22.735
      vertex -5.95325 -48.7245 22.735
    endloop
  endfacet
  facet normal -0.67175 -0.740778 -0
    outer loop
      vertex -5.83327 -48.8333 22.735
      vertex -5.95325 -48.7245 16.735
      vertex -5.83327 -48.8333 16.735
    endloop
  endfacet
  facet normal -0.243306 0.96995 0
    outer loop
      vertex -6.52103 -51.5789 16.735
      vertex -6.6781 -51.6183 22.735
      vertex -6.52103 -51.5789 22.735
    endloop
  endfacet
  facet normal -0.243306 0.96995 0
    outer loop
      vertex -6.6781 -51.6183 22.735
      vertex -6.52103 -51.5789 16.735
      vertex -6.6781 -51.6183 16.735
    endloop
  endfacet
  facet normal 0.970033 -0.242971 0
    outer loop
      vertex -8.6183 -49.6781 22.735
      vertex -8.57895 -49.521 16.735
      vertex -8.57895 -49.521 22.735
    endloop
  endfacet
  facet normal 0.970033 -0.242971 0
    outer loop
      vertex -8.57895 -49.521 16.735
      vertex -8.6183 -49.6781 22.735
      vertex -8.6183 -49.6781 16.735
    endloop
  endfacet
  facet normal 0.427414 -0.904056 0
    outer loop
      vertex -7.7778 -48.5448 16.735
      vertex -7.63143 -48.4756 22.735
      vertex -7.7778 -48.5448 22.735
    endloop
  endfacet
  facet normal 0.427414 -0.904056 0
    outer loop
      vertex -7.63143 -48.4756 22.735
      vertex -7.7778 -48.5448 16.735
      vertex -7.63143 -48.4756 16.735
    endloop
  endfacet
  facet normal 0.741018 -0.671486 0
    outer loop
      vertex -8.27547 -48.9533 22.735
      vertex -8.16673 -48.8333 16.735
      vertex -8.16673 -48.8333 22.735
    endloop
  endfacet
  facet normal 0.741018 -0.671486 0
    outer loop
      vertex -8.16673 -48.8333 16.735
      vertex -8.27547 -48.9533 22.735
      vertex -8.27547 -48.9533 16.735
    endloop
  endfacet
  facet normal -0.427391 -0.904067 0
    outer loop
      vertex -6.36857 -48.4756 16.735
      vertex -6.22219 -48.5448 22.735
      vertex -6.36857 -48.4756 22.735
    endloop
  endfacet
  facet normal -0.427391 -0.904067 -0
    outer loop
      vertex -6.22219 -48.5448 22.735
      vertex -6.36857 -48.4756 16.735
      vertex -6.22219 -48.5448 16.735
    endloop
  endfacet
  facet normal 0.989189 -0.146649 0
    outer loop
      vertex -8.64205 -49.8383 22.735
      vertex -8.6183 -49.6781 16.735
      vertex -8.6183 -49.6781 22.735
    endloop
  endfacet
  facet normal 0.989189 -0.146649 0
    outer loop
      vertex -8.6183 -49.6781 16.735
      vertex -8.64205 -49.8383 22.735
      vertex -8.64205 -49.8383 16.735
    endloop
  endfacet
  facet normal -0.741018 0.671486 0
    outer loop
      vertex -5.83327 -51.1667 16.735
      vertex -5.72453 -51.0467 22.735
      vertex -5.72453 -51.0467 16.735
    endloop
  endfacet
  facet normal -0.741018 0.671486 0
    outer loop
      vertex -5.72453 -51.0467 22.735
      vertex -5.83327 -51.1667 16.735
      vertex -5.83327 -51.1667 22.735
    endloop
  endfacet
  facet normal -0.595464 -0.803382 0
    outer loop
      vertex -6.08331 -48.6281 16.735
      vertex -5.95325 -48.7245 22.735
      vertex -6.08331 -48.6281 22.735
    endloop
  endfacet
  facet normal -0.595464 -0.803382 -0
    outer loop
      vertex -5.95325 -48.7245 22.735
      vertex -6.08331 -48.6281 16.735
      vertex -5.95325 -48.7245 16.735
    endloop
  endfacet
  facet normal 0.803103 -0.59584 0
    outer loop
      vertex -8.37192 -49.0833 22.735
      vertex -8.27547 -48.9533 16.735
      vertex -8.27547 -48.9533 22.735
    endloop
  endfacet
  facet normal 0.803103 -0.59584 0
    outer loop
      vertex -8.27547 -48.9533 16.735
      vertex -8.37192 -49.0833 22.735
      vertex -8.37192 -49.0833 16.735
    endloop
  endfacet
  facet normal 0.998794 0.0491058 0
    outer loop
      vertex -8.64205 -50.1617 22.735
      vertex -8.65 -50 16.735
      vertex -8.65 -50 22.735
    endloop
  endfacet
  facet normal 0.998794 0.0491058 0
    outer loop
      vertex -8.65 -50 16.735
      vertex -8.64205 -50.1617 22.735
      vertex -8.64205 -50.1617 16.735
    endloop
  endfacet
  facet normal -0.741018 -0.671486 0
    outer loop
      vertex -5.72453 -48.9533 16.735
      vertex -5.83327 -48.8333 22.735
      vertex -5.83327 -48.8333 16.735
    endloop
  endfacet
  facet normal -0.741018 -0.671486 0
    outer loop
      vertex -5.83327 -48.8333 22.735
      vertex -5.72453 -48.9533 16.735
      vertex -5.72453 -48.9533 22.735
    endloop
  endfacet
  facet normal 0.499996 0.866028 -0
    outer loop
      vertex -7 -53.695 0
      vertex -10.2 -51.8475 16.735
      vertex -7 -53.695 16.735
    endloop
  endfacet
  facet normal 0.499996 0.866028 0
    outer loop
      vertex -10.2 -51.8475 16.735
      vertex -7 -53.695 0
      vertex -10.2 -51.8475 0
    endloop
  endfacet
  facet normal -0.499996 0.866028 0
    outer loop
      vertex -3.8 -51.8475 0
      vertex -7 -53.695 16.735
      vertex -3.8 -51.8475 16.735
    endloop
  endfacet
  facet normal -0.499996 0.866028 0
    outer loop
      vertex -7 -53.695 16.735
      vertex -3.8 -51.8475 0
      vertex -7 -53.695 0
    endloop
  endfacet
  facet normal -1 0 0
    outer loop
      vertex -3.8 -51.8475 0
      vertex -3.8 -48.1525 16.735
      vertex -3.8 -48.1525 0
    endloop
  endfacet
  facet normal -1 -0 0
    outer loop
      vertex -3.8 -48.1525 16.735
      vertex -3.8 -51.8475 0
      vertex -3.8 -51.8475 16.735
    endloop
  endfacet
  facet normal 1 -0 0
    outer loop
      vertex -10.2 -51.8475 16.735
      vertex -10.2 -48.1525 0
      vertex -10.2 -48.1525 16.735
    endloop
  endfacet
  facet normal 1 0 0
    outer loop
      vertex -10.2 -48.1525 0
      vertex -10.2 -51.8475 16.735
      vertex -10.2 -51.8475 0
    endloop
  endfacet
  facet normal 0 0 -1
    outer loop
      vertex -3.8 -51.8475 16.735
      vertex -5.35 -50 16.735
      vertex -3.8 -48.1525 16.735
    endloop
  endfacet
  facet normal 0 0 -1
    outer loop
      vertex -3.8 -51.8475 16.735
      vertex -5.35794 -50.1617 16.735
      vertex -5.35 -50 16.735
    endloop
  endfacet
  facet normal 0 0 -1
    outer loop
      vertex -3.8 -51.8475 16.735
      vertex -5.3817 -50.3219 16.735
      vertex -5.35794 -50.1617 16.735
    endloop
  endfacet
  facet normal 0 0 -1
    outer loop
      vertex -3.8 -51.8475 16.735
      vertex -5.42105 -50.479 16.735
      vertex -5.3817 -50.3219 16.735
    endloop
  endfacet
  facet normal 0 0 -1
    outer loop
      vertex -3.8 -51.8475 16.735
      vertex -5.4756 -50.6314 16.735
      vertex -5.42105 -50.479 16.735
    endloop
  endfacet
  facet normal 0 0 -1
    outer loop
      vertex -3.8 -51.8475 16.735
      vertex -5.54483 -50.7778 16.735
      vertex -5.4756 -50.6314 16.735
    endloop
  endfacet
  facet normal 0 0 -1
    outer loop
      vertex -3.8 -51.8475 16.735
      vertex -5.62807 -50.9167 16.735
      vertex -5.54483 -50.7778 16.735
    endloop
  endfacet
  facet normal 0 0 -1
    outer loop
      vertex -3.8 -51.8475 16.735
      vertex -5.72453 -51.0467 16.735
      vertex -5.62807 -50.9167 16.735
    endloop
  endfacet
  facet normal 0 0 -1
    outer loop
      vertex -3.8 -51.8475 16.735
      vertex -5.83327 -51.1667 16.735
      vertex -5.72453 -51.0467 16.735
    endloop
  endfacet
  facet normal 0 0 -1
    outer loop
      vertex -3.8 -51.8475 16.735
      vertex -5.95325 -51.2755 16.735
      vertex -5.83327 -51.1667 16.735
    endloop
  endfacet
  facet normal 0 0 -1
    outer loop
      vertex -3.8 -51.8475 16.735
      vertex -6.08331 -51.3719 16.735
      vertex -5.95325 -51.2755 16.735
    endloop
  endfacet
  facet normal 0 0 -1
    outer loop
      vertex -3.8 -51.8475 16.735
      vertex -6.22219 -51.4552 16.735
      vertex -6.08331 -51.3719 16.735
    endloop
  endfacet
  facet normal 0 0 -1
    outer loop
      vertex -7 -53.695 16.735
      vertex -6.22219 -51.4552 16.735
      vertex -3.8 -51.8475 16.735
    endloop
  endfacet
  facet normal 0 0 -1
    outer loop
      vertex -6.22219 -51.4552 16.735
      vertex -7 -53.695 16.735
      vertex -6.36857 -51.5244 16.735
    endloop
  endfacet
  facet normal 0 0 -1
    outer loop
      vertex -6.36857 -51.5244 16.735
      vertex -7 -53.695 16.735
      vertex -6.52103 -51.5789 16.735
    endloop
  endfacet
  facet normal 0 0 -1
    outer loop
      vertex -6.52103 -51.5789 16.735
      vertex -7 -53.695 16.735
      vertex -6.6781 -51.6183 16.735
    endloop
  endfacet
  facet normal 0 0 -1
    outer loop
      vertex -6.6781 -51.6183 16.735
      vertex -7 -53.695 16.735
      vertex -6.83827 -51.6421 16.735
    endloop
  endfacet
  facet normal 0 0 -1
    outer loop
      vertex -7 -53.695 16.735
      vertex -7 -51.65 16.735
      vertex -6.83827 -51.6421 16.735
    endloop
  endfacet
  facet normal 0 0 -1
    outer loop
      vertex -7 -53.695 16.735
      vertex -7.16173 -51.6421 16.735
      vertex -7 -51.65 16.735
    endloop
  endfacet
  facet normal 0 0 -1
    outer loop
      vertex -7 -53.695 16.735
      vertex -7.3219 -51.6183 16.735
      vertex -7.16173 -51.6421 16.735
    endloop
  endfacet
  facet normal 0 0 -1
    outer loop
      vertex -7 -53.695 16.735
      vertex -7.47897 -51.5789 16.735
      vertex -7.3219 -51.6183 16.735
    endloop
  endfacet
  facet normal 0 0 -1
    outer loop
      vertex -7 -53.695 16.735
      vertex -7.63143 -51.5244 16.735
      vertex -7.47897 -51.5789 16.735
    endloop
  endfacet
  facet normal 0 0 -1
    outer loop
      vertex -7 -53.695 16.735
      vertex -7.7778 -51.4552 16.735
      vertex -7.63143 -51.5244 16.735
    endloop
  endfacet
  facet normal 0 0 -1
    outer loop
      vertex -10.2 -51.8475 16.735
      vertex -7.7778 -51.4552 16.735
      vertex -7 -53.695 16.735
    endloop
  endfacet
  facet normal -0 0 -1
    outer loop
      vertex -7.7778 -51.4552 16.735
      vertex -10.2 -51.8475 16.735
      vertex -7.91669 -51.3719 16.735
    endloop
  endfacet
  facet normal -0 0 -1
    outer loop
      vertex -7.91669 -51.3719 16.735
      vertex -10.2 -51.8475 16.735
      vertex -8.04675 -51.2755 16.735
    endloop
  endfacet
  facet normal -0 0 -1
    outer loop
      vertex -8.04675 -51.2755 16.735
      vertex -10.2 -51.8475 16.735
      vertex -8.16673 -51.1667 16.735
    endloop
  endfacet
  facet normal -0 0 -1
    outer loop
      vertex -8.16673 -51.1667 16.735
      vertex -10.2 -51.8475 16.735
      vertex -8.27547 -51.0467 16.735
    endloop
  endfacet
  facet normal -0 0 -1
    outer loop
      vertex -8.27547 -51.0467 16.735
      vertex -10.2 -51.8475 16.735
      vertex -8.37192 -50.9167 16.735
    endloop
  endfacet
  facet normal -0 0 -1
    outer loop
      vertex -8.64205 -50.1617 16.735
      vertex -10.2 -51.8475 16.735
      vertex -8.65 -50 16.735
    endloop
  endfacet
  facet normal -0 0 -1
    outer loop
      vertex -8.6183 -50.3219 16.735
      vertex -10.2 -51.8475 16.735
      vertex -8.64205 -50.1617 16.735
    endloop
  endfacet
  facet normal -0 0 -1
    outer loop
      vertex -8.57895 -50.479 16.735
      vertex -10.2 -51.8475 16.735
      vertex -8.6183 -50.3219 16.735
    endloop
  endfacet
  facet normal -0 0 -1
    outer loop
      vertex -8.5244 -50.6314 16.735
      vertex -10.2 -51.8475 16.735
      vertex -8.57895 -50.479 16.735
    endloop
  endfacet
  facet normal -0 0 -1
    outer loop
      vertex -8.45517 -50.7778 16.735
      vertex -10.2 -51.8475 16.735
      vertex -8.5244 -50.6314 16.735
    endloop
  endfacet
  facet normal -0 0 -1
    outer loop
      vertex -8.37192 -50.9167 16.735
      vertex -10.2 -51.8475 16.735
      vertex -8.45517 -50.7778 16.735
    endloop
  endfacet
  facet normal 0 0 -1
    outer loop
      vertex -5.35794 -49.8383 16.735
      vertex -3.8 -48.1525 16.735
      vertex -5.35 -50 16.735
    endloop
  endfacet
  facet normal 0 0 -1
    outer loop
      vertex -5.3817 -49.6781 16.735
      vertex -3.8 -48.1525 16.735
      vertex -5.35794 -49.8383 16.735
    endloop
  endfacet
  facet normal 0 0 -1
    outer loop
      vertex -5.42105 -49.521 16.735
      vertex -3.8 -48.1525 16.735
      vertex -5.3817 -49.6781 16.735
    endloop
  endfacet
  facet normal 0 0 -1
    outer loop
      vertex -5.4756 -49.3686 16.735
      vertex -3.8 -48.1525 16.735
      vertex -5.42105 -49.521 16.735
    endloop
  endfacet
  facet normal 0 0 -1
    outer loop
      vertex -5.54483 -49.2222 16.735
      vertex -3.8 -48.1525 16.735
      vertex -5.4756 -49.3686 16.735
    endloop
  endfacet
  facet normal 0 0 -1
    outer loop
      vertex -5.62807 -49.0833 16.735
      vertex -3.8 -48.1525 16.735
      vertex -5.54483 -49.2222 16.735
    endloop
  endfacet
  facet normal 0 0 -1
    outer loop
      vertex -5.72453 -48.9533 16.735
      vertex -3.8 -48.1525 16.735
      vertex -5.62807 -49.0833 16.735
    endloop
  endfacet
  facet normal 0 0 -1
    outer loop
      vertex -5.83327 -48.8333 16.735
      vertex -3.8 -48.1525 16.735
      vertex -5.72453 -48.9533 16.735
    endloop
  endfacet
  facet normal 0 0 -1
    outer loop
      vertex -5.95325 -48.7245 16.735
      vertex -3.8 -48.1525 16.735
      vertex -5.83327 -48.8333 16.735
    endloop
  endfacet
  facet normal 0 0 -1
    outer loop
      vertex -6.08331 -48.6281 16.735
      vertex -3.8 -48.1525 16.735
      vertex -5.95325 -48.7245 16.735
    endloop
  endfacet
  facet normal 0 0 -1
    outer loop
      vertex -6.22219 -48.5448 16.735
      vertex -3.8 -48.1525 16.735
      vertex -6.08331 -48.6281 16.735
    endloop
  endfacet
  facet normal 0 0 -1
    outer loop
      vertex -7 -46.305 16.735
      vertex -6.22219 -48.5448 16.735
      vertex -6.36857 -48.4756 16.735
    endloop
  endfacet
  facet normal 0 0 -1
    outer loop
      vertex -7 -46.305 16.735
      vertex -6.36857 -48.4756 16.735
      vertex -6.52103 -48.421 16.735
    endloop
  endfacet
  facet normal 0 0 -1
    outer loop
      vertex -7 -46.305 16.735
      vertex -6.52103 -48.421 16.735
      vertex -6.6781 -48.3817 16.735
    endloop
  endfacet
  facet normal 0 0 -1
    outer loop
      vertex -7 -46.305 16.735
      vertex -6.6781 -48.3817 16.735
      vertex -6.83827 -48.3579 16.735
    endloop
  endfacet
  facet normal 0 0 -1
    outer loop
      vertex -7 -46.305 16.735
      vertex -6.83827 -48.3579 16.735
      vertex -7 -48.35 16.735
    endloop
  endfacet
  facet normal 0 0 -1
    outer loop
      vertex -6.22219 -48.5448 16.735
      vertex -7 -46.305 16.735
      vertex -3.8 -48.1525 16.735
    endloop
  endfacet
  facet normal 0 0 -1
    outer loop
      vertex -7.16173 -48.3579 16.735
      vertex -7 -46.305 16.735
      vertex -7 -48.35 16.735
    endloop
  endfacet
  facet normal 0 0 -1
    outer loop
      vertex -7.3219 -48.3817 16.735
      vertex -7 -46.305 16.735
      vertex -7.16173 -48.3579 16.735
    endloop
  endfacet
  facet normal 0 0 -1
    outer loop
      vertex -7.47897 -48.421 16.735
      vertex -7 -46.305 16.735
      vertex -7.3219 -48.3817 16.735
    endloop
  endfacet
  facet normal 0 0 -1
    outer loop
      vertex -7.63143 -48.4756 16.735
      vertex -7 -46.305 16.735
      vertex -7.47897 -48.421 16.735
    endloop
  endfacet
  facet normal 0 0 -1
    outer loop
      vertex -7.7778 -48.5448 16.735
      vertex -7 -46.305 16.735
      vertex -7.63143 -48.4756 16.735
    endloop
  endfacet
  facet normal 0 0 -1
    outer loop
      vertex -10.2 -48.1525 16.735
      vertex -7.7778 -48.5448 16.735
      vertex -7.91669 -48.6281 16.735
    endloop
  endfacet
  facet normal 0 0 -1
    outer loop
      vertex -10.2 -48.1525 16.735
      vertex -7.91669 -48.6281 16.735
      vertex -8.04675 -48.7245 16.735
    endloop
  endfacet
  facet normal 0 0 -1
    outer loop
      vertex -10.2 -48.1525 16.735
      vertex -8.04675 -48.7245 16.735
      vertex -8.16673 -48.8333 16.735
    endloop
  endfacet
  facet normal 0 0 -1
    outer loop
      vertex -10.2 -48.1525 16.735
      vertex -8.16673 -48.8333 16.735
      vertex -8.27547 -48.9533 16.735
    endloop
  endfacet
  facet normal 0 0 -1
    outer loop
      vertex -10.2 -48.1525 16.735
      vertex -8.27547 -48.9533 16.735
      vertex -8.37192 -49.0833 16.735
    endloop
  endfacet
  facet normal 0 0 -1
    outer loop
      vertex -10.2 -48.1525 16.735
      vertex -8.37192 -49.0833 16.735
      vertex -8.45517 -49.2222 16.735
    endloop
  endfacet
  facet normal 0 0 -1
    outer loop
      vertex -10.2 -48.1525 16.735
      vertex -8.65 -50 16.735
      vertex -10.2 -51.8475 16.735
    endloop
  endfacet
  facet normal 0 0 -1
    outer loop
      vertex -8.65 -50 16.735
      vertex -10.2 -48.1525 16.735
      vertex -8.64205 -49.8383 16.735
    endloop
  endfacet
  facet normal 0 0 -1
    outer loop
      vertex -8.64205 -49.8383 16.735
      vertex -10.2 -48.1525 16.735
      vertex -8.6183 -49.6781 16.735
    endloop
  endfacet
  facet normal 0 0 -1
    outer loop
      vertex -8.6183 -49.6781 16.735
      vertex -10.2 -48.1525 16.735
      vertex -8.57895 -49.521 16.735
    endloop
  endfacet
  facet normal 0 0 -1
    outer loop
      vertex -8.57895 -49.521 16.735
      vertex -10.2 -48.1525 16.735
      vertex -8.5244 -49.3686 16.735
    endloop
  endfacet
  facet normal 0 0 -1
    outer loop
      vertex -8.5244 -49.3686 16.735
      vertex -10.2 -48.1525 16.735
      vertex -8.45517 -49.2222 16.735
    endloop
  endfacet
  facet normal 0 0 -1
    outer loop
      vertex -7.7778 -48.5448 16.735
      vertex -10.2 -48.1525 16.735
      vertex -7 -46.305 16.735
    endloop
  endfacet
  facet normal 0.499996 -0.866028 0
    outer loop
      vertex -10.2 -48.1525 0
      vertex -7 -46.305 16.735
      vertex -10.2 -48.1525 16.735
    endloop
  endfacet
  facet normal 0.499996 -0.866028 0
    outer loop
      vertex -7 -46.305 16.735
      vertex -10.2 -48.1525 0
      vertex -7 -46.305 0
    endloop
  endfacet
  facet normal -0.499996 -0.866028 0
    outer loop
      vertex -7 -46.305 0
      vertex -3.8 -48.1525 16.735
      vertex -7 -46.305 16.735
    endloop
  endfacet
  facet normal -0.499996 -0.866028 -0
    outer loop
      vertex -3.8 -48.1525 16.735
      vertex -7 -46.305 0
      vertex -3.8 -48.1525 0
    endloop
  endfacet
  facet normal -0.989189 0.146649 0
    outer loop
      vertex 8.6183 -50.3219 16.735
      vertex 8.64205 -50.1617 22.735
      vertex 8.64205 -50.1617 16.735
    endloop
  endfacet
  facet normal -0.989189 0.146649 0
    outer loop
      vertex 8.64205 -50.1617 22.735
      vertex 8.6183 -50.3219 16.735
      vertex 8.6183 -50.3219 22.735
    endloop
  endfacet
  facet normal -0.998794 0.0491058 0
    outer loop
      vertex 8.64205 -50.1617 16.735
      vertex 8.65 -50 22.735
      vertex 8.65 -50 16.735
    endloop
  endfacet
  facet normal -0.998794 0.0491058 0
    outer loop
      vertex 8.65 -50 22.735
      vertex 8.64205 -50.1617 16.735
      vertex 8.64205 -50.1617 22.735
    endloop
  endfacet
  facet normal -0.970033 0.242971 0
    outer loop
      vertex 8.57895 -50.479 16.735
      vertex 8.6183 -50.3219 22.735
      vertex 8.6183 -50.3219 16.735
    endloop
  endfacet
  facet normal -0.970033 0.242971 0
    outer loop
      vertex 8.6183 -50.3219 22.735
      vertex 8.57895 -50.479 16.735
      vertex 8.57895 -50.479 22.735
    endloop
  endfacet
  facet normal 0.243306 0.96995 -0
    outer loop
      vertex 6.6781 -51.6183 16.735
      vertex 6.52103 -51.5789 22.735
      vertex 6.6781 -51.6183 22.735
    endloop
  endfacet
  facet normal 0.243306 0.96995 0
    outer loop
      vertex 6.52103 -51.5789 22.735
      vertex 6.6781 -51.6183 16.735
      vertex 6.52103 -51.5789 16.735
    endloop
  endfacet
  facet normal 0.904018 -0.427494 0
    outer loop
      vertex 5.4756 -49.3686 22.735
      vertex 5.54483 -49.2222 16.735
      vertex 5.54483 -49.2222 22.735
    endloop
  endfacet
  facet normal 0.904018 -0.427494 0
    outer loop
      vertex 5.54483 -49.2222 16.735
      vertex 5.4756 -49.3686 22.735
      vertex 5.4756 -49.3686 16.735
    endloop
  endfacet
  facet normal -0.427414 -0.904056 0
    outer loop
      vertex 7.63143 -48.4756 16.735
      vertex 7.7778 -48.5448 22.735
      vertex 7.63143 -48.4756 22.735
    endloop
  endfacet
  facet normal -0.427414 -0.904056 -0
    outer loop
      vertex 7.7778 -48.5448 22.735
      vertex 7.63143 -48.4756 16.735
      vertex 7.7778 -48.5448 16.735
    endloop
  endfacet
  facet normal -0.514341 0.857586 0
    outer loop
      vertex 7.91669 -51.3719 16.735
      vertex 7.7778 -51.4552 22.735
      vertex 7.91669 -51.3719 22.735
    endloop
  endfacet
  facet normal -0.514341 0.857586 0
    outer loop
      vertex 7.7778 -51.4552 22.735
      vertex 7.91669 -51.3719 16.735
      vertex 7.7778 -51.4552 16.735
    endloop
  endfacet
  facet normal -0.514341 -0.857586 0
    outer loop
      vertex 7.7778 -48.5448 16.735
      vertex 7.91669 -48.6281 22.735
      vertex 7.7778 -48.5448 22.735
    endloop
  endfacet
  facet normal -0.514341 -0.857586 -0
    outer loop
      vertex 7.91669 -48.6281 22.735
      vertex 7.7778 -48.5448 16.735
      vertex 7.91669 -48.6281 16.735
    endloop
  endfacet
  facet normal -0.337158 -0.941448 0
    outer loop
      vertex 7.47897 -48.421 16.735
      vertex 7.63143 -48.4756 22.735
      vertex 7.47897 -48.421 22.735
    endloop
  endfacet
  facet normal -0.337158 -0.941448 -0
    outer loop
      vertex 7.63143 -48.4756 22.735
      vertex 7.47897 -48.421 16.735
      vertex 7.63143 -48.4756 16.735
    endloop
  endfacet
  facet normal 0.970033 0.242971 0
    outer loop
      vertex 5.42105 -50.479 22.735
      vertex 5.3817 -50.3219 16.735
      vertex 5.3817 -50.3219 22.735
    endloop
  endfacet
  facet normal 0.970033 0.242971 0
    outer loop
      vertex 5.3817 -50.3219 16.735
      vertex 5.42105 -50.479 22.735
      vertex 5.42105 -50.479 16.735
    endloop
  endfacet
  facet normal 0.67175 0.740778 -0
    outer loop
      vertex 5.95325 -51.2755 16.735
      vertex 5.83327 -51.1667 22.735
      vertex 5.95325 -51.2755 22.735
    endloop
  endfacet
  facet normal 0.67175 0.740778 0
    outer loop
      vertex 5.83327 -51.1667 22.735
      vertex 5.95325 -51.2755 16.735
      vertex 5.83327 -51.1667 16.735
    endloop
  endfacet
  facet normal 0.514369 0.857569 -0
    outer loop
      vertex 6.22219 -51.4552 16.735
      vertex 6.08331 -51.3719 22.735
      vertex 6.22219 -51.4552 22.735
    endloop
  endfacet
  facet normal 0.514369 0.857569 0
    outer loop
      vertex 6.08331 -51.3719 22.735
      vertex 6.22219 -51.4552 16.735
      vertex 6.08331 -51.3719 16.735
    endloop
  endfacet
  facet normal -0.146978 -0.98914 0
    outer loop
      vertex 7.16173 -48.3579 16.735
      vertex 7.3219 -48.3817 22.735
      vertex 7.16173 -48.3579 22.735
    endloop
  endfacet
  facet normal -0.146978 -0.98914 -0
    outer loop
      vertex 7.3219 -48.3817 22.735
      vertex 7.16173 -48.3579 16.735
      vertex 7.3219 -48.3817 16.735
    endloop
  endfacet
  facet normal 0.803073 0.59588 0
    outer loop
      vertex 5.72453 -51.0467 22.735
      vertex 5.62807 -50.9167 16.735
      vertex 5.62807 -50.9167 22.735
    endloop
  endfacet
  facet normal 0.803073 0.59588 0
    outer loop
      vertex 5.62807 -50.9167 16.735
      vertex 5.72453 -51.0467 22.735
      vertex 5.72453 -51.0467 16.735
    endloop
  endfacet
  facet normal -0.904018 0.427494 0
    outer loop
      vertex 8.45517 -50.7778 16.735
      vertex 8.5244 -50.6314 22.735
      vertex 8.5244 -50.6314 16.735
    endloop
  endfacet
  facet normal -0.904018 0.427494 0
    outer loop
      vertex 8.5244 -50.6314 22.735
      vertex 8.45517 -50.7778 16.735
      vertex 8.45517 -50.7778 22.735
    endloop
  endfacet
  facet normal 0.941504 0.337002 0
    outer loop
      vertex 5.4756 -50.6314 22.735
      vertex 5.42105 -50.479 16.735
      vertex 5.42105 -50.479 22.735
    endloop
  endfacet
  facet normal 0.941504 0.337002 0
    outer loop
      vertex 5.42105 -50.479 16.735
      vertex 5.4756 -50.6314 22.735
      vertex 5.4756 -50.6314 16.735
    endloop
  endfacet
  facet normal 0.337158 -0.941448 0
    outer loop
      vertex 6.36857 -48.4756 16.735
      vertex 6.52103 -48.421 22.735
      vertex 6.36857 -48.4756 22.735
    endloop
  endfacet
  facet normal 0.337158 -0.941448 0
    outer loop
      vertex 6.52103 -48.421 22.735
      vertex 6.36857 -48.4756 16.735
      vertex 6.52103 -48.421 16.735
    endloop
  endfacet
  facet normal -0.595464 0.803382 0
    outer loop
      vertex 8.04675 -51.2755 16.735
      vertex 7.91669 -51.3719 22.735
      vertex 8.04675 -51.2755 22.735
    endloop
  endfacet
  facet normal -0.595464 0.803382 0
    outer loop
      vertex 7.91669 -51.3719 22.735
      vertex 8.04675 -51.2755 16.735
      vertex 7.91669 -51.3719 16.735
    endloop
  endfacet
  facet normal 0.904018 0.427494 0
    outer loop
      vertex 5.54483 -50.7778 22.735
      vertex 5.4756 -50.6314 16.735
      vertex 5.4756 -50.6314 22.735
    endloop
  endfacet
  facet normal 0.904018 0.427494 0
    outer loop
      vertex 5.4756 -50.6314 16.735
      vertex 5.54483 -50.7778 22.735
      vertex 5.54483 -50.7778 16.735
    endloop
  endfacet
  facet normal -0.803103 -0.59584 0
    outer loop
      vertex 8.37192 -49.0833 16.735
      vertex 8.27547 -48.9533 22.735
      vertex 8.27547 -48.9533 16.735
    endloop
  endfacet
  facet normal -0.803103 -0.59584 0
    outer loop
      vertex 8.27547 -48.9533 22.735
      vertex 8.37192 -49.0833 16.735
      vertex 8.37192 -49.0833 22.735
    endloop
  endfacet
  facet normal -0.146978 0.98914 0
    outer loop
      vertex 7.3219 -51.6183 16.735
      vertex 7.16173 -51.6421 22.735
      vertex 7.3219 -51.6183 22.735
    endloop
  endfacet
  facet normal -0.146978 0.98914 0
    outer loop
      vertex 7.16173 -51.6421 22.735
      vertex 7.3219 -51.6183 16.735
      vertex 7.16173 -51.6421 16.735
    endloop
  endfacet
  facet normal 0.98918 0.14671 0
    outer loop
      vertex 5.3817 -50.3219 22.735
      vertex 5.35794 -50.1617 16.735
      vertex 5.35794 -50.1617 22.735
    endloop
  endfacet
  facet normal 0.98918 0.14671 0
    outer loop
      vertex 5.35794 -50.1617 16.735
      vertex 5.3817 -50.3219 22.735
      vertex 5.3817 -50.3219 16.735
    endloop
  endfacet
  facet normal -0.803103 0.59584 0
    outer loop
      vertex 8.27547 -51.0467 16.735
      vertex 8.37192 -50.9167 22.735
      vertex 8.37192 -50.9167 16.735
    endloop
  endfacet
  facet normal -0.803103 0.59584 0
    outer loop
      vertex 8.37192 -50.9167 22.735
      vertex 8.27547 -51.0467 16.735
      vertex 8.27547 -51.0467 22.735
    endloop
  endfacet
  facet normal -0.0487887 0.998809 0
    outer loop
      vertex 7.16173 -51.6421 16.735
      vertex 7 -51.65 22.735
      vertex 7.16173 -51.6421 22.735
    endloop
  endfacet
  facet normal -0.0487887 0.998809 0
    outer loop
      vertex 7 -51.65 22.735
      vertex 7.16173 -51.6421 16.735
      vertex 7 -51.65 16.735
    endloop
  endfacet
  facet normal 0.857765 -0.514042 0
    outer loop
      vertex 5.54483 -49.2222 22.735
      vertex 5.62807 -49.0833 16.735
      vertex 5.62807 -49.0833 22.735
    endloop
  endfacet
  facet normal 0.857765 -0.514042 0
    outer loop
      vertex 5.62807 -49.0833 16.735
      vertex 5.54483 -49.2222 22.735
      vertex 5.54483 -49.2222 16.735
    endloop
  endfacet
  facet normal 0.941504 -0.337002 0
    outer loop
      vertex 5.42105 -49.521 22.735
      vertex 5.4756 -49.3686 16.735
      vertex 5.4756 -49.3686 22.735
    endloop
  endfacet
  facet normal 0.941504 -0.337002 0
    outer loop
      vertex 5.4756 -49.3686 16.735
      vertex 5.42105 -49.521 22.735
      vertex 5.42105 -49.521 16.735
    endloop
  endfacet
  facet normal 0.427391 0.904067 -0
    outer loop
      vertex 6.36857 -51.5244 16.735
      vertex 6.22219 -51.4552 22.735
      vertex 6.36857 -51.5244 22.735
    endloop
  endfacet
  facet normal 0.427391 0.904067 0
    outer loop
      vertex 6.22219 -51.4552 22.735
      vertex 6.36857 -51.5244 16.735
      vertex 6.22219 -51.4552 16.735
    endloop
  endfacet
  facet normal -0.904018 -0.427494 0
    outer loop
      vertex 8.5244 -49.3686 16.735
      vertex 8.45517 -49.2222 22.735
      vertex 8.45517 -49.2222 16.735
    endloop
  endfacet
  facet normal -0.904018 -0.427494 0
    outer loop
      vertex 8.45517 -49.2222 22.735
      vertex 8.5244 -49.3686 16.735
      vertex 8.5244 -49.3686 22.735
    endloop
  endfacet
  facet normal 0.595464 -0.803382 0
    outer loop
      vertex 5.95325 -48.7245 16.735
      vertex 6.08331 -48.6281 22.735
      vertex 5.95325 -48.7245 22.735
    endloop
  endfacet
  facet normal 0.595464 -0.803382 0
    outer loop
      vertex 6.08331 -48.6281 22.735
      vertex 5.95325 -48.7245 16.735
      vertex 6.08331 -48.6281 16.735
    endloop
  endfacet
  facet normal 0.857765 0.514042 0
    outer loop
      vertex 5.62807 -50.9167 22.735
      vertex 5.54483 -50.7778 16.735
      vertex 5.54483 -50.7778 22.735
    endloop
  endfacet
  facet normal 0.857765 0.514042 0
    outer loop
      vertex 5.54483 -50.7778 16.735
      vertex 5.62807 -50.9167 22.735
      vertex 5.62807 -50.9167 16.735
    endloop
  endfacet
  facet normal -0.998794 -0.0491058 0
    outer loop
      vertex 8.65 -50 16.735
      vertex 8.64205 -49.8383 22.735
      vertex 8.64205 -49.8383 16.735
    endloop
  endfacet
  facet normal -0.998794 -0.0491058 0
    outer loop
      vertex 8.64205 -49.8383 22.735
      vertex 8.65 -50 16.735
      vertex 8.65 -50 22.735
    endloop
  endfacet
  facet normal -0.941504 -0.337002 0
    outer loop
      vertex 8.57895 -49.521 16.735
      vertex 8.5244 -49.3686 22.735
      vertex 8.5244 -49.3686 16.735
    endloop
  endfacet
  facet normal -0.941504 -0.337002 0
    outer loop
      vertex 8.5244 -49.3686 22.735
      vertex 8.57895 -49.521 16.735
      vertex 8.57895 -49.521 22.735
    endloop
  endfacet
  facet normal -0.242725 -0.970095 0
    outer loop
      vertex 7.3219 -48.3817 16.735
      vertex 7.47897 -48.421 22.735
      vertex 7.3219 -48.3817 22.735
    endloop
  endfacet
  facet normal -0.242725 -0.970095 -0
    outer loop
      vertex 7.47897 -48.421 22.735
      vertex 7.3219 -48.3817 16.735
      vertex 7.47897 -48.421 16.735
    endloop
  endfacet
  facet normal -0.857738 0.514087 0
    outer loop
      vertex 8.37192 -50.9167 16.735
      vertex 8.45517 -50.7778 22.735
      vertex 8.45517 -50.7778 16.735
    endloop
  endfacet
  facet normal -0.857738 0.514087 0
    outer loop
      vertex 8.45517 -50.7778 22.735
      vertex 8.37192 -50.9167 16.735
      vertex 8.37192 -50.9167 22.735
    endloop
  endfacet
  facet normal -0.941504 0.337002 0
    outer loop
      vertex 8.5244 -50.6314 16.735
      vertex 8.57895 -50.479 22.735
      vertex 8.57895 -50.479 16.735
    endloop
  endfacet
  facet normal -0.941504 0.337002 0
    outer loop
      vertex 8.57895 -50.479 22.735
      vertex 8.5244 -50.6314 16.735
      vertex 8.5244 -50.6314 22.735
    endloop
  endfacet
  facet normal 0.998797 -0.0490442 0
    outer loop
      vertex 5.35 -50 22.735
      vertex 5.35794 -49.8383 16.735
      vertex 5.35794 -49.8383 22.735
    endloop
  endfacet
  facet normal 0.998797 -0.0490442 0
    outer loop
      vertex 5.35794 -49.8383 16.735
      vertex 5.35 -50 22.735
      vertex 5.35 -50 16.735
    endloop
  endfacet
  facet normal -0.989189 -0.146649 0
    outer loop
      vertex 8.64205 -49.8383 16.735
      vertex 8.6183 -49.6781 22.735
      vertex 8.6183 -49.6781 16.735
    endloop
  endfacet
  facet normal -0.989189 -0.146649 0
    outer loop
      vertex 8.6183 -49.6781 22.735
      vertex 8.64205 -49.8383 16.735
      vertex 8.64205 -49.8383 22.735
    endloop
  endfacet
  facet normal 0.67175 -0.740778 0
    outer loop
      vertex 5.83327 -48.8333 16.735
      vertex 5.95325 -48.7245 22.735
      vertex 5.83327 -48.8333 22.735
    endloop
  endfacet
  facet normal 0.67175 -0.740778 0
    outer loop
      vertex 5.95325 -48.7245 22.735
      vertex 5.83327 -48.8333 16.735
      vertex 5.95325 -48.7245 16.735
    endloop
  endfacet
  facet normal -0.970033 -0.242971 0
    outer loop
      vertex 8.6183 -49.6781 16.735
      vertex 8.57895 -49.521 22.735
      vertex 8.57895 -49.521 16.735
    endloop
  endfacet
  facet normal -0.970033 -0.242971 0
    outer loop
      vertex 8.57895 -49.521 22.735
      vertex 8.6183 -49.6781 16.735
      vertex 8.6183 -49.6781 22.735
    endloop
  endfacet
  facet normal -0.67175 0.740778 0
    outer loop
      vertex 8.16673 -51.1667 16.735
      vertex 8.04675 -51.2755 22.735
      vertex 8.16673 -51.1667 22.735
    endloop
  endfacet
  facet normal -0.67175 0.740778 0
    outer loop
      vertex 8.04675 -51.2755 22.735
      vertex 8.16673 -51.1667 16.735
      vertex 8.04675 -51.2755 16.735
    endloop
  endfacet
  facet normal -0.33661 0.941644 0
    outer loop
      vertex 7.63143 -51.5244 16.735
      vertex 7.47897 -51.5789 22.735
      vertex 7.63143 -51.5244 22.735
    endloop
  endfacet
  facet normal -0.33661 0.941644 0
    outer loop
      vertex 7.47897 -51.5789 22.735
      vertex 7.63143 -51.5244 16.735
      vertex 7.47897 -51.5789 16.735
    endloop
  endfacet
  facet normal 0.33661 0.941644 -0
    outer loop
      vertex 6.52103 -51.5789 16.735
      vertex 6.36857 -51.5244 22.735
      vertex 6.52103 -51.5789 22.735
    endloop
  endfacet
  facet normal 0.33661 0.941644 0
    outer loop
      vertex 6.36857 -51.5244 22.735
      vertex 6.52103 -51.5789 16.735
      vertex 6.36857 -51.5244 16.735
    endloop
  endfacet
  facet normal 0.514369 -0.857569 0
    outer loop
      vertex 6.08331 -48.6281 16.735
      vertex 6.22219 -48.5448 22.735
      vertex 6.08331 -48.6281 22.735
    endloop
  endfacet
  facet normal 0.514369 -0.857569 0
    outer loop
      vertex 6.22219 -48.5448 22.735
      vertex 6.08331 -48.6281 16.735
      vertex 6.22219 -48.5448 16.735
    endloop
  endfacet
  facet normal -0.857738 -0.514087 0
    outer loop
      vertex 8.45517 -49.2222 16.735
      vertex 8.37192 -49.0833 22.735
      vertex 8.37192 -49.0833 16.735
    endloop
  endfacet
  facet normal -0.857738 -0.514087 0
    outer loop
      vertex 8.37192 -49.0833 22.735
      vertex 8.45517 -49.2222 16.735
      vertex 8.45517 -49.2222 22.735
    endloop
  endfacet
  facet normal -0.427414 0.904056 0
    outer loop
      vertex 7.7778 -51.4552 16.735
      vertex 7.63143 -51.5244 22.735
      vertex 7.7778 -51.4552 22.735
    endloop
  endfacet
  facet normal -0.427414 0.904056 0
    outer loop
      vertex 7.63143 -51.5244 22.735
      vertex 7.7778 -51.4552 16.735
      vertex 7.63143 -51.5244 16.735
    endloop
  endfacet
  facet normal 0.146978 -0.98914 0
    outer loop
      vertex 6.6781 -48.3817 16.735
      vertex 6.83827 -48.3579 22.735
      vertex 6.6781 -48.3817 22.735
    endloop
  endfacet
  facet normal 0.146978 -0.98914 0
    outer loop
      vertex 6.83827 -48.3579 22.735
      vertex 6.6781 -48.3817 16.735
      vertex 6.83827 -48.3579 16.735
    endloop
  endfacet
  facet normal 0.595464 0.803382 -0
    outer loop
      vertex 6.08331 -51.3719 16.735
      vertex 5.95325 -51.2755 22.735
      vertex 6.08331 -51.3719 22.735
    endloop
  endfacet
  facet normal 0.595464 0.803382 0
    outer loop
      vertex 5.95325 -51.2755 22.735
      vertex 6.08331 -51.3719 16.735
      vertex 5.95325 -51.2755 16.735
    endloop
  endfacet
  facet normal 0.0487887 -0.998809 0
    outer loop
      vertex 6.83827 -48.3579 16.735
      vertex 7 -48.35 22.735
      vertex 6.83827 -48.3579 22.735
    endloop
  endfacet
  facet normal 0.0487887 -0.998809 0
    outer loop
      vertex 7 -48.35 22.735
      vertex 6.83827 -48.3579 16.735
      vertex 7 -48.35 16.735
    endloop
  endfacet
  facet normal 0.741018 0.671486 0
    outer loop
      vertex 5.83327 -51.1667 22.735
      vertex 5.72453 -51.0467 16.735
      vertex 5.72453 -51.0467 22.735
    endloop
  endfacet
  facet normal 0.741018 0.671486 0
    outer loop
      vertex 5.72453 -51.0467 16.735
      vertex 5.83327 -51.1667 22.735
      vertex 5.83327 -51.1667 16.735
    endloop
  endfacet
  facet normal -0.0487887 -0.998809 0
    outer loop
      vertex 7 -48.35 16.735
      vertex 7.16173 -48.3579 22.735
      vertex 7 -48.35 22.735
    endloop
  endfacet
  facet normal -0.0487887 -0.998809 -0
    outer loop
      vertex 7.16173 -48.3579 22.735
      vertex 7 -48.35 16.735
      vertex 7.16173 -48.3579 16.735
    endloop
  endfacet
  facet normal 0.146978 0.98914 -0
    outer loop
      vertex 6.83827 -51.6421 16.735
      vertex 6.6781 -51.6183 22.735
      vertex 6.83827 -51.6421 22.735
    endloop
  endfacet
  facet normal 0.146978 0.98914 0
    outer loop
      vertex 6.6781 -51.6183 22.735
      vertex 6.83827 -51.6421 16.735
      vertex 6.6781 -51.6183 16.735
    endloop
  endfacet
  facet normal 0.242725 -0.970095 0
    outer loop
      vertex 6.52103 -48.421 16.735
      vertex 6.6781 -48.3817 22.735
      vertex 6.52103 -48.421 22.735
    endloop
  endfacet
  facet normal 0.242725 -0.970095 0
    outer loop
      vertex 6.6781 -48.3817 22.735
      vertex 6.52103 -48.421 16.735
      vertex 6.6781 -48.3817 16.735
    endloop
  endfacet
  facet normal -0.67175 -0.740778 0
    outer loop
      vertex 8.04675 -48.7245 16.735
      vertex 8.16673 -48.8333 22.735
      vertex 8.04675 -48.7245 22.735
    endloop
  endfacet
  facet normal -0.67175 -0.740778 -0
    outer loop
      vertex 8.16673 -48.8333 22.735
      vertex 8.04675 -48.7245 16.735
      vertex 8.16673 -48.8333 16.735
    endloop
  endfacet
  facet normal -0.243306 0.96995 0
    outer loop
      vertex 7.47897 -51.5789 16.735
      vertex 7.3219 -51.6183 22.735
      vertex 7.47897 -51.5789 22.735
    endloop
  endfacet
  facet normal -0.243306 0.96995 0
    outer loop
      vertex 7.3219 -51.6183 22.735
      vertex 7.47897 -51.5789 16.735
      vertex 7.3219 -51.6183 16.735
    endloop
  endfacet
  facet normal 0.970033 -0.242971 0
    outer loop
      vertex 5.3817 -49.6781 22.735
      vertex 5.42105 -49.521 16.735
      vertex 5.42105 -49.521 22.735
    endloop
  endfacet
  facet normal 0.970033 -0.242971 0
    outer loop
      vertex 5.42105 -49.521 16.735
      vertex 5.3817 -49.6781 22.735
      vertex 5.3817 -49.6781 16.735
    endloop
  endfacet
  facet normal 0.427391 -0.904067 0
    outer loop
      vertex 6.22219 -48.5448 16.735
      vertex 6.36857 -48.4756 22.735
      vertex 6.22219 -48.5448 22.735
    endloop
  endfacet
  facet normal 0.427391 -0.904067 0
    outer loop
      vertex 6.36857 -48.4756 22.735
      vertex 6.22219 -48.5448 16.735
      vertex 6.36857 -48.4756 16.735
    endloop
  endfacet
  facet normal 0.741018 -0.671486 0
    outer loop
      vertex 5.72453 -48.9533 22.735
      vertex 5.83327 -48.8333 16.735
      vertex 5.83327 -48.8333 22.735
    endloop
  endfacet
  facet normal 0.741018 -0.671486 0
    outer loop
      vertex 5.83327 -48.8333 16.735
      vertex 5.72453 -48.9533 22.735
      vertex 5.72453 -48.9533 16.735
    endloop
  endfacet
  facet normal 0.0487887 0.998809 -0
    outer loop
      vertex 7 -51.65 16.735
      vertex 6.83827 -51.6421 22.735
      vertex 7 -51.65 22.735
    endloop
  endfacet
  facet normal 0.0487887 0.998809 0
    outer loop
      vertex 6.83827 -51.6421 22.735
      vertex 7 -51.65 16.735
      vertex 6.83827 -51.6421 16.735
    endloop
  endfacet
  facet normal 0.98918 -0.14671 0
    outer loop
      vertex 5.35794 -49.8383 22.735
      vertex 5.3817 -49.6781 16.735
      vertex 5.3817 -49.6781 22.735
    endloop
  endfacet
  facet normal 0.98918 -0.14671 0
    outer loop
      vertex 5.3817 -49.6781 16.735
      vertex 5.35794 -49.8383 22.735
      vertex 5.35794 -49.8383 16.735
    endloop
  endfacet
  facet normal -0.741018 0.671486 0
    outer loop
      vertex 8.16673 -51.1667 16.735
      vertex 8.27547 -51.0467 22.735
      vertex 8.27547 -51.0467 16.735
    endloop
  endfacet
  facet normal -0.741018 0.671486 0
    outer loop
      vertex 8.27547 -51.0467 22.735
      vertex 8.16673 -51.1667 16.735
      vertex 8.16673 -51.1667 22.735
    endloop
  endfacet
  facet normal -0.595464 -0.803382 0
    outer loop
      vertex 7.91669 -48.6281 16.735
      vertex 8.04675 -48.7245 22.735
      vertex 7.91669 -48.6281 22.735
    endloop
  endfacet
  facet normal -0.595464 -0.803382 -0
    outer loop
      vertex 8.04675 -48.7245 22.735
      vertex 7.91669 -48.6281 16.735
      vertex 8.04675 -48.7245 16.735
    endloop
  endfacet
  facet normal 0.803073 -0.59588 0
    outer loop
      vertex 5.62807 -49.0833 22.735
      vertex 5.72453 -48.9533 16.735
      vertex 5.72453 -48.9533 22.735
    endloop
  endfacet
  facet normal 0.803073 -0.59588 0
    outer loop
      vertex 5.72453 -48.9533 16.735
      vertex 5.62807 -49.0833 22.735
      vertex 5.62807 -49.0833 16.735
    endloop
  endfacet
  facet normal 0.998797 0.0490442 0
    outer loop
      vertex 5.35794 -50.1617 22.735
      vertex 5.35 -50 16.735
      vertex 5.35 -50 22.735
    endloop
  endfacet
  facet normal 0.998797 0.0490442 0
    outer loop
      vertex 5.35 -50 16.735
      vertex 5.35794 -50.1617 22.735
      vertex 5.35794 -50.1617 16.735
    endloop
  endfacet
  facet normal -0.741018 -0.671486 0
    outer loop
      vertex 8.27547 -48.9533 16.735
      vertex 8.16673 -48.8333 22.735
      vertex 8.16673 -48.8333 16.735
    endloop
  endfacet
  facet normal -0.741018 -0.671486 0
    outer loop
      vertex 8.16673 -48.8333 22.735
      vertex 8.27547 -48.9533 16.735
      vertex 8.27547 -48.9533 22.735
    endloop
  endfacet
  facet normal 0.499996 0.866028 -0
    outer loop
      vertex 7 -53.695 0
      vertex 3.8 -51.8475 16.735
      vertex 7 -53.695 16.735
    endloop
  endfacet
  facet normal 0.499996 0.866028 0
    outer loop
      vertex 3.8 -51.8475 16.735
      vertex 7 -53.695 0
      vertex 3.8 -51.8475 0
    endloop
  endfacet
  facet normal -0.499996 0.866028 0
    outer loop
      vertex 10.2 -51.8475 0
      vertex 7 -53.695 16.735
      vertex 10.2 -51.8475 16.735
    endloop
  endfacet
  facet normal -0.499996 0.866028 0
    outer loop
      vertex 7 -53.695 16.735
      vertex 10.2 -51.8475 0
      vertex 7 -53.695 0
    endloop
  endfacet
  facet normal 1 -0 0
    outer loop
      vertex 3.8 -51.8475 16.735
      vertex 3.8 -48.1525 0
      vertex 3.8 -48.1525 16.735
    endloop
  endfacet
  facet normal 1 0 0
    outer loop
      vertex 3.8 -48.1525 0
      vertex 3.8 -51.8475 16.735
      vertex 3.8 -51.8475 0
    endloop
  endfacet
  facet normal -0.499996 -0.866028 0
    outer loop
      vertex 7 -46.305 0
      vertex 10.2 -48.1525 16.735
      vertex 7 -46.305 16.735
    endloop
  endfacet
  facet normal -0.499996 -0.866028 -0
    outer loop
      vertex 10.2 -48.1525 16.735
      vertex 7 -46.305 0
      vertex 10.2 -48.1525 0
    endloop
  endfacet
  facet normal -1 0 0
    outer loop
      vertex 10.2 -51.8475 0
      vertex 10.2 -48.1525 16.735
      vertex 10.2 -48.1525 0
    endloop
  endfacet
  facet normal -1 -0 0
    outer loop
      vertex 10.2 -48.1525 16.735
      vertex 10.2 -51.8475 0
      vertex 10.2 -51.8475 16.735
    endloop
  endfacet
  facet normal 0.499996 -0.866028 0
    outer loop
      vertex 3.8 -48.1525 0
      vertex 7 -46.305 16.735
      vertex 3.8 -48.1525 16.735
    endloop
  endfacet
  facet normal 0.499996 -0.866028 0
    outer loop
      vertex 7 -46.305 16.735
      vertex 3.8 -48.1525 0
      vertex 7 -46.305 0
    endloop
  endfacet
  facet normal 0 0 -1
    outer loop
      vertex 10.2 -51.8475 16.735
      vertex 8.65 -50 16.735
      vertex 10.2 -48.1525 16.735
    endloop
  endfacet
  facet normal 0 0 -1
    outer loop
      vertex 10.2 -51.8475 16.735
      vertex 8.64205 -50.1617 16.735
      vertex 8.65 -50 16.735
    endloop
  endfacet
  facet normal 0 0 -1
    outer loop
      vertex 10.2 -51.8475 16.735
      vertex 8.6183 -50.3219 16.735
      vertex 8.64205 -50.1617 16.735
    endloop
  endfacet
  facet normal 0 0 -1
    outer loop
      vertex 10.2 -51.8475 16.735
      vertex 8.57895 -50.479 16.735
      vertex 8.6183 -50.3219 16.735
    endloop
  endfacet
  facet normal 0 0 -1
    outer loop
      vertex 10.2 -51.8475 16.735
      vertex 8.5244 -50.6314 16.735
      vertex 8.57895 -50.479 16.735
    endloop
  endfacet
  facet normal 0 0 -1
    outer loop
      vertex 10.2 -51.8475 16.735
      vertex 8.45517 -50.7778 16.735
      vertex 8.5244 -50.6314 16.735
    endloop
  endfacet
  facet normal 0 0 -1
    outer loop
      vertex 10.2 -51.8475 16.735
      vertex 8.37192 -50.9167 16.735
      vertex 8.45517 -50.7778 16.735
    endloop
  endfacet
  facet normal 0 0 -1
    outer loop
      vertex 10.2 -51.8475 16.735
      vertex 8.27547 -51.0467 16.735
      vertex 8.37192 -50.9167 16.735
    endloop
  endfacet
  facet normal 0 0 -1
    outer loop
      vertex 10.2 -51.8475 16.735
      vertex 8.16673 -51.1667 16.735
      vertex 8.27547 -51.0467 16.735
    endloop
  endfacet
  facet normal 0 0 -1
    outer loop
      vertex 10.2 -51.8475 16.735
      vertex 8.04675 -51.2755 16.735
      vertex 8.16673 -51.1667 16.735
    endloop
  endfacet
  facet normal 0 0 -1
    outer loop
      vertex 10.2 -51.8475 16.735
      vertex 7.91669 -51.3719 16.735
      vertex 8.04675 -51.2755 16.735
    endloop
  endfacet
  facet normal 0 0 -1
    outer loop
      vertex 10.2 -51.8475 16.735
      vertex 7.7778 -51.4552 16.735
      vertex 7.91669 -51.3719 16.735
    endloop
  endfacet
  facet normal 0 0 -1
    outer loop
      vertex 7 -53.695 16.735
      vertex 7.7778 -51.4552 16.735
      vertex 10.2 -51.8475 16.735
    endloop
  endfacet
  facet normal 0 0 -1
    outer loop
      vertex 7.7778 -51.4552 16.735
      vertex 7 -53.695 16.735
      vertex 7.63143 -51.5244 16.735
    endloop
  endfacet
  facet normal 0 0 -1
    outer loop
      vertex 7.63143 -51.5244 16.735
      vertex 7 -53.695 16.735
      vertex 7.47897 -51.5789 16.735
    endloop
  endfacet
  facet normal 0 0 -1
    outer loop
      vertex 7.47897 -51.5789 16.735
      vertex 7 -53.695 16.735
      vertex 7.3219 -51.6183 16.735
    endloop
  endfacet
  facet normal 0 0 -1
    outer loop
      vertex 7.3219 -51.6183 16.735
      vertex 7 -53.695 16.735
      vertex 7.16173 -51.6421 16.735
    endloop
  endfacet
  facet normal 0 0 -1
    outer loop
      vertex 7 -53.695 16.735
      vertex 7 -51.65 16.735
      vertex 7.16173 -51.6421 16.735
    endloop
  endfacet
  facet normal 0 0 -1
    outer loop
      vertex 7 -53.695 16.735
      vertex 6.83827 -51.6421 16.735
      vertex 7 -51.65 16.735
    endloop
  endfacet
  facet normal 0 0 -1
    outer loop
      vertex 7 -53.695 16.735
      vertex 6.6781 -51.6183 16.735
      vertex 6.83827 -51.6421 16.735
    endloop
  endfacet
  facet normal 0 0 -1
    outer loop
      vertex 7 -53.695 16.735
      vertex 6.52103 -51.5789 16.735
      vertex 6.6781 -51.6183 16.735
    endloop
  endfacet
  facet normal 0 0 -1
    outer loop
      vertex 7 -53.695 16.735
      vertex 6.36857 -51.5244 16.735
      vertex 6.52103 -51.5789 16.735
    endloop
  endfacet
  facet normal 0 0 -1
    outer loop
      vertex 7 -53.695 16.735
      vertex 6.22219 -51.4552 16.735
      vertex 6.36857 -51.5244 16.735
    endloop
  endfacet
  facet normal 0 0 -1
    outer loop
      vertex 3.8 -51.8475 16.735
      vertex 6.22219 -51.4552 16.735
      vertex 7 -53.695 16.735
    endloop
  endfacet
  facet normal -0 0 -1
    outer loop
      vertex 6.22219 -51.4552 16.735
      vertex 3.8 -51.8475 16.735
      vertex 6.08331 -51.3719 16.735
    endloop
  endfacet
  facet normal -0 0 -1
    outer loop
      vertex 6.08331 -51.3719 16.735
      vertex 3.8 -51.8475 16.735
      vertex 5.95325 -51.2755 16.735
    endloop
  endfacet
  facet normal -0 0 -1
    outer loop
      vertex 5.95325 -51.2755 16.735
      vertex 3.8 -51.8475 16.735
      vertex 5.83327 -51.1667 16.735
    endloop
  endfacet
  facet normal -0 0 -1
    outer loop
      vertex 5.83327 -51.1667 16.735
      vertex 3.8 -51.8475 16.735
      vertex 5.72453 -51.0467 16.735
    endloop
  endfacet
  facet normal -0 0 -1
    outer loop
      vertex 5.72453 -51.0467 16.735
      vertex 3.8 -51.8475 16.735
      vertex 5.62807 -50.9167 16.735
    endloop
  endfacet
  facet normal -0 0 -1
    outer loop
      vertex 5.35794 -50.1617 16.735
      vertex 3.8 -51.8475 16.735
      vertex 5.35 -50 16.735
    endloop
  endfacet
  facet normal -0 0 -1
    outer loop
      vertex 5.3817 -50.3219 16.735
      vertex 3.8 -51.8475 16.735
      vertex 5.35794 -50.1617 16.735
    endloop
  endfacet
  facet normal -0 0 -1
    outer loop
      vertex 5.42105 -50.479 16.735
      vertex 3.8 -51.8475 16.735
      vertex 5.3817 -50.3219 16.735
    endloop
  endfacet
  facet normal -0 0 -1
    outer loop
      vertex 5.4756 -50.6314 16.735
      vertex 3.8 -51.8475 16.735
      vertex 5.42105 -50.479 16.735
    endloop
  endfacet
  facet normal -0 0 -1
    outer loop
      vertex 5.54483 -50.7778 16.735
      vertex 3.8 -51.8475 16.735
      vertex 5.4756 -50.6314 16.735
    endloop
  endfacet
  facet normal -0 0 -1
    outer loop
      vertex 5.62807 -50.9167 16.735
      vertex 3.8 -51.8475 16.735
      vertex 5.54483 -50.7778 16.735
    endloop
  endfacet
  facet normal 0 0 -1
    outer loop
      vertex 8.64205 -49.8383 16.735
      vertex 10.2 -48.1525 16.735
      vertex 8.65 -50 16.735
    endloop
  endfacet
  facet normal 0 0 -1
    outer loop
      vertex 8.6183 -49.6781 16.735
      vertex 10.2 -48.1525 16.735
      vertex 8.64205 -49.8383 16.735
    endloop
  endfacet
  facet normal 0 0 -1
    outer loop
      vertex 8.57895 -49.521 16.735
      vertex 10.2 -48.1525 16.735
      vertex 8.6183 -49.6781 16.735
    endloop
  endfacet
  facet normal 0 0 -1
    outer loop
      vertex 8.5244 -49.3686 16.735
      vertex 10.2 -48.1525 16.735
      vertex 8.57895 -49.521 16.735
    endloop
  endfacet
  facet normal 0 0 -1
    outer loop
      vertex 8.45517 -49.2222 16.735
      vertex 10.2 -48.1525 16.735
      vertex 8.5244 -49.3686 16.735
    endloop
  endfacet
  facet normal 0 0 -1
    outer loop
      vertex 8.37192 -49.0833 16.735
      vertex 10.2 -48.1525 16.735
      vertex 8.45517 -49.2222 16.735
    endloop
  endfacet
  facet normal 0 0 -1
    outer loop
      vertex 8.27547 -48.9533 16.735
      vertex 10.2 -48.1525 16.735
      vertex 8.37192 -49.0833 16.735
    endloop
  endfacet
  facet normal 0 0 -1
    outer loop
      vertex 8.16673 -48.8333 16.735
      vertex 10.2 -48.1525 16.735
      vertex 8.27547 -48.9533 16.735
    endloop
  endfacet
  facet normal 0 0 -1
    outer loop
      vertex 8.04675 -48.7245 16.735
      vertex 10.2 -48.1525 16.735
      vertex 8.16673 -48.8333 16.735
    endloop
  endfacet
  facet normal 0 0 -1
    outer loop
      vertex 7.91669 -48.6281 16.735
      vertex 10.2 -48.1525 16.735
      vertex 8.04675 -48.7245 16.735
    endloop
  endfacet
  facet normal 0 0 -1
    outer loop
      vertex 7.7778 -48.5448 16.735
      vertex 10.2 -48.1525 16.735
      vertex 7.91669 -48.6281 16.735
    endloop
  endfacet
  facet normal 0 0 -1
    outer loop
      vertex 7 -46.305 16.735
      vertex 7.7778 -48.5448 16.735
      vertex 7.63143 -48.4756 16.735
    endloop
  endfacet
  facet normal 0 0 -1
    outer loop
      vertex 7 -46.305 16.735
      vertex 7.63143 -48.4756 16.735
      vertex 7.47897 -48.421 16.735
    endloop
  endfacet
  facet normal 0 0 -1
    outer loop
      vertex 7 -46.305 16.735
      vertex 7.47897 -48.421 16.735
      vertex 7.3219 -48.3817 16.735
    endloop
  endfacet
  facet normal 0 0 -1
    outer loop
      vertex 7 -46.305 16.735
      vertex 7.3219 -48.3817 16.735
      vertex 7.16173 -48.3579 16.735
    endloop
  endfacet
  facet normal 0 0 -1
    outer loop
      vertex 7 -46.305 16.735
      vertex 7.16173 -48.3579 16.735
      vertex 7 -48.35 16.735
    endloop
  endfacet
  facet normal 0 0 -1
    outer loop
      vertex 7.7778 -48.5448 16.735
      vertex 7 -46.305 16.735
      vertex 10.2 -48.1525 16.735
    endloop
  endfacet
  facet normal 0 0 -1
    outer loop
      vertex 6.83827 -48.3579 16.735
      vertex 7 -46.305 16.735
      vertex 7 -48.35 16.735
    endloop
  endfacet
  facet normal 0 0 -1
    outer loop
      vertex 6.6781 -48.3817 16.735
      vertex 7 -46.305 16.735
      vertex 6.83827 -48.3579 16.735
    endloop
  endfacet
  facet normal 0 0 -1
    outer loop
      vertex 6.52103 -48.421 16.735
      vertex 7 -46.305 16.735
      vertex 6.6781 -48.3817 16.735
    endloop
  endfacet
  facet normal 0 0 -1
    outer loop
      vertex 6.36857 -48.4756 16.735
      vertex 7 -46.305 16.735
      vertex 6.52103 -48.421 16.735
    endloop
  endfacet
  facet normal 0 0 -1
    outer loop
      vertex 6.22219 -48.5448 16.735
      vertex 7 -46.305 16.735
      vertex 6.36857 -48.4756 16.735
    endloop
  endfacet
  facet normal 0 0 -1
    outer loop
      vertex 3.8 -48.1525 16.735
      vertex 6.22219 -48.5448 16.735
      vertex 6.08331 -48.6281 16.735
    endloop
  endfacet
  facet normal 0 0 -1
    outer loop
      vertex 3.8 -48.1525 16.735
      vertex 6.08331 -48.6281 16.735
      vertex 5.95325 -48.7245 16.735
    endloop
  endfacet
  facet normal 0 0 -1
    outer loop
      vertex 3.8 -48.1525 16.735
      vertex 5.95325 -48.7245 16.735
      vertex 5.83327 -48.8333 16.735
    endloop
  endfacet
  facet normal 0 0 -1
    outer loop
      vertex 3.8 -48.1525 16.735
      vertex 5.83327 -48.8333 16.735
      vertex 5.72453 -48.9533 16.735
    endloop
  endfacet
  facet normal 0 0 -1
    outer loop
      vertex 3.8 -48.1525 16.735
      vertex 5.72453 -48.9533 16.735
      vertex 5.62807 -49.0833 16.735
    endloop
  endfacet
  facet normal 0 0 -1
    outer loop
      vertex 3.8 -48.1525 16.735
      vertex 5.62807 -49.0833 16.735
      vertex 5.54483 -49.2222 16.735
    endloop
  endfacet
  facet normal 0 0 -1
    outer loop
      vertex 3.8 -48.1525 16.735
      vertex 5.35 -50 16.735
      vertex 3.8 -51.8475 16.735
    endloop
  endfacet
  facet normal 0 0 -1
    outer loop
      vertex 5.35 -50 16.735
      vertex 3.8 -48.1525 16.735
      vertex 5.35794 -49.8383 16.735
    endloop
  endfacet
  facet normal 0 0 -1
    outer loop
      vertex 5.35794 -49.8383 16.735
      vertex 3.8 -48.1525 16.735
      vertex 5.3817 -49.6781 16.735
    endloop
  endfacet
  facet normal 0 0 -1
    outer loop
      vertex 5.3817 -49.6781 16.735
      vertex 3.8 -48.1525 16.735
      vertex 5.42105 -49.521 16.735
    endloop
  endfacet
  facet normal 0 0 -1
    outer loop
      vertex 5.42105 -49.521 16.735
      vertex 3.8 -48.1525 16.735
      vertex 5.4756 -49.3686 16.735
    endloop
  endfacet
  facet normal 0 0 -1
    outer loop
      vertex 5.4756 -49.3686 16.735
      vertex 3.8 -48.1525 16.735
      vertex 5.54483 -49.2222 16.735
    endloop
  endfacet
  facet normal 0 0 -1
    outer loop
      vertex 6.22219 -48.5448 16.735
      vertex 3.8 -48.1525 16.735
      vertex 7 -46.305 16.735
    endloop
  endfacet
  facet normal -1 0 0
    outer loop
      vertex 3.4 40 22.145
      vertex 3.4 60 22.735
      vertex 3.4 60 22.145
    endloop
  endfacet
  facet normal -1 -0 0
    outer loop
      vertex 3.4 60 22.735
      vertex 3.4 40 22.145
      vertex 3.4 40 22.735
    endloop
  endfacet
  facet normal -0 0 1
    outer loop
      vertex -3.4 60 22.145
      vertex 3.4 40 22.145
      vertex 3.4 60 22.145
    endloop
  endfacet
  facet normal 0 0 1
    outer loop
      vertex 3.4 40 22.145
      vertex -3.4 60 22.145
      vertex -3.4 40 22.145
    endloop
  endfacet
  facet normal 1 -0 0
    outer loop
      vertex -3.4 40 22.735
      vertex -3.4 60 22.145
      vertex -3.4 60 22.735
    endloop
  endfacet
  facet normal 1 0 0
    outer loop
      vertex -3.4 60 22.145
      vertex -3.4 40 22.735
      vertex -3.4 40 22.145
    endloop
  endfacet
  facet normal -1 0 0
    outer loop
      vertex 3.4 -60 22.145
      vertex 3.4 -40 22.735
      vertex 3.4 -40 22.145
    endloop
  endfacet
  facet normal -1 -0 0
    outer loop
      vertex 3.4 -40 22.735
      vertex 3.4 -60 22.145
      vertex 3.4 -60 22.735
    endloop
  endfacet
  facet normal -0 0 1
    outer loop
      vertex -3.4 -40 22.145
      vertex 3.4 -60 22.145
      vertex 3.4 -40 22.145
    endloop
  endfacet
  facet normal 0 0 1
    outer loop
      vertex 3.4 -60 22.145
      vertex -3.4 -40 22.145
      vertex -3.4 -60 22.145
    endloop
  endfacet
  facet normal 1 -0 0
    outer loop
      vertex -3.4 -60 22.735
      vertex -3.4 -40 22.145
      vertex -3.4 -40 22.735
    endloop
  endfacet
  facet normal 1 0 0
    outer loop
      vertex -3.4 -40 22.145
      vertex -3.4 -60 22.735
      vertex -3.4 -60 22.145
    endloop
  endfacet
  facet normal 0.805234 0.592947 0.00346214
    outer loop
      vertex -37.2761 -7.61272 22.942
      vertex -37.9776 -6.66684 24.1015
      vertex -37.9437 -6.71261 24.0558
    endloop
  endfacet
  facet normal 0.803213 0.595693 0
    outer loop
      vertex -37.9776 -6.66684 24.1015
      vertex -37.2761 -7.61272 22.942
      vertex -37.9776 -6.66684 8
    endloop
  endfacet
  facet normal 0.803213 0.595693 0
    outer loop
      vertex -37.9776 -6.66684 8
      vertex -37.2761 -7.61272 22.942
      vertex -37.2761 -7.61272 8
    endloop
  endfacet
  facet normal 0.59571 0.8032 -6.42035e-06
    outer loop
      vertex -35.5 -9.35972 16
      vertex -35.6127 -9.27612 17.7104
      vertex -35.5698 -9.30794 17.4212
    endloop
  endfacet
  facet normal 0.595773 0.803153 0
    outer loop
      vertex -35.6127 -9.27612 8
      vertex -35.5 -9.35972 16
      vertex -35.5 -9.35972 8
    endloop
  endfacet
  facet normal 0.595773 0.803153 0
    outer loop
      vertex -35.5 -9.35972 16
      vertex -35.6127 -9.27612 8
      vertex -35.6127 -9.27612 17.7104
    endloop
  endfacet
  facet normal 0.998795 -0.0490817 0
    outer loop
      vertex -40 0 8
      vertex -39.9422 1.17621 26.43
      vertex -40 0 26.4824
    endloop
  endfacet
  facet normal 0.998795 -0.0490817 0
    outer loop
      vertex -39.9422 1.17621 26.43
      vertex -40 0 8
      vertex -39.9422 1.17621 8
    endloop
  endfacet
  facet normal 0.941552 0.336869 0
    outer loop
      vertex -39.0866 -4.5922 25.5244
      vertex -39.4833 -3.48342 8
      vertex -39.4833 -3.48342 25.9621
    endloop
  endfacet
  facet normal 0.941552 0.336869 0
    outer loop
      vertex -39.4833 -3.48342 8
      vertex -39.0866 -4.5922 25.5244
      vertex -39.0866 -4.5922 8
    endloop
  endfacet
  facet normal 0.970212 0.242256 0
    outer loop
      vertex -39.747 -2.43079 26.253
      vertex -39.7694 -2.34108 8
      vertex -39.7694 -2.34108 26.2734
    endloop
  endfacet
  facet normal 0.970025 0.243005 3.91317e-06
    outer loop
      vertex -39.4833 -3.48342 25.9621
      vertex -39.7694 -2.34108 8
      vertex -39.747 -2.43079 26.253
    endloop
  endfacet
  facet normal 0.97004 0.242947 0
    outer loop
      vertex -39.7694 -2.34108 8
      vertex -39.4833 -3.48342 25.9621
      vertex -39.4833 -3.48342 8
    endloop
  endfacet
  facet normal 0.671755 0.740774 0.000113406
    outer loop
      vertex -35.7786 -9.12577 18.8288
      vertex -36.4853 -8.48528 21.2178
      vertex -36.1244 -8.8124 20.2091
    endloop
  endfacet
  facet normal 0.671562 0.740949 9.30045e-06
    outer loop
      vertex -35.6127 -9.27612 17.7104
      vertex -36.4853 -8.48528 21.2178
      vertex -35.7786 -9.12577 18.8288
    endloop
  endfacet
  facet normal 0.671541 0.740967 0
    outer loop
      vertex -36.4853 -8.48528 8
      vertex -35.6127 -9.27612 17.7104
      vertex -35.6127 -9.27612 8
    endloop
  endfacet
  facet normal 0.671541 0.740967 0
    outer loop
      vertex -35.6127 -9.27612 17.7104
      vertex -36.4853 -8.48528 8
      vertex -36.4853 -8.48528 21.2178
    endloop
  endfacet
  facet normal 0.941552 -0.336869 0
    outer loop
      vertex -39.4833 3.48342 8
      vertex -39.0866 4.5922 25.5244
      vertex -39.4833 3.48342 25.9621
    endloop
  endfacet
  facet normal 0.941552 -0.336869 0
    outer loop
      vertex -39.0866 4.5922 25.5244
      vertex -39.4833 3.48342 8
      vertex -39.0866 4.5922 8
    endloop
  endfacet
  facet normal 0.857698 0.514154 0
    outer loop
      vertex -37.9776 -6.66684 24.1015
      vertex -38.5831 -5.65676 8
      vertex -38.5831 -5.65676 24.9179
    endloop
  endfacet
  facet normal 0.857698 0.514154 0
    outer loop
      vertex -38.5831 -5.65676 8
      vertex -37.9776 -6.66684 24.1015
      vertex -37.9776 -6.66684 8
    endloop
  endfacet
  facet normal 0.740444 0.672118 -0.000528174
    outer loop
      vertex -36.6037 -8.35457 21.5489
      vertex -37.2761 -7.61272 22.942
      vertex -37.2121 -7.68331 22.8353
    endloop
  endfacet
  facet normal 0.740346 0.672226 -0.000633486
    outer loop
      vertex -37.2761 -7.61272 22.942
      vertex -36.6037 -8.35457 21.5489
      vertex -36.4853 -8.48528 21.2178
    endloop
  endfacet
  facet normal 0.740969 0.671539 0
    outer loop
      vertex -37.2761 -7.61272 22.942
      vertex -36.4853 -8.48528 21.2178
      vertex -37.2761 -7.61272 8
    endloop
  endfacet
  facet normal 0.740969 0.671539 0
    outer loop
      vertex -37.2761 -7.61272 8
      vertex -36.4853 -8.48528 21.2178
      vertex -36.4853 -8.48528 8
    endloop
  endfacet
  facet normal 0.970025 -0.243005 3.91317e-06
    outer loop
      vertex -39.7694 2.34108 8
      vertex -39.4833 3.48342 25.9621
      vertex -39.747 2.43079 26.253
    endloop
  endfacet
  facet normal 0.970212 -0.242256 0
    outer loop
      vertex -39.7694 2.34108 8
      vertex -39.747 2.43079 26.253
      vertex -39.7694 2.34108 26.2734
    endloop
  endfacet
  facet normal 0.97004 -0.242947 0
    outer loop
      vertex -39.4833 3.48342 25.9621
      vertex -39.7694 2.34108 8
      vertex -39.4833 3.48342 8
    endloop
  endfacet
  facet normal 0.671755 -0.740774 0.000113406
    outer loop
      vertex -36.4853 8.48528 21.2178
      vertex -35.7786 9.12577 18.8288
      vertex -36.1244 8.8124 20.2091
    endloop
  endfacet
  facet normal 0.671562 -0.740949 9.30045e-06
    outer loop
      vertex -36.4853 8.48528 21.2178
      vertex -35.6127 9.27612 17.7104
      vertex -35.7786 9.12577 18.8288
    endloop
  endfacet
  facet normal 0.671541 -0.740967 0
    outer loop
      vertex -36.4853 8.48528 8
      vertex -35.6127 9.27612 17.7104
      vertex -36.4853 8.48528 21.2178
    endloop
  endfacet
  facet normal 0.671541 -0.740967 0
    outer loop
      vertex -35.6127 9.27612 17.7104
      vertex -36.4853 8.48528 8
      vertex -35.6127 9.27612 8
    endloop
  endfacet
  facet normal 0.989176 0.146737 0
    outer loop
      vertex -39.7694 -2.34108 26.2734
      vertex -39.9422 -1.17621 8
      vertex -39.9422 -1.17621 26.43
    endloop
  endfacet
  facet normal 0.989176 0.146737 0
    outer loop
      vertex -39.9422 -1.17621 8
      vertex -39.7694 -2.34108 26.2734
      vertex -39.7694 -2.34108 8
    endloop
  endfacet
  facet normal 0.857698 -0.514154 0
    outer loop
      vertex -38.5831 5.65676 8
      vertex -37.9776 6.66684 24.1015
      vertex -38.5831 5.65676 24.9179
    endloop
  endfacet
  facet normal 0.857698 -0.514154 0
    outer loop
      vertex -37.9776 6.66684 24.1015
      vertex -38.5831 5.65676 8
      vertex -37.9776 6.66684 8
    endloop
  endfacet
  facet normal 0.805234 -0.592947 0.00346214
    outer loop
      vertex -37.9776 6.66684 24.1015
      vertex -37.2761 7.61272 22.942
      vertex -37.9437 6.71261 24.0558
    endloop
  endfacet
  facet normal 0.803213 -0.595693 0
    outer loop
      vertex -37.2761 7.61272 22.942
      vertex -37.9776 6.66684 24.1015
      vertex -37.9776 6.66684 8
    endloop
  endfacet
  facet normal 0.803213 -0.595693 0
    outer loop
      vertex -37.2761 7.61272 22.942
      vertex -37.9776 6.66684 8
      vertex -37.2761 7.61272 8
    endloop
  endfacet
  facet normal 0.903359 0.428875 -0.00283867
    outer loop
      vertex -38.5831 -5.65676 24.9179
      vertex -39.0866 -4.5922 25.5244
      vertex -38.7913 -5.21636 25.1987
    endloop
  endfacet
  facet normal 0.903989 0.427556 0
    outer loop
      vertex -39.0866 -4.5922 25.5244
      vertex -38.5831 -5.65676 24.9179
      vertex -39.0866 -4.5922 8
    endloop
  endfacet
  facet normal 0.903989 0.427556 0
    outer loop
      vertex -39.0866 -4.5922 8
      vertex -38.5831 -5.65676 24.9179
      vertex -38.5831 -5.65676 8
    endloop
  endfacet
  facet normal 0.989176 -0.146737 0
    outer loop
      vertex -39.9422 1.17621 8
      vertex -39.7694 2.34108 26.2734
      vertex -39.9422 1.17621 26.43
    endloop
  endfacet
  facet normal 0.989176 -0.146737 0
    outer loop
      vertex -39.7694 2.34108 26.2734
      vertex -39.9422 1.17621 8
      vertex -39.7694 2.34108 8
    endloop
  endfacet
  facet normal 0.903359 -0.428875 -0.00283867
    outer loop
      vertex -39.0866 4.5922 25.5244
      vertex -38.5831 5.65676 24.9179
      vertex -38.7913 5.21636 25.1987
    endloop
  endfacet
  facet normal 0.903989 -0.427556 0
    outer loop
      vertex -38.5831 5.65676 24.9179
      vertex -39.0866 4.5922 25.5244
      vertex -39.0866 4.5922 8
    endloop
  endfacet
  facet normal 0.903989 -0.427556 0
    outer loop
      vertex -38.5831 5.65676 24.9179
      vertex -39.0866 4.5922 8
      vertex -38.5831 5.65676 8
    endloop
  endfacet
  facet normal 0.740346 -0.672226 -0.000633486
    outer loop
      vertex -37.2761 7.61272 22.942
      vertex -36.4853 8.48528 21.2178
      vertex -36.6037 8.35457 21.5489
    endloop
  endfacet
  facet normal 0.740444 -0.672118 -0.000528174
    outer loop
      vertex -37.2761 7.61272 22.942
      vertex -36.6037 8.35457 21.5489
      vertex -37.2121 7.68331 22.8353
    endloop
  endfacet
  facet normal 0.740969 -0.671539 0
    outer loop
      vertex -36.4853 8.48528 21.2178
      vertex -37.2761 7.61272 22.942
      vertex -37.2761 7.61272 8
    endloop
  endfacet
  facet normal 0.740969 -0.671539 0
    outer loop
      vertex -36.4853 8.48528 21.2178
      vertex -37.2761 7.61272 8
      vertex -36.4853 8.48528 8
    endloop
  endfacet
  facet normal 0.59571 -0.8032 -6.42035e-06
    outer loop
      vertex -35.6127 9.27612 17.7104
      vertex -35.5 9.35972 16
      vertex -35.5698 9.30794 17.4212
    endloop
  endfacet
  facet normal 0.595773 -0.803153 0
    outer loop
      vertex -35.6127 9.27612 8
      vertex -35.5 9.35972 16
      vertex -35.6127 9.27612 17.7104
    endloop
  endfacet
  facet normal 0.595773 -0.803153 0
    outer loop
      vertex -35.5 9.35972 16
      vertex -35.6127 9.27612 8
      vertex -35.5 9.35972 8
    endloop
  endfacet
  facet normal 0.998795 0.0490817 0
    outer loop
      vertex -39.9422 -1.17621 26.43
      vertex -40 0 8
      vertex -40 0 26.4824
    endloop
  endfacet
  facet normal 0.998795 0.0490817 0
    outer loop
      vertex -40 0 8
      vertex -39.9422 -1.17621 26.43
      vertex -39.9422 -1.17621 8
    endloop
  endfacet
  facet normal 0.242947 0.97004 -0
    outer loop
      vertex -2.34108 -11.7694 8
      vertex -3.48342 -11.4833 16.735
      vertex -2.34108 -11.7694 16.735
    endloop
  endfacet
  facet normal 0.242947 0.97004 0
    outer loop
      vertex -3.48342 -11.4833 16.735
      vertex -2.34108 -11.7694 8
      vertex -3.48342 -11.4833 8
    endloop
  endfacet
  facet normal -0.0490817 -0.998795 0
    outer loop
      vertex 0 12 8
      vertex 1.17621 11.9422 16.735
      vertex 0 12 16.735
    endloop
  endfacet
  facet normal -0.0490817 -0.998795 -0
    outer loop
      vertex 1.17621 11.9422 16.735
      vertex 0 12 8
      vertex 1.17621 11.9422 8
    endloop
  endfacet
  facet normal 0.336994 0.941507 -0
    outer loop
      vertex -3.48342 -11.4833 8
      vertex -4 -11.2984 16.735
      vertex -3.48342 -11.4833 16.735
    endloop
  endfacet
  facet normal 0.336994 0.941507 0
    outer loop
      vertex -4 -11.2984 16.735
      vertex -3.48342 -11.4833 8
      vertex -4 -11.2984 8
    endloop
  endfacet
  facet normal -0.336994 0.941507 0
    outer loop
      vertex 4 -11.2984 8
      vertex 3.48342 -11.4833 16.735
      vertex 4 -11.2984 16.735
    endloop
  endfacet
  facet normal -0.336994 0.941507 0
    outer loop
      vertex 3.48342 -11.4833 16.735
      vertex 4 -11.2984 8
      vertex 3.48342 -11.4833 8
    endloop
  endfacet
  facet normal -0.242947 0.97004 0
    outer loop
      vertex 3.48342 -11.4833 8
      vertex 2.34108 -11.7694 16.735
      vertex 3.48342 -11.4833 16.735
    endloop
  endfacet
  facet normal -0.242947 0.97004 0
    outer loop
      vertex 2.34108 -11.7694 16.735
      vertex 3.48342 -11.4833 8
      vertex 2.34108 -11.7694 8
    endloop
  endfacet
  facet normal 0.146737 -0.989176 0
    outer loop
      vertex -2.34108 11.7694 8
      vertex -1.17621 11.9422 16.735
      vertex -2.34108 11.7694 16.735
    endloop
  endfacet
  facet normal 0.146737 -0.989176 0
    outer loop
      vertex -1.17621 11.9422 16.735
      vertex -2.34108 11.7694 8
      vertex -1.17621 11.9422 8
    endloop
  endfacet
  facet normal -0.0490817 0.998795 0
    outer loop
      vertex 1.17621 -11.9422 8
      vertex 0 -12 16.735
      vertex 1.17621 -11.9422 16.735
    endloop
  endfacet
  facet normal -0.0490817 0.998795 0
    outer loop
      vertex 0 -12 16.735
      vertex 1.17621 -11.9422 8
      vertex 0 -12 8
    endloop
  endfacet
  facet normal -0.146737 0.989176 0
    outer loop
      vertex 2.34108 -11.7694 8
      vertex 1.17621 -11.9422 16.735
      vertex 2.34108 -11.7694 16.735
    endloop
  endfacet
  facet normal -0.146737 0.989176 0
    outer loop
      vertex 1.17621 -11.9422 16.735
      vertex 2.34108 -11.7694 8
      vertex 1.17621 -11.9422 8
    endloop
  endfacet
  facet normal -0.146737 -0.989176 0
    outer loop
      vertex 1.17621 11.9422 8
      vertex 2.34108 11.7694 16.735
      vertex 1.17621 11.9422 16.735
    endloop
  endfacet
  facet normal -0.146737 -0.989176 -0
    outer loop
      vertex 2.34108 11.7694 16.735
      vertex 1.17621 11.9422 8
      vertex 2.34108 11.7694 8
    endloop
  endfacet
  facet normal 0.242947 -0.97004 0
    outer loop
      vertex -3.48342 11.4833 8
      vertex -2.34108 11.7694 16.735
      vertex -3.48342 11.4833 16.735
    endloop
  endfacet
  facet normal 0.242947 -0.97004 0
    outer loop
      vertex -2.34108 11.7694 16.735
      vertex -3.48342 11.4833 8
      vertex -2.34108 11.7694 8
    endloop
  endfacet
  facet normal 0.0490817 0.998795 -0
    outer loop
      vertex 0 -12 8
      vertex -1.17621 -11.9422 16.735
      vertex 0 -12 16.735
    endloop
  endfacet
  facet normal 0.0490817 0.998795 0
    outer loop
      vertex -1.17621 -11.9422 16.735
      vertex 0 -12 8
      vertex -1.17621 -11.9422 8
    endloop
  endfacet
  facet normal 0.146737 0.989176 -0
    outer loop
      vertex -1.17621 -11.9422 8
      vertex -2.34108 -11.7694 16.735
      vertex -1.17621 -11.9422 16.735
    endloop
  endfacet
  facet normal 0.146737 0.989176 0
    outer loop
      vertex -2.34108 -11.7694 16.735
      vertex -1.17621 -11.9422 8
      vertex -2.34108 -11.7694 8
    endloop
  endfacet
  facet normal -0.336994 -0.941507 0
    outer loop
      vertex 3.48342 11.4833 8
      vertex 4 11.2984 16.735
      vertex 3.48342 11.4833 16.735
    endloop
  endfacet
  facet normal -0.336994 -0.941507 -0
    outer loop
      vertex 4 11.2984 16.735
      vertex 3.48342 11.4833 8
      vertex 4 11.2984 8
    endloop
  endfacet
  facet normal -0.242947 -0.97004 0
    outer loop
      vertex 2.34108 11.7694 8
      vertex 3.48342 11.4833 16.735
      vertex 2.34108 11.7694 16.735
    endloop
  endfacet
  facet normal -0.242947 -0.97004 -0
    outer loop
      vertex 3.48342 11.4833 16.735
      vertex 2.34108 11.7694 8
      vertex 3.48342 11.4833 8
    endloop
  endfacet
  facet normal 0.0490817 -0.998795 0
    outer loop
      vertex -1.17621 11.9422 8
      vertex 0 12 16.735
      vertex -1.17621 11.9422 16.735
    endloop
  endfacet
  facet normal 0.0490817 -0.998795 0
    outer loop
      vertex 0 12 16.735
      vertex -1.17621 11.9422 8
      vertex 0 12 8
    endloop
  endfacet
  facet normal 0.336994 -0.941507 0
    outer loop
      vertex -4 11.2984 8
      vertex -3.48342 11.4833 16.735
      vertex -4 11.2984 16.735
    endloop
  endfacet
  facet normal 0.336994 -0.941507 0
    outer loop
      vertex -3.48342 11.4833 16.735
      vertex -4 11.2984 8
      vertex -3.48342 11.4833 8
    endloop
  endfacet
  facet normal -0.989176 0.146737 0
    outer loop
      vertex 39.7694 -2.34108 26.2734
      vertex 39.9422 -1.17621 8
      vertex 39.7694 -2.34108 8
    endloop
  endfacet
  facet normal -0.989176 0.146737 0
    outer loop
      vertex 39.9422 -1.17621 8
      vertex 39.7694 -2.34108 26.2734
      vertex 39.9422 -1.17621 26.43
    endloop
  endfacet
  facet normal -0.998795 0.0490817 0
    outer loop
      vertex 39.9422 -1.17621 26.43
      vertex 40 0 8
      vertex 39.9422 -1.17621 8
    endloop
  endfacet
  facet normal -0.998795 0.0490817 0
    outer loop
      vertex 40 0 8
      vertex 39.9422 -1.17621 26.43
      vertex 40 0 26.4824
    endloop
  endfacet
  facet normal -0.970212 0.242256 0
    outer loop
      vertex 39.7694 -2.34108 8
      vertex 39.747 -2.43079 26.253
      vertex 39.7694 -2.34108 26.2734
    endloop
  endfacet
  facet normal -0.97004 0.242947 0
    outer loop
      vertex 39.4833 -3.48342 25.9621
      vertex 39.7694 -2.34108 8
      vertex 39.4833 -3.48342 8
    endloop
  endfacet
  facet normal -0.970025 0.243005 3.91317e-06
    outer loop
      vertex 39.7694 -2.34108 8
      vertex 39.4833 -3.48342 25.9621
      vertex 39.747 -2.43079 26.253
    endloop
  endfacet
  facet normal -0.803213 0.595693 0
    outer loop
      vertex 37.2761 -7.61272 22.942
      vertex 37.9776 -6.66684 24.1015
      vertex 37.9776 -6.66684 8
    endloop
  endfacet
  facet normal -0.803213 0.595693 0
    outer loop
      vertex 37.2761 -7.61272 22.942
      vertex 37.9776 -6.66684 8
      vertex 37.2761 -7.61272 8
    endloop
  endfacet
  facet normal -0.805234 0.592947 0.00346214
    outer loop
      vertex 37.9776 -6.66684 24.1015
      vertex 37.2761 -7.61272 22.942
      vertex 37.9437 -6.71261 24.0558
    endloop
  endfacet
  facet normal -0.740969 0.671539 0
    outer loop
      vertex 36.4853 -8.48528 21.2178
      vertex 37.2761 -7.61272 22.942
      vertex 37.2761 -7.61272 8
    endloop
  endfacet
  facet normal -0.740346 0.672226 -0.000633486
    outer loop
      vertex 36.6037 -8.35457 21.5489
      vertex 37.2761 -7.61272 22.942
      vertex 36.4853 -8.48528 21.2178
    endloop
  endfacet
  facet normal -0.740969 0.671539 0
    outer loop
      vertex 36.4853 -8.48528 21.2178
      vertex 37.2761 -7.61272 8
      vertex 36.4853 -8.48528 8
    endloop
  endfacet
  facet normal -0.740444 0.672118 -0.000528174
    outer loop
      vertex 37.2761 -7.61272 22.942
      vertex 36.6037 -8.35457 21.5489
      vertex 37.2121 -7.68331 22.8353
    endloop
  endfacet
  facet normal -0.998795 -0.0490817 0
    outer loop
      vertex 40 0 8
      vertex 39.9422 1.17621 26.43
      vertex 39.9422 1.17621 8
    endloop
  endfacet
  facet normal -0.998795 -0.0490817 0
    outer loop
      vertex 39.9422 1.17621 26.43
      vertex 40 0 8
      vertex 40 0 26.4824
    endloop
  endfacet
  facet normal -0.803213 -0.595693 0
    outer loop
      vertex 37.9776 6.66684 8
      vertex 37.2761 7.61272 22.942
      vertex 37.2761 7.61272 8
    endloop
  endfacet
  facet normal -0.803213 -0.595693 -0
    outer loop
      vertex 37.9776 6.66684 24.1015
      vertex 37.2761 7.61272 22.942
      vertex 37.9776 6.66684 8
    endloop
  endfacet
  facet normal -0.805234 -0.592947 0.00346214
    outer loop
      vertex 37.2761 7.61272 22.942
      vertex 37.9776 6.66684 24.1015
      vertex 37.9437 6.71261 24.0558
    endloop
  endfacet
  facet normal -0.903989 -0.427556 0
    outer loop
      vertex 39.0866 4.5922 8
      vertex 38.5831 5.65676 24.9179
      vertex 38.5831 5.65676 8
    endloop
  endfacet
  facet normal -0.903989 -0.427556 -0
    outer loop
      vertex 39.0866 4.5922 25.5244
      vertex 38.5831 5.65676 24.9179
      vertex 39.0866 4.5922 8
    endloop
  endfacet
  facet normal -0.903359 -0.428875 -0.00283867
    outer loop
      vertex 38.5831 5.65676 24.9179
      vertex 39.0866 4.5922 25.5244
      vertex 38.7913 5.21636 25.1987
    endloop
  endfacet
  facet normal -0.903989 0.427556 0
    outer loop
      vertex 38.5831 -5.65676 24.9179
      vertex 39.0866 -4.5922 25.5244
      vertex 39.0866 -4.5922 8
    endloop
  endfacet
  facet normal -0.903989 0.427556 0
    outer loop
      vertex 38.5831 -5.65676 24.9179
      vertex 39.0866 -4.5922 8
      vertex 38.5831 -5.65676 8
    endloop
  endfacet
  facet normal -0.903359 0.428875 -0.00283867
    outer loop
      vertex 39.0866 -4.5922 25.5244
      vertex 38.5831 -5.65676 24.9179
      vertex 38.7913 -5.21636 25.1987
    endloop
  endfacet
  facet normal -0.671755 -0.740774 0.000113406
    outer loop
      vertex 35.7786 9.12577 18.8288
      vertex 36.4853 8.48528 21.2178
      vertex 36.1244 8.8124 20.2091
    endloop
  endfacet
  facet normal -0.671562 -0.740949 9.30045e-06
    outer loop
      vertex 35.6127 9.27612 17.7104
      vertex 36.4853 8.48528 21.2178
      vertex 35.7786 9.12577 18.8288
    endloop
  endfacet
  facet normal -0.671541 -0.740967 0
    outer loop
      vertex 36.4853 8.48528 8
      vertex 35.6127 9.27612 17.7104
      vertex 35.6127 9.27612 8
    endloop
  endfacet
  facet normal -0.671541 -0.740967 0
    outer loop
      vertex 35.6127 9.27612 17.7104
      vertex 36.4853 8.48528 8
      vertex 36.4853 8.48528 21.2178
    endloop
  endfacet
  facet normal -0.941552 0.336869 0
    outer loop
      vertex 39.0866 -4.5922 25.5244
      vertex 39.4833 -3.48342 8
      vertex 39.0866 -4.5922 8
    endloop
  endfacet
  facet normal -0.941552 0.336869 0
    outer loop
      vertex 39.4833 -3.48342 8
      vertex 39.0866 -4.5922 25.5244
      vertex 39.4833 -3.48342 25.9621
    endloop
  endfacet
  facet normal -0.59571 0.8032 -6.42035e-06
    outer loop
      vertex 35.6127 -9.27612 17.7104
      vertex 35.5 -9.35972 16
      vertex 35.5698 -9.30794 17.4212
    endloop
  endfacet
  facet normal -0.595773 0.803153 0
    outer loop
      vertex 35.6127 -9.27612 8
      vertex 35.5 -9.35972 16
      vertex 35.6127 -9.27612 17.7104
    endloop
  endfacet
  facet normal -0.595773 0.803153 0
    outer loop
      vertex 35.5 -9.35972 16
      vertex 35.6127 -9.27612 8
      vertex 35.5 -9.35972 8
    endloop
  endfacet
  facet normal -0.857698 -0.514154 0
    outer loop
      vertex 38.5831 5.65676 8
      vertex 37.9776 6.66684 24.1015
      vertex 37.9776 6.66684 8
    endloop
  endfacet
  facet normal -0.857698 -0.514154 0
    outer loop
      vertex 37.9776 6.66684 24.1015
      vertex 38.5831 5.65676 8
      vertex 38.5831 5.65676 24.9179
    endloop
  endfacet
  facet normal -0.97004 -0.242947 0
    outer loop
      vertex 39.7694 2.34108 8
      vertex 39.4833 3.48342 25.9621
      vertex 39.4833 3.48342 8
    endloop
  endfacet
  facet normal -0.970025 -0.243005 3.91317e-06
    outer loop
      vertex 39.4833 3.48342 25.9621
      vertex 39.7694 2.34108 8
      vertex 39.747 2.43079 26.253
    endloop
  endfacet
  facet normal -0.970212 -0.242256 0
    outer loop
      vertex 39.747 2.43079 26.253
      vertex 39.7694 2.34108 8
      vertex 39.7694 2.34108 26.2734
    endloop
  endfacet
  facet normal -0.989176 -0.146737 0
    outer loop
      vertex 39.9422 1.17621 8
      vertex 39.7694 2.34108 26.2734
      vertex 39.7694 2.34108 8
    endloop
  endfacet
  facet normal -0.989176 -0.146737 0
    outer loop
      vertex 39.7694 2.34108 26.2734
      vertex 39.9422 1.17621 8
      vertex 39.9422 1.17621 26.43
    endloop
  endfacet
  facet normal -0.740969 -0.671539 0
    outer loop
      vertex 37.2761 7.61272 8
      vertex 36.4853 8.48528 21.2178
      vertex 36.4853 8.48528 8
    endloop
  endfacet
  facet normal -0.740969 -0.671539 -0
    outer loop
      vertex 37.2761 7.61272 22.942
      vertex 36.4853 8.48528 21.2178
      vertex 37.2761 7.61272 8
    endloop
  endfacet
  facet normal -0.740346 -0.672226 -0.000633486
    outer loop
      vertex 36.4853 8.48528 21.2178
      vertex 37.2761 7.61272 22.942
      vertex 36.6037 8.35457 21.5489
    endloop
  endfacet
  facet normal -0.740444 -0.672118 -0.000528174
    outer loop
      vertex 36.6037 8.35457 21.5489
      vertex 37.2761 7.61272 22.942
      vertex 37.2121 7.68331 22.8353
    endloop
  endfacet
  facet normal -0.857698 0.514154 0
    outer loop
      vertex 37.9776 -6.66684 24.1015
      vertex 38.5831 -5.65676 8
      vertex 37.9776 -6.66684 8
    endloop
  endfacet
  facet normal -0.857698 0.514154 0
    outer loop
      vertex 38.5831 -5.65676 8
      vertex 37.9776 -6.66684 24.1015
      vertex 38.5831 -5.65676 24.9179
    endloop
  endfacet
  facet normal -0.941552 -0.336869 0
    outer loop
      vertex 39.4833 3.48342 8
      vertex 39.0866 4.5922 25.5244
      vertex 39.0866 4.5922 8
    endloop
  endfacet
  facet normal -0.941552 -0.336869 0
    outer loop
      vertex 39.0866 4.5922 25.5244
      vertex 39.4833 3.48342 8
      vertex 39.4833 3.48342 25.9621
    endloop
  endfacet
  facet normal -0.671755 0.740774 0.000113406
    outer loop
      vertex 36.4853 -8.48528 21.2178
      vertex 35.7786 -9.12577 18.8288
      vertex 36.1244 -8.8124 20.2091
    endloop
  endfacet
  facet normal -0.671562 0.740949 9.30045e-06
    outer loop
      vertex 36.4853 -8.48528 21.2178
      vertex 35.6127 -9.27612 17.7104
      vertex 35.7786 -9.12577 18.8288
    endloop
  endfacet
  facet normal -0.671541 0.740967 0
    outer loop
      vertex 36.4853 -8.48528 8
      vertex 35.6127 -9.27612 17.7104
      vertex 36.4853 -8.48528 21.2178
    endloop
  endfacet
  facet normal -0.671541 0.740967 0
    outer loop
      vertex 35.6127 -9.27612 17.7104
      vertex 36.4853 -8.48528 8
      vertex 35.6127 -9.27612 8
    endloop
  endfacet
  facet normal -0.59571 -0.8032 -6.42035e-06
    outer loop
      vertex 35.5 9.35972 16
      vertex 35.6127 9.27612 17.7104
      vertex 35.5698 9.30794 17.4212
    endloop
  endfacet
  facet normal -0.595773 -0.803153 0
    outer loop
      vertex 35.6127 9.27612 8
      vertex 35.5 9.35972 16
      vertex 35.5 9.35972 8
    endloop
  endfacet
  facet normal -0.595773 -0.803153 0
    outer loop
      vertex 35.5 9.35972 16
      vertex 35.6127 9.27612 8
      vertex 35.6127 9.27612 17.7104
    endloop
  endfacet
  facet normal -0.989185 0.146675 0
    outer loop
      vertex -24.7634 -0.643798 0
      vertex -24.7159 -0.323456 8
      vertex -24.7159 -0.323456 0
    endloop
  endfacet
  facet normal -0.989185 0.146675 0
    outer loop
      vertex -24.7159 -0.323456 8
      vertex -24.7634 -0.643798 0
      vertex -24.7634 -0.643798 8
    endloop
  endfacet
  facet normal -0.998794 0.0490973 0
    outer loop
      vertex -24.7159 -0.323456 0
      vertex -24.7 0 8
      vertex -24.7 0 0
    endloop
  endfacet
  facet normal -0.998794 0.0490973 0
    outer loop
      vertex -24.7 0 8
      vertex -24.7159 -0.323456 0
      vertex -24.7159 -0.323456 8
    endloop
  endfacet
  facet normal -0.970023 0.243014 0
    outer loop
      vertex -24.8421 -0.957939 0
      vertex -24.7634 -0.643798 8
      vertex -24.7634 -0.643798 0
    endloop
  endfacet
  facet normal -0.970023 0.243014 0
    outer loop
      vertex -24.7634 -0.643798 8
      vertex -24.8421 -0.957939 0
      vertex -24.8421 -0.957939 8
    endloop
  endfacet
  facet normal 0.970023 -0.243014 0
    outer loop
      vertex -31.2366 0.643798 8
      vertex -31.1579 0.957939 0
      vertex -31.1579 0.957939 8
    endloop
  endfacet
  facet normal 0.970023 -0.243014 0
    outer loop
      vertex -31.1579 0.957939 0
      vertex -31.2366 0.643798 8
      vertex -31.2366 0.643798 0
    endloop
  endfacet
  facet normal -0.514064 -0.857752 0
    outer loop
      vertex -26.4444 2.91034 0
      vertex -26.1666 2.74385 8
      vertex -26.4444 2.91034 8
    endloop
  endfacet
  facet normal -0.514064 -0.857752 -0
    outer loop
      vertex -26.1666 2.74385 8
      vertex -26.4444 2.91034 0
      vertex -26.1666 2.74385 0
    endloop
  endfacet
  facet normal -0.741071 -0.671427 0
    outer loop
      vertex -25.4491 2.0935 0
      vertex -25.6665 2.33345 8
      vertex -25.6665 2.33345 0
    endloop
  endfacet
  facet normal -0.741071 -0.671427 0
    outer loop
      vertex -25.6665 2.33345 8
      vertex -25.4491 2.0935 0
      vertex -25.4491 2.0935 8
    endloop
  endfacet
  facet normal -0.803087 -0.595862 0
    outer loop
      vertex -25.2561 1.83338 0
      vertex -25.4491 2.0935 8
      vertex -25.4491 2.0935 0
    endloop
  endfacet
  facet normal -0.803087 -0.595862 0
    outer loop
      vertex -25.4491 2.0935 8
      vertex -25.2561 1.83338 0
      vertex -25.2561 1.83338 8
    endloop
  endfacet
  facet normal -0.671486 0.741018 0
    outer loop
      vertex -25.6665 -2.33345 0
      vertex -25.9065 -2.55093 8
      vertex -25.6665 -2.33345 8
    endloop
  endfacet
  facet normal -0.671486 0.741018 0
    outer loop
      vertex -25.9065 -2.55093 8
      vertex -25.6665 -2.33345 0
      vertex -25.9065 -2.55093 0
    endloop
  endfacet
  facet normal -0.514064 0.857752 0
    outer loop
      vertex -26.1666 -2.74385 0
      vertex -26.4444 -2.91034 8
      vertex -26.1666 -2.74385 8
    endloop
  endfacet
  facet normal -0.514064 0.857752 0
    outer loop
      vertex -26.4444 -2.91034 8
      vertex -26.1666 -2.74385 0
      vertex -26.4444 -2.91034 0
    endloop
  endfacet
  facet normal 0.741071 -0.671427 0
    outer loop
      vertex -30.5509 2.0935 8
      vertex -30.3335 2.33345 0
      vertex -30.3335 2.33345 8
    endloop
  endfacet
  facet normal 0.741071 -0.671427 0
    outer loop
      vertex -30.3335 2.33345 0
      vertex -30.5509 2.0935 8
      vertex -30.5509 2.0935 0
    endloop
  endfacet
  facet normal 0.146755 0.989173 -0
    outer loop
      vertex -28.3235 -3.28411 0
      vertex -28.6438 -3.23659 8
      vertex -28.3235 -3.28411 8
    endloop
  endfacet
  facet normal 0.146755 0.989173 0
    outer loop
      vertex -28.6438 -3.23659 8
      vertex -28.3235 -3.28411 0
      vertex -28.6438 -3.23659 0
    endloop
  endfacet
  facet normal 0.671486 -0.741018 0
    outer loop
      vertex -30.3335 2.33345 0
      vertex -30.0935 2.55093 8
      vertex -30.3335 2.33345 8
    endloop
  endfacet
  facet normal 0.671486 -0.741018 0
    outer loop
      vertex -30.0935 2.55093 8
      vertex -30.3335 2.33345 0
      vertex -30.0935 2.55093 0
    endloop
  endfacet
  facet normal -0.941543 0.336893 0
    outer loop
      vertex -24.9512 -1.26285 0
      vertex -24.8421 -0.957939 8
      vertex -24.8421 -0.957939 0
    endloop
  endfacet
  facet normal -0.941543 0.336893 0
    outer loop
      vertex -24.8421 -0.957939 8
      vertex -24.9512 -1.26285 0
      vertex -24.9512 -1.26285 8
    endloop
  endfacet
  facet normal 0.0490599 0.998796 -0
    outer loop
      vertex -28 -3.3 0
      vertex -28.3235 -3.28411 8
      vertex -28 -3.3 8
    endloop
  endfacet
  facet normal 0.0490599 0.998796 0
    outer loop
      vertex -28.3235 -3.28411 8
      vertex -28 -3.3 0
      vertex -28.3235 -3.28411 0
    endloop
  endfacet
  facet normal -0.427614 -0.903962 0
    outer loop
      vertex -26.7371 3.0488 0
      vertex -26.4444 2.91034 8
      vertex -26.7371 3.0488 8
    endloop
  endfacet
  facet normal -0.427614 -0.903962 -0
    outer loop
      vertex -26.4444 2.91034 8
      vertex -26.7371 3.0488 0
      vertex -26.4444 2.91034 0
    endloop
  endfacet
  facet normal -0.427614 0.903962 0
    outer loop
      vertex -26.4444 -2.91034 0
      vertex -26.7371 -3.0488 8
      vertex -26.4444 -2.91034 8
    endloop
  endfacet
  facet normal -0.427614 0.903962 0
    outer loop
      vertex -26.7371 -3.0488 8
      vertex -26.4444 -2.91034 0
      vertex -26.7371 -3.0488 0
    endloop
  endfacet
  facet normal 0.671486 0.741018 -0
    outer loop
      vertex -30.0935 -2.55093 0
      vertex -30.3335 -2.33345 8
      vertex -30.0935 -2.55093 8
    endloop
  endfacet
  facet normal 0.671486 0.741018 0
    outer loop
      vertex -30.3335 -2.33345 8
      vertex -30.0935 -2.55093 0
      vertex -30.3335 -2.33345 0
    endloop
  endfacet
  facet normal -0.671486 -0.741018 0
    outer loop
      vertex -25.9065 2.55093 0
      vertex -25.6665 2.33345 8
      vertex -25.9065 2.55093 8
    endloop
  endfacet
  facet normal -0.671486 -0.741018 -0
    outer loop
      vertex -25.6665 2.33345 8
      vertex -25.9065 2.55093 0
      vertex -25.6665 2.33345 0
    endloop
  endfacet
  facet normal -0.0490599 -0.998796 0
    outer loop
      vertex -28 3.3 0
      vertex -27.6765 3.28411 8
      vertex -28 3.3 8
    endloop
  endfacet
  facet normal -0.0490599 -0.998796 -0
    outer loop
      vertex -27.6765 3.28411 8
      vertex -28 3.3 0
      vertex -27.6765 3.28411 0
    endloop
  endfacet
  facet normal -0.595733 -0.803183 0
    outer loop
      vertex -26.1666 2.74385 0
      vertex -25.9065 2.55093 8
      vertex -26.1666 2.74385 8
    endloop
  endfacet
  facet normal -0.595733 -0.803183 -0
    outer loop
      vertex -25.9065 2.55093 8
      vertex -26.1666 2.74385 0
      vertex -25.9065 2.55093 0
    endloop
  endfacet
  facet normal -0.998794 -0.0490973 0
    outer loop
      vertex -24.7 0 0
      vertex -24.7159 0.323456 8
      vertex -24.7159 0.323456 0
    endloop
  endfacet
  facet normal -0.998794 -0.0490973 0
    outer loop
      vertex -24.7159 0.323456 8
      vertex -24.7 0 0
      vertex -24.7 0 8
    endloop
  endfacet
  facet normal 0.595733 -0.803183 0
    outer loop
      vertex -30.0935 2.55093 0
      vertex -29.8334 2.74385 8
      vertex -30.0935 2.55093 8
    endloop
  endfacet
  facet normal 0.595733 -0.803183 0
    outer loop
      vertex -29.8334 2.74385 8
      vertex -30.0935 2.55093 0
      vertex -29.8334 2.74385 0
    endloop
  endfacet
  facet normal 0.595733 0.803183 -0
    outer loop
      vertex -29.8334 -2.74385 0
      vertex -30.0935 -2.55093 8
      vertex -29.8334 -2.74385 8
    endloop
  endfacet
  facet normal 0.595733 0.803183 0
    outer loop
      vertex -30.0935 -2.55093 8
      vertex -29.8334 -2.74385 0
      vertex -30.0935 -2.55093 0
    endloop
  endfacet
  facet normal -0.595733 0.803183 0
    outer loop
      vertex -25.9065 -2.55093 0
      vertex -26.1666 -2.74385 8
      vertex -25.9065 -2.55093 8
    endloop
  endfacet
  facet normal -0.595733 0.803183 0
    outer loop
      vertex -26.1666 -2.74385 8
      vertex -25.9065 -2.55093 0
      vertex -26.1666 -2.74385 0
    endloop
  endfacet
  facet normal -0.941543 -0.336893 0
    outer loop
      vertex -24.8421 0.957939 0
      vertex -24.9512 1.26285 8
      vertex -24.9512 1.26285 0
    endloop
  endfacet
  facet normal -0.941543 -0.336893 0
    outer loop
      vertex -24.9512 1.26285 8
      vertex -24.8421 0.957939 0
      vertex -24.8421 0.957939 8
    endloop
  endfacet
  facet normal -0.243015 -0.970022 0
    outer loop
      vertex -27.3562 3.23659 0
      vertex -27.0421 3.1579 8
      vertex -27.3562 3.23659 8
    endloop
  endfacet
  facet normal -0.243015 -0.970022 -0
    outer loop
      vertex -27.0421 3.1579 8
      vertex -27.3562 3.23659 0
      vertex -27.0421 3.1579 0
    endloop
  endfacet
  facet normal -0.989185 -0.146675 0
    outer loop
      vertex -24.7159 0.323456 0
      vertex -24.7634 0.643798 8
      vertex -24.7634 0.643798 0
    endloop
  endfacet
  facet normal -0.989185 -0.146675 0
    outer loop
      vertex -24.7634 0.643798 8
      vertex -24.7159 0.323456 0
      vertex -24.7159 0.323456 8
    endloop
  endfacet
  facet normal 0.857714 0.514128 0
    outer loop
      vertex -30.7438 -1.83338 8
      vertex -30.9103 -1.55561 0
      vertex -30.9103 -1.55561 8
    endloop
  endfacet
  facet normal 0.857714 0.514128 0
    outer loop
      vertex -30.9103 -1.55561 0
      vertex -30.7438 -1.83338 8
      vertex -30.7438 -1.83338 0
    endloop
  endfacet
  facet normal 0.514064 0.857752 -0
    outer loop
      vertex -29.5556 -2.91034 0
      vertex -29.8334 -2.74385 8
      vertex -29.5556 -2.91034 8
    endloop
  endfacet
  facet normal 0.514064 0.857752 0
    outer loop
      vertex -29.8334 -2.74385 8
      vertex -29.5556 -2.91034 0
      vertex -29.8334 -2.74385 0
    endloop
  endfacet
  facet normal 0.998794 -0.0490973 0
    outer loop
      vertex -31.3 0 8
      vertex -31.2841 0.323456 0
      vertex -31.2841 0.323456 8
    endloop
  endfacet
  facet normal 0.998794 -0.0490973 0
    outer loop
      vertex -31.2841 0.323456 0
      vertex -31.3 0 8
      vertex -31.3 0 0
    endloop
  endfacet
  facet normal 0.941543 0.336893 0
    outer loop
      vertex -31.0488 -1.26285 8
      vertex -31.1579 -0.957939 0
      vertex -31.1579 -0.957939 8
    endloop
  endfacet
  facet normal 0.941543 0.336893 0
    outer loop
      vertex -31.1579 -0.957939 0
      vertex -31.0488 -1.26285 8
      vertex -31.0488 -1.26285 0
    endloop
  endfacet
  facet normal 0.857714 -0.514128 0
    outer loop
      vertex -30.9103 1.55561 8
      vertex -30.7438 1.83338 0
      vertex -30.7438 1.83338 8
    endloop
  endfacet
  facet normal 0.857714 -0.514128 0
    outer loop
      vertex -30.7438 1.83338 0
      vertex -30.9103 1.55561 8
      vertex -30.9103 1.55561 0
    endloop
  endfacet
  facet normal -0.0490599 0.998796 0
    outer loop
      vertex -27.6765 -3.28411 0
      vertex -28 -3.3 8
      vertex -27.6765 -3.28411 8
    endloop
  endfacet
  facet normal -0.0490599 0.998796 0
    outer loop
      vertex -28 -3.3 8
      vertex -27.6765 -3.28411 0
      vertex -28 -3.3 0
    endloop
  endfacet
  facet normal -0.970023 -0.243014 0
    outer loop
      vertex -24.7634 0.643798 0
      vertex -24.8421 0.957939 8
      vertex -24.8421 0.957939 0
    endloop
  endfacet
  facet normal -0.970023 -0.243014 0
    outer loop
      vertex -24.8421 0.957939 8
      vertex -24.7634 0.643798 0
      vertex -24.7634 0.643798 8
    endloop
  endfacet
  facet normal 0.970023 0.243014 0
    outer loop
      vertex -31.1579 -0.957939 8
      vertex -31.2366 -0.643798 0
      vertex -31.2366 -0.643798 8
    endloop
  endfacet
  facet normal 0.970023 0.243014 0
    outer loop
      vertex -31.2366 -0.643798 0
      vertex -31.1579 -0.957939 8
      vertex -31.1579 -0.957939 0
    endloop
  endfacet
  facet normal 0.989185 -0.146675 0
    outer loop
      vertex -31.2841 0.323456 8
      vertex -31.2366 0.643798 0
      vertex -31.2366 0.643798 8
    endloop
  endfacet
  facet normal 0.989185 -0.146675 0
    outer loop
      vertex -31.2366 0.643798 0
      vertex -31.2841 0.323456 8
      vertex -31.2841 0.323456 0
    endloop
  endfacet
  facet normal -0.903948 -0.427643 0
    outer loop
      vertex -24.9512 1.26285 0
      vertex -25.0897 1.55561 8
      vertex -25.0897 1.55561 0
    endloop
  endfacet
  facet normal -0.903948 -0.427643 0
    outer loop
      vertex -25.0897 1.55561 8
      vertex -24.9512 1.26285 0
      vertex -24.9512 1.26285 8
    endloop
  endfacet
  facet normal 0.941543 -0.336893 0
    outer loop
      vertex -31.1579 0.957939 8
      vertex -31.0488 1.26285 0
      vertex -31.0488 1.26285 8
    endloop
  endfacet
  facet normal 0.941543 -0.336893 0
    outer loop
      vertex -31.0488 1.26285 0
      vertex -31.1579 0.957939 8
      vertex -31.1579 0.957939 0
    endloop
  endfacet
  facet normal -0.336806 -0.941574 0
    outer loop
      vertex -27.0421 3.1579 0
      vertex -26.7371 3.0488 8
      vertex -27.0421 3.1579 8
    endloop
  endfacet
  facet normal -0.336806 -0.941574 -0
    outer loop
      vertex -26.7371 3.0488 8
      vertex -27.0421 3.1579 0
      vertex -26.7371 3.0488 0
    endloop
  endfacet
  facet normal 0.336806 0.941574 -0
    outer loop
      vertex -28.9579 -3.1579 0
      vertex -29.2629 -3.0488 8
      vertex -28.9579 -3.1579 8
    endloop
  endfacet
  facet normal 0.336806 0.941574 0
    outer loop
      vertex -29.2629 -3.0488 8
      vertex -28.9579 -3.1579 0
      vertex -29.2629 -3.0488 0
    endloop
  endfacet
  facet normal 0.243015 -0.970022 0
    outer loop
      vertex -28.9579 3.1579 0
      vertex -28.6438 3.23659 8
      vertex -28.9579 3.1579 8
    endloop
  endfacet
  facet normal 0.243015 -0.970022 0
    outer loop
      vertex -28.6438 3.23659 8
      vertex -28.9579 3.1579 0
      vertex -28.6438 3.23659 0
    endloop
  endfacet
  facet normal -0.146755 -0.989173 0
    outer loop
      vertex -27.6765 3.28411 0
      vertex -27.3562 3.23659 8
      vertex -27.6765 3.28411 8
    endloop
  endfacet
  facet normal -0.146755 -0.989173 -0
    outer loop
      vertex -27.3562 3.23659 8
      vertex -27.6765 3.28411 0
      vertex -27.3562 3.23659 0
    endloop
  endfacet
  facet normal -0.803087 0.595862 0
    outer loop
      vertex -25.4491 -2.0935 0
      vertex -25.2561 -1.83338 8
      vertex -25.2561 -1.83338 0
    endloop
  endfacet
  facet normal -0.803087 0.595862 0
    outer loop
      vertex -25.2561 -1.83338 8
      vertex -25.4491 -2.0935 0
      vertex -25.4491 -2.0935 8
    endloop
  endfacet
  facet normal 0.803234 -0.595663 0
    outer loop
      vertex -30.7438 1.83338 8
      vertex -30.5509 2.0935 0
      vertex -30.5509 2.0935 8
    endloop
  endfacet
  facet normal 0.803234 -0.595663 0
    outer loop
      vertex -30.5509 2.0935 0
      vertex -30.7438 1.83338 8
      vertex -30.7438 1.83338 0
    endloop
  endfacet
  facet normal 0.741071 0.671427 0
    outer loop
      vertex -30.3335 -2.33345 8
      vertex -30.5509 -2.0935 0
      vertex -30.5509 -2.0935 8
    endloop
  endfacet
  facet normal 0.741071 0.671427 0
    outer loop
      vertex -30.5509 -2.0935 0
      vertex -30.3335 -2.33345 8
      vertex -30.3335 -2.33345 0
    endloop
  endfacet
  facet normal 0.146755 -0.989173 0
    outer loop
      vertex -28.6438 3.23659 0
      vertex -28.3235 3.28411 8
      vertex -28.6438 3.23659 8
    endloop
  endfacet
  facet normal 0.146755 -0.989173 0
    outer loop
      vertex -28.3235 3.28411 8
      vertex -28.6438 3.23659 0
      vertex -28.3235 3.28411 0
    endloop
  endfacet
  facet normal -0.903948 0.427643 0
    outer loop
      vertex -25.0897 -1.55561 0
      vertex -24.9512 -1.26285 8
      vertex -24.9512 -1.26285 0
    endloop
  endfacet
  facet normal -0.903948 0.427643 0
    outer loop
      vertex -24.9512 -1.26285 8
      vertex -25.0897 -1.55561 0
      vertex -25.0897 -1.55561 8
    endloop
  endfacet
  facet normal -0.85785 -0.513901 0
    outer loop
      vertex -25.0897 1.55561 0
      vertex -25.2561 1.83338 8
      vertex -25.2561 1.83338 0
    endloop
  endfacet
  facet normal -0.85785 -0.513901 0
    outer loop
      vertex -25.2561 1.83338 8
      vertex -25.0897 1.55561 0
      vertex -25.0897 1.55561 8
    endloop
  endfacet
  facet normal -0.146755 0.989173 0
    outer loop
      vertex -27.3562 -3.23659 0
      vertex -27.6765 -3.28411 8
      vertex -27.3562 -3.23659 8
    endloop
  endfacet
  facet normal -0.146755 0.989173 0
    outer loop
      vertex -27.6765 -3.28411 8
      vertex -27.3562 -3.23659 0
      vertex -27.6765 -3.28411 0
    endloop
  endfacet
  facet normal -0.336806 0.941574 0
    outer loop
      vertex -26.7371 -3.0488 0
      vertex -27.0421 -3.1579 8
      vertex -26.7371 -3.0488 8
    endloop
  endfacet
  facet normal -0.336806 0.941574 0
    outer loop
      vertex -27.0421 -3.1579 8
      vertex -26.7371 -3.0488 0
      vertex -27.0421 -3.1579 0
    endloop
  endfacet
  facet normal 0.427614 0.903962 -0
    outer loop
      vertex -29.2629 -3.0488 0
      vertex -29.5556 -2.91034 8
      vertex -29.2629 -3.0488 8
    endloop
  endfacet
  facet normal 0.427614 0.903962 0
    outer loop
      vertex -29.5556 -2.91034 8
      vertex -29.2629 -3.0488 0
      vertex -29.5556 -2.91034 0
    endloop
  endfacet
  facet normal 0.336806 -0.941574 0
    outer loop
      vertex -29.2629 3.0488 0
      vertex -28.9579 3.1579 8
      vertex -29.2629 3.0488 8
    endloop
  endfacet
  facet normal 0.336806 -0.941574 0
    outer loop
      vertex -28.9579 3.1579 8
      vertex -29.2629 3.0488 0
      vertex -28.9579 3.1579 0
    endloop
  endfacet
  facet normal -0.85785 0.513901 0
    outer loop
      vertex -25.2561 -1.83338 0
      vertex -25.0897 -1.55561 8
      vertex -25.0897 -1.55561 0
    endloop
  endfacet
  facet normal -0.85785 0.513901 0
    outer loop
      vertex -25.0897 -1.55561 8
      vertex -25.2561 -1.83338 0
      vertex -25.2561 -1.83338 8
    endloop
  endfacet
  facet normal 0.903948 -0.427643 0
    outer loop
      vertex -31.0488 1.26285 8
      vertex -30.9103 1.55561 0
      vertex -30.9103 1.55561 8
    endloop
  endfacet
  facet normal 0.903948 -0.427643 0
    outer loop
      vertex -30.9103 1.55561 0
      vertex -31.0488 1.26285 8
      vertex -31.0488 1.26285 0
    endloop
  endfacet
  facet normal 0.243015 0.970022 -0
    outer loop
      vertex -28.6438 -3.23659 0
      vertex -28.9579 -3.1579 8
      vertex -28.6438 -3.23659 8
    endloop
  endfacet
  facet normal 0.243015 0.970022 0
    outer loop
      vertex -28.9579 -3.1579 8
      vertex -28.6438 -3.23659 0
      vertex -28.9579 -3.1579 0
    endloop
  endfacet
  facet normal 0.903948 0.427643 0
    outer loop
      vertex -30.9103 -1.55561 8
      vertex -31.0488 -1.26285 0
      vertex -31.0488 -1.26285 8
    endloop
  endfacet
  facet normal 0.903948 0.427643 0
    outer loop
      vertex -31.0488 -1.26285 0
      vertex -30.9103 -1.55561 8
      vertex -30.9103 -1.55561 0
    endloop
  endfacet
  facet normal -0.741071 0.671427 0
    outer loop
      vertex -25.6665 -2.33345 0
      vertex -25.4491 -2.0935 8
      vertex -25.4491 -2.0935 0
    endloop
  endfacet
  facet normal -0.741071 0.671427 0
    outer loop
      vertex -25.4491 -2.0935 8
      vertex -25.6665 -2.33345 0
      vertex -25.6665 -2.33345 8
    endloop
  endfacet
  facet normal 0.989185 0.146675 0
    outer loop
      vertex -31.2366 -0.643798 8
      vertex -31.2841 -0.323456 0
      vertex -31.2841 -0.323456 8
    endloop
  endfacet
  facet normal 0.989185 0.146675 0
    outer loop
      vertex -31.2841 -0.323456 0
      vertex -31.2366 -0.643798 8
      vertex -31.2366 -0.643798 0
    endloop
  endfacet
  facet normal 0.803234 0.595663 0
    outer loop
      vertex -30.5509 -2.0935 8
      vertex -30.7438 -1.83338 0
      vertex -30.7438 -1.83338 8
    endloop
  endfacet
  facet normal 0.803234 0.595663 0
    outer loop
      vertex -30.7438 -1.83338 0
      vertex -30.5509 -2.0935 8
      vertex -30.5509 -2.0935 0
    endloop
  endfacet
  facet normal -0.243015 0.970022 0
    outer loop
      vertex -27.0421 -3.1579 0
      vertex -27.3562 -3.23659 8
      vertex -27.0421 -3.1579 8
    endloop
  endfacet
  facet normal -0.243015 0.970022 0
    outer loop
      vertex -27.3562 -3.23659 8
      vertex -27.0421 -3.1579 0
      vertex -27.3562 -3.23659 0
    endloop
  endfacet
  facet normal 0.514064 -0.857752 0
    outer loop
      vertex -29.8334 2.74385 0
      vertex -29.5556 2.91034 8
      vertex -29.8334 2.74385 8
    endloop
  endfacet
  facet normal 0.514064 -0.857752 0
    outer loop
      vertex -29.5556 2.91034 8
      vertex -29.8334 2.74385 0
      vertex -29.5556 2.91034 0
    endloop
  endfacet
  facet normal 0.0490599 -0.998796 0
    outer loop
      vertex -28.3235 3.28411 0
      vertex -28 3.3 8
      vertex -28.3235 3.28411 8
    endloop
  endfacet
  facet normal 0.0490599 -0.998796 0
    outer loop
      vertex -28 3.3 8
      vertex -28.3235 3.28411 0
      vertex -28 3.3 0
    endloop
  endfacet
  facet normal 0.998794 0.0490973 0
    outer loop
      vertex -31.2841 -0.323456 8
      vertex -31.3 0 0
      vertex -31.3 0 8
    endloop
  endfacet
  facet normal 0.998794 0.0490973 0
    outer loop
      vertex -31.3 0 0
      vertex -31.2841 -0.323456 8
      vertex -31.2841 -0.323456 0
    endloop
  endfacet
  facet normal 0.427614 -0.903962 0
    outer loop
      vertex -29.5556 2.91034 0
      vertex -29.2629 3.0488 8
      vertex -29.5556 2.91034 8
    endloop
  endfacet
  facet normal 0.427614 -0.903962 0
    outer loop
      vertex -29.2629 3.0488 8
      vertex -29.5556 2.91034 0
      vertex -29.2629 3.0488 0
    endloop
  endfacet
  facet normal -0.989185 0.146675 0
    outer loop
      vertex 31.2366 -0.643798 0
      vertex 31.2841 -0.323456 8
      vertex 31.2841 -0.323456 0
    endloop
  endfacet
  facet normal -0.989185 0.146675 0
    outer loop
      vertex 31.2841 -0.323456 8
      vertex 31.2366 -0.643798 0
      vertex 31.2366 -0.643798 8
    endloop
  endfacet
  facet normal -0.998794 0.0490973 0
    outer loop
      vertex 31.2841 -0.323456 0
      vertex 31.3 0 8
      vertex 31.3 0 0
    endloop
  endfacet
  facet normal -0.998794 0.0490973 0
    outer loop
      vertex 31.3 0 8
      vertex 31.2841 -0.323456 0
      vertex 31.2841 -0.323456 8
    endloop
  endfacet
  facet normal -0.970023 0.243014 0
    outer loop
      vertex 31.1579 -0.957939 0
      vertex 31.2366 -0.643798 8
      vertex 31.2366 -0.643798 0
    endloop
  endfacet
  facet normal -0.970023 0.243014 0
    outer loop
      vertex 31.2366 -0.643798 8
      vertex 31.1579 -0.957939 0
      vertex 31.1579 -0.957939 8
    endloop
  endfacet
  facet normal 0.970023 -0.243014 0
    outer loop
      vertex 24.7634 0.643798 8
      vertex 24.8421 0.957939 0
      vertex 24.8421 0.957939 8
    endloop
  endfacet
  facet normal 0.970023 -0.243014 0
    outer loop
      vertex 24.8421 0.957939 0
      vertex 24.7634 0.643798 8
      vertex 24.7634 0.643798 0
    endloop
  endfacet
  facet normal -0.514064 -0.857752 0
    outer loop
      vertex 29.5556 2.91034 0
      vertex 29.8334 2.74385 8
      vertex 29.5556 2.91034 8
    endloop
  endfacet
  facet normal -0.514064 -0.857752 -0
    outer loop
      vertex 29.8334 2.74385 8
      vertex 29.5556 2.91034 0
      vertex 29.8334 2.74385 0
    endloop
  endfacet
  facet normal -0.741071 -0.671427 0
    outer loop
      vertex 30.5509 2.0935 0
      vertex 30.3335 2.33345 8
      vertex 30.3335 2.33345 0
    endloop
  endfacet
  facet normal -0.741071 -0.671427 0
    outer loop
      vertex 30.3335 2.33345 8
      vertex 30.5509 2.0935 0
      vertex 30.5509 2.0935 8
    endloop
  endfacet
  facet normal -0.803234 -0.595663 0
    outer loop
      vertex 30.7438 1.83338 0
      vertex 30.5509 2.0935 8
      vertex 30.5509 2.0935 0
    endloop
  endfacet
  facet normal -0.803234 -0.595663 0
    outer loop
      vertex 30.5509 2.0935 8
      vertex 30.7438 1.83338 0
      vertex 30.7438 1.83338 8
    endloop
  endfacet
  facet normal -0.671486 0.741018 0
    outer loop
      vertex 30.3335 -2.33345 0
      vertex 30.0935 -2.55093 8
      vertex 30.3335 -2.33345 8
    endloop
  endfacet
  facet normal -0.671486 0.741018 0
    outer loop
      vertex 30.0935 -2.55093 8
      vertex 30.3335 -2.33345 0
      vertex 30.0935 -2.55093 0
    endloop
  endfacet
  facet normal -0.514064 0.857752 0
    outer loop
      vertex 29.8334 -2.74385 0
      vertex 29.5556 -2.91034 8
      vertex 29.8334 -2.74385 8
    endloop
  endfacet
  facet normal -0.514064 0.857752 0
    outer loop
      vertex 29.5556 -2.91034 8
      vertex 29.8334 -2.74385 0
      vertex 29.5556 -2.91034 0
    endloop
  endfacet
  facet normal 0.741071 -0.671427 0
    outer loop
      vertex 25.4491 2.0935 8
      vertex 25.6665 2.33345 0
      vertex 25.6665 2.33345 8
    endloop
  endfacet
  facet normal 0.741071 -0.671427 0
    outer loop
      vertex 25.6665 2.33345 0
      vertex 25.4491 2.0935 8
      vertex 25.4491 2.0935 0
    endloop
  endfacet
  facet normal 0.146755 0.989173 -0
    outer loop
      vertex 27.6765 -3.28411 0
      vertex 27.3562 -3.23659 8
      vertex 27.6765 -3.28411 8
    endloop
  endfacet
  facet normal 0.146755 0.989173 0
    outer loop
      vertex 27.3562 -3.23659 8
      vertex 27.6765 -3.28411 0
      vertex 27.3562 -3.23659 0
    endloop
  endfacet
  facet normal 0.671486 -0.741018 0
    outer loop
      vertex 25.6665 2.33345 0
      vertex 25.9065 2.55093 8
      vertex 25.6665 2.33345 8
    endloop
  endfacet
  facet normal 0.671486 -0.741018 0
    outer loop
      vertex 25.9065 2.55093 8
      vertex 25.6665 2.33345 0
      vertex 25.9065 2.55093 0
    endloop
  endfacet
  facet normal -0.941543 0.336893 0
    outer loop
      vertex 31.0488 -1.26285 0
      vertex 31.1579 -0.957939 8
      vertex 31.1579 -0.957939 0
    endloop
  endfacet
  facet normal -0.941543 0.336893 0
    outer loop
      vertex 31.1579 -0.957939 8
      vertex 31.0488 -1.26285 0
      vertex 31.0488 -1.26285 8
    endloop
  endfacet
  facet normal -0.427614 -0.903962 0
    outer loop
      vertex 29.2629 3.0488 0
      vertex 29.5556 2.91034 8
      vertex 29.2629 3.0488 8
    endloop
  endfacet
  facet normal -0.427614 -0.903962 -0
    outer loop
      vertex 29.5556 2.91034 8
      vertex 29.2629 3.0488 0
      vertex 29.5556 2.91034 0
    endloop
  endfacet
  facet normal -0.427614 0.903962 0
    outer loop
      vertex 29.5556 -2.91034 0
      vertex 29.2629 -3.0488 8
      vertex 29.5556 -2.91034 8
    endloop
  endfacet
  facet normal -0.427614 0.903962 0
    outer loop
      vertex 29.2629 -3.0488 8
      vertex 29.5556 -2.91034 0
      vertex 29.2629 -3.0488 0
    endloop
  endfacet
  facet normal 0.671486 0.741018 -0
    outer loop
      vertex 25.9065 -2.55093 0
      vertex 25.6665 -2.33345 8
      vertex 25.9065 -2.55093 8
    endloop
  endfacet
  facet normal 0.671486 0.741018 0
    outer loop
      vertex 25.6665 -2.33345 8
      vertex 25.9065 -2.55093 0
      vertex 25.6665 -2.33345 0
    endloop
  endfacet
  facet normal -0.671486 -0.741018 0
    outer loop
      vertex 30.0935 2.55093 0
      vertex 30.3335 2.33345 8
      vertex 30.0935 2.55093 8
    endloop
  endfacet
  facet normal -0.671486 -0.741018 -0
    outer loop
      vertex 30.3335 2.33345 8
      vertex 30.0935 2.55093 0
      vertex 30.3335 2.33345 0
    endloop
  endfacet
  facet normal -0.0490599 -0.998796 0
    outer loop
      vertex 28 3.3 0
      vertex 28.3235 3.28411 8
      vertex 28 3.3 8
    endloop
  endfacet
  facet normal -0.0490599 -0.998796 -0
    outer loop
      vertex 28.3235 3.28411 8
      vertex 28 3.3 0
      vertex 28.3235 3.28411 0
    endloop
  endfacet
  facet normal -0.595733 -0.803183 0
    outer loop
      vertex 29.8334 2.74385 0
      vertex 30.0935 2.55093 8
      vertex 29.8334 2.74385 8
    endloop
  endfacet
  facet normal -0.595733 -0.803183 -0
    outer loop
      vertex 30.0935 2.55093 8
      vertex 29.8334 2.74385 0
      vertex 30.0935 2.55093 0
    endloop
  endfacet
  facet normal -0.998794 -0.0490973 0
    outer loop
      vertex 31.3 0 0
      vertex 31.2841 0.323456 8
      vertex 31.2841 0.323456 0
    endloop
  endfacet
  facet normal -0.998794 -0.0490973 0
    outer loop
      vertex 31.2841 0.323456 8
      vertex 31.3 0 0
      vertex 31.3 0 8
    endloop
  endfacet
  facet normal 0.595733 0.803183 -0
    outer loop
      vertex 26.1666 -2.74385 0
      vertex 25.9065 -2.55093 8
      vertex 26.1666 -2.74385 8
    endloop
  endfacet
  facet normal 0.595733 0.803183 0
    outer loop
      vertex 25.9065 -2.55093 8
      vertex 26.1666 -2.74385 0
      vertex 25.9065 -2.55093 0
    endloop
  endfacet
  facet normal -0.941543 -0.336893 0
    outer loop
      vertex 31.1579 0.957939 0
      vertex 31.0488 1.26285 8
      vertex 31.0488 1.26285 0
    endloop
  endfacet
  facet normal -0.941543 -0.336893 0
    outer loop
      vertex 31.0488 1.26285 8
      vertex 31.1579 0.957939 0
      vertex 31.1579 0.957939 8
    endloop
  endfacet
  facet normal -0.243015 -0.970022 0
    outer loop
      vertex 28.6438 3.23659 0
      vertex 28.9579 3.1579 8
      vertex 28.6438 3.23659 8
    endloop
  endfacet
  facet normal -0.243015 -0.970022 -0
    outer loop
      vertex 28.9579 3.1579 8
      vertex 28.6438 3.23659 0
      vertex 28.9579 3.1579 0
    endloop
  endfacet
  facet normal -0.989185 -0.146675 0
    outer loop
      vertex 31.2841 0.323456 0
      vertex 31.2366 0.643798 8
      vertex 31.2366 0.643798 0
    endloop
  endfacet
  facet normal -0.989185 -0.146675 0
    outer loop
      vertex 31.2366 0.643798 8
      vertex 31.2841 0.323456 0
      vertex 31.2841 0.323456 8
    endloop
  endfacet
  facet normal 0.85785 0.513901 0
    outer loop
      vertex 25.2561 -1.83338 8
      vertex 25.0897 -1.55561 0
      vertex 25.0897 -1.55561 8
    endloop
  endfacet
  facet normal 0.85785 0.513901 0
    outer loop
      vertex 25.0897 -1.55561 0
      vertex 25.2561 -1.83338 8
      vertex 25.2561 -1.83338 0
    endloop
  endfacet
  facet normal 0.514064 0.857752 -0
    outer loop
      vertex 26.4444 -2.91034 0
      vertex 26.1666 -2.74385 8
      vertex 26.4444 -2.91034 8
    endloop
  endfacet
  facet normal 0.514064 0.857752 0
    outer loop
      vertex 26.1666 -2.74385 8
      vertex 26.4444 -2.91034 0
      vertex 26.1666 -2.74385 0
    endloop
  endfacet
  facet normal 0.998794 -0.0490973 0
    outer loop
      vertex 24.7 0 8
      vertex 24.7159 0.323456 0
      vertex 24.7159 0.323456 8
    endloop
  endfacet
  facet normal 0.998794 -0.0490973 0
    outer loop
      vertex 24.7159 0.323456 0
      vertex 24.7 0 8
      vertex 24.7 0 0
    endloop
  endfacet
  facet normal 0.941543 0.336893 0
    outer loop
      vertex 24.9512 -1.26285 8
      vertex 24.8421 -0.957939 0
      vertex 24.8421 -0.957939 8
    endloop
  endfacet
  facet normal 0.941543 0.336893 0
    outer loop
      vertex 24.8421 -0.957939 0
      vertex 24.9512 -1.26285 8
      vertex 24.9512 -1.26285 0
    endloop
  endfacet
  facet normal 0.85785 -0.513901 0
    outer loop
      vertex 25.0897 1.55561 8
      vertex 25.2561 1.83338 0
      vertex 25.2561 1.83338 8
    endloop
  endfacet
  facet normal 0.85785 -0.513901 0
    outer loop
      vertex 25.2561 1.83338 0
      vertex 25.0897 1.55561 8
      vertex 25.0897 1.55561 0
    endloop
  endfacet
  facet normal -0.0490599 0.998796 0
    outer loop
      vertex 28.3235 -3.28411 0
      vertex 28 -3.3 8
      vertex 28.3235 -3.28411 8
    endloop
  endfacet
  facet normal -0.0490599 0.998796 0
    outer loop
      vertex 28 -3.3 8
      vertex 28.3235 -3.28411 0
      vertex 28 -3.3 0
    endloop
  endfacet
  facet normal -0.970023 -0.243014 0
    outer loop
      vertex 31.2366 0.643798 0
      vertex 31.1579 0.957939 8
      vertex 31.1579 0.957939 0
    endloop
  endfacet
  facet normal -0.970023 -0.243014 0
    outer loop
      vertex 31.1579 0.957939 8
      vertex 31.2366 0.643798 0
      vertex 31.2366 0.643798 8
    endloop
  endfacet
  facet normal 0.970023 0.243014 0
    outer loop
      vertex 24.8421 -0.957939 8
      vertex 24.7634 -0.643798 0
      vertex 24.7634 -0.643798 8
    endloop
  endfacet
  facet normal 0.970023 0.243014 0
    outer loop
      vertex 24.7634 -0.643798 0
      vertex 24.8421 -0.957939 8
      vertex 24.8421 -0.957939 0
    endloop
  endfacet
  facet normal 0.989185 -0.146675 0
    outer loop
      vertex 24.7159 0.323456 8
      vertex 24.7634 0.643798 0
      vertex 24.7634 0.643798 8
    endloop
  endfacet
  facet normal 0.989185 -0.146675 0
    outer loop
      vertex 24.7634 0.643798 0
      vertex 24.7159 0.323456 8
      vertex 24.7159 0.323456 0
    endloop
  endfacet
  facet normal -0.903948 -0.427643 0
    outer loop
      vertex 31.0488 1.26285 0
      vertex 30.9103 1.55561 8
      vertex 30.9103 1.55561 0
    endloop
  endfacet
  facet normal -0.903948 -0.427643 0
    outer loop
      vertex 30.9103 1.55561 8
      vertex 31.0488 1.26285 0
      vertex 31.0488 1.26285 8
    endloop
  endfacet
  facet normal 0.941543 -0.336893 0
    outer loop
      vertex 24.8421 0.957939 8
      vertex 24.9512 1.26285 0
      vertex 24.9512 1.26285 8
    endloop
  endfacet
  facet normal 0.941543 -0.336893 0
    outer loop
      vertex 24.9512 1.26285 0
      vertex 24.8421 0.957939 8
      vertex 24.8421 0.957939 0
    endloop
  endfacet
  facet normal -0.336806 -0.941574 0
    outer loop
      vertex 28.9579 3.1579 0
      vertex 29.2629 3.0488 8
      vertex 28.9579 3.1579 8
    endloop
  endfacet
  facet normal -0.336806 -0.941574 -0
    outer loop
      vertex 29.2629 3.0488 8
      vertex 28.9579 3.1579 0
      vertex 29.2629 3.0488 0
    endloop
  endfacet
  facet normal 0.336806 0.941574 -0
    outer loop
      vertex 27.0421 -3.1579 0
      vertex 26.7371 -3.0488 8
      vertex 27.0421 -3.1579 8
    endloop
  endfacet
  facet normal 0.336806 0.941574 0
    outer loop
      vertex 26.7371 -3.0488 8
      vertex 27.0421 -3.1579 0
      vertex 26.7371 -3.0488 0
    endloop
  endfacet
  facet normal 0.243015 -0.970022 0
    outer loop
      vertex 27.0421 3.1579 0
      vertex 27.3562 3.23659 8
      vertex 27.0421 3.1579 8
    endloop
  endfacet
  facet normal 0.243015 -0.970022 0
    outer loop
      vertex 27.3562 3.23659 8
      vertex 27.0421 3.1579 0
      vertex 27.3562 3.23659 0
    endloop
  endfacet
  facet normal -0.146755 -0.989173 0
    outer loop
      vertex 28.3235 3.28411 0
      vertex 28.6438 3.23659 8
      vertex 28.3235 3.28411 8
    endloop
  endfacet
  facet normal -0.146755 -0.989173 -0
    outer loop
      vertex 28.6438 3.23659 8
      vertex 28.3235 3.28411 0
      vertex 28.6438 3.23659 0
    endloop
  endfacet
  facet normal -0.803234 0.595663 0
    outer loop
      vertex 30.5509 -2.0935 0
      vertex 30.7438 -1.83338 8
      vertex 30.7438 -1.83338 0
    endloop
  endfacet
  facet normal -0.803234 0.595663 0
    outer loop
      vertex 30.7438 -1.83338 8
      vertex 30.5509 -2.0935 0
      vertex 30.5509 -2.0935 8
    endloop
  endfacet
  facet normal 0.803087 -0.595862 0
    outer loop
      vertex 25.2561 1.83338 8
      vertex 25.4491 2.0935 0
      vertex 25.4491 2.0935 8
    endloop
  endfacet
  facet normal 0.803087 -0.595862 0
    outer loop
      vertex 25.4491 2.0935 0
      vertex 25.2561 1.83338 8
      vertex 25.2561 1.83338 0
    endloop
  endfacet
  facet normal 0.741071 0.671427 0
    outer loop
      vertex 25.6665 -2.33345 8
      vertex 25.4491 -2.0935 0
      vertex 25.4491 -2.0935 8
    endloop
  endfacet
  facet normal 0.741071 0.671427 0
    outer loop
      vertex 25.4491 -2.0935 0
      vertex 25.6665 -2.33345 8
      vertex 25.6665 -2.33345 0
    endloop
  endfacet
  facet normal 0.146755 -0.989173 0
    outer loop
      vertex 27.3562 3.23659 0
      vertex 27.6765 3.28411 8
      vertex 27.3562 3.23659 8
    endloop
  endfacet
  facet normal 0.146755 -0.989173 0
    outer loop
      vertex 27.6765 3.28411 8
      vertex 27.3562 3.23659 0
      vertex 27.6765 3.28411 0
    endloop
  endfacet
  facet normal -0.903948 0.427643 0
    outer loop
      vertex 30.9103 -1.55561 0
      vertex 31.0488 -1.26285 8
      vertex 31.0488 -1.26285 0
    endloop
  endfacet
  facet normal -0.903948 0.427643 0
    outer loop
      vertex 31.0488 -1.26285 8
      vertex 30.9103 -1.55561 0
      vertex 30.9103 -1.55561 8
    endloop
  endfacet
  facet normal -0.857714 -0.514128 0
    outer loop
      vertex 30.9103 1.55561 0
      vertex 30.7438 1.83338 8
      vertex 30.7438 1.83338 0
    endloop
  endfacet
  facet normal -0.857714 -0.514128 0
    outer loop
      vertex 30.7438 1.83338 8
      vertex 30.9103 1.55561 0
      vertex 30.9103 1.55561 8
    endloop
  endfacet
  facet normal -0.146755 0.989173 0
    outer loop
      vertex 28.6438 -3.23659 0
      vertex 28.3235 -3.28411 8
      vertex 28.6438 -3.23659 8
    endloop
  endfacet
  facet normal -0.146755 0.989173 0
    outer loop
      vertex 28.3235 -3.28411 8
      vertex 28.6438 -3.23659 0
      vertex 28.3235 -3.28411 0
    endloop
  endfacet
  facet normal -0.336806 0.941574 0
    outer loop
      vertex 29.2629 -3.0488 0
      vertex 28.9579 -3.1579 8
      vertex 29.2629 -3.0488 8
    endloop
  endfacet
  facet normal -0.336806 0.941574 0
    outer loop
      vertex 28.9579 -3.1579 8
      vertex 29.2629 -3.0488 0
      vertex 28.9579 -3.1579 0
    endloop
  endfacet
  facet normal -0.595733 0.803183 0
    outer loop
      vertex 30.0935 -2.55093 0
      vertex 29.8334 -2.74385 8
      vertex 30.0935 -2.55093 8
    endloop
  endfacet
  facet normal -0.595733 0.803183 0
    outer loop
      vertex 29.8334 -2.74385 8
      vertex 30.0935 -2.55093 0
      vertex 29.8334 -2.74385 0
    endloop
  endfacet
  facet normal 0.427614 0.903962 -0
    outer loop
      vertex 26.7371 -3.0488 0
      vertex 26.4444 -2.91034 8
      vertex 26.7371 -3.0488 8
    endloop
  endfacet
  facet normal 0.427614 0.903962 0
    outer loop
      vertex 26.4444 -2.91034 8
      vertex 26.7371 -3.0488 0
      vertex 26.4444 -2.91034 0
    endloop
  endfacet
  facet normal 0.336806 -0.941574 0
    outer loop
      vertex 26.7371 3.0488 0
      vertex 27.0421 3.1579 8
      vertex 26.7371 3.0488 8
    endloop
  endfacet
  facet normal 0.336806 -0.941574 0
    outer loop
      vertex 27.0421 3.1579 8
      vertex 26.7371 3.0488 0
      vertex 27.0421 3.1579 0
    endloop
  endfacet
  facet normal -0.857714 0.514128 0
    outer loop
      vertex 30.7438 -1.83338 0
      vertex 30.9103 -1.55561 8
      vertex 30.9103 -1.55561 0
    endloop
  endfacet
  facet normal -0.857714 0.514128 0
    outer loop
      vertex 30.9103 -1.55561 8
      vertex 30.7438 -1.83338 0
      vertex 30.7438 -1.83338 8
    endloop
  endfacet
  facet normal 0.0490599 0.998796 -0
    outer loop
      vertex 28 -3.3 0
      vertex 27.6765 -3.28411 8
      vertex 28 -3.3 8
    endloop
  endfacet
  facet normal 0.0490599 0.998796 0
    outer loop
      vertex 27.6765 -3.28411 8
      vertex 28 -3.3 0
      vertex 27.6765 -3.28411 0
    endloop
  endfacet
  facet normal 0.903948 -0.427643 0
    outer loop
      vertex 24.9512 1.26285 8
      vertex 25.0897 1.55561 0
      vertex 25.0897 1.55561 8
    endloop
  endfacet
  facet normal 0.903948 -0.427643 0
    outer loop
      vertex 25.0897 1.55561 0
      vertex 24.9512 1.26285 8
      vertex 24.9512 1.26285 0
    endloop
  endfacet
  facet normal 0.243015 0.970022 -0
    outer loop
      vertex 27.3562 -3.23659 0
      vertex 27.0421 -3.1579 8
      vertex 27.3562 -3.23659 8
    endloop
  endfacet
  facet normal 0.243015 0.970022 0
    outer loop
      vertex 27.0421 -3.1579 8
      vertex 27.3562 -3.23659 0
      vertex 27.0421 -3.1579 0
    endloop
  endfacet
  facet normal 0.903948 0.427643 0
    outer loop
      vertex 25.0897 -1.55561 8
      vertex 24.9512 -1.26285 0
      vertex 24.9512 -1.26285 8
    endloop
  endfacet
  facet normal 0.903948 0.427643 0
    outer loop
      vertex 24.9512 -1.26285 0
      vertex 25.0897 -1.55561 8
      vertex 25.0897 -1.55561 0
    endloop
  endfacet
  facet normal -0.741071 0.671427 0
    outer loop
      vertex 30.3335 -2.33345 0
      vertex 30.5509 -2.0935 8
      vertex 30.5509 -2.0935 0
    endloop
  endfacet
  facet normal -0.741071 0.671427 0
    outer loop
      vertex 30.5509 -2.0935 8
      vertex 30.3335 -2.33345 0
      vertex 30.3335 -2.33345 8
    endloop
  endfacet
  facet normal 0.989185 0.146675 0
    outer loop
      vertex 24.7634 -0.643798 8
      vertex 24.7159 -0.323456 0
      vertex 24.7159 -0.323456 8
    endloop
  endfacet
  facet normal 0.989185 0.146675 0
    outer loop
      vertex 24.7159 -0.323456 0
      vertex 24.7634 -0.643798 8
      vertex 24.7634 -0.643798 0
    endloop
  endfacet
  facet normal 0.803087 0.595862 0
    outer loop
      vertex 25.4491 -2.0935 8
      vertex 25.2561 -1.83338 0
      vertex 25.2561 -1.83338 8
    endloop
  endfacet
  facet normal 0.803087 0.595862 0
    outer loop
      vertex 25.2561 -1.83338 0
      vertex 25.4491 -2.0935 8
      vertex 25.4491 -2.0935 0
    endloop
  endfacet
  facet normal -0.243015 0.970022 0
    outer loop
      vertex 28.9579 -3.1579 0
      vertex 28.6438 -3.23659 8
      vertex 28.9579 -3.1579 8
    endloop
  endfacet
  facet normal -0.243015 0.970022 0
    outer loop
      vertex 28.6438 -3.23659 8
      vertex 28.9579 -3.1579 0
      vertex 28.6438 -3.23659 0
    endloop
  endfacet
  facet normal 0.514064 -0.857752 0
    outer loop
      vertex 26.1666 2.74385 0
      vertex 26.4444 2.91034 8
      vertex 26.1666 2.74385 8
    endloop
  endfacet
  facet normal 0.514064 -0.857752 0
    outer loop
      vertex 26.4444 2.91034 8
      vertex 26.1666 2.74385 0
      vertex 26.4444 2.91034 0
    endloop
  endfacet
  facet normal 0.0490599 -0.998796 0
    outer loop
      vertex 27.6765 3.28411 0
      vertex 28 3.3 8
      vertex 27.6765 3.28411 8
    endloop
  endfacet
  facet normal 0.0490599 -0.998796 0
    outer loop
      vertex 28 3.3 8
      vertex 27.6765 3.28411 0
      vertex 28 3.3 0
    endloop
  endfacet
  facet normal 0.998794 0.0490973 0
    outer loop
      vertex 24.7159 -0.323456 8
      vertex 24.7 0 0
      vertex 24.7 0 8
    endloop
  endfacet
  facet normal 0.998794 0.0490973 0
    outer loop
      vertex 24.7 0 0
      vertex 24.7159 -0.323456 8
      vertex 24.7159 -0.323456 0
    endloop
  endfacet
  facet normal 0.595733 -0.803183 0
    outer loop
      vertex 25.9065 2.55093 0
      vertex 26.1666 2.74385 8
      vertex 25.9065 2.55093 8
    endloop
  endfacet
  facet normal 0.595733 -0.803183 0
    outer loop
      vertex 26.1666 2.74385 8
      vertex 25.9065 2.55093 0
      vertex 26.1666 2.74385 0
    endloop
  endfacet
  facet normal 0.427614 -0.903962 0
    outer loop
      vertex 26.4444 2.91034 0
      vertex 26.7371 3.0488 8
      vertex 26.4444 2.91034 8
    endloop
  endfacet
  facet normal 0.427614 -0.903962 0
    outer loop
      vertex 26.7371 3.0488 8
      vertex 26.4444 2.91034 0
      vertex 26.7371 3.0488 0
    endloop
  endfacet
  facet normal -0.671414 0.741083 0
    outer loop
      vertex 1.76777 14.2322 0
      vertex 1.58598 14.0675 9
      vertex 1.76777 14.2322 9
    endloop
  endfacet
  facet normal -0.671414 0.741083 0
    outer loop
      vertex 1.58598 14.0675 9
      vertex 1.76777 14.2322 0
      vertex 1.58598 14.0675 0
    endloop
  endfacet
  facet normal 0 0 -1
    outer loop
      vertex -2.5 16 9
      vertex 2.5 16 9
      vertex 2.48796 15.755 9
    endloop
  endfacet
  facet normal 0 0 -1
    outer loop
      vertex 2.5 16 9
      vertex -2.5 16 9
      vertex 2.5 24 9
    endloop
  endfacet
  facet normal 0 0 -1
    outer loop
      vertex -2.5 16 9
      vertex 2.48796 15.755 9
      vertex 2.45196 15.5123 9
    endloop
  endfacet
  facet normal 0 0 -1
    outer loop
      vertex -2.5 24 9
      vertex 2.5 24 9
      vertex -2.5 16 9
    endloop
  endfacet
  facet normal 0 0 -1
    outer loop
      vertex -2.5 16 9
      vertex 2.45196 15.5123 9
      vertex 2.39235 15.2743 9
    endloop
  endfacet
  facet normal 0 0 -1
    outer loop
      vertex 2.5 24 9
      vertex -2.5 24 9
      vertex 2.48796 24.245 9
    endloop
  endfacet
  facet normal 0 0 -1
    outer loop
      vertex -2.5 16 9
      vertex 2.39235 15.2743 9
      vertex 2.3097 15.0433 9
    endloop
  endfacet
  facet normal -0 0 -1
    outer loop
      vertex 2.48796 24.245 9
      vertex -2.5 24 9
      vertex 2.45196 24.4877 9
    endloop
  endfacet
  facet normal 0 0 -1
    outer loop
      vertex -2.5 16 9
      vertex 2.3097 15.0433 9
      vertex 2.2048 14.8215 9
    endloop
  endfacet
  facet normal -0 0 -1
    outer loop
      vertex 2.45196 24.4877 9
      vertex -2.5 24 9
      vertex 2.39235 24.7257 9
    endloop
  endfacet
  facet normal 0 0 -1
    outer loop
      vertex -2.5 16 9
      vertex 2.2048 14.8215 9
      vertex 2.07867 14.6111 9
    endloop
  endfacet
  facet normal -0 0 -1
    outer loop
      vertex 2.39235 24.7257 9
      vertex -2.5 24 9
      vertex 2.3097 24.9567 9
    endloop
  endfacet
  facet normal 0 0 -1
    outer loop
      vertex -2.5 16 9
      vertex 2.07867 14.6111 9
      vertex 1.93253 14.414 9
    endloop
  endfacet
  facet normal -0 0 -1
    outer loop
      vertex 2.3097 24.9567 9
      vertex -2.5 24 9
      vertex 2.2048 25.1785 9
    endloop
  endfacet
  facet normal 0 0 -1
    outer loop
      vertex -2.5 16 9
      vertex 1.93253 14.414 9
      vertex 1.76777 14.2322 9
    endloop
  endfacet
  facet normal -0 0 -1
    outer loop
      vertex 2.2048 25.1785 9
      vertex -2.5 24 9
      vertex 2.07867 25.3889 9
    endloop
  endfacet
  facet normal 0 0 -1
    outer loop
      vertex -2.5 16 9
      vertex 1.76777 14.2322 9
      vertex 1.58598 14.0675 9
    endloop
  endfacet
  facet normal -0 0 -1
    outer loop
      vertex 2.07867 25.3889 9
      vertex -2.5 24 9
      vertex 1.93253 25.586 9
    endloop
  endfacet
  facet normal 0 0 -1
    outer loop
      vertex -2.5 16 9
      vertex 1.58598 14.0675 9
      vertex 1.38893 13.9213 9
    endloop
  endfacet
  facet normal -0 0 -1
    outer loop
      vertex 1.93253 25.586 9
      vertex -2.5 24 9
      vertex 1.76777 25.7678 9
    endloop
  endfacet
  facet normal 0 0 -1
    outer loop
      vertex -2.5 16 9
      vertex 1.38893 13.9213 9
      vertex 1.17849 13.7952 9
    endloop
  endfacet
  facet normal -0 0 -1
    outer loop
      vertex 1.76777 25.7678 9
      vertex -2.5 24 9
      vertex 1.58598 25.9325 9
    endloop
  endfacet
  facet normal 0 0 -1
    outer loop
      vertex -2.5 16 9
      vertex 1.17849 13.7952 9
      vertex 0.956708 13.6903 9
    endloop
  endfacet
  facet normal -0 0 -1
    outer loop
      vertex 1.58598 25.9325 9
      vertex -2.5 24 9
      vertex 1.38893 26.0787 9
    endloop
  endfacet
  facet normal 0 0 -1
    outer loop
      vertex -2.5 16 9
      vertex 0.956708 13.6903 9
      vertex 0.725711 13.6076 9
    endloop
  endfacet
  facet normal -0 0 -1
    outer loop
      vertex 1.38893 26.0787 9
      vertex -2.5 24 9
      vertex 1.17849 26.2048 9
    endloop
  endfacet
  facet normal 0 0 -1
    outer loop
      vertex -2.5 16 9
      vertex 0.725711 13.6076 9
      vertex 0.487725 13.548 9
    endloop
  endfacet
  facet normal -0 0 -1
    outer loop
      vertex 1.17849 26.2048 9
      vertex -2.5 24 9
      vertex 0.956708 26.3097 9
    endloop
  endfacet
  facet normal 0 0 -1
    outer loop
      vertex -2.5 16 9
      vertex 0.487725 13.548 9
      vertex 0.245043 13.512 9
    endloop
  endfacet
  facet normal -0 0 -1
    outer loop
      vertex 0.956708 26.3097 9
      vertex -2.5 24 9
      vertex 0.725711 26.3923 9
    endloop
  endfacet
  facet normal 0 0 -1
    outer loop
      vertex -2.5 16 9
      vertex 0.245043 13.512 9
      vertex 0 13.5 9
    endloop
  endfacet
  facet normal -0 0 -1
    outer loop
      vertex 0.725711 26.3923 9
      vertex -2.5 24 9
      vertex 0.487725 26.452 9
    endloop
  endfacet
  facet normal 0 0 -1
    outer loop
      vertex -2.5 16 9
      vertex 0 13.5 9
      vertex -0.245043 13.512 9
    endloop
  endfacet
  facet normal -0 0 -1
    outer loop
      vertex 0.487725 26.452 9
      vertex -2.5 24 9
      vertex 0.245043 26.488 9
    endloop
  endfacet
  facet normal 0 0 -1
    outer loop
      vertex -2.5 16 9
      vertex -0.245043 13.512 9
      vertex -0.487725 13.548 9
    endloop
  endfacet
  facet normal -0 0 -1
    outer loop
      vertex 0.245043 26.488 9
      vertex -2.5 24 9
      vertex 0 26.5 9
    endloop
  endfacet
  facet normal 0 0 -1
    outer loop
      vertex -2.5 16 9
      vertex -0.487725 13.548 9
      vertex -0.725711 13.6076 9
    endloop
  endfacet
  facet normal 0 0 -1
    outer loop
      vertex 0 26.5 9
      vertex -2.5 24 9
      vertex -0.245043 26.488 9
    endloop
  endfacet
  facet normal 0 0 -1
    outer loop
      vertex -2.5 16 9
      vertex -0.725711 13.6076 9
      vertex -0.956708 13.6903 9
    endloop
  endfacet
  facet normal 0 0 -1
    outer loop
      vertex -0.245043 26.488 9
      vertex -2.5 24 9
      vertex -0.487725 26.452 9
    endloop
  endfacet
  facet normal 0 0 -1
    outer loop
      vertex -2.5 16 9
      vertex -0.956708 13.6903 9
      vertex -1.17849 13.7952 9
    endloop
  endfacet
  facet normal 0 0 -1
    outer loop
      vertex -0.487725 26.452 9
      vertex -2.5 24 9
      vertex -0.725711 26.3923 9
    endloop
  endfacet
  facet normal 0 0 -1
    outer loop
      vertex -2.5 16 9
      vertex -1.17849 13.7952 9
      vertex -1.38893 13.9213 9
    endloop
  endfacet
  facet normal 0 0 -1
    outer loop
      vertex -0.725711 26.3923 9
      vertex -2.5 24 9
      vertex -0.956708 26.3097 9
    endloop
  endfacet
  facet normal 0 0 -1
    outer loop
      vertex -2.5 16 9
      vertex -1.38893 13.9213 9
      vertex -1.58598 14.0675 9
    endloop
  endfacet
  facet normal 0 0 -1
    outer loop
      vertex -0.956708 26.3097 9
      vertex -2.5 24 9
      vertex -1.17849 26.2048 9
    endloop
  endfacet
  facet normal 0 0 -1
    outer loop
      vertex -2.5 16 9
      vertex -1.58598 14.0675 9
      vertex -1.76777 14.2322 9
    endloop
  endfacet
  facet normal 0 0 -1
    outer loop
      vertex -1.17849 26.2048 9
      vertex -2.5 24 9
      vertex -1.38893 26.0787 9
    endloop
  endfacet
  facet normal 0 0 -1
    outer loop
      vertex -2.5 16 9
      vertex -1.76777 14.2322 9
      vertex -1.93253 14.414 9
    endloop
  endfacet
  facet normal 0 0 -1
    outer loop
      vertex -1.38893 26.0787 9
      vertex -2.5 24 9
      vertex -1.58598 25.9325 9
    endloop
  endfacet
  facet normal 0 0 -1
    outer loop
      vertex -2.5 16 9
      vertex -1.93253 14.414 9
      vertex -2.07867 14.6111 9
    endloop
  endfacet
  facet normal 0 0 -1
    outer loop
      vertex -1.58598 25.9325 9
      vertex -2.5 24 9
      vertex -1.76777 25.7678 9
    endloop
  endfacet
  facet normal 0 0 -1
    outer loop
      vertex -2.5 16 9
      vertex -2.07867 14.6111 9
      vertex -2.2048 14.8215 9
    endloop
  endfacet
  facet normal 0 0 -1
    outer loop
      vertex -1.76777 25.7678 9
      vertex -2.5 24 9
      vertex -1.93253 25.586 9
    endloop
  endfacet
  facet normal 0 0 -1
    outer loop
      vertex -2.5 16 9
      vertex -2.2048 14.8215 9
      vertex -2.3097 15.0433 9
    endloop
  endfacet
  facet normal 0 0 -1
    outer loop
      vertex -1.93253 25.586 9
      vertex -2.5 24 9
      vertex -2.07867 25.3889 9
    endloop
  endfacet
  facet normal 0 0 -1
    outer loop
      vertex -2.5 16 9
      vertex -2.3097 15.0433 9
      vertex -2.39235 15.2743 9
    endloop
  endfacet
  facet normal 0 0 -1
    outer loop
      vertex -2.07867 25.3889 9
      vertex -2.5 24 9
      vertex -2.2048 25.1785 9
    endloop
  endfacet
  facet normal 0 0 -1
    outer loop
      vertex -2.5 16 9
      vertex -2.39235 15.2743 9
      vertex -2.45196 15.5123 9
    endloop
  endfacet
  facet normal 0 0 -1
    outer loop
      vertex -2.2048 25.1785 9
      vertex -2.5 24 9
      vertex -2.3097 24.9567 9
    endloop
  endfacet
  facet normal 0 0 -1
    outer loop
      vertex -2.5 16 9
      vertex -2.45196 15.5123 9
      vertex -2.48796 15.755 9
    endloop
  endfacet
  facet normal 0 0 -1
    outer loop
      vertex -2.3097 24.9567 9
      vertex -2.5 24 9
      vertex -2.39235 24.7257 9
    endloop
  endfacet
  facet normal 0 0 -1
    outer loop
      vertex -2.39235 24.7257 9
      vertex -2.5 24 9
      vertex -2.45196 24.4877 9
    endloop
  endfacet
  facet normal 0 0 -1
    outer loop
      vertex -2.45196 24.4877 9
      vertex -2.5 24 9
      vertex -2.48796 24.245 9
    endloop
  endfacet
  facet normal 0.989177 -0.146726 0
    outer loop
      vertex -2.48796 24.245 9
      vertex -2.45196 24.4877 0
      vertex -2.45196 24.4877 9
    endloop
  endfacet
  facet normal 0.989177 -0.146726 0
    outer loop
      vertex -2.45196 24.4877 0
      vertex -2.48796 24.245 9
      vertex -2.48796 24.245 0
    endloop
  endfacet
  facet normal 0.903995 -0.427543 0
    outer loop
      vertex -2.3097 24.9567 9
      vertex -2.2048 25.1785 0
      vertex -2.2048 25.1785 9
    endloop
  endfacet
  facet normal 0.903995 -0.427543 0
    outer loop
      vertex -2.2048 25.1785 0
      vertex -2.3097 24.9567 9
      vertex -2.3097 24.9567 0
    endloop
  endfacet
  facet normal -1 0 0
    outer loop
      vertex 2.5 16 0
      vertex 2.5 24 9
      vertex 2.5 24 0
    endloop
  endfacet
  facet normal -1 -0 0
    outer loop
      vertex 2.5 24 9
      vertex 2.5 16 0
      vertex 2.5 16 9
    endloop
  endfacet
  facet normal 0.970037 -0.242958 0
    outer loop
      vertex -2.45196 24.4877 9
      vertex -2.39235 24.7257 0
      vertex -2.39235 24.7257 9
    endloop
  endfacet
  facet normal 0.970037 -0.242958 0
    outer loop
      vertex -2.39235 24.7257 0
      vertex -2.45196 24.4877 9
      vertex -2.45196 24.4877 0
    endloop
  endfacet
  facet normal -0.740979 -0.671528 0
    outer loop
      vertex 1.93253 25.586 0
      vertex 1.76777 25.7678 9
      vertex 1.76777 25.7678 0
    endloop
  endfacet
  facet normal -0.740979 -0.671528 0
    outer loop
      vertex 1.76777 25.7678 9
      vertex 1.93253 25.586 0
      vertex 1.93253 25.586 9
    endloop
  endfacet
  facet normal 0.337063 0.941482 -0
    outer loop
      vertex -0.725711 13.6076 0
      vertex -0.956708 13.6903 9
      vertex -0.725711 13.6076 9
    endloop
  endfacet
  facet normal 0.337063 0.941482 0
    outer loop
      vertex -0.956708 13.6903 9
      vertex -0.725711 13.6076 0
      vertex -0.956708 13.6903 0
    endloop
  endfacet
  facet normal 0.857691 0.514166 0
    outer loop
      vertex -2.07867 14.6111 9
      vertex -2.2048 14.8215 0
      vertex -2.2048 14.8215 9
    endloop
  endfacet
  facet normal 0.857691 0.514166 0
    outer loop
      vertex -2.2048 14.8215 0
      vertex -2.07867 14.6111 9
      vertex -2.07867 14.6111 0
    endloop
  endfacet
  facet normal -0.337063 0.941482 0
    outer loop
      vertex 0.956708 13.6903 0
      vertex 0.725711 13.6076 9
      vertex 0.956708 13.6903 9
    endloop
  endfacet
  facet normal -0.337063 0.941482 0
    outer loop
      vertex 0.725711 13.6076 9
      vertex 0.956708 13.6903 0
      vertex 0.725711 13.6076 0
    endloop
  endfacet
  facet normal -0.903995 0.427543 0
    outer loop
      vertex 2.2048 14.8215 0
      vertex 2.3097 15.0433 9
      vertex 2.3097 15.0433 0
    endloop
  endfacet
  facet normal -0.903995 0.427543 0
    outer loop
      vertex 2.3097 15.0433 9
      vertex 2.2048 14.8215 0
      vertex 2.2048 14.8215 9
    endloop
  endfacet
  facet normal -0.970037 0.242958 0
    outer loop
      vertex 2.39235 15.2743 0
      vertex 2.45196 15.5123 9
      vertex 2.45196 15.5123 0
    endloop
  endfacet
  facet normal -0.970037 0.242958 0
    outer loop
      vertex 2.45196 15.5123 9
      vertex 2.39235 15.2743 0
      vertex 2.39235 15.2743 9
    endloop
  endfacet
  facet normal 1 -0 0
    outer loop
      vertex -2.5 16 9
      vertex -2.5 24 0
      vertex -2.5 24 9
    endloop
  endfacet
  facet normal 1 0 0
    outer loop
      vertex -2.5 24 0
      vertex -2.5 16 9
      vertex -2.5 16 0
    endloop
  endfacet
  facet normal -0.671414 -0.741083 0
    outer loop
      vertex 1.58598 25.9325 0
      vertex 1.76777 25.7678 9
      vertex 1.58598 25.9325 9
    endloop
  endfacet
  facet normal -0.671414 -0.741083 -0
    outer loop
      vertex 1.76777 25.7678 9
      vertex 1.58598 25.9325 0
      vertex 1.76777 25.7678 0
    endloop
  endfacet
  facet normal 0.857691 -0.514166 0
    outer loop
      vertex -2.2048 25.1785 9
      vertex -2.07867 25.3889 0
      vertex -2.07867 25.3889 9
    endloop
  endfacet
  facet normal 0.857691 -0.514166 0
    outer loop
      vertex -2.07867 25.3889 0
      vertex -2.2048 25.1785 9
      vertex -2.2048 25.1785 0
    endloop
  endfacet
  facet normal -0.242933 0.970043 0
    outer loop
      vertex 0.725711 13.6076 0
      vertex 0.487725 13.548 9
      vertex 0.725711 13.6076 9
    endloop
  endfacet
  facet normal -0.242933 0.970043 0
    outer loop
      vertex 0.487725 13.548 9
      vertex 0.725711 13.6076 0
      vertex 0.487725 13.548 0
    endloop
  endfacet
  facet normal -0.941548 0.336879 0
    outer loop
      vertex 2.3097 15.0433 0
      vertex 2.39235 15.2743 9
      vertex 2.39235 15.2743 0
    endloop
  endfacet
  facet normal -0.941548 0.336879 0
    outer loop
      vertex 2.39235 15.2743 9
      vertex 2.3097 15.0433 0
      vertex 2.3097 15.0433 9
    endloop
  endfacet
  facet normal 0.242933 0.970043 -0
    outer loop
      vertex -0.487725 13.548 0
      vertex -0.725711 13.6076 9
      vertex -0.487725 13.548 9
    endloop
  endfacet
  facet normal 0.242933 0.970043 0
    outer loop
      vertex -0.725711 13.6076 9
      vertex -0.487725 13.548 0
      vertex -0.725711 13.6076 0
    endloop
  endfacet
  facet normal -0.146737 0.989176 0
    outer loop
      vertex 0.487725 13.548 0
      vertex 0.245043 13.512 9
      vertex 0.487725 13.548 9
    endloop
  endfacet
  facet normal -0.146737 0.989176 0
    outer loop
      vertex 0.245043 13.512 9
      vertex 0.487725 13.548 0
      vertex 0.245043 13.512 0
    endloop
  endfacet
  facet normal -0.941548 -0.336879 0
    outer loop
      vertex 2.39235 24.7257 0
      vertex 2.3097 24.9567 9
      vertex 2.3097 24.9567 0
    endloop
  endfacet
  facet normal -0.941548 -0.336879 0
    outer loop
      vertex 2.3097 24.9567 9
      vertex 2.39235 24.7257 0
      vertex 2.39235 24.7257 9
    endloop
  endfacet
  facet normal 0.243316 -0.969947 0
    outer loop
      vertex -0.725711 26.3923 0
      vertex -0.487725 26.452 9
      vertex -0.725711 26.3923 9
    endloop
  endfacet
  facet normal 0.243316 -0.969947 0
    outer loop
      vertex -0.487725 26.452 9
      vertex -0.725711 26.3923 0
      vertex -0.487725 26.452 0
    endloop
  endfacet
  facet normal -0.857691 0.514166 0
    outer loop
      vertex 2.07867 14.6111 0
      vertex 2.2048 14.8215 9
      vertex 2.2048 14.8215 0
    endloop
  endfacet
  facet normal -0.857691 0.514166 0
    outer loop
      vertex 2.2048 14.8215 9
      vertex 2.07867 14.6111 0
      vertex 2.07867 14.6111 9
    endloop
  endfacet
  facet normal 0.970037 0.242958 0
    outer loop
      vertex -2.39235 15.2743 9
      vertex -2.45196 15.5123 0
      vertex -2.45196 15.5123 9
    endloop
  endfacet
  facet normal 0.970037 0.242958 0
    outer loop
      vertex -2.45196 15.5123 0
      vertex -2.39235 15.2743 9
      vertex -2.39235 15.2743 0
    endloop
  endfacet
  facet normal -0.427572 -0.903982 0
    outer loop
      vertex 0.956708 26.3097 0
      vertex 1.17849 26.2048 9
      vertex 0.956708 26.3097 9
    endloop
  endfacet
  facet normal -0.427572 -0.903982 -0
    outer loop
      vertex 1.17849 26.2048 9
      vertex 0.956708 26.3097 0
      vertex 1.17849 26.2048 0
    endloop
  endfacet
  facet normal -0.0489124 0.998803 0
    outer loop
      vertex 0.245043 13.512 0
      vertex 0 13.5 9
      vertex 0.245043 13.512 9
    endloop
  endfacet
  facet normal -0.0489124 0.998803 0
    outer loop
      vertex 0 13.5 9
      vertex 0.245043 13.512 0
      vertex 0 13.5 0
    endloop
  endfacet
  facet normal 0.941548 -0.336879 0
    outer loop
      vertex -2.39235 24.7257 9
      vertex -2.3097 24.9567 0
      vertex -2.3097 24.9567 9
    endloop
  endfacet
  facet normal 0.941548 -0.336879 0
    outer loop
      vertex -2.3097 24.9567 0
      vertex -2.39235 24.7257 9
      vertex -2.39235 24.7257 0
    endloop
  endfacet
  facet normal 0.998795 -0.0490836 0
    outer loop
      vertex -2.5 24 9
      vertex -2.48796 24.245 0
      vertex -2.48796 24.245 9
    endloop
  endfacet
  facet normal 0.998795 -0.0490836 0
    outer loop
      vertex -2.48796 24.245 0
      vertex -2.5 24 9
      vertex -2.5 24 0
    endloop
  endfacet
  facet normal 0.0489124 -0.998803 0
    outer loop
      vertex -0.245043 26.488 0
      vertex 0 26.5 9
      vertex -0.245043 26.488 9
    endloop
  endfacet
  facet normal 0.0489124 -0.998803 0
    outer loop
      vertex 0 26.5 9
      vertex -0.245043 26.488 0
      vertex 0 26.5 0
    endloop
  endfacet
  facet normal 0.595851 -0.803095 0
    outer loop
      vertex -1.58598 25.9325 0
      vertex -1.38893 26.0787 9
      vertex -1.58598 25.9325 9
    endloop
  endfacet
  facet normal 0.595851 -0.803095 0
    outer loop
      vertex -1.38893 26.0787 9
      vertex -1.58598 25.9325 0
      vertex -1.38893 26.0787 0
    endloop
  endfacet
  facet normal 0.427572 -0.903982 0
    outer loop
      vertex -1.17849 26.2048 0
      vertex -0.956708 26.3097 9
      vertex -1.17849 26.2048 9
    endloop
  endfacet
  facet normal 0.427572 -0.903982 0
    outer loop
      vertex -0.956708 26.3097 9
      vertex -1.17849 26.2048 0
      vertex -0.956708 26.3097 0
    endloop
  endfacet
  facet normal 0.998795 0.0490836 0
    outer loop
      vertex -2.48796 15.755 9
      vertex -2.5 16 0
      vertex -2.5 16 9
    endloop
  endfacet
  facet normal 0.998795 0.0490836 0
    outer loop
      vertex -2.5 16 0
      vertex -2.48796 15.755 9
      vertex -2.48796 15.755 0
    endloop
  endfacet
  facet normal 0.740979 -0.671528 0
    outer loop
      vertex -1.93253 25.586 9
      vertex -1.76777 25.7678 0
      vertex -1.76777 25.7678 9
    endloop
  endfacet
  facet normal 0.740979 -0.671528 0
    outer loop
      vertex -1.76777 25.7678 0
      vertex -1.93253 25.586 9
      vertex -1.93253 25.586 0
    endloop
  endfacet
  facet normal -0.146737 -0.989176 0
    outer loop
      vertex 0.245043 26.488 0
      vertex 0.487725 26.452 9
      vertex 0.245043 26.488 9
    endloop
  endfacet
  facet normal -0.146737 -0.989176 -0
    outer loop
      vertex 0.487725 26.452 9
      vertex 0.245043 26.488 0
      vertex 0.487725 26.452 0
    endloop
  endfacet
  facet normal -0.903995 -0.427543 0
    outer loop
      vertex 2.3097 24.9567 0
      vertex 2.2048 25.1785 9
      vertex 2.2048 25.1785 0
    endloop
  endfacet
  facet normal -0.903995 -0.427543 0
    outer loop
      vertex 2.2048 25.1785 9
      vertex 2.3097 24.9567 0
      vertex 2.3097 24.9567 9
    endloop
  endfacet
  facet normal -0.595851 0.803095 0
    outer loop
      vertex 1.58598 14.0675 0
      vertex 1.38893 13.9213 9
      vertex 1.58598 14.0675 9
    endloop
  endfacet
  facet normal -0.595851 0.803095 0
    outer loop
      vertex 1.38893 13.9213 9
      vertex 1.58598 14.0675 0
      vertex 1.38893 13.9213 0
    endloop
  endfacet
  facet normal 0.336702 -0.941611 0
    outer loop
      vertex -0.956708 26.3097 0
      vertex -0.725711 26.3923 9
      vertex -0.956708 26.3097 9
    endloop
  endfacet
  facet normal 0.336702 -0.941611 0
    outer loop
      vertex -0.725711 26.3923 9
      vertex -0.956708 26.3097 0
      vertex -0.725711 26.3923 0
    endloop
  endfacet
  facet normal -0.998795 -0.0490836 0
    outer loop
      vertex 2.5 24 0
      vertex 2.48796 24.245 9
      vertex 2.48796 24.245 0
    endloop
  endfacet
  facet normal -0.998795 -0.0490836 0
    outer loop
      vertex 2.48796 24.245 9
      vertex 2.5 24 0
      vertex 2.5 24 9
    endloop
  endfacet
  facet normal -0.0489124 -0.998803 0
    outer loop
      vertex 0 26.5 0
      vertex 0.245043 26.488 9
      vertex 0 26.5 9
    endloop
  endfacet
  facet normal -0.0489124 -0.998803 -0
    outer loop
      vertex 0.245043 26.488 9
      vertex 0 26.5 0
      vertex 0.245043 26.488 0
    endloop
  endfacet
  facet normal 0.803284 -0.595596 0
    outer loop
      vertex -2.07867 25.3889 9
      vertex -1.93253 25.586 0
      vertex -1.93253 25.586 9
    endloop
  endfacet
  facet normal 0.803284 -0.595596 0
    outer loop
      vertex -1.93253 25.586 0
      vertex -2.07867 25.3889 9
      vertex -2.07867 25.3889 0
    endloop
  endfacet
  facet normal 0.671414 -0.741083 0
    outer loop
      vertex -1.76777 25.7678 0
      vertex -1.58598 25.9325 9
      vertex -1.76777 25.7678 9
    endloop
  endfacet
  facet normal 0.671414 -0.741083 0
    outer loop
      vertex -1.58598 25.9325 9
      vertex -1.76777 25.7678 0
      vertex -1.58598 25.9325 0
    endloop
  endfacet
  facet normal -0.857691 -0.514166 0
    outer loop
      vertex 2.2048 25.1785 0
      vertex 2.07867 25.3889 9
      vertex 2.07867 25.3889 0
    endloop
  endfacet
  facet normal -0.857691 -0.514166 0
    outer loop
      vertex 2.07867 25.3889 9
      vertex 2.2048 25.1785 0
      vertex 2.2048 25.1785 9
    endloop
  endfacet
  facet normal -0.803284 0.595596 0
    outer loop
      vertex 1.93253 14.414 0
      vertex 2.07867 14.6111 9
      vertex 2.07867 14.6111 0
    endloop
  endfacet
  facet normal -0.803284 0.595596 0
    outer loop
      vertex 2.07867 14.6111 9
      vertex 1.93253 14.414 0
      vertex 1.93253 14.414 9
    endloop
  endfacet
  facet normal 0.903995 0.427543 0
    outer loop
      vertex -2.2048 14.8215 9
      vertex -2.3097 15.0433 0
      vertex -2.3097 15.0433 9
    endloop
  endfacet
  facet normal 0.903995 0.427543 0
    outer loop
      vertex -2.3097 15.0433 0
      vertex -2.2048 14.8215 9
      vertex -2.2048 14.8215 0
    endloop
  endfacet
  facet normal 0.514004 -0.857788 0
    outer loop
      vertex -1.38893 26.0787 0
      vertex -1.17849 26.2048 9
      vertex -1.38893 26.0787 9
    endloop
  endfacet
  facet normal 0.514004 -0.857788 0
    outer loop
      vertex -1.17849 26.2048 9
      vertex -1.38893 26.0787 0
      vertex -1.17849 26.2048 0
    endloop
  endfacet
  facet normal -0.514004 -0.857788 0
    outer loop
      vertex 1.17849 26.2048 0
      vertex 1.38893 26.0787 9
      vertex 1.17849 26.2048 9
    endloop
  endfacet
  facet normal -0.514004 -0.857788 -0
    outer loop
      vertex 1.38893 26.0787 9
      vertex 1.17849 26.2048 0
      vertex 1.38893 26.0787 0
    endloop
  endfacet
  facet normal -0.336702 -0.941611 0
    outer loop
      vertex 0.725711 26.3923 0
      vertex 0.956708 26.3097 9
      vertex 0.725711 26.3923 9
    endloop
  endfacet
  facet normal -0.336702 -0.941611 -0
    outer loop
      vertex 0.956708 26.3097 9
      vertex 0.725711 26.3923 0
      vertex 0.956708 26.3097 0
    endloop
  endfacet
  facet normal 0.0489124 0.998803 -0
    outer loop
      vertex 0 13.5 0
      vertex -0.245043 13.512 9
      vertex 0 13.5 9
    endloop
  endfacet
  facet normal 0.0489124 0.998803 0
    outer loop
      vertex -0.245043 13.512 9
      vertex 0 13.5 0
      vertex -0.245043 13.512 0
    endloop
  endfacet
  facet normal -0.989177 0.146726 0
    outer loop
      vertex 2.45196 15.5123 0
      vertex 2.48796 15.755 9
      vertex 2.48796 15.755 0
    endloop
  endfacet
  facet normal -0.989177 0.146726 0
    outer loop
      vertex 2.48796 15.755 9
      vertex 2.45196 15.5123 0
      vertex 2.45196 15.5123 9
    endloop
  endfacet
  facet normal 0.514004 0.857788 -0
    outer loop
      vertex -1.17849 13.7952 0
      vertex -1.38893 13.9213 9
      vertex -1.17849 13.7952 9
    endloop
  endfacet
  facet normal 0.514004 0.857788 0
    outer loop
      vertex -1.38893 13.9213 9
      vertex -1.17849 13.7952 0
      vertex -1.38893 13.9213 0
    endloop
  endfacet
  facet normal 0.989177 0.146726 0
    outer loop
      vertex -2.45196 15.5123 9
      vertex -2.48796 15.755 0
      vertex -2.48796 15.755 9
    endloop
  endfacet
  facet normal 0.989177 0.146726 0
    outer loop
      vertex -2.48796 15.755 0
      vertex -2.45196 15.5123 9
      vertex -2.45196 15.5123 0
    endloop
  endfacet
  facet normal -0.998795 0.0490836 0
    outer loop
      vertex 2.48796 15.755 0
      vertex 2.5 16 9
      vertex 2.5 16 0
    endloop
  endfacet
  facet normal -0.998795 0.0490836 0
    outer loop
      vertex 2.5 16 9
      vertex 2.48796 15.755 0
      vertex 2.48796 15.755 9
    endloop
  endfacet
  facet normal 0.941548 0.336879 0
    outer loop
      vertex -2.3097 15.0433 9
      vertex -2.39235 15.2743 0
      vertex -2.39235 15.2743 9
    endloop
  endfacet
  facet normal 0.941548 0.336879 0
    outer loop
      vertex -2.39235 15.2743 0
      vertex -2.3097 15.0433 9
      vertex -2.3097 15.0433 0
    endloop
  endfacet
  facet normal -0.740979 0.671528 0
    outer loop
      vertex 1.76777 14.2322 0
      vertex 1.93253 14.414 9
      vertex 1.93253 14.414 0
    endloop
  endfacet
  facet normal -0.740979 0.671528 0
    outer loop
      vertex 1.93253 14.414 9
      vertex 1.76777 14.2322 0
      vertex 1.76777 14.2322 9
    endloop
  endfacet
  facet normal 0.671414 0.741083 -0
    outer loop
      vertex -1.58598 14.0675 0
      vertex -1.76777 14.2322 9
      vertex -1.58598 14.0675 9
    endloop
  endfacet
  facet normal 0.671414 0.741083 0
    outer loop
      vertex -1.76777 14.2322 9
      vertex -1.58598 14.0675 0
      vertex -1.76777 14.2322 0
    endloop
  endfacet
  facet normal 0.595851 0.803095 -0
    outer loop
      vertex -1.38893 13.9213 0
      vertex -1.58598 14.0675 9
      vertex -1.38893 13.9213 9
    endloop
  endfacet
  facet normal 0.595851 0.803095 0
    outer loop
      vertex -1.58598 14.0675 9
      vertex -1.38893 13.9213 0
      vertex -1.58598 14.0675 0
    endloop
  endfacet
  facet normal -0.989177 -0.146726 0
    outer loop
      vertex 2.48796 24.245 0
      vertex 2.45196 24.4877 9
      vertex 2.45196 24.4877 0
    endloop
  endfacet
  facet normal -0.989177 -0.146726 0
    outer loop
      vertex 2.45196 24.4877 9
      vertex 2.48796 24.245 0
      vertex 2.48796 24.245 9
    endloop
  endfacet
  facet normal 0.803284 0.595596 0
    outer loop
      vertex -1.93253 14.414 9
      vertex -2.07867 14.6111 0
      vertex -2.07867 14.6111 9
    endloop
  endfacet
  facet normal 0.803284 0.595596 0
    outer loop
      vertex -2.07867 14.6111 0
      vertex -1.93253 14.414 9
      vertex -1.93253 14.414 0
    endloop
  endfacet
  facet normal 0.427572 0.903982 -0
    outer loop
      vertex -0.956708 13.6903 0
      vertex -1.17849 13.7952 9
      vertex -0.956708 13.6903 9
    endloop
  endfacet
  facet normal 0.427572 0.903982 0
    outer loop
      vertex -1.17849 13.7952 9
      vertex -0.956708 13.6903 0
      vertex -1.17849 13.7952 0
    endloop
  endfacet
  facet normal -0.970037 -0.242958 0
    outer loop
      vertex 2.45196 24.4877 0
      vertex 2.39235 24.7257 9
      vertex 2.39235 24.7257 0
    endloop
  endfacet
  facet normal -0.970037 -0.242958 0
    outer loop
      vertex 2.39235 24.7257 9
      vertex 2.45196 24.4877 0
      vertex 2.45196 24.4877 9
    endloop
  endfacet
  facet normal 0.146737 -0.989176 0
    outer loop
      vertex -0.487725 26.452 0
      vertex -0.245043 26.488 9
      vertex -0.487725 26.452 9
    endloop
  endfacet
  facet normal 0.146737 -0.989176 0
    outer loop
      vertex -0.245043 26.488 9
      vertex -0.487725 26.452 0
      vertex -0.245043 26.488 0
    endloop
  endfacet
  facet normal 0.146737 0.989176 -0
    outer loop
      vertex -0.245043 13.512 0
      vertex -0.487725 13.548 9
      vertex -0.245043 13.512 9
    endloop
  endfacet
  facet normal 0.146737 0.989176 0
    outer loop
      vertex -0.487725 13.548 9
      vertex -0.245043 13.512 0
      vertex -0.487725 13.548 0
    endloop
  endfacet
  facet normal -0.243316 -0.969947 0
    outer loop
      vertex 0.487725 26.452 0
      vertex 0.725711 26.3923 9
      vertex 0.487725 26.452 9
    endloop
  endfacet
  facet normal -0.243316 -0.969947 -0
    outer loop
      vertex 0.725711 26.3923 9
      vertex 0.487725 26.452 0
      vertex 0.725711 26.3923 0
    endloop
  endfacet
  facet normal -0.514004 0.857788 0
    outer loop
      vertex 1.38893 13.9213 0
      vertex 1.17849 13.7952 9
      vertex 1.38893 13.9213 9
    endloop
  endfacet
  facet normal -0.514004 0.857788 0
    outer loop
      vertex 1.17849 13.7952 9
      vertex 1.38893 13.9213 0
      vertex 1.17849 13.7952 0
    endloop
  endfacet
  facet normal 0.740979 0.671528 0
    outer loop
      vertex -1.76777 14.2322 9
      vertex -1.93253 14.414 0
      vertex -1.93253 14.414 9
    endloop
  endfacet
  facet normal 0.740979 0.671528 0
    outer loop
      vertex -1.93253 14.414 0
      vertex -1.76777 14.2322 9
      vertex -1.76777 14.2322 0
    endloop
  endfacet
  facet normal -0.595851 -0.803095 0
    outer loop
      vertex 1.38893 26.0787 0
      vertex 1.58598 25.9325 9
      vertex 1.38893 26.0787 9
    endloop
  endfacet
  facet normal -0.595851 -0.803095 -0
    outer loop
      vertex 1.58598 25.9325 9
      vertex 1.38893 26.0787 0
      vertex 1.58598 25.9325 0
    endloop
  endfacet
  facet normal -0.427572 0.903982 0
    outer loop
      vertex 1.17849 13.7952 0
      vertex 0.956708 13.6903 9
      vertex 1.17849 13.7952 9
    endloop
  endfacet
  facet normal -0.427572 0.903982 0
    outer loop
      vertex 0.956708 13.6903 9
      vertex 1.17849 13.7952 0
      vertex 0.956708 13.6903 0
    endloop
  endfacet
  facet normal -0.803284 -0.595596 0
    outer loop
      vertex 2.07867 25.3889 0
      vertex 1.93253 25.586 9
      vertex 1.93253 25.586 0
    endloop
  endfacet
  facet normal -0.803284 -0.595596 0
    outer loop
      vertex 1.93253 25.586 9
      vertex 2.07867 25.3889 0
      vertex 2.07867 25.3889 9
    endloop
  endfacet
  facet normal -0.427572 -0.903982 0
    outer loop
      vertex 0.956708 -13.6903 0
      vertex 1.17849 -13.7952 9
      vertex 0.956708 -13.6903 9
    endloop
  endfacet
  facet normal -0.427572 -0.903982 -0
    outer loop
      vertex 1.17849 -13.7952 9
      vertex 0.956708 -13.6903 0
      vertex 1.17849 -13.7952 0
    endloop
  endfacet
  facet normal 0 0 -1
    outer loop
      vertex -2.5 -24 9
      vertex 2.5 -24 9
      vertex 2.48796 -24.245 9
    endloop
  endfacet
  facet normal 0 0 -1
    outer loop
      vertex 2.5 -24 9
      vertex -2.5 -24 9
      vertex 2.5 -16 9
    endloop
  endfacet
  facet normal 0 0 -1
    outer loop
      vertex -2.5 -24 9
      vertex 2.48796 -24.245 9
      vertex 2.45196 -24.4877 9
    endloop
  endfacet
  facet normal 0 0 -1
    outer loop
      vertex -2.5 -16 9
      vertex 2.5 -16 9
      vertex -2.5 -24 9
    endloop
  endfacet
  facet normal 0 0 -1
    outer loop
      vertex -2.5 -24 9
      vertex 2.45196 -24.4877 9
      vertex 2.39235 -24.7257 9
    endloop
  endfacet
  facet normal 0 0 -1
    outer loop
      vertex 2.5 -16 9
      vertex -2.5 -16 9
      vertex 2.48796 -15.755 9
    endloop
  endfacet
  facet normal 0 0 -1
    outer loop
      vertex -2.5 -24 9
      vertex 2.39235 -24.7257 9
      vertex 2.3097 -24.9567 9
    endloop
  endfacet
  facet normal -0 0 -1
    outer loop
      vertex 2.48796 -15.755 9
      vertex -2.5 -16 9
      vertex 2.45196 -15.5123 9
    endloop
  endfacet
  facet normal 0 0 -1
    outer loop
      vertex -2.5 -24 9
      vertex 2.3097 -24.9567 9
      vertex 2.2048 -25.1785 9
    endloop
  endfacet
  facet normal -0 0 -1
    outer loop
      vertex 2.45196 -15.5123 9
      vertex -2.5 -16 9
      vertex 2.39235 -15.2743 9
    endloop
  endfacet
  facet normal 0 0 -1
    outer loop
      vertex -2.5 -24 9
      vertex 2.2048 -25.1785 9
      vertex 2.07867 -25.3889 9
    endloop
  endfacet
  facet normal -0 0 -1
    outer loop
      vertex 2.39235 -15.2743 9
      vertex -2.5 -16 9
      vertex 2.3097 -15.0433 9
    endloop
  endfacet
  facet normal 0 0 -1
    outer loop
      vertex -2.5 -24 9
      vertex 2.07867 -25.3889 9
      vertex 1.93253 -25.586 9
    endloop
  endfacet
  facet normal -0 0 -1
    outer loop
      vertex 2.3097 -15.0433 9
      vertex -2.5 -16 9
      vertex 2.2048 -14.8215 9
    endloop
  endfacet
  facet normal 0 0 -1
    outer loop
      vertex -2.5 -24 9
      vertex 1.93253 -25.586 9
      vertex 1.76777 -25.7678 9
    endloop
  endfacet
  facet normal -0 0 -1
    outer loop
      vertex 2.2048 -14.8215 9
      vertex -2.5 -16 9
      vertex 2.07867 -14.6111 9
    endloop
  endfacet
  facet normal 0 0 -1
    outer loop
      vertex -2.5 -24 9
      vertex 1.76777 -25.7678 9
      vertex 1.58598 -25.9325 9
    endloop
  endfacet
  facet normal -0 0 -1
    outer loop
      vertex 2.07867 -14.6111 9
      vertex -2.5 -16 9
      vertex 1.93253 -14.414 9
    endloop
  endfacet
  facet normal 0 0 -1
    outer loop
      vertex -2.5 -24 9
      vertex 1.58598 -25.9325 9
      vertex 1.38893 -26.0787 9
    endloop
  endfacet
  facet normal -0 0 -1
    outer loop
      vertex 1.93253 -14.414 9
      vertex -2.5 -16 9
      vertex 1.76777 -14.2322 9
    endloop
  endfacet
  facet normal 0 0 -1
    outer loop
      vertex -2.5 -24 9
      vertex 1.38893 -26.0787 9
      vertex 1.17849 -26.2048 9
    endloop
  endfacet
  facet normal -0 0 -1
    outer loop
      vertex 1.76777 -14.2322 9
      vertex -2.5 -16 9
      vertex 1.58598 -14.0675 9
    endloop
  endfacet
  facet normal 0 0 -1
    outer loop
      vertex -2.5 -24 9
      vertex 1.17849 -26.2048 9
      vertex 0.956708 -26.3097 9
    endloop
  endfacet
  facet normal -0 0 -1
    outer loop
      vertex 1.58598 -14.0675 9
      vertex -2.5 -16 9
      vertex 1.38893 -13.9213 9
    endloop
  endfacet
  facet normal 0 0 -1
    outer loop
      vertex -2.5 -24 9
      vertex 0.956708 -26.3097 9
      vertex 0.725711 -26.3923 9
    endloop
  endfacet
  facet normal -0 0 -1
    outer loop
      vertex 1.38893 -13.9213 9
      vertex -2.5 -16 9
      vertex 1.17849 -13.7952 9
    endloop
  endfacet
  facet normal 0 0 -1
    outer loop
      vertex -2.5 -24 9
      vertex 0.725711 -26.3923 9
      vertex 0.487725 -26.452 9
    endloop
  endfacet
  facet normal -0 0 -1
    outer loop
      vertex 1.17849 -13.7952 9
      vertex -2.5 -16 9
      vertex 0.956708 -13.6903 9
    endloop
  endfacet
  facet normal 0 0 -1
    outer loop
      vertex -2.5 -24 9
      vertex 0.487725 -26.452 9
      vertex 0.245043 -26.488 9
    endloop
  endfacet
  facet normal -0 0 -1
    outer loop
      vertex 0.956708 -13.6903 9
      vertex -2.5 -16 9
      vertex 0.725711 -13.6076 9
    endloop
  endfacet
  facet normal 0 0 -1
    outer loop
      vertex -2.5 -24 9
      vertex 0.245043 -26.488 9
      vertex 0 -26.5 9
    endloop
  endfacet
  facet normal -0 0 -1
    outer loop
      vertex 0.725711 -13.6076 9
      vertex -2.5 -16 9
      vertex 0.487725 -13.548 9
    endloop
  endfacet
  facet normal 0 0 -1
    outer loop
      vertex -2.5 -24 9
      vertex 0 -26.5 9
      vertex -0.245043 -26.488 9
    endloop
  endfacet
  facet normal -0 0 -1
    outer loop
      vertex 0.487725 -13.548 9
      vertex -2.5 -16 9
      vertex 0.245043 -13.512 9
    endloop
  endfacet
  facet normal 0 0 -1
    outer loop
      vertex -2.5 -24 9
      vertex -0.245043 -26.488 9
      vertex -0.487725 -26.452 9
    endloop
  endfacet
  facet normal -0 0 -1
    outer loop
      vertex 0.245043 -13.512 9
      vertex -2.5 -16 9
      vertex 0 -13.5 9
    endloop
  endfacet
  facet normal 0 0 -1
    outer loop
      vertex -2.5 -24 9
      vertex -0.487725 -26.452 9
      vertex -0.725711 -26.3923 9
    endloop
  endfacet
  facet normal 0 0 -1
    outer loop
      vertex 0 -13.5 9
      vertex -2.5 -16 9
      vertex -0.245043 -13.512 9
    endloop
  endfacet
  facet normal 0 0 -1
    outer loop
      vertex -2.5 -24 9
      vertex -0.725711 -26.3923 9
      vertex -0.956708 -26.3097 9
    endloop
  endfacet
  facet normal 0 0 -1
    outer loop
      vertex -0.245043 -13.512 9
      vertex -2.5 -16 9
      vertex -0.487725 -13.548 9
    endloop
  endfacet
  facet normal 0 0 -1
    outer loop
      vertex -2.5 -24 9
      vertex -0.956708 -26.3097 9
      vertex -1.17849 -26.2048 9
    endloop
  endfacet
  facet normal 0 0 -1
    outer loop
      vertex -0.487725 -13.548 9
      vertex -2.5 -16 9
      vertex -0.725711 -13.6076 9
    endloop
  endfacet
  facet normal 0 0 -1
    outer loop
      vertex -2.5 -24 9
      vertex -1.17849 -26.2048 9
      vertex -1.38893 -26.0787 9
    endloop
  endfacet
  facet normal 0 0 -1
    outer loop
      vertex -0.725711 -13.6076 9
      vertex -2.5 -16 9
      vertex -0.956708 -13.6903 9
    endloop
  endfacet
  facet normal 0 0 -1
    outer loop
      vertex -2.5 -24 9
      vertex -1.38893 -26.0787 9
      vertex -1.58598 -25.9325 9
    endloop
  endfacet
  facet normal 0 0 -1
    outer loop
      vertex -0.956708 -13.6903 9
      vertex -2.5 -16 9
      vertex -1.17849 -13.7952 9
    endloop
  endfacet
  facet normal 0 0 -1
    outer loop
      vertex -2.5 -24 9
      vertex -1.58598 -25.9325 9
      vertex -1.76777 -25.7678 9
    endloop
  endfacet
  facet normal 0 0 -1
    outer loop
      vertex -1.17849 -13.7952 9
      vertex -2.5 -16 9
      vertex -1.38893 -13.9213 9
    endloop
  endfacet
  facet normal 0 0 -1
    outer loop
      vertex -2.5 -24 9
      vertex -1.76777 -25.7678 9
      vertex -1.93253 -25.586 9
    endloop
  endfacet
  facet normal 0 0 -1
    outer loop
      vertex -1.38893 -13.9213 9
      vertex -2.5 -16 9
      vertex -1.58598 -14.0675 9
    endloop
  endfacet
  facet normal 0 0 -1
    outer loop
      vertex -2.5 -24 9
      vertex -1.93253 -25.586 9
      vertex -2.07867 -25.3889 9
    endloop
  endfacet
  facet normal 0 0 -1
    outer loop
      vertex -1.58598 -14.0675 9
      vertex -2.5 -16 9
      vertex -1.76777 -14.2322 9
    endloop
  endfacet
  facet normal 0 0 -1
    outer loop
      vertex -2.5 -24 9
      vertex -2.07867 -25.3889 9
      vertex -2.2048 -25.1785 9
    endloop
  endfacet
  facet normal 0 0 -1
    outer loop
      vertex -1.76777 -14.2322 9
      vertex -2.5 -16 9
      vertex -1.93253 -14.414 9
    endloop
  endfacet
  facet normal 0 0 -1
    outer loop
      vertex -2.5 -24 9
      vertex -2.2048 -25.1785 9
      vertex -2.3097 -24.9567 9
    endloop
  endfacet
  facet normal 0 0 -1
    outer loop
      vertex -1.93253 -14.414 9
      vertex -2.5 -16 9
      vertex -2.07867 -14.6111 9
    endloop
  endfacet
  facet normal 0 0 -1
    outer loop
      vertex -2.5 -24 9
      vertex -2.3097 -24.9567 9
      vertex -2.39235 -24.7257 9
    endloop
  endfacet
  facet normal 0 0 -1
    outer loop
      vertex -2.07867 -14.6111 9
      vertex -2.5 -16 9
      vertex -2.2048 -14.8215 9
    endloop
  endfacet
  facet normal 0 0 -1
    outer loop
      vertex -2.5 -24 9
      vertex -2.39235 -24.7257 9
      vertex -2.45196 -24.4877 9
    endloop
  endfacet
  facet normal 0 0 -1
    outer loop
      vertex -2.2048 -14.8215 9
      vertex -2.5 -16 9
      vertex -2.3097 -15.0433 9
    endloop
  endfacet
  facet normal 0 0 -1
    outer loop
      vertex -2.5 -24 9
      vertex -2.45196 -24.4877 9
      vertex -2.48796 -24.245 9
    endloop
  endfacet
  facet normal 0 0 -1
    outer loop
      vertex -2.3097 -15.0433 9
      vertex -2.5 -16 9
      vertex -2.39235 -15.2743 9
    endloop
  endfacet
  facet normal 0 0 -1
    outer loop
      vertex -2.39235 -15.2743 9
      vertex -2.5 -16 9
      vertex -2.45196 -15.5123 9
    endloop
  endfacet
  facet normal 0 0 -1
    outer loop
      vertex -2.45196 -15.5123 9
      vertex -2.5 -16 9
      vertex -2.48796 -15.755 9
    endloop
  endfacet
  facet normal -0.998795 0.0490836 0
    outer loop
      vertex 2.48796 -24.245 0
      vertex 2.5 -24 9
      vertex 2.5 -24 0
    endloop
  endfacet
  facet normal -0.998795 0.0490836 0
    outer loop
      vertex 2.5 -24 9
      vertex 2.48796 -24.245 0
      vertex 2.48796 -24.245 9
    endloop
  endfacet
  facet normal -0.857691 0.514166 0
    outer loop
      vertex 2.07867 -25.3889 0
      vertex 2.2048 -25.1785 9
      vertex 2.2048 -25.1785 0
    endloop
  endfacet
  facet normal -0.857691 0.514166 0
    outer loop
      vertex 2.2048 -25.1785 9
      vertex 2.07867 -25.3889 0
      vertex 2.07867 -25.3889 9
    endloop
  endfacet
  facet normal -0.941548 -0.336879 0
    outer loop
      vertex 2.39235 -15.2743 0
      vertex 2.3097 -15.0433 9
      vertex 2.3097 -15.0433 0
    endloop
  endfacet
  facet normal -0.941548 -0.336879 0
    outer loop
      vertex 2.3097 -15.0433 9
      vertex 2.39235 -15.2743 0
      vertex 2.39235 -15.2743 9
    endloop
  endfacet
  facet normal 0.970037 -0.242958 0
    outer loop
      vertex -2.45196 -15.5123 9
      vertex -2.39235 -15.2743 0
      vertex -2.39235 -15.2743 9
    endloop
  endfacet
  facet normal 0.970037 -0.242958 0
    outer loop
      vertex -2.39235 -15.2743 0
      vertex -2.45196 -15.5123 9
      vertex -2.45196 -15.5123 0
    endloop
  endfacet
  facet normal 0.803284 0.595596 0
    outer loop
      vertex -1.93253 -25.586 9
      vertex -2.07867 -25.3889 0
      vertex -2.07867 -25.3889 9
    endloop
  endfacet
  facet normal 0.803284 0.595596 0
    outer loop
      vertex -2.07867 -25.3889 0
      vertex -1.93253 -25.586 9
      vertex -1.93253 -25.586 0
    endloop
  endfacet
  facet normal -0.337063 -0.941482 0
    outer loop
      vertex 0.725711 -13.6076 0
      vertex 0.956708 -13.6903 9
      vertex 0.725711 -13.6076 9
    endloop
  endfacet
  facet normal -0.337063 -0.941482 -0
    outer loop
      vertex 0.956708 -13.6903 9
      vertex 0.725711 -13.6076 0
      vertex 0.956708 -13.6903 0
    endloop
  endfacet
  facet normal 0.243316 0.969947 -0
    outer loop
      vertex -0.487725 -26.452 0
      vertex -0.725711 -26.3923 9
      vertex -0.487725 -26.452 9
    endloop
  endfacet
  facet normal 0.243316 0.969947 0
    outer loop
      vertex -0.725711 -26.3923 9
      vertex -0.487725 -26.452 0
      vertex -0.725711 -26.3923 0
    endloop
  endfacet
  facet normal -0.336702 0.941611 0
    outer loop
      vertex 0.956708 -26.3097 0
      vertex 0.725711 -26.3923 9
      vertex 0.956708 -26.3097 9
    endloop
  endfacet
  facet normal -0.336702 0.941611 0
    outer loop
      vertex 0.725711 -26.3923 9
      vertex 0.956708 -26.3097 0
      vertex 0.725711 -26.3923 0
    endloop
  endfacet
  facet normal 0.0489124 0.998803 -0
    outer loop
      vertex 0 -26.5 0
      vertex -0.245043 -26.488 9
      vertex 0 -26.5 9
    endloop
  endfacet
  facet normal 0.0489124 0.998803 0
    outer loop
      vertex -0.245043 -26.488 9
      vertex 0 -26.5 0
      vertex -0.245043 -26.488 0
    endloop
  endfacet
  facet normal -1 0 0
    outer loop
      vertex 2.5 -24 0
      vertex 2.5 -16 9
      vertex 2.5 -16 0
    endloop
  endfacet
  facet normal -1 -0 0
    outer loop
      vertex 2.5 -16 9
      vertex 2.5 -24 0
      vertex 2.5 -24 9
    endloop
  endfacet
  facet normal 0.514004 -0.857788 0
    outer loop
      vertex -1.38893 -13.9213 0
      vertex -1.17849 -13.7952 9
      vertex -1.38893 -13.9213 9
    endloop
  endfacet
  facet normal 0.514004 -0.857788 0
    outer loop
      vertex -1.17849 -13.7952 9
      vertex -1.38893 -13.9213 0
      vertex -1.17849 -13.7952 0
    endloop
  endfacet
  facet normal 0.989177 0.146726 0
    outer loop
      vertex -2.45196 -24.4877 9
      vertex -2.48796 -24.245 0
      vertex -2.48796 -24.245 9
    endloop
  endfacet
  facet normal 0.989177 0.146726 0
    outer loop
      vertex -2.48796 -24.245 0
      vertex -2.45196 -24.4877 9
      vertex -2.45196 -24.4877 0
    endloop
  endfacet
  facet normal -0.242933 -0.970043 0
    outer loop
      vertex 0.487725 -13.548 0
      vertex 0.725711 -13.6076 9
      vertex 0.487725 -13.548 9
    endloop
  endfacet
  facet normal -0.242933 -0.970043 -0
    outer loop
      vertex 0.725711 -13.6076 9
      vertex 0.487725 -13.548 0
      vertex 0.725711 -13.6076 0
    endloop
  endfacet
  facet normal 0.427572 0.903982 -0
    outer loop
      vertex -0.956708 -26.3097 0
      vertex -1.17849 -26.2048 9
      vertex -0.956708 -26.3097 9
    endloop
  endfacet
  facet normal 0.427572 0.903982 0
    outer loop
      vertex -1.17849 -26.2048 9
      vertex -0.956708 -26.3097 0
      vertex -1.17849 -26.2048 0
    endloop
  endfacet
  facet normal 0.0489124 -0.998803 0
    outer loop
      vertex -0.245043 -13.512 0
      vertex 0 -13.5 9
      vertex -0.245043 -13.512 9
    endloop
  endfacet
  facet normal 0.0489124 -0.998803 0
    outer loop
      vertex 0 -13.5 9
      vertex -0.245043 -13.512 0
      vertex 0 -13.5 0
    endloop
  endfacet
  facet normal 0.336702 0.941611 -0
    outer loop
      vertex -0.725711 -26.3923 0
      vertex -0.956708 -26.3097 9
      vertex -0.725711 -26.3923 9
    endloop
  endfacet
  facet normal 0.336702 0.941611 0
    outer loop
      vertex -0.956708 -26.3097 9
      vertex -0.725711 -26.3923 0
      vertex -0.956708 -26.3097 0
    endloop
  endfacet
  facet normal -0.146737 0.989176 0
    outer loop
      vertex 0.487725 -26.452 0
      vertex 0.245043 -26.488 9
      vertex 0.487725 -26.452 9
    endloop
  endfacet
  facet normal -0.146737 0.989176 0
    outer loop
      vertex 0.245043 -26.488 9
      vertex 0.487725 -26.452 0
      vertex 0.245043 -26.488 0
    endloop
  endfacet
  facet normal 0.146737 -0.989176 0
    outer loop
      vertex -0.487725 -13.548 0
      vertex -0.245043 -13.512 9
      vertex -0.487725 -13.548 9
    endloop
  endfacet
  facet normal 0.146737 -0.989176 0
    outer loop
      vertex -0.245043 -13.512 9
      vertex -0.487725 -13.548 0
      vertex -0.245043 -13.512 0
    endloop
  endfacet
  facet normal 0.427572 -0.903982 0
    outer loop
      vertex -1.17849 -13.7952 0
      vertex -0.956708 -13.6903 9
      vertex -1.17849 -13.7952 9
    endloop
  endfacet
  facet normal 0.427572 -0.903982 0
    outer loop
      vertex -0.956708 -13.6903 9
      vertex -1.17849 -13.7952 0
      vertex -0.956708 -13.6903 0
    endloop
  endfacet
  facet normal 0.337063 -0.941482 0
    outer loop
      vertex -0.956708 -13.6903 0
      vertex -0.725711 -13.6076 9
      vertex -0.956708 -13.6903 9
    endloop
  endfacet
  facet normal 0.337063 -0.941482 0
    outer loop
      vertex -0.725711 -13.6076 9
      vertex -0.956708 -13.6903 0
      vertex -0.725711 -13.6076 0
    endloop
  endfacet
  facet normal -0.0489124 -0.998803 0
    outer loop
      vertex 0 -13.5 0
      vertex 0.245043 -13.512 9
      vertex 0 -13.5 9
    endloop
  endfacet
  facet normal -0.0489124 -0.998803 -0
    outer loop
      vertex 0.245043 -13.512 9
      vertex 0 -13.5 0
      vertex 0.245043 -13.512 0
    endloop
  endfacet
  facet normal 0.998795 0.0490836 0
    outer loop
      vertex -2.48796 -24.245 9
      vertex -2.5 -24 0
      vertex -2.5 -24 9
    endloop
  endfacet
  facet normal 0.998795 0.0490836 0
    outer loop
      vertex -2.5 -24 0
      vertex -2.48796 -24.245 9
      vertex -2.48796 -24.245 0
    endloop
  endfacet
  facet normal -0.803284 -0.595596 0
    outer loop
      vertex 2.07867 -14.6111 0
      vertex 1.93253 -14.414 9
      vertex 1.93253 -14.414 0
    endloop
  endfacet
  facet normal -0.803284 -0.595596 0
    outer loop
      vertex 1.93253 -14.414 9
      vertex 2.07867 -14.6111 0
      vertex 2.07867 -14.6111 9
    endloop
  endfacet
  facet normal 0.146737 0.989176 -0
    outer loop
      vertex -0.245043 -26.488 0
      vertex -0.487725 -26.452 9
      vertex -0.245043 -26.488 9
    endloop
  endfacet
  facet normal 0.146737 0.989176 0
    outer loop
      vertex -0.487725 -26.452 9
      vertex -0.245043 -26.488 0
      vertex -0.487725 -26.452 0
    endloop
  endfacet
  facet normal -0.595851 -0.803095 0
    outer loop
      vertex 1.38893 -13.9213 0
      vertex 1.58598 -14.0675 9
      vertex 1.38893 -13.9213 9
    endloop
  endfacet
  facet normal -0.595851 -0.803095 -0
    outer loop
      vertex 1.58598 -14.0675 9
      vertex 1.38893 -13.9213 0
      vertex 1.58598 -14.0675 0
    endloop
  endfacet
  facet normal -0.970037 -0.242958 0
    outer loop
      vertex 2.45196 -15.5123 0
      vertex 2.39235 -15.2743 9
      vertex 2.39235 -15.2743 0
    endloop
  endfacet
  facet normal -0.970037 -0.242958 0
    outer loop
      vertex 2.39235 -15.2743 9
      vertex 2.45196 -15.5123 0
      vertex 2.45196 -15.5123 9
    endloop
  endfacet
  facet normal -0.989177 -0.146726 0
    outer loop
      vertex 2.48796 -15.755 0
      vertex 2.45196 -15.5123 9
      vertex 2.45196 -15.5123 0
    endloop
  endfacet
  facet normal -0.989177 -0.146726 0
    outer loop
      vertex 2.45196 -15.5123 9
      vertex 2.48796 -15.755 0
      vertex 2.48796 -15.755 9
    endloop
  endfacet
  facet normal 0.941548 0.336879 0
    outer loop
      vertex -2.3097 -24.9567 9
      vertex -2.39235 -24.7257 0
      vertex -2.39235 -24.7257 9
    endloop
  endfacet
  facet normal 0.941548 0.336879 0
    outer loop
      vertex -2.39235 -24.7257 0
      vertex -2.3097 -24.9567 9
      vertex -2.3097 -24.9567 0
    endloop
  endfacet
  facet normal 1 -0 0
    outer loop
      vertex -2.5 -24 9
      vertex -2.5 -16 0
      vertex -2.5 -16 9
    endloop
  endfacet
  facet normal 1 0 0
    outer loop
      vertex -2.5 -16 0
      vertex -2.5 -24 9
      vertex -2.5 -24 0
    endloop
  endfacet
  facet normal -0.671414 -0.741083 0
    outer loop
      vertex 1.58598 -14.0675 0
      vertex 1.76777 -14.2322 9
      vertex 1.58598 -14.0675 9
    endloop
  endfacet
  facet normal -0.671414 -0.741083 -0
    outer loop
      vertex 1.76777 -14.2322 9
      vertex 1.58598 -14.0675 0
      vertex 1.76777 -14.2322 0
    endloop
  endfacet
  facet normal -0.998795 -0.0490836 0
    outer loop
      vertex 2.5 -16 0
      vertex 2.48796 -15.755 9
      vertex 2.48796 -15.755 0
    endloop
  endfacet
  facet normal -0.998795 -0.0490836 0
    outer loop
      vertex 2.48796 -15.755 9
      vertex 2.5 -16 0
      vertex 2.5 -16 9
    endloop
  endfacet
  facet normal -0.857691 -0.514166 0
    outer loop
      vertex 2.2048 -14.8215 0
      vertex 2.07867 -14.6111 9
      vertex 2.07867 -14.6111 0
    endloop
  endfacet
  facet normal -0.857691 -0.514166 0
    outer loop
      vertex 2.07867 -14.6111 9
      vertex 2.2048 -14.8215 0
      vertex 2.2048 -14.8215 9
    endloop
  endfacet
  facet normal -0.427572 0.903982 0
    outer loop
      vertex 1.17849 -26.2048 0
      vertex 0.956708 -26.3097 9
      vertex 1.17849 -26.2048 9
    endloop
  endfacet
  facet normal -0.427572 0.903982 0
    outer loop
      vertex 0.956708 -26.3097 9
      vertex 1.17849 -26.2048 0
      vertex 0.956708 -26.3097 0
    endloop
  endfacet
  facet normal -0.514004 -0.857788 0
    outer loop
      vertex 1.17849 -13.7952 0
      vertex 1.38893 -13.9213 9
      vertex 1.17849 -13.7952 9
    endloop
  endfacet
  facet normal -0.514004 -0.857788 -0
    outer loop
      vertex 1.38893 -13.9213 9
      vertex 1.17849 -13.7952 0
      vertex 1.38893 -13.9213 0
    endloop
  endfacet
  facet normal 0.989177 -0.146726 0
    outer loop
      vertex -2.48796 -15.755 9
      vertex -2.45196 -15.5123 0
      vertex -2.45196 -15.5123 9
    endloop
  endfacet
  facet normal 0.989177 -0.146726 0
    outer loop
      vertex -2.45196 -15.5123 0
      vertex -2.48796 -15.755 9
      vertex -2.48796 -15.755 0
    endloop
  endfacet
  facet normal -0.146737 -0.989176 0
    outer loop
      vertex 0.245043 -13.512 0
      vertex 0.487725 -13.548 9
      vertex 0.245043 -13.512 9
    endloop
  endfacet
  facet normal -0.146737 -0.989176 -0
    outer loop
      vertex 0.487725 -13.548 9
      vertex 0.245043 -13.512 0
      vertex 0.487725 -13.548 0
    endloop
  endfacet
  facet normal 0.998795 -0.0490836 0
    outer loop
      vertex -2.5 -16 9
      vertex -2.48796 -15.755 0
      vertex -2.48796 -15.755 9
    endloop
  endfacet
  facet normal 0.998795 -0.0490836 0
    outer loop
      vertex -2.48796 -15.755 0
      vertex -2.5 -16 9
      vertex -2.5 -16 0
    endloop
  endfacet
  facet normal 0.514004 0.857788 -0
    outer loop
      vertex -1.17849 -26.2048 0
      vertex -1.38893 -26.0787 9
      vertex -1.17849 -26.2048 9
    endloop
  endfacet
  facet normal 0.514004 0.857788 0
    outer loop
      vertex -1.38893 -26.0787 9
      vertex -1.17849 -26.2048 0
      vertex -1.38893 -26.0787 0
    endloop
  endfacet
  facet normal 0.595851 0.803095 -0
    outer loop
      vertex -1.38893 -26.0787 0
      vertex -1.58598 -25.9325 9
      vertex -1.38893 -26.0787 9
    endloop
  endfacet
  facet normal 0.595851 0.803095 0
    outer loop
      vertex -1.58598 -25.9325 9
      vertex -1.38893 -26.0787 0
      vertex -1.58598 -25.9325 0
    endloop
  endfacet
  facet normal 0.903995 0.427543 0
    outer loop
      vertex -2.2048 -25.1785 9
      vertex -2.3097 -24.9567 0
      vertex -2.3097 -24.9567 9
    endloop
  endfacet
  facet normal 0.903995 0.427543 0
    outer loop
      vertex -2.3097 -24.9567 0
      vertex -2.2048 -25.1785 9
      vertex -2.2048 -25.1785 0
    endloop
  endfacet
  facet normal 0.242933 -0.970043 0
    outer loop
      vertex -0.725711 -13.6076 0
      vertex -0.487725 -13.548 9
      vertex -0.725711 -13.6076 9
    endloop
  endfacet
  facet normal 0.242933 -0.970043 0
    outer loop
      vertex -0.487725 -13.548 9
      vertex -0.725711 -13.6076 0
      vertex -0.487725 -13.548 0
    endloop
  endfacet
  facet normal 0.740979 0.671528 0
    outer loop
      vertex -1.76777 -25.7678 9
      vertex -1.93253 -25.586 0
      vertex -1.93253 -25.586 9
    endloop
  endfacet
  facet normal 0.740979 0.671528 0
    outer loop
      vertex -1.93253 -25.586 0
      vertex -1.76777 -25.7678 9
      vertex -1.76777 -25.7678 0
    endloop
  endfacet
  facet normal -0.803284 0.595596 0
    outer loop
      vertex 1.93253 -25.586 0
      vertex 2.07867 -25.3889 9
      vertex 2.07867 -25.3889 0
    endloop
  endfacet
  facet normal -0.803284 0.595596 0
    outer loop
      vertex 2.07867 -25.3889 9
      vertex 1.93253 -25.586 0
      vertex 1.93253 -25.586 9
    endloop
  endfacet
  facet normal 0.803284 -0.595596 0
    outer loop
      vertex -2.07867 -14.6111 9
      vertex -1.93253 -14.414 0
      vertex -1.93253 -14.414 9
    endloop
  endfacet
  facet normal 0.803284 -0.595596 0
    outer loop
      vertex -1.93253 -14.414 0
      vertex -2.07867 -14.6111 9
      vertex -2.07867 -14.6111 0
    endloop
  endfacet
  facet normal 0.970037 0.242958 0
    outer loop
      vertex -2.39235 -24.7257 9
      vertex -2.45196 -24.4877 0
      vertex -2.45196 -24.4877 9
    endloop
  endfacet
  facet normal 0.970037 0.242958 0
    outer loop
      vertex -2.45196 -24.4877 0
      vertex -2.39235 -24.7257 9
      vertex -2.39235 -24.7257 0
    endloop
  endfacet
  facet normal 0.740979 -0.671528 0
    outer loop
      vertex -1.93253 -14.414 9
      vertex -1.76777 -14.2322 0
      vertex -1.76777 -14.2322 9
    endloop
  endfacet
  facet normal 0.740979 -0.671528 0
    outer loop
      vertex -1.76777 -14.2322 0
      vertex -1.93253 -14.414 9
      vertex -1.93253 -14.414 0
    endloop
  endfacet
  facet normal 0.941548 -0.336879 0
    outer loop
      vertex -2.39235 -15.2743 9
      vertex -2.3097 -15.0433 0
      vertex -2.3097 -15.0433 9
    endloop
  endfacet
  facet normal 0.941548 -0.336879 0
    outer loop
      vertex -2.3097 -15.0433 0
      vertex -2.39235 -15.2743 9
      vertex -2.39235 -15.2743 0
    endloop
  endfacet
  facet normal 0.903995 -0.427543 0
    outer loop
      vertex -2.3097 -15.0433 9
      vertex -2.2048 -14.8215 0
      vertex -2.2048 -14.8215 9
    endloop
  endfacet
  facet normal 0.903995 -0.427543 0
    outer loop
      vertex -2.2048 -14.8215 0
      vertex -2.3097 -15.0433 9
      vertex -2.3097 -15.0433 0
    endloop
  endfacet
  facet normal -0.0489124 0.998803 0
    outer loop
      vertex 0.245043 -26.488 0
      vertex 0 -26.5 9
      vertex 0.245043 -26.488 9
    endloop
  endfacet
  facet normal -0.0489124 0.998803 0
    outer loop
      vertex 0 -26.5 9
      vertex 0.245043 -26.488 0
      vertex 0 -26.5 0
    endloop
  endfacet
  facet normal -0.671414 0.741083 0
    outer loop
      vertex 1.76777 -25.7678 0
      vertex 1.58598 -25.9325 9
      vertex 1.76777 -25.7678 9
    endloop
  endfacet
  facet normal -0.671414 0.741083 0
    outer loop
      vertex 1.58598 -25.9325 9
      vertex 1.76777 -25.7678 0
      vertex 1.58598 -25.9325 0
    endloop
  endfacet
  facet normal 0.857691 0.514166 0
    outer loop
      vertex -2.07867 -25.3889 9
      vertex -2.2048 -25.1785 0
      vertex -2.2048 -25.1785 9
    endloop
  endfacet
  facet normal 0.857691 0.514166 0
    outer loop
      vertex -2.2048 -25.1785 0
      vertex -2.07867 -25.3889 9
      vertex -2.07867 -25.3889 0
    endloop
  endfacet
  facet normal 0.857691 -0.514166 0
    outer loop
      vertex -2.2048 -14.8215 9
      vertex -2.07867 -14.6111 0
      vertex -2.07867 -14.6111 9
    endloop
  endfacet
  facet normal 0.857691 -0.514166 0
    outer loop
      vertex -2.07867 -14.6111 0
      vertex -2.2048 -14.8215 9
      vertex -2.2048 -14.8215 0
    endloop
  endfacet
  facet normal -0.595851 0.803095 0
    outer loop
      vertex 1.58598 -25.9325 0
      vertex 1.38893 -26.0787 9
      vertex 1.58598 -25.9325 9
    endloop
  endfacet
  facet normal -0.595851 0.803095 0
    outer loop
      vertex 1.38893 -26.0787 9
      vertex 1.58598 -25.9325 0
      vertex 1.38893 -26.0787 0
    endloop
  endfacet
  facet normal -0.740979 0.671528 0
    outer loop
      vertex 1.76777 -25.7678 0
      vertex 1.93253 -25.586 9
      vertex 1.93253 -25.586 0
    endloop
  endfacet
  facet normal -0.740979 0.671528 0
    outer loop
      vertex 1.93253 -25.586 9
      vertex 1.76777 -25.7678 0
      vertex 1.76777 -25.7678 9
    endloop
  endfacet
  facet normal -0.903995 -0.427543 0
    outer loop
      vertex 2.3097 -15.0433 0
      vertex 2.2048 -14.8215 9
      vertex 2.2048 -14.8215 0
    endloop
  endfacet
  facet normal -0.903995 -0.427543 0
    outer loop
      vertex 2.2048 -14.8215 9
      vertex 2.3097 -15.0433 0
      vertex 2.3097 -15.0433 9
    endloop
  endfacet
  facet normal -0.740979 -0.671528 0
    outer loop
      vertex 1.93253 -14.414 0
      vertex 1.76777 -14.2322 9
      vertex 1.76777 -14.2322 0
    endloop
  endfacet
  facet normal -0.740979 -0.671528 0
    outer loop
      vertex 1.76777 -14.2322 9
      vertex 1.93253 -14.414 0
      vertex 1.93253 -14.414 9
    endloop
  endfacet
  facet normal 0.671414 0.741083 -0
    outer loop
      vertex -1.58598 -25.9325 0
      vertex -1.76777 -25.7678 9
      vertex -1.58598 -25.9325 9
    endloop
  endfacet
  facet normal 0.671414 0.741083 0
    outer loop
      vertex -1.76777 -25.7678 9
      vertex -1.58598 -25.9325 0
      vertex -1.76777 -25.7678 0
    endloop
  endfacet
  facet normal -0.243316 0.969947 0
    outer loop
      vertex 0.725711 -26.3923 0
      vertex 0.487725 -26.452 9
      vertex 0.725711 -26.3923 9
    endloop
  endfacet
  facet normal -0.243316 0.969947 0
    outer loop
      vertex 0.487725 -26.452 9
      vertex 0.725711 -26.3923 0
      vertex 0.487725 -26.452 0
    endloop
  endfacet
  facet normal -0.941548 0.336879 0
    outer loop
      vertex 2.3097 -24.9567 0
      vertex 2.39235 -24.7257 9
      vertex 2.39235 -24.7257 0
    endloop
  endfacet
  facet normal -0.941548 0.336879 0
    outer loop
      vertex 2.39235 -24.7257 9
      vertex 2.3097 -24.9567 0
      vertex 2.3097 -24.9567 9
    endloop
  endfacet
  facet normal -0.970037 0.242958 0
    outer loop
      vertex 2.39235 -24.7257 0
      vertex 2.45196 -24.4877 9
      vertex 2.45196 -24.4877 0
    endloop
  endfacet
  facet normal -0.970037 0.242958 0
    outer loop
      vertex 2.45196 -24.4877 9
      vertex 2.39235 -24.7257 0
      vertex 2.39235 -24.7257 9
    endloop
  endfacet
  facet normal -0.989177 0.146726 0
    outer loop
      vertex 2.45196 -24.4877 0
      vertex 2.48796 -24.245 9
      vertex 2.48796 -24.245 0
    endloop
  endfacet
  facet normal -0.989177 0.146726 0
    outer loop
      vertex 2.48796 -24.245 9
      vertex 2.45196 -24.4877 0
      vertex 2.45196 -24.4877 9
    endloop
  endfacet
  facet normal -0.514004 0.857788 0
    outer loop
      vertex 1.38893 -26.0787 0
      vertex 1.17849 -26.2048 9
      vertex 1.38893 -26.0787 9
    endloop
  endfacet
  facet normal -0.514004 0.857788 0
    outer loop
      vertex 1.17849 -26.2048 9
      vertex 1.38893 -26.0787 0
      vertex 1.17849 -26.2048 0
    endloop
  endfacet
  facet normal -0.903995 0.427543 0
    outer loop
      vertex 2.2048 -25.1785 0
      vertex 2.3097 -24.9567 9
      vertex 2.3097 -24.9567 0
    endloop
  endfacet
  facet normal -0.903995 0.427543 0
    outer loop
      vertex 2.3097 -24.9567 9
      vertex 2.2048 -25.1785 0
      vertex 2.2048 -25.1785 9
    endloop
  endfacet
  facet normal 0.671414 -0.741083 0
    outer loop
      vertex -1.76777 -14.2322 0
      vertex -1.58598 -14.0675 9
      vertex -1.76777 -14.2322 9
    endloop
  endfacet
  facet normal 0.671414 -0.741083 0
    outer loop
      vertex -1.58598 -14.0675 9
      vertex -1.76777 -14.2322 0
      vertex -1.58598 -14.0675 0
    endloop
  endfacet
  facet normal 0.595851 -0.803095 0
    outer loop
      vertex -1.58598 -14.0675 0
      vertex -1.38893 -13.9213 9
      vertex -1.58598 -14.0675 9
    endloop
  endfacet
  facet normal 0.595851 -0.803095 0
    outer loop
      vertex -1.38893 -13.9213 9
      vertex -1.58598 -14.0675 0
      vertex -1.38893 -13.9213 0
    endloop
  endfacet
  facet normal -0.989174 0.146746 0
    outer loop
      vertex -16.1729 30.2442 0
      vertex -16.0433 31.1178 8
      vertex -16.0433 31.1178 0
    endloop
  endfacet
  facet normal -0.989174 0.146746 0
    outer loop
      vertex -16.0433 31.1178 8
      vertex -16.1729 30.2442 0
      vertex -16.1729 30.2442 8
    endloop
  endfacet
  facet normal -0.998798 0.0490228 0
    outer loop
      vertex -16.0433 31.1178 0
      vertex -16 32 8
      vertex -16 32 0
    endloop
  endfacet
  facet normal -0.998798 0.0490228 0
    outer loop
      vertex -16 32 8
      vertex -16.0433 31.1178 0
      vertex -16.0433 31.1178 8
    endloop
  endfacet
  facet normal -0.970036 0.242962 0
    outer loop
      vertex -16.3875 29.3874 0
      vertex -16.1729 30.2442 8
      vertex -16.1729 30.2442 0
    endloop
  endfacet
  facet normal -0.970036 0.242962 0
    outer loop
      vertex -16.1729 30.2442 8
      vertex -16.3875 29.3874 0
      vertex -16.3875 29.3874 8
    endloop
  endfacet
  facet normal 0.989174 -0.146746 0
    outer loop
      vertex -33.9567 32.8822 8
      vertex -33.8271 33.7558 0
      vertex -33.8271 33.7558 8
    endloop
  endfacet
  facet normal 0.989174 -0.146746 0
    outer loop
      vertex -33.8271 33.7558 0
      vertex -33.9567 32.8822 8
      vertex -33.9567 32.8822 0
    endloop
  endfacet
  facet normal -0.336939 0.941527 0
    outer loop
      vertex -21.5558 23.6851 0
      vertex -22.3874 23.3875 8
      vertex -21.5558 23.6851 8
    endloop
  endfacet
  facet normal -0.336939 0.941527 0
    outer loop
      vertex -22.3874 23.3875 8
      vertex -21.5558 23.6851 0
      vertex -22.3874 23.3875 0
    endloop
  endfacet
  facet normal -0.59568 -0.803222 0
    outer loop
      vertex -19.9999 39.4832 0
      vertex -19.2905 38.9571 8
      vertex -19.9999 39.4832 8
    endloop
  endfacet
  facet normal -0.59568 -0.803222 -0
    outer loop
      vertex -19.2905 38.9571 8
      vertex -19.9999 39.4832 0
      vertex -19.2905 38.9571 0
    endloop
  endfacet
  facet normal -0.146746 -0.989174 0
    outer loop
      vertex -24.1178 40.9567 0
      vertex -23.2442 40.8271 8
      vertex -24.1178 40.9567 8
    endloop
  endfacet
  facet normal -0.146746 -0.989174 -0
    outer loop
      vertex -23.2442 40.8271 8
      vertex -24.1178 40.9567 0
      vertex -23.2442 40.8271 0
    endloop
  endfacet
  facet normal 0.803222 0.59568 0
    outer loop
      vertex -31.9571 26.2905 8
      vertex -32.4832 26.9999 0
      vertex -32.4832 26.9999 8
    endloop
  endfacet
  facet normal 0.803222 0.59568 0
    outer loop
      vertex -32.4832 26.9999 0
      vertex -31.9571 26.2905 8
      vertex -31.9571 26.2905 0
    endloop
  endfacet
  facet normal 0.0490228 0.998798 -0
    outer loop
      vertex -25 23 0
      vertex -25.8822 23.0433 8
      vertex -25 23 8
    endloop
  endfacet
  facet normal 0.0490228 0.998798 0
    outer loop
      vertex -25.8822 23.0433 8
      vertex -25 23 0
      vertex -25.8822 23.0433 0
    endloop
  endfacet
  facet normal 0.803222 -0.59568 0
    outer loop
      vertex -32.4832 37.0001 8
      vertex -31.9571 37.7095 0
      vertex -31.9571 37.7095 8
    endloop
  endfacet
  facet normal 0.803222 -0.59568 0
    outer loop
      vertex -31.9571 37.7095 0
      vertex -32.4832 37.0001 8
      vertex -32.4832 37.0001 0
    endloop
  endfacet
  facet normal 0.74101 0.671494 0
    outer loop
      vertex -31.364 25.636 8
      vertex -31.9571 26.2905 0
      vertex -31.9571 26.2905 8
    endloop
  endfacet
  facet normal 0.74101 0.671494 0
    outer loop
      vertex -31.9571 26.2905 0
      vertex -31.364 25.636 8
      vertex -31.364 25.636 0
    endloop
  endfacet
  facet normal -0.427541 -0.903996 0
    outer loop
      vertex -21.5558 40.3149 0
      vertex -20.7574 39.9373 8
      vertex -21.5558 40.3149 8
    endloop
  endfacet
  facet normal -0.427541 -0.903996 -0
    outer loop
      vertex -20.7574 39.9373 8
      vertex -21.5558 40.3149 0
      vertex -20.7574 39.9373 0
    endloop
  endfacet
  facet normal -0.514163 0.857693 0
    outer loop
      vertex -19.9999 24.5168 0
      vertex -20.7574 24.0627 8
      vertex -19.9999 24.5168 8
    endloop
  endfacet
  facet normal -0.514163 0.857693 0
    outer loop
      vertex -20.7574 24.0627 8
      vertex -19.9999 24.5168 0
      vertex -20.7574 24.0627 0
    endloop
  endfacet
  facet normal 0.146746 -0.989174 0
    outer loop
      vertex -26.7558 40.8271 0
      vertex -25.8822 40.9567 8
      vertex -26.7558 40.8271 8
    endloop
  endfacet
  facet normal 0.146746 -0.989174 0
    outer loop
      vertex -25.8822 40.9567 8
      vertex -26.7558 40.8271 0
      vertex -25.8822 40.9567 0
    endloop
  endfacet
  facet normal 0.59568 0.803222 -0
    outer loop
      vertex -30.0001 24.5168 0
      vertex -30.7095 25.0429 8
      vertex -30.0001 24.5168 8
    endloop
  endfacet
  facet normal 0.59568 0.803222 0
    outer loop
      vertex -30.7095 25.0429 8
      vertex -30.0001 24.5168 0
      vertex -30.7095 25.0429 0
    endloop
  endfacet
  facet normal -0.427541 0.903996 0
    outer loop
      vertex -20.7574 24.0627 0
      vertex -21.5558 23.6851 8
      vertex -20.7574 24.0627 8
    endloop
  endfacet
  facet normal -0.427541 0.903996 0
    outer loop
      vertex -21.5558 23.6851 8
      vertex -20.7574 24.0627 0
      vertex -21.5558 23.6851 0
    endloop
  endfacet
  facet normal -0.803222 -0.59568 0
    outer loop
      vertex -17.5168 37.0001 0
      vertex -18.0429 37.7095 8
      vertex -18.0429 37.7095 0
    endloop
  endfacet
  facet normal -0.803222 -0.59568 0
    outer loop
      vertex -18.0429 37.7095 8
      vertex -17.5168 37.0001 0
      vertex -17.5168 37.0001 8
    endloop
  endfacet
  facet normal -0.336939 -0.941527 0
    outer loop
      vertex -22.3874 40.6125 0
      vertex -21.5558 40.3149 8
      vertex -22.3874 40.6125 8
    endloop
  endfacet
  facet normal -0.336939 -0.941527 -0
    outer loop
      vertex -21.5558 40.3149 8
      vertex -22.3874 40.6125 0
      vertex -21.5558 40.3149 0
    endloop
  endfacet
  facet normal 0.336975 -0.941514 0
    outer loop
      vertex -28.4441 40.3149 0
      vertex -27.6126 40.6125 8
      vertex -28.4441 40.3149 8
    endloop
  endfacet
  facet normal 0.336975 -0.941514 0
    outer loop
      vertex -27.6126 40.6125 8
      vertex -28.4441 40.3149 0
      vertex -27.6126 40.6125 0
    endloop
  endfacet
  facet normal 0.941514 -0.336975 0
    outer loop
      vertex -33.6125 34.6126 8
      vertex -33.3149 35.4441 0
      vertex -33.3149 35.4441 8
    endloop
  endfacet
  facet normal 0.941514 -0.336975 0
    outer loop
      vertex -33.3149 35.4441 0
      vertex -33.6125 34.6126 8
      vertex -33.6125 34.6126 0
    endloop
  endfacet
  facet normal -0.0490228 -0.998798 0
    outer loop
      vertex -25 41 0
      vertex -24.1178 40.9567 8
      vertex -25 41 8
    endloop
  endfacet
  facet normal -0.0490228 -0.998798 -0
    outer loop
      vertex -24.1178 40.9567 8
      vertex -25 41 0
      vertex -24.1178 40.9567 0
    endloop
  endfacet
  facet normal 0.998798 -0.0490228 0
    outer loop
      vertex -34 32 8
      vertex -33.9567 32.8822 0
      vertex -33.9567 32.8822 8
    endloop
  endfacet
  facet normal 0.998798 -0.0490228 0
    outer loop
      vertex -33.9567 32.8822 0
      vertex -34 32 8
      vertex -34 32 0
    endloop
  endfacet
  facet normal -0.514163 -0.857693 0
    outer loop
      vertex -20.7574 39.9373 0
      vertex -19.9999 39.4832 8
      vertex -20.7574 39.9373 8
    endloop
  endfacet
  facet normal -0.514163 -0.857693 -0
    outer loop
      vertex -19.9999 39.4832 8
      vertex -20.7574 39.9373 0
      vertex -19.9999 39.4832 0
    endloop
  endfacet
  facet normal -0.59568 0.803222 0
    outer loop
      vertex -19.2905 25.0429 0
      vertex -19.9999 24.5168 8
      vertex -19.2905 25.0429 8
    endloop
  endfacet
  facet normal -0.59568 0.803222 0
    outer loop
      vertex -19.9999 24.5168 8
      vertex -19.2905 25.0429 0
      vertex -19.9999 24.5168 0
    endloop
  endfacet
  facet normal 0.242962 0.970036 -0
    outer loop
      vertex -26.7558 23.1729 0
      vertex -27.6126 23.3875 8
      vertex -26.7558 23.1729 8
    endloop
  endfacet
  facet normal 0.242962 0.970036 0
    outer loop
      vertex -27.6126 23.3875 8
      vertex -26.7558 23.1729 0
      vertex -27.6126 23.3875 0
    endloop
  endfacet
  facet normal 0.59568 -0.803222 0
    outer loop
      vertex -30.7095 38.9571 0
      vertex -30.0001 39.4832 8
      vertex -30.7095 38.9571 8
    endloop
  endfacet
  facet normal 0.59568 -0.803222 0
    outer loop
      vertex -30.0001 39.4832 8
      vertex -30.7095 38.9571 0
      vertex -30.0001 39.4832 0
    endloop
  endfacet
  facet normal 0.336975 0.941514 -0
    outer loop
      vertex -27.6126 23.3875 0
      vertex -28.4441 23.6851 8
      vertex -27.6126 23.3875 8
    endloop
  endfacet
  facet normal 0.336975 0.941514 0
    outer loop
      vertex -28.4441 23.6851 8
      vertex -27.6126 23.3875 0
      vertex -28.4441 23.6851 0
    endloop
  endfacet
  facet normal 0.671494 0.74101 -0
    outer loop
      vertex -30.7095 25.0429 0
      vertex -31.364 25.636 8
      vertex -30.7095 25.0429 8
    endloop
  endfacet
  facet normal 0.671494 0.74101 0
    outer loop
      vertex -31.364 25.636 8
      vertex -30.7095 25.0429 0
      vertex -31.364 25.636 0
    endloop
  endfacet
  facet normal 0.857693 0.514163 0
    outer loop
      vertex -32.4832 26.9999 8
      vertex -32.9373 27.7574 0
      vertex -32.9373 27.7574 8
    endloop
  endfacet
  facet normal 0.857693 0.514163 0
    outer loop
      vertex -32.9373 27.7574 0
      vertex -32.4832 26.9999 8
      vertex -32.4832 26.9999 0
    endloop
  endfacet
  facet normal -0.803222 0.59568 0
    outer loop
      vertex -18.0429 26.2905 0
      vertex -17.5168 26.9999 8
      vertex -17.5168 26.9999 0
    endloop
  endfacet
  facet normal -0.803222 0.59568 0
    outer loop
      vertex -17.5168 26.9999 8
      vertex -18.0429 26.2905 0
      vertex -18.0429 26.2905 8
    endloop
  endfacet
  facet normal -0.941514 -0.336975 0
    outer loop
      vertex -16.3875 34.6126 0
      vertex -16.6851 35.4441 8
      vertex -16.6851 35.4441 0
    endloop
  endfacet
  facet normal -0.941514 -0.336975 0
    outer loop
      vertex -16.6851 35.4441 8
      vertex -16.3875 34.6126 0
      vertex -16.3875 34.6126 8
    endloop
  endfacet
  facet normal -0.242962 -0.970036 0
    outer loop
      vertex -23.2442 40.8271 0
      vertex -22.3874 40.6125 8
      vertex -23.2442 40.8271 8
    endloop
  endfacet
  facet normal -0.242962 -0.970036 -0
    outer loop
      vertex -22.3874 40.6125 8
      vertex -23.2442 40.8271 0
      vertex -22.3874 40.6125 0
    endloop
  endfacet
  facet normal -0.941527 0.336939 0
    outer loop
      vertex -16.6851 28.5558 0
      vertex -16.3875 29.3874 8
      vertex -16.3875 29.3874 0
    endloop
  endfacet
  facet normal -0.941527 0.336939 0
    outer loop
      vertex -16.3875 29.3874 8
      vertex -16.6851 28.5558 0
      vertex -16.6851 28.5558 8
    endloop
  endfacet
  facet normal -0.242962 0.970036 0
    outer loop
      vertex -22.3874 23.3875 0
      vertex -23.2442 23.1729 8
      vertex -22.3874 23.3875 8
    endloop
  endfacet
  facet normal -0.242962 0.970036 0
    outer loop
      vertex -23.2442 23.1729 8
      vertex -22.3874 23.3875 0
      vertex -23.2442 23.1729 0
    endloop
  endfacet
  facet normal -0.671494 0.74101 0
    outer loop
      vertex -18.636 25.636 0
      vertex -19.2905 25.0429 8
      vertex -18.636 25.636 8
    endloop
  endfacet
  facet normal -0.671494 0.74101 0
    outer loop
      vertex -19.2905 25.0429 8
      vertex -18.636 25.636 0
      vertex -19.2905 25.0429 0
    endloop
  endfacet
  facet normal 0.989174 0.146746 0
    outer loop
      vertex -33.8271 30.2442 8
      vertex -33.9567 31.1178 0
      vertex -33.9567 31.1178 8
    endloop
  endfacet
  facet normal 0.989174 0.146746 0
    outer loop
      vertex -33.9567 31.1178 0
      vertex -33.8271 30.2442 8
      vertex -33.8271 30.2442 0
    endloop
  endfacet
  facet normal -0.970036 -0.242962 0
    outer loop
      vertex -16.1729 33.7558 0
      vertex -16.3875 34.6126 8
      vertex -16.3875 34.6126 0
    endloop
  endfacet
  facet normal -0.970036 -0.242962 0
    outer loop
      vertex -16.3875 34.6126 8
      vertex -16.1729 33.7558 0
      vertex -16.1729 33.7558 8
    endloop
  endfacet
  facet normal -0.904017 -0.427497 0
    outer loop
      vertex -16.6851 35.4441 0
      vertex -17.0627 36.2426 8
      vertex -17.0627 36.2426 0
    endloop
  endfacet
  facet normal -0.904017 -0.427497 0
    outer loop
      vertex -17.0627 36.2426 8
      vertex -16.6851 35.4441 0
      vertex -16.6851 35.4441 8
    endloop
  endfacet
  facet normal 0.514163 0.857693 -0
    outer loop
      vertex -29.2426 24.0627 0
      vertex -30.0001 24.5168 8
      vertex -29.2426 24.0627 8
    endloop
  endfacet
  facet normal 0.514163 0.857693 0
    outer loop
      vertex -30.0001 24.5168 8
      vertex -29.2426 24.0627 0
      vertex -30.0001 24.5168 0
    endloop
  endfacet
  facet normal 0.514163 -0.857693 0
    outer loop
      vertex -30.0001 39.4832 0
      vertex -29.2426 39.9373 8
      vertex -30.0001 39.4832 8
    endloop
  endfacet
  facet normal 0.514163 -0.857693 0
    outer loop
      vertex -29.2426 39.9373 8
      vertex -30.0001 39.4832 0
      vertex -29.2426 39.9373 0
    endloop
  endfacet
  facet normal 0.146746 0.989174 -0
    outer loop
      vertex -25.8822 23.0433 0
      vertex -26.7558 23.1729 8
      vertex -25.8822 23.0433 8
    endloop
  endfacet
  facet normal 0.146746 0.989174 0
    outer loop
      vertex -26.7558 23.1729 8
      vertex -25.8822 23.0433 0
      vertex -26.7558 23.1729 0
    endloop
  endfacet
  facet normal -0.857693 -0.514163 0
    outer loop
      vertex -17.0627 36.2426 0
      vertex -17.5168 37.0001 8
      vertex -17.5168 37.0001 0
    endloop
  endfacet
  facet normal -0.857693 -0.514163 0
    outer loop
      vertex -17.5168 37.0001 8
      vertex -17.0627 36.2426 0
      vertex -17.0627 36.2426 8
    endloop
  endfacet
  facet normal 0.857693 -0.514163 0
    outer loop
      vertex -32.9373 36.2426 8
      vertex -32.4832 37.0001 0
      vertex -32.4832 37.0001 8
    endloop
  endfacet
  facet normal 0.857693 -0.514163 0
    outer loop
      vertex -32.4832 37.0001 0
      vertex -32.9373 36.2426 8
      vertex -32.9373 36.2426 0
    endloop
  endfacet
  facet normal -0.903996 0.427541 0
    outer loop
      vertex -17.0627 27.7574 0
      vertex -16.6851 28.5558 8
      vertex -16.6851 28.5558 0
    endloop
  endfacet
  facet normal -0.903996 0.427541 0
    outer loop
      vertex -16.6851 28.5558 8
      vertex -17.0627 27.7574 0
      vertex -17.0627 27.7574 8
    endloop
  endfacet
  facet normal -0.857693 0.514163 0
    outer loop
      vertex -17.5168 26.9999 0
      vertex -17.0627 27.7574 8
      vertex -17.0627 27.7574 0
    endloop
  endfacet
  facet normal -0.857693 0.514163 0
    outer loop
      vertex -17.0627 27.7574 8
      vertex -17.5168 26.9999 0
      vertex -17.5168 26.9999 8
    endloop
  endfacet
  facet normal 0.970036 0.242962 0
    outer loop
      vertex -33.6125 29.3874 8
      vertex -33.8271 30.2442 0
      vertex -33.8271 30.2442 8
    endloop
  endfacet
  facet normal 0.970036 0.242962 0
    outer loop
      vertex -33.8271 30.2442 0
      vertex -33.6125 29.3874 8
      vertex -33.6125 29.3874 0
    endloop
  endfacet
  facet normal 0.941527 0.336939 0
    outer loop
      vertex -33.3149 28.5558 8
      vertex -33.6125 29.3874 0
      vertex -33.6125 29.3874 8
    endloop
  endfacet
  facet normal 0.941527 0.336939 0
    outer loop
      vertex -33.6125 29.3874 0
      vertex -33.3149 28.5558 8
      vertex -33.3149 28.5558 0
    endloop
  endfacet
  facet normal 0.904017 -0.427497 0
    outer loop
      vertex -33.3149 35.4441 8
      vertex -32.9373 36.2426 0
      vertex -32.9373 36.2426 8
    endloop
  endfacet
  facet normal 0.904017 -0.427497 0
    outer loop
      vertex -32.9373 36.2426 0
      vertex -33.3149 35.4441 8
      vertex -33.3149 35.4441 0
    endloop
  endfacet
  facet normal 0.427497 -0.904017 0
    outer loop
      vertex -29.2426 39.9373 0
      vertex -28.4441 40.3149 8
      vertex -29.2426 39.9373 8
    endloop
  endfacet
  facet normal 0.427497 -0.904017 0
    outer loop
      vertex -28.4441 40.3149 8
      vertex -29.2426 39.9373 0
      vertex -28.4441 40.3149 0
    endloop
  endfacet
  facet normal 0.427497 0.904017 -0
    outer loop
      vertex -28.4441 23.6851 0
      vertex -29.2426 24.0627 8
      vertex -28.4441 23.6851 8
    endloop
  endfacet
  facet normal 0.427497 0.904017 0
    outer loop
      vertex -29.2426 24.0627 8
      vertex -28.4441 23.6851 0
      vertex -29.2426 24.0627 0
    endloop
  endfacet
  facet normal 0.242962 -0.970036 0
    outer loop
      vertex -27.6126 40.6125 0
      vertex -26.7558 40.8271 8
      vertex -27.6126 40.6125 8
    endloop
  endfacet
  facet normal 0.242962 -0.970036 0
    outer loop
      vertex -26.7558 40.8271 8
      vertex -27.6126 40.6125 0
      vertex -26.7558 40.8271 0
    endloop
  endfacet
  facet normal 0.998798 0.0490228 0
    outer loop
      vertex -33.9567 31.1178 8
      vertex -34 32 0
      vertex -34 32 8
    endloop
  endfacet
  facet normal 0.998798 0.0490228 0
    outer loop
      vertex -34 32 0
      vertex -33.9567 31.1178 8
      vertex -33.9567 31.1178 0
    endloop
  endfacet
  facet normal 0.970036 -0.242962 0
    outer loop
      vertex -33.8271 33.7558 8
      vertex -33.6125 34.6126 0
      vertex -33.6125 34.6126 8
    endloop
  endfacet
  facet normal 0.970036 -0.242962 0
    outer loop
      vertex -33.6125 34.6126 0
      vertex -33.8271 33.7558 8
      vertex -33.8271 33.7558 0
    endloop
  endfacet
  facet normal -0.146746 0.989174 0
    outer loop
      vertex -23.2442 23.1729 0
      vertex -24.1178 23.0433 8
      vertex -23.2442 23.1729 8
    endloop
  endfacet
  facet normal -0.146746 0.989174 0
    outer loop
      vertex -24.1178 23.0433 8
      vertex -23.2442 23.1729 0
      vertex -24.1178 23.0433 0
    endloop
  endfacet
  facet normal 0.903996 0.427541 0
    outer loop
      vertex -32.9373 27.7574 8
      vertex -33.3149 28.5558 0
      vertex -33.3149 28.5558 8
    endloop
  endfacet
  facet normal 0.903996 0.427541 0
    outer loop
      vertex -33.3149 28.5558 0
      vertex -32.9373 27.7574 8
      vertex -32.9373 27.7574 0
    endloop
  endfacet
  facet normal 0.74101 -0.671494 0
    outer loop
      vertex -31.9571 37.7095 8
      vertex -31.364 38.364 0
      vertex -31.364 38.364 8
    endloop
  endfacet
  facet normal 0.74101 -0.671494 0
    outer loop
      vertex -31.364 38.364 0
      vertex -31.9571 37.7095 8
      vertex -31.9571 37.7095 0
    endloop
  endfacet
  facet normal -0.989174 -0.146746 0
    outer loop
      vertex -16.0433 32.8822 0
      vertex -16.1729 33.7558 8
      vertex -16.1729 33.7558 0
    endloop
  endfacet
  facet normal -0.989174 -0.146746 0
    outer loop
      vertex -16.1729 33.7558 8
      vertex -16.0433 32.8822 0
      vertex -16.0433 32.8822 8
    endloop
  endfacet
  facet normal -0.998798 -0.0490228 0
    outer loop
      vertex -16 32 0
      vertex -16.0433 32.8822 8
      vertex -16.0433 32.8822 0
    endloop
  endfacet
  facet normal -0.998798 -0.0490228 0
    outer loop
      vertex -16.0433 32.8822 8
      vertex -16 32 0
      vertex -16 32 8
    endloop
  endfacet
  facet normal -0.0490228 0.998798 0
    outer loop
      vertex -24.1178 23.0433 0
      vertex -25 23 8
      vertex -24.1178 23.0433 8
    endloop
  endfacet
  facet normal -0.0490228 0.998798 0
    outer loop
      vertex -25 23 8
      vertex -24.1178 23.0433 0
      vertex -25 23 0
    endloop
  endfacet
  facet normal -0.74101 0.671494 0
    outer loop
      vertex -18.636 25.636 0
      vertex -18.0429 26.2905 8
      vertex -18.0429 26.2905 0
    endloop
  endfacet
  facet normal -0.74101 0.671494 0
    outer loop
      vertex -18.0429 26.2905 8
      vertex -18.636 25.636 0
      vertex -18.636 25.636 8
    endloop
  endfacet
  facet normal 0.671494 -0.74101 0
    outer loop
      vertex -31.364 38.364 0
      vertex -30.7095 38.9571 8
      vertex -31.364 38.364 8
    endloop
  endfacet
  facet normal 0.671494 -0.74101 0
    outer loop
      vertex -30.7095 38.9571 8
      vertex -31.364 38.364 0
      vertex -30.7095 38.9571 0
    endloop
  endfacet
  facet normal 0.0490228 -0.998798 0
    outer loop
      vertex -25.8822 40.9567 0
      vertex -25 41 8
      vertex -25.8822 40.9567 8
    endloop
  endfacet
  facet normal 0.0490228 -0.998798 0
    outer loop
      vertex -25 41 8
      vertex -25.8822 40.9567 0
      vertex -25 41 0
    endloop
  endfacet
  facet normal -0.74101 -0.671494 0
    outer loop
      vertex -18.0429 37.7095 0
      vertex -18.636 38.364 8
      vertex -18.636 38.364 0
    endloop
  endfacet
  facet normal -0.74101 -0.671494 0
    outer loop
      vertex -18.636 38.364 8
      vertex -18.0429 37.7095 0
      vertex -18.0429 37.7095 8
    endloop
  endfacet
  facet normal -0.671494 -0.74101 0
    outer loop
      vertex -19.2905 38.9571 0
      vertex -18.636 38.364 8
      vertex -19.2905 38.9571 8
    endloop
  endfacet
  facet normal -0.671494 -0.74101 -0
    outer loop
      vertex -18.636 38.364 8
      vertex -19.2905 38.9571 0
      vertex -18.636 38.364 0
    endloop
  endfacet
  facet normal -0.989174 0.146746 0
    outer loop
      vertex -16.1729 -33.7558 0
      vertex -16.0433 -32.8822 8
      vertex -16.0433 -32.8822 0
    endloop
  endfacet
  facet normal -0.989174 0.146746 0
    outer loop
      vertex -16.0433 -32.8822 8
      vertex -16.1729 -33.7558 0
      vertex -16.1729 -33.7558 8
    endloop
  endfacet
  facet normal -0.998798 0.0490228 0
    outer loop
      vertex -16.0433 -32.8822 0
      vertex -16 -32 8
      vertex -16 -32 0
    endloop
  endfacet
  facet normal -0.998798 0.0490228 0
    outer loop
      vertex -16 -32 8
      vertex -16.0433 -32.8822 0
      vertex -16.0433 -32.8822 8
    endloop
  endfacet
  facet normal -0.970036 0.242962 0
    outer loop
      vertex -16.3875 -34.6126 0
      vertex -16.1729 -33.7558 8
      vertex -16.1729 -33.7558 0
    endloop
  endfacet
  facet normal -0.970036 0.242962 0
    outer loop
      vertex -16.1729 -33.7558 8
      vertex -16.3875 -34.6126 0
      vertex -16.3875 -34.6126 8
    endloop
  endfacet
  facet normal -0.998798 -0.0490228 0
    outer loop
      vertex -16 -32 0
      vertex -16.0433 -31.1178 8
      vertex -16.0433 -31.1178 0
    endloop
  endfacet
  facet normal -0.998798 -0.0490228 0
    outer loop
      vertex -16.0433 -31.1178 8
      vertex -16 -32 0
      vertex -16 -32 8
    endloop
  endfacet
  facet normal -0.0490228 -0.998798 0
    outer loop
      vertex -25 -23 0
      vertex -24.1178 -23.0433 8
      vertex -25 -23 8
    endloop
  endfacet
  facet normal -0.0490228 -0.998798 -0
    outer loop
      vertex -24.1178 -23.0433 8
      vertex -25 -23 0
      vertex -24.1178 -23.0433 0
    endloop
  endfacet
  facet normal 0.904017 0.427497 0
    outer loop
      vertex -32.9373 -36.2426 8
      vertex -33.3149 -35.4441 0
      vertex -33.3149 -35.4441 8
    endloop
  endfacet
  facet normal 0.904017 0.427497 0
    outer loop
      vertex -33.3149 -35.4441 0
      vertex -32.9373 -36.2426 8
      vertex -32.9373 -36.2426 0
    endloop
  endfacet
  facet normal -0.336939 -0.941527 0
    outer loop
      vertex -22.3874 -23.3875 0
      vertex -21.5558 -23.6851 8
      vertex -22.3874 -23.3875 8
    endloop
  endfacet
  facet normal -0.336939 -0.941527 -0
    outer loop
      vertex -21.5558 -23.6851 8
      vertex -22.3874 -23.3875 0
      vertex -21.5558 -23.6851 0
    endloop
  endfacet
  facet normal 0.427497 -0.904017 0
    outer loop
      vertex -29.2426 -24.0627 0
      vertex -28.4441 -23.6851 8
      vertex -29.2426 -24.0627 8
    endloop
  endfacet
  facet normal 0.427497 -0.904017 0
    outer loop
      vertex -28.4441 -23.6851 8
      vertex -29.2426 -24.0627 0
      vertex -28.4441 -23.6851 0
    endloop
  endfacet
  facet normal 0.0490228 -0.998798 0
    outer loop
      vertex -25.8822 -23.0433 0
      vertex -25 -23 8
      vertex -25.8822 -23.0433 8
    endloop
  endfacet
  facet normal 0.0490228 -0.998798 0
    outer loop
      vertex -25 -23 8
      vertex -25.8822 -23.0433 0
      vertex -25 -23 0
    endloop
  endfacet
  facet normal 0.74101 -0.671494 0
    outer loop
      vertex -31.9571 -26.2905 8
      vertex -31.364 -25.636 0
      vertex -31.364 -25.636 8
    endloop
  endfacet
  facet normal 0.74101 -0.671494 0
    outer loop
      vertex -31.364 -25.636 0
      vertex -31.9571 -26.2905 8
      vertex -31.9571 -26.2905 0
    endloop
  endfacet
  facet normal 0.857693 -0.514163 0
    outer loop
      vertex -32.9373 -27.7574 8
      vertex -32.4832 -26.9999 0
      vertex -32.4832 -26.9999 8
    endloop
  endfacet
  facet normal 0.857693 -0.514163 0
    outer loop
      vertex -32.4832 -26.9999 0
      vertex -32.9373 -27.7574 8
      vertex -32.9373 -27.7574 0
    endloop
  endfacet
  facet normal -0.941527 -0.336939 0
    outer loop
      vertex -16.3875 -29.3874 0
      vertex -16.6851 -28.5558 8
      vertex -16.6851 -28.5558 0
    endloop
  endfacet
  facet normal -0.941527 -0.336939 0
    outer loop
      vertex -16.6851 -28.5558 8
      vertex -16.3875 -29.3874 0
      vertex -16.3875 -29.3874 8
    endloop
  endfacet
  facet normal -0.803222 -0.59568 0
    outer loop
      vertex -17.5168 -26.9999 0
      vertex -18.0429 -26.2905 8
      vertex -18.0429 -26.2905 0
    endloop
  endfacet
  facet normal -0.803222 -0.59568 0
    outer loop
      vertex -18.0429 -26.2905 8
      vertex -17.5168 -26.9999 0
      vertex -17.5168 -26.9999 8
    endloop
  endfacet
  facet normal 0.998798 -0.0490228 0
    outer loop
      vertex -34 -32 8
      vertex -33.9567 -31.1178 0
      vertex -33.9567 -31.1178 8
    endloop
  endfacet
  facet normal 0.998798 -0.0490228 0
    outer loop
      vertex -33.9567 -31.1178 0
      vertex -34 -32 8
      vertex -34 -32 0
    endloop
  endfacet
  facet normal 0.803222 -0.59568 0
    outer loop
      vertex -32.4832 -26.9999 8
      vertex -31.9571 -26.2905 0
      vertex -31.9571 -26.2905 8
    endloop
  endfacet
  facet normal 0.803222 -0.59568 0
    outer loop
      vertex -31.9571 -26.2905 0
      vertex -32.4832 -26.9999 8
      vertex -32.4832 -26.9999 0
    endloop
  endfacet
  facet normal -0.989174 -0.146746 0
    outer loop
      vertex -16.0433 -31.1178 0
      vertex -16.1729 -30.2442 8
      vertex -16.1729 -30.2442 0
    endloop
  endfacet
  facet normal -0.989174 -0.146746 0
    outer loop
      vertex -16.1729 -30.2442 8
      vertex -16.0433 -31.1178 0
      vertex -16.0433 -31.1178 8
    endloop
  endfacet
  facet normal 0.671494 0.74101 -0
    outer loop
      vertex -30.7095 -38.9571 0
      vertex -31.364 -38.364 8
      vertex -30.7095 -38.9571 8
    endloop
  endfacet
  facet normal 0.671494 0.74101 0
    outer loop
      vertex -31.364 -38.364 8
      vertex -30.7095 -38.9571 0
      vertex -31.364 -38.364 0
    endloop
  endfacet
  facet normal -0.59568 -0.803222 0
    outer loop
      vertex -19.9999 -24.5168 0
      vertex -19.2905 -25.0429 8
      vertex -19.9999 -24.5168 8
    endloop
  endfacet
  facet normal -0.59568 -0.803222 -0
    outer loop
      vertex -19.2905 -25.0429 8
      vertex -19.9999 -24.5168 0
      vertex -19.2905 -25.0429 0
    endloop
  endfacet
  facet normal 0.989174 -0.146746 0
    outer loop
      vertex -33.9567 -31.1178 8
      vertex -33.8271 -30.2442 0
      vertex -33.8271 -30.2442 8
    endloop
  endfacet
  facet normal 0.989174 -0.146746 0
    outer loop
      vertex -33.8271 -30.2442 0
      vertex -33.9567 -31.1178 8
      vertex -33.9567 -31.1178 0
    endloop
  endfacet
  facet normal 0.989174 0.146746 0
    outer loop
      vertex -33.8271 -33.7558 8
      vertex -33.9567 -32.8822 0
      vertex -33.9567 -32.8822 8
    endloop
  endfacet
  facet normal 0.989174 0.146746 0
    outer loop
      vertex -33.9567 -32.8822 0
      vertex -33.8271 -33.7558 8
      vertex -33.8271 -33.7558 0
    endloop
  endfacet
  facet normal 0.242962 -0.970036 0
    outer loop
      vertex -27.6126 -23.3875 0
      vertex -26.7558 -23.1729 8
      vertex -27.6126 -23.3875 8
    endloop
  endfacet
  facet normal 0.242962 -0.970036 0
    outer loop
      vertex -26.7558 -23.1729 8
      vertex -27.6126 -23.3875 0
      vertex -26.7558 -23.1729 0
    endloop
  endfacet
  facet normal -0.941514 0.336975 0
    outer loop
      vertex -16.6851 -35.4441 0
      vertex -16.3875 -34.6126 8
      vertex -16.3875 -34.6126 0
    endloop
  endfacet
  facet normal -0.941514 0.336975 0
    outer loop
      vertex -16.3875 -34.6126 8
      vertex -16.6851 -35.4441 0
      vertex -16.6851 -35.4441 8
    endloop
  endfacet
  facet normal 0.970036 -0.242962 0
    outer loop
      vertex -33.8271 -30.2442 8
      vertex -33.6125 -29.3874 0
      vertex -33.6125 -29.3874 8
    endloop
  endfacet
  facet normal 0.970036 -0.242962 0
    outer loop
      vertex -33.6125 -29.3874 0
      vertex -33.8271 -30.2442 8
      vertex -33.8271 -30.2442 0
    endloop
  endfacet
  facet normal -0.242962 0.970036 0
    outer loop
      vertex -22.3874 -40.6125 0
      vertex -23.2442 -40.8271 8
      vertex -22.3874 -40.6125 8
    endloop
  endfacet
  facet normal -0.242962 0.970036 0
    outer loop
      vertex -23.2442 -40.8271 8
      vertex -22.3874 -40.6125 0
      vertex -23.2442 -40.8271 0
    endloop
  endfacet
  facet normal -0.970036 -0.242962 0
    outer loop
      vertex -16.1729 -30.2442 0
      vertex -16.3875 -29.3874 8
      vertex -16.3875 -29.3874 0
    endloop
  endfacet
  facet normal -0.970036 -0.242962 0
    outer loop
      vertex -16.3875 -29.3874 8
      vertex -16.1729 -30.2442 0
      vertex -16.1729 -30.2442 8
    endloop
  endfacet
  facet normal 0.427497 0.904017 -0
    outer loop
      vertex -28.4441 -40.3149 0
      vertex -29.2426 -39.9373 8
      vertex -28.4441 -40.3149 8
    endloop
  endfacet
  facet normal 0.427497 0.904017 0
    outer loop
      vertex -29.2426 -39.9373 8
      vertex -28.4441 -40.3149 0
      vertex -29.2426 -39.9373 0
    endloop
  endfacet
  facet normal -0.904017 0.427497 0
    outer loop
      vertex -17.0627 -36.2426 0
      vertex -16.6851 -35.4441 8
      vertex -16.6851 -35.4441 0
    endloop
  endfacet
  facet normal -0.904017 0.427497 0
    outer loop
      vertex -16.6851 -35.4441 8
      vertex -17.0627 -36.2426 0
      vertex -17.0627 -36.2426 8
    endloop
  endfacet
  facet normal -0.74101 -0.671494 0
    outer loop
      vertex -18.0429 -26.2905 0
      vertex -18.636 -25.636 8
      vertex -18.636 -25.636 0
    endloop
  endfacet
  facet normal -0.74101 -0.671494 0
    outer loop
      vertex -18.636 -25.636 8
      vertex -18.0429 -26.2905 0
      vertex -18.0429 -26.2905 8
    endloop
  endfacet
  facet normal -0.427541 -0.903996 0
    outer loop
      vertex -21.5558 -23.6851 0
      vertex -20.7574 -24.0627 8
      vertex -21.5558 -23.6851 8
    endloop
  endfacet
  facet normal -0.427541 -0.903996 -0
    outer loop
      vertex -20.7574 -24.0627 8
      vertex -21.5558 -23.6851 0
      vertex -20.7574 -24.0627 0
    endloop
  endfacet
  facet normal -0.427541 0.903996 0
    outer loop
      vertex -20.7574 -39.9373 0
      vertex -21.5558 -40.3149 8
      vertex -20.7574 -39.9373 8
    endloop
  endfacet
  facet normal -0.427541 0.903996 0
    outer loop
      vertex -21.5558 -40.3149 8
      vertex -20.7574 -39.9373 0
      vertex -21.5558 -40.3149 0
    endloop
  endfacet
  facet normal 0.336975 0.941514 -0
    outer loop
      vertex -27.6126 -40.6125 0
      vertex -28.4441 -40.3149 8
      vertex -27.6126 -40.6125 8
    endloop
  endfacet
  facet normal 0.336975 0.941514 0
    outer loop
      vertex -28.4441 -40.3149 8
      vertex -27.6126 -40.6125 0
      vertex -28.4441 -40.3149 0
    endloop
  endfacet
  facet normal 0.803222 0.59568 0
    outer loop
      vertex -31.9571 -37.7095 8
      vertex -32.4832 -37.0001 0
      vertex -32.4832 -37.0001 8
    endloop
  endfacet
  facet normal 0.803222 0.59568 0
    outer loop
      vertex -32.4832 -37.0001 0
      vertex -31.9571 -37.7095 8
      vertex -31.9571 -37.7095 0
    endloop
  endfacet
  facet normal -0.514163 -0.857693 0
    outer loop
      vertex -20.7574 -24.0627 0
      vertex -19.9999 -24.5168 8
      vertex -20.7574 -24.0627 8
    endloop
  endfacet
  facet normal -0.514163 -0.857693 -0
    outer loop
      vertex -19.9999 -24.5168 8
      vertex -20.7574 -24.0627 0
      vertex -19.9999 -24.5168 0
    endloop
  endfacet
  facet normal -0.146746 0.989174 0
    outer loop
      vertex -23.2442 -40.8271 0
      vertex -24.1178 -40.9567 8
      vertex -23.2442 -40.8271 8
    endloop
  endfacet
  facet normal -0.146746 0.989174 0
    outer loop
      vertex -24.1178 -40.9567 8
      vertex -23.2442 -40.8271 0
      vertex -24.1178 -40.9567 0
    endloop
  endfacet
  facet normal 0.998798 0.0490228 0
    outer loop
      vertex -33.9567 -32.8822 8
      vertex -34 -32 0
      vertex -34 -32 8
    endloop
  endfacet
  facet normal 0.998798 0.0490228 0
    outer loop
      vertex -34 -32 0
      vertex -33.9567 -32.8822 8
      vertex -33.9567 -32.8822 0
    endloop
  endfacet
  facet normal -0.903996 -0.427541 0
    outer loop
      vertex -16.6851 -28.5558 0
      vertex -17.0627 -27.7574 8
      vertex -17.0627 -27.7574 0
    endloop
  endfacet
  facet normal -0.903996 -0.427541 0
    outer loop
      vertex -17.0627 -27.7574 8
      vertex -16.6851 -28.5558 0
      vertex -16.6851 -28.5558 8
    endloop
  endfacet
  facet normal -0.146746 -0.989174 0
    outer loop
      vertex -24.1178 -23.0433 0
      vertex -23.2442 -23.1729 8
      vertex -24.1178 -23.0433 8
    endloop
  endfacet
  facet normal -0.146746 -0.989174 -0
    outer loop
      vertex -23.2442 -23.1729 8
      vertex -24.1178 -23.0433 0
      vertex -23.2442 -23.1729 0
    endloop
  endfacet
  facet normal 0.59568 0.803222 -0
    outer loop
      vertex -30.0001 -39.4832 0
      vertex -30.7095 -38.9571 8
      vertex -30.0001 -39.4832 8
    endloop
  endfacet
  facet normal 0.59568 0.803222 0
    outer loop
      vertex -30.7095 -38.9571 8
      vertex -30.0001 -39.4832 0
      vertex -30.7095 -38.9571 0
    endloop
  endfacet
  facet normal -0.0490228 0.998798 0
    outer loop
      vertex -24.1178 -40.9567 0
      vertex -25 -41 8
      vertex -24.1178 -40.9567 8
    endloop
  endfacet
  facet normal -0.0490228 0.998798 0
    outer loop
      vertex -25 -41 8
      vertex -24.1178 -40.9567 0
      vertex -25 -41 0
    endloop
  endfacet
  facet normal -0.671494 0.74101 0
    outer loop
      vertex -18.636 -38.364 0
      vertex -19.2905 -38.9571 8
      vertex -18.636 -38.364 8
    endloop
  endfacet
  facet normal -0.671494 0.74101 0
    outer loop
      vertex -19.2905 -38.9571 8
      vertex -18.636 -38.364 0
      vertex -19.2905 -38.9571 0
    endloop
  endfacet
  facet normal -0.59568 0.803222 0
    outer loop
      vertex -19.2905 -38.9571 0
      vertex -19.9999 -39.4832 8
      vertex -19.2905 -38.9571 8
    endloop
  endfacet
  facet normal -0.59568 0.803222 0
    outer loop
      vertex -19.9999 -39.4832 8
      vertex -19.2905 -38.9571 0
      vertex -19.9999 -39.4832 0
    endloop
  endfacet
  facet normal 0.970036 0.242962 0
    outer loop
      vertex -33.6125 -34.6126 8
      vertex -33.8271 -33.7558 0
      vertex -33.8271 -33.7558 8
    endloop
  endfacet
  facet normal 0.970036 0.242962 0
    outer loop
      vertex -33.8271 -33.7558 0
      vertex -33.6125 -34.6126 8
      vertex -33.6125 -34.6126 0
    endloop
  endfacet
  facet normal -0.803222 0.59568 0
    outer loop
      vertex -18.0429 -37.7095 0
      vertex -17.5168 -37.0001 8
      vertex -17.5168 -37.0001 0
    endloop
  endfacet
  facet normal -0.803222 0.59568 0
    outer loop
      vertex -17.5168 -37.0001 8
      vertex -18.0429 -37.7095 0
      vertex -18.0429 -37.7095 8
    endloop
  endfacet
  facet normal -0.514163 0.857693 0
    outer loop
      vertex -19.9999 -39.4832 0
      vertex -20.7574 -39.9373 8
      vertex -19.9999 -39.4832 8
    endloop
  endfacet
  facet normal -0.514163 0.857693 0
    outer loop
      vertex -20.7574 -39.9373 8
      vertex -19.9999 -39.4832 0
      vertex -20.7574 -39.9373 0
    endloop
  endfacet
  facet normal -0.336939 0.941527 0
    outer loop
      vertex -21.5558 -40.3149 0
      vertex -22.3874 -40.6125 8
      vertex -21.5558 -40.3149 8
    endloop
  endfacet
  facet normal -0.336939 0.941527 0
    outer loop
      vertex -22.3874 -40.6125 8
      vertex -21.5558 -40.3149 0
      vertex -22.3874 -40.6125 0
    endloop
  endfacet
  facet normal -0.242962 -0.970036 0
    outer loop
      vertex -23.2442 -23.1729 0
      vertex -22.3874 -23.3875 8
      vertex -23.2442 -23.1729 8
    endloop
  endfacet
  facet normal -0.242962 -0.970036 -0
    outer loop
      vertex -22.3874 -23.3875 8
      vertex -23.2442 -23.1729 0
      vertex -22.3874 -23.3875 0
    endloop
  endfacet
  facet normal -0.74101 0.671494 0
    outer loop
      vertex -18.636 -38.364 0
      vertex -18.0429 -37.7095 8
      vertex -18.0429 -37.7095 0
    endloop
  endfacet
  facet normal -0.74101 0.671494 0
    outer loop
      vertex -18.0429 -37.7095 8
      vertex -18.636 -38.364 0
      vertex -18.636 -38.364 8
    endloop
  endfacet
  facet normal -0.857693 0.514163 0
    outer loop
      vertex -17.5168 -37.0001 0
      vertex -17.0627 -36.2426 8
      vertex -17.0627 -36.2426 0
    endloop
  endfacet
  facet normal -0.857693 0.514163 0
    outer loop
      vertex -17.0627 -36.2426 8
      vertex -17.5168 -37.0001 0
      vertex -17.5168 -37.0001 8
    endloop
  endfacet
  facet normal 0.146746 -0.989174 0
    outer loop
      vertex -26.7558 -23.1729 0
      vertex -25.8822 -23.0433 8
      vertex -26.7558 -23.1729 8
    endloop
  endfacet
  facet normal 0.146746 -0.989174 0
    outer loop
      vertex -25.8822 -23.0433 8
      vertex -26.7558 -23.1729 0
      vertex -25.8822 -23.0433 0
    endloop
  endfacet
  facet normal 0.146746 0.989174 -0
    outer loop
      vertex -25.8822 -40.9567 0
      vertex -26.7558 -40.8271 8
      vertex -25.8822 -40.9567 8
    endloop
  endfacet
  facet normal 0.146746 0.989174 0
    outer loop
      vertex -26.7558 -40.8271 8
      vertex -25.8822 -40.9567 0
      vertex -26.7558 -40.8271 0
    endloop
  endfacet
  facet normal 0.903996 -0.427541 0
    outer loop
      vertex -33.3149 -28.5558 8
      vertex -32.9373 -27.7574 0
      vertex -32.9373 -27.7574 8
    endloop
  endfacet
  facet normal 0.903996 -0.427541 0
    outer loop
      vertex -32.9373 -27.7574 0
      vertex -33.3149 -28.5558 8
      vertex -33.3149 -28.5558 0
    endloop
  endfacet
  facet normal 0.0490228 0.998798 -0
    outer loop
      vertex -25 -41 0
      vertex -25.8822 -40.9567 8
      vertex -25 -41 8
    endloop
  endfacet
  facet normal 0.0490228 0.998798 0
    outer loop
      vertex -25.8822 -40.9567 8
      vertex -25 -41 0
      vertex -25.8822 -40.9567 0
    endloop
  endfacet
  facet normal 0.242962 0.970036 -0
    outer loop
      vertex -26.7558 -40.8271 0
      vertex -27.6126 -40.6125 8
      vertex -26.7558 -40.8271 8
    endloop
  endfacet
  facet normal 0.242962 0.970036 0
    outer loop
      vertex -27.6126 -40.6125 8
      vertex -26.7558 -40.8271 0
      vertex -27.6126 -40.6125 0
    endloop
  endfacet
  facet normal -0.857693 -0.514163 0
    outer loop
      vertex -17.0627 -27.7574 0
      vertex -17.5168 -26.9999 8
      vertex -17.5168 -26.9999 0
    endloop
  endfacet
  facet normal -0.857693 -0.514163 0
    outer loop
      vertex -17.5168 -26.9999 8
      vertex -17.0627 -27.7574 0
      vertex -17.0627 -27.7574 8
    endloop
  endfacet
  facet normal 0.514163 -0.857693 0
    outer loop
      vertex -30.0001 -24.5168 0
      vertex -29.2426 -24.0627 8
      vertex -30.0001 -24.5168 8
    endloop
  endfacet
  facet normal 0.514163 -0.857693 0
    outer loop
      vertex -29.2426 -24.0627 8
      vertex -30.0001 -24.5168 0
      vertex -29.2426 -24.0627 0
    endloop
  endfacet
  facet normal 0.74101 0.671494 0
    outer loop
      vertex -31.364 -38.364 8
      vertex -31.9571 -37.7095 0
      vertex -31.9571 -37.7095 8
    endloop
  endfacet
  facet normal 0.74101 0.671494 0
    outer loop
      vertex -31.9571 -37.7095 0
      vertex -31.364 -38.364 8
      vertex -31.364 -38.364 0
    endloop
  endfacet
  facet normal 0.59568 -0.803222 0
    outer loop
      vertex -30.7095 -25.0429 0
      vertex -30.0001 -24.5168 8
      vertex -30.7095 -25.0429 8
    endloop
  endfacet
  facet normal 0.59568 -0.803222 0
    outer loop
      vertex -30.0001 -24.5168 8
      vertex -30.7095 -25.0429 0
      vertex -30.0001 -24.5168 0
    endloop
  endfacet
  facet normal 0.941514 0.336975 0
    outer loop
      vertex -33.3149 -35.4441 8
      vertex -33.6125 -34.6126 0
      vertex -33.6125 -34.6126 8
    endloop
  endfacet
  facet normal 0.941514 0.336975 0
    outer loop
      vertex -33.6125 -34.6126 0
      vertex -33.3149 -35.4441 8
      vertex -33.3149 -35.4441 0
    endloop
  endfacet
  facet normal 0.514163 0.857693 -0
    outer loop
      vertex -29.2426 -39.9373 0
      vertex -30.0001 -39.4832 8
      vertex -29.2426 -39.9373 8
    endloop
  endfacet
  facet normal 0.514163 0.857693 0
    outer loop
      vertex -30.0001 -39.4832 8
      vertex -29.2426 -39.9373 0
      vertex -30.0001 -39.4832 0
    endloop
  endfacet
  facet normal -0.671494 -0.74101 0
    outer loop
      vertex -19.2905 -25.0429 0
      vertex -18.636 -25.636 8
      vertex -19.2905 -25.0429 8
    endloop
  endfacet
  facet normal -0.671494 -0.74101 -0
    outer loop
      vertex -18.636 -25.636 8
      vertex -19.2905 -25.0429 0
      vertex -18.636 -25.636 0
    endloop
  endfacet
  facet normal 0.857693 0.514163 0
    outer loop
      vertex -32.4832 -37.0001 8
      vertex -32.9373 -36.2426 0
      vertex -32.9373 -36.2426 8
    endloop
  endfacet
  facet normal 0.857693 0.514163 0
    outer loop
      vertex -32.9373 -36.2426 0
      vertex -32.4832 -37.0001 8
      vertex -32.4832 -37.0001 0
    endloop
  endfacet
  facet normal 0.671494 -0.74101 0
    outer loop
      vertex -31.364 -25.636 0
      vertex -30.7095 -25.0429 8
      vertex -31.364 -25.636 8
    endloop
  endfacet
  facet normal 0.671494 -0.74101 0
    outer loop
      vertex -30.7095 -25.0429 8
      vertex -31.364 -25.636 0
      vertex -30.7095 -25.0429 0
    endloop
  endfacet
  facet normal 0.941527 -0.336939 0
    outer loop
      vertex -33.6125 -29.3874 8
      vertex -33.3149 -28.5558 0
      vertex -33.3149 -28.5558 8
    endloop
  endfacet
  facet normal 0.941527 -0.336939 0
    outer loop
      vertex -33.3149 -28.5558 0
      vertex -33.6125 -29.3874 8
      vertex -33.6125 -29.3874 0
    endloop
  endfacet
  facet normal 0.336975 -0.941514 0
    outer loop
      vertex -28.4441 -23.6851 0
      vertex -27.6126 -23.3875 8
      vertex -28.4441 -23.6851 8
    endloop
  endfacet
  facet normal 0.336975 -0.941514 0
    outer loop
      vertex -27.6126 -23.3875 8
      vertex -28.4441 -23.6851 0
      vertex -27.6126 -23.3875 0
    endloop
  endfacet
  facet normal 0.336939 -0.941527 0
    outer loop
      vertex 21.5558 40.3149 0
      vertex 22.3874 40.6125 8
      vertex 21.5558 40.3149 8
    endloop
  endfacet
  facet normal 0.336939 -0.941527 0
    outer loop
      vertex 22.3874 40.6125 8
      vertex 21.5558 40.3149 0
      vertex 22.3874 40.6125 0
    endloop
  endfacet
  facet normal 0.59568 0.803222 -0
    outer loop
      vertex 19.9999 24.5168 0
      vertex 19.2905 25.0429 8
      vertex 19.9999 24.5168 8
    endloop
  endfacet
  facet normal 0.59568 0.803222 0
    outer loop
      vertex 19.2905 25.0429 8
      vertex 19.9999 24.5168 0
      vertex 19.2905 25.0429 0
    endloop
  endfacet
  facet normal -0.989174 0.146746 0
    outer loop
      vertex 33.8271 30.2442 0
      vertex 33.9567 31.1178 8
      vertex 33.9567 31.1178 0
    endloop
  endfacet
  facet normal -0.989174 0.146746 0
    outer loop
      vertex 33.9567 31.1178 8
      vertex 33.8271 30.2442 0
      vertex 33.8271 30.2442 8
    endloop
  endfacet
  facet normal -0.998798 0.0490228 0
    outer loop
      vertex 33.9567 31.1178 0
      vertex 34 32 8
      vertex 34 32 0
    endloop
  endfacet
  facet normal -0.998798 0.0490228 0
    outer loop
      vertex 34 32 8
      vertex 33.9567 31.1178 0
      vertex 33.9567 31.1178 8
    endloop
  endfacet
  facet normal -0.970036 0.242962 0
    outer loop
      vertex 33.6125 29.3874 0
      vertex 33.8271 30.2442 8
      vertex 33.8271 30.2442 0
    endloop
  endfacet
  facet normal -0.970036 0.242962 0
    outer loop
      vertex 33.8271 30.2442 8
      vertex 33.6125 29.3874 0
      vertex 33.6125 29.3874 8
    endloop
  endfacet
  facet normal -0.146746 0.989174 0
    outer loop
      vertex 26.7558 23.1729 0
      vertex 25.8822 23.0433 8
      vertex 26.7558 23.1729 8
    endloop
  endfacet
  facet normal -0.146746 0.989174 0
    outer loop
      vertex 25.8822 23.0433 8
      vertex 26.7558 23.1729 0
      vertex 25.8822 23.0433 0
    endloop
  endfacet
  facet normal 0.146746 0.989174 -0
    outer loop
      vertex 24.1178 23.0433 0
      vertex 23.2442 23.1729 8
      vertex 24.1178 23.0433 8
    endloop
  endfacet
  facet normal 0.146746 0.989174 0
    outer loop
      vertex 23.2442 23.1729 8
      vertex 24.1178 23.0433 0
      vertex 23.2442 23.1729 0
    endloop
  endfacet
  facet normal -0.803222 0.59568 0
    outer loop
      vertex 31.9571 26.2905 0
      vertex 32.4832 26.9999 8
      vertex 32.4832 26.9999 0
    endloop
  endfacet
  facet normal -0.803222 0.59568 0
    outer loop
      vertex 32.4832 26.9999 8
      vertex 31.9571 26.2905 0
      vertex 31.9571 26.2905 8
    endloop
  endfacet
  facet normal -0.59568 -0.803222 0
    outer loop
      vertex 30.0001 39.4832 0
      vertex 30.7095 38.9571 8
      vertex 30.0001 39.4832 8
    endloop
  endfacet
  facet normal -0.59568 -0.803222 -0
    outer loop
      vertex 30.7095 38.9571 8
      vertex 30.0001 39.4832 0
      vertex 30.7095 38.9571 0
    endloop
  endfacet
  facet normal -0.59568 0.803222 0
    outer loop
      vertex 30.7095 25.0429 0
      vertex 30.0001 24.5168 8
      vertex 30.7095 25.0429 8
    endloop
  endfacet
  facet normal -0.59568 0.803222 0
    outer loop
      vertex 30.0001 24.5168 8
      vertex 30.7095 25.0429 0
      vertex 30.0001 24.5168 0
    endloop
  endfacet
  facet normal -0.998798 -0.0490228 0
    outer loop
      vertex 34 32 0
      vertex 33.9567 32.8822 8
      vertex 33.9567 32.8822 0
    endloop
  endfacet
  facet normal -0.998798 -0.0490228 0
    outer loop
      vertex 33.9567 32.8822 8
      vertex 34 32 0
      vertex 34 32 8
    endloop
  endfacet
  facet normal 0.242962 0.970036 -0
    outer loop
      vertex 23.2442 23.1729 0
      vertex 22.3874 23.3875 8
      vertex 23.2442 23.1729 8
    endloop
  endfacet
  facet normal 0.242962 0.970036 0
    outer loop
      vertex 22.3874 23.3875 8
      vertex 23.2442 23.1729 0
      vertex 22.3874 23.3875 0
    endloop
  endfacet
  facet normal -0.427497 0.904017 0
    outer loop
      vertex 29.2426 24.0627 0
      vertex 28.4441 23.6851 8
      vertex 29.2426 24.0627 8
    endloop
  endfacet
  facet normal -0.427497 0.904017 0
    outer loop
      vertex 28.4441 23.6851 8
      vertex 29.2426 24.0627 0
      vertex 28.4441 23.6851 0
    endloop
  endfacet
  facet normal 0.242962 -0.970036 0
    outer loop
      vertex 22.3874 40.6125 0
      vertex 23.2442 40.8271 8
      vertex 22.3874 40.6125 8
    endloop
  endfacet
  facet normal 0.242962 -0.970036 0
    outer loop
      vertex 23.2442 40.8271 8
      vertex 22.3874 40.6125 0
      vertex 23.2442 40.8271 0
    endloop
  endfacet
  facet normal 0.989174 -0.146746 0
    outer loop
      vertex 16.0433 32.8822 8
      vertex 16.1729 33.7558 0
      vertex 16.1729 33.7558 8
    endloop
  endfacet
  facet normal 0.989174 -0.146746 0
    outer loop
      vertex 16.1729 33.7558 0
      vertex 16.0433 32.8822 8
      vertex 16.0433 32.8822 0
    endloop
  endfacet
  facet normal 0.427541 0.903996 -0
    outer loop
      vertex 21.5558 23.6851 0
      vertex 20.7574 24.0627 8
      vertex 21.5558 23.6851 8
    endloop
  endfacet
  facet normal 0.427541 0.903996 0
    outer loop
      vertex 20.7574 24.0627 8
      vertex 21.5558 23.6851 0
      vertex 20.7574 24.0627 0
    endloop
  endfacet
  facet normal -0.242962 0.970036 0
    outer loop
      vertex 27.6126 23.3875 0
      vertex 26.7558 23.1729 8
      vertex 27.6126 23.3875 8
    endloop
  endfacet
  facet normal -0.242962 0.970036 0
    outer loop
      vertex 26.7558 23.1729 8
      vertex 27.6126 23.3875 0
      vertex 26.7558 23.1729 0
    endloop
  endfacet
  facet normal 0.514163 -0.857693 0
    outer loop
      vertex 19.9999 39.4832 0
      vertex 20.7574 39.9373 8
      vertex 19.9999 39.4832 8
    endloop
  endfacet
  facet normal 0.514163 -0.857693 0
    outer loop
      vertex 20.7574 39.9373 8
      vertex 19.9999 39.4832 0
      vertex 20.7574 39.9373 0
    endloop
  endfacet
  facet normal 0.903996 0.427541 0
    outer loop
      vertex 17.0627 27.7574 8
      vertex 16.6851 28.5558 0
      vertex 16.6851 28.5558 8
    endloop
  endfacet
  facet normal 0.903996 0.427541 0
    outer loop
      vertex 16.6851 28.5558 0
      vertex 17.0627 27.7574 8
      vertex 17.0627 27.7574 0
    endloop
  endfacet
  facet normal 0.803222 -0.59568 0
    outer loop
      vertex 17.5168 37.0001 8
      vertex 18.0429 37.7095 0
      vertex 18.0429 37.7095 8
    endloop
  endfacet
  facet normal 0.803222 -0.59568 0
    outer loop
      vertex 18.0429 37.7095 0
      vertex 17.5168 37.0001 8
      vertex 17.5168 37.0001 0
    endloop
  endfacet
  facet normal -0.336975 -0.941514 0
    outer loop
      vertex 27.6126 40.6125 0
      vertex 28.4441 40.3149 8
      vertex 27.6126 40.6125 8
    endloop
  endfacet
  facet normal -0.336975 -0.941514 -0
    outer loop
      vertex 28.4441 40.3149 8
      vertex 27.6126 40.6125 0
      vertex 28.4441 40.3149 0
    endloop
  endfacet
  facet normal -0.803222 -0.59568 0
    outer loop
      vertex 32.4832 37.0001 0
      vertex 31.9571 37.7095 8
      vertex 31.9571 37.7095 0
    endloop
  endfacet
  facet normal -0.803222 -0.59568 0
    outer loop
      vertex 31.9571 37.7095 8
      vertex 32.4832 37.0001 0
      vertex 32.4832 37.0001 8
    endloop
  endfacet
  facet normal 0.514163 0.857693 -0
    outer loop
      vertex 20.7574 24.0627 0
      vertex 19.9999 24.5168 8
      vertex 20.7574 24.0627 8
    endloop
  endfacet
  facet normal 0.514163 0.857693 0
    outer loop
      vertex 19.9999 24.5168 8
      vertex 20.7574 24.0627 0
      vertex 19.9999 24.5168 0
    endloop
  endfacet
  facet normal 0.427541 -0.903996 0
    outer loop
      vertex 20.7574 39.9373 0
      vertex 21.5558 40.3149 8
      vertex 20.7574 39.9373 8
    endloop
  endfacet
  facet normal 0.427541 -0.903996 0
    outer loop
      vertex 21.5558 40.3149 8
      vertex 20.7574 39.9373 0
      vertex 21.5558 40.3149 0
    endloop
  endfacet
  facet normal 0.59568 -0.803222 0
    outer loop
      vertex 19.2905 38.9571 0
      vertex 19.9999 39.4832 8
      vertex 19.2905 38.9571 8
    endloop
  endfacet
  facet normal 0.59568 -0.803222 0
    outer loop
      vertex 19.9999 39.4832 8
      vertex 19.2905 38.9571 0
      vertex 19.9999 39.4832 0
    endloop
  endfacet
  facet normal 0.74101 -0.671494 0
    outer loop
      vertex 18.0429 37.7095 8
      vertex 18.636 38.364 0
      vertex 18.636 38.364 8
    endloop
  endfacet
  facet normal 0.74101 -0.671494 0
    outer loop
      vertex 18.636 38.364 0
      vertex 18.0429 37.7095 8
      vertex 18.0429 37.7095 0
    endloop
  endfacet
  facet normal -0.336975 0.941514 0
    outer loop
      vertex 28.4441 23.6851 0
      vertex 27.6126 23.3875 8
      vertex 28.4441 23.6851 8
    endloop
  endfacet
  facet normal -0.336975 0.941514 0
    outer loop
      vertex 27.6126 23.3875 8
      vertex 28.4441 23.6851 0
      vertex 27.6126 23.3875 0
    endloop
  endfacet
  facet normal -0.242962 -0.970036 0
    outer loop
      vertex 26.7558 40.8271 0
      vertex 27.6126 40.6125 8
      vertex 26.7558 40.8271 8
    endloop
  endfacet
  facet normal -0.242962 -0.970036 -0
    outer loop
      vertex 27.6126 40.6125 8
      vertex 26.7558 40.8271 0
      vertex 27.6126 40.6125 0
    endloop
  endfacet
  facet normal 0.336939 0.941527 -0
    outer loop
      vertex 22.3874 23.3875 0
      vertex 21.5558 23.6851 8
      vertex 22.3874 23.3875 8
    endloop
  endfacet
  facet normal 0.336939 0.941527 0
    outer loop
      vertex 21.5558 23.6851 8
      vertex 22.3874 23.3875 0
      vertex 21.5558 23.6851 0
    endloop
  endfacet
  facet normal 0.904017 -0.427497 0
    outer loop
      vertex 16.6851 35.4441 8
      vertex 17.0627 36.2426 0
      vertex 17.0627 36.2426 8
    endloop
  endfacet
  facet normal 0.904017 -0.427497 0
    outer loop
      vertex 17.0627 36.2426 0
      vertex 16.6851 35.4441 8
      vertex 16.6851 35.4441 0
    endloop
  endfacet
  facet normal 0.941514 -0.336975 0
    outer loop
      vertex 16.3875 34.6126 8
      vertex 16.6851 35.4441 0
      vertex 16.6851 35.4441 8
    endloop
  endfacet
  facet normal 0.941514 -0.336975 0
    outer loop
      vertex 16.6851 35.4441 0
      vertex 16.3875 34.6126 8
      vertex 16.3875 34.6126 0
    endloop
  endfacet
  facet normal -0.903996 0.427541 0
    outer loop
      vertex 32.9373 27.7574 0
      vertex 33.3149 28.5558 8
      vertex 33.3149 28.5558 0
    endloop
  endfacet
  facet normal -0.903996 0.427541 0
    outer loop
      vertex 33.3149 28.5558 8
      vertex 32.9373 27.7574 0
      vertex 32.9373 27.7574 8
    endloop
  endfacet
  facet normal 0.970036 -0.242962 0
    outer loop
      vertex 16.1729 33.7558 8
      vertex 16.3875 34.6126 0
      vertex 16.3875 34.6126 8
    endloop
  endfacet
  facet normal 0.970036 -0.242962 0
    outer loop
      vertex 16.3875 34.6126 0
      vertex 16.1729 33.7558 8
      vertex 16.1729 33.7558 0
    endloop
  endfacet
  facet normal -0.671494 0.74101 0
    outer loop
      vertex 31.364 25.636 0
      vertex 30.7095 25.0429 8
      vertex 31.364 25.636 8
    endloop
  endfacet
  facet normal -0.671494 0.74101 0
    outer loop
      vertex 30.7095 25.0429 8
      vertex 31.364 25.636 0
      vertex 30.7095 25.0429 0
    endloop
  endfacet
  facet normal 0.671494 -0.74101 0
    outer loop
      vertex 18.636 38.364 0
      vertex 19.2905 38.9571 8
      vertex 18.636 38.364 8
    endloop
  endfacet
  facet normal 0.671494 -0.74101 0
    outer loop
      vertex 19.2905 38.9571 8
      vertex 18.636 38.364 0
      vertex 19.2905 38.9571 0
    endloop
  endfacet
  facet normal -0.970036 -0.242962 0
    outer loop
      vertex 33.8271 33.7558 0
      vertex 33.6125 34.6126 8
      vertex 33.6125 34.6126 0
    endloop
  endfacet
  facet normal -0.970036 -0.242962 0
    outer loop
      vertex 33.6125 34.6126 8
      vertex 33.8271 33.7558 0
      vertex 33.8271 33.7558 8
    endloop
  endfacet
  facet normal -0.74101 -0.671494 0
    outer loop
      vertex 31.9571 37.7095 0
      vertex 31.364 38.364 8
      vertex 31.364 38.364 0
    endloop
  endfacet
  facet normal -0.74101 -0.671494 0
    outer loop
      vertex 31.364 38.364 8
      vertex 31.9571 37.7095 0
      vertex 31.9571 37.7095 8
    endloop
  endfacet
  facet normal 0.989174 0.146746 0
    outer loop
      vertex 16.1729 30.2442 8
      vertex 16.0433 31.1178 0
      vertex 16.0433 31.1178 8
    endloop
  endfacet
  facet normal 0.989174 0.146746 0
    outer loop
      vertex 16.0433 31.1178 0
      vertex 16.1729 30.2442 8
      vertex 16.1729 30.2442 0
    endloop
  endfacet
  facet normal -0.514163 0.857693 0
    outer loop
      vertex 30.0001 24.5168 0
      vertex 29.2426 24.0627 8
      vertex 30.0001 24.5168 8
    endloop
  endfacet
  facet normal -0.514163 0.857693 0
    outer loop
      vertex 29.2426 24.0627 8
      vertex 30.0001 24.5168 0
      vertex 29.2426 24.0627 0
    endloop
  endfacet
  facet normal 0.970036 0.242962 0
    outer loop
      vertex 16.3875 29.3874 8
      vertex 16.1729 30.2442 0
      vertex 16.1729 30.2442 8
    endloop
  endfacet
  facet normal 0.970036 0.242962 0
    outer loop
      vertex 16.1729 30.2442 0
      vertex 16.3875 29.3874 8
      vertex 16.3875 29.3874 0
    endloop
  endfacet
  facet normal -0.146746 -0.989174 0
    outer loop
      vertex 25.8822 40.9567 0
      vertex 26.7558 40.8271 8
      vertex 25.8822 40.9567 8
    endloop
  endfacet
  facet normal -0.146746 -0.989174 -0
    outer loop
      vertex 26.7558 40.8271 8
      vertex 25.8822 40.9567 0
      vertex 26.7558 40.8271 0
    endloop
  endfacet
  facet normal -0.941527 0.336939 0
    outer loop
      vertex 33.3149 28.5558 0
      vertex 33.6125 29.3874 8
      vertex 33.6125 29.3874 0
    endloop
  endfacet
  facet normal -0.941527 0.336939 0
    outer loop
      vertex 33.6125 29.3874 8
      vertex 33.3149 28.5558 0
      vertex 33.3149 28.5558 8
    endloop
  endfacet
  facet normal 0.857693 0.514163 0
    outer loop
      vertex 17.5168 26.9999 8
      vertex 17.0627 27.7574 0
      vertex 17.0627 27.7574 8
    endloop
  endfacet
  facet normal 0.857693 0.514163 0
    outer loop
      vertex 17.0627 27.7574 0
      vertex 17.5168 26.9999 8
      vertex 17.5168 26.9999 0
    endloop
  endfacet
  facet normal -0.0490228 0.998798 0
    outer loop
      vertex 25.8822 23.0433 0
      vertex 25 23 8
      vertex 25.8822 23.0433 8
    endloop
  endfacet
  facet normal -0.0490228 0.998798 0
    outer loop
      vertex 25 23 8
      vertex 25.8822 23.0433 0
      vertex 25 23 0
    endloop
  endfacet
  facet normal -0.427497 -0.904017 0
    outer loop
      vertex 28.4441 40.3149 0
      vertex 29.2426 39.9373 8
      vertex 28.4441 40.3149 8
    endloop
  endfacet
  facet normal -0.427497 -0.904017 -0
    outer loop
      vertex 29.2426 39.9373 8
      vertex 28.4441 40.3149 0
      vertex 29.2426 39.9373 0
    endloop
  endfacet
  facet normal 0.0490228 0.998798 -0
    outer loop
      vertex 25 23 0
      vertex 24.1178 23.0433 8
      vertex 25 23 8
    endloop
  endfacet
  facet normal 0.0490228 0.998798 0
    outer loop
      vertex 24.1178 23.0433 8
      vertex 25 23 0
      vertex 24.1178 23.0433 0
    endloop
  endfacet
  facet normal -0.989174 -0.146746 0
    outer loop
      vertex 33.9567 32.8822 0
      vertex 33.8271 33.7558 8
      vertex 33.8271 33.7558 0
    endloop
  endfacet
  facet normal -0.989174 -0.146746 0
    outer loop
      vertex 33.8271 33.7558 8
      vertex 33.9567 32.8822 0
      vertex 33.9567 32.8822 8
    endloop
  endfacet
  facet normal -0.857693 0.514163 0
    outer loop
      vertex 32.4832 26.9999 0
      vertex 32.9373 27.7574 8
      vertex 32.9373 27.7574 0
    endloop
  endfacet
  facet normal -0.857693 0.514163 0
    outer loop
      vertex 32.9373 27.7574 8
      vertex 32.4832 26.9999 0
      vertex 32.4832 26.9999 8
    endloop
  endfacet
  facet normal -0.514163 -0.857693 0
    outer loop
      vertex 29.2426 39.9373 0
      vertex 30.0001 39.4832 8
      vertex 29.2426 39.9373 8
    endloop
  endfacet
  facet normal -0.514163 -0.857693 -0
    outer loop
      vertex 30.0001 39.4832 8
      vertex 29.2426 39.9373 0
      vertex 30.0001 39.4832 0
    endloop
  endfacet
  facet normal 0.671494 0.74101 -0
    outer loop
      vertex 19.2905 25.0429 0
      vertex 18.636 25.636 8
      vertex 19.2905 25.0429 8
    endloop
  endfacet
  facet normal 0.671494 0.74101 0
    outer loop
      vertex 18.636 25.636 8
      vertex 19.2905 25.0429 0
      vertex 18.636 25.636 0
    endloop
  endfacet
  facet normal -0.671494 -0.74101 0
    outer loop
      vertex 30.7095 38.9571 0
      vertex 31.364 38.364 8
      vertex 30.7095 38.9571 8
    endloop
  endfacet
  facet normal -0.671494 -0.74101 -0
    outer loop
      vertex 31.364 38.364 8
      vertex 30.7095 38.9571 0
      vertex 31.364 38.364 0
    endloop
  endfacet
  facet normal 0.0490228 -0.998798 0
    outer loop
      vertex 24.1178 40.9567 0
      vertex 25 41 8
      vertex 24.1178 40.9567 8
    endloop
  endfacet
  facet normal 0.0490228 -0.998798 0
    outer loop
      vertex 25 41 8
      vertex 24.1178 40.9567 0
      vertex 25 41 0
    endloop
  endfacet
  facet normal 0.74101 0.671494 0
    outer loop
      vertex 18.636 25.636 8
      vertex 18.0429 26.2905 0
      vertex 18.0429 26.2905 8
    endloop
  endfacet
  facet normal 0.74101 0.671494 0
    outer loop
      vertex 18.0429 26.2905 0
      vertex 18.636 25.636 8
      vertex 18.636 25.636 0
    endloop
  endfacet
  facet normal 0.941527 0.336939 0
    outer loop
      vertex 16.6851 28.5558 8
      vertex 16.3875 29.3874 0
      vertex 16.3875 29.3874 8
    endloop
  endfacet
  facet normal 0.941527 0.336939 0
    outer loop
      vertex 16.3875 29.3874 0
      vertex 16.6851 28.5558 8
      vertex 16.6851 28.5558 0
    endloop
  endfacet
  facet normal -0.904017 -0.427497 0
    outer loop
      vertex 33.3149 35.4441 0
      vertex 32.9373 36.2426 8
      vertex 32.9373 36.2426 0
    endloop
  endfacet
  facet normal -0.904017 -0.427497 0
    outer loop
      vertex 32.9373 36.2426 8
      vertex 33.3149 35.4441 0
      vertex 33.3149 35.4441 8
    endloop
  endfacet
  facet normal -0.0490228 -0.998798 0
    outer loop
      vertex 25 41 0
      vertex 25.8822 40.9567 8
      vertex 25 41 8
    endloop
  endfacet
  facet normal -0.0490228 -0.998798 -0
    outer loop
      vertex 25.8822 40.9567 8
      vertex 25 41 0
      vertex 25.8822 40.9567 0
    endloop
  endfacet
  facet normal -0.941514 -0.336975 0
    outer loop
      vertex 33.6125 34.6126 0
      vertex 33.3149 35.4441 8
      vertex 33.3149 35.4441 0
    endloop
  endfacet
  facet normal -0.941514 -0.336975 0
    outer loop
      vertex 33.3149 35.4441 8
      vertex 33.6125 34.6126 0
      vertex 33.6125 34.6126 8
    endloop
  endfacet
  facet normal 0.998798 0.0490228 0
    outer loop
      vertex 16.0433 31.1178 8
      vertex 16 32 0
      vertex 16 32 8
    endloop
  endfacet
  facet normal 0.998798 0.0490228 0
    outer loop
      vertex 16 32 0
      vertex 16.0433 31.1178 8
      vertex 16.0433 31.1178 0
    endloop
  endfacet
  facet normal -0.74101 0.671494 0
    outer loop
      vertex 31.364 25.636 0
      vertex 31.9571 26.2905 8
      vertex 31.9571 26.2905 0
    endloop
  endfacet
  facet normal -0.74101 0.671494 0
    outer loop
      vertex 31.9571 26.2905 8
      vertex 31.364 25.636 0
      vertex 31.364 25.636 8
    endloop
  endfacet
  facet normal -0.857693 -0.514163 0
    outer loop
      vertex 32.9373 36.2426 0
      vertex 32.4832 37.0001 8
      vertex 32.4832 37.0001 0
    endloop
  endfacet
  facet normal -0.857693 -0.514163 0
    outer loop
      vertex 32.4832 37.0001 8
      vertex 32.9373 36.2426 0
      vertex 32.9373 36.2426 8
    endloop
  endfacet
  facet normal 0.857693 -0.514163 0
    outer loop
      vertex 17.0627 36.2426 8
      vertex 17.5168 37.0001 0
      vertex 17.5168 37.0001 8
    endloop
  endfacet
  facet normal 0.857693 -0.514163 0
    outer loop
      vertex 17.5168 37.0001 0
      vertex 17.0627 36.2426 8
      vertex 17.0627 36.2426 0
    endloop
  endfacet
  facet normal 0.998798 -0.0490228 0
    outer loop
      vertex 16 32 8
      vertex 16.0433 32.8822 0
      vertex 16.0433 32.8822 8
    endloop
  endfacet
  facet normal 0.998798 -0.0490228 0
    outer loop
      vertex 16.0433 32.8822 0
      vertex 16 32 8
      vertex 16 32 0
    endloop
  endfacet
  facet normal 0.146746 -0.989174 0
    outer loop
      vertex 23.2442 40.8271 0
      vertex 24.1178 40.9567 8
      vertex 23.2442 40.8271 8
    endloop
  endfacet
  facet normal 0.146746 -0.989174 0
    outer loop
      vertex 24.1178 40.9567 8
      vertex 23.2442 40.8271 0
      vertex 24.1178 40.9567 0
    endloop
  endfacet
  facet normal 0.803222 0.59568 0
    outer loop
      vertex 18.0429 26.2905 8
      vertex 17.5168 26.9999 0
      vertex 17.5168 26.9999 8
    endloop
  endfacet
  facet normal 0.803222 0.59568 0
    outer loop
      vertex 17.5168 26.9999 0
      vertex 18.0429 26.2905 8
      vertex 18.0429 26.2905 0
    endloop
  endfacet
  facet normal 0.336939 -0.941527 0
    outer loop
      vertex 21.5558 -23.6851 0
      vertex 22.3874 -23.3875 8
      vertex 21.5558 -23.6851 8
    endloop
  endfacet
  facet normal 0.336939 -0.941527 0
    outer loop
      vertex 22.3874 -23.3875 8
      vertex 21.5558 -23.6851 0
      vertex 22.3874 -23.3875 0
    endloop
  endfacet
  facet normal -0.989174 0.146746 0
    outer loop
      vertex 33.8271 -33.7558 0
      vertex 33.9567 -32.8822 8
      vertex 33.9567 -32.8822 0
    endloop
  endfacet
  facet normal -0.989174 0.146746 0
    outer loop
      vertex 33.9567 -32.8822 8
      vertex 33.8271 -33.7558 0
      vertex 33.8271 -33.7558 8
    endloop
  endfacet
  facet normal -0.998798 0.0490228 0
    outer loop
      vertex 33.9567 -32.8822 0
      vertex 34 -32 8
      vertex 34 -32 0
    endloop
  endfacet
  facet normal -0.998798 0.0490228 0
    outer loop
      vertex 34 -32 8
      vertex 33.9567 -32.8822 0
      vertex 33.9567 -32.8822 8
    endloop
  endfacet
  facet normal -0.970036 0.242962 0
    outer loop
      vertex 33.6125 -34.6126 0
      vertex 33.8271 -33.7558 8
      vertex 33.8271 -33.7558 0
    endloop
  endfacet
  facet normal -0.970036 0.242962 0
    outer loop
      vertex 33.8271 -33.7558 8
      vertex 33.6125 -34.6126 0
      vertex 33.6125 -34.6126 8
    endloop
  endfacet
  facet normal 0.989174 0.146746 0
    outer loop
      vertex 16.1729 -33.7558 8
      vertex 16.0433 -32.8822 0
      vertex 16.0433 -32.8822 8
    endloop
  endfacet
  facet normal 0.989174 0.146746 0
    outer loop
      vertex 16.0433 -32.8822 0
      vertex 16.1729 -33.7558 8
      vertex 16.1729 -33.7558 0
    endloop
  endfacet
  facet normal 0.242962 -0.970036 0
    outer loop
      vertex 22.3874 -23.3875 0
      vertex 23.2442 -23.1729 8
      vertex 22.3874 -23.3875 8
    endloop
  endfacet
  facet normal 0.242962 -0.970036 0
    outer loop
      vertex 23.2442 -23.1729 8
      vertex 22.3874 -23.3875 0
      vertex 23.2442 -23.1729 0
    endloop
  endfacet
  facet normal -0.336975 0.941514 0
    outer loop
      vertex 28.4441 -40.3149 0
      vertex 27.6126 -40.6125 8
      vertex 28.4441 -40.3149 8
    endloop
  endfacet
  facet normal -0.336975 0.941514 0
    outer loop
      vertex 27.6126 -40.6125 8
      vertex 28.4441 -40.3149 0
      vertex 27.6126 -40.6125 0
    endloop
  endfacet
  facet normal 0.514163 0.857693 -0
    outer loop
      vertex 20.7574 -39.9373 0
      vertex 19.9999 -39.4832 8
      vertex 20.7574 -39.9373 8
    endloop
  endfacet
  facet normal 0.514163 0.857693 0
    outer loop
      vertex 19.9999 -39.4832 8
      vertex 20.7574 -39.9373 0
      vertex 19.9999 -39.4832 0
    endloop
  endfacet
  facet normal 0.903996 -0.427541 0
    outer loop
      vertex 16.6851 -28.5558 8
      vertex 17.0627 -27.7574 0
      vertex 17.0627 -27.7574 8
    endloop
  endfacet
  facet normal 0.903996 -0.427541 0
    outer loop
      vertex 17.0627 -27.7574 0
      vertex 16.6851 -28.5558 8
      vertex 16.6851 -28.5558 0
    endloop
  endfacet
  facet normal 0.242962 0.970036 -0
    outer loop
      vertex 23.2442 -40.8271 0
      vertex 22.3874 -40.6125 8
      vertex 23.2442 -40.8271 8
    endloop
  endfacet
  facet normal 0.242962 0.970036 0
    outer loop
      vertex 22.3874 -40.6125 8
      vertex 23.2442 -40.8271 0
      vertex 22.3874 -40.6125 0
    endloop
  endfacet
  facet normal 0.857693 -0.514163 0
    outer loop
      vertex 17.0627 -27.7574 8
      vertex 17.5168 -26.9999 0
      vertex 17.5168 -26.9999 8
    endloop
  endfacet
  facet normal 0.857693 -0.514163 0
    outer loop
      vertex 17.5168 -26.9999 0
      vertex 17.0627 -27.7574 8
      vertex 17.0627 -27.7574 0
    endloop
  endfacet
  facet normal -0.242962 -0.970036 0
    outer loop
      vertex 26.7558 -23.1729 0
      vertex 27.6126 -23.3875 8
      vertex 26.7558 -23.1729 8
    endloop
  endfacet
  facet normal -0.242962 -0.970036 -0
    outer loop
      vertex 27.6126 -23.3875 8
      vertex 26.7558 -23.1729 0
      vertex 27.6126 -23.3875 0
    endloop
  endfacet
  facet normal 0.59568 -0.803222 0
    outer loop
      vertex 19.2905 -25.0429 0
      vertex 19.9999 -24.5168 8
      vertex 19.2905 -25.0429 8
    endloop
  endfacet
  facet normal 0.59568 -0.803222 0
    outer loop
      vertex 19.9999 -24.5168 8
      vertex 19.2905 -25.0429 0
      vertex 19.9999 -24.5168 0
    endloop
  endfacet
  facet normal -0.514163 -0.857693 0
    outer loop
      vertex 29.2426 -24.0627 0
      vertex 30.0001 -24.5168 8
      vertex 29.2426 -24.0627 8
    endloop
  endfacet
  facet normal -0.514163 -0.857693 -0
    outer loop
      vertex 30.0001 -24.5168 8
      vertex 29.2426 -24.0627 0
      vertex 30.0001 -24.5168 0
    endloop
  endfacet
  facet normal -0.803222 -0.59568 0
    outer loop
      vertex 32.4832 -26.9999 0
      vertex 31.9571 -26.2905 8
      vertex 31.9571 -26.2905 0
    endloop
  endfacet
  facet normal -0.803222 -0.59568 0
    outer loop
      vertex 31.9571 -26.2905 8
      vertex 32.4832 -26.9999 0
      vertex 32.4832 -26.9999 8
    endloop
  endfacet
  facet normal -0.146746 0.989174 0
    outer loop
      vertex 26.7558 -40.8271 0
      vertex 25.8822 -40.9567 8
      vertex 26.7558 -40.8271 8
    endloop
  endfacet
  facet normal -0.146746 0.989174 0
    outer loop
      vertex 25.8822 -40.9567 8
      vertex 26.7558 -40.8271 0
      vertex 25.8822 -40.9567 0
    endloop
  endfacet
  facet normal 0.59568 0.803222 -0
    outer loop
      vertex 19.9999 -39.4832 0
      vertex 19.2905 -38.9571 8
      vertex 19.9999 -39.4832 8
    endloop
  endfacet
  facet normal 0.59568 0.803222 0
    outer loop
      vertex 19.2905 -38.9571 8
      vertex 19.9999 -39.4832 0
      vertex 19.2905 -38.9571 0
    endloop
  endfacet
  facet normal 0.803222 0.59568 0
    outer loop
      vertex 18.0429 -37.7095 8
      vertex 17.5168 -37.0001 0
      vertex 17.5168 -37.0001 8
    endloop
  endfacet
  facet normal 0.803222 0.59568 0
    outer loop
      vertex 17.5168 -37.0001 0
      vertex 18.0429 -37.7095 8
      vertex 18.0429 -37.7095 0
    endloop
  endfacet
  facet normal -0.989174 -0.146746 0
    outer loop
      vertex 33.9567 -31.1178 0
      vertex 33.8271 -30.2442 8
      vertex 33.8271 -30.2442 0
    endloop
  endfacet
  facet normal -0.989174 -0.146746 0
    outer loop
      vertex 33.8271 -30.2442 8
      vertex 33.9567 -31.1178 0
      vertex 33.9567 -31.1178 8
    endloop
  endfacet
  facet normal 0.941514 0.336975 0
    outer loop
      vertex 16.6851 -35.4441 8
      vertex 16.3875 -34.6126 0
      vertex 16.3875 -34.6126 8
    endloop
  endfacet
  facet normal 0.941514 0.336975 0
    outer loop
      vertex 16.3875 -34.6126 0
      vertex 16.6851 -35.4441 8
      vertex 16.6851 -35.4441 0
    endloop
  endfacet
  facet normal -0.427497 0.904017 0
    outer loop
      vertex 29.2426 -39.9373 0
      vertex 28.4441 -40.3149 8
      vertex 29.2426 -39.9373 8
    endloop
  endfacet
  facet normal -0.427497 0.904017 0
    outer loop
      vertex 28.4441 -40.3149 8
      vertex 29.2426 -39.9373 0
      vertex 28.4441 -40.3149 0
    endloop
  endfacet
  facet normal 0.941527 -0.336939 0
    outer loop
      vertex 16.3875 -29.3874 8
      vertex 16.6851 -28.5558 0
      vertex 16.6851 -28.5558 8
    endloop
  endfacet
  facet normal 0.941527 -0.336939 0
    outer loop
      vertex 16.6851 -28.5558 0
      vertex 16.3875 -29.3874 8
      vertex 16.3875 -29.3874 0
    endloop
  endfacet
  facet normal -0.970036 -0.242962 0
    outer loop
      vertex 33.8271 -30.2442 0
      vertex 33.6125 -29.3874 8
      vertex 33.6125 -29.3874 0
    endloop
  endfacet
  facet normal -0.970036 -0.242962 0
    outer loop
      vertex 33.6125 -29.3874 8
      vertex 33.8271 -30.2442 0
      vertex 33.8271 -30.2442 8
    endloop
  endfacet
  facet normal 0.0490228 0.998798 -0
    outer loop
      vertex 25 -41 0
      vertex 24.1178 -40.9567 8
      vertex 25 -41 8
    endloop
  endfacet
  facet normal 0.0490228 0.998798 0
    outer loop
      vertex 24.1178 -40.9567 8
      vertex 25 -41 0
      vertex 24.1178 -40.9567 0
    endloop
  endfacet
  facet normal -0.671494 0.74101 0
    outer loop
      vertex 31.364 -38.364 0
      vertex 30.7095 -38.9571 8
      vertex 31.364 -38.364 8
    endloop
  endfacet
  facet normal -0.671494 0.74101 0
    outer loop
      vertex 30.7095 -38.9571 8
      vertex 31.364 -38.364 0
      vertex 30.7095 -38.9571 0
    endloop
  endfacet
  facet normal 0.427541 0.903996 -0
    outer loop
      vertex 21.5558 -40.3149 0
      vertex 20.7574 -39.9373 8
      vertex 21.5558 -40.3149 8
    endloop
  endfacet
  facet normal 0.427541 0.903996 0
    outer loop
      vertex 20.7574 -39.9373 8
      vertex 21.5558 -40.3149 0
      vertex 20.7574 -39.9373 0
    endloop
  endfacet
  facet normal 0.671494 0.74101 -0
    outer loop
      vertex 19.2905 -38.9571 0
      vertex 18.636 -38.364 8
      vertex 19.2905 -38.9571 8
    endloop
  endfacet
  facet normal 0.671494 0.74101 0
    outer loop
      vertex 18.636 -38.364 8
      vertex 19.2905 -38.9571 0
      vertex 18.636 -38.364 0
    endloop
  endfacet
  facet normal -0.336975 -0.941514 0
    outer loop
      vertex 27.6126 -23.3875 0
      vertex 28.4441 -23.6851 8
      vertex 27.6126 -23.3875 8
    endloop
  endfacet
  facet normal -0.336975 -0.941514 -0
    outer loop
      vertex 28.4441 -23.6851 8
      vertex 27.6126 -23.3875 0
      vertex 28.4441 -23.6851 0
    endloop
  endfacet
  facet normal 0.336939 0.941527 -0
    outer loop
      vertex 22.3874 -40.6125 0
      vertex 21.5558 -40.3149 8
      vertex 22.3874 -40.6125 8
    endloop
  endfacet
  facet normal 0.336939 0.941527 0
    outer loop
      vertex 21.5558 -40.3149 8
      vertex 22.3874 -40.6125 0
      vertex 21.5558 -40.3149 0
    endloop
  endfacet
  facet normal -0.803222 0.59568 0
    outer loop
      vertex 31.9571 -37.7095 0
      vertex 32.4832 -37.0001 8
      vertex 32.4832 -37.0001 0
    endloop
  endfacet
  facet normal -0.803222 0.59568 0
    outer loop
      vertex 32.4832 -37.0001 8
      vertex 31.9571 -37.7095 0
      vertex 31.9571 -37.7095 8
    endloop
  endfacet
  facet normal 0.857693 0.514163 0
    outer loop
      vertex 17.5168 -37.0001 8
      vertex 17.0627 -36.2426 0
      vertex 17.0627 -36.2426 8
    endloop
  endfacet
  facet normal 0.857693 0.514163 0
    outer loop
      vertex 17.0627 -36.2426 0
      vertex 17.5168 -37.0001 8
      vertex 17.5168 -37.0001 0
    endloop
  endfacet
  facet normal -0.998798 -0.0490228 0
    outer loop
      vertex 34 -32 0
      vertex 33.9567 -31.1178 8
      vertex 33.9567 -31.1178 0
    endloop
  endfacet
  facet normal -0.998798 -0.0490228 0
    outer loop
      vertex 33.9567 -31.1178 8
      vertex 34 -32 0
      vertex 34 -32 8
    endloop
  endfacet
  facet normal -0.903996 -0.427541 0
    outer loop
      vertex 33.3149 -28.5558 0
      vertex 32.9373 -27.7574 8
      vertex 32.9373 -27.7574 0
    endloop
  endfacet
  facet normal -0.903996 -0.427541 0
    outer loop
      vertex 32.9373 -27.7574 8
      vertex 33.3149 -28.5558 0
      vertex 33.3149 -28.5558 8
    endloop
  endfacet
  facet normal -0.857693 0.514163 0
    outer loop
      vertex 32.4832 -37.0001 0
      vertex 32.9373 -36.2426 8
      vertex 32.9373 -36.2426 0
    endloop
  endfacet
  facet normal -0.857693 0.514163 0
    outer loop
      vertex 32.9373 -36.2426 8
      vertex 32.4832 -37.0001 0
      vertex 32.4832 -37.0001 8
    endloop
  endfacet
  facet normal 0.671494 -0.74101 0
    outer loop
      vertex 18.636 -25.636 0
      vertex 19.2905 -25.0429 8
      vertex 18.636 -25.636 8
    endloop
  endfacet
  facet normal 0.671494 -0.74101 0
    outer loop
      vertex 19.2905 -25.0429 8
      vertex 18.636 -25.636 0
      vertex 19.2905 -25.0429 0
    endloop
  endfacet
  facet normal -0.59568 0.803222 0
    outer loop
      vertex 30.7095 -38.9571 0
      vertex 30.0001 -39.4832 8
      vertex 30.7095 -38.9571 8
    endloop
  endfacet
  facet normal -0.59568 0.803222 0
    outer loop
      vertex 30.0001 -39.4832 8
      vertex 30.7095 -38.9571 0
      vertex 30.0001 -39.4832 0
    endloop
  endfacet
  facet normal 0.514163 -0.857693 0
    outer loop
      vertex 19.9999 -24.5168 0
      vertex 20.7574 -24.0627 8
      vertex 19.9999 -24.5168 8
    endloop
  endfacet
  facet normal 0.514163 -0.857693 0
    outer loop
      vertex 20.7574 -24.0627 8
      vertex 19.9999 -24.5168 0
      vertex 20.7574 -24.0627 0
    endloop
  endfacet
  facet normal -0.514163 0.857693 0
    outer loop
      vertex 30.0001 -39.4832 0
      vertex 29.2426 -39.9373 8
      vertex 30.0001 -39.4832 8
    endloop
  endfacet
  facet normal -0.514163 0.857693 0
    outer loop
      vertex 29.2426 -39.9373 8
      vertex 30.0001 -39.4832 0
      vertex 29.2426 -39.9373 0
    endloop
  endfacet
  facet normal -0.146746 -0.989174 0
    outer loop
      vertex 25.8822 -23.0433 0
      vertex 26.7558 -23.1729 8
      vertex 25.8822 -23.0433 8
    endloop
  endfacet
  facet normal -0.146746 -0.989174 -0
    outer loop
      vertex 26.7558 -23.1729 8
      vertex 25.8822 -23.0433 0
      vertex 26.7558 -23.1729 0
    endloop
  endfacet
  facet normal -0.941514 0.336975 0
    outer loop
      vertex 33.3149 -35.4441 0
      vertex 33.6125 -34.6126 8
      vertex 33.6125 -34.6126 0
    endloop
  endfacet
  facet normal -0.941514 0.336975 0
    outer loop
      vertex 33.6125 -34.6126 8
      vertex 33.3149 -35.4441 0
      vertex 33.3149 -35.4441 8
    endloop
  endfacet
  facet normal -0.857693 -0.514163 0
    outer loop
      vertex 32.9373 -27.7574 0
      vertex 32.4832 -26.9999 8
      vertex 32.4832 -26.9999 0
    endloop
  endfacet
  facet normal -0.857693 -0.514163 0
    outer loop
      vertex 32.4832 -26.9999 8
      vertex 32.9373 -27.7574 0
      vertex 32.9373 -27.7574 8
    endloop
  endfacet
  facet normal 0.998798 -0.0490228 0
    outer loop
      vertex 16 -32 8
      vertex 16.0433 -31.1178 0
      vertex 16.0433 -31.1178 8
    endloop
  endfacet
  facet normal 0.998798 -0.0490228 0
    outer loop
      vertex 16.0433 -31.1178 0
      vertex 16 -32 8
      vertex 16 -32 0
    endloop
  endfacet
  facet normal -0.941527 -0.336939 0
    outer loop
      vertex 33.6125 -29.3874 0
      vertex 33.3149 -28.5558 8
      vertex 33.3149 -28.5558 0
    endloop
  endfacet
  facet normal -0.941527 -0.336939 0
    outer loop
      vertex 33.3149 -28.5558 8
      vertex 33.6125 -29.3874 0
      vertex 33.6125 -29.3874 8
    endloop
  endfacet
  facet normal -0.74101 0.671494 0
    outer loop
      vertex 31.364 -38.364 0
      vertex 31.9571 -37.7095 8
      vertex 31.9571 -37.7095 0
    endloop
  endfacet
  facet normal -0.74101 0.671494 0
    outer loop
      vertex 31.9571 -37.7095 8
      vertex 31.364 -38.364 0
      vertex 31.364 -38.364 8
    endloop
  endfacet
  facet normal -0.0490228 0.998798 0
    outer loop
      vertex 25.8822 -40.9567 0
      vertex 25 -41 8
      vertex 25.8822 -40.9567 8
    endloop
  endfacet
  facet normal -0.0490228 0.998798 0
    outer loop
      vertex 25 -41 8
      vertex 25.8822 -40.9567 0
      vertex 25 -41 0
    endloop
  endfacet
  facet normal -0.904017 0.427497 0
    outer loop
      vertex 32.9373 -36.2426 0
      vertex 33.3149 -35.4441 8
      vertex 33.3149 -35.4441 0
    endloop
  endfacet
  facet normal -0.904017 0.427497 0
    outer loop
      vertex 33.3149 -35.4441 8
      vertex 32.9373 -36.2426 0
      vertex 32.9373 -36.2426 8
    endloop
  endfacet
  facet normal 0.146746 -0.989174 0
    outer loop
      vertex 23.2442 -23.1729 0
      vertex 24.1178 -23.0433 8
      vertex 23.2442 -23.1729 8
    endloop
  endfacet
  facet normal 0.146746 -0.989174 0
    outer loop
      vertex 24.1178 -23.0433 8
      vertex 23.2442 -23.1729 0
      vertex 24.1178 -23.0433 0
    endloop
  endfacet
  facet normal -0.671494 -0.74101 0
    outer loop
      vertex 30.7095 -25.0429 0
      vertex 31.364 -25.636 8
      vertex 30.7095 -25.0429 8
    endloop
  endfacet
  facet normal -0.671494 -0.74101 -0
    outer loop
      vertex 31.364 -25.636 8
      vertex 30.7095 -25.0429 0
      vertex 31.364 -25.636 0
    endloop
  endfacet
  facet normal 0.0490228 -0.998798 0
    outer loop
      vertex 24.1178 -23.0433 0
      vertex 25 -23 8
      vertex 24.1178 -23.0433 8
    endloop
  endfacet
  facet normal 0.0490228 -0.998798 0
    outer loop
      vertex 25 -23 8
      vertex 24.1178 -23.0433 0
      vertex 25 -23 0
    endloop
  endfacet
  facet normal 0.74101 0.671494 0
    outer loop
      vertex 18.636 -38.364 8
      vertex 18.0429 -37.7095 0
      vertex 18.0429 -37.7095 8
    endloop
  endfacet
  facet normal 0.74101 0.671494 0
    outer loop
      vertex 18.0429 -37.7095 0
      vertex 18.636 -38.364 8
      vertex 18.636 -38.364 0
    endloop
  endfacet
  facet normal 0.146746 0.989174 -0
    outer loop
      vertex 24.1178 -40.9567 0
      vertex 23.2442 -40.8271 8
      vertex 24.1178 -40.9567 8
    endloop
  endfacet
  facet normal 0.146746 0.989174 0
    outer loop
      vertex 23.2442 -40.8271 8
      vertex 24.1178 -40.9567 0
      vertex 23.2442 -40.8271 0
    endloop
  endfacet
  facet normal 0.904017 0.427497 0
    outer loop
      vertex 17.0627 -36.2426 8
      vertex 16.6851 -35.4441 0
      vertex 16.6851 -35.4441 8
    endloop
  endfacet
  facet normal 0.904017 0.427497 0
    outer loop
      vertex 16.6851 -35.4441 0
      vertex 17.0627 -36.2426 8
      vertex 17.0627 -36.2426 0
    endloop
  endfacet
  facet normal 0.970036 0.242962 0
    outer loop
      vertex 16.3875 -34.6126 8
      vertex 16.1729 -33.7558 0
      vertex 16.1729 -33.7558 8
    endloop
  endfacet
  facet normal 0.970036 0.242962 0
    outer loop
      vertex 16.1729 -33.7558 0
      vertex 16.3875 -34.6126 8
      vertex 16.3875 -34.6126 0
    endloop
  endfacet
  facet normal -0.242962 0.970036 0
    outer loop
      vertex 27.6126 -40.6125 0
      vertex 26.7558 -40.8271 8
      vertex 27.6126 -40.6125 8
    endloop
  endfacet
  facet normal -0.242962 0.970036 0
    outer loop
      vertex 26.7558 -40.8271 8
      vertex 27.6126 -40.6125 0
      vertex 26.7558 -40.8271 0
    endloop
  endfacet
  facet normal 0.970036 -0.242962 0
    outer loop
      vertex 16.1729 -30.2442 8
      vertex 16.3875 -29.3874 0
      vertex 16.3875 -29.3874 8
    endloop
  endfacet
  facet normal 0.970036 -0.242962 0
    outer loop
      vertex 16.3875 -29.3874 0
      vertex 16.1729 -30.2442 8
      vertex 16.1729 -30.2442 0
    endloop
  endfacet
  facet normal 0.427541 -0.903996 0
    outer loop
      vertex 20.7574 -24.0627 0
      vertex 21.5558 -23.6851 8
      vertex 20.7574 -24.0627 8
    endloop
  endfacet
  facet normal 0.427541 -0.903996 0
    outer loop
      vertex 21.5558 -23.6851 8
      vertex 20.7574 -24.0627 0
      vertex 21.5558 -23.6851 0
    endloop
  endfacet
  facet normal 0.74101 -0.671494 0
    outer loop
      vertex 18.0429 -26.2905 8
      vertex 18.636 -25.636 0
      vertex 18.636 -25.636 8
    endloop
  endfacet
  facet normal 0.74101 -0.671494 0
    outer loop
      vertex 18.636 -25.636 0
      vertex 18.0429 -26.2905 8
      vertex 18.0429 -26.2905 0
    endloop
  endfacet
  facet normal -0.427497 -0.904017 0
    outer loop
      vertex 28.4441 -23.6851 0
      vertex 29.2426 -24.0627 8
      vertex 28.4441 -23.6851 8
    endloop
  endfacet
  facet normal -0.427497 -0.904017 -0
    outer loop
      vertex 29.2426 -24.0627 8
      vertex 28.4441 -23.6851 0
      vertex 29.2426 -24.0627 0
    endloop
  endfacet
  facet normal -0.0490228 -0.998798 0
    outer loop
      vertex 25 -23 0
      vertex 25.8822 -23.0433 8
      vertex 25 -23 8
    endloop
  endfacet
  facet normal -0.0490228 -0.998798 -0
    outer loop
      vertex 25.8822 -23.0433 8
      vertex 25 -23 0
      vertex 25.8822 -23.0433 0
    endloop
  endfacet
  facet normal 0.989174 -0.146746 0
    outer loop
      vertex 16.0433 -31.1178 8
      vertex 16.1729 -30.2442 0
      vertex 16.1729 -30.2442 8
    endloop
  endfacet
  facet normal 0.989174 -0.146746 0
    outer loop
      vertex 16.1729 -30.2442 0
      vertex 16.0433 -31.1178 8
      vertex 16.0433 -31.1178 0
    endloop
  endfacet
  facet normal -0.59568 -0.803222 0
    outer loop
      vertex 30.0001 -24.5168 0
      vertex 30.7095 -25.0429 8
      vertex 30.0001 -24.5168 8
    endloop
  endfacet
  facet normal -0.59568 -0.803222 -0
    outer loop
      vertex 30.7095 -25.0429 8
      vertex 30.0001 -24.5168 0
      vertex 30.7095 -25.0429 0
    endloop
  endfacet
  facet normal 0.803222 -0.59568 0
    outer loop
      vertex 17.5168 -26.9999 8
      vertex 18.0429 -26.2905 0
      vertex 18.0429 -26.2905 8
    endloop
  endfacet
  facet normal 0.803222 -0.59568 0
    outer loop
      vertex 18.0429 -26.2905 0
      vertex 17.5168 -26.9999 8
      vertex 17.5168 -26.9999 0
    endloop
  endfacet
  facet normal 0.998798 0.0490228 0
    outer loop
      vertex 16.0433 -32.8822 8
      vertex 16 -32 0
      vertex 16 -32 8
    endloop
  endfacet
  facet normal 0.998798 0.0490228 0
    outer loop
      vertex 16 -32 0
      vertex 16.0433 -32.8822 8
      vertex 16.0433 -32.8822 0
    endloop
  endfacet
  facet normal -0.74101 -0.671494 0
    outer loop
      vertex 31.9571 -26.2905 0
      vertex 31.364 -25.636 8
      vertex 31.364 -25.636 0
    endloop
  endfacet
  facet normal -0.74101 -0.671494 0
    outer loop
      vertex 31.364 -25.636 8
      vertex 31.9571 -26.2905 0
      vertex 31.9571 -26.2905 8
    endloop
  endfacet
  facet normal -0.671568 -0.740943 0
    outer loop
      vertex 3.10853 3.78775 0
      vertex 3.46482 3.46482 8
      vertex 3.10853 3.78775 8
    endloop
  endfacet
  facet normal -0.671568 -0.740943 -0
    outer loop
      vertex 3.46482 3.46482 8
      vertex 3.10853 3.78775 0
      vertex 3.46482 3.46482 0
    endloop
  endfacet
  facet normal -0.989179 0.146716 0
    outer loop
      vertex 4.80585 -0.955942 0
      vertex 4.8764 -0.480284 8
      vertex 4.8764 -0.480284 0
    endloop
  endfacet
  facet normal -0.989179 0.146716 0
    outer loop
      vertex 4.8764 -0.480284 8
      vertex 4.80585 -0.955942 0
      vertex 4.80585 -0.955942 8
    endloop
  endfacet
  facet normal -0.998795 0.0490784 0
    outer loop
      vertex 4.8764 -0.480284 0
      vertex 4.9 0 8
      vertex 4.9 0 0
    endloop
  endfacet
  facet normal -0.998795 0.0490784 0
    outer loop
      vertex 4.9 0 8
      vertex 4.8764 -0.480284 0
      vertex 4.8764 -0.480284 8
    endloop
  endfacet
  facet normal -0.970031 0.242982 0
    outer loop
      vertex 4.68901 -1.42239 0
      vertex 4.80585 -0.955942 8
      vertex 4.80585 -0.955942 0
    endloop
  endfacet
  facet normal -0.970031 0.242982 0
    outer loop
      vertex 4.80585 -0.955942 8
      vertex 4.68901 -1.42239 0
      vertex 4.68901 -1.42239 8
    endloop
  endfacet
  facet normal -0.427567 -0.903984 0
    outer loop
      vertex 1.87515 4.52701 0
      vertex 2.30984 4.32141 8
      vertex 1.87515 4.52701 8
    endloop
  endfacet
  facet normal -0.427567 -0.903984 -0
    outer loop
      vertex 2.30984 4.32141 8
      vertex 1.87515 4.52701 0
      vertex 2.30984 4.32141 0
    endloop
  endfacet
  facet normal 0.671568 0.740943 -0
    outer loop
      vertex -3.10853 -3.78775 0
      vertex -3.46482 -3.46482 8
      vertex -3.10853 -3.78775 8
    endloop
  endfacet
  facet normal 0.671568 0.740943 0
    outer loop
      vertex -3.46482 -3.46482 8
      vertex -3.10853 -3.78775 0
      vertex -3.46482 -3.46482 0
    endloop
  endfacet
  facet normal 0.970031 -0.242982 0
    outer loop
      vertex -4.80585 0.955942 8
      vertex -4.68901 1.42239 0
      vertex -4.68901 1.42239 8
    endloop
  endfacet
  facet normal 0.970031 -0.242982 0
    outer loop
      vertex -4.68901 1.42239 0
      vertex -4.80585 0.955942 8
      vertex -4.80585 0.955942 0
    endloop
  endfacet
  facet normal 0.427567 0.903984 -0
    outer loop
      vertex -1.87515 -4.52701 0
      vertex -2.30984 -4.32141 8
      vertex -1.87515 -4.52701 8
    endloop
  endfacet
  facet normal 0.427567 0.903984 0
    outer loop
      vertex -2.30984 -4.32141 8
      vertex -1.87515 -4.52701 0
      vertex -2.30984 -4.32141 0
    endloop
  endfacet
  facet normal -0.427567 0.903984 0
    outer loop
      vertex 2.30984 -4.32141 0
      vertex 1.87515 -4.52701 8
      vertex 2.30984 -4.32141 8
    endloop
  endfacet
  facet normal -0.427567 0.903984 0
    outer loop
      vertex 1.87515 -4.52701 8
      vertex 2.30984 -4.32141 0
      vertex 1.87515 -4.52701 0
    endloop
  endfacet
  facet normal -0.740943 0.671568 0
    outer loop
      vertex 3.46482 -3.46482 0
      vertex 3.78775 -3.10853 8
      vertex 3.78775 -3.10853 0
    endloop
  endfacet
  facet normal -0.740943 0.671568 0
    outer loop
      vertex 3.78775 -3.10853 8
      vertex 3.46482 -3.46482 0
      vertex 3.46482 -3.46482 8
    endloop
  endfacet
  facet normal 0.146716 -0.989179 0
    outer loop
      vertex -0.955942 4.80585 0
      vertex -0.480284 4.8764 8
      vertex -0.955942 4.80585 8
    endloop
  endfacet
  facet normal 0.146716 -0.989179 0
    outer loop
      vertex -0.480284 4.8764 8
      vertex -0.955942 4.80585 0
      vertex -0.480284 4.8764 0
    endloop
  endfacet
  facet normal -0.242982 0.970031 0
    outer loop
      vertex 1.42239 -4.68901 0
      vertex 0.955942 -4.80585 8
      vertex 1.42239 -4.68901 8
    endloop
  endfacet
  facet normal -0.242982 0.970031 0
    outer loop
      vertex 0.955942 -4.80585 8
      vertex 1.42239 -4.68901 0
      vertex 0.955942 -4.80585 0
    endloop
  endfacet
  facet normal 0.740943 0.671568 0
    outer loop
      vertex -3.46482 -3.46482 8
      vertex -3.78775 -3.10853 0
      vertex -3.78775 -3.10853 8
    endloop
  endfacet
  facet normal 0.740943 0.671568 0
    outer loop
      vertex -3.78775 -3.10853 0
      vertex -3.46482 -3.46482 8
      vertex -3.46482 -3.46482 0
    endloop
  endfacet
  facet normal -0.514098 -0.857731 0
    outer loop
      vertex 2.30984 4.32141 0
      vertex 2.72229 4.0742 8
      vertex 2.30984 4.32141 8
    endloop
  endfacet
  facet normal -0.514098 -0.857731 -0
    outer loop
      vertex 2.72229 4.0742 8
      vertex 2.30984 4.32141 0
      vertex 2.72229 4.0742 0
    endloop
  endfacet
  facet normal -0.242982 -0.970031 0
    outer loop
      vertex 0.955942 4.80585 0
      vertex 1.42239 4.68901 8
      vertex 0.955942 4.80585 8
    endloop
  endfacet
  facet normal -0.242982 -0.970031 -0
    outer loop
      vertex 1.42239 4.68901 8
      vertex 0.955942 4.80585 0
      vertex 1.42239 4.68901 0
    endloop
  endfacet
  facet normal 0.33689 0.941544 -0
    outer loop
      vertex -1.42239 -4.68901 0
      vertex -1.87515 -4.52701 8
      vertex -1.42239 -4.68901 8
    endloop
  endfacet
  facet normal 0.33689 0.941544 0
    outer loop
      vertex -1.87515 -4.52701 8
      vertex -1.42239 -4.68901 0
      vertex -1.87515 -4.52701 0
    endloop
  endfacet
  facet normal -0.0490784 -0.998795 0
    outer loop
      vertex 0 4.9 0
      vertex 0.480284 4.8764 8
      vertex 0 4.9 8
    endloop
  endfacet
  facet normal -0.0490784 -0.998795 -0
    outer loop
      vertex 0.480284 4.8764 8
      vertex 0 4.9 0
      vertex 0.480284 4.8764 0
    endloop
  endfacet
  facet normal 0.427567 -0.903984 0
    outer loop
      vertex -2.30984 4.32141 0
      vertex -1.87515 4.52701 8
      vertex -2.30984 4.32141 8
    endloop
  endfacet
  facet normal 0.427567 -0.903984 0
    outer loop
      vertex -1.87515 4.52701 8
      vertex -2.30984 4.32141 0
      vertex -1.87515 4.52701 0
    endloop
  endfacet
  facet normal 0.0490784 0.998795 -0
    outer loop
      vertex 0 -4.9 0
      vertex -0.480284 -4.8764 8
      vertex 0 -4.9 8
    endloop
  endfacet
  facet normal 0.0490784 0.998795 0
    outer loop
      vertex -0.480284 -4.8764 8
      vertex 0 -4.9 0
      vertex -0.480284 -4.8764 0
    endloop
  endfacet
  facet normal 0.595692 -0.803213 0
    outer loop
      vertex -3.10853 3.78775 0
      vertex -2.72229 4.0742 8
      vertex -3.10853 3.78775 8
    endloop
  endfacet
  facet normal 0.595692 -0.803213 0
    outer loop
      vertex -2.72229 4.0742 8
      vertex -3.10853 3.78775 0
      vertex -2.72229 4.0742 0
    endloop
  endfacet
  facet normal 0.903984 -0.427567 0
    outer loop
      vertex -4.52701 1.87515 8
      vertex -4.32141 2.30984 0
      vertex -4.32141 2.30984 8
    endloop
  endfacet
  facet normal 0.903984 -0.427567 0
    outer loop
      vertex -4.32141 2.30984 0
      vertex -4.52701 1.87515 8
      vertex -4.52701 1.87515 0
    endloop
  endfacet
  facet normal 0.989179 0.146716 0
    outer loop
      vertex -4.80585 -0.955942 8
      vertex -4.8764 -0.480284 0
      vertex -4.8764 -0.480284 8
    endloop
  endfacet
  facet normal 0.989179 0.146716 0
    outer loop
      vertex -4.8764 -0.480284 0
      vertex -4.80585 -0.955942 8
      vertex -4.80585 -0.955942 0
    endloop
  endfacet
  facet normal 0.146716 0.989179 -0
    outer loop
      vertex -0.480284 -4.8764 0
      vertex -0.955942 -4.80585 8
      vertex -0.480284 -4.8764 8
    endloop
  endfacet
  facet normal 0.146716 0.989179 0
    outer loop
      vertex -0.955942 -4.80585 8
      vertex -0.480284 -4.8764 0
      vertex -0.955942 -4.80585 0
    endloop
  endfacet
  facet normal -0.595692 -0.803213 0
    outer loop
      vertex 2.72229 4.0742 0
      vertex 3.10853 3.78775 8
      vertex 2.72229 4.0742 8
    endloop
  endfacet
  facet normal -0.595692 -0.803213 -0
    outer loop
      vertex 3.10853 3.78775 8
      vertex 2.72229 4.0742 0
      vertex 3.10853 3.78775 0
    endloop
  endfacet
  facet normal -0.514098 0.857731 0
    outer loop
      vertex 2.72229 -4.0742 0
      vertex 2.30984 -4.32141 8
      vertex 2.72229 -4.0742 8
    endloop
  endfacet
  facet normal -0.514098 0.857731 0
    outer loop
      vertex 2.30984 -4.32141 8
      vertex 2.72229 -4.0742 0
      vertex 2.30984 -4.32141 0
    endloop
  endfacet
  facet normal 0.998795 -0.0490784 0
    outer loop
      vertex -4.9 0 8
      vertex -4.8764 0.480284 0
      vertex -4.8764 0.480284 8
    endloop
  endfacet
  facet normal 0.998795 -0.0490784 0
    outer loop
      vertex -4.8764 0.480284 0
      vertex -4.9 0 8
      vertex -4.9 0 0
    endloop
  endfacet
  facet normal 0.33689 -0.941544 0
    outer loop
      vertex -1.87515 4.52701 0
      vertex -1.42239 4.68901 8
      vertex -1.87515 4.52701 8
    endloop
  endfacet
  facet normal 0.33689 -0.941544 0
    outer loop
      vertex -1.42239 4.68901 8
      vertex -1.87515 4.52701 0
      vertex -1.42239 4.68901 0
    endloop
  endfacet
  facet normal 0.903984 0.427567 0
    outer loop
      vertex -4.32141 -2.30984 8
      vertex -4.52701 -1.87515 0
      vertex -4.52701 -1.87515 8
    endloop
  endfacet
  facet normal 0.903984 0.427567 0
    outer loop
      vertex -4.52701 -1.87515 0
      vertex -4.32141 -2.30984 8
      vertex -4.32141 -2.30984 0
    endloop
  endfacet
  facet normal -0.970031 -0.242982 0
    outer loop
      vertex 4.80585 0.955942 0
      vertex 4.68901 1.42239 8
      vertex 4.68901 1.42239 0
    endloop
  endfacet
  facet normal -0.970031 -0.242982 0
    outer loop
      vertex 4.68901 1.42239 8
      vertex 4.80585 0.955942 0
      vertex 4.80585 0.955942 8
    endloop
  endfacet
  facet normal 0.514098 0.857731 -0
    outer loop
      vertex -2.30984 -4.32141 0
      vertex -2.72229 -4.0742 8
      vertex -2.30984 -4.32141 8
    endloop
  endfacet
  facet normal 0.514098 0.857731 0
    outer loop
      vertex -2.72229 -4.0742 8
      vertex -2.30984 -4.32141 0
      vertex -2.72229 -4.0742 0
    endloop
  endfacet
  facet normal -0.595692 0.803213 0
    outer loop
      vertex 3.10853 -3.78775 0
      vertex 2.72229 -4.0742 8
      vertex 3.10853 -3.78775 8
    endloop
  endfacet
  facet normal -0.595692 0.803213 0
    outer loop
      vertex 2.72229 -4.0742 8
      vertex 3.10853 -3.78775 0
      vertex 2.72229 -4.0742 0
    endloop
  endfacet
  facet normal 0.595692 0.803213 -0
    outer loop
      vertex -2.72229 -4.0742 0
      vertex -3.10853 -3.78775 8
      vertex -2.72229 -4.0742 8
    endloop
  endfacet
  facet normal 0.595692 0.803213 0
    outer loop
      vertex -3.10853 -3.78775 8
      vertex -2.72229 -4.0742 0
      vertex -3.10853 -3.78775 0
    endloop
  endfacet
  facet normal -0.803213 0.595692 0
    outer loop
      vertex 3.78775 -3.10853 0
      vertex 4.0742 -2.72229 8
      vertex 4.0742 -2.72229 0
    endloop
  endfacet
  facet normal -0.803213 0.595692 0
    outer loop
      vertex 4.0742 -2.72229 8
      vertex 3.78775 -3.10853 0
      vertex 3.78775 -3.10853 8
    endloop
  endfacet
  facet normal -0.989179 -0.146716 0
    outer loop
      vertex 4.8764 0.480284 0
      vertex 4.80585 0.955942 8
      vertex 4.80585 0.955942 0
    endloop
  endfacet
  facet normal -0.989179 -0.146716 0
    outer loop
      vertex 4.80585 0.955942 8
      vertex 4.8764 0.480284 0
      vertex 4.8764 0.480284 8
    endloop
  endfacet
  facet normal 0.941544 0.33689 0
    outer loop
      vertex -4.52701 -1.87515 8
      vertex -4.68901 -1.42239 0
      vertex -4.68901 -1.42239 8
    endloop
  endfacet
  facet normal 0.941544 0.33689 0
    outer loop
      vertex -4.68901 -1.42239 0
      vertex -4.52701 -1.87515 8
      vertex -4.52701 -1.87515 0
    endloop
  endfacet
  facet normal -0.903984 -0.427567 0
    outer loop
      vertex 4.52701 1.87515 0
      vertex 4.32141 2.30984 8
      vertex 4.32141 2.30984 0
    endloop
  endfacet
  facet normal -0.903984 -0.427567 0
    outer loop
      vertex 4.32141 2.30984 8
      vertex 4.52701 1.87515 0
      vertex 4.52701 1.87515 8
    endloop
  endfacet
  facet normal -0.33689 0.941544 0
    outer loop
      vertex 1.87515 -4.52701 0
      vertex 1.42239 -4.68901 8
      vertex 1.87515 -4.52701 8
    endloop
  endfacet
  facet normal -0.33689 0.941544 0
    outer loop
      vertex 1.42239 -4.68901 8
      vertex 1.87515 -4.52701 0
      vertex 1.42239 -4.68901 0
    endloop
  endfacet
  facet normal -0.998795 -0.0490784 0
    outer loop
      vertex 4.9 0 0
      vertex 4.8764 0.480284 8
      vertex 4.8764 0.480284 0
    endloop
  endfacet
  facet normal -0.998795 -0.0490784 0
    outer loop
      vertex 4.8764 0.480284 8
      vertex 4.9 0 0
      vertex 4.9 0 8
    endloop
  endfacet
  facet normal -0.146716 -0.989179 0
    outer loop
      vertex 0.480284 4.8764 0
      vertex 0.955942 4.80585 8
      vertex 0.480284 4.8764 8
    endloop
  endfacet
  facet normal -0.146716 -0.989179 -0
    outer loop
      vertex 0.955942 4.80585 8
      vertex 0.480284 4.8764 0
      vertex 0.955942 4.80585 0
    endloop
  endfacet
  facet normal -0.941544 0.33689 0
    outer loop
      vertex 4.52701 -1.87515 0
      vertex 4.68901 -1.42239 8
      vertex 4.68901 -1.42239 0
    endloop
  endfacet
  facet normal -0.941544 0.33689 0
    outer loop
      vertex 4.68901 -1.42239 8
      vertex 4.52701 -1.87515 0
      vertex 4.52701 -1.87515 8
    endloop
  endfacet
  facet normal -0.803213 -0.595692 0
    outer loop
      vertex 4.0742 2.72229 0
      vertex 3.78775 3.10853 8
      vertex 3.78775 3.10853 0
    endloop
  endfacet
  facet normal -0.803213 -0.595692 0
    outer loop
      vertex 3.78775 3.10853 8
      vertex 4.0742 2.72229 0
      vertex 4.0742 2.72229 8
    endloop
  endfacet
  facet normal -0.857731 -0.514098 0
    outer loop
      vertex 4.32141 2.30984 0
      vertex 4.0742 2.72229 8
      vertex 4.0742 2.72229 0
    endloop
  endfacet
  facet normal -0.857731 -0.514098 0
    outer loop
      vertex 4.0742 2.72229 8
      vertex 4.32141 2.30984 0
      vertex 4.32141 2.30984 8
    endloop
  endfacet
  facet normal -0.941544 -0.33689 0
    outer loop
      vertex 4.68901 1.42239 0
      vertex 4.52701 1.87515 8
      vertex 4.52701 1.87515 0
    endloop
  endfacet
  facet normal -0.941544 -0.33689 0
    outer loop
      vertex 4.52701 1.87515 8
      vertex 4.68901 1.42239 0
      vertex 4.68901 1.42239 8
    endloop
  endfacet
  facet normal -0.0490784 0.998795 0
    outer loop
      vertex 0.480284 -4.8764 0
      vertex 0 -4.9 8
      vertex 0.480284 -4.8764 8
    endloop
  endfacet
  facet normal -0.0490784 0.998795 0
    outer loop
      vertex 0 -4.9 8
      vertex 0.480284 -4.8764 0
      vertex 0 -4.9 0
    endloop
  endfacet
  facet normal 0.242982 0.970031 -0
    outer loop
      vertex -0.955942 -4.80585 0
      vertex -1.42239 -4.68901 8
      vertex -0.955942 -4.80585 8
    endloop
  endfacet
  facet normal 0.242982 0.970031 0
    outer loop
      vertex -1.42239 -4.68901 8
      vertex -0.955942 -4.80585 0
      vertex -1.42239 -4.68901 0
    endloop
  endfacet
  facet normal -0.903984 0.427567 0
    outer loop
      vertex 4.32141 -2.30984 0
      vertex 4.52701 -1.87515 8
      vertex 4.52701 -1.87515 0
    endloop
  endfacet
  facet normal -0.903984 0.427567 0
    outer loop
      vertex 4.52701 -1.87515 8
      vertex 4.32141 -2.30984 0
      vertex 4.32141 -2.30984 8
    endloop
  endfacet
  facet normal -0.146716 0.989179 0
    outer loop
      vertex 0.955942 -4.80585 0
      vertex 0.480284 -4.8764 8
      vertex 0.955942 -4.80585 8
    endloop
  endfacet
  facet normal -0.146716 0.989179 0
    outer loop
      vertex 0.480284 -4.8764 8
      vertex 0.955942 -4.80585 0
      vertex 0.480284 -4.8764 0
    endloop
  endfacet
  facet normal 0.242982 -0.970031 0
    outer loop
      vertex -1.42239 4.68901 0
      vertex -0.955942 4.80585 8
      vertex -1.42239 4.68901 8
    endloop
  endfacet
  facet normal 0.242982 -0.970031 0
    outer loop
      vertex -0.955942 4.80585 8
      vertex -1.42239 4.68901 0
      vertex -0.955942 4.80585 0
    endloop
  endfacet
  facet normal 0.857731 -0.514098 0
    outer loop
      vertex -4.32141 2.30984 8
      vertex -4.0742 2.72229 0
      vertex -4.0742 2.72229 8
    endloop
  endfacet
  facet normal 0.857731 -0.514098 0
    outer loop
      vertex -4.0742 2.72229 0
      vertex -4.32141 2.30984 8
      vertex -4.32141 2.30984 0
    endloop
  endfacet
  facet normal -0.857731 0.514098 0
    outer loop
      vertex 4.0742 -2.72229 0
      vertex 4.32141 -2.30984 8
      vertex 4.32141 -2.30984 0
    endloop
  endfacet
  facet normal -0.857731 0.514098 0
    outer loop
      vertex 4.32141 -2.30984 8
      vertex 4.0742 -2.72229 0
      vertex 4.0742 -2.72229 8
    endloop
  endfacet
  facet normal 0.740943 -0.671568 0
    outer loop
      vertex -3.78775 3.10853 8
      vertex -3.46482 3.46482 0
      vertex -3.46482 3.46482 8
    endloop
  endfacet
  facet normal 0.740943 -0.671568 0
    outer loop
      vertex -3.46482 3.46482 0
      vertex -3.78775 3.10853 8
      vertex -3.78775 3.10853 0
    endloop
  endfacet
  facet normal 0.941544 -0.33689 0
    outer loop
      vertex -4.68901 1.42239 8
      vertex -4.52701 1.87515 0
      vertex -4.52701 1.87515 8
    endloop
  endfacet
  facet normal 0.941544 -0.33689 0
    outer loop
      vertex -4.52701 1.87515 0
      vertex -4.68901 1.42239 8
      vertex -4.68901 1.42239 0
    endloop
  endfacet
  facet normal 0.514098 -0.857731 0
    outer loop
      vertex -2.72229 4.0742 0
      vertex -2.30984 4.32141 8
      vertex -2.72229 4.0742 8
    endloop
  endfacet
  facet normal 0.514098 -0.857731 0
    outer loop
      vertex -2.30984 4.32141 8
      vertex -2.72229 4.0742 0
      vertex -2.30984 4.32141 0
    endloop
  endfacet
  facet normal 0.970031 0.242982 0
    outer loop
      vertex -4.68901 -1.42239 8
      vertex -4.80585 -0.955942 0
      vertex -4.80585 -0.955942 8
    endloop
  endfacet
  facet normal 0.970031 0.242982 0
    outer loop
      vertex -4.80585 -0.955942 0
      vertex -4.68901 -1.42239 8
      vertex -4.68901 -1.42239 0
    endloop
  endfacet
  facet normal -0.671568 0.740943 0
    outer loop
      vertex 3.46482 -3.46482 0
      vertex 3.10853 -3.78775 8
      vertex 3.46482 -3.46482 8
    endloop
  endfacet
  facet normal -0.671568 0.740943 0
    outer loop
      vertex 3.10853 -3.78775 8
      vertex 3.46482 -3.46482 0
      vertex 3.10853 -3.78775 0
    endloop
  endfacet
  facet normal -0.33689 -0.941544 0
    outer loop
      vertex 1.42239 4.68901 0
      vertex 1.87515 4.52701 8
      vertex 1.42239 4.68901 8
    endloop
  endfacet
  facet normal -0.33689 -0.941544 -0
    outer loop
      vertex 1.87515 4.52701 8
      vertex 1.42239 4.68901 0
      vertex 1.87515 4.52701 0
    endloop
  endfacet
  facet normal 0.803213 -0.595692 0
    outer loop
      vertex -4.0742 2.72229 8
      vertex -3.78775 3.10853 0
      vertex -3.78775 3.10853 8
    endloop
  endfacet
  facet normal 0.803213 -0.595692 0
    outer loop
      vertex -3.78775 3.10853 0
      vertex -4.0742 2.72229 8
      vertex -4.0742 2.72229 0
    endloop
  endfacet
  facet normal 0.989179 -0.146716 0
    outer loop
      vertex -4.8764 0.480284 8
      vertex -4.80585 0.955942 0
      vertex -4.80585 0.955942 8
    endloop
  endfacet
  facet normal 0.989179 -0.146716 0
    outer loop
      vertex -4.80585 0.955942 0
      vertex -4.8764 0.480284 8
      vertex -4.8764 0.480284 0
    endloop
  endfacet
  facet normal 0.671568 -0.740943 0
    outer loop
      vertex -3.46482 3.46482 0
      vertex -3.10853 3.78775 8
      vertex -3.46482 3.46482 8
    endloop
  endfacet
  facet normal 0.671568 -0.740943 0
    outer loop
      vertex -3.10853 3.78775 8
      vertex -3.46482 3.46482 0
      vertex -3.10853 3.78775 0
    endloop
  endfacet
  facet normal 0.803213 0.595692 0
    outer loop
      vertex -3.78775 -3.10853 8
      vertex -4.0742 -2.72229 0
      vertex -4.0742 -2.72229 8
    endloop
  endfacet
  facet normal 0.803213 0.595692 0
    outer loop
      vertex -4.0742 -2.72229 0
      vertex -3.78775 -3.10853 8
      vertex -3.78775 -3.10853 0
    endloop
  endfacet
  facet normal 0.857731 0.514098 0
    outer loop
      vertex -4.0742 -2.72229 8
      vertex -4.32141 -2.30984 0
      vertex -4.32141 -2.30984 8
    endloop
  endfacet
  facet normal 0.857731 0.514098 0
    outer loop
      vertex -4.32141 -2.30984 0
      vertex -4.0742 -2.72229 8
      vertex -4.0742 -2.72229 0
    endloop
  endfacet
  facet normal 0.0490784 -0.998795 0
    outer loop
      vertex -0.480284 4.8764 0
      vertex 0 4.9 8
      vertex -0.480284 4.8764 8
    endloop
  endfacet
  facet normal 0.0490784 -0.998795 0
    outer loop
      vertex 0 4.9 8
      vertex -0.480284 4.8764 0
      vertex 0 4.9 0
    endloop
  endfacet
  facet normal 0.998795 0.0490784 0
    outer loop
      vertex -4.8764 -0.480284 8
      vertex -4.9 0 0
      vertex -4.9 0 8
    endloop
  endfacet
  facet normal 0.998795 0.0490784 0
    outer loop
      vertex -4.9 0 0
      vertex -4.8764 -0.480284 8
      vertex -4.8764 -0.480284 0
    endloop
  endfacet
  facet normal -0.740943 -0.671568 0
    outer loop
      vertex 3.78775 3.10853 0
      vertex 3.46482 3.46482 8
      vertex 3.46482 3.46482 0
    endloop
  endfacet
  facet normal -0.740943 -0.671568 0
    outer loop
      vertex 3.46482 3.46482 8
      vertex 3.78775 3.10853 0
      vertex 3.78775 3.10853 8
    endloop
  endfacet
endsolid OpenSCAD_Model
