solid OpenSCAD_Model
  facet normal 0.595753 -0.803168 0
    outer loop
      vertex -51.8548 -28.5215 2.4
      vertex -51.5001 -28.2584 4.4
      vertex -51.8548 -28.5215 4.4
    endloop
  endfacet
  facet normal 0.595753 -0.803168 0
    outer loop
      vertex -51.5001 -28.2584 4.4
      vertex -51.8548 -28.5215 2.4
      vertex -51.5001 -28.2584 2.4
    endloop
  endfacet
  facet normal -0.857773 0.514029 0
    outer loop
      vertex -45.2584 -34.5001 2.4
      vertex -45.0314 -34.1213 4.4
      vertex -45.0314 -34.1213 2.4
    endloop
  endfacet
  facet normal -0.857773 0.514029 0
    outer loop
      vertex -45.0314 -34.1213 4.4
      vertex -45.2584 -34.5001 2.4
      vertex -45.2584 -34.5001 4.4
    endloop
  endfacet
  facet normal -0.90395 0.427639 0
    outer loop
      vertex -45.0314 -34.1213 2.4
      vertex -44.8794 -33.8 4.4
      vertex -44.8794 -33.8 2.4
    endloop
  endfacet
  facet normal -0.90395 0.427639 0
    outer loop
      vertex -44.8794 -33.8 4.4
      vertex -45.0314 -34.1213 2.4
      vertex -45.0314 -34.1213 4.4
    endloop
  endfacet
  facet normal 0.514029 -0.857773 0
    outer loop
      vertex -51.5001 -28.2584 2.4
      vertex -51.1213 -28.0314 4.4
      vertex -51.5001 -28.2584 4.4
    endloop
  endfacet
  facet normal 0.514029 -0.857773 0
    outer loop
      vertex -51.1213 -28.0314 4.4
      vertex -51.5001 -28.2584 2.4
      vertex -51.1213 -28.0314 2.4
    endloop
  endfacet
  facet normal -0.741015 0.671488 0
    outer loop
      vertex -45.818 -35.182 2.4
      vertex -45.5215 -34.8548 4.4
      vertex -45.5215 -34.8548 2.4
    endloop
  endfacet
  facet normal -0.741015 0.671488 0
    outer loop
      vertex -45.5215 -34.8548 4.4
      vertex -45.818 -35.182 2.4
      vertex -45.818 -35.182 4.4
    endloop
  endfacet
  facet normal -0.803168 0.595753 0
    outer loop
      vertex -45.5215 -34.8548 2.4
      vertex -45.2584 -34.5001 4.4
      vertex -45.2584 -34.5001 2.4
    endloop
  endfacet
  facet normal -0.803168 0.595753 0
    outer loop
      vertex -45.2584 -34.5001 4.4
      vertex -45.5215 -34.8548 2.4
      vertex -45.5215 -34.8548 4.4
    endloop
  endfacet
  facet normal 0.427639 -0.90395 0
    outer loop
      vertex -51.1213 -28.0314 2.4
      vertex -50.8 -27.8794 4.4
      vertex -51.1213 -28.0314 4.4
    endloop
  endfacet
  facet normal 0.427639 -0.90395 0
    outer loop
      vertex -50.8 -27.8794 4.4
      vertex -51.1213 -28.0314 2.4
      vertex -50.8 -27.8794 2.4
    endloop
  endfacet
  facet normal 0.671488 -0.741015 0
    outer loop
      vertex -52.182 -28.818 2.4
      vertex -51.8548 -28.5215 4.4
      vertex -52.182 -28.818 4.4
    endloop
  endfacet
  facet normal 0.671488 -0.741015 0
    outer loop
      vertex -51.8548 -28.5215 4.4
      vertex -52.182 -28.818 2.4
      vertex -51.8548 -28.5215 2.4
    endloop
  endfacet
  facet normal 0.740969 -0.671539 0
    outer loop
      vertex -52.3 -28.9482 4.4
      vertex -52.182 -28.818 2.4
      vertex -52.182 -28.818 4.4
    endloop
  endfacet
  facet normal 0.740969 -0.671539 0
    outer loop
      vertex -52.182 -28.818 2.4
      vertex -52.3 -28.9482 4.4
      vertex -52.3 -28.9482 2.4
    endloop
  endfacet
  facet normal -0.671539 0.740969 0
    outer loop
      vertex -45.818 -35.182 2.4
      vertex -45.9482 -35.3 4.4
      vertex -45.818 -35.182 4.4
    endloop
  endfacet
  facet normal -0.671539 0.740969 0
    outer loop
      vertex -45.9482 -35.3 4.4
      vertex -45.818 -35.182 2.4
      vertex -45.9482 -35.3 2.4
    endloop
  endfacet
  facet normal -0.671539 -0.740969 0
    outer loop
      vertex -45.9482 35.3 2.4
      vertex -45.818 35.182 4.4
      vertex -45.9482 35.3 4.4
    endloop
  endfacet
  facet normal -0.671539 -0.740969 -0
    outer loop
      vertex -45.818 35.182 4.4
      vertex -45.9482 35.3 2.4
      vertex -45.818 35.182 2.4
    endloop
  endfacet
  facet normal 0.514029 0.857773 -0
    outer loop
      vertex -51.1213 28.0314 2.4
      vertex -51.5001 28.2584 4.4
      vertex -51.1213 28.0314 4.4
    endloop
  endfacet
  facet normal 0.514029 0.857773 0
    outer loop
      vertex -51.5001 28.2584 4.4
      vertex -51.1213 28.0314 2.4
      vertex -51.5001 28.2584 2.4
    endloop
  endfacet
  facet normal -0.803168 -0.595753 0
    outer loop
      vertex -45.2584 34.5001 2.4
      vertex -45.5215 34.8548 4.4
      vertex -45.5215 34.8548 2.4
    endloop
  endfacet
  facet normal -0.803168 -0.595753 0
    outer loop
      vertex -45.5215 34.8548 4.4
      vertex -45.2584 34.5001 2.4
      vertex -45.2584 34.5001 4.4
    endloop
  endfacet
  facet normal -0.90395 -0.427639 0
    outer loop
      vertex -44.8794 33.8 2.4
      vertex -45.0314 34.1213 4.4
      vertex -45.0314 34.1213 2.4
    endloop
  endfacet
  facet normal -0.90395 -0.427639 0
    outer loop
      vertex -45.0314 34.1213 4.4
      vertex -44.8794 33.8 2.4
      vertex -44.8794 33.8 4.4
    endloop
  endfacet
  facet normal -0.857773 -0.514029 0
    outer loop
      vertex -45.0314 34.1213 2.4
      vertex -45.2584 34.5001 4.4
      vertex -45.2584 34.5001 2.4
    endloop
  endfacet
  facet normal -0.857773 -0.514029 0
    outer loop
      vertex -45.2584 34.5001 4.4
      vertex -45.0314 34.1213 2.4
      vertex -45.0314 34.1213 4.4
    endloop
  endfacet
  facet normal 0.595753 0.803168 -0
    outer loop
      vertex -51.5001 28.2584 2.4
      vertex -51.8548 28.5215 4.4
      vertex -51.5001 28.2584 4.4
    endloop
  endfacet
  facet normal 0.595753 0.803168 0
    outer loop
      vertex -51.8548 28.5215 4.4
      vertex -51.5001 28.2584 2.4
      vertex -51.8548 28.5215 2.4
    endloop
  endfacet
  facet normal -0.741015 -0.671488 0
    outer loop
      vertex -45.5215 34.8548 2.4
      vertex -45.818 35.182 4.4
      vertex -45.818 35.182 2.4
    endloop
  endfacet
  facet normal -0.741015 -0.671488 0
    outer loop
      vertex -45.818 35.182 4.4
      vertex -45.5215 34.8548 2.4
      vertex -45.5215 34.8548 4.4
    endloop
  endfacet
  facet normal 0.740969 0.671539 0
    outer loop
      vertex -52.182 28.818 4.4
      vertex -52.3 28.9482 2.4
      vertex -52.3 28.9482 4.4
    endloop
  endfacet
  facet normal 0.740969 0.671539 0
    outer loop
      vertex -52.3 28.9482 2.4
      vertex -52.182 28.818 4.4
      vertex -52.182 28.818 2.4
    endloop
  endfacet
  facet normal 0.671488 0.741015 -0
    outer loop
      vertex -51.8548 28.5215 2.4
      vertex -52.182 28.818 4.4
      vertex -51.8548 28.5215 4.4
    endloop
  endfacet
  facet normal 0.671488 0.741015 0
    outer loop
      vertex -52.182 28.818 4.4
      vertex -51.8548 28.5215 2.4
      vertex -52.182 28.818 2.4
    endloop
  endfacet
  facet normal 0.427639 0.90395 -0
    outer loop
      vertex -50.8 27.8794 2.4
      vertex -51.1213 28.0314 4.4
      vertex -50.8 27.8794 4.4
    endloop
  endfacet
  facet normal 0.427639 0.90395 0
    outer loop
      vertex -51.1213 28.0314 4.4
      vertex -50.8 27.8794 2.4
      vertex -51.1213 28.0314 2.4
    endloop
  endfacet
  facet normal -0.740969 -0.671539 0
    outer loop
      vertex 52.3 -28.9482 2.4
      vertex 52.182 -28.818 4.4
      vertex 52.182 -28.818 2.4
    endloop
  endfacet
  facet normal -0.740969 -0.671539 0
    outer loop
      vertex 52.182 -28.818 4.4
      vertex 52.3 -28.9482 2.4
      vertex 52.3 -28.9482 4.4
    endloop
  endfacet
  facet normal -0.514029 -0.857773 0
    outer loop
      vertex 51.1213 -28.0314 2.4
      vertex 51.5001 -28.2584 4.4
      vertex 51.1213 -28.0314 4.4
    endloop
  endfacet
  facet normal -0.514029 -0.857773 -0
    outer loop
      vertex 51.5001 -28.2584 4.4
      vertex 51.1213 -28.0314 2.4
      vertex 51.5001 -28.2584 2.4
    endloop
  endfacet
  facet normal -0.595753 -0.803168 0
    outer loop
      vertex 51.5001 -28.2584 2.4
      vertex 51.8548 -28.5215 4.4
      vertex 51.5001 -28.2584 4.4
    endloop
  endfacet
  facet normal -0.595753 -0.803168 -0
    outer loop
      vertex 51.8548 -28.5215 4.4
      vertex 51.5001 -28.2584 2.4
      vertex 51.8548 -28.5215 2.4
    endloop
  endfacet
  facet normal -0.427639 -0.90395 0
    outer loop
      vertex 50.8 -27.8794 2.4
      vertex 51.1213 -28.0314 4.4
      vertex 50.8 -27.8794 4.4
    endloop
  endfacet
  facet normal -0.427639 -0.90395 -0
    outer loop
      vertex 51.1213 -28.0314 4.4
      vertex 50.8 -27.8794 2.4
      vertex 51.1213 -28.0314 2.4
    endloop
  endfacet
  facet normal 0.90395 0.427639 0
    outer loop
      vertex 45.0314 -34.1213 4.4
      vertex 44.8794 -33.8 2.4
      vertex 44.8794 -33.8 4.4
    endloop
  endfacet
  facet normal 0.90395 0.427639 0
    outer loop
      vertex 44.8794 -33.8 2.4
      vertex 45.0314 -34.1213 4.4
      vertex 45.0314 -34.1213 2.4
    endloop
  endfacet
  facet normal -0.671488 -0.741015 0
    outer loop
      vertex 51.8548 -28.5215 2.4
      vertex 52.182 -28.818 4.4
      vertex 51.8548 -28.5215 4.4
    endloop
  endfacet
  facet normal -0.671488 -0.741015 -0
    outer loop
      vertex 52.182 -28.818 4.4
      vertex 51.8548 -28.5215 2.4
      vertex 52.182 -28.818 2.4
    endloop
  endfacet
  facet normal 0.671539 0.740969 -0
    outer loop
      vertex 45.9482 -35.3 2.4
      vertex 45.818 -35.182 4.4
      vertex 45.9482 -35.3 4.4
    endloop
  endfacet
  facet normal 0.671539 0.740969 0
    outer loop
      vertex 45.818 -35.182 4.4
      vertex 45.9482 -35.3 2.4
      vertex 45.818 -35.182 2.4
    endloop
  endfacet
  facet normal 0.803168 0.595753 0
    outer loop
      vertex 45.5215 -34.8548 4.4
      vertex 45.2584 -34.5001 2.4
      vertex 45.2584 -34.5001 4.4
    endloop
  endfacet
  facet normal 0.803168 0.595753 0
    outer loop
      vertex 45.2584 -34.5001 2.4
      vertex 45.5215 -34.8548 4.4
      vertex 45.5215 -34.8548 2.4
    endloop
  endfacet
  facet normal 0.857773 0.514029 0
    outer loop
      vertex 45.2584 -34.5001 4.4
      vertex 45.0314 -34.1213 2.4
      vertex 45.0314 -34.1213 4.4
    endloop
  endfacet
  facet normal 0.857773 0.514029 0
    outer loop
      vertex 45.0314 -34.1213 2.4
      vertex 45.2584 -34.5001 4.4
      vertex 45.2584 -34.5001 2.4
    endloop
  endfacet
  facet normal 0.741015 0.671488 0
    outer loop
      vertex 45.818 -35.182 4.4
      vertex 45.5215 -34.8548 2.4
      vertex 45.5215 -34.8548 4.4
    endloop
  endfacet
  facet normal 0.741015 0.671488 0
    outer loop
      vertex 45.5215 -34.8548 2.4
      vertex 45.818 -35.182 4.4
      vertex 45.818 -35.182 2.4
    endloop
  endfacet
  facet normal -0.514029 0.857773 0
    outer loop
      vertex 51.5001 28.2584 2.4
      vertex 51.1213 28.0314 4.4
      vertex 51.5001 28.2584 4.4
    endloop
  endfacet
  facet normal -0.514029 0.857773 0
    outer loop
      vertex 51.1213 28.0314 4.4
      vertex 51.5001 28.2584 2.4
      vertex 51.1213 28.0314 2.4
    endloop
  endfacet
  facet normal -0.427639 0.90395 0
    outer loop
      vertex 51.1213 28.0314 2.4
      vertex 50.8 27.8794 4.4
      vertex 51.1213 28.0314 4.4
    endloop
  endfacet
  facet normal -0.427639 0.90395 0
    outer loop
      vertex 50.8 27.8794 4.4
      vertex 51.1213 28.0314 2.4
      vertex 50.8 27.8794 2.4
    endloop
  endfacet
  facet normal 0.803168 -0.595753 0
    outer loop
      vertex 45.2584 34.5001 4.4
      vertex 45.5215 34.8548 2.4
      vertex 45.5215 34.8548 4.4
    endloop
  endfacet
  facet normal 0.803168 -0.595753 0
    outer loop
      vertex 45.5215 34.8548 2.4
      vertex 45.2584 34.5001 4.4
      vertex 45.2584 34.5001 2.4
    endloop
  endfacet
  facet normal 0.671539 -0.740969 0
    outer loop
      vertex 45.818 35.182 2.4
      vertex 45.9482 35.3 4.4
      vertex 45.818 35.182 4.4
    endloop
  endfacet
  facet normal 0.671539 -0.740969 0
    outer loop
      vertex 45.9482 35.3 4.4
      vertex 45.818 35.182 2.4
      vertex 45.9482 35.3 2.4
    endloop
  endfacet
  facet normal 0.857773 -0.514029 0
    outer loop
      vertex 45.0314 34.1213 4.4
      vertex 45.2584 34.5001 2.4
      vertex 45.2584 34.5001 4.4
    endloop
  endfacet
  facet normal 0.857773 -0.514029 0
    outer loop
      vertex 45.2584 34.5001 2.4
      vertex 45.0314 34.1213 4.4
      vertex 45.0314 34.1213 2.4
    endloop
  endfacet
  facet normal -0.671488 0.741015 0
    outer loop
      vertex 52.182 28.818 2.4
      vertex 51.8548 28.5215 4.4
      vertex 52.182 28.818 4.4
    endloop
  endfacet
  facet normal -0.671488 0.741015 0
    outer loop
      vertex 51.8548 28.5215 4.4
      vertex 52.182 28.818 2.4
      vertex 51.8548 28.5215 2.4
    endloop
  endfacet
  facet normal 0.741015 -0.671488 0
    outer loop
      vertex 45.5215 34.8548 4.4
      vertex 45.818 35.182 2.4
      vertex 45.818 35.182 4.4
    endloop
  endfacet
  facet normal 0.741015 -0.671488 0
    outer loop
      vertex 45.818 35.182 2.4
      vertex 45.5215 34.8548 4.4
      vertex 45.5215 34.8548 2.4
    endloop
  endfacet
  facet normal 0.90395 -0.427639 0
    outer loop
      vertex 44.8794 33.8 4.4
      vertex 45.0314 34.1213 2.4
      vertex 45.0314 34.1213 4.4
    endloop
  endfacet
  facet normal 0.90395 -0.427639 0
    outer loop
      vertex 45.0314 34.1213 2.4
      vertex 44.8794 33.8 4.4
      vertex 44.8794 33.8 2.4
    endloop
  endfacet
  facet normal -0.595753 0.803168 0
    outer loop
      vertex 51.8548 28.5215 2.4
      vertex 51.5001 28.2584 4.4
      vertex 51.8548 28.5215 4.4
    endloop
  endfacet
  facet normal -0.595753 0.803168 0
    outer loop
      vertex 51.5001 28.2584 4.4
      vertex 51.8548 28.5215 2.4
      vertex 51.5001 28.2584 2.4
    endloop
  endfacet
  facet normal -0.740969 0.671539 0
    outer loop
      vertex 52.182 28.818 2.4
      vertex 52.3 28.9482 4.4
      vertex 52.3 28.9482 2.4
    endloop
  endfacet
  facet normal -0.740969 0.671539 0
    outer loop
      vertex 52.3 28.9482 4.4
      vertex 52.182 28.818 2.4
      vertex 52.182 28.818 4.4
    endloop
  endfacet
  facet normal -1 0 0
    outer loop
      vertex -52.3 -28.9482 2.4
      vertex -52.3 28.9482 4.4
      vertex -52.3 28.9482 2.4
    endloop
  endfacet
  facet normal -1 -0 0
    outer loop
      vertex -52.3 28.9482 4.4
      vertex -52.3 -28.9482 2.4
      vertex -52.3 -28.9482 4.4
    endloop
  endfacet
  facet normal 1 -0 0
    outer loop
      vertex 52.3 -28.9482 4.4
      vertex 52.3 28.9482 2.4
      vertex 52.3 28.9482 4.4
    endloop
  endfacet
  facet normal 1 0 0
    outer loop
      vertex 52.3 28.9482 2.4
      vertex 52.3 -28.9482 4.4
      vertex 52.3 -28.9482 2.4
    endloop
  endfacet
  facet normal 0 -1 0
    outer loop
      vertex -45.9482 -35.3 2.4
      vertex 45.9482 -35.3 4.4
      vertex -45.9482 -35.3 4.4
    endloop
  endfacet
  facet normal 0 -1 -0
    outer loop
      vertex 45.9482 -35.3 4.4
      vertex -45.9482 -35.3 2.4
      vertex 45.9482 -35.3 2.4
    endloop
  endfacet
  facet normal 0 1 -0
    outer loop
      vertex 45.9482 35.3 2.4
      vertex -45.9482 35.3 4.4
      vertex 45.9482 35.3 4.4
    endloop
  endfacet
  facet normal 0 1 0
    outer loop
      vertex -45.9482 35.3 4.4
      vertex 45.9482 35.3 2.4
      vertex -45.9482 35.3 2.4
    endloop
  endfacet
  facet normal 0 0 1
    outer loop
      vertex -51.1213 28.0314 4.4
      vertex -50.8 -27.8794 4.4
      vertex -50.8 27.8794 4.4
    endloop
  endfacet
  facet normal 0 0 1
    outer loop
      vertex -51.1213 28.0314 4.4
      vertex -51.1213 -28.0314 4.4
      vertex -50.8 -27.8794 4.4
    endloop
  endfacet
  facet normal 0 0 1
    outer loop
      vertex -51.5001 28.2584 4.4
      vertex -51.1213 -28.0314 4.4
      vertex -51.1213 28.0314 4.4
    endloop
  endfacet
  facet normal 0 0 1
    outer loop
      vertex -51.5001 28.2584 4.4
      vertex -51.5001 -28.2584 4.4
      vertex -51.1213 -28.0314 4.4
    endloop
  endfacet
  facet normal 0 0 1
    outer loop
      vertex -51.8548 28.5215 4.4
      vertex -51.5001 -28.2584 4.4
      vertex -51.5001 28.2584 4.4
    endloop
  endfacet
  facet normal 0 0 1
    outer loop
      vertex -51.8548 28.5215 4.4
      vertex -51.8548 -28.5215 4.4
      vertex -51.5001 -28.2584 4.4
    endloop
  endfacet
  facet normal 0 0 1
    outer loop
      vertex -52.182 28.818 4.4
      vertex -51.8548 -28.5215 4.4
      vertex -51.8548 28.5215 4.4
    endloop
  endfacet
  facet normal 0 0 1
    outer loop
      vertex -52.182 28.818 4.4
      vertex -52.182 -28.818 4.4
      vertex -51.8548 -28.5215 4.4
    endloop
  endfacet
  facet normal 0 0 1
    outer loop
      vertex -52.3 28.9482 4.4
      vertex -52.182 -28.818 4.4
      vertex -52.182 28.818 4.4
    endloop
  endfacet
  facet normal 0 0 1
    outer loop
      vertex -52.182 -28.818 4.4
      vertex -52.3 28.9482 4.4
      vertex -52.3 -28.9482 4.4
    endloop
  endfacet
  facet normal 0 0 1
    outer loop
      vertex 45.0314 34.1213 4.4
      vertex -44.8794 33.8 4.4
      vertex 44.8794 33.8 4.4
    endloop
  endfacet
  facet normal 0 0 1
    outer loop
      vertex -45.0314 34.1213 4.4
      vertex 45.0314 34.1213 4.4
      vertex 45.2584 34.5001 4.4
    endloop
  endfacet
  facet normal 0 0 1
    outer loop
      vertex -45.2584 34.5001 4.4
      vertex 45.2584 34.5001 4.4
      vertex 45.5215 34.8548 4.4
    endloop
  endfacet
  facet normal 0 0 1
    outer loop
      vertex -45.5215 34.8548 4.4
      vertex 45.5215 34.8548 4.4
      vertex 45.818 35.182 4.4
    endloop
  endfacet
  facet normal 0 0 1
    outer loop
      vertex -45.818 35.182 4.4
      vertex 45.818 35.182 4.4
      vertex 45.9482 35.3 4.4
    endloop
  endfacet
  facet normal 0 0 1
    outer loop
      vertex 45.0314 34.1213 4.4
      vertex -45.0314 34.1213 4.4
      vertex -44.8794 33.8 4.4
    endloop
  endfacet
  facet normal 0 0 1
    outer loop
      vertex 45.2584 34.5001 4.4
      vertex -45.2584 34.5001 4.4
      vertex -45.0314 34.1213 4.4
    endloop
  endfacet
  facet normal 0 0 1
    outer loop
      vertex 45.5215 34.8548 4.4
      vertex -45.5215 34.8548 4.4
      vertex -45.2584 34.5001 4.4
    endloop
  endfacet
  facet normal 0 0 1
    outer loop
      vertex 45.818 35.182 4.4
      vertex -45.818 35.182 4.4
      vertex -45.5215 34.8548 4.4
    endloop
  endfacet
  facet normal 0 -0 1
    outer loop
      vertex -45.818 35.182 4.4
      vertex 45.9482 35.3 4.4
      vertex -45.9482 35.3 4.4
    endloop
  endfacet
  facet normal -0 0 1
    outer loop
      vertex -44.8794 -33.8 4.4
      vertex 45.0314 -34.1213 4.4
      vertex 44.8794 -33.8 4.4
    endloop
  endfacet
  facet normal 0 0 1
    outer loop
      vertex -45.0314 -34.1213 4.4
      vertex 45.0314 -34.1213 4.4
      vertex -44.8794 -33.8 4.4
    endloop
  endfacet
  facet normal 0 0 1
    outer loop
      vertex 45.0314 -34.1213 4.4
      vertex -45.0314 -34.1213 4.4
      vertex 45.2584 -34.5001 4.4
    endloop
  endfacet
  facet normal 0 0 1
    outer loop
      vertex -45.2584 -34.5001 4.4
      vertex 45.2584 -34.5001 4.4
      vertex -45.0314 -34.1213 4.4
    endloop
  endfacet
  facet normal 0 0 1
    outer loop
      vertex 45.2584 -34.5001 4.4
      vertex -45.2584 -34.5001 4.4
      vertex 45.5215 -34.8548 4.4
    endloop
  endfacet
  facet normal 0 0 1
    outer loop
      vertex -45.5215 -34.8548 4.4
      vertex 45.5215 -34.8548 4.4
      vertex -45.2584 -34.5001 4.4
    endloop
  endfacet
  facet normal 0 0 1
    outer loop
      vertex 45.5215 -34.8548 4.4
      vertex -45.5215 -34.8548 4.4
      vertex 45.818 -35.182 4.4
    endloop
  endfacet
  facet normal 0 0 1
    outer loop
      vertex -45.818 -35.182 4.4
      vertex 45.818 -35.182 4.4
      vertex -45.5215 -34.8548 4.4
    endloop
  endfacet
  facet normal 0 0 1
    outer loop
      vertex 45.818 -35.182 4.4
      vertex -45.818 -35.182 4.4
      vertex 45.9482 -35.3 4.4
    endloop
  endfacet
  facet normal 0 0 1
    outer loop
      vertex 45.9482 -35.3 4.4
      vertex -45.818 -35.182 4.4
      vertex -45.9482 -35.3 4.4
    endloop
  endfacet
  facet normal -0 0 1
    outer loop
      vertex 52.182 28.818 4.4
      vertex 52.3 -28.9482 4.4
      vertex 52.3 28.9482 4.4
    endloop
  endfacet
  facet normal 0 0 1
    outer loop
      vertex 52.182 28.818 4.4
      vertex 52.182 -28.818 4.4
      vertex 52.3 -28.9482 4.4
    endloop
  endfacet
  facet normal -0 0 1
    outer loop
      vertex 51.8548 28.5215 4.4
      vertex 52.182 -28.818 4.4
      vertex 52.182 28.818 4.4
    endloop
  endfacet
  facet normal 0 0 1
    outer loop
      vertex 51.8548 28.5215 4.4
      vertex 51.8548 -28.5215 4.4
      vertex 52.182 -28.818 4.4
    endloop
  endfacet
  facet normal -0 0 1
    outer loop
      vertex 51.5001 28.2584 4.4
      vertex 51.8548 -28.5215 4.4
      vertex 51.8548 28.5215 4.4
    endloop
  endfacet
  facet normal 0 0 1
    outer loop
      vertex 51.5001 28.2584 4.4
      vertex 51.5001 -28.2584 4.4
      vertex 51.8548 -28.5215 4.4
    endloop
  endfacet
  facet normal -0 0 1
    outer loop
      vertex 51.1213 28.0314 4.4
      vertex 51.5001 -28.2584 4.4
      vertex 51.5001 28.2584 4.4
    endloop
  endfacet
  facet normal 0 0 1
    outer loop
      vertex 51.1213 28.0314 4.4
      vertex 51.1213 -28.0314 4.4
      vertex 51.5001 -28.2584 4.4
    endloop
  endfacet
  facet normal -0 0 1
    outer loop
      vertex 50.8 27.8794 4.4
      vertex 51.1213 -28.0314 4.4
      vertex 51.1213 28.0314 4.4
    endloop
  endfacet
  facet normal 0 0 1
    outer loop
      vertex 51.1213 -28.0314 4.4
      vertex 50.8 27.8794 4.4
      vertex 50.8 -27.8794 4.4
    endloop
  endfacet
  facet normal 0 0 -1
    outer loop
      vertex -51.1213 -28.0314 2.4
      vertex -50.8 27.8794 2.4
      vertex -50.8 -27.8794 2.4
    endloop
  endfacet
  facet normal 0 0 -1
    outer loop
      vertex -51.1213 -28.0314 2.4
      vertex -51.1213 28.0314 2.4
      vertex -50.8 27.8794 2.4
    endloop
  endfacet
  facet normal 0 0 -1
    outer loop
      vertex -51.5001 -28.2584 2.4
      vertex -51.1213 28.0314 2.4
      vertex -51.1213 -28.0314 2.4
    endloop
  endfacet
  facet normal 0 0 -1
    outer loop
      vertex -51.5001 -28.2584 2.4
      vertex -51.5001 28.2584 2.4
      vertex -51.1213 28.0314 2.4
    endloop
  endfacet
  facet normal 0 0 -1
    outer loop
      vertex -51.8548 -28.5215 2.4
      vertex -51.5001 28.2584 2.4
      vertex -51.5001 -28.2584 2.4
    endloop
  endfacet
  facet normal 0 0 -1
    outer loop
      vertex -51.8548 -28.5215 2.4
      vertex -51.8548 28.5215 2.4
      vertex -51.5001 28.2584 2.4
    endloop
  endfacet
  facet normal 0 0 -1
    outer loop
      vertex -52.182 -28.818 2.4
      vertex -51.8548 28.5215 2.4
      vertex -51.8548 -28.5215 2.4
    endloop
  endfacet
  facet normal 0 0 -1
    outer loop
      vertex -52.182 -28.818 2.4
      vertex -52.182 28.818 2.4
      vertex -51.8548 28.5215 2.4
    endloop
  endfacet
  facet normal 0 0 -1
    outer loop
      vertex -52.3 -28.9482 2.4
      vertex -52.182 28.818 2.4
      vertex -52.182 -28.818 2.4
    endloop
  endfacet
  facet normal -0 0 -1
    outer loop
      vertex -52.182 28.818 2.4
      vertex -52.3 -28.9482 2.4
      vertex -52.3 28.9482 2.4
    endloop
  endfacet
  facet normal 0 0 -1
    outer loop
      vertex 45.0314 -34.1213 2.4
      vertex -44.8794 -33.8 2.4
      vertex 44.8794 -33.8 2.4
    endloop
  endfacet
  facet normal 0 0 -1
    outer loop
      vertex -45.0314 -34.1213 2.4
      vertex 45.0314 -34.1213 2.4
      vertex 45.2584 -34.5001 2.4
    endloop
  endfacet
  facet normal 0 0 -1
    outer loop
      vertex -45.2584 -34.5001 2.4
      vertex 45.2584 -34.5001 2.4
      vertex 45.5215 -34.8548 2.4
    endloop
  endfacet
  facet normal 0 0 -1
    outer loop
      vertex -45.5215 -34.8548 2.4
      vertex 45.5215 -34.8548 2.4
      vertex 45.818 -35.182 2.4
    endloop
  endfacet
  facet normal 0 0 -1
    outer loop
      vertex -45.818 -35.182 2.4
      vertex 45.818 -35.182 2.4
      vertex 45.9482 -35.3 2.4
    endloop
  endfacet
  facet normal 0 0 -1
    outer loop
      vertex 45.0314 -34.1213 2.4
      vertex -45.0314 -34.1213 2.4
      vertex -44.8794 -33.8 2.4
    endloop
  endfacet
  facet normal 0 0 -1
    outer loop
      vertex 45.2584 -34.5001 2.4
      vertex -45.2584 -34.5001 2.4
      vertex -45.0314 -34.1213 2.4
    endloop
  endfacet
  facet normal 0 0 -1
    outer loop
      vertex 45.5215 -34.8548 2.4
      vertex -45.5215 -34.8548 2.4
      vertex -45.2584 -34.5001 2.4
    endloop
  endfacet
  facet normal 0 0 -1
    outer loop
      vertex 45.818 -35.182 2.4
      vertex -45.818 -35.182 2.4
      vertex -45.5215 -34.8548 2.4
    endloop
  endfacet
  facet normal 0 -0 -1
    outer loop
      vertex -45.818 -35.182 2.4
      vertex 45.9482 -35.3 2.4
      vertex -45.9482 -35.3 2.4
    endloop
  endfacet
  facet normal 0 0 -1
    outer loop
      vertex -44.8794 33.8 2.4
      vertex 45.0314 34.1213 2.4
      vertex 44.8794 33.8 2.4
    endloop
  endfacet
  facet normal 0 0 -1
    outer loop
      vertex -45.0314 34.1213 2.4
      vertex 45.0314 34.1213 2.4
      vertex -44.8794 33.8 2.4
    endloop
  endfacet
  facet normal 0 0 -1
    outer loop
      vertex 45.0314 34.1213 2.4
      vertex -45.0314 34.1213 2.4
      vertex 45.2584 34.5001 2.4
    endloop
  endfacet
  facet normal 0 0 -1
    outer loop
      vertex -45.2584 34.5001 2.4
      vertex 45.2584 34.5001 2.4
      vertex -45.0314 34.1213 2.4
    endloop
  endfacet
  facet normal 0 0 -1
    outer loop
      vertex 45.2584 34.5001 2.4
      vertex -45.2584 34.5001 2.4
      vertex 45.5215 34.8548 2.4
    endloop
  endfacet
  facet normal 0 0 -1
    outer loop
      vertex -45.5215 34.8548 2.4
      vertex 45.5215 34.8548 2.4
      vertex -45.2584 34.5001 2.4
    endloop
  endfacet
  facet normal 0 0 -1
    outer loop
      vertex 45.5215 34.8548 2.4
      vertex -45.5215 34.8548 2.4
      vertex 45.818 35.182 2.4
    endloop
  endfacet
  facet normal 0 0 -1
    outer loop
      vertex -45.818 35.182 2.4
      vertex 45.818 35.182 2.4
      vertex -45.5215 34.8548 2.4
    endloop
  endfacet
  facet normal 0 0 -1
    outer loop
      vertex 45.818 35.182 2.4
      vertex -45.818 35.182 2.4
      vertex 45.9482 35.3 2.4
    endloop
  endfacet
  facet normal -0 0 -1
    outer loop
      vertex 45.9482 35.3 2.4
      vertex -45.818 35.182 2.4
      vertex -45.9482 35.3 2.4
    endloop
  endfacet
  facet normal 0 0 -1
    outer loop
      vertex 52.182 -28.818 2.4
      vertex 52.3 28.9482 2.4
      vertex 52.3 -28.9482 2.4
    endloop
  endfacet
  facet normal 0 0 -1
    outer loop
      vertex 52.182 -28.818 2.4
      vertex 52.182 28.818 2.4
      vertex 52.3 28.9482 2.4
    endloop
  endfacet
  facet normal 0 0 -1
    outer loop
      vertex 51.8548 -28.5215 2.4
      vertex 52.182 28.818 2.4
      vertex 52.182 -28.818 2.4
    endloop
  endfacet
  facet normal 0 0 -1
    outer loop
      vertex 51.8548 -28.5215 2.4
      vertex 51.8548 28.5215 2.4
      vertex 52.182 28.818 2.4
    endloop
  endfacet
  facet normal 0 0 -1
    outer loop
      vertex 51.5001 -28.2584 2.4
      vertex 51.8548 28.5215 2.4
      vertex 51.8548 -28.5215 2.4
    endloop
  endfacet
  facet normal 0 0 -1
    outer loop
      vertex 51.5001 -28.2584 2.4
      vertex 51.5001 28.2584 2.4
      vertex 51.8548 28.5215 2.4
    endloop
  endfacet
  facet normal 0 0 -1
    outer loop
      vertex 51.1213 -28.0314 2.4
      vertex 51.5001 28.2584 2.4
      vertex 51.5001 -28.2584 2.4
    endloop
  endfacet
  facet normal 0 0 -1
    outer loop
      vertex 51.1213 -28.0314 2.4
      vertex 51.1213 28.0314 2.4
      vertex 51.5001 28.2584 2.4
    endloop
  endfacet
  facet normal 0 0 -1
    outer loop
      vertex 50.8 -27.8794 2.4
      vertex 51.1213 28.0314 2.4
      vertex 51.1213 -28.0314 2.4
    endloop
  endfacet
  facet normal 0 0 -1
    outer loop
      vertex 51.1213 28.0314 2.4
      vertex 50.8 -27.8794 2.4
      vertex 50.8 27.8794 2.4
    endloop
  endfacet
  facet normal 1 -0 0
    outer loop
      vertex -50.8 -27.8794 4.4
      vertex -50.8 27.8794 2.4
      vertex -50.8 27.8794 4.4
    endloop
  endfacet
  facet normal 1 0 0
    outer loop
      vertex -50.8 27.8794 2.4
      vertex -50.8 -27.8794 4.4
      vertex -50.8 -27.8794 2.4
    endloop
  endfacet
  facet normal 0 -1 0
    outer loop
      vertex -44.8794 33.8 2.4
      vertex 44.8794 33.8 4.4
      vertex -44.8794 33.8 4.4
    endloop
  endfacet
  facet normal 0 -1 -0
    outer loop
      vertex 44.8794 33.8 4.4
      vertex -44.8794 33.8 2.4
      vertex 44.8794 33.8 2.4
    endloop
  endfacet
  facet normal -1 0 0
    outer loop
      vertex 50.8 -27.8794 2.4
      vertex 50.8 27.8794 4.4
      vertex 50.8 27.8794 2.4
    endloop
  endfacet
  facet normal -1 -0 0
    outer loop
      vertex 50.8 27.8794 4.4
      vertex 50.8 -27.8794 2.4
      vertex 50.8 -27.8794 4.4
    endloop
  endfacet
  facet normal 0 1 -0
    outer loop
      vertex 44.8794 -33.8 2.4
      vertex -44.8794 -33.8 4.4
      vertex 44.8794 -33.8 4.4
    endloop
  endfacet
  facet normal 0 1 0
    outer loop
      vertex -44.8794 -33.8 4.4
      vertex 44.8794 -33.8 2.4
      vertex -44.8794 -33.8 2.4
    endloop
  endfacet
  facet normal -0.595588 0.80329 0
    outer loop
      vertex -52.7779 37.1573 0
      vertex -53.172 36.8651 2.4
      vertex -52.7779 37.1573 2.4
    endloop
  endfacet
  facet normal -0.595588 0.80329 0
    outer loop
      vertex -53.172 36.8651 2.4
      vertex -52.7779 37.1573 0
      vertex -53.172 36.8651 0
    endloop
  endfacet
  facet normal 0 -1 0
    outer loop
      vertex -50 -38 0
      vertex 50 -38 2.4
      vertex -50 -38 2.4
    endloop
  endfacet
  facet normal 0 -1 -0
    outer loop
      vertex 50 -38 2.4
      vertex -50 -38 0
      vertex 50 -38 0
    endloop
  endfacet
  facet normal 0.146726 0.989177 -0
    outer loop
      vertex 50.9755 37.9039 0
      vertex 50.4901 37.9759 2.4
      vertex 50.9755 37.9039 2.4
    endloop
  endfacet
  facet normal 0.146726 0.989177 0
    outer loop
      vertex 50.4901 37.9759 2.4
      vertex 50.9755 37.9039 0
      vertex 50.4901 37.9759 0
    endloop
  endfacet
  facet normal -1 0 0
    outer loop
      vertex -55 -33 0
      vertex -55 33 2.4
      vertex -55 33 0
    endloop
  endfacet
  facet normal -1 -0 0
    outer loop
      vertex -55 33 2.4
      vertex -55 -33 0
      vertex -55 -33 2.4
    endloop
  endfacet
  facet normal -0.336879 0.941548 0
    outer loop
      vertex -51.4514 37.7847 0
      vertex -51.9134 37.6194 2.4
      vertex -51.4514 37.7847 2.4
    endloop
  endfacet
  facet normal -0.336879 0.941548 0
    outer loop
      vertex -51.9134 37.6194 2.4
      vertex -51.4514 37.7847 0
      vertex -51.9134 37.6194 0
    endloop
  endfacet
  facet normal 0.989177 0.146726 0
    outer loop
      vertex 54.9759 33.4901 2.4
      vertex 54.9039 33.9755 0
      vertex 54.9039 33.9755 2.4
    endloop
  endfacet
  facet normal 0.989177 0.146726 0
    outer loop
      vertex 54.9039 33.9755 0
      vertex 54.9759 33.4901 2.4
      vertex 54.9759 33.4901 0
    endloop
  endfacet
  facet normal 0.857709 0.514136 0
    outer loop
      vertex 54.4096 35.357 2.4
      vertex 54.1573 35.7779 0
      vertex 54.1573 35.7779 2.4
    endloop
  endfacet
  facet normal 0.857709 0.514136 0
    outer loop
      vertex 54.1573 35.7779 0
      vertex 54.4096 35.357 2.4
      vertex 54.4096 35.357 0
    endloop
  endfacet
  facet normal -0.740806 -0.671719 0
    outer loop
      vertex -53.5355 -36.5355 0
      vertex -53.8651 -36.172 2.4
      vertex -53.8651 -36.172 0
    endloop
  endfacet
  facet normal -0.740806 -0.671719 0
    outer loop
      vertex -53.8651 -36.172 2.4
      vertex -53.5355 -36.5355 0
      vertex -53.5355 -36.5355 2.4
    endloop
  endfacet
  facet normal 0.903995 0.427543 0
    outer loop
      vertex 54.6194 34.9134 2.4
      vertex 54.4096 35.357 0
      vertex 54.4096 35.357 2.4
    endloop
  endfacet
  facet normal 0.903995 0.427543 0
    outer loop
      vertex 54.4096 35.357 0
      vertex 54.6194 34.9134 2.4
      vertex 54.6194 34.9134 0
    endloop
  endfacet
  facet normal 0.970034 -0.242967 0
    outer loop
      vertex 54.7847 -34.4514 2.4
      vertex 54.9039 -33.9755 0
      vertex 54.9039 -33.9755 2.4
    endloop
  endfacet
  facet normal 0.970034 -0.242967 0
    outer loop
      vertex 54.9039 -33.9755 0
      vertex 54.7847 -34.4514 2.4
      vertex 54.7847 -34.4514 0
    endloop
  endfacet
  facet normal 0.740806 -0.671719 0
    outer loop
      vertex 53.5355 -36.5355 2.4
      vertex 53.8651 -36.172 0
      vertex 53.8651 -36.172 2.4
    endloop
  endfacet
  facet normal 0.740806 -0.671719 0
    outer loop
      vertex 53.8651 -36.172 0
      vertex 53.5355 -36.5355 2.4
      vertex 53.5355 -36.5355 0
    endloop
  endfacet
  facet normal -0.427543 0.903995 0
    outer loop
      vertex -51.9134 37.6194 0
      vertex -52.357 37.4096 2.4
      vertex -51.9134 37.6194 2.4
    endloop
  endfacet
  facet normal -0.427543 0.903995 0
    outer loop
      vertex -52.357 37.4096 2.4
      vertex -51.9134 37.6194 0
      vertex -52.357 37.4096 0
    endloop
  endfacet
  facet normal 0.857709 -0.514136 0
    outer loop
      vertex 54.1573 -35.7779 2.4
      vertex 54.4096 -35.357 0
      vertex 54.4096 -35.357 2.4
    endloop
  endfacet
  facet normal 0.857709 -0.514136 0
    outer loop
      vertex 54.4096 -35.357 0
      vertex 54.1573 -35.7779 2.4
      vertex 54.1573 -35.7779 0
    endloop
  endfacet
  facet normal -0.998793 0.0491143 0
    outer loop
      vertex -55 33 0
      vertex -54.9759 33.4901 2.4
      vertex -54.9759 33.4901 0
    endloop
  endfacet
  facet normal -0.998793 0.0491143 0
    outer loop
      vertex -54.9759 33.4901 2.4
      vertex -55 33 0
      vertex -55 33 2.4
    endloop
  endfacet
  facet normal 0 1 -0
    outer loop
      vertex 50 38 0
      vertex -50 38 2.4
      vertex 50 38 2.4
    endloop
  endfacet
  facet normal 0 1 0
    outer loop
      vertex -50 38 2.4
      vertex 50 38 0
      vertex -50 38 0
    endloop
  endfacet
  facet normal 0.941548 0.336879 0
    outer loop
      vertex 54.7847 34.4514 2.4
      vertex 54.6194 34.9134 0
      vertex 54.6194 34.9134 2.4
    endloop
  endfacet
  facet normal 0.941548 0.336879 0
    outer loop
      vertex 54.6194 34.9134 0
      vertex 54.7847 34.4514 2.4
      vertex 54.7847 34.4514 0
    endloop
  endfacet
  facet normal -0.970034 0.242967 0
    outer loop
      vertex -54.9039 33.9755 0
      vertex -54.7847 34.4514 2.4
      vertex -54.7847 34.4514 0
    endloop
  endfacet
  facet normal -0.970034 0.242967 0
    outer loop
      vertex -54.7847 34.4514 2.4
      vertex -54.9039 33.9755 0
      vertex -54.9039 33.9755 2.4
    endloop
  endfacet
  facet normal 0.595588 0.80329 -0
    outer loop
      vertex 53.172 36.8651 0
      vertex 52.7779 37.1573 2.4
      vertex 53.172 36.8651 2.4
    endloop
  endfacet
  facet normal 0.595588 0.80329 0
    outer loop
      vertex 52.7779 37.1573 2.4
      vertex 53.172 36.8651 0
      vertex 52.7779 37.1573 0
    endloop
  endfacet
  facet normal 0.242967 -0.970034 0
    outer loop
      vertex 50.9755 -37.9039 0
      vertex 51.4514 -37.7847 2.4
      vertex 50.9755 -37.9039 2.4
    endloop
  endfacet
  facet normal 0.242967 -0.970034 0
    outer loop
      vertex 51.4514 -37.7847 2.4
      vertex 50.9755 -37.9039 0
      vertex 51.4514 -37.7847 0
    endloop
  endfacet
  facet normal -0.903995 0.427543 0
    outer loop
      vertex -54.6194 34.9134 0
      vertex -54.4096 35.357 2.4
      vertex -54.4096 35.357 0
    endloop
  endfacet
  facet normal -0.903995 0.427543 0
    outer loop
      vertex -54.4096 35.357 2.4
      vertex -54.6194 34.9134 0
      vertex -54.6194 34.9134 2.4
    endloop
  endfacet
  facet normal 1 -0 0
    outer loop
      vertex 55 -33 2.4
      vertex 55 33 0
      vertex 55 33 2.4
    endloop
  endfacet
  facet normal 1 0 0
    outer loop
      vertex 55 33 0
      vertex 55 -33 2.4
      vertex 55 -33 0
    endloop
  endfacet
  facet normal 0.941548 -0.336879 0
    outer loop
      vertex 54.6194 -34.9134 2.4
      vertex 54.7847 -34.4514 0
      vertex 54.7847 -34.4514 2.4
    endloop
  endfacet
  facet normal 0.941548 -0.336879 0
    outer loop
      vertex 54.7847 -34.4514 0
      vertex 54.6194 -34.9134 2.4
      vertex 54.6194 -34.9134 0
    endloop
  endfacet
  facet normal -0.0491143 0.998793 0
    outer loop
      vertex -50 38 0
      vertex -50.4901 37.9759 2.4
      vertex -50 38 2.4
    endloop
  endfacet
  facet normal -0.0491143 0.998793 0
    outer loop
      vertex -50.4901 37.9759 2.4
      vertex -50 38 0
      vertex -50.4901 37.9759 0
    endloop
  endfacet
  facet normal 0.0491143 0.998793 -0
    outer loop
      vertex 50.4901 37.9759 0
      vertex 50 38 2.4
      vertex 50.4901 37.9759 2.4
    endloop
  endfacet
  facet normal 0.0491143 0.998793 0
    outer loop
      vertex 50 38 2.4
      vertex 50.4901 37.9759 0
      vertex 50 38 0
    endloop
  endfacet
  facet normal 0.903995 -0.427543 0
    outer loop
      vertex 54.4096 -35.357 2.4
      vertex 54.6194 -34.9134 0
      vertex 54.6194 -34.9134 2.4
    endloop
  endfacet
  facet normal 0.903995 -0.427543 0
    outer loop
      vertex 54.6194 -34.9134 0
      vertex 54.4096 -35.357 2.4
      vertex 54.4096 -35.357 0
    endloop
  endfacet
  facet normal -0.998793 -0.0491143 0
    outer loop
      vertex -54.9759 -33.4901 0
      vertex -55 -33 2.4
      vertex -55 -33 0
    endloop
  endfacet
  facet normal -0.998793 -0.0491143 0
    outer loop
      vertex -55 -33 2.4
      vertex -54.9759 -33.4901 0
      vertex -54.9759 -33.4901 2.4
    endloop
  endfacet
  facet normal 0.336879 0.941548 -0
    outer loop
      vertex 51.9134 37.6194 0
      vertex 51.4514 37.7847 2.4
      vertex 51.9134 37.6194 2.4
    endloop
  endfacet
  facet normal 0.336879 0.941548 0
    outer loop
      vertex 51.4514 37.7847 2.4
      vertex 51.9134 37.6194 0
      vertex 51.4514 37.7847 0
    endloop
  endfacet
  facet normal 0.998793 -0.0491143 0
    outer loop
      vertex 54.9759 -33.4901 2.4
      vertex 55 -33 0
      vertex 55 -33 2.4
    endloop
  endfacet
  facet normal 0.998793 -0.0491143 0
    outer loop
      vertex 55 -33 0
      vertex 54.9759 -33.4901 2.4
      vertex 54.9759 -33.4901 0
    endloop
  endfacet
  facet normal 0.989177 -0.146726 0
    outer loop
      vertex 54.9039 -33.9755 2.4
      vertex 54.9759 -33.4901 0
      vertex 54.9759 -33.4901 2.4
    endloop
  endfacet
  facet normal 0.989177 -0.146726 0
    outer loop
      vertex 54.9759 -33.4901 0
      vertex 54.9039 -33.9755 2.4
      vertex 54.9039 -33.9755 0
    endloop
  endfacet
  facet normal -0.671719 0.740806 0
    outer loop
      vertex -53.172 36.8651 0
      vertex -53.5355 36.5355 2.4
      vertex -53.172 36.8651 2.4
    endloop
  endfacet
  facet normal -0.671719 0.740806 0
    outer loop
      vertex -53.5355 36.5355 2.4
      vertex -53.172 36.8651 0
      vertex -53.5355 36.5355 0
    endloop
  endfacet
  facet normal -0.989177 0.146726 0
    outer loop
      vertex -54.9759 33.4901 0
      vertex -54.9039 33.9755 2.4
      vertex -54.9039 33.9755 0
    endloop
  endfacet
  facet normal -0.989177 0.146726 0
    outer loop
      vertex -54.9039 33.9755 2.4
      vertex -54.9759 33.4901 0
      vertex -54.9759 33.4901 2.4
    endloop
  endfacet
  facet normal 0.740806 0.671719 0
    outer loop
      vertex 53.8651 36.172 2.4
      vertex 53.5355 36.5355 0
      vertex 53.5355 36.5355 2.4
    endloop
  endfacet
  facet normal 0.740806 0.671719 0
    outer loop
      vertex 53.5355 36.5355 0
      vertex 53.8651 36.172 2.4
      vertex 53.8651 36.172 0
    endloop
  endfacet
  facet normal 0.80329 0.595588 0
    outer loop
      vertex 54.1573 35.7779 2.4
      vertex 53.8651 36.172 0
      vertex 53.8651 36.172 2.4
    endloop
  endfacet
  facet normal 0.80329 0.595588 0
    outer loop
      vertex 53.8651 36.172 0
      vertex 54.1573 35.7779 2.4
      vertex 54.1573 35.7779 0
    endloop
  endfacet
  facet normal 0.242967 0.970034 -0
    outer loop
      vertex 51.4514 37.7847 0
      vertex 50.9755 37.9039 2.4
      vertex 51.4514 37.7847 2.4
    endloop
  endfacet
  facet normal 0.242967 0.970034 0
    outer loop
      vertex 50.9755 37.9039 2.4
      vertex 51.4514 37.7847 0
      vertex 50.9755 37.9039 0
    endloop
  endfacet
  facet normal 0.336879 -0.941548 0
    outer loop
      vertex 51.4514 -37.7847 0
      vertex 51.9134 -37.6194 2.4
      vertex 51.4514 -37.7847 2.4
    endloop
  endfacet
  facet normal 0.336879 -0.941548 0
    outer loop
      vertex 51.9134 -37.6194 2.4
      vertex 51.4514 -37.7847 0
      vertex 51.9134 -37.6194 0
    endloop
  endfacet
  facet normal -0.80329 -0.595588 0
    outer loop
      vertex -53.8651 -36.172 0
      vertex -54.1573 -35.7779 2.4
      vertex -54.1573 -35.7779 0
    endloop
  endfacet
  facet normal -0.80329 -0.595588 0
    outer loop
      vertex -54.1573 -35.7779 2.4
      vertex -53.8651 -36.172 0
      vertex -53.8651 -36.172 2.4
    endloop
  endfacet
  facet normal 0.514136 0.857709 -0
    outer loop
      vertex 52.7779 37.1573 0
      vertex 52.357 37.4096 2.4
      vertex 52.7779 37.1573 2.4
    endloop
  endfacet
  facet normal 0.514136 0.857709 0
    outer loop
      vertex 52.357 37.4096 2.4
      vertex 52.7779 37.1573 0
      vertex 52.357 37.4096 0
    endloop
  endfacet
  facet normal -0.336879 -0.941548 0
    outer loop
      vertex -51.9134 -37.6194 0
      vertex -51.4514 -37.7847 2.4
      vertex -51.9134 -37.6194 2.4
    endloop
  endfacet
  facet normal -0.336879 -0.941548 -0
    outer loop
      vertex -51.4514 -37.7847 2.4
      vertex -51.9134 -37.6194 0
      vertex -51.4514 -37.7847 0
    endloop
  endfacet
  facet normal -0.146726 0.989177 0
    outer loop
      vertex -50.4901 37.9759 0
      vertex -50.9755 37.9039 2.4
      vertex -50.4901 37.9759 2.4
    endloop
  endfacet
  facet normal -0.146726 0.989177 0
    outer loop
      vertex -50.9755 37.9039 2.4
      vertex -50.4901 37.9759 0
      vertex -50.9755 37.9039 0
    endloop
  endfacet
  facet normal -0.514136 0.857709 0
    outer loop
      vertex -52.357 37.4096 0
      vertex -52.7779 37.1573 2.4
      vertex -52.357 37.4096 2.4
    endloop
  endfacet
  facet normal -0.514136 0.857709 0
    outer loop
      vertex -52.7779 37.1573 2.4
      vertex -52.357 37.4096 0
      vertex -52.7779 37.1573 0
    endloop
  endfacet
  facet normal -0.0491143 -0.998793 0
    outer loop
      vertex -50.4901 -37.9759 0
      vertex -50 -38 2.4
      vertex -50.4901 -37.9759 2.4
    endloop
  endfacet
  facet normal -0.0491143 -0.998793 -0
    outer loop
      vertex -50 -38 2.4
      vertex -50.4901 -37.9759 0
      vertex -50 -38 0
    endloop
  endfacet
  facet normal 0.671719 -0.740806 0
    outer loop
      vertex 53.172 -36.8651 0
      vertex 53.5355 -36.5355 2.4
      vertex 53.172 -36.8651 2.4
    endloop
  endfacet
  facet normal 0.671719 -0.740806 0
    outer loop
      vertex 53.5355 -36.5355 2.4
      vertex 53.172 -36.8651 0
      vertex 53.5355 -36.5355 0
    endloop
  endfacet
  facet normal 0.998793 0.0491143 0
    outer loop
      vertex 55 33 2.4
      vertex 54.9759 33.4901 0
      vertex 54.9759 33.4901 2.4
    endloop
  endfacet
  facet normal 0.998793 0.0491143 0
    outer loop
      vertex 54.9759 33.4901 0
      vertex 55 33 2.4
      vertex 55 33 0
    endloop
  endfacet
  facet normal -0.242967 0.970034 0
    outer loop
      vertex -50.9755 37.9039 0
      vertex -51.4514 37.7847 2.4
      vertex -50.9755 37.9039 2.4
    endloop
  endfacet
  facet normal -0.242967 0.970034 0
    outer loop
      vertex -51.4514 37.7847 2.4
      vertex -50.9755 37.9039 0
      vertex -51.4514 37.7847 0
    endloop
  endfacet
  facet normal 0.0491143 -0.998793 0
    outer loop
      vertex 50 -38 0
      vertex 50.4901 -37.9759 2.4
      vertex 50 -38 2.4
    endloop
  endfacet
  facet normal 0.0491143 -0.998793 0
    outer loop
      vertex 50.4901 -37.9759 2.4
      vertex 50 -38 0
      vertex 50.4901 -37.9759 0
    endloop
  endfacet
  facet normal -0.989177 -0.146726 0
    outer loop
      vertex -54.9039 -33.9755 0
      vertex -54.9759 -33.4901 2.4
      vertex -54.9759 -33.4901 0
    endloop
  endfacet
  facet normal -0.989177 -0.146726 0
    outer loop
      vertex -54.9759 -33.4901 2.4
      vertex -54.9039 -33.9755 0
      vertex -54.9039 -33.9755 2.4
    endloop
  endfacet
  facet normal 0.671719 0.740806 -0
    outer loop
      vertex 53.5355 36.5355 0
      vertex 53.172 36.8651 2.4
      vertex 53.5355 36.5355 2.4
    endloop
  endfacet
  facet normal 0.671719 0.740806 0
    outer loop
      vertex 53.172 36.8651 2.4
      vertex 53.5355 36.5355 0
      vertex 53.172 36.8651 0
    endloop
  endfacet
  facet normal -0.595588 -0.80329 0
    outer loop
      vertex -53.172 -36.8651 0
      vertex -52.7779 -37.1573 2.4
      vertex -53.172 -36.8651 2.4
    endloop
  endfacet
  facet normal -0.595588 -0.80329 -0
    outer loop
      vertex -52.7779 -37.1573 2.4
      vertex -53.172 -36.8651 0
      vertex -52.7779 -37.1573 0
    endloop
  endfacet
  facet normal -0.242967 -0.970034 0
    outer loop
      vertex -51.4514 -37.7847 0
      vertex -50.9755 -37.9039 2.4
      vertex -51.4514 -37.7847 2.4
    endloop
  endfacet
  facet normal -0.242967 -0.970034 -0
    outer loop
      vertex -50.9755 -37.9039 2.4
      vertex -51.4514 -37.7847 0
      vertex -50.9755 -37.9039 0
    endloop
  endfacet
  facet normal -0.671719 -0.740806 0
    outer loop
      vertex -53.5355 -36.5355 0
      vertex -53.172 -36.8651 2.4
      vertex -53.5355 -36.5355 2.4
    endloop
  endfacet
  facet normal -0.671719 -0.740806 -0
    outer loop
      vertex -53.172 -36.8651 2.4
      vertex -53.5355 -36.5355 0
      vertex -53.172 -36.8651 0
    endloop
  endfacet
  facet normal -0.146726 -0.989177 0
    outer loop
      vertex -50.9755 -37.9039 0
      vertex -50.4901 -37.9759 2.4
      vertex -50.9755 -37.9039 2.4
    endloop
  endfacet
  facet normal -0.146726 -0.989177 -0
    outer loop
      vertex -50.4901 -37.9759 2.4
      vertex -50.9755 -37.9039 0
      vertex -50.4901 -37.9759 0
    endloop
  endfacet
  facet normal -0.740806 0.671719 0
    outer loop
      vertex -53.8651 36.172 0
      vertex -53.5355 36.5355 2.4
      vertex -53.5355 36.5355 0
    endloop
  endfacet
  facet normal -0.740806 0.671719 0
    outer loop
      vertex -53.5355 36.5355 2.4
      vertex -53.8651 36.172 0
      vertex -53.8651 36.172 2.4
    endloop
  endfacet
  facet normal 0.427543 -0.903995 0
    outer loop
      vertex 51.9134 -37.6194 0
      vertex 52.357 -37.4096 2.4
      vertex 51.9134 -37.6194 2.4
    endloop
  endfacet
  facet normal 0.427543 -0.903995 0
    outer loop
      vertex 52.357 -37.4096 2.4
      vertex 51.9134 -37.6194 0
      vertex 52.357 -37.4096 0
    endloop
  endfacet
  facet normal 0.514136 -0.857709 0
    outer loop
      vertex 52.357 -37.4096 0
      vertex 52.7779 -37.1573 2.4
      vertex 52.357 -37.4096 2.4
    endloop
  endfacet
  facet normal 0.514136 -0.857709 0
    outer loop
      vertex 52.7779 -37.1573 2.4
      vertex 52.357 -37.4096 0
      vertex 52.7779 -37.1573 0
    endloop
  endfacet
  facet normal -0.970034 -0.242967 0
    outer loop
      vertex -54.7847 -34.4514 0
      vertex -54.9039 -33.9755 2.4
      vertex -54.9039 -33.9755 0
    endloop
  endfacet
  facet normal -0.970034 -0.242967 0
    outer loop
      vertex -54.9039 -33.9755 2.4
      vertex -54.7847 -34.4514 0
      vertex -54.7847 -34.4514 2.4
    endloop
  endfacet
  facet normal 0.970034 0.242967 0
    outer loop
      vertex 54.9039 33.9755 2.4
      vertex 54.7847 34.4514 0
      vertex 54.7847 34.4514 2.4
    endloop
  endfacet
  facet normal 0.970034 0.242967 0
    outer loop
      vertex 54.7847 34.4514 0
      vertex 54.9039 33.9755 2.4
      vertex 54.9039 33.9755 0
    endloop
  endfacet
  facet normal -0.857709 0.514136 0
    outer loop
      vertex -54.4096 35.357 0
      vertex -54.1573 35.7779 2.4
      vertex -54.1573 35.7779 0
    endloop
  endfacet
  facet normal -0.857709 0.514136 0
    outer loop
      vertex -54.1573 35.7779 2.4
      vertex -54.4096 35.357 0
      vertex -54.4096 35.357 2.4
    endloop
  endfacet
  facet normal 0.595588 -0.80329 0
    outer loop
      vertex 52.7779 -37.1573 0
      vertex 53.172 -36.8651 2.4
      vertex 52.7779 -37.1573 2.4
    endloop
  endfacet
  facet normal 0.595588 -0.80329 0
    outer loop
      vertex 53.172 -36.8651 2.4
      vertex 52.7779 -37.1573 0
      vertex 53.172 -36.8651 0
    endloop
  endfacet
  facet normal -0.857709 -0.514136 0
    outer loop
      vertex -54.1573 -35.7779 0
      vertex -54.4096 -35.357 2.4
      vertex -54.4096 -35.357 0
    endloop
  endfacet
  facet normal -0.857709 -0.514136 0
    outer loop
      vertex -54.4096 -35.357 2.4
      vertex -54.1573 -35.7779 0
      vertex -54.1573 -35.7779 2.4
    endloop
  endfacet
  facet normal -0.941548 -0.336879 0
    outer loop
      vertex -54.6194 -34.9134 0
      vertex -54.7847 -34.4514 2.4
      vertex -54.7847 -34.4514 0
    endloop
  endfacet
  facet normal -0.941548 -0.336879 0
    outer loop
      vertex -54.7847 -34.4514 2.4
      vertex -54.6194 -34.9134 0
      vertex -54.6194 -34.9134 2.4
    endloop
  endfacet
  facet normal 0.427543 0.903995 -0
    outer loop
      vertex 52.357 37.4096 0
      vertex 51.9134 37.6194 2.4
      vertex 52.357 37.4096 2.4
    endloop
  endfacet
  facet normal 0.427543 0.903995 0
    outer loop
      vertex 51.9134 37.6194 2.4
      vertex 52.357 37.4096 0
      vertex 51.9134 37.6194 0
    endloop
  endfacet
  facet normal 0.146726 -0.989177 0
    outer loop
      vertex 50.4901 -37.9759 0
      vertex 50.9755 -37.9039 2.4
      vertex 50.4901 -37.9759 2.4
    endloop
  endfacet
  facet normal 0.146726 -0.989177 0
    outer loop
      vertex 50.9755 -37.9039 2.4
      vertex 50.4901 -37.9759 0
      vertex 50.9755 -37.9039 0
    endloop
  endfacet
  facet normal -0.903995 -0.427543 0
    outer loop
      vertex -54.4096 -35.357 0
      vertex -54.6194 -34.9134 2.4
      vertex -54.6194 -34.9134 0
    endloop
  endfacet
  facet normal -0.903995 -0.427543 0
    outer loop
      vertex -54.6194 -34.9134 2.4
      vertex -54.4096 -35.357 0
      vertex -54.4096 -35.357 2.4
    endloop
  endfacet
  facet normal 0 0 1
    outer loop
      vertex -34.9227 5.46791 2.4
      vertex -48.3494 30.4294 2.4
      vertex -35.4445 5.15511 2.4
    endloop
  endfacet
  facet normal 0 0 1
    outer loop
      vertex -38.2 0 2.4
      vertex -47.3082 -31.8334 2.4
      vertex -47.3 -32 2.4
    endloop
  endfacet
  facet normal -0 0 1
    outer loop
      vertex -48.5065 30.3732 2.4
      vertex -35.4445 5.15511 2.4
      vertex -48.3494 30.4294 2.4
    endloop
  endfacet
  facet normal 0 0 1
    outer loop
      vertex -38.2 0 2.4
      vertex -47.3327 -31.6683 2.4
      vertex -47.3082 -31.8334 2.4
    endloop
  endfacet
  facet normal 0 0 1
    outer loop
      vertex -35.4445 5.15511 2.4
      vertex -48.5065 30.3732 2.4
      vertex -35.9332 4.79266 2.4
    endloop
  endfacet
  facet normal 0 0 1
    outer loop
      vertex -38.2 0 2.4
      vertex -47.3732 -31.5065 2.4
      vertex -47.3327 -31.6683 2.4
    endloop
  endfacet
  facet normal -0 0 1
    outer loop
      vertex -48.6683 30.3327 2.4
      vertex -35.9332 4.79266 2.4
      vertex -48.5065 30.3732 2.4
    endloop
  endfacet
  facet normal 0 0 1
    outer loop
      vertex -38.2 0 2.4
      vertex -47.4294 -31.3494 2.4
      vertex -47.3732 -31.5065 2.4
    endloop
  endfacet
  facet normal 0 0 1
    outer loop
      vertex -35.9332 4.79266 2.4
      vertex -48.6683 30.3327 2.4
      vertex -36.3841 4.38406 2.4
    endloop
  endfacet
  facet normal 0 0 1
    outer loop
      vertex -38.2 0 2.4
      vertex -47.5007 -31.1986 2.4
      vertex -47.4294 -31.3494 2.4
    endloop
  endfacet
  facet normal -0 0 1
    outer loop
      vertex -48.8334 30.3082 2.4
      vertex -36.3841 4.38406 2.4
      vertex -48.6683 30.3327 2.4
    endloop
  endfacet
  facet normal 0 0 1
    outer loop
      vertex -38.2 0 2.4
      vertex -47.5865 -31.0555 2.4
      vertex -47.5007 -31.1986 2.4
    endloop
  endfacet
  facet normal 0 0 1
    outer loop
      vertex -36.3841 4.38406 2.4
      vertex -48.8334 30.3082 2.4
      vertex -36.7927 3.93324 2.4
    endloop
  endfacet
  facet normal 0 0 1
    outer loop
      vertex -38.2 0 2.4
      vertex -47.6859 -30.9215 2.4
      vertex -47.5865 -31.0555 2.4
    endloop
  endfacet
  facet normal -0 0 1
    outer loop
      vertex -49 30.3 2.4
      vertex -36.7927 3.93324 2.4
      vertex -48.8334 30.3082 2.4
    endloop
  endfacet
  facet normal 0 0 1
    outer loop
      vertex -38.2 0 2.4
      vertex -47.7979 -30.7979 2.4
      vertex -47.6859 -30.9215 2.4
    endloop
  endfacet
  facet normal 0 0 1
    outer loop
      vertex -49.1666 30.3082 2.4
      vertex -36.7927 3.93324 2.4
      vertex -49 30.3 2.4
    endloop
  endfacet
  facet normal 0 0 1
    outer loop
      vertex -38.2 0 2.4
      vertex -47.9215 -30.6859 2.4
      vertex -47.7979 -30.7979 2.4
    endloop
  endfacet
  facet normal 0 0 1
    outer loop
      vertex -36.7927 3.93324 2.4
      vertex -49.1666 30.3082 2.4
      vertex -37.1551 3.44454 2.4
    endloop
  endfacet
  facet normal 0 0 1
    outer loop
      vertex -38.2 0 2.4
      vertex -48.0555 -30.5865 2.4
      vertex -47.9215 -30.6859 2.4
    endloop
  endfacet
  facet normal 0 0 1
    outer loop
      vertex -49.3317 30.3327 2.4
      vertex -37.1551 3.44454 2.4
      vertex -49.1666 30.3082 2.4
    endloop
  endfacet
  facet normal 0 0 1
    outer loop
      vertex -38.2 0 2.4
      vertex -48.1986 -30.5007 2.4
      vertex -48.0555 -30.5865 2.4
    endloop
  endfacet
  facet normal 0 0 1
    outer loop
      vertex -37.1551 3.44454 2.4
      vertex -49.3317 30.3327 2.4
      vertex -37.4679 2.92266 2.4
    endloop
  endfacet
  facet normal 0 0 1
    outer loop
      vertex -38.2 0 2.4
      vertex -48.3494 -30.4294 2.4
      vertex -48.1986 -30.5007 2.4
    endloop
  endfacet
  facet normal 0 0 1
    outer loop
      vertex -49.4935 30.3732 2.4
      vertex -37.4679 2.92266 2.4
      vertex -49.3317 30.3327 2.4
    endloop
  endfacet
  facet normal 0 0 1
    outer loop
      vertex -38.2 0 2.4
      vertex -48.5065 -30.3732 2.4
      vertex -48.3494 -30.4294 2.4
    endloop
  endfacet
  facet normal 0 0 1
    outer loop
      vertex -37.4679 2.92266 2.4
      vertex -49.4935 30.3732 2.4
      vertex -37.7281 2.37264 2.4
    endloop
  endfacet
  facet normal 0 0 1
    outer loop
      vertex -38.2 0 2.4
      vertex -48.6683 -30.3327 2.4
      vertex -48.5065 -30.3732 2.4
    endloop
  endfacet
  facet normal 0 0 1
    outer loop
      vertex -49.6506 30.4294 2.4
      vertex -37.7281 2.37264 2.4
      vertex -49.4935 30.3732 2.4
    endloop
  endfacet
  facet normal 0 0 1
    outer loop
      vertex -38.2 0 2.4
      vertex -48.8334 -30.3082 2.4
      vertex -48.6683 -30.3327 2.4
    endloop
  endfacet
  facet normal 0 0 1
    outer loop
      vertex -37.7281 2.37264 2.4
      vertex -49.6506 30.4294 2.4
      vertex -37.933 1.79976 2.4
    endloop
  endfacet
  facet normal 0 0 1
    outer loop
      vertex -38.2 0 2.4
      vertex -49 -30.3 2.4
      vertex -48.8334 -30.3082 2.4
    endloop
  endfacet
  facet normal 0 0 1
    outer loop
      vertex -49.8014 30.5007 2.4
      vertex -37.933 1.79976 2.4
      vertex -49.6506 30.4294 2.4
    endloop
  endfacet
  facet normal 0 0 1
    outer loop
      vertex -38.2 0 2.4
      vertex -49.1666 -30.3082 2.4
      vertex -49 -30.3 2.4
    endloop
  endfacet
  facet normal 0 0 1
    outer loop
      vertex -37.933 1.79976 2.4
      vertex -49.8014 30.5007 2.4
      vertex -38.0809 1.20956 2.4
    endloop
  endfacet
  facet normal 0 0 1
    outer loop
      vertex -38.2 0 2.4
      vertex -49.3317 -30.3327 2.4
      vertex -49.1666 -30.3082 2.4
    endloop
  endfacet
  facet normal 0 0 1
    outer loop
      vertex -49.9445 30.5865 2.4
      vertex -38.0809 1.20956 2.4
      vertex -49.8014 30.5007 2.4
    endloop
  endfacet
  facet normal 0 0 1
    outer loop
      vertex -38.2 0 2.4
      vertex -49.4935 -30.3732 2.4
      vertex -49.3317 -30.3327 2.4
    endloop
  endfacet
  facet normal 0 0 1
    outer loop
      vertex -55 33 2.4
      vertex -38.0809 1.20956 2.4
      vertex -49.9445 30.5865 2.4
    endloop
  endfacet
  facet normal 0 0 1
    outer loop
      vertex -38.2 0 2.4
      vertex -49.6506 -30.4294 2.4
      vertex -49.4935 -30.3732 2.4
    endloop
  endfacet
  facet normal 0 0 1
    outer loop
      vertex -38.0809 1.20956 2.4
      vertex -55 33 2.4
      vertex -38.1701 0.607706 2.4
    endloop
  endfacet
  facet normal 0 0 1
    outer loop
      vertex -38.2 0 2.4
      vertex -49.8014 -30.5007 2.4
      vertex -49.6506 -30.4294 2.4
    endloop
  endfacet
  facet normal 0 0 1
    outer loop
      vertex -38.1701 0.607706 2.4
      vertex -55 33 2.4
      vertex -38.2 0 2.4
    endloop
  endfacet
  facet normal 0 0 1
    outer loop
      vertex -55 -33 2.4
      vertex -38.2 0 2.4
      vertex -55 33 2.4
    endloop
  endfacet
  facet normal 0 0 1
    outer loop
      vertex -55 33 2.4
      vertex -49.9445 30.5865 2.4
      vertex -50.0785 30.6859 2.4
    endloop
  endfacet
  facet normal 0 -0 1
    outer loop
      vertex -49.9445 -30.5865 2.4
      vertex -38.2 0 2.4
      vertex -55 -33 2.4
    endloop
  endfacet
  facet normal 0 0 1
    outer loop
      vertex -55 33 2.4
      vertex -50.0785 30.6859 2.4
      vertex -50.2021 30.7979 2.4
    endloop
  endfacet
  facet normal 0 0 1
    outer loop
      vertex -38.2 0 2.4
      vertex -49.9445 -30.5865 2.4
      vertex -49.8014 -30.5007 2.4
    endloop
  endfacet
  facet normal 0 0 1
    outer loop
      vertex -55 33 2.4
      vertex -50.2021 30.7979 2.4
      vertex -50.3141 30.9215 2.4
    endloop
  endfacet
  facet normal 0 0 1
    outer loop
      vertex -49.9445 -30.5865 2.4
      vertex -55 -33 2.4
      vertex -50.0785 -30.6859 2.4
    endloop
  endfacet
  facet normal 0 0 1
    outer loop
      vertex -55 33 2.4
      vertex -50.3141 30.9215 2.4
      vertex -50.4135 31.0555 2.4
    endloop
  endfacet
  facet normal 0 0 1
    outer loop
      vertex -50.0785 -30.6859 2.4
      vertex -55 -33 2.4
      vertex -50.2021 -30.7979 2.4
    endloop
  endfacet
  facet normal 0 0 1
    outer loop
      vertex -55 33 2.4
      vertex -50.4135 31.0555 2.4
      vertex -50.4993 31.1986 2.4
    endloop
  endfacet
  facet normal 0 0 1
    outer loop
      vertex -50.2021 -30.7979 2.4
      vertex -55 -33 2.4
      vertex -50.3141 -30.9215 2.4
    endloop
  endfacet
  facet normal 0 0 1
    outer loop
      vertex -55 33 2.4
      vertex -50.4993 31.1986 2.4
      vertex -50.5706 31.3494 2.4
    endloop
  endfacet
  facet normal 0 0 1
    outer loop
      vertex -50.3141 -30.9215 2.4
      vertex -55 -33 2.4
      vertex -50.4135 -31.0555 2.4
    endloop
  endfacet
  facet normal 0 0 1
    outer loop
      vertex -55 33 2.4
      vertex -50.5706 31.3494 2.4
      vertex -50.6268 31.5065 2.4
    endloop
  endfacet
  facet normal 0 0 1
    outer loop
      vertex -50.4135 -31.0555 2.4
      vertex -55 -33 2.4
      vertex -50.4993 -31.1986 2.4
    endloop
  endfacet
  facet normal 0 0 1
    outer loop
      vertex -55 33 2.4
      vertex -50.6268 31.5065 2.4
      vertex -50.6673 31.6683 2.4
    endloop
  endfacet
  facet normal 0 0 1
    outer loop
      vertex -50.4993 -31.1986 2.4
      vertex -55 -33 2.4
      vertex -50.5706 -31.3494 2.4
    endloop
  endfacet
  facet normal 0 0 1
    outer loop
      vertex -55 33 2.4
      vertex -50.6673 31.6683 2.4
      vertex -50.6918 31.8334 2.4
    endloop
  endfacet
  facet normal 0 0 1
    outer loop
      vertex -50.5706 -31.3494 2.4
      vertex -55 -33 2.4
      vertex -50.6268 -31.5065 2.4
    endloop
  endfacet
  facet normal 0 0 1
    outer loop
      vertex -55 33 2.4
      vertex -50.6918 31.8334 2.4
      vertex -50.7 32 2.4
    endloop
  endfacet
  facet normal 0 0 1
    outer loop
      vertex -50.6268 -31.5065 2.4
      vertex -55 -33 2.4
      vertex -50.6673 -31.6683 2.4
    endloop
  endfacet
  facet normal 0 0 1
    outer loop
      vertex 50.6268 31.5065 2.4
      vertex 55 33 2.4
      vertex 50.6673 31.6683 2.4
    endloop
  endfacet
  facet normal 0 0 1
    outer loop
      vertex 55 -33 2.4
      vertex 50.6918 -31.8334 2.4
      vertex 50.7 -32 2.4
    endloop
  endfacet
  facet normal 0 0 1
    outer loop
      vertex 50.5706 31.3494 2.4
      vertex 55 33 2.4
      vertex 50.6268 31.5065 2.4
    endloop
  endfacet
  facet normal 0 0 1
    outer loop
      vertex 55 -33 2.4
      vertex 50.6673 -31.6683 2.4
      vertex 50.6918 -31.8334 2.4
    endloop
  endfacet
  facet normal 0 0 1
    outer loop
      vertex 50.4993 31.1986 2.4
      vertex 55 33 2.4
      vertex 50.5706 31.3494 2.4
    endloop
  endfacet
  facet normal 0 0 1
    outer loop
      vertex 55 -33 2.4
      vertex 50.6268 -31.5065 2.4
      vertex 50.6673 -31.6683 2.4
    endloop
  endfacet
  facet normal 0 0 1
    outer loop
      vertex 47.488 21.2453 2.4
      vertex 55 33 2.4
      vertex 47.55 21.4928 2.4
    endloop
  endfacet
  facet normal 0 0 1
    outer loop
      vertex 55 -33 2.4
      vertex 50.5706 -31.3494 2.4
      vertex 50.6268 -31.5065 2.4
    endloop
  endfacet
  facet normal 0 0 1
    outer loop
      vertex 50.4135 31.0555 2.4
      vertex 55 33 2.4
      vertex 50.4993 31.1986 2.4
    endloop
  endfacet
  facet normal 0 0 1
    outer loop
      vertex 47.4021 21.005 2.4
      vertex 55 33 2.4
      vertex 47.488 21.2453 2.4
    endloop
  endfacet
  facet normal 0 0 1
    outer loop
      vertex 50.3141 30.9215 2.4
      vertex 55 33 2.4
      vertex 50.4135 31.0555 2.4
    endloop
  endfacet
  facet normal 0 0 1
    outer loop
      vertex 55 33 2.4
      vertex 47.4021 21.005 2.4
      vertex 55 -33 2.4
    endloop
  endfacet
  facet normal 0 0 1
    outer loop
      vertex 50.2021 30.7979 2.4
      vertex 55 33 2.4
      vertex 50.3141 30.9215 2.4
    endloop
  endfacet
  facet normal 0 0 1
    outer loop
      vertex 55 -33 2.4
      vertex 50.4993 -31.1986 2.4
      vertex 50.5706 -31.3494 2.4
    endloop
  endfacet
  facet normal 0 0 1
    outer loop
      vertex 47.55 22.5072 2.4
      vertex 55 33 2.4
      vertex 50.2021 30.7979 2.4
    endloop
  endfacet
  facet normal -0 0 1
    outer loop
      vertex 47.293 20.7744 2.4
      vertex 55 -33 2.4
      vertex 47.4021 21.005 2.4
    endloop
  endfacet
  facet normal 0 0 1
    outer loop
      vertex 47.55 22.5072 2.4
      vertex 50.2021 30.7979 2.4
      vertex 50.0785 30.6859 2.4
    endloop
  endfacet
  facet normal 0 0 1
    outer loop
      vertex 55 -33 2.4
      vertex 50.4135 -31.0555 2.4
      vertex 50.4993 -31.1986 2.4
    endloop
  endfacet
  facet normal 0 0 1
    outer loop
      vertex 47.488 22.7547 2.4
      vertex 50.0785 30.6859 2.4
      vertex 49.9445 30.5865 2.4
    endloop
  endfacet
  facet normal -0 0 1
    outer loop
      vertex 47.1618 20.5555 2.4
      vertex 55 -33 2.4
      vertex 47.293 20.7744 2.4
    endloop
  endfacet
  facet normal 0 0 1
    outer loop
      vertex 47.4021 22.995 2.4
      vertex 49.9445 30.5865 2.4
      vertex 49.8014 30.5007 2.4
    endloop
  endfacet
  facet normal 0 0 1
    outer loop
      vertex 55 -33 2.4
      vertex 50.3141 -30.9215 2.4
      vertex 50.4135 -31.0555 2.4
    endloop
  endfacet
  facet normal 0 0 1
    outer loop
      vertex 47.293 23.2256 2.4
      vertex 49.8014 30.5007 2.4
      vertex 49.6506 30.4294 2.4
    endloop
  endfacet
  facet normal -0 0 1
    outer loop
      vertex 47.0098 20.3506 2.4
      vertex 55 -33 2.4
      vertex 47.1618 20.5555 2.4
    endloop
  endfacet
  facet normal 0 0 1
    outer loop
      vertex 47.1618 23.4445 2.4
      vertex 49.6506 30.4294 2.4
      vertex 49.4935 30.3732 2.4
    endloop
  endfacet
  facet normal 0 0 1
    outer loop
      vertex 55 -33 2.4
      vertex 50.2021 -30.7979 2.4
      vertex 50.3141 -30.9215 2.4
    endloop
  endfacet
  facet normal 0 0 1
    outer loop
      vertex 47.0098 23.6494 2.4
      vertex 49.4935 30.3732 2.4
      vertex 49.3317 30.3327 2.4
    endloop
  endfacet
  facet normal -0 0 1
    outer loop
      vertex 46.8385 20.1615 2.4
      vertex 55 -33 2.4
      vertex 47.0098 20.3506 2.4
    endloop
  endfacet
  facet normal 0 0 1
    outer loop
      vertex 47.0098 23.6494 2.4
      vertex 49.3317 30.3327 2.4
      vertex 49.1666 30.3082 2.4
    endloop
  endfacet
  facet normal 0 0 1
    outer loop
      vertex 55 33 2.4
      vertex 47.5875 21.7452 2.4
      vertex 47.55 21.4928 2.4
    endloop
  endfacet
  facet normal 0 0 1
    outer loop
      vertex 46.8385 23.8385 2.4
      vertex 49.1666 30.3082 2.4
      vertex 49 30.3 2.4
    endloop
  endfacet
  facet normal 0 0 1
    outer loop
      vertex 55 -33 2.4
      vertex 50.0785 -30.6859 2.4
      vertex 50.2021 -30.7979 2.4
    endloop
  endfacet
  facet normal 0 0 1
    outer loop
      vertex 46.6494 24.0098 2.4
      vertex 49 30.3 2.4
      vertex 48.8334 30.3082 2.4
    endloop
  endfacet
  facet normal -0 0 1
    outer loop
      vertex 46.6494 19.9902 2.4
      vertex 55 -33 2.4
      vertex 46.8385 20.1615 2.4
    endloop
  endfacet
  facet normal 0 0 1
    outer loop
      vertex 46.4445 24.1618 2.4
      vertex 48.8334 30.3082 2.4
      vertex 48.6683 30.3327 2.4
    endloop
  endfacet
  facet normal 0 0 1
    outer loop
      vertex 55 -33 2.4
      vertex 49.9445 -30.5865 2.4
      vertex 50.0785 -30.6859 2.4
    endloop
  endfacet
  facet normal 0 0 1
    outer loop
      vertex 46.2256 24.293 2.4
      vertex 48.6683 30.3327 2.4
      vertex 48.5065 30.3732 2.4
    endloop
  endfacet
  facet normal 0 0 1
    outer loop
      vertex 55 -33 2.4
      vertex 46.6494 19.9902 2.4
      vertex 49.9445 -30.5865 2.4
    endloop
  endfacet
  facet normal 0 0 1
    outer loop
      vertex 45.995 24.4021 2.4
      vertex 48.5065 30.3732 2.4
      vertex 48.3494 30.4294 2.4
    endloop
  endfacet
  facet normal 0 0 1
    outer loop
      vertex 49.9445 -30.5865 2.4
      vertex 46.6494 19.9902 2.4
      vertex 49.8014 -30.5007 2.4
    endloop
  endfacet
  facet normal 0 0 1
    outer loop
      vertex 45.7547 24.488 2.4
      vertex 48.3494 30.4294 2.4
      vertex 48.1986 30.5007 2.4
    endloop
  endfacet
  facet normal 0 0 1
    outer loop
      vertex 55 33 2.4
      vertex 47.6 22 2.4
      vertex 47.5875 21.7452 2.4
    endloop
  endfacet
  facet normal 0 0 1
    outer loop
      vertex 45.7547 24.488 2.4
      vertex 48.1986 30.5007 2.4
      vertex 48.0555 30.5865 2.4
    endloop
  endfacet
  facet normal -0 0 1
    outer loop
      vertex 34.4 -1.3 2.4
      vertex 49.8014 -30.5007 2.4
      vertex 46.6494 19.9902 2.4
    endloop
  endfacet
  facet normal 0 0 1
    outer loop
      vertex 45.5072 24.55 2.4
      vertex 48.0555 30.5865 2.4
      vertex 47.9215 30.6859 2.4
    endloop
  endfacet
  facet normal 0 0 1
    outer loop
      vertex 49.8014 -30.5007 2.4
      vertex 34.4 -1.3 2.4
      vertex 49.6506 -30.4294 2.4
    endloop
  endfacet
  facet normal 0 0 1
    outer loop
      vertex 45.2548 24.5875 2.4
      vertex 47.9215 30.6859 2.4
      vertex 47.7979 30.7979 2.4
    endloop
  endfacet
  facet normal 0 0 1
    outer loop
      vertex 49.6506 -30.4294 2.4
      vertex 34.4 -1.3 2.4
      vertex 49.4935 -30.3732 2.4
    endloop
  endfacet
  facet normal 0 0 1
    outer loop
      vertex 45 24.6 2.4
      vertex 47.7979 30.7979 2.4
      vertex 47.6859 30.9215 2.4
    endloop
  endfacet
  facet normal 0 0 1
    outer loop
      vertex 49.4935 -30.3732 2.4
      vertex 34.4 -1.3 2.4
      vertex 49.3317 -30.3327 2.4
    endloop
  endfacet
  facet normal 0 0 1
    outer loop
      vertex 49.3317 -30.3327 2.4
      vertex 34.4 -1.3 2.4
      vertex 49.1666 -30.3082 2.4
    endloop
  endfacet
  facet normal 0 0 1
    outer loop
      vertex 55 33 2.4
      vertex 47.5875 22.2548 2.4
      vertex 47.6 22 2.4
    endloop
  endfacet
  facet normal 0 0 1
    outer loop
      vertex 44.7452 24.5875 2.4
      vertex 47.6859 30.9215 2.4
      vertex 47.5865 31.0555 2.4
    endloop
  endfacet
  facet normal 0 0 1
    outer loop
      vertex 55 33 2.4
      vertex 47.55 22.5072 2.4
      vertex 47.5875 22.2548 2.4
    endloop
  endfacet
  facet normal 0 0 1
    outer loop
      vertex 44.4928 24.55 2.4
      vertex 47.5865 31.0555 2.4
      vertex 47.5007 31.1986 2.4
    endloop
  endfacet
  facet normal 0 0 1
    outer loop
      vertex 50.0785 30.6859 2.4
      vertex 47.488 22.7547 2.4
      vertex 47.55 22.5072 2.4
    endloop
  endfacet
  facet normal 0 0 1
    outer loop
      vertex 44.2453 24.488 2.4
      vertex 47.5007 31.1986 2.4
      vertex 47.4294 31.3494 2.4
    endloop
  endfacet
  facet normal 0 0 1
    outer loop
      vertex 49.9445 30.5865 2.4
      vertex 47.4021 22.995 2.4
      vertex 47.488 22.7547 2.4
    endloop
  endfacet
  facet normal 0 0 1
    outer loop
      vertex 44.2453 24.488 2.4
      vertex 47.4294 31.3494 2.4
      vertex 47.3732 31.5065 2.4
    endloop
  endfacet
  facet normal 0 0 1
    outer loop
      vertex 44.005 24.4021 2.4
      vertex 47.3732 31.5065 2.4
      vertex 47.3327 31.6683 2.4
    endloop
  endfacet
  facet normal 0 0 1
    outer loop
      vertex 43.7744 24.293 2.4
      vertex 47.3327 31.6683 2.4
      vertex 47.3082 31.8334 2.4
    endloop
  endfacet
  facet normal 0 0 1
    outer loop
      vertex 43.5555 24.1618 2.4
      vertex 47.3082 31.8334 2.4
      vertex 47.3 32 2.4
    endloop
  endfacet
  facet normal 0 0 1
    outer loop
      vertex 49.8014 30.5007 2.4
      vertex 47.293 23.2256 2.4
      vertex 47.4021 22.995 2.4
    endloop
  endfacet
  facet normal 0 0 1
    outer loop
      vertex 50.6268 32.4935 2.4
      vertex 55 33 2.4
      vertex 54.9759 33.4901 2.4
    endloop
  endfacet
  facet normal 0 0 1
    outer loop
      vertex 50.6918 31.8334 2.4
      vertex 55 33 2.4
      vertex 50.7 32 2.4
    endloop
  endfacet
  facet normal 0 0 1
    outer loop
      vertex 50.5706 32.6506 2.4
      vertex 54.9759 33.4901 2.4
      vertex 54.9039 33.9755 2.4
    endloop
  endfacet
  facet normal 0 0 1
    outer loop
      vertex 50.6673 31.6683 2.4
      vertex 55 33 2.4
      vertex 50.6918 31.8334 2.4
    endloop
  endfacet
  facet normal 0 0 1
    outer loop
      vertex 50.5706 32.6506 2.4
      vertex 54.9039 33.9755 2.4
      vertex 54.7847 34.4514 2.4
    endloop
  endfacet
  facet normal -0 0 1
    outer loop
      vertex 50.6918 -32.1666 2.4
      vertex 55 -33 2.4
      vertex 50.7 -32 2.4
    endloop
  endfacet
  facet normal 0 0 1
    outer loop
      vertex 50.4993 32.8014 2.4
      vertex 54.7847 34.4514 2.4
      vertex 54.6194 34.9134 2.4
    endloop
  endfacet
  facet normal -0 0 1
    outer loop
      vertex 50.6673 -32.3317 2.4
      vertex 55 -33 2.4
      vertex 50.6918 -32.1666 2.4
    endloop
  endfacet
  facet normal 0 0 1
    outer loop
      vertex 50.4135 32.9445 2.4
      vertex 54.6194 34.9134 2.4
      vertex 54.4096 35.357 2.4
    endloop
  endfacet
  facet normal -0 0 1
    outer loop
      vertex 50.6268 -32.4935 2.4
      vertex 55 -33 2.4
      vertex 50.6673 -32.3317 2.4
    endloop
  endfacet
  facet normal 0 0 1
    outer loop
      vertex 50.4135 32.9445 2.4
      vertex 54.4096 35.357 2.4
      vertex 54.1573 35.7779 2.4
    endloop
  endfacet
  facet normal 0 0 1
    outer loop
      vertex 55 -33 2.4
      vertex 50.6268 -32.4935 2.4
      vertex 54.9759 -33.4901 2.4
    endloop
  endfacet
  facet normal 0 0 1
    outer loop
      vertex 50.3141 33.0785 2.4
      vertex 54.1573 35.7779 2.4
      vertex 53.8651 36.172 2.4
    endloop
  endfacet
  facet normal -0 0 1
    outer loop
      vertex 50.5706 -32.6506 2.4
      vertex 54.9759 -33.4901 2.4
      vertex 50.6268 -32.4935 2.4
    endloop
  endfacet
  facet normal 0 0 1
    outer loop
      vertex 50.2021 33.2021 2.4
      vertex 53.8651 36.172 2.4
      vertex 53.5355 36.5355 2.4
    endloop
  endfacet
  facet normal 0 0 1
    outer loop
      vertex 54.9759 -33.4901 2.4
      vertex 50.5706 -32.6506 2.4
      vertex 54.9039 -33.9755 2.4
    endloop
  endfacet
  facet normal 0 0 1
    outer loop
      vertex 50.2021 33.2021 2.4
      vertex 53.5355 36.5355 2.4
      vertex 53.172 36.8651 2.4
    endloop
  endfacet
  facet normal 0 0 1
    outer loop
      vertex 54.9039 -33.9755 2.4
      vertex 50.5706 -32.6506 2.4
      vertex 54.7847 -34.4514 2.4
    endloop
  endfacet
  facet normal 0 0 1
    outer loop
      vertex 50.0785 33.3141 2.4
      vertex 53.172 36.8651 2.4
      vertex 52.7779 37.1573 2.4
    endloop
  endfacet
  facet normal -0 0 1
    outer loop
      vertex 50.4993 -32.8014 2.4
      vertex 54.7847 -34.4514 2.4
      vertex 50.5706 -32.6506 2.4
    endloop
  endfacet
  facet normal 0 0 1
    outer loop
      vertex 49.9445 33.4135 2.4
      vertex 52.7779 37.1573 2.4
      vertex 52.357 37.4096 2.4
    endloop
  endfacet
  facet normal 0 0 1
    outer loop
      vertex 54.7847 -34.4514 2.4
      vertex 50.4993 -32.8014 2.4
      vertex 54.6194 -34.9134 2.4
    endloop
  endfacet
  facet normal 0 0 1
    outer loop
      vertex 49.9445 33.4135 2.4
      vertex 52.357 37.4096 2.4
      vertex 51.9134 37.6194 2.4
    endloop
  endfacet
  facet normal -0 0 1
    outer loop
      vertex 50.4135 -32.9445 2.4
      vertex 54.6194 -34.9134 2.4
      vertex 50.4993 -32.8014 2.4
    endloop
  endfacet
  facet normal 0 0 1
    outer loop
      vertex 49.8014 33.4993 2.4
      vertex 51.9134 37.6194 2.4
      vertex 51.4514 37.7847 2.4
    endloop
  endfacet
  facet normal 0 0 1
    outer loop
      vertex 54.6194 -34.9134 2.4
      vertex 50.4135 -32.9445 2.4
      vertex 54.4096 -35.357 2.4
    endloop
  endfacet
  facet normal 0 0 1
    outer loop
      vertex 49.6506 33.5706 2.4
      vertex 51.4514 37.7847 2.4
      vertex 50.9755 37.9039 2.4
    endloop
  endfacet
  facet normal 0 0 1
    outer loop
      vertex 54.4096 -35.357 2.4
      vertex 50.4135 -32.9445 2.4
      vertex 54.1573 -35.7779 2.4
    endloop
  endfacet
  facet normal -0 0 1
    outer loop
      vertex 50.3141 -33.0785 2.4
      vertex 54.1573 -35.7779 2.4
      vertex 50.4135 -32.9445 2.4
    endloop
  endfacet
  facet normal 0 0 1
    outer loop
      vertex 55 33 2.4
      vertex 50.6918 32.1666 2.4
      vertex 50.7 32 2.4
    endloop
  endfacet
  facet normal 0 0 1
    outer loop
      vertex 55 33 2.4
      vertex 50.6673 32.3317 2.4
      vertex 50.6918 32.1666 2.4
    endloop
  endfacet
  facet normal 0 0 1
    outer loop
      vertex 55 33 2.4
      vertex 50.6268 32.4935 2.4
      vertex 50.6673 32.3317 2.4
    endloop
  endfacet
  facet normal 0 0 1
    outer loop
      vertex 54.9759 33.4901 2.4
      vertex 50.5706 32.6506 2.4
      vertex 50.6268 32.4935 2.4
    endloop
  endfacet
  facet normal 0 0 1
    outer loop
      vertex 54.7847 34.4514 2.4
      vertex 50.4993 32.8014 2.4
      vertex 50.5706 32.6506 2.4
    endloop
  endfacet
  facet normal 0 0 1
    outer loop
      vertex 49.6506 33.5706 2.4
      vertex 50.9755 37.9039 2.4
      vertex 50.4901 37.9759 2.4
    endloop
  endfacet
  facet normal 0 0 1
    outer loop
      vertex 54.6194 34.9134 2.4
      vertex 50.4135 32.9445 2.4
      vertex 50.4993 32.8014 2.4
    endloop
  endfacet
  facet normal 0 0 1
    outer loop
      vertex 54.1573 35.7779 2.4
      vertex 50.3141 33.0785 2.4
      vertex 50.4135 32.9445 2.4
    endloop
  endfacet
  facet normal 0 0 1
    outer loop
      vertex 53.8651 36.172 2.4
      vertex 50.2021 33.2021 2.4
      vertex 50.3141 33.0785 2.4
    endloop
  endfacet
  facet normal 0 0 1
    outer loop
      vertex 53.172 36.8651 2.4
      vertex 50.0785 33.3141 2.4
      vertex 50.2021 33.2021 2.4
    endloop
  endfacet
  facet normal 0 0 1
    outer loop
      vertex 49.4935 33.6268 2.4
      vertex 50.4901 37.9759 2.4
      vertex 50 38 2.4
    endloop
  endfacet
  facet normal 0 0 1
    outer loop
      vertex 52.7779 37.1573 2.4
      vertex 49.9445 33.4135 2.4
      vertex 50.0785 33.3141 2.4
    endloop
  endfacet
  facet normal 0 0 1
    outer loop
      vertex 51.9134 37.6194 2.4
      vertex 49.8014 33.4993 2.4
      vertex 49.9445 33.4135 2.4
    endloop
  endfacet
  facet normal 0 0 1
    outer loop
      vertex 51.4514 37.7847 2.4
      vertex 49.6506 33.5706 2.4
      vertex 49.8014 33.4993 2.4
    endloop
  endfacet
  facet normal 0 0 1
    outer loop
      vertex 50.4901 37.9759 2.4
      vertex 49.4935 33.6268 2.4
      vertex 49.6506 33.5706 2.4
    endloop
  endfacet
  facet normal 0 0 1
    outer loop
      vertex 50 38 2.4
      vertex 49.3317 33.6673 2.4
      vertex 49.4935 33.6268 2.4
    endloop
  endfacet
  facet normal 0 0 1
    outer loop
      vertex 50 38 2.4
      vertex 49.1666 33.6918 2.4
      vertex 49.3317 33.6673 2.4
    endloop
  endfacet
  facet normal 0 0 1
    outer loop
      vertex 50 38 2.4
      vertex 49 33.7 2.4
      vertex 49.1666 33.6918 2.4
    endloop
  endfacet
  facet normal 0 0 1
    outer loop
      vertex 50 38 2.4
      vertex 48.8334 33.6918 2.4
      vertex 49 33.7 2.4
    endloop
  endfacet
  facet normal 0 0 1
    outer loop
      vertex 50 38 2.4
      vertex 48.6683 33.6673 2.4
      vertex 48.8334 33.6918 2.4
    endloop
  endfacet
  facet normal 0 0 1
    outer loop
      vertex 50 38 2.4
      vertex 48.5065 33.6268 2.4
      vertex 48.6683 33.6673 2.4
    endloop
  endfacet
  facet normal 0 0 1
    outer loop
      vertex 50 38 2.4
      vertex 48.3494 33.5706 2.4
      vertex 48.5065 33.6268 2.4
    endloop
  endfacet
  facet normal 0 0 1
    outer loop
      vertex 50 38 2.4
      vertex 48.1986 33.4993 2.4
      vertex 48.3494 33.5706 2.4
    endloop
  endfacet
  facet normal 0 0 1
    outer loop
      vertex 50 38 2.4
      vertex 48.0555 33.4135 2.4
      vertex 48.1986 33.4993 2.4
    endloop
  endfacet
  facet normal 0 0 1
    outer loop
      vertex 50 38 2.4
      vertex 47.9215 33.3141 2.4
      vertex 48.0555 33.4135 2.4
    endloop
  endfacet
  facet normal 0 0 1
    outer loop
      vertex 50 38 2.4
      vertex 47.7979 33.2021 2.4
      vertex 47.9215 33.3141 2.4
    endloop
  endfacet
  facet normal 0 0 1
    outer loop
      vertex 50 38 2.4
      vertex 47.6859 33.0785 2.4
      vertex 47.7979 33.2021 2.4
    endloop
  endfacet
  facet normal 0 0 1
    outer loop
      vertex 50 38 2.4
      vertex 47.5865 32.9445 2.4
      vertex 47.6859 33.0785 2.4
    endloop
  endfacet
  facet normal 0 0 1
    outer loop
      vertex 50 38 2.4
      vertex 47.5007 32.8014 2.4
      vertex 47.5865 32.9445 2.4
    endloop
  endfacet
  facet normal 0 0 1
    outer loop
      vertex 49.6506 30.4294 2.4
      vertex 47.1618 23.4445 2.4
      vertex 47.293 23.2256 2.4
    endloop
  endfacet
  facet normal 0 0 1
    outer loop
      vertex 49.4935 30.3732 2.4
      vertex 47.0098 23.6494 2.4
      vertex 47.1618 23.4445 2.4
    endloop
  endfacet
  facet normal 0 0 1
    outer loop
      vertex 49.1666 30.3082 2.4
      vertex 46.8385 23.8385 2.4
      vertex 47.0098 23.6494 2.4
    endloop
  endfacet
  facet normal 0 0 1
    outer loop
      vertex 43.3506 24.0098 2.4
      vertex 47.3 32 2.4
      vertex 47.3082 32.1666 2.4
    endloop
  endfacet
  facet normal 0 0 1
    outer loop
      vertex 49 30.3 2.4
      vertex 46.6494 24.0098 2.4
      vertex 46.8385 23.8385 2.4
    endloop
  endfacet
  facet normal 0 0 1
    outer loop
      vertex 48.8334 30.3082 2.4
      vertex 46.4445 24.1618 2.4
      vertex 46.6494 24.0098 2.4
    endloop
  endfacet
  facet normal 0 0 1
    outer loop
      vertex 48.6683 30.3327 2.4
      vertex 46.2256 24.293 2.4
      vertex 46.4445 24.1618 2.4
    endloop
  endfacet
  facet normal 0 0 1
    outer loop
      vertex 48.5065 30.3732 2.4
      vertex 45.995 24.4021 2.4
      vertex 46.2256 24.293 2.4
    endloop
  endfacet
  facet normal 0 0 1
    outer loop
      vertex 43.1615 23.8385 2.4
      vertex 47.3082 32.1666 2.4
      vertex 47.3327 32.3317 2.4
    endloop
  endfacet
  facet normal 0 0 1
    outer loop
      vertex 48.3494 30.4294 2.4
      vertex 45.7547 24.488 2.4
      vertex 45.995 24.4021 2.4
    endloop
  endfacet
  facet normal 0 0 1
    outer loop
      vertex 48.0555 30.5865 2.4
      vertex 45.5072 24.55 2.4
      vertex 45.7547 24.488 2.4
    endloop
  endfacet
  facet normal 0 0 1
    outer loop
      vertex 47.9215 30.6859 2.4
      vertex 45.2548 24.5875 2.4
      vertex 45.5072 24.55 2.4
    endloop
  endfacet
  facet normal 0 0 1
    outer loop
      vertex 42.9902 23.6494 2.4
      vertex 47.3327 32.3317 2.4
      vertex 47.3732 32.4935 2.4
    endloop
  endfacet
  facet normal 0 0 1
    outer loop
      vertex 47.7979 30.7979 2.4
      vertex 45 24.6 2.4
      vertex 45.2548 24.5875 2.4
    endloop
  endfacet
  facet normal 0 0 1
    outer loop
      vertex 47.6859 30.9215 2.4
      vertex 44.7452 24.5875 2.4
      vertex 45 24.6 2.4
    endloop
  endfacet
  facet normal 0 0 1
    outer loop
      vertex 47.5865 31.0555 2.4
      vertex 44.4928 24.55 2.4
      vertex 44.7452 24.5875 2.4
    endloop
  endfacet
  facet normal 0 0 1
    outer loop
      vertex 42.8382 23.4445 2.4
      vertex 47.3732 32.4935 2.4
      vertex 47.4294 32.6506 2.4
    endloop
  endfacet
  facet normal 0 0 1
    outer loop
      vertex 47.5007 31.1986 2.4
      vertex 44.2453 24.488 2.4
      vertex 44.4928 24.55 2.4
    endloop
  endfacet
  facet normal 0 0 1
    outer loop
      vertex 47.3732 31.5065 2.4
      vertex 44.005 24.4021 2.4
      vertex 44.2453 24.488 2.4
    endloop
  endfacet
  facet normal 0 0 1
    outer loop
      vertex 47.3327 31.6683 2.4
      vertex 43.7744 24.293 2.4
      vertex 44.005 24.4021 2.4
    endloop
  endfacet
  facet normal 0 0 1
    outer loop
      vertex 47.3082 31.8334 2.4
      vertex 43.5555 24.1618 2.4
      vertex 43.7744 24.293 2.4
    endloop
  endfacet
  facet normal 0 0 1
    outer loop
      vertex 47.3 32 2.4
      vertex 43.3506 24.0098 2.4
      vertex 43.5555 24.1618 2.4
    endloop
  endfacet
  facet normal 0 0 1
    outer loop
      vertex 47.3082 32.1666 2.4
      vertex 43.1615 23.8385 2.4
      vertex 43.3506 24.0098 2.4
    endloop
  endfacet
  facet normal 0 0 1
    outer loop
      vertex -8.20023 5.93303 2.4
      vertex 47.4294 32.6506 2.4
      vertex 47.5007 32.8014 2.4
    endloop
  endfacet
  facet normal 0 0 1
    outer loop
      vertex -8.79044 6.08087 2.4
      vertex 47.5007 32.8014 2.4
      vertex 50 38 2.4
    endloop
  endfacet
  facet normal 0 0 1
    outer loop
      vertex 47.3327 32.3317 2.4
      vertex 42.9902 23.6494 2.4
      vertex 43.1615 23.8385 2.4
    endloop
  endfacet
  facet normal 0 0 1
    outer loop
      vertex 47.3732 32.4935 2.4
      vertex 42.8382 23.4445 2.4
      vertex 42.9902 23.6494 2.4
    endloop
  endfacet
  facet normal 0 0 1
    outer loop
      vertex 47.4294 32.6506 2.4
      vertex -8.20023 5.93303 2.4
      vertex 42.8382 23.4445 2.4
    endloop
  endfacet
  facet normal 0 0 1
    outer loop
      vertex 24.6373 3.68218 2.4
      vertex 42.4 22 2.4
      vertex 42.4125 22.2548 2.4
    endloop
  endfacet
  facet normal 0 0 1
    outer loop
      vertex 24.2782 3.62891 2.4
      vertex 42.4125 22.2548 2.4
      vertex 42.45 22.5072 2.4
    endloop
  endfacet
  facet normal 0 0 1
    outer loop
      vertex 23.9259 3.54068 2.4
      vertex 42.45 22.5072 2.4
      vertex 42.512 22.7547 2.4
    endloop
  endfacet
  facet normal 0 0 1
    outer loop
      vertex 23.5841 3.41835 2.4
      vertex 42.512 22.7547 2.4
      vertex 42.5979 22.995 2.4
    endloop
  endfacet
  facet normal 0 0 1
    outer loop
      vertex 42.4 22 2.4
      vertex 32.8 1.3 2.4
      vertex 34.4 1.3 2.4
    endloop
  endfacet
  facet normal 0 0 1
    outer loop
      vertex 32.8 1.3 2.4
      vertex 28.7 0 2.4
      vertex 32.8 -1.3 2.4
    endloop
  endfacet
  facet normal 0 0 1
    outer loop
      vertex 42.4 22 2.4
      vertex 27.0556 3.07644 2.4
      vertex 32.8 1.3 2.4
    endloop
  endfacet
  facet normal 0 0 1
    outer loop
      vertex -7.07734 5.46791 2.4
      vertex 42.5979 22.995 2.4
      vertex 42.707 23.2256 2.4
    endloop
  endfacet
  facet normal 0 -0 1
    outer loop
      vertex -7.62736 5.72805 2.4
      vertex 42.8382 23.4445 2.4
      vertex -8.20023 5.93303 2.4
    endloop
  endfacet
  facet normal 0 0 1
    outer loop
      vertex 32.8 1.3 2.4
      vertex 28.6822 0.362663 2.4
      vertex 28.7 0 2.4
    endloop
  endfacet
  facet normal 0 0 1
    outer loop
      vertex 32.8 1.3 2.4
      vertex 28.6289 0.721834 2.4
      vertex 28.6822 0.362663 2.4
    endloop
  endfacet
  facet normal 0 0 1
    outer loop
      vertex 32.8 1.3 2.4
      vertex 28.5407 1.07405 2.4
      vertex 28.6289 0.721834 2.4
    endloop
  endfacet
  facet normal 0 0 1
    outer loop
      vertex 32.8 1.3 2.4
      vertex 28.4184 1.41593 2.4
      vertex 28.5407 1.07405 2.4
    endloop
  endfacet
  facet normal 0 0 1
    outer loop
      vertex 32.8 1.3 2.4
      vertex 28.2631 1.74417 2.4
      vertex 28.4184 1.41593 2.4
    endloop
  endfacet
  facet normal 0 0 1
    outer loop
      vertex 32.8 1.3 2.4
      vertex 28.0764 2.05561 2.4
      vertex 28.2631 1.74417 2.4
    endloop
  endfacet
  facet normal 0 0 1
    outer loop
      vertex 32.8 1.3 2.4
      vertex 27.8601 2.34725 2.4
      vertex 28.0764 2.05561 2.4
    endloop
  endfacet
  facet normal 0 0 1
    outer loop
      vertex 32.8 1.3 2.4
      vertex 27.6163 2.61629 2.4
      vertex 27.8601 2.34725 2.4
    endloop
  endfacet
  facet normal 0 0 1
    outer loop
      vertex 32.8 1.3 2.4
      vertex 27.3473 2.86014 2.4
      vertex 27.6163 2.61629 2.4
    endloop
  endfacet
  facet normal 0 0 1
    outer loop
      vertex 32.8 1.3 2.4
      vertex 27.0556 3.07644 2.4
      vertex 27.3473 2.86014 2.4
    endloop
  endfacet
  facet normal 0 0 1
    outer loop
      vertex 42.4 22 2.4
      vertex 26.7442 3.26311 2.4
      vertex 27.0556 3.07644 2.4
    endloop
  endfacet
  facet normal 0 0 1
    outer loop
      vertex 42.4 22 2.4
      vertex 26.4159 3.41835 2.4
      vertex 26.7442 3.26311 2.4
    endloop
  endfacet
  facet normal 0 0 1
    outer loop
      vertex 42.4 22 2.4
      vertex 26.0741 3.54068 2.4
      vertex 26.4159 3.41835 2.4
    endloop
  endfacet
  facet normal 0 0 1
    outer loop
      vertex 42.4 22 2.4
      vertex 25.7218 3.62891 2.4
      vertex 26.0741 3.54068 2.4
    endloop
  endfacet
  facet normal 0 0 1
    outer loop
      vertex 42.4 22 2.4
      vertex 25.3627 3.68218 2.4
      vertex 25.7218 3.62891 2.4
    endloop
  endfacet
  facet normal 0 0 1
    outer loop
      vertex 42.4 22 2.4
      vertex 25 3.7 2.4
      vertex 25.3627 3.68218 2.4
    endloop
  endfacet
  facet normal 0 0 1
    outer loop
      vertex 42.4 22 2.4
      vertex 24.6373 3.68218 2.4
      vertex 25 3.7 2.4
    endloop
  endfacet
  facet normal 0 0 1
    outer loop
      vertex 42.4125 22.2548 2.4
      vertex 24.2782 3.62891 2.4
      vertex 24.6373 3.68218 2.4
    endloop
  endfacet
  facet normal 0 0 1
    outer loop
      vertex 42.45 22.5072 2.4
      vertex 23.9259 3.54068 2.4
      vertex 24.2782 3.62891 2.4
    endloop
  endfacet
  facet normal 0 0 1
    outer loop
      vertex 42.512 22.7547 2.4
      vertex 23.5841 3.41835 2.4
      vertex 23.9259 3.54068 2.4
    endloop
  endfacet
  facet normal 0 0 1
    outer loop
      vertex 42.5979 22.995 2.4
      vertex -7.07734 5.46791 2.4
      vertex 23.5841 3.41835 2.4
    endloop
  endfacet
  facet normal -0 -0 1
    outer loop
      vertex -6.55546 5.15511 2.4
      vertex 23.5841 3.41835 2.4
      vertex -7.07734 5.46791 2.4
    endloop
  endfacet
  facet normal 0 0 1
    outer loop
      vertex 23.5841 3.41835 2.4
      vertex -6.55546 5.15511 2.4
      vertex 23.2558 3.26311 2.4
    endloop
  endfacet
  facet normal -0 -0 1
    outer loop
      vertex -6.06676 4.79266 2.4
      vertex 23.2558 3.26311 2.4
      vertex -6.55546 5.15511 2.4
    endloop
  endfacet
  facet normal 0 0 1
    outer loop
      vertex 23.2558 3.26311 2.4
      vertex -6.06676 4.79266 2.4
      vertex 22.9444 3.07644 2.4
    endloop
  endfacet
  facet normal 0 0 1
    outer loop
      vertex 21.3178 0.362663 2.4
      vertex -3.8 0 2.4
      vertex 21.3 0 2.4
    endloop
  endfacet
  facet normal -0 0 1
    outer loop
      vertex -3.82985 0.607706 2.4
      vertex 21.3178 0.362663 2.4
      vertex 21.3711 0.721834 2.4
    endloop
  endfacet
  facet normal 0 0 1
    outer loop
      vertex -3.91913 1.20956 2.4
      vertex 21.3711 0.721834 2.4
      vertex 21.4593 1.07405 2.4
    endloop
  endfacet
  facet normal 0 0 1
    outer loop
      vertex -4.06697 1.79976 2.4
      vertex 21.4593 1.07405 2.4
      vertex 21.5816 1.41593 2.4
    endloop
  endfacet
  facet normal 0 0 1
    outer loop
      vertex -4.27195 2.37264 2.4
      vertex 21.5816 1.41593 2.4
      vertex 21.7369 1.74417 2.4
    endloop
  endfacet
  facet normal 0 0 1
    outer loop
      vertex -4.53209 2.92266 2.4
      vertex 21.7369 1.74417 2.4
      vertex 21.9236 2.05561 2.4
    endloop
  endfacet
  facet normal 0 0 1
    outer loop
      vertex -4.84489 3.44454 2.4
      vertex 21.9236 2.05561 2.4
      vertex 22.1399 2.34725 2.4
    endloop
  endfacet
  facet normal -0 -0 1
    outer loop
      vertex -5.61594 4.38406 2.4
      vertex 22.9444 3.07644 2.4
      vertex -6.06676 4.79266 2.4
    endloop
  endfacet
  facet normal 0 0 1
    outer loop
      vertex 21.3178 0.362663 2.4
      vertex -3.82985 0.607706 2.4
      vertex -3.8 0 2.4
    endloop
  endfacet
  facet normal 0 0 1
    outer loop
      vertex 21.3711 0.721834 2.4
      vertex -3.91913 1.20956 2.4
      vertex -3.82985 0.607706 2.4
    endloop
  endfacet
  facet normal 0 0 1
    outer loop
      vertex 21.4593 1.07405 2.4
      vertex -4.06697 1.79976 2.4
      vertex -3.91913 1.20956 2.4
    endloop
  endfacet
  facet normal 0 0 1
    outer loop
      vertex 21.5816 1.41593 2.4
      vertex -4.27195 2.37264 2.4
      vertex -4.06697 1.79976 2.4
    endloop
  endfacet
  facet normal 0 0 1
    outer loop
      vertex 21.7369 1.74417 2.4
      vertex -4.53209 2.92266 2.4
      vertex -4.27195 2.37264 2.4
    endloop
  endfacet
  facet normal 0 0 1
    outer loop
      vertex 21.9236 2.05561 2.4
      vertex -4.84489 3.44454 2.4
      vertex -4.53209 2.92266 2.4
    endloop
  endfacet
  facet normal 0 0 1
    outer loop
      vertex 22.1399 2.34725 2.4
      vertex -5.20733 3.93324 2.4
      vertex -4.84489 3.44454 2.4
    endloop
  endfacet
  facet normal 0 0 1
    outer loop
      vertex 22.3837 2.61629 2.4
      vertex -5.20733 3.93324 2.4
      vertex 22.1399 2.34725 2.4
    endloop
  endfacet
  facet normal -0 -0 1
    outer loop
      vertex -5.20733 3.93324 2.4
      vertex 22.3837 2.61629 2.4
      vertex -5.61594 4.38406 2.4
    endloop
  endfacet
  facet normal 0 0 1
    outer loop
      vertex 22.6527 2.86014 2.4
      vertex -5.61594 4.38406 2.4
      vertex 22.3837 2.61629 2.4
    endloop
  endfacet
  facet normal 0 0 1
    outer loop
      vertex 22.9444 3.07644 2.4
      vertex -5.61594 4.38406 2.4
      vertex 22.6527 2.86014 2.4
    endloop
  endfacet
  facet normal 0 0 1
    outer loop
      vertex 42.707 23.2256 2.4
      vertex -7.62736 5.72805 2.4
      vertex -7.07734 5.46791 2.4
    endloop
  endfacet
  facet normal 0 0 1
    outer loop
      vertex 42.8382 23.4445 2.4
      vertex -7.62736 5.72805 2.4
      vertex 42.707 23.2256 2.4
    endloop
  endfacet
  facet normal 0 0 1
    outer loop
      vertex 47.5007 32.8014 2.4
      vertex -8.79044 6.08087 2.4
      vertex -8.20023 5.93303 2.4
    endloop
  endfacet
  facet normal -0 0 1
    outer loop
      vertex -50 38 2.4
      vertex -8.79044 6.08087 2.4
      vertex 50 38 2.4
    endloop
  endfacet
  facet normal 0 0 1
    outer loop
      vertex -8.79044 6.08087 2.4
      vertex -50 38 2.4
      vertex -9.39229 6.17015 2.4
    endloop
  endfacet
  facet normal -0 -0 1
    outer loop
      vertex -47.5007 32.8014 2.4
      vertex -9.39229 6.17015 2.4
      vertex -50 38 2.4
    endloop
  endfacet
  facet normal -0 -0 1
    outer loop
      vertex -47.4294 32.6506 2.4
      vertex -9.39229 6.17015 2.4
      vertex -47.5007 32.8014 2.4
    endloop
  endfacet
  facet normal -0 -0 1
    outer loop
      vertex -47.3732 32.4935 2.4
      vertex -10 6.2 2.4
      vertex -47.4294 32.6506 2.4
    endloop
  endfacet
  facet normal 0 0 1
    outer loop
      vertex -10 6.2 2.4
      vertex -47.3732 32.4935 2.4
      vertex -10.6077 6.17015 2.4
    endloop
  endfacet
  facet normal -0 -0 1
    outer loop
      vertex -47.3327 32.3317 2.4
      vertex -10.6077 6.17015 2.4
      vertex -47.3732 32.4935 2.4
    endloop
  endfacet
  facet normal 0 0 1
    outer loop
      vertex -16.1701 0.607706 2.4
      vertex -25.8 0 2.4
      vertex -16.2 0 2.4
    endloop
  endfacet
  facet normal 0 0 1
    outer loop
      vertex -25.8299 0.607706 2.4
      vertex -16.1701 0.607706 2.4
      vertex -16.0809 1.20956 2.4
    endloop
  endfacet
  facet normal 0 0 1
    outer loop
      vertex -25.9191 1.20956 2.4
      vertex -16.0809 1.20956 2.4
      vertex -15.933 1.79976 2.4
    endloop
  endfacet
  facet normal 0 0 1
    outer loop
      vertex -26.067 1.79976 2.4
      vertex -15.933 1.79976 2.4
      vertex -15.7281 2.37264 2.4
    endloop
  endfacet
  facet normal 0 0 1
    outer loop
      vertex -26.2719 2.37264 2.4
      vertex -15.7281 2.37264 2.4
      vertex -15.4679 2.92266 2.4
    endloop
  endfacet
  facet normal 0 0 1
    outer loop
      vertex -26.5321 2.92266 2.4
      vertex -15.4679 2.92266 2.4
      vertex -15.1551 3.44454 2.4
    endloop
  endfacet
  facet normal 0 0 1
    outer loop
      vertex -26.8449 3.44454 2.4
      vertex -15.1551 3.44454 2.4
      vertex -14.7927 3.93324 2.4
    endloop
  endfacet
  facet normal 0 0 1
    outer loop
      vertex -27.2073 3.93324 2.4
      vertex -14.7927 3.93324 2.4
      vertex -14.3841 4.38406 2.4
    endloop
  endfacet
  facet normal 0 0 1
    outer loop
      vertex -27.6159 4.38406 2.4
      vertex -14.3841 4.38406 2.4
      vertex -13.9332 4.79266 2.4
    endloop
  endfacet
  facet normal 0 0 1
    outer loop
      vertex -28.0668 4.79266 2.4
      vertex -13.9332 4.79266 2.4
      vertex -13.4445 5.15511 2.4
    endloop
  endfacet
  facet normal 0 0 1
    outer loop
      vertex -28.5555 5.15511 2.4
      vertex -13.4445 5.15511 2.4
      vertex -12.9227 5.46791 2.4
    endloop
  endfacet
  facet normal 0 0 1
    outer loop
      vertex -10.6077 6.17015 2.4
      vertex -47.3327 32.3317 2.4
      vertex -11.2096 6.08087 2.4
    endloop
  endfacet
  facet normal 0 0 1
    outer loop
      vertex -16.1701 0.607706 2.4
      vertex -25.8299 0.607706 2.4
      vertex -25.8 0 2.4
    endloop
  endfacet
  facet normal 0 0 1
    outer loop
      vertex -16.0809 1.20956 2.4
      vertex -25.9191 1.20956 2.4
      vertex -25.8299 0.607706 2.4
    endloop
  endfacet
  facet normal 0 0 1
    outer loop
      vertex -15.933 1.79976 2.4
      vertex -26.067 1.79976 2.4
      vertex -25.9191 1.20956 2.4
    endloop
  endfacet
  facet normal 0 0 1
    outer loop
      vertex -15.7281 2.37264 2.4
      vertex -26.2719 2.37264 2.4
      vertex -26.067 1.79976 2.4
    endloop
  endfacet
  facet normal 0 0 1
    outer loop
      vertex -15.4679 2.92266 2.4
      vertex -26.5321 2.92266 2.4
      vertex -26.2719 2.37264 2.4
    endloop
  endfacet
  facet normal 0 0 1
    outer loop
      vertex -15.1551 3.44454 2.4
      vertex -26.8449 3.44454 2.4
      vertex -26.5321 2.92266 2.4
    endloop
  endfacet
  facet normal 0 0 1
    outer loop
      vertex -14.7927 3.93324 2.4
      vertex -27.2073 3.93324 2.4
      vertex -26.8449 3.44454 2.4
    endloop
  endfacet
  facet normal 0 0 1
    outer loop
      vertex -14.3841 4.38406 2.4
      vertex -27.6159 4.38406 2.4
      vertex -27.2073 3.93324 2.4
    endloop
  endfacet
  facet normal 0 0 1
    outer loop
      vertex -13.9332 4.79266 2.4
      vertex -28.0668 4.79266 2.4
      vertex -27.6159 4.38406 2.4
    endloop
  endfacet
  facet normal 0 0 1
    outer loop
      vertex -13.4445 5.15511 2.4
      vertex -28.5555 5.15511 2.4
      vertex -28.0668 4.79266 2.4
    endloop
  endfacet
  facet normal -0 -0 1
    outer loop
      vertex -47.3 32 2.4
      vertex -11.7998 5.93303 2.4
      vertex -47.3082 32.1666 2.4
    endloop
  endfacet
  facet normal 0 0 1
    outer loop
      vertex -11.7998 5.93303 2.4
      vertex -47.3 32 2.4
      vertex -12.3726 5.72805 2.4
    endloop
  endfacet
  facet normal 0 0 1
    outer loop
      vertex -12.9227 5.46791 2.4
      vertex -29.0773 5.46791 2.4
      vertex -28.5555 5.15511 2.4
    endloop
  endfacet
  facet normal 0 0 1
    outer loop
      vertex -12.9227 5.46791 2.4
      vertex -29.6274 5.72805 2.4
      vertex -29.0773 5.46791 2.4
    endloop
  endfacet
  facet normal 0 0 1
    outer loop
      vertex -12.3726 5.72805 2.4
      vertex -29.6274 5.72805 2.4
      vertex -12.9227 5.46791 2.4
    endloop
  endfacet
  facet normal 0 0 1
    outer loop
      vertex -29.6274 5.72805 2.4
      vertex -47.3 32 2.4
      vertex -30.2002 5.93303 2.4
    endloop
  endfacet
  facet normal -0 0 1
    outer loop
      vertex -47.3082 31.8334 2.4
      vertex -30.2002 5.93303 2.4
      vertex -47.3 32 2.4
    endloop
  endfacet
  facet normal -0 0 1
    outer loop
      vertex -47.3327 31.6683 2.4
      vertex -30.2002 5.93303 2.4
      vertex -47.3082 31.8334 2.4
    endloop
  endfacet
  facet normal 0 0 1
    outer loop
      vertex -30.2002 5.93303 2.4
      vertex -47.3327 31.6683 2.4
      vertex -30.7904 6.08087 2.4
    endloop
  endfacet
  facet normal -0 0 1
    outer loop
      vertex -47.3732 31.5065 2.4
      vertex -30.7904 6.08087 2.4
      vertex -47.3327 31.6683 2.4
    endloop
  endfacet
  facet normal -0 0 1
    outer loop
      vertex -48.1986 30.5007 2.4
      vertex -34.9227 5.46791 2.4
      vertex -48.0555 30.5865 2.4
    endloop
  endfacet
  facet normal 0 0 1
    outer loop
      vertex -34.3726 5.72805 2.4
      vertex -48.0555 30.5865 2.4
      vertex -34.9227 5.46791 2.4
    endloop
  endfacet
  facet normal -0 0 1
    outer loop
      vertex -48.0555 30.5865 2.4
      vertex -34.3726 5.72805 2.4
      vertex -47.9215 30.6859 2.4
    endloop
  endfacet
  facet normal 0 0 1
    outer loop
      vertex -33.7998 5.93303 2.4
      vertex -47.9215 30.6859 2.4
      vertex -34.3726 5.72805 2.4
    endloop
  endfacet
  facet normal -0 0 1
    outer loop
      vertex -47.9215 30.6859 2.4
      vertex -33.7998 5.93303 2.4
      vertex -47.7979 30.7979 2.4
    endloop
  endfacet
  facet normal 0 0 1
    outer loop
      vertex -33.2096 6.08087 2.4
      vertex -47.7979 30.7979 2.4
      vertex -33.7998 5.93303 2.4
    endloop
  endfacet
  facet normal -0 0 1
    outer loop
      vertex -47.7979 30.7979 2.4
      vertex -33.2096 6.08087 2.4
      vertex -47.6859 30.9215 2.4
    endloop
  endfacet
  facet normal 0 0 1
    outer loop
      vertex -32.6077 6.17015 2.4
      vertex -47.6859 30.9215 2.4
      vertex -33.2096 6.08087 2.4
    endloop
  endfacet
  facet normal -0 0 1
    outer loop
      vertex -47.6859 30.9215 2.4
      vertex -32.6077 6.17015 2.4
      vertex -47.5865 31.0555 2.4
    endloop
  endfacet
  facet normal -0 0 1
    outer loop
      vertex -47.5865 31.0555 2.4
      vertex -32.6077 6.17015 2.4
      vertex -47.5007 31.1986 2.4
    endloop
  endfacet
  facet normal 0 0 1
    outer loop
      vertex -32 6.2 2.4
      vertex -47.5007 31.1986 2.4
      vertex -32.6077 6.17015 2.4
    endloop
  endfacet
  facet normal -0 0 1
    outer loop
      vertex -47.5007 31.1986 2.4
      vertex -32 6.2 2.4
      vertex -47.4294 31.3494 2.4
    endloop
  endfacet
  facet normal -0 0 1
    outer loop
      vertex -47.4294 31.3494 2.4
      vertex -31.3923 6.17015 2.4
      vertex -47.3732 31.5065 2.4
    endloop
  endfacet
  facet normal 0 0 1
    outer loop
      vertex -31.3923 6.17015 2.4
      vertex -47.4294 31.3494 2.4
      vertex -32 6.2 2.4
    endloop
  endfacet
  facet normal 0 0 1
    outer loop
      vertex -30.7904 6.08087 2.4
      vertex -47.3732 31.5065 2.4
      vertex -31.3923 6.17015 2.4
    endloop
  endfacet
  facet normal 0 -0 1
    outer loop
      vertex -29.6274 5.72805 2.4
      vertex -12.3726 5.72805 2.4
      vertex -47.3 32 2.4
    endloop
  endfacet
  facet normal 0 0 1
    outer loop
      vertex -11.2096 6.08087 2.4
      vertex -47.3082 32.1666 2.4
      vertex -11.7998 5.93303 2.4
    endloop
  endfacet
  facet normal -0 -0 1
    outer loop
      vertex -47.3082 32.1666 2.4
      vertex -11.2096 6.08087 2.4
      vertex -47.3327 32.3317 2.4
    endloop
  endfacet
  facet normal 0 0 1
    outer loop
      vertex -9.39229 6.17015 2.4
      vertex -47.4294 32.6506 2.4
      vertex -10 6.2 2.4
    endloop
  endfacet
  facet normal 0 0 1
    outer loop
      vertex -47.5007 32.8014 2.4
      vertex -50 38 2.4
      vertex -47.5865 32.9445 2.4
    endloop
  endfacet
  facet normal 0 0 1
    outer loop
      vertex -47.5865 32.9445 2.4
      vertex -50 38 2.4
      vertex -47.6859 33.0785 2.4
    endloop
  endfacet
  facet normal 0 0 1
    outer loop
      vertex -47.6859 33.0785 2.4
      vertex -50 38 2.4
      vertex -47.7979 33.2021 2.4
    endloop
  endfacet
  facet normal 0 0 1
    outer loop
      vertex -47.7979 33.2021 2.4
      vertex -50 38 2.4
      vertex -47.9215 33.3141 2.4
    endloop
  endfacet
  facet normal 0 0 1
    outer loop
      vertex -47.9215 33.3141 2.4
      vertex -50 38 2.4
      vertex -48.0555 33.4135 2.4
    endloop
  endfacet
  facet normal 0 0 1
    outer loop
      vertex -48.0555 33.4135 2.4
      vertex -50 38 2.4
      vertex -48.1986 33.4993 2.4
    endloop
  endfacet
  facet normal 0 0 1
    outer loop
      vertex -48.1986 33.4993 2.4
      vertex -50 38 2.4
      vertex -48.3494 33.5706 2.4
    endloop
  endfacet
  facet normal 0 0 1
    outer loop
      vertex -48.3494 33.5706 2.4
      vertex -50 38 2.4
      vertex -48.5065 33.6268 2.4
    endloop
  endfacet
  facet normal 0 0 1
    outer loop
      vertex -48.5065 33.6268 2.4
      vertex -50 38 2.4
      vertex -48.6683 33.6673 2.4
    endloop
  endfacet
  facet normal 0 0 1
    outer loop
      vertex -48.6683 33.6673 2.4
      vertex -50 38 2.4
      vertex -48.8334 33.6918 2.4
    endloop
  endfacet
  facet normal 0 0 1
    outer loop
      vertex -48.8334 33.6918 2.4
      vertex -50 38 2.4
      vertex -49 33.7 2.4
    endloop
  endfacet
  facet normal 0 0 1
    outer loop
      vertex -50 38 2.4
      vertex -49.1666 33.6918 2.4
      vertex -49 33.7 2.4
    endloop
  endfacet
  facet normal 0 0 1
    outer loop
      vertex -50 38 2.4
      vertex -49.3317 33.6673 2.4
      vertex -49.1666 33.6918 2.4
    endloop
  endfacet
  facet normal 0 0 1
    outer loop
      vertex -50 38 2.4
      vertex -49.4935 33.6268 2.4
      vertex -49.3317 33.6673 2.4
    endloop
  endfacet
  facet normal -0 0 1
    outer loop
      vertex -50.4901 37.9759 2.4
      vertex -49.4935 33.6268 2.4
      vertex -50 38 2.4
    endloop
  endfacet
  facet normal 0 0 1
    outer loop
      vertex -49.4935 33.6268 2.4
      vertex -50.4901 37.9759 2.4
      vertex -49.6506 33.5706 2.4
    endloop
  endfacet
  facet normal -0 0 1
    outer loop
      vertex -50.9755 37.9039 2.4
      vertex -49.6506 33.5706 2.4
      vertex -50.4901 37.9759 2.4
    endloop
  endfacet
  facet normal -0 0 1
    outer loop
      vertex -51.4514 37.7847 2.4
      vertex -49.6506 33.5706 2.4
      vertex -50.9755 37.9039 2.4
    endloop
  endfacet
  facet normal 0 0 1
    outer loop
      vertex -49.6506 33.5706 2.4
      vertex -51.4514 37.7847 2.4
      vertex -49.8014 33.4993 2.4
    endloop
  endfacet
  facet normal -0 0 1
    outer loop
      vertex -51.9134 37.6194 2.4
      vertex -49.8014 33.4993 2.4
      vertex -51.4514 37.7847 2.4
    endloop
  endfacet
  facet normal 0 0 1
    outer loop
      vertex -49.8014 33.4993 2.4
      vertex -51.9134 37.6194 2.4
      vertex -49.9445 33.4135 2.4
    endloop
  endfacet
  facet normal -0 0 1
    outer loop
      vertex -52.357 37.4096 2.4
      vertex -49.9445 33.4135 2.4
      vertex -51.9134 37.6194 2.4
    endloop
  endfacet
  facet normal -0 0 1
    outer loop
      vertex -52.7779 37.1573 2.4
      vertex -49.9445 33.4135 2.4
      vertex -52.357 37.4096 2.4
    endloop
  endfacet
  facet normal 0 0 1
    outer loop
      vertex -49.9445 33.4135 2.4
      vertex -52.7779 37.1573 2.4
      vertex -50.0785 33.3141 2.4
    endloop
  endfacet
  facet normal -0 0 1
    outer loop
      vertex -53.172 36.8651 2.4
      vertex -50.0785 33.3141 2.4
      vertex -52.7779 37.1573 2.4
    endloop
  endfacet
  facet normal 0 0 1
    outer loop
      vertex -50.0785 33.3141 2.4
      vertex -53.172 36.8651 2.4
      vertex -50.2021 33.2021 2.4
    endloop
  endfacet
  facet normal -0 0 1
    outer loop
      vertex -53.5355 36.5355 2.4
      vertex -50.2021 33.2021 2.4
      vertex -53.172 36.8651 2.4
    endloop
  endfacet
  facet normal -0 0 1
    outer loop
      vertex -53.8651 36.172 2.4
      vertex -50.2021 33.2021 2.4
      vertex -53.5355 36.5355 2.4
    endloop
  endfacet
  facet normal -0 0 1
    outer loop
      vertex -54.1573 35.7779 2.4
      vertex -50.3141 33.0785 2.4
      vertex -53.8651 36.172 2.4
    endloop
  endfacet
  facet normal 0 0 1
    outer loop
      vertex -50.2021 33.2021 2.4
      vertex -53.8651 36.172 2.4
      vertex -50.3141 33.0785 2.4
    endloop
  endfacet
  facet normal 0 0 1
    outer loop
      vertex 54.1573 -35.7779 2.4
      vertex 50.3141 -33.0785 2.4
      vertex 53.8651 -36.172 2.4
    endloop
  endfacet
  facet normal -0 0 1
    outer loop
      vertex 50.2021 -33.2021 2.4
      vertex 53.8651 -36.172 2.4
      vertex 50.3141 -33.0785 2.4
    endloop
  endfacet
  facet normal 0 0 1
    outer loop
      vertex 53.8651 -36.172 2.4
      vertex 50.2021 -33.2021 2.4
      vertex 53.5355 -36.5355 2.4
    endloop
  endfacet
  facet normal 0 0 1
    outer loop
      vertex 53.5355 -36.5355 2.4
      vertex 50.2021 -33.2021 2.4
      vertex 53.172 -36.8651 2.4
    endloop
  endfacet
  facet normal -0 0 1
    outer loop
      vertex 50.0785 -33.3141 2.4
      vertex 53.172 -36.8651 2.4
      vertex 50.2021 -33.2021 2.4
    endloop
  endfacet
  facet normal 0 0 1
    outer loop
      vertex 53.172 -36.8651 2.4
      vertex 50.0785 -33.3141 2.4
      vertex 52.7779 -37.1573 2.4
    endloop
  endfacet
  facet normal -0 0 1
    outer loop
      vertex 49.9445 -33.4135 2.4
      vertex 52.7779 -37.1573 2.4
      vertex 50.0785 -33.3141 2.4
    endloop
  endfacet
  facet normal 0 0 1
    outer loop
      vertex 52.7779 -37.1573 2.4
      vertex 49.9445 -33.4135 2.4
      vertex 52.357 -37.4096 2.4
    endloop
  endfacet
  facet normal 0 0 1
    outer loop
      vertex 52.357 -37.4096 2.4
      vertex 49.9445 -33.4135 2.4
      vertex 51.9134 -37.6194 2.4
    endloop
  endfacet
  facet normal -0 0 1
    outer loop
      vertex 49.8014 -33.4993 2.4
      vertex 51.9134 -37.6194 2.4
      vertex 49.9445 -33.4135 2.4
    endloop
  endfacet
  facet normal 0 0 1
    outer loop
      vertex 51.9134 -37.6194 2.4
      vertex 49.8014 -33.4993 2.4
      vertex 51.4514 -37.7847 2.4
    endloop
  endfacet
  facet normal -0 0 1
    outer loop
      vertex 49.6506 -33.5706 2.4
      vertex 51.4514 -37.7847 2.4
      vertex 49.8014 -33.4993 2.4
    endloop
  endfacet
  facet normal 0 0 1
    outer loop
      vertex 51.4514 -37.7847 2.4
      vertex 49.6506 -33.5706 2.4
      vertex 50.9755 -37.9039 2.4
    endloop
  endfacet
  facet normal 0 0 1
    outer loop
      vertex 50.9755 -37.9039 2.4
      vertex 49.6506 -33.5706 2.4
      vertex 50.4901 -37.9759 2.4
    endloop
  endfacet
  facet normal -0 0 1
    outer loop
      vertex 49.4935 -33.6268 2.4
      vertex 50.4901 -37.9759 2.4
      vertex 49.6506 -33.5706 2.4
    endloop
  endfacet
  facet normal 0 0 1
    outer loop
      vertex 50.4901 -37.9759 2.4
      vertex 49.4935 -33.6268 2.4
      vertex 50 -38 2.4
    endloop
  endfacet
  facet normal -0 0 1
    outer loop
      vertex 49.3317 -33.6673 2.4
      vertex 50 -38 2.4
      vertex 49.4935 -33.6268 2.4
    endloop
  endfacet
  facet normal -0 0 1
    outer loop
      vertex 49.1666 -33.6918 2.4
      vertex 50 -38 2.4
      vertex 49.3317 -33.6673 2.4
    endloop
  endfacet
  facet normal -0 0 1
    outer loop
      vertex 49 -33.7 2.4
      vertex 50 -38 2.4
      vertex 49.1666 -33.6918 2.4
    endloop
  endfacet
  facet normal 0 0 1
    outer loop
      vertex 48.8334 -33.6918 2.4
      vertex 50 -38 2.4
      vertex 49 -33.7 2.4
    endloop
  endfacet
  facet normal 0 0 1
    outer loop
      vertex 48.6683 -33.6673 2.4
      vertex 50 -38 2.4
      vertex 48.8334 -33.6918 2.4
    endloop
  endfacet
  facet normal 0 0 1
    outer loop
      vertex 48.5065 -33.6268 2.4
      vertex 50 -38 2.4
      vertex 48.6683 -33.6673 2.4
    endloop
  endfacet
  facet normal 0 0 1
    outer loop
      vertex 48.3494 -33.5706 2.4
      vertex 50 -38 2.4
      vertex 48.5065 -33.6268 2.4
    endloop
  endfacet
  facet normal 0 0 1
    outer loop
      vertex 48.1986 -33.4993 2.4
      vertex 50 -38 2.4
      vertex 48.3494 -33.5706 2.4
    endloop
  endfacet
  facet normal 0 0 1
    outer loop
      vertex 48.0555 -33.4135 2.4
      vertex 50 -38 2.4
      vertex 48.1986 -33.4993 2.4
    endloop
  endfacet
  facet normal 0 0 1
    outer loop
      vertex 47.9215 -33.3141 2.4
      vertex 50 -38 2.4
      vertex 48.0555 -33.4135 2.4
    endloop
  endfacet
  facet normal 0 0 1
    outer loop
      vertex 47.7979 -33.2021 2.4
      vertex 50 -38 2.4
      vertex 47.9215 -33.3141 2.4
    endloop
  endfacet
  facet normal 0 0 1
    outer loop
      vertex 47.6859 -33.0785 2.4
      vertex 50 -38 2.4
      vertex 47.7979 -33.2021 2.4
    endloop
  endfacet
  facet normal 0 0 1
    outer loop
      vertex 47.5865 -32.9445 2.4
      vertex 50 -38 2.4
      vertex 47.6859 -33.0785 2.4
    endloop
  endfacet
  facet normal 0 0 1
    outer loop
      vertex 47.5007 -32.8014 2.4
      vertex 50 -38 2.4
      vertex 47.5865 -32.9445 2.4
    endloop
  endfacet
  facet normal 0 0 1
    outer loop
      vertex 47.6859 -30.9215 2.4
      vertex 26.4159 -3.41835 2.4
      vertex 47.5865 -31.0555 2.4
    endloop
  endfacet
  facet normal -0 0 1
    outer loop
      vertex 26.0741 -3.54068 2.4
      vertex 47.5865 -31.0555 2.4
      vertex 26.4159 -3.41835 2.4
    endloop
  endfacet
  facet normal 0 0 1
    outer loop
      vertex 47.5865 -31.0555 2.4
      vertex 26.0741 -3.54068 2.4
      vertex 47.5007 -31.1986 2.4
    endloop
  endfacet
  facet normal -0 0 1
    outer loop
      vertex 25.7218 -3.62891 2.4
      vertex 47.5007 -31.1986 2.4
      vertex 26.0741 -3.54068 2.4
    endloop
  endfacet
  facet normal 0 0 1
    outer loop
      vertex 34.4 -1.3 2.4
      vertex 46.6494 19.9902 2.4
      vertex 46.4445 19.8382 2.4
    endloop
  endfacet
  facet normal 0 0 1
    outer loop
      vertex 34.4 -1.3 2.4
      vertex 46.4445 19.8382 2.4
      vertex 46.2256 19.707 2.4
    endloop
  endfacet
  facet normal 0 0 1
    outer loop
      vertex 34.4 1.3 2.4
      vertex 46.2256 19.707 2.4
      vertex 45.995 19.5979 2.4
    endloop
  endfacet
  facet normal 0 0 1
    outer loop
      vertex 34.4 1.3 2.4
      vertex 45.995 19.5979 2.4
      vertex 45.7547 19.512 2.4
    endloop
  endfacet
  facet normal 0 0 1
    outer loop
      vertex 34.4 1.3 2.4
      vertex 45.7547 19.512 2.4
      vertex 45.5072 19.45 2.4
    endloop
  endfacet
  facet normal 0 0 1
    outer loop
      vertex 34.4 1.3 2.4
      vertex 45.5072 19.45 2.4
      vertex 45.2548 19.4125 2.4
    endloop
  endfacet
  facet normal 0 0 1
    outer loop
      vertex 34.4 1.3 2.4
      vertex 45.2548 19.4125 2.4
      vertex 45 19.4 2.4
    endloop
  endfacet
  facet normal 0 0 1
    outer loop
      vertex 34.4 1.3 2.4
      vertex 45 19.4 2.4
      vertex 44.7452 19.4125 2.4
    endloop
  endfacet
  facet normal 0 0 1
    outer loop
      vertex 47.5007 -31.1986 2.4
      vertex 25.7218 -3.62891 2.4
      vertex 47.4294 -31.3494 2.4
    endloop
  endfacet
  facet normal 0 0 1
    outer loop
      vertex 34.4 1.3 2.4
      vertex 44.7452 19.4125 2.4
      vertex 44.4928 19.45 2.4
    endloop
  endfacet
  facet normal 0 0 1
    outer loop
      vertex 34.4 1.3 2.4
      vertex 44.4928 19.45 2.4
      vertex 44.2453 19.512 2.4
    endloop
  endfacet
  facet normal 0 0 1
    outer loop
      vertex 34.4 1.3 2.4
      vertex 44.2453 19.512 2.4
      vertex 44.005 19.5979 2.4
    endloop
  endfacet
  facet normal 0 0 1
    outer loop
      vertex 34.4 1.3 2.4
      vertex 44.005 19.5979 2.4
      vertex 43.7744 19.707 2.4
    endloop
  endfacet
  facet normal 0 0 1
    outer loop
      vertex 34.4 1.3 2.4
      vertex 43.7744 19.707 2.4
      vertex 43.5555 19.8382 2.4
    endloop
  endfacet
  facet normal 0 0 1
    outer loop
      vertex 34.4 1.3 2.4
      vertex 43.5555 19.8382 2.4
      vertex 43.3506 19.9902 2.4
    endloop
  endfacet
  facet normal 0 0 1
    outer loop
      vertex 34.4 1.3 2.4
      vertex 43.3506 19.9902 2.4
      vertex 43.1615 20.1615 2.4
    endloop
  endfacet
  facet normal 0 0 1
    outer loop
      vertex 34.4 1.3 2.4
      vertex 43.1615 20.1615 2.4
      vertex 42.9902 20.3506 2.4
    endloop
  endfacet
  facet normal 0 0 1
    outer loop
      vertex 34.4 1.3 2.4
      vertex 42.9902 20.3506 2.4
      vertex 42.8382 20.5555 2.4
    endloop
  endfacet
  facet normal 0 0 1
    outer loop
      vertex 34.4 1.3 2.4
      vertex 42.8382 20.5555 2.4
      vertex 42.707 20.7744 2.4
    endloop
  endfacet
  facet normal 0 0 1
    outer loop
      vertex 34.4 1.3 2.4
      vertex 42.707 20.7744 2.4
      vertex 42.5979 21.005 2.4
    endloop
  endfacet
  facet normal 0 0 1
    outer loop
      vertex 34.4 1.3 2.4
      vertex 42.5979 21.005 2.4
      vertex 42.512 21.2453 2.4
    endloop
  endfacet
  facet normal 0 0 1
    outer loop
      vertex 34.4 1.3 2.4
      vertex 42.512 21.2453 2.4
      vertex 42.45 21.4928 2.4
    endloop
  endfacet
  facet normal 0 0 1
    outer loop
      vertex 34.4 1.3 2.4
      vertex 42.45 21.4928 2.4
      vertex 42.4125 21.7452 2.4
    endloop
  endfacet
  facet normal 0 0 1
    outer loop
      vertex 34.4 1.3 2.4
      vertex 42.4125 21.7452 2.4
      vertex 42.4 22 2.4
    endloop
  endfacet
  facet normal 0 0 1
    outer loop
      vertex 46.2256 19.707 2.4
      vertex 34.4 1.3 2.4
      vertex 34.4 -1.3 2.4
    endloop
  endfacet
  facet normal -0 0 1
    outer loop
      vertex 25.3627 -3.68218 2.4
      vertex 47.4294 -31.3494 2.4
      vertex 25.7218 -3.62891 2.4
    endloop
  endfacet
  facet normal 0 0 1
    outer loop
      vertex 47.4294 -31.3494 2.4
      vertex 25.3627 -3.68218 2.4
      vertex 47.3732 -31.5065 2.4
    endloop
  endfacet
  facet normal -0 0 1
    outer loop
      vertex 25 -3.7 2.4
      vertex 47.3732 -31.5065 2.4
      vertex 25.3627 -3.68218 2.4
    endloop
  endfacet
  facet normal 0 0 1
    outer loop
      vertex 47.3732 -31.5065 2.4
      vertex 25 -3.7 2.4
      vertex 47.3327 -31.6683 2.4
    endloop
  endfacet
  facet normal 0 0 1
    outer loop
      vertex 27.0556 -3.07644 2.4
      vertex 34.4 -1.3 2.4
      vertex 32.8 -1.3 2.4
    endloop
  endfacet
  facet normal -0 0 1
    outer loop
      vertex 28.6822 -0.362663 2.4
      vertex 32.8 -1.3 2.4
      vertex 28.7 0 2.4
    endloop
  endfacet
  facet normal -0 0 1
    outer loop
      vertex 28.6289 -0.721834 2.4
      vertex 32.8 -1.3 2.4
      vertex 28.6822 -0.362663 2.4
    endloop
  endfacet
  facet normal -0 0 1
    outer loop
      vertex 28.5407 -1.07405 2.4
      vertex 32.8 -1.3 2.4
      vertex 28.6289 -0.721834 2.4
    endloop
  endfacet
  facet normal 0 0 1
    outer loop
      vertex 28.4184 -1.41593 2.4
      vertex 32.8 -1.3 2.4
      vertex 28.5407 -1.07405 2.4
    endloop
  endfacet
  facet normal 0 0 1
    outer loop
      vertex 28.2631 -1.74417 2.4
      vertex 32.8 -1.3 2.4
      vertex 28.4184 -1.41593 2.4
    endloop
  endfacet
  facet normal 0 0 1
    outer loop
      vertex 28.0764 -2.05561 2.4
      vertex 32.8 -1.3 2.4
      vertex 28.2631 -1.74417 2.4
    endloop
  endfacet
  facet normal 0 0 1
    outer loop
      vertex 27.8601 -2.34725 2.4
      vertex 32.8 -1.3 2.4
      vertex 28.0764 -2.05561 2.4
    endloop
  endfacet
  facet normal 0 0 1
    outer loop
      vertex 27.6163 -2.61629 2.4
      vertex 32.8 -1.3 2.4
      vertex 27.8601 -2.34725 2.4
    endloop
  endfacet
  facet normal 0 0 1
    outer loop
      vertex 27.3473 -2.86014 2.4
      vertex 32.8 -1.3 2.4
      vertex 27.6163 -2.61629 2.4
    endloop
  endfacet
  facet normal 0 0 1
    outer loop
      vertex 27.0556 -3.07644 2.4
      vertex 32.8 -1.3 2.4
      vertex 27.3473 -2.86014 2.4
    endloop
  endfacet
  facet normal 0 0 1
    outer loop
      vertex 34.4 -1.3 2.4
      vertex 27.0556 -3.07644 2.4
      vertex 26.7442 -3.26311 2.4
    endloop
  endfacet
  facet normal 0 0 1
    outer loop
      vertex 24.6373 -3.68218 2.4
      vertex 47.3327 -31.6683 2.4
      vertex 25 -3.7 2.4
    endloop
  endfacet
  facet normal 0 0 1
    outer loop
      vertex 47.3327 -31.6683 2.4
      vertex 24.6373 -3.68218 2.4
      vertex 47.3082 -31.8334 2.4
    endloop
  endfacet
  facet normal 0 0 1
    outer loop
      vertex 24.2782 -3.62891 2.4
      vertex 47.3082 -31.8334 2.4
      vertex 24.6373 -3.68218 2.4
    endloop
  endfacet
  facet normal 0 0 1
    outer loop
      vertex 47.3082 -31.8334 2.4
      vertex 24.2782 -3.62891 2.4
      vertex 47.3 -32 2.4
    endloop
  endfacet
  facet normal 0 0 1
    outer loop
      vertex 47.3 -32 2.4
      vertex 24.2782 -3.62891 2.4
      vertex 47.3082 -32.1666 2.4
    endloop
  endfacet
  facet normal 0 0 1
    outer loop
      vertex 23.9259 -3.54068 2.4
      vertex 47.3082 -32.1666 2.4
      vertex 24.2782 -3.62891 2.4
    endloop
  endfacet
  facet normal 0 0 1
    outer loop
      vertex 47.3082 -32.1666 2.4
      vertex 23.9259 -3.54068 2.4
      vertex 47.3327 -32.3317 2.4
    endloop
  endfacet
  facet normal 0 0 1
    outer loop
      vertex 23.5841 -3.41835 2.4
      vertex 47.3327 -32.3317 2.4
      vertex 23.9259 -3.54068 2.4
    endloop
  endfacet
  facet normal -0 0 1
    outer loop
      vertex -7.07734 -5.46791 2.4
      vertex 47.3327 -32.3317 2.4
      vertex 23.5841 -3.41835 2.4
    endloop
  endfacet
  facet normal -0 0 1
    outer loop
      vertex -7.62736 -5.72805 2.4
      vertex 47.3327 -32.3317 2.4
      vertex -7.07734 -5.46791 2.4
    endloop
  endfacet
  facet normal 0 0 1
    outer loop
      vertex 47.3327 -32.3317 2.4
      vertex -7.62736 -5.72805 2.4
      vertex 47.3732 -32.4935 2.4
    endloop
  endfacet
  facet normal -0 0 1
    outer loop
      vertex -8.20023 -5.93303 2.4
      vertex 47.3732 -32.4935 2.4
      vertex -7.62736 -5.72805 2.4
    endloop
  endfacet
  facet normal 0 0 1
    outer loop
      vertex -6.55546 -5.15511 2.4
      vertex 23.5841 -3.41835 2.4
      vertex 23.2558 -3.26311 2.4
    endloop
  endfacet
  facet normal 0 0 1
    outer loop
      vertex -6.06676 -4.79266 2.4
      vertex 23.2558 -3.26311 2.4
      vertex 22.9444 -3.07644 2.4
    endloop
  endfacet
  facet normal 0 0 1
    outer loop
      vertex -5.61594 -4.38406 2.4
      vertex 22.9444 -3.07644 2.4
      vertex 22.6527 -2.86014 2.4
    endloop
  endfacet
  facet normal 0 0 1
    outer loop
      vertex -5.61594 -4.38406 2.4
      vertex 22.6527 -2.86014 2.4
      vertex 22.3837 -2.61629 2.4
    endloop
  endfacet
  facet normal 0 0 1
    outer loop
      vertex -5.20733 -3.93324 2.4
      vertex 22.3837 -2.61629 2.4
      vertex 22.1399 -2.34725 2.4
    endloop
  endfacet
  facet normal -0 0 1
    outer loop
      vertex -3.8 0 2.4
      vertex 21.3178 -0.362663 2.4
      vertex 21.3 0 2.4
    endloop
  endfacet
  facet normal 0 0 1
    outer loop
      vertex -3.82985 -0.607706 2.4
      vertex 21.3178 -0.362663 2.4
      vertex -3.8 0 2.4
    endloop
  endfacet
  facet normal 0 0 1
    outer loop
      vertex 21.3178 -0.362663 2.4
      vertex -3.82985 -0.607706 2.4
      vertex 21.3711 -0.721834 2.4
    endloop
  endfacet
  facet normal 0 0 1
    outer loop
      vertex -3.91913 -1.20956 2.4
      vertex 21.3711 -0.721834 2.4
      vertex -3.82985 -0.607706 2.4
    endloop
  endfacet
  facet normal 0 0 1
    outer loop
      vertex 21.3711 -0.721834 2.4
      vertex -3.91913 -1.20956 2.4
      vertex 21.4593 -1.07405 2.4
    endloop
  endfacet
  facet normal 0 0 1
    outer loop
      vertex -4.06697 -1.79976 2.4
      vertex 21.4593 -1.07405 2.4
      vertex -3.91913 -1.20956 2.4
    endloop
  endfacet
  facet normal 0 0 1
    outer loop
      vertex 21.4593 -1.07405 2.4
      vertex -4.06697 -1.79976 2.4
      vertex 21.5816 -1.41593 2.4
    endloop
  endfacet
  facet normal 0 0 1
    outer loop
      vertex -4.27195 -2.37264 2.4
      vertex 21.5816 -1.41593 2.4
      vertex -4.06697 -1.79976 2.4
    endloop
  endfacet
  facet normal 0 0 1
    outer loop
      vertex 21.5816 -1.41593 2.4
      vertex -4.27195 -2.37264 2.4
      vertex 21.7369 -1.74417 2.4
    endloop
  endfacet
  facet normal 0 0 1
    outer loop
      vertex -4.53209 -2.92266 2.4
      vertex 21.7369 -1.74417 2.4
      vertex -4.27195 -2.37264 2.4
    endloop
  endfacet
  facet normal 0 0 1
    outer loop
      vertex 21.7369 -1.74417 2.4
      vertex -4.53209 -2.92266 2.4
      vertex 21.9236 -2.05561 2.4
    endloop
  endfacet
  facet normal 0 0 1
    outer loop
      vertex -4.84489 -3.44454 2.4
      vertex 21.9236 -2.05561 2.4
      vertex -4.53209 -2.92266 2.4
    endloop
  endfacet
  facet normal 0 0 1
    outer loop
      vertex 21.9236 -2.05561 2.4
      vertex -4.84489 -3.44454 2.4
      vertex 22.1399 -2.34725 2.4
    endloop
  endfacet
  facet normal 0 0 1
    outer loop
      vertex -5.20733 -3.93324 2.4
      vertex 22.1399 -2.34725 2.4
      vertex -4.84489 -3.44454 2.4
    endloop
  endfacet
  facet normal 0 0 1
    outer loop
      vertex 22.3837 -2.61629 2.4
      vertex -5.20733 -3.93324 2.4
      vertex -5.61594 -4.38406 2.4
    endloop
  endfacet
  facet normal 0 0 1
    outer loop
      vertex 22.9444 -3.07644 2.4
      vertex -5.61594 -4.38406 2.4
      vertex -6.06676 -4.79266 2.4
    endloop
  endfacet
  facet normal 0 0 1
    outer loop
      vertex 23.2558 -3.26311 2.4
      vertex -6.06676 -4.79266 2.4
      vertex -6.55546 -5.15511 2.4
    endloop
  endfacet
  facet normal 0 0 1
    outer loop
      vertex 23.5841 -3.41835 2.4
      vertex -6.55546 -5.15511 2.4
      vertex -7.07734 -5.46791 2.4
    endloop
  endfacet
  facet normal 0 0 1
    outer loop
      vertex 47.3732 -32.4935 2.4
      vertex -8.20023 -5.93303 2.4
      vertex 47.4294 -32.6506 2.4
    endloop
  endfacet
  facet normal 0 0 1
    outer loop
      vertex 47.4294 -32.6506 2.4
      vertex -8.20023 -5.93303 2.4
      vertex 47.5007 -32.8014 2.4
    endloop
  endfacet
  facet normal -0 0 1
    outer loop
      vertex -8.79044 -6.08087 2.4
      vertex 47.5007 -32.8014 2.4
      vertex -8.20023 -5.93303 2.4
    endloop
  endfacet
  facet normal 0 0 1
    outer loop
      vertex 47.5007 -32.8014 2.4
      vertex -8.79044 -6.08087 2.4
      vertex 50 -38 2.4
    endloop
  endfacet
  facet normal 0 0 1
    outer loop
      vertex -50 -38 2.4
      vertex -8.79044 -6.08087 2.4
      vertex -9.39229 -6.17015 2.4
    endloop
  endfacet
  facet normal 0 0 1
    outer loop
      vertex -47.4294 -32.6506 2.4
      vertex -9.39229 -6.17015 2.4
      vertex -10 -6.2 2.4
    endloop
  endfacet
  facet normal 0 0 1
    outer loop
      vertex -47.3732 -32.4935 2.4
      vertex -10 -6.2 2.4
      vertex -10.6077 -6.17015 2.4
    endloop
  endfacet
  facet normal 0 0 1
    outer loop
      vertex -47.3327 -32.3317 2.4
      vertex -10.6077 -6.17015 2.4
      vertex -11.2096 -6.08087 2.4
    endloop
  endfacet
  facet normal 0 0 1
    outer loop
      vertex -47.3082 -32.1666 2.4
      vertex -11.2096 -6.08087 2.4
      vertex -11.7998 -5.93303 2.4
    endloop
  endfacet
  facet normal 0 0 1
    outer loop
      vertex -47.3 -32 2.4
      vertex -11.7998 -5.93303 2.4
      vertex -12.3726 -5.72805 2.4
    endloop
  endfacet
  facet normal 0 0 1
    outer loop
      vertex -29.6274 -5.72805 2.4
      vertex -12.3726 -5.72805 2.4
      vertex -12.9227 -5.46791 2.4
    endloop
  endfacet
  facet normal -0 0 1
    outer loop
      vertex -25.8 0 2.4
      vertex -16.1701 -0.607706 2.4
      vertex -16.2 0 2.4
    endloop
  endfacet
  facet normal 0 0 1
    outer loop
      vertex -25.8299 -0.607706 2.4
      vertex -16.1701 -0.607706 2.4
      vertex -25.8 0 2.4
    endloop
  endfacet
  facet normal 0 0 1
    outer loop
      vertex -16.1701 -0.607706 2.4
      vertex -25.8299 -0.607706 2.4
      vertex -16.0809 -1.20956 2.4
    endloop
  endfacet
  facet normal 0 0 1
    outer loop
      vertex -25.9191 -1.20956 2.4
      vertex -16.0809 -1.20956 2.4
      vertex -25.8299 -0.607706 2.4
    endloop
  endfacet
  facet normal 0 0 1
    outer loop
      vertex -16.0809 -1.20956 2.4
      vertex -25.9191 -1.20956 2.4
      vertex -15.933 -1.79976 2.4
    endloop
  endfacet
  facet normal 0 0 1
    outer loop
      vertex -26.067 -1.79976 2.4
      vertex -15.933 -1.79976 2.4
      vertex -25.9191 -1.20956 2.4
    endloop
  endfacet
  facet normal 0 0 1
    outer loop
      vertex -15.933 -1.79976 2.4
      vertex -26.067 -1.79976 2.4
      vertex -15.7281 -2.37264 2.4
    endloop
  endfacet
  facet normal 0 0 1
    outer loop
      vertex -26.2719 -2.37264 2.4
      vertex -15.7281 -2.37264 2.4
      vertex -26.067 -1.79976 2.4
    endloop
  endfacet
  facet normal 0 0 1
    outer loop
      vertex -15.7281 -2.37264 2.4
      vertex -26.2719 -2.37264 2.4
      vertex -15.4679 -2.92266 2.4
    endloop
  endfacet
  facet normal 0 0 1
    outer loop
      vertex -26.5321 -2.92266 2.4
      vertex -15.4679 -2.92266 2.4
      vertex -26.2719 -2.37264 2.4
    endloop
  endfacet
  facet normal 0 0 1
    outer loop
      vertex -15.4679 -2.92266 2.4
      vertex -26.5321 -2.92266 2.4
      vertex -15.1551 -3.44454 2.4
    endloop
  endfacet
  facet normal 0 0 1
    outer loop
      vertex -26.8449 -3.44454 2.4
      vertex -15.1551 -3.44454 2.4
      vertex -26.5321 -2.92266 2.4
    endloop
  endfacet
  facet normal 0 0 1
    outer loop
      vertex -15.1551 -3.44454 2.4
      vertex -26.8449 -3.44454 2.4
      vertex -14.7927 -3.93324 2.4
    endloop
  endfacet
  facet normal 0 0 1
    outer loop
      vertex -27.2073 -3.93324 2.4
      vertex -14.7927 -3.93324 2.4
      vertex -26.8449 -3.44454 2.4
    endloop
  endfacet
  facet normal 0 0 1
    outer loop
      vertex -14.7927 -3.93324 2.4
      vertex -27.2073 -3.93324 2.4
      vertex -14.3841 -4.38406 2.4
    endloop
  endfacet
  facet normal 0 0 1
    outer loop
      vertex -27.6159 -4.38406 2.4
      vertex -14.3841 -4.38406 2.4
      vertex -27.2073 -3.93324 2.4
    endloop
  endfacet
  facet normal 0 0 1
    outer loop
      vertex -14.3841 -4.38406 2.4
      vertex -27.6159 -4.38406 2.4
      vertex -13.9332 -4.79266 2.4
    endloop
  endfacet
  facet normal 0 0 1
    outer loop
      vertex -28.0668 -4.79266 2.4
      vertex -13.9332 -4.79266 2.4
      vertex -27.6159 -4.38406 2.4
    endloop
  endfacet
  facet normal 0 0 1
    outer loop
      vertex -13.9332 -4.79266 2.4
      vertex -28.0668 -4.79266 2.4
      vertex -13.4445 -5.15511 2.4
    endloop
  endfacet
  facet normal 0 0 1
    outer loop
      vertex -28.5555 -5.15511 2.4
      vertex -13.4445 -5.15511 2.4
      vertex -28.0668 -4.79266 2.4
    endloop
  endfacet
  facet normal 0 0 1
    outer loop
      vertex -13.4445 -5.15511 2.4
      vertex -28.5555 -5.15511 2.4
      vertex -12.9227 -5.46791 2.4
    endloop
  endfacet
  facet normal 0 0 1
    outer loop
      vertex -29.0773 -5.46791 2.4
      vertex -12.9227 -5.46791 2.4
      vertex -28.5555 -5.15511 2.4
    endloop
  endfacet
  facet normal 0 0 1
    outer loop
      vertex -29.6274 -5.72805 2.4
      vertex -12.9227 -5.46791 2.4
      vertex -29.0773 -5.46791 2.4
    endloop
  endfacet
  facet normal 0 0 1
    outer loop
      vertex -12.3726 -5.72805 2.4
      vertex -29.6274 -5.72805 2.4
      vertex -47.3 -32 2.4
    endloop
  endfacet
  facet normal 0 0 1
    outer loop
      vertex -47.3 -32 2.4
      vertex -29.6274 -5.72805 2.4
      vertex -30.2002 -5.93303 2.4
    endloop
  endfacet
  facet normal 0 0 1
    outer loop
      vertex -47.3 -32 2.4
      vertex -30.2002 -5.93303 2.4
      vertex -30.7904 -6.08087 2.4
    endloop
  endfacet
  facet normal 0 0 1
    outer loop
      vertex -47.3 -32 2.4
      vertex -30.7904 -6.08087 2.4
      vertex -31.3923 -6.17015 2.4
    endloop
  endfacet
  facet normal 0 0 1
    outer loop
      vertex -47.3 -32 2.4
      vertex -31.3923 -6.17015 2.4
      vertex -32 -6.2 2.4
    endloop
  endfacet
  facet normal 0 0 1
    outer loop
      vertex -47.3 -32 2.4
      vertex -32 -6.2 2.4
      vertex -32.6077 -6.17015 2.4
    endloop
  endfacet
  facet normal 0 0 1
    outer loop
      vertex -47.3 -32 2.4
      vertex -32.6077 -6.17015 2.4
      vertex -33.2096 -6.08087 2.4
    endloop
  endfacet
  facet normal 0 0 1
    outer loop
      vertex -47.3 -32 2.4
      vertex -33.2096 -6.08087 2.4
      vertex -33.7998 -5.93303 2.4
    endloop
  endfacet
  facet normal 0 0 1
    outer loop
      vertex -47.3 -32 2.4
      vertex -33.7998 -5.93303 2.4
      vertex -34.3726 -5.72805 2.4
    endloop
  endfacet
  facet normal -0 0 1
    outer loop
      vertex -48.3494 30.4294 2.4
      vertex -34.9227 5.46791 2.4
      vertex -48.1986 30.5007 2.4
    endloop
  endfacet
  facet normal 0 0 1
    outer loop
      vertex -38.2 0 2.4
      vertex -47.3 -32 2.4
      vertex -38.1701 -0.607706 2.4
    endloop
  endfacet
  facet normal 0 0 1
    outer loop
      vertex -38.1701 -0.607706 2.4
      vertex -47.3 -32 2.4
      vertex -38.0809 -1.20956 2.4
    endloop
  endfacet
  facet normal 0 0 1
    outer loop
      vertex -38.0809 -1.20956 2.4
      vertex -47.3 -32 2.4
      vertex -37.933 -1.79976 2.4
    endloop
  endfacet
  facet normal 0 0 1
    outer loop
      vertex -47.3 -32 2.4
      vertex -37.7281 -2.37264 2.4
      vertex -37.933 -1.79976 2.4
    endloop
  endfacet
  facet normal 0 0 1
    outer loop
      vertex -47.3 -32 2.4
      vertex -37.4679 -2.92266 2.4
      vertex -37.7281 -2.37264 2.4
    endloop
  endfacet
  facet normal 0 0 1
    outer loop
      vertex -47.3 -32 2.4
      vertex -37.1551 -3.44454 2.4
      vertex -37.4679 -2.92266 2.4
    endloop
  endfacet
  facet normal 0 0 1
    outer loop
      vertex -47.3 -32 2.4
      vertex -36.7927 -3.93324 2.4
      vertex -37.1551 -3.44454 2.4
    endloop
  endfacet
  facet normal 0 0 1
    outer loop
      vertex -47.3 -32 2.4
      vertex -36.3841 -4.38406 2.4
      vertex -36.7927 -3.93324 2.4
    endloop
  endfacet
  facet normal 0 0 1
    outer loop
      vertex -47.3 -32 2.4
      vertex -35.9332 -4.79266 2.4
      vertex -36.3841 -4.38406 2.4
    endloop
  endfacet
  facet normal 0 0 1
    outer loop
      vertex -47.3 -32 2.4
      vertex -35.4445 -5.15511 2.4
      vertex -35.9332 -4.79266 2.4
    endloop
  endfacet
  facet normal 0 0 1
    outer loop
      vertex -47.3 -32 2.4
      vertex -34.9227 -5.46791 2.4
      vertex -35.4445 -5.15511 2.4
    endloop
  endfacet
  facet normal 0 0 1
    outer loop
      vertex -47.3 -32 2.4
      vertex -34.3726 -5.72805 2.4
      vertex -34.9227 -5.46791 2.4
    endloop
  endfacet
  facet normal 0 0 1
    outer loop
      vertex -11.7998 -5.93303 2.4
      vertex -47.3 -32 2.4
      vertex -47.3082 -32.1666 2.4
    endloop
  endfacet
  facet normal 0 0 1
    outer loop
      vertex -11.2096 -6.08087 2.4
      vertex -47.3082 -32.1666 2.4
      vertex -47.3327 -32.3317 2.4
    endloop
  endfacet
  facet normal 0 0 1
    outer loop
      vertex -10.6077 -6.17015 2.4
      vertex -47.3327 -32.3317 2.4
      vertex -47.3732 -32.4935 2.4
    endloop
  endfacet
  facet normal 0 0 1
    outer loop
      vertex -10 -6.2 2.4
      vertex -47.3732 -32.4935 2.4
      vertex -47.4294 -32.6506 2.4
    endloop
  endfacet
  facet normal 0 0 1
    outer loop
      vertex -9.39229 -6.17015 2.4
      vertex -47.4294 -32.6506 2.4
      vertex -47.5007 -32.8014 2.4
    endloop
  endfacet
  facet normal 0 0 1
    outer loop
      vertex -9.39229 -6.17015 2.4
      vertex -47.5007 -32.8014 2.4
      vertex -50 -38 2.4
    endloop
  endfacet
  facet normal 0 0 1
    outer loop
      vertex -50 -38 2.4
      vertex -47.5007 -32.8014 2.4
      vertex -47.5865 -32.9445 2.4
    endloop
  endfacet
  facet normal 0 0 1
    outer loop
      vertex -50 -38 2.4
      vertex -47.5865 -32.9445 2.4
      vertex -47.6859 -33.0785 2.4
    endloop
  endfacet
  facet normal 0 0 1
    outer loop
      vertex -50 -38 2.4
      vertex -47.6859 -33.0785 2.4
      vertex -47.7979 -33.2021 2.4
    endloop
  endfacet
  facet normal 0 0 1
    outer loop
      vertex -50 -38 2.4
      vertex -47.7979 -33.2021 2.4
      vertex -47.9215 -33.3141 2.4
    endloop
  endfacet
  facet normal 0 0 1
    outer loop
      vertex -50 -38 2.4
      vertex -47.9215 -33.3141 2.4
      vertex -48.0555 -33.4135 2.4
    endloop
  endfacet
  facet normal 0 0 1
    outer loop
      vertex -50 -38 2.4
      vertex -48.0555 -33.4135 2.4
      vertex -48.1986 -33.4993 2.4
    endloop
  endfacet
  facet normal 0 0 1
    outer loop
      vertex -50 -38 2.4
      vertex -48.1986 -33.4993 2.4
      vertex -48.3494 -33.5706 2.4
    endloop
  endfacet
  facet normal 0 0 1
    outer loop
      vertex -50 -38 2.4
      vertex -48.3494 -33.5706 2.4
      vertex -48.5065 -33.6268 2.4
    endloop
  endfacet
  facet normal 0 0 1
    outer loop
      vertex -50 -38 2.4
      vertex -48.5065 -33.6268 2.4
      vertex -48.6683 -33.6673 2.4
    endloop
  endfacet
  facet normal 0 0 1
    outer loop
      vertex -50 -38 2.4
      vertex -48.6683 -33.6673 2.4
      vertex -48.8334 -33.6918 2.4
    endloop
  endfacet
  facet normal 0 0 1
    outer loop
      vertex -50 -38 2.4
      vertex -48.8334 -33.6918 2.4
      vertex -49 -33.7 2.4
    endloop
  endfacet
  facet normal 0 0 1
    outer loop
      vertex -8.79044 -6.08087 2.4
      vertex -50 -38 2.4
      vertex 50 -38 2.4
    endloop
  endfacet
  facet normal 0 0 1
    outer loop
      vertex -49.1666 -33.6918 2.4
      vertex -50 -38 2.4
      vertex -49 -33.7 2.4
    endloop
  endfacet
  facet normal 0 0 1
    outer loop
      vertex -49.3317 -33.6673 2.4
      vertex -50 -38 2.4
      vertex -49.1666 -33.6918 2.4
    endloop
  endfacet
  facet normal 0 0 1
    outer loop
      vertex -49.4935 -33.6268 2.4
      vertex -50 -38 2.4
      vertex -49.3317 -33.6673 2.4
    endloop
  endfacet
  facet normal 0 0 1
    outer loop
      vertex -50.4901 -37.9759 2.4
      vertex -49.4935 -33.6268 2.4
      vertex -49.6506 -33.5706 2.4
    endloop
  endfacet
  facet normal 0 0 1
    outer loop
      vertex -51.4514 -37.7847 2.4
      vertex -49.6506 -33.5706 2.4
      vertex -49.8014 -33.4993 2.4
    endloop
  endfacet
  facet normal 0 0 1
    outer loop
      vertex -51.9134 -37.6194 2.4
      vertex -49.8014 -33.4993 2.4
      vertex -49.9445 -33.4135 2.4
    endloop
  endfacet
  facet normal 0 0 1
    outer loop
      vertex -52.7779 -37.1573 2.4
      vertex -49.9445 -33.4135 2.4
      vertex -50.0785 -33.3141 2.4
    endloop
  endfacet
  facet normal 0 0 1
    outer loop
      vertex -53.172 -36.8651 2.4
      vertex -50.0785 -33.3141 2.4
      vertex -50.2021 -33.2021 2.4
    endloop
  endfacet
  facet normal 0 0 1
    outer loop
      vertex -53.8651 -36.172 2.4
      vertex -50.2021 -33.2021 2.4
      vertex -50.3141 -33.0785 2.4
    endloop
  endfacet
  facet normal 0 0 1
    outer loop
      vertex -54.1573 -35.7779 2.4
      vertex -50.3141 -33.0785 2.4
      vertex -50.4135 -32.9445 2.4
    endloop
  endfacet
  facet normal 0 0 1
    outer loop
      vertex -49.4935 -33.6268 2.4
      vertex -50.4901 -37.9759 2.4
      vertex -50 -38 2.4
    endloop
  endfacet
  facet normal 0 0 1
    outer loop
      vertex -54.6194 -34.9134 2.4
      vertex -50.4135 -32.9445 2.4
      vertex -50.4993 -32.8014 2.4
    endloop
  endfacet
  facet normal 0 0 1
    outer loop
      vertex -54.7847 -34.4514 2.4
      vertex -50.4993 -32.8014 2.4
      vertex -50.5706 -32.6506 2.4
    endloop
  endfacet
  facet normal 0 0 1
    outer loop
      vertex -54.9759 -33.4901 2.4
      vertex -50.5706 -32.6506 2.4
      vertex -50.6268 -32.4935 2.4
    endloop
  endfacet
  facet normal 0 0 1
    outer loop
      vertex -55 -33 2.4
      vertex -50.6268 -32.4935 2.4
      vertex -50.6673 -32.3317 2.4
    endloop
  endfacet
  facet normal 0 0 1
    outer loop
      vertex -55 -33 2.4
      vertex -50.6673 -32.3317 2.4
      vertex -50.6918 -32.1666 2.4
    endloop
  endfacet
  facet normal 0 0 1
    outer loop
      vertex -55 -33 2.4
      vertex -50.6918 -32.1666 2.4
      vertex -50.7 -32 2.4
    endloop
  endfacet
  facet normal 0 0 1
    outer loop
      vertex -49.6506 -33.5706 2.4
      vertex -50.9755 -37.9039 2.4
      vertex -50.4901 -37.9759 2.4
    endloop
  endfacet
  facet normal 0 0 1
    outer loop
      vertex -50.6673 -31.6683 2.4
      vertex -55 -33 2.4
      vertex -50.6918 -31.8334 2.4
    endloop
  endfacet
  facet normal 0 0 1
    outer loop
      vertex -50.3141 33.0785 2.4
      vertex -54.1573 35.7779 2.4
      vertex -50.4135 32.9445 2.4
    endloop
  endfacet
  facet normal 0 0 1
    outer loop
      vertex -50.6918 -31.8334 2.4
      vertex -55 -33 2.4
      vertex -50.7 -32 2.4
    endloop
  endfacet
  facet normal -0 0 1
    outer loop
      vertex -54.4096 35.357 2.4
      vertex -50.4135 32.9445 2.4
      vertex -54.1573 35.7779 2.4
    endloop
  endfacet
  facet normal 0 0 1
    outer loop
      vertex -50.6268 -32.4935 2.4
      vertex -55 -33 2.4
      vertex -54.9759 -33.4901 2.4
    endloop
  endfacet
  facet normal -0 0 1
    outer loop
      vertex -54.6194 34.9134 2.4
      vertex -50.4135 32.9445 2.4
      vertex -54.4096 35.357 2.4
    endloop
  endfacet
  facet normal 0 0 1
    outer loop
      vertex -49.6506 -33.5706 2.4
      vertex -51.4514 -37.7847 2.4
      vertex -50.9755 -37.9039 2.4
    endloop
  endfacet
  facet normal 0 0 1
    outer loop
      vertex -50.4135 32.9445 2.4
      vertex -54.6194 34.9134 2.4
      vertex -50.4993 32.8014 2.4
    endloop
  endfacet
  facet normal 0 0 1
    outer loop
      vertex -49.8014 -33.4993 2.4
      vertex -51.9134 -37.6194 2.4
      vertex -51.4514 -37.7847 2.4
    endloop
  endfacet
  facet normal -0 0 1
    outer loop
      vertex -54.7847 34.4514 2.4
      vertex -50.4993 32.8014 2.4
      vertex -54.6194 34.9134 2.4
    endloop
  endfacet
  facet normal 0 0 1
    outer loop
      vertex -49.9445 -33.4135 2.4
      vertex -52.357 -37.4096 2.4
      vertex -51.9134 -37.6194 2.4
    endloop
  endfacet
  facet normal 0 0 1
    outer loop
      vertex -50.4993 32.8014 2.4
      vertex -54.7847 34.4514 2.4
      vertex -50.5706 32.6506 2.4
    endloop
  endfacet
  facet normal 0 0 1
    outer loop
      vertex -49.9445 -33.4135 2.4
      vertex -52.7779 -37.1573 2.4
      vertex -52.357 -37.4096 2.4
    endloop
  endfacet
  facet normal -0 0 1
    outer loop
      vertex -54.9039 33.9755 2.4
      vertex -50.5706 32.6506 2.4
      vertex -54.7847 34.4514 2.4
    endloop
  endfacet
  facet normal 0 0 1
    outer loop
      vertex -50.0785 -33.3141 2.4
      vertex -53.172 -36.8651 2.4
      vertex -52.7779 -37.1573 2.4
    endloop
  endfacet
  facet normal -0 0 1
    outer loop
      vertex -54.9759 33.4901 2.4
      vertex -50.5706 32.6506 2.4
      vertex -54.9039 33.9755 2.4
    endloop
  endfacet
  facet normal 0 0 1
    outer loop
      vertex -50.2021 -33.2021 2.4
      vertex -53.5355 -36.5355 2.4
      vertex -53.172 -36.8651 2.4
    endloop
  endfacet
  facet normal 0 0 1
    outer loop
      vertex -50.5706 32.6506 2.4
      vertex -54.9759 33.4901 2.4
      vertex -50.6268 32.4935 2.4
    endloop
  endfacet
  facet normal 0 0 1
    outer loop
      vertex -50.2021 -33.2021 2.4
      vertex -53.8651 -36.172 2.4
      vertex -53.5355 -36.5355 2.4
    endloop
  endfacet
  facet normal -0 0 1
    outer loop
      vertex -55 33 2.4
      vertex -50.6268 32.4935 2.4
      vertex -54.9759 33.4901 2.4
    endloop
  endfacet
  facet normal 0 0 1
    outer loop
      vertex -50.3141 -33.0785 2.4
      vertex -54.1573 -35.7779 2.4
      vertex -53.8651 -36.172 2.4
    endloop
  endfacet
  facet normal 0 0 1
    outer loop
      vertex -50.6268 32.4935 2.4
      vertex -55 33 2.4
      vertex -50.6673 32.3317 2.4
    endloop
  endfacet
  facet normal 0 0 1
    outer loop
      vertex -50.4135 -32.9445 2.4
      vertex -54.4096 -35.357 2.4
      vertex -54.1573 -35.7779 2.4
    endloop
  endfacet
  facet normal 0 0 1
    outer loop
      vertex -50.6673 32.3317 2.4
      vertex -55 33 2.4
      vertex -50.6918 32.1666 2.4
    endloop
  endfacet
  facet normal 0 0 1
    outer loop
      vertex -50.4135 -32.9445 2.4
      vertex -54.6194 -34.9134 2.4
      vertex -54.4096 -35.357 2.4
    endloop
  endfacet
  facet normal 0 0 1
    outer loop
      vertex -50.6918 32.1666 2.4
      vertex -55 33 2.4
      vertex -50.7 32 2.4
    endloop
  endfacet
  facet normal 0 0 1
    outer loop
      vertex -50.4993 -32.8014 2.4
      vertex -54.7847 -34.4514 2.4
      vertex -54.6194 -34.9134 2.4
    endloop
  endfacet
  facet normal 0 0 1
    outer loop
      vertex -50.5706 -32.6506 2.4
      vertex -54.9039 -33.9755 2.4
      vertex -54.7847 -34.4514 2.4
    endloop
  endfacet
  facet normal 0 0 1
    outer loop
      vertex -50.5706 -32.6506 2.4
      vertex -54.9759 -33.4901 2.4
      vertex -54.9039 -33.9755 2.4
    endloop
  endfacet
  facet normal 0 0 1
    outer loop
      vertex 49.1666 -30.3082 2.4
      vertex 34.4 -1.3 2.4
      vertex 49 -30.3 2.4
    endloop
  endfacet
  facet normal 0 0 1
    outer loop
      vertex 49 -30.3 2.4
      vertex 34.4 -1.3 2.4
      vertex 48.8334 -30.3082 2.4
    endloop
  endfacet
  facet normal 0 0 1
    outer loop
      vertex 48.8334 -30.3082 2.4
      vertex 34.4 -1.3 2.4
      vertex 48.6683 -30.3327 2.4
    endloop
  endfacet
  facet normal 0 0 1
    outer loop
      vertex 48.6683 -30.3327 2.4
      vertex 34.4 -1.3 2.4
      vertex 48.5065 -30.3732 2.4
    endloop
  endfacet
  facet normal 0 0 1
    outer loop
      vertex 48.5065 -30.3732 2.4
      vertex 34.4 -1.3 2.4
      vertex 48.3494 -30.4294 2.4
    endloop
  endfacet
  facet normal 0 0 1
    outer loop
      vertex 48.3494 -30.4294 2.4
      vertex 34.4 -1.3 2.4
      vertex 48.1986 -30.5007 2.4
    endloop
  endfacet
  facet normal 0 0 1
    outer loop
      vertex 48.1986 -30.5007 2.4
      vertex 34.4 -1.3 2.4
      vertex 48.0555 -30.5865 2.4
    endloop
  endfacet
  facet normal 0 0 1
    outer loop
      vertex 48.0555 -30.5865 2.4
      vertex 34.4 -1.3 2.4
      vertex 47.9215 -30.6859 2.4
    endloop
  endfacet
  facet normal 0 0 1
    outer loop
      vertex 47.9215 -30.6859 2.4
      vertex 34.4 -1.3 2.4
      vertex 47.7979 -30.7979 2.4
    endloop
  endfacet
  facet normal -0 0 1
    outer loop
      vertex 26.7442 -3.26311 2.4
      vertex 47.7979 -30.7979 2.4
      vertex 34.4 -1.3 2.4
    endloop
  endfacet
  facet normal 0 0 1
    outer loop
      vertex 47.7979 -30.7979 2.4
      vertex 26.7442 -3.26311 2.4
      vertex 47.6859 -30.9215 2.4
    endloop
  endfacet
  facet normal -0 0 1
    outer loop
      vertex 26.4159 -3.41835 2.4
      vertex 47.6859 -30.9215 2.4
      vertex 26.7442 -3.26311 2.4
    endloop
  endfacet
  facet normal 0.80329 -0.595588 0
    outer loop
      vertex 53.8651 -36.172 2.4
      vertex 54.1573 -35.7779 0
      vertex 54.1573 -35.7779 2.4
    endloop
  endfacet
  facet normal 0.80329 -0.595588 0
    outer loop
      vertex 54.1573 -35.7779 0
      vertex 53.8651 -36.172 2.4
      vertex 53.8651 -36.172 0
    endloop
  endfacet
  facet normal -0.427543 -0.903995 0
    outer loop
      vertex -52.357 -37.4096 0
      vertex -51.9134 -37.6194 2.4
      vertex -52.357 -37.4096 2.4
    endloop
  endfacet
  facet normal -0.427543 -0.903995 -0
    outer loop
      vertex -51.9134 -37.6194 2.4
      vertex -52.357 -37.4096 0
      vertex -51.9134 -37.6194 0
    endloop
  endfacet
  facet normal -0.514136 -0.857709 0
    outer loop
      vertex -52.7779 -37.1573 0
      vertex -52.357 -37.4096 2.4
      vertex -52.7779 -37.1573 2.4
    endloop
  endfacet
  facet normal -0.514136 -0.857709 -0
    outer loop
      vertex -52.357 -37.4096 2.4
      vertex -52.7779 -37.1573 0
      vertex -52.357 -37.4096 0
    endloop
  endfacet
  facet normal -0 0 -1
    outer loop
      vertex -50 -29.0693 0
      vertex -50.1863 -29.136 0
      vertex -50 -22 0
    endloop
  endfacet
  facet normal 0 0 -1
    outer loop
      vertex -8.79044 -6.08087 0
      vertex -10 -22 0
      vertex -9.39229 -6.17015 0
    endloop
  endfacet
  facet normal 0 0 -1
    outer loop
      vertex -10 -22 0
      vertex -10 -6.2 0
      vertex -9.39229 -6.17015 0
    endloop
  endfacet
  facet normal 0 0 -1
    outer loop
      vertex -10 -22 0
      vertex -10.6077 -6.17015 0
      vertex -10 -6.2 0
    endloop
  endfacet
  facet normal 0 0 -1
    outer loop
      vertex -10 -22 0
      vertex -11.2096 -6.08087 0
      vertex -10.6077 -6.17015 0
    endloop
  endfacet
  facet normal 0 0 -1
    outer loop
      vertex -10 -22 0
      vertex -11.7998 -5.93303 0
      vertex -11.2096 -6.08087 0
    endloop
  endfacet
  facet normal 0 0 -1
    outer loop
      vertex -10 -22 0
      vertex -12.3726 -5.72805 0
      vertex -11.7998 -5.93303 0
    endloop
  endfacet
  facet normal 0 0 -1
    outer loop
      vertex -10 -22 0
      vertex -12.9227 -5.46791 0
      vertex -12.3726 -5.72805 0
    endloop
  endfacet
  facet normal 0 0 -1
    outer loop
      vertex -10 -22 0
      vertex -13.4445 -5.15511 0
      vertex -12.9227 -5.46791 0
    endloop
  endfacet
  facet normal 0 0 -1
    outer loop
      vertex -28.5555 -5.15511 0
      vertex -13.4445 -5.15511 0
      vertex -10 -22 0
    endloop
  endfacet
  facet normal 0 0 -1
    outer loop
      vertex -13.4445 -5.15511 0
      vertex -28.5555 -5.15511 0
      vertex -13.9332 -4.79266 0
    endloop
  endfacet
  facet normal 0 -0 -1
    outer loop
      vertex -28.0668 -4.79266 0
      vertex -13.9332 -4.79266 0
      vertex -28.5555 -5.15511 0
    endloop
  endfacet
  facet normal 0 -0 -1
    outer loop
      vertex -27.6159 -4.38406 0
      vertex -14.3841 -4.38406 0
      vertex -28.0668 -4.79266 0
    endloop
  endfacet
  facet normal 0 0 -1
    outer loop
      vertex -14.3841 -4.38406 0
      vertex -27.6159 -4.38406 0
      vertex -14.7927 -3.93324 0
    endloop
  endfacet
  facet normal 0 -0 -1
    outer loop
      vertex -27.2073 -3.93324 0
      vertex -14.7927 -3.93324 0
      vertex -27.6159 -4.38406 0
    endloop
  endfacet
  facet normal 0 0 -1
    outer loop
      vertex -14.7927 -3.93324 0
      vertex -27.2073 -3.93324 0
      vertex -15.1551 -3.44454 0
    endloop
  endfacet
  facet normal 0 0 -1
    outer loop
      vertex -16.1701 -0.607706 0
      vertex -25.8 0 0
      vertex -16.2 0 0
    endloop
  endfacet
  facet normal 0 0 -1
    outer loop
      vertex -25.8299 -0.607706 0
      vertex -16.1701 -0.607706 0
      vertex -16.0809 -1.20956 0
    endloop
  endfacet
  facet normal 0 0 -1
    outer loop
      vertex -25.9191 -1.20956 0
      vertex -16.0809 -1.20956 0
      vertex -15.933 -1.79976 0
    endloop
  endfacet
  facet normal 0 0 -1
    outer loop
      vertex -15.1551 -3.44454 0
      vertex -26.8449 -3.44454 0
      vertex -15.4679 -2.92266 0
    endloop
  endfacet
  facet normal 0 0 -1
    outer loop
      vertex -16.1701 -0.607706 0
      vertex -25.8299 -0.607706 0
      vertex -25.8 0 0
    endloop
  endfacet
  facet normal 0 0 -1
    outer loop
      vertex -16.0809 -1.20956 0
      vertex -25.9191 -1.20956 0
      vertex -25.8299 -0.607706 0
    endloop
  endfacet
  facet normal 0 0 -1
    outer loop
      vertex -15.933 -1.79976 0
      vertex -26.067 -1.79976 0
      vertex -25.9191 -1.20956 0
    endloop
  endfacet
  facet normal -0 0 -1
    outer loop
      vertex -15.933 -1.79976 0
      vertex -26.2719 -2.37264 0
      vertex -26.067 -1.79976 0
    endloop
  endfacet
  facet normal 0 0 -1
    outer loop
      vertex -15.7281 -2.37264 0
      vertex -26.2719 -2.37264 0
      vertex -15.933 -1.79976 0
    endloop
  endfacet
  facet normal 0 -0 -1
    outer loop
      vertex -26.2719 -2.37264 0
      vertex -15.7281 -2.37264 0
      vertex -26.5321 -2.92266 0
    endloop
  endfacet
  facet normal 0 0 -1
    outer loop
      vertex -15.4679 -2.92266 0
      vertex -26.5321 -2.92266 0
      vertex -15.7281 -2.37264 0
    endloop
  endfacet
  facet normal 0 -0 -1
    outer loop
      vertex -26.5321 -2.92266 0
      vertex -15.4679 -2.92266 0
      vertex -26.8449 -3.44454 0
    endloop
  endfacet
  facet normal 0 -0 -1
    outer loop
      vertex -26.8449 -3.44454 0
      vertex -15.1551 -3.44454 0
      vertex -27.2073 -3.93324 0
    endloop
  endfacet
  facet normal 0 0 -1
    outer loop
      vertex -13.9332 -4.79266 0
      vertex -28.0668 -4.79266 0
      vertex -14.3841 -4.38406 0
    endloop
  endfacet
  facet normal 0 0 -1
    outer loop
      vertex -10 -22 0
      vertex -29.0773 -5.46791 0
      vertex -28.5555 -5.15511 0
    endloop
  endfacet
  facet normal 0 0 -1
    outer loop
      vertex -10 -22 0
      vertex -29.6274 -5.72805 0
      vertex -29.0773 -5.46791 0
    endloop
  endfacet
  facet normal 0 0 -1
    outer loop
      vertex -10 -22 0
      vertex -30.2002 -5.93303 0
      vertex -29.6274 -5.72805 0
    endloop
  endfacet
  facet normal 0 0 -1
    outer loop
      vertex -10 -22 0
      vertex -30.7904 -6.08087 0
      vertex -30.2002 -5.93303 0
    endloop
  endfacet
  facet normal 0 0 -1
    outer loop
      vertex -10 -22 0
      vertex -31.3923 -6.17015 0
      vertex -30.7904 -6.08087 0
    endloop
  endfacet
  facet normal 0 0 -1
    outer loop
      vertex -50 -22 0
      vertex -31.3923 -6.17015 0
      vertex -10 -22 0
    endloop
  endfacet
  facet normal 0 0 -1
    outer loop
      vertex -31.3923 -6.17015 0
      vertex -50 -22 0
      vertex -32 -6.2 0
    endloop
  endfacet
  facet normal -0 0 -1
    outer loop
      vertex -32 -6.2 0
      vertex -50 -22 0
      vertex -32.6077 -6.17015 0
    endloop
  endfacet
  facet normal -0 0 -1
    outer loop
      vertex -32.6077 -6.17015 0
      vertex -50 -22 0
      vertex -33.2096 -6.08087 0
    endloop
  endfacet
  facet normal -0 0 -1
    outer loop
      vertex -33.2096 -6.08087 0
      vertex -50 -22 0
      vertex -33.7998 -5.93303 0
    endloop
  endfacet
  facet normal -0 0 -1
    outer loop
      vertex -33.7998 -5.93303 0
      vertex -50 -22 0
      vertex -34.3726 -5.72805 0
    endloop
  endfacet
  facet normal -0 0 -1
    outer loop
      vertex -34.3726 -5.72805 0
      vertex -50 -22 0
      vertex -34.9227 -5.46791 0
    endloop
  endfacet
  facet normal 0 0 -1
    outer loop
      vertex -50 -22 0
      vertex -38.2 0 0
      vertex -38.1701 -0.607706 0
    endloop
  endfacet
  facet normal 0 0 -1
    outer loop
      vertex -50 -22 0
      vertex -38.1701 -0.607706 0
      vertex -38.0809 -1.20956 0
    endloop
  endfacet
  facet normal 0 0 -1
    outer loop
      vertex -38.2 0 0
      vertex -45.9149 31.6961 0
      vertex -45.9 32 0
    endloop
  endfacet
  facet normal 0 0 -1
    outer loop
      vertex -38.2 0 0
      vertex -45.9596 31.3952 0
      vertex -45.9149 31.6961 0
    endloop
  endfacet
  facet normal 0 0 -1
    outer loop
      vertex -38.2 0 0
      vertex -46.0335 31.1001 0
      vertex -45.9596 31.3952 0
    endloop
  endfacet
  facet normal 0 0 -1
    outer loop
      vertex -38.2 0 0
      vertex -46.136 30.8137 0
      vertex -46.0335 31.1001 0
    endloop
  endfacet
  facet normal 0 0 -1
    outer loop
      vertex -50 -22 0
      vertex -38.0809 -1.20956 0
      vertex -37.933 -1.79976 0
    endloop
  endfacet
  facet normal 0 0 -1
    outer loop
      vertex -38.2 0 0
      vertex -46.266 30.5387 0
      vertex -46.136 30.8137 0
    endloop
  endfacet
  facet normal 0 0 -1
    outer loop
      vertex -38.2 0 0
      vertex -46.4224 30.2777 0
      vertex -46.266 30.5387 0
    endloop
  endfacet
  facet normal 0 0 -1
    outer loop
      vertex -38.2 0 0
      vertex -46.6037 30.0334 0
      vertex -46.4224 30.2777 0
    endloop
  endfacet
  facet normal 0 0 -1
    outer loop
      vertex -38.2 0 0
      vertex -46.808 29.808 0
      vertex -46.6037 30.0334 0
    endloop
  endfacet
  facet normal 0 0 -1
    outer loop
      vertex -38.2 0 0
      vertex -47.0334 29.6037 0
      vertex -46.808 29.808 0
    endloop
  endfacet
  facet normal 0 0 -1
    outer loop
      vertex -38.2 0 0
      vertex -47.2777 29.4224 0
      vertex -47.0334 29.6037 0
    endloop
  endfacet
  facet normal 0 0 -1
    outer loop
      vertex -38.2 0 0
      vertex -47.5387 29.266 0
      vertex -47.2777 29.4224 0
    endloop
  endfacet
  facet normal 0 0 -1
    outer loop
      vertex -38.2 0 0
      vertex -47.8137 29.136 0
      vertex -47.5387 29.266 0
    endloop
  endfacet
  facet normal 0 0 -1
    outer loop
      vertex -38.2 0 0
      vertex -48.1001 29.0335 0
      vertex -47.8137 29.136 0
    endloop
  endfacet
  facet normal 0 0 -1
    outer loop
      vertex -38.2 0 0
      vertex -48.3952 28.9596 0
      vertex -48.1001 29.0335 0
    endloop
  endfacet
  facet normal 0 0 -1
    outer loop
      vertex -38.2 0 0
      vertex -48.6961 28.9149 0
      vertex -48.3952 28.9596 0
    endloop
  endfacet
  facet normal 0 0 -1
    outer loop
      vertex -38.2 0 0
      vertex -49 28.9 0
      vertex -48.6961 28.9149 0
    endloop
  endfacet
  facet normal 0 0 -1
    outer loop
      vertex -50 -22 0
      vertex -37.933 -1.79976 0
      vertex -37.7281 -2.37264 0
    endloop
  endfacet
  facet normal 0 0 -1
    outer loop
      vertex -38.2 0 0
      vertex -49.3039 28.9149 0
      vertex -49 28.9 0
    endloop
  endfacet
  facet normal 0 0 -1
    outer loop
      vertex -38.2 0 0
      vertex -49.6048 28.9596 0
      vertex -49.3039 28.9149 0
    endloop
  endfacet
  facet normal 0 0 -1
    outer loop
      vertex -38.2 0 0
      vertex -49.8999 29.0335 0
      vertex -49.6048 28.9596 0
    endloop
  endfacet
  facet normal -0 0 -1
    outer loop
      vertex -34.9227 -5.46791 0
      vertex -50 -22 0
      vertex -35.4445 -5.15511 0
    endloop
  endfacet
  facet normal 0 0 -1
    outer loop
      vertex -50 -22 0
      vertex -35.9332 -4.79266 0
      vertex -35.4445 -5.15511 0
    endloop
  endfacet
  facet normal 0 0 -1
    outer loop
      vertex -50 -22 0
      vertex -36.3841 -4.38406 0
      vertex -35.9332 -4.79266 0
    endloop
  endfacet
  facet normal 0 0 -1
    outer loop
      vertex -50 -22 0
      vertex -36.7927 -3.93324 0
      vertex -36.3841 -4.38406 0
    endloop
  endfacet
  facet normal 0 0 -1
    outer loop
      vertex -50 -22 0
      vertex -37.1551 -3.44454 0
      vertex -36.7927 -3.93324 0
    endloop
  endfacet
  facet normal 0 0 -1
    outer loop
      vertex -50 -22 0
      vertex -37.4679 -2.92266 0
      vertex -37.1551 -3.44454 0
    endloop
  endfacet
  facet normal 0 0 -1
    outer loop
      vertex -50 -22 0
      vertex -37.7281 -2.37264 0
      vertex -37.4679 -2.92266 0
    endloop
  endfacet
  facet normal -0 0 -1
    outer loop
      vertex -38.2 0 0
      vertex -50 -22 0
      vertex -50.9666 29.6037 0
    endloop
  endfacet
  facet normal 0 0 -1
    outer loop
      vertex -50.4613 -29.266 0
      vertex -50 -22 0
      vertex -50.1863 -29.136 0
    endloop
  endfacet
  facet normal 0 0 -1
    outer loop
      vertex -38.2 0 0
      vertex -50.1863 29.136 0
      vertex -49.8999 29.0335 0
    endloop
  endfacet
  facet normal 0 0 -1
    outer loop
      vertex -50.7223 -29.4224 0
      vertex -50 -22 0
      vertex -50.4613 -29.266 0
    endloop
  endfacet
  facet normal 0 0 -1
    outer loop
      vertex -38.2 0 0
      vertex -50.4613 29.266 0
      vertex -50.1863 29.136 0
    endloop
  endfacet
  facet normal 0 0 -1
    outer loop
      vertex -50.9666 -29.6037 0
      vertex -50 -22 0
      vertex -50.7223 -29.4224 0
    endloop
  endfacet
  facet normal 0 0 -1
    outer loop
      vertex -38.2 0 0
      vertex -50.7223 29.4224 0
      vertex -50.4613 29.266 0
    endloop
  endfacet
  facet normal 0 0 -1
    outer loop
      vertex -51.192 -29.808 0
      vertex -50 -22 0
      vertex -50.9666 -29.6037 0
    endloop
  endfacet
  facet normal 0 0 -1
    outer loop
      vertex -38.2 0 0
      vertex -50.9666 29.6037 0
      vertex -50.7223 29.4224 0
    endloop
  endfacet
  facet normal 0 0 -1
    outer loop
      vertex -51.3963 -30.0334 0
      vertex -50 -22 0
      vertex -51.192 -29.808 0
    endloop
  endfacet
  facet normal 0 0 -1
    outer loop
      vertex -50 -22 0
      vertex -51.192 29.808 0
      vertex -50.9666 29.6037 0
    endloop
  endfacet
  facet normal 0 0 -1
    outer loop
      vertex -50 -22 0
      vertex -51.3963 -30.0334 0
      vertex -55 -33 0
    endloop
  endfacet
  facet normal 0 0 -1
    outer loop
      vertex -55 33 0
      vertex -50 -22 0
      vertex -55 -33 0
    endloop
  endfacet
  facet normal 0 0 -1
    outer loop
      vertex -55 -33 0
      vertex -51.3963 -30.0334 0
      vertex -51.5776 -30.2777 0
    endloop
  endfacet
  facet normal 0 0 -1
    outer loop
      vertex -50 -22 0
      vertex -55 33 0
      vertex -51.192 29.808 0
    endloop
  endfacet
  facet normal 0 0 -1
    outer loop
      vertex -55 -33 0
      vertex -51.5776 -30.2777 0
      vertex -51.734 -30.5387 0
    endloop
  endfacet
  facet normal 0 0 -1
    outer loop
      vertex -51.192 29.808 0
      vertex -55 33 0
      vertex -51.3963 30.0334 0
    endloop
  endfacet
  facet normal 0 0 -1
    outer loop
      vertex -55 -33 0
      vertex -51.734 -30.5387 0
      vertex -51.864 -30.8137 0
    endloop
  endfacet
  facet normal 0 0 -1
    outer loop
      vertex -51.3963 30.0334 0
      vertex -55 33 0
      vertex -51.5776 30.2777 0
    endloop
  endfacet
  facet normal 0 0 -1
    outer loop
      vertex -55 -33 0
      vertex -51.864 -30.8137 0
      vertex -51.9665 -31.1001 0
    endloop
  endfacet
  facet normal 0 0 -1
    outer loop
      vertex -51.5776 30.2777 0
      vertex -55 33 0
      vertex -51.734 30.5387 0
    endloop
  endfacet
  facet normal 0 0 -1
    outer loop
      vertex -55 -33 0
      vertex -51.9665 -31.1001 0
      vertex -52.0404 -31.3952 0
    endloop
  endfacet
  facet normal 0 0 -1
    outer loop
      vertex -51.734 30.5387 0
      vertex -55 33 0
      vertex -51.864 30.8137 0
    endloop
  endfacet
  facet normal 0 0 -1
    outer loop
      vertex -55 -33 0
      vertex -52.0404 -31.3952 0
      vertex -52.0851 -31.6961 0
    endloop
  endfacet
  facet normal 0 0 -1
    outer loop
      vertex -51.864 30.8137 0
      vertex -55 33 0
      vertex -51.9665 31.1001 0
    endloop
  endfacet
  facet normal 0 0 -1
    outer loop
      vertex -55 -33 0
      vertex -52.0851 -31.6961 0
      vertex -52.1 -32 0
    endloop
  endfacet
  facet normal 0 0 -1
    outer loop
      vertex -51.9665 31.1001 0
      vertex -55 33 0
      vertex -52.0404 31.3952 0
    endloop
  endfacet
  facet normal 0 0 -1
    outer loop
      vertex -45.9149 -31.6961 0
      vertex -10 -30 0
      vertex -45.9 -32 0
    endloop
  endfacet
  facet normal 0 0 -1
    outer loop
      vertex -45.9596 -31.3952 0
      vertex -10 -30 0
      vertex -45.9149 -31.6961 0
    endloop
  endfacet
  facet normal 0 0 -1
    outer loop
      vertex -46.0335 -31.1001 0
      vertex -10 -30 0
      vertex -45.9596 -31.3952 0
    endloop
  endfacet
  facet normal 0 0 -1
    outer loop
      vertex -46.136 -30.8137 0
      vertex -10 -30 0
      vertex -46.0335 -31.1001 0
    endloop
  endfacet
  facet normal 0 0 -1
    outer loop
      vertex -46.266 -30.5387 0
      vertex -10 -30 0
      vertex -46.136 -30.8137 0
    endloop
  endfacet
  facet normal 0 0 -1
    outer loop
      vertex -46.4224 -30.2777 0
      vertex -10 -30 0
      vertex -46.266 -30.5387 0
    endloop
  endfacet
  facet normal 0 0 -1
    outer loop
      vertex -46.6037 -30.0334 0
      vertex -10 -30 0
      vertex -46.4224 -30.2777 0
    endloop
  endfacet
  facet normal -0 0 -1
    outer loop
      vertex -10 -30 0
      vertex -46.6037 -30.0334 0
      vertex -46.6339 -30 0
    endloop
  endfacet
  facet normal 0 0 -1
    outer loop
      vertex 51.9665 -31.1001 0
      vertex 55 -33 0
      vertex 52.0404 -31.3952 0
    endloop
  endfacet
  facet normal 0 0 -1
    outer loop
      vertex 55 33 0
      vertex 52.0851 31.6961 0
      vertex 52.1 32 0
    endloop
  endfacet
  facet normal 0 0 -1
    outer loop
      vertex 51.864 -30.8137 0
      vertex 55 -33 0
      vertex 51.9665 -31.1001 0
    endloop
  endfacet
  facet normal 0 0 -1
    outer loop
      vertex 55 33 0
      vertex 52.0404 31.3952 0
      vertex 52.0851 31.6961 0
    endloop
  endfacet
  facet normal 0 0 -1
    outer loop
      vertex 51.734 -30.5387 0
      vertex 55 -33 0
      vertex 51.864 -30.8137 0
    endloop
  endfacet
  facet normal 0 0 -1
    outer loop
      vertex 55 33 0
      vertex 51.9665 31.1001 0
      vertex 52.0404 31.3952 0
    endloop
  endfacet
  facet normal 0 0 -1
    outer loop
      vertex 51.5776 -30.2777 0
      vertex 55 -33 0
      vertex 51.734 -30.5387 0
    endloop
  endfacet
  facet normal 0 0 -1
    outer loop
      vertex 55 33 0
      vertex 51.864 30.8137 0
      vertex 51.9665 31.1001 0
    endloop
  endfacet
  facet normal 0 0 -1
    outer loop
      vertex 51.3963 -30.0334 0
      vertex 55 -33 0
      vertex 51.5776 -30.2777 0
    endloop
  endfacet
  facet normal 0 0 -1
    outer loop
      vertex 55 33 0
      vertex 51.734 30.5387 0
      vertex 51.864 30.8137 0
    endloop
  endfacet
  facet normal 0 0 -1
    outer loop
      vertex 55 -33 0
      vertex 47.4021 21.005 0
      vertex 55 33 0
    endloop
  endfacet
  facet normal 0 -0 -1
    outer loop
      vertex 47.55 21.4928 0
      vertex 55 33 0
      vertex 47.488 21.2453 0
    endloop
  endfacet
  facet normal 0 0 -1
    outer loop
      vertex 51.192 -29.808 0
      vertex 55 -33 0
      vertex 51.3963 -30.0334 0
    endloop
  endfacet
  facet normal 0 0 -1
    outer loop
      vertex 55 33 0
      vertex 51.5776 30.2777 0
      vertex 51.734 30.5387 0
    endloop
  endfacet
  facet normal 0 0 -1
    outer loop
      vertex 55 -33 0
      vertex 51.192 -29.808 0
      vertex 47.1618 20.5555 0
    endloop
  endfacet
  facet normal 0 -0 -1
    outer loop
      vertex 47.5875 21.7452 0
      vertex 55 33 0
      vertex 47.55 21.4928 0
    endloop
  endfacet
  facet normal 0 0 -1
    outer loop
      vertex 47.0098 20.3506 0
      vertex 51.192 -29.808 0
      vertex 50.9666 -29.6037 0
    endloop
  endfacet
  facet normal 0 0 -1
    outer loop
      vertex 55 33 0
      vertex 51.3963 30.0334 0
      vertex 51.5776 30.2777 0
    endloop
  endfacet
  facet normal 0 0 -1
    outer loop
      vertex 46.8385 20.1615 0
      vertex 50.9666 -29.6037 0
      vertex 50.7223 -29.4224 0
    endloop
  endfacet
  facet normal 0 0 -1
    outer loop
      vertex 55 33 0
      vertex 47.5875 21.7452 0
      vertex 51.3963 30.0334 0
    endloop
  endfacet
  facet normal 0 0 -1
    outer loop
      vertex 46.6494 19.9902 0
      vertex 50.7223 -29.4224 0
      vertex 50.4613 -29.266 0
    endloop
  endfacet
  facet normal 0 0 -1
    outer loop
      vertex 51.3963 30.0334 0
      vertex 47.5875 21.7452 0
      vertex 51.192 29.808 0
    endloop
  endfacet
  facet normal 0 0 -1
    outer loop
      vertex 34.4 -1.3 0
      vertex 50.4613 -29.266 0
      vertex 50.1863 -29.136 0
    endloop
  endfacet
  facet normal 0 -0 -1
    outer loop
      vertex 47.6 22 0
      vertex 51.192 29.808 0
      vertex 47.5875 21.7452 0
    endloop
  endfacet
  facet normal 0 0 -1
    outer loop
      vertex 34.4 -1.3 0
      vertex 50.1863 -29.136 0
      vertex 49.8999 -29.0335 0
    endloop
  endfacet
  facet normal 0 0 -1
    outer loop
      vertex 51.192 29.808 0
      vertex 47.6 22 0
      vertex 50.9666 29.6037 0
    endloop
  endfacet
  facet normal 0 0 -1
    outer loop
      vertex 34.4 -1.3 0
      vertex 49.8999 -29.0335 0
      vertex 49.6048 -28.9596 0
    endloop
  endfacet
  facet normal 0 0 -1
    outer loop
      vertex 50.9666 29.6037 0
      vertex 47.5875 22.2548 0
      vertex 50.7223 29.4224 0
    endloop
  endfacet
  facet normal 0 0 -1
    outer loop
      vertex 34.4 -1.3 0
      vertex 49.6048 -28.9596 0
      vertex 49.3039 -28.9149 0
    endloop
  endfacet
  facet normal 0 0 -1
    outer loop
      vertex 47.55 22.5072 0
      vertex 50.7223 29.4224 0
      vertex 47.5875 22.2548 0
    endloop
  endfacet
  facet normal 0 0 -1
    outer loop
      vertex 34.4 -1.3 0
      vertex 49.3039 -28.9149 0
      vertex 49 -28.9 0
    endloop
  endfacet
  facet normal 0 0 -1
    outer loop
      vertex 50.7223 29.4224 0
      vertex 47.55 22.5072 0
      vertex 50.4613 29.266 0
    endloop
  endfacet
  facet normal 0 0 -1
    outer loop
      vertex 34.4 -1.3 0
      vertex 49 -28.9 0
      vertex 48.6961 -28.9149 0
    endloop
  endfacet
  facet normal 0 0 -1
    outer loop
      vertex 47.488 22.7547 0
      vertex 50.4613 29.266 0
      vertex 47.55 22.5072 0
    endloop
  endfacet
  facet normal 0 0 -1
    outer loop
      vertex 34.4 -1.3 0
      vertex 48.6961 -28.9149 0
      vertex 48.3952 -28.9596 0
    endloop
  endfacet
  facet normal 0 0 -1
    outer loop
      vertex 47.4021 22.995 0
      vertex 50.1863 29.136 0
      vertex 47.488 22.7547 0
    endloop
  endfacet
  facet normal 0 0 -1
    outer loop
      vertex 34.4 -1.3 0
      vertex 48.3952 -28.9596 0
      vertex 48.1001 -29.0335 0
    endloop
  endfacet
  facet normal 0 0 -1
    outer loop
      vertex 50.1863 29.136 0
      vertex 47.4021 22.995 0
      vertex 49.8999 29.0335 0
    endloop
  endfacet
  facet normal 0 0 -1
    outer loop
      vertex 34.4 -1.3 0
      vertex 48.1001 -29.0335 0
      vertex 47.8137 -29.136 0
    endloop
  endfacet
  facet normal 0 0 -1
    outer loop
      vertex 47.293 23.2256 0
      vertex 49.8999 29.0335 0
      vertex 47.4021 22.995 0
    endloop
  endfacet
  facet normal 0 0 -1
    outer loop
      vertex 47.1618 23.4445 0
      vertex 49.6048 28.9596 0
      vertex 47.293 23.2256 0
    endloop
  endfacet
  facet normal 0 0 -1
    outer loop
      vertex 49.8999 29.0335 0
      vertex 47.293 23.2256 0
      vertex 49.6048 28.9596 0
    endloop
  endfacet
  facet normal 0 0 -1
    outer loop
      vertex 50.4613 29.266 0
      vertex 47.488 22.7547 0
      vertex 50.1863 29.136 0
    endloop
  endfacet
  facet normal 0 0 -1
    outer loop
      vertex 34.4 -1.3 0
      vertex 47.8137 -29.136 0
      vertex 47.5387 -29.266 0
    endloop
  endfacet
  facet normal 0 0 -1
    outer loop
      vertex 47.5875 22.2548 0
      vertex 50.9666 29.6037 0
      vertex 47.6 22 0
    endloop
  endfacet
  facet normal 0 0 -1
    outer loop
      vertex 55 33 0
      vertex 47.4021 21.005 0
      vertex 47.488 21.2453 0
    endloop
  endfacet
  facet normal 0 0 -1
    outer loop
      vertex 55 -33 0
      vertex 47.293 20.7744 0
      vertex 47.4021 21.005 0
    endloop
  endfacet
  facet normal 0 0 -1
    outer loop
      vertex 34.4 -1.3 0
      vertex 47.5387 -29.266 0
      vertex 47.2777 -29.4224 0
    endloop
  endfacet
  facet normal 0 0 -1
    outer loop
      vertex 55 -33 0
      vertex 47.1618 20.5555 0
      vertex 47.293 20.7744 0
    endloop
  endfacet
  facet normal 0 0 -1
    outer loop
      vertex 34.4 -1.3 0
      vertex 47.2777 -29.4224 0
      vertex 47.0334 -29.6037 0
    endloop
  endfacet
  facet normal 0 0 -1
    outer loop
      vertex 51.192 -29.808 0
      vertex 47.0098 20.3506 0
      vertex 47.1618 20.5555 0
    endloop
  endfacet
  facet normal 0 0 -1
    outer loop
      vertex 50.9666 -29.6037 0
      vertex 46.8385 20.1615 0
      vertex 47.0098 20.3506 0
    endloop
  endfacet
  facet normal 0 0 -1
    outer loop
      vertex 34.4 -1.3 0
      vertex 47.0334 -29.6037 0
      vertex 46.808 -29.808 0
    endloop
  endfacet
  facet normal 0 0 -1
    outer loop
      vertex 50.7223 -29.4224 0
      vertex 46.6494 19.9902 0
      vertex 46.8385 20.1615 0
    endloop
  endfacet
  facet normal 0 0 -1
    outer loop
      vertex 26.7442 -3.26311 0
      vertex 46.808 -29.808 0
      vertex 46.6037 -30.0334 0
    endloop
  endfacet
  facet normal 0 0 -1
    outer loop
      vertex 50.4613 -29.266 0
      vertex 34.4 -1.3 0
      vertex 46.4445 19.8382 0
    endloop
  endfacet
  facet normal 0 0 -1
    outer loop
      vertex 26.4159 -3.41835 0
      vertex 46.6037 -30.0334 0
      vertex 46.4224 -30.2777 0
    endloop
  endfacet
  facet normal 0 0 -1
    outer loop
      vertex 26.0741 -3.54068 0
      vertex 46.4224 -30.2777 0
      vertex 46.266 -30.5387 0
    endloop
  endfacet
  facet normal 0 0 -1
    outer loop
      vertex 50.4613 -29.266 0
      vertex 46.4445 19.8382 0
      vertex 46.6494 19.9902 0
    endloop
  endfacet
  facet normal 0 0 -1
    outer loop
      vertex 25.7218 -3.62891 0
      vertex 46.266 -30.5387 0
      vertex 46.136 -30.8137 0
    endloop
  endfacet
  facet normal 0 0 -1
    outer loop
      vertex 25.3627 -3.68218 0
      vertex 46.136 -30.8137 0
      vertex 46.0335 -31.1001 0
    endloop
  endfacet
  facet normal 0 0 -1
    outer loop
      vertex 46.4445 19.8382 0
      vertex 34.4 -1.3 0
      vertex 46.2256 19.707 0
    endloop
  endfacet
  facet normal 0 0 -1
    outer loop
      vertex 25 -3.7 0
      vertex 46.0335 -31.1001 0
      vertex 45.9596 -31.3952 0
    endloop
  endfacet
  facet normal 0 0 -1
    outer loop
      vertex 24.6373 -3.68218 0
      vertex 45.9596 -31.3952 0
      vertex 45.9149 -31.6961 0
    endloop
  endfacet
  facet normal 0 0 -1
    outer loop
      vertex 24.2782 -3.62891 0
      vertex 45.9149 -31.6961 0
      vertex 45.9 -32 0
    endloop
  endfacet
  facet normal 0 0 -1
    outer loop
      vertex 34.4 1.3 0
      vertex 46.2256 19.707 0
      vertex 34.4 -1.3 0
    endloop
  endfacet
  facet normal 0 0 -1
    outer loop
      vertex 51.9665 -32.8999 0
      vertex 55 -33 0
      vertex 54.9759 -33.4901 0
    endloop
  endfacet
  facet normal 0 0 -1
    outer loop
      vertex 52.0851 -31.6961 0
      vertex 55 -33 0
      vertex 52.1 -32 0
    endloop
  endfacet
  facet normal 0 0 -1
    outer loop
      vertex 51.9665 -32.8999 0
      vertex 54.9759 -33.4901 0
      vertex 54.9039 -33.9755 0
    endloop
  endfacet
  facet normal 0 0 -1
    outer loop
      vertex 52.0404 -31.3952 0
      vertex 55 -33 0
      vertex 52.0851 -31.6961 0
    endloop
  endfacet
  facet normal 0 0 -1
    outer loop
      vertex 51.864 -33.1863 0
      vertex 54.9039 -33.9755 0
      vertex 54.7847 -34.4514 0
    endloop
  endfacet
  facet normal 0 0 -1
    outer loop
      vertex 52.0851 32.3039 0
      vertex 55 33 0
      vertex 52.1 32 0
    endloop
  endfacet
  facet normal 0 0 -1
    outer loop
      vertex 51.734 -33.4613 0
      vertex 54.7847 -34.4514 0
      vertex 54.6194 -34.9134 0
    endloop
  endfacet
  facet normal 0 0 -1
    outer loop
      vertex 52.0404 32.6048 0
      vertex 55 33 0
      vertex 52.0851 32.3039 0
    endloop
  endfacet
  facet normal 0 0 -1
    outer loop
      vertex 51.734 -33.4613 0
      vertex 54.6194 -34.9134 0
      vertex 54.4096 -35.357 0
    endloop
  endfacet
  facet normal 0 0 -1
    outer loop
      vertex 51.9665 32.8999 0
      vertex 55 33 0
      vertex 52.0404 32.6048 0
    endloop
  endfacet
  facet normal 0 0 -1
    outer loop
      vertex 51.5776 -33.7223 0
      vertex 54.4096 -35.357 0
      vertex 54.1573 -35.7779 0
    endloop
  endfacet
  facet normal -0 0 -1
    outer loop
      vertex 55 33 0
      vertex 51.9665 32.8999 0
      vertex 54.9759 33.4901 0
    endloop
  endfacet
  facet normal 0 0 -1
    outer loop
      vertex 51.3963 -33.9666 0
      vertex 54.1573 -35.7779 0
      vertex 53.8651 -36.172 0
    endloop
  endfacet
  facet normal -0 0 -1
    outer loop
      vertex 54.9759 33.4901 0
      vertex 51.9665 32.8999 0
      vertex 54.9039 33.9755 0
    endloop
  endfacet
  facet normal 0 0 -1
    outer loop
      vertex 51.192 -34.192 0
      vertex 53.8651 -36.172 0
      vertex 53.5355 -36.5355 0
    endloop
  endfacet
  facet normal 0 0 -1
    outer loop
      vertex 51.864 33.1863 0
      vertex 54.9039 33.9755 0
      vertex 51.9665 32.8999 0
    endloop
  endfacet
  facet normal 0 0 -1
    outer loop
      vertex 51.192 -34.192 0
      vertex 53.5355 -36.5355 0
      vertex 53.172 -36.8651 0
    endloop
  endfacet
  facet normal -0 0 -1
    outer loop
      vertex 54.9039 33.9755 0
      vertex 51.864 33.1863 0
      vertex 54.7847 34.4514 0
    endloop
  endfacet
  facet normal 0 0 -1
    outer loop
      vertex 50.9666 -34.3963 0
      vertex 53.172 -36.8651 0
      vertex 52.7779 -37.1573 0
    endloop
  endfacet
  facet normal 0 0 -1
    outer loop
      vertex 51.734 33.4613 0
      vertex 54.7847 34.4514 0
      vertex 51.864 33.1863 0
    endloop
  endfacet
  facet normal 0 0 -1
    outer loop
      vertex 50.7223 -34.5776 0
      vertex 52.7779 -37.1573 0
      vertex 52.357 -37.4096 0
    endloop
  endfacet
  facet normal -0 0 -1
    outer loop
      vertex 54.7847 34.4514 0
      vertex 51.734 33.4613 0
      vertex 54.6194 34.9134 0
    endloop
  endfacet
  facet normal -0 0 -1
    outer loop
      vertex 54.6194 34.9134 0
      vertex 51.734 33.4613 0
      vertex 54.4096 35.357 0
    endloop
  endfacet
  facet normal 0 0 -1
    outer loop
      vertex 55 -33 0
      vertex 52.0851 -32.3039 0
      vertex 52.1 -32 0
    endloop
  endfacet
  facet normal 0 0 -1
    outer loop
      vertex 55 -33 0
      vertex 52.0404 -32.6048 0
      vertex 52.0851 -32.3039 0
    endloop
  endfacet
  facet normal 0 0 -1
    outer loop
      vertex 55 -33 0
      vertex 51.9665 -32.8999 0
      vertex 52.0404 -32.6048 0
    endloop
  endfacet
  facet normal 0 0 -1
    outer loop
      vertex 50.7223 -34.5776 0
      vertex 52.357 -37.4096 0
      vertex 51.9134 -37.6194 0
    endloop
  endfacet
  facet normal 0 0 -1
    outer loop
      vertex 54.9039 -33.9755 0
      vertex 51.864 -33.1863 0
      vertex 51.9665 -32.8999 0
    endloop
  endfacet
  facet normal 0 0 -1
    outer loop
      vertex 54.7847 -34.4514 0
      vertex 51.734 -33.4613 0
      vertex 51.864 -33.1863 0
    endloop
  endfacet
  facet normal 0 0 -1
    outer loop
      vertex 54.4096 -35.357 0
      vertex 51.5776 -33.7223 0
      vertex 51.734 -33.4613 0
    endloop
  endfacet
  facet normal 0 0 -1
    outer loop
      vertex 50.4613 -34.734 0
      vertex 51.9134 -37.6194 0
      vertex 51.4514 -37.7847 0
    endloop
  endfacet
  facet normal 0 0 -1
    outer loop
      vertex 54.1573 -35.7779 0
      vertex 51.3963 -33.9666 0
      vertex 51.5776 -33.7223 0
    endloop
  endfacet
  facet normal 0 0 -1
    outer loop
      vertex 53.8651 -36.172 0
      vertex 51.192 -34.192 0
      vertex 51.3963 -33.9666 0
    endloop
  endfacet
  facet normal 0 0 -1
    outer loop
      vertex 50.1863 -34.864 0
      vertex 51.4514 -37.7847 0
      vertex 50.9755 -37.9039 0
    endloop
  endfacet
  facet normal 0 0 -1
    outer loop
      vertex 53.172 -36.8651 0
      vertex 50.9666 -34.3963 0
      vertex 51.192 -34.192 0
    endloop
  endfacet
  facet normal 0 0 -1
    outer loop
      vertex 52.7779 -37.1573 0
      vertex 50.7223 -34.5776 0
      vertex 50.9666 -34.3963 0
    endloop
  endfacet
  facet normal 0 0 -1
    outer loop
      vertex 49.8999 -34.9665 0
      vertex 50.9755 -37.9039 0
      vertex 50.4901 -37.9759 0
    endloop
  endfacet
  facet normal 0 0 -1
    outer loop
      vertex 51.9134 -37.6194 0
      vertex 50.4613 -34.734 0
      vertex 50.7223 -34.5776 0
    endloop
  endfacet
  facet normal 0 0 -1
    outer loop
      vertex 51.4514 -37.7847 0
      vertex 50.1863 -34.864 0
      vertex 50.4613 -34.734 0
    endloop
  endfacet
  facet normal 0 0 -1
    outer loop
      vertex 49.8999 -34.9665 0
      vertex 50.4901 -37.9759 0
      vertex 50 -38 0
    endloop
  endfacet
  facet normal 0 0 -1
    outer loop
      vertex 50.9755 -37.9039 0
      vertex 49.8999 -34.9665 0
      vertex 50.1863 -34.864 0
    endloop
  endfacet
  facet normal 0 0 -1
    outer loop
      vertex 50 -38 0
      vertex 49.6048 -35.0404 0
      vertex 49.8999 -34.9665 0
    endloop
  endfacet
  facet normal 0 0 -1
    outer loop
      vertex 50 -38 0
      vertex 49.3039 -35.0851 0
      vertex 49.6048 -35.0404 0
    endloop
  endfacet
  facet normal 0 0 -1
    outer loop
      vertex 50 -38 0
      vertex 49 -35.1 0
      vertex 49.3039 -35.0851 0
    endloop
  endfacet
  facet normal 0 0 -1
    outer loop
      vertex 50 -38 0
      vertex 48.6961 -35.0851 0
      vertex 49 -35.1 0
    endloop
  endfacet
  facet normal 0 0 -1
    outer loop
      vertex 50 -38 0
      vertex 48.3952 -35.0404 0
      vertex 48.6961 -35.0851 0
    endloop
  endfacet
  facet normal 0 0 -1
    outer loop
      vertex 50 -38 0
      vertex 48.1001 -34.9665 0
      vertex 48.3952 -35.0404 0
    endloop
  endfacet
  facet normal 0 0 -1
    outer loop
      vertex 50 -38 0
      vertex 47.8137 -34.864 0
      vertex 48.1001 -34.9665 0
    endloop
  endfacet
  facet normal 0 0 -1
    outer loop
      vertex 50 -38 0
      vertex 47.5387 -34.734 0
      vertex 47.8137 -34.864 0
    endloop
  endfacet
  facet normal 0 0 -1
    outer loop
      vertex 50 -38 0
      vertex 47.2777 -34.5776 0
      vertex 47.5387 -34.734 0
    endloop
  endfacet
  facet normal 0 0 -1
    outer loop
      vertex 50 -38 0
      vertex 47.0334 -34.3963 0
      vertex 47.2777 -34.5776 0
    endloop
  endfacet
  facet normal 0 0 -1
    outer loop
      vertex 50 -38 0
      vertex 46.808 -34.192 0
      vertex 47.0334 -34.3963 0
    endloop
  endfacet
  facet normal 0 0 -1
    outer loop
      vertex -10 -30 0
      vertex 46.808 -34.192 0
      vertex 50 -38 0
    endloop
  endfacet
  facet normal 0 0 -1
    outer loop
      vertex 46.2256 19.707 0
      vertex 34.4 1.3 0
      vertex 45.995 19.5979 0
    endloop
  endfacet
  facet normal 0 0 -1
    outer loop
      vertex 45.995 19.5979 0
      vertex 34.4 1.3 0
      vertex 45.7547 19.512 0
    endloop
  endfacet
  facet normal 0 0 -1
    outer loop
      vertex 45.7547 19.512 0
      vertex 34.4 1.3 0
      vertex 45.5072 19.45 0
    endloop
  endfacet
  facet normal 0 0 -1
    outer loop
      vertex 45.5072 19.45 0
      vertex 34.4 1.3 0
      vertex 45.2548 19.4125 0
    endloop
  endfacet
  facet normal 0 0 -1
    outer loop
      vertex 45.2548 19.4125 0
      vertex 34.4 1.3 0
      vertex 45 19.4 0
    endloop
  endfacet
  facet normal -0 0 -1
    outer loop
      vertex 45 19.4 0
      vertex 34.4 1.3 0
      vertex 44.7452 19.4125 0
    endloop
  endfacet
  facet normal -0 0 -1
    outer loop
      vertex 44.7452 19.4125 0
      vertex 34.4 1.3 0
      vertex 44.4928 19.45 0
    endloop
  endfacet
  facet normal -0 0 -1
    outer loop
      vertex 44.4928 19.45 0
      vertex 34.4 1.3 0
      vertex 44.2453 19.512 0
    endloop
  endfacet
  facet normal -0 0 -1
    outer loop
      vertex 44.2453 19.512 0
      vertex 34.4 1.3 0
      vertex 44.005 19.5979 0
    endloop
  endfacet
  facet normal -0 0 -1
    outer loop
      vertex 44.005 19.5979 0
      vertex 34.4 1.3 0
      vertex 43.7744 19.707 0
    endloop
  endfacet
  facet normal -0 0 -1
    outer loop
      vertex 43.7744 19.707 0
      vertex 34.4 1.3 0
      vertex 43.5555 19.8382 0
    endloop
  endfacet
  facet normal 0 0 -1
    outer loop
      vertex -10 -30 0
      vertex 45.9 -32 0
      vertex 45.9149 -32.3039 0
    endloop
  endfacet
  facet normal -0 0 -1
    outer loop
      vertex 43.5555 19.8382 0
      vertex 34.4 1.3 0
      vertex 43.3506 19.9902 0
    endloop
  endfacet
  facet normal -0 0 -1
    outer loop
      vertex 43.3506 19.9902 0
      vertex 34.4 1.3 0
      vertex 43.1615 20.1615 0
    endloop
  endfacet
  facet normal -0 0 -1
    outer loop
      vertex 43.1615 20.1615 0
      vertex 34.4 1.3 0
      vertex 42.9902 20.3506 0
    endloop
  endfacet
  facet normal 0 0 -1
    outer loop
      vertex 32.8 1.3 0
      vertex 42.9902 20.3506 0
      vertex 34.4 1.3 0
    endloop
  endfacet
  facet normal -0 0 -1
    outer loop
      vertex 42.9902 20.3506 0
      vertex 32.8 1.3 0
      vertex 42.8382 20.5555 0
    endloop
  endfacet
  facet normal 0 0 -1
    outer loop
      vertex 27.0556 3.07644 0
      vertex 42.8382 20.5555 0
      vertex 32.8 1.3 0
    endloop
  endfacet
  facet normal 0 0 -1
    outer loop
      vertex 26.7442 3.26311 0
      vertex 42.8382 20.5555 0
      vertex 27.0556 3.07644 0
    endloop
  endfacet
  facet normal 0 0 -1
    outer loop
      vertex 26.4159 3.41835 0
      vertex 42.707 20.7744 0
      vertex 26.7442 3.26311 0
    endloop
  endfacet
  facet normal -0 0 -1
    outer loop
      vertex 42.8382 20.5555 0
      vertex 26.7442 3.26311 0
      vertex 42.707 20.7744 0
    endloop
  endfacet
  facet normal 0 0 -1
    outer loop
      vertex -10 -30 0
      vertex 45.9149 -32.3039 0
      vertex 45.9596 -32.6048 0
    endloop
  endfacet
  facet normal 0 0 -1
    outer loop
      vertex -10 -30 0
      vertex 45.9596 -32.6048 0
      vertex 46.0335 -32.8999 0
    endloop
  endfacet
  facet normal 0 0 -1
    outer loop
      vertex -10 -30 0
      vertex 46.0335 -32.8999 0
      vertex 46.136 -33.1863 0
    endloop
  endfacet
  facet normal 0 0 -1
    outer loop
      vertex 46.808 -29.808 0
      vertex 26.7442 -3.26311 0
      vertex 34.4 -1.3 0
    endloop
  endfacet
  facet normal 0 0 -1
    outer loop
      vertex 32.8 -1.3 0
      vertex 28.7 0 0
      vertex 32.8 1.3 0
    endloop
  endfacet
  facet normal 0 -0 -1
    outer loop
      vertex 27.0556 -3.07644 0
      vertex 34.4 -1.3 0
      vertex 26.7442 -3.26311 0
    endloop
  endfacet
  facet normal 0 0 -1
    outer loop
      vertex -10 -30 0
      vertex 46.136 -33.1863 0
      vertex 46.266 -33.4613 0
    endloop
  endfacet
  facet normal 0 0 -1
    outer loop
      vertex 32.8 -1.3 0
      vertex 28.6822 -0.362663 0
      vertex 28.7 0 0
    endloop
  endfacet
  facet normal 0 0 -1
    outer loop
      vertex 32.8 -1.3 0
      vertex 28.6289 -0.721834 0
      vertex 28.6822 -0.362663 0
    endloop
  endfacet
  facet normal 0 0 -1
    outer loop
      vertex 32.8 -1.3 0
      vertex 28.5407 -1.07405 0
      vertex 28.6289 -0.721834 0
    endloop
  endfacet
  facet normal -0 0 -1
    outer loop
      vertex 32.8 -1.3 0
      vertex 28.4184 -1.41593 0
      vertex 28.5407 -1.07405 0
    endloop
  endfacet
  facet normal 0 0 -1
    outer loop
      vertex 32.8 -1.3 0
      vertex 28.2631 -1.74417 0
      vertex 28.4184 -1.41593 0
    endloop
  endfacet
  facet normal 0 0 -1
    outer loop
      vertex 32.8 -1.3 0
      vertex 28.0764 -2.05561 0
      vertex 28.2631 -1.74417 0
    endloop
  endfacet
  facet normal 0 0 -1
    outer loop
      vertex 32.8 -1.3 0
      vertex 27.8601 -2.34725 0
      vertex 28.0764 -2.05561 0
    endloop
  endfacet
  facet normal 0 0 -1
    outer loop
      vertex 32.8 -1.3 0
      vertex 27.6163 -2.61629 0
      vertex 27.8601 -2.34725 0
    endloop
  endfacet
  facet normal 0 0 -1
    outer loop
      vertex -10 -30 0
      vertex 46.266 -33.4613 0
      vertex 46.4224 -33.7223 0
    endloop
  endfacet
  facet normal 0 0 -1
    outer loop
      vertex 32.8 -1.3 0
      vertex 27.3473 -2.86014 0
      vertex 27.6163 -2.61629 0
    endloop
  endfacet
  facet normal 0 0 -1
    outer loop
      vertex 32.8 -1.3 0
      vertex 27.0556 -3.07644 0
      vertex 27.3473 -2.86014 0
    endloop
  endfacet
  facet normal -0 0 -1
    outer loop
      vertex 34.4 -1.3 0
      vertex 27.0556 -3.07644 0
      vertex 32.8 -1.3 0
    endloop
  endfacet
  facet normal 0 0 -1
    outer loop
      vertex 46.6037 -30.0334 0
      vertex 26.4159 -3.41835 0
      vertex 26.7442 -3.26311 0
    endloop
  endfacet
  facet normal 0 0 -1
    outer loop
      vertex 46.4224 -30.2777 0
      vertex 26.0741 -3.54068 0
      vertex 26.4159 -3.41835 0
    endloop
  endfacet
  facet normal 0 0 -1
    outer loop
      vertex 46.266 -30.5387 0
      vertex 25.7218 -3.62891 0
      vertex 26.0741 -3.54068 0
    endloop
  endfacet
  facet normal 0 0 -1
    outer loop
      vertex 46.136 -30.8137 0
      vertex 25.3627 -3.68218 0
      vertex 25.7218 -3.62891 0
    endloop
  endfacet
  facet normal 0 0 -1
    outer loop
      vertex 46.0335 -31.1001 0
      vertex 25 -3.7 0
      vertex 25.3627 -3.68218 0
    endloop
  endfacet
  facet normal 0 0 -1
    outer loop
      vertex 45.9596 -31.3952 0
      vertex 24.6373 -3.68218 0
      vertex 25 -3.7 0
    endloop
  endfacet
  facet normal 0 0 -1
    outer loop
      vertex 45.9149 -31.6961 0
      vertex 24.2782 -3.62891 0
      vertex 24.6373 -3.68218 0
    endloop
  endfacet
  facet normal 0 0 -1
    outer loop
      vertex 45.9 -32 0
      vertex -10 -30 0
      vertex 24.2782 -3.62891 0
    endloop
  endfacet
  facet normal 0 0 -1
    outer loop
      vertex -10 -30 0
      vertex 46.4224 -33.7223 0
      vertex 46.6037 -33.9666 0
    endloop
  endfacet
  facet normal -0 0 -1
    outer loop
      vertex 24.2782 -3.62891 0
      vertex -10 -30 0
      vertex 23.9259 -3.54068 0
    endloop
  endfacet
  facet normal -0 0 -1
    outer loop
      vertex 23.9259 -3.54068 0
      vertex -10 -30 0
      vertex 23.5841 -3.41835 0
    endloop
  endfacet
  facet normal 0 0 -1
    outer loop
      vertex -10 -22 0
      vertex 23.5841 -3.41835 0
      vertex -10 -30 0
    endloop
  endfacet
  facet normal -0 0 -1
    outer loop
      vertex 23.5841 -3.41835 0
      vertex -10 -22 0
      vertex 23.2558 -3.26311 0
    endloop
  endfacet
  facet normal -0 0 -1
    outer loop
      vertex 23.2558 -3.26311 0
      vertex -10 -22 0
      vertex 22.9444 -3.07644 0
    endloop
  endfacet
  facet normal -0 0 -1
    outer loop
      vertex 22.9444 -3.07644 0
      vertex -10 -22 0
      vertex 22.6527 -2.86014 0
    endloop
  endfacet
  facet normal 0 0 -1
    outer loop
      vertex 21.3178 -0.362663 0
      vertex -3.8 0 0
      vertex 21.3 0 0
    endloop
  endfacet
  facet normal 0 0 -1
    outer loop
      vertex -3.82985 -0.607706 0
      vertex 21.3178 -0.362663 0
      vertex 21.3711 -0.721834 0
    endloop
  endfacet
  facet normal 0 0 -1
    outer loop
      vertex -3.91913 -1.20956 0
      vertex 21.3711 -0.721834 0
      vertex 21.4593 -1.07405 0
    endloop
  endfacet
  facet normal 0 0 -1
    outer loop
      vertex -4.06697 -1.79976 0
      vertex 21.4593 -1.07405 0
      vertex 21.5816 -1.41593 0
    endloop
  endfacet
  facet normal 0 0 -1
    outer loop
      vertex -4.27195 -2.37264 0
      vertex 21.5816 -1.41593 0
      vertex 21.7369 -1.74417 0
    endloop
  endfacet
  facet normal 0 0 -1
    outer loop
      vertex -4.53209 -2.92266 0
      vertex 21.7369 -1.74417 0
      vertex 21.9236 -2.05561 0
    endloop
  endfacet
  facet normal 0 0 -1
    outer loop
      vertex -4.84489 -3.44454 0
      vertex 21.9236 -2.05561 0
      vertex 22.1399 -2.34725 0
    endloop
  endfacet
  facet normal -0 0 -1
    outer loop
      vertex 22.6527 -2.86014 0
      vertex -5.61594 -4.38406 0
      vertex 22.3837 -2.61629 0
    endloop
  endfacet
  facet normal 0 0 -1
    outer loop
      vertex 46.808 -34.192 0
      vertex -10 -30 0
      vertex 46.6037 -33.9666 0
    endloop
  endfacet
  facet normal -0 0 -1
    outer loop
      vertex 21.3178 -0.362663 0
      vertex -3.82985 -0.607706 0
      vertex -3.8 0 0
    endloop
  endfacet
  facet normal -0 0 -1
    outer loop
      vertex 21.3711 -0.721834 0
      vertex -3.91913 -1.20956 0
      vertex -3.82985 -0.607706 0
    endloop
  endfacet
  facet normal 0 0 -1
    outer loop
      vertex 21.4593 -1.07405 0
      vertex -4.06697 -1.79976 0
      vertex -3.91913 -1.20956 0
    endloop
  endfacet
  facet normal 0 0 -1
    outer loop
      vertex 21.5816 -1.41593 0
      vertex -4.27195 -2.37264 0
      vertex -4.06697 -1.79976 0
    endloop
  endfacet
  facet normal 0 0 -1
    outer loop
      vertex 21.7369 -1.74417 0
      vertex -4.53209 -2.92266 0
      vertex -4.27195 -2.37264 0
    endloop
  endfacet
  facet normal 0 0 -1
    outer loop
      vertex 21.9236 -2.05561 0
      vertex -4.84489 -3.44454 0
      vertex -4.53209 -2.92266 0
    endloop
  endfacet
  facet normal 0 -0 -1
    outer loop
      vertex -5.20733 -3.93324 0
      vertex 22.3837 -2.61629 0
      vertex -5.61594 -4.38406 0
    endloop
  endfacet
  facet normal 0 0 -1
    outer loop
      vertex 22.1399 -2.34725 0
      vertex -5.20733 -3.93324 0
      vertex -4.84489 -3.44454 0
    endloop
  endfacet
  facet normal -0 0 -1
    outer loop
      vertex 22.3837 -2.61629 0
      vertex -5.20733 -3.93324 0
      vertex 22.1399 -2.34725 0
    endloop
  endfacet
  facet normal 0 0 -1
    outer loop
      vertex 22.6527 -2.86014 0
      vertex -10 -22 0
      vertex -5.61594 -4.38406 0
    endloop
  endfacet
  facet normal 0 0 -1
    outer loop
      vertex -5.61594 -4.38406 0
      vertex -10 -22 0
      vertex -6.06676 -4.79266 0
    endloop
  endfacet
  facet normal 0 0 -1
    outer loop
      vertex -6.06676 -4.79266 0
      vertex -10 -22 0
      vertex -6.55546 -5.15511 0
    endloop
  endfacet
  facet normal 0 0 -1
    outer loop
      vertex -6.55546 -5.15511 0
      vertex -10 -22 0
      vertex -7.07734 -5.46791 0
    endloop
  endfacet
  facet normal 0 0 -1
    outer loop
      vertex -7.07734 -5.46791 0
      vertex -10 -22 0
      vertex -7.62736 -5.72805 0
    endloop
  endfacet
  facet normal 0 0 -1
    outer loop
      vertex -7.62736 -5.72805 0
      vertex -10 -22 0
      vertex -8.20023 -5.93303 0
    endloop
  endfacet
  facet normal 0 0 -1
    outer loop
      vertex -8.20023 -5.93303 0
      vertex -10 -22 0
      vertex -8.79044 -6.08087 0
    endloop
  endfacet
  facet normal 0 0 -1
    outer loop
      vertex -50 -38 0
      vertex -10 -30 0
      vertex 50 -38 0
    endloop
  endfacet
  facet normal 0 0 -1
    outer loop
      vertex -10 -30 0
      vertex -45.9149 -32.3039 0
      vertex -45.9 -32 0
    endloop
  endfacet
  facet normal 0 0 -1
    outer loop
      vertex -10 -30 0
      vertex -45.9596 -32.6048 0
      vertex -45.9149 -32.3039 0
    endloop
  endfacet
  facet normal 0 0 -1
    outer loop
      vertex -10 -30 0
      vertex -46.0335 -32.8999 0
      vertex -45.9596 -32.6048 0
    endloop
  endfacet
  facet normal 0 0 -1
    outer loop
      vertex -10 -30 0
      vertex -46.136 -33.1863 0
      vertex -46.0335 -32.8999 0
    endloop
  endfacet
  facet normal 0 0 -1
    outer loop
      vertex -10 -30 0
      vertex -46.266 -33.4613 0
      vertex -46.136 -33.1863 0
    endloop
  endfacet
  facet normal 0 0 -1
    outer loop
      vertex -10 -30 0
      vertex -46.4224 -33.7223 0
      vertex -46.266 -33.4613 0
    endloop
  endfacet
  facet normal 0 0 -1
    outer loop
      vertex -10 -30 0
      vertex -46.6037 -33.9666 0
      vertex -46.4224 -33.7223 0
    endloop
  endfacet
  facet normal 0 0 -1
    outer loop
      vertex -10 -30 0
      vertex -46.808 -34.192 0
      vertex -46.6037 -33.9666 0
    endloop
  endfacet
  facet normal 0 0 -1
    outer loop
      vertex -10 -30 0
      vertex -50 -38 0
      vertex -46.808 -34.192 0
    endloop
  endfacet
  facet normal 0 0 -1
    outer loop
      vertex -46.808 -34.192 0
      vertex -50 -38 0
      vertex -47.0334 -34.3963 0
    endloop
  endfacet
  facet normal 0 0 -1
    outer loop
      vertex -47.0334 -34.3963 0
      vertex -50 -38 0
      vertex -47.2777 -34.5776 0
    endloop
  endfacet
  facet normal 0 0 -1
    outer loop
      vertex -47.2777 -34.5776 0
      vertex -50 -38 0
      vertex -47.5387 -34.734 0
    endloop
  endfacet
  facet normal 0 0 -1
    outer loop
      vertex -47.5387 -34.734 0
      vertex -50 -38 0
      vertex -47.8137 -34.864 0
    endloop
  endfacet
  facet normal 0 0 -1
    outer loop
      vertex -47.8137 -34.864 0
      vertex -50 -38 0
      vertex -48.1001 -34.9665 0
    endloop
  endfacet
  facet normal 0 0 -1
    outer loop
      vertex -48.1001 -34.9665 0
      vertex -50 -38 0
      vertex -48.3952 -35.0404 0
    endloop
  endfacet
  facet normal 0 0 -1
    outer loop
      vertex -48.3952 -35.0404 0
      vertex -50 -38 0
      vertex -48.6961 -35.0851 0
    endloop
  endfacet
  facet normal 0 0 -1
    outer loop
      vertex -48.6961 -35.0851 0
      vertex -50 -38 0
      vertex -49 -35.1 0
    endloop
  endfacet
  facet normal 0 0 -1
    outer loop
      vertex -50 -38 0
      vertex -49.3039 -35.0851 0
      vertex -49 -35.1 0
    endloop
  endfacet
  facet normal 0 0 -1
    outer loop
      vertex -50 -38 0
      vertex -49.6048 -35.0404 0
      vertex -49.3039 -35.0851 0
    endloop
  endfacet
  facet normal 0 0 -1
    outer loop
      vertex -50 -38 0
      vertex -49.8999 -34.9665 0
      vertex -49.6048 -35.0404 0
    endloop
  endfacet
  facet normal 0 0 -1
    outer loop
      vertex -50.4901 -37.9759 0
      vertex -49.8999 -34.9665 0
      vertex -50 -38 0
    endloop
  endfacet
  facet normal 0 0 -1
    outer loop
      vertex -50.9755 -37.9039 0
      vertex -49.8999 -34.9665 0
      vertex -50.4901 -37.9759 0
    endloop
  endfacet
  facet normal -0 0 -1
    outer loop
      vertex -49.8999 -34.9665 0
      vertex -50.9755 -37.9039 0
      vertex -50.1863 -34.864 0
    endloop
  endfacet
  facet normal 0 0 -1
    outer loop
      vertex -51.4514 -37.7847 0
      vertex -50.1863 -34.864 0
      vertex -50.9755 -37.9039 0
    endloop
  endfacet
  facet normal -0 0 -1
    outer loop
      vertex -50.1863 -34.864 0
      vertex -51.4514 -37.7847 0
      vertex -50.4613 -34.734 0
    endloop
  endfacet
  facet normal 0 0 -1
    outer loop
      vertex -51.9134 -37.6194 0
      vertex -50.4613 -34.734 0
      vertex -51.4514 -37.7847 0
    endloop
  endfacet
  facet normal -0 0 -1
    outer loop
      vertex -50.4613 -34.734 0
      vertex -51.9134 -37.6194 0
      vertex -50.7223 -34.5776 0
    endloop
  endfacet
  facet normal 0 0 -1
    outer loop
      vertex -52.357 -37.4096 0
      vertex -50.7223 -34.5776 0
      vertex -51.9134 -37.6194 0
    endloop
  endfacet
  facet normal 0 0 -1
    outer loop
      vertex -52.7779 -37.1573 0
      vertex -50.7223 -34.5776 0
      vertex -52.357 -37.4096 0
    endloop
  endfacet
  facet normal -0 0 -1
    outer loop
      vertex -50.7223 -34.5776 0
      vertex -52.7779 -37.1573 0
      vertex -50.9666 -34.3963 0
    endloop
  endfacet
  facet normal 0 0 -1
    outer loop
      vertex -53.172 -36.8651 0
      vertex -50.9666 -34.3963 0
      vertex -52.7779 -37.1573 0
    endloop
  endfacet
  facet normal -0 0 -1
    outer loop
      vertex -50.9666 -34.3963 0
      vertex -53.172 -36.8651 0
      vertex -51.192 -34.192 0
    endloop
  endfacet
  facet normal 0 0 -1
    outer loop
      vertex -53.5355 -36.5355 0
      vertex -51.192 -34.192 0
      vertex -53.172 -36.8651 0
    endloop
  endfacet
  facet normal 0 0 -1
    outer loop
      vertex -53.8651 -36.172 0
      vertex -51.192 -34.192 0
      vertex -53.5355 -36.5355 0
    endloop
  endfacet
  facet normal -0 0 -1
    outer loop
      vertex -51.192 -34.192 0
      vertex -53.8651 -36.172 0
      vertex -51.3963 -33.9666 0
    endloop
  endfacet
  facet normal 0 0 -1
    outer loop
      vertex -54.1573 -35.7779 0
      vertex -51.3963 -33.9666 0
      vertex -53.8651 -36.172 0
    endloop
  endfacet
  facet normal -0 0 -1
    outer loop
      vertex -51.3963 -33.9666 0
      vertex -54.1573 -35.7779 0
      vertex -51.5776 -33.7223 0
    endloop
  endfacet
  facet normal -0 0 -1
    outer loop
      vertex -51.5776 -33.7223 0
      vertex -54.4096 -35.357 0
      vertex -51.734 -33.4613 0
    endloop
  endfacet
  facet normal 0 0 -1
    outer loop
      vertex -54.4096 -35.357 0
      vertex -51.5776 -33.7223 0
      vertex -54.1573 -35.7779 0
    endloop
  endfacet
  facet normal 0 0 -1
    outer loop
      vertex 51.5776 33.7223 0
      vertex 54.4096 35.357 0
      vertex 51.734 33.4613 0
    endloop
  endfacet
  facet normal -0 0 -1
    outer loop
      vertex 54.4096 35.357 0
      vertex 51.5776 33.7223 0
      vertex 54.1573 35.7779 0
    endloop
  endfacet
  facet normal 0 0 -1
    outer loop
      vertex 51.3963 33.9666 0
      vertex 54.1573 35.7779 0
      vertex 51.5776 33.7223 0
    endloop
  endfacet
  facet normal -0 0 -1
    outer loop
      vertex 54.1573 35.7779 0
      vertex 51.3963 33.9666 0
      vertex 53.8651 36.172 0
    endloop
  endfacet
  facet normal 0 0 -1
    outer loop
      vertex 51.192 34.192 0
      vertex 53.8651 36.172 0
      vertex 51.3963 33.9666 0
    endloop
  endfacet
  facet normal -0 0 -1
    outer loop
      vertex 53.8651 36.172 0
      vertex 51.192 34.192 0
      vertex 53.5355 36.5355 0
    endloop
  endfacet
  facet normal -0 0 -1
    outer loop
      vertex 53.5355 36.5355 0
      vertex 51.192 34.192 0
      vertex 53.172 36.8651 0
    endloop
  endfacet
  facet normal 0 0 -1
    outer loop
      vertex 50.9666 34.3963 0
      vertex 53.172 36.8651 0
      vertex 51.192 34.192 0
    endloop
  endfacet
  facet normal -0 0 -1
    outer loop
      vertex 53.172 36.8651 0
      vertex 50.9666 34.3963 0
      vertex 52.7779 37.1573 0
    endloop
  endfacet
  facet normal 0 0 -1
    outer loop
      vertex 50.7223 34.5776 0
      vertex 52.7779 37.1573 0
      vertex 50.9666 34.3963 0
    endloop
  endfacet
  facet normal -0 0 -1
    outer loop
      vertex 52.7779 37.1573 0
      vertex 50.7223 34.5776 0
      vertex 52.357 37.4096 0
    endloop
  endfacet
  facet normal -0 0 -1
    outer loop
      vertex 52.357 37.4096 0
      vertex 50.7223 34.5776 0
      vertex 51.9134 37.6194 0
    endloop
  endfacet
  facet normal 0 0 -1
    outer loop
      vertex 50.4613 34.734 0
      vertex 51.9134 37.6194 0
      vertex 50.7223 34.5776 0
    endloop
  endfacet
  facet normal -0 0 -1
    outer loop
      vertex 51.9134 37.6194 0
      vertex 50.4613 34.734 0
      vertex 51.4514 37.7847 0
    endloop
  endfacet
  facet normal 0 0 -1
    outer loop
      vertex 50.1863 34.864 0
      vertex 51.4514 37.7847 0
      vertex 50.4613 34.734 0
    endloop
  endfacet
  facet normal -0 0 -1
    outer loop
      vertex 51.4514 37.7847 0
      vertex 50.1863 34.864 0
      vertex 50.9755 37.9039 0
    endloop
  endfacet
  facet normal 0 0 -1
    outer loop
      vertex 49.8999 34.9665 0
      vertex 50.9755 37.9039 0
      vertex 50.1863 34.864 0
    endloop
  endfacet
  facet normal -0 0 -1
    outer loop
      vertex 50.9755 37.9039 0
      vertex 49.8999 34.9665 0
      vertex 50.4901 37.9759 0
    endloop
  endfacet
  facet normal -0 0 -1
    outer loop
      vertex 50.4901 37.9759 0
      vertex 49.8999 34.9665 0
      vertex 50 38 0
    endloop
  endfacet
  facet normal 0 0 -1
    outer loop
      vertex 49.6048 35.0404 0
      vertex 50 38 0
      vertex 49.8999 34.9665 0
    endloop
  endfacet
  facet normal 0 0 -1
    outer loop
      vertex 49.3039 35.0851 0
      vertex 50 38 0
      vertex 49.6048 35.0404 0
    endloop
  endfacet
  facet normal 0 0 -1
    outer loop
      vertex 49 35.1 0
      vertex 50 38 0
      vertex 49.3039 35.0851 0
    endloop
  endfacet
  facet normal 0 0 -1
    outer loop
      vertex 48.6961 35.0851 0
      vertex 50 38 0
      vertex 49 35.1 0
    endloop
  endfacet
  facet normal 0 0 -1
    outer loop
      vertex 48.3952 35.0404 0
      vertex 50 38 0
      vertex 48.6961 35.0851 0
    endloop
  endfacet
  facet normal 0 0 -1
    outer loop
      vertex 48.1001 34.9665 0
      vertex 50 38 0
      vertex 48.3952 35.0404 0
    endloop
  endfacet
  facet normal 0 0 -1
    outer loop
      vertex 47.8137 34.864 0
      vertex 50 38 0
      vertex 48.1001 34.9665 0
    endloop
  endfacet
  facet normal 0 0 -1
    outer loop
      vertex 47.5387 34.734 0
      vertex 50 38 0
      vertex 47.8137 34.864 0
    endloop
  endfacet
  facet normal 0 0 -1
    outer loop
      vertex 47.2777 34.5776 0
      vertex 50 38 0
      vertex 47.5387 34.734 0
    endloop
  endfacet
  facet normal 0 0 -1
    outer loop
      vertex 47.0334 34.3963 0
      vertex 50 38 0
      vertex 47.2777 34.5776 0
    endloop
  endfacet
  facet normal 0 0 -1
    outer loop
      vertex 46.808 34.192 0
      vertex 50 38 0
      vertex 47.0334 34.3963 0
    endloop
  endfacet
  facet normal 0 0 -1
    outer loop
      vertex 46.6037 33.9666 0
      vertex 50 38 0
      vertex 46.808 34.192 0
    endloop
  endfacet
  facet normal -0 0 -1
    outer loop
      vertex 46.4224 30.2777 0
      vertex 44.2453 24.488 0
      vertex 46.266 30.5387 0
    endloop
  endfacet
  facet normal 0 0 -1
    outer loop
      vertex 44.005 24.4021 0
      vertex 46.266 30.5387 0
      vertex 44.2453 24.488 0
    endloop
  endfacet
  facet normal -0 0 -1
    outer loop
      vertex 46.266 30.5387 0
      vertex 44.005 24.4021 0
      vertex 46.136 30.8137 0
    endloop
  endfacet
  facet normal 0 0 -1
    outer loop
      vertex 43.7744 24.293 0
      vertex 46.136 30.8137 0
      vertex 44.005 24.4021 0
    endloop
  endfacet
  facet normal -0 0 -1
    outer loop
      vertex 46.136 30.8137 0
      vertex 43.7744 24.293 0
      vertex 46.0335 31.1001 0
    endloop
  endfacet
  facet normal 0 0 -1
    outer loop
      vertex 43.5555 24.1618 0
      vertex 46.0335 31.1001 0
      vertex 43.7744 24.293 0
    endloop
  endfacet
  facet normal -0 0 -1
    outer loop
      vertex 46.0335 31.1001 0
      vertex 43.5555 24.1618 0
      vertex 45.9596 31.3952 0
    endloop
  endfacet
  facet normal 0 0 -1
    outer loop
      vertex 43.3506 24.0098 0
      vertex 45.9596 31.3952 0
      vertex 43.5555 24.1618 0
    endloop
  endfacet
  facet normal 0 0 -1
    outer loop
      vertex 43.1615 23.8385 0
      vertex 45.9596 31.3952 0
      vertex 43.3506 24.0098 0
    endloop
  endfacet
  facet normal -0 0 -1
    outer loop
      vertex 45.9596 31.3952 0
      vertex 43.1615 23.8385 0
      vertex 45.9149 31.6961 0
    endloop
  endfacet
  facet normal 0 0 -1
    outer loop
      vertex 42.9902 23.6494 0
      vertex 45.9149 31.6961 0
      vertex 43.1615 23.8385 0
    endloop
  endfacet
  facet normal -0 0 -1
    outer loop
      vertex 45.9149 31.6961 0
      vertex 42.9902 23.6494 0
      vertex 45.9 32 0
    endloop
  endfacet
  facet normal 0 0 -1
    outer loop
      vertex 42.8382 23.4445 0
      vertex 45.9 32 0
      vertex 42.9902 23.6494 0
    endloop
  endfacet
  facet normal -0 0 -1
    outer loop
      vertex 45.9 32 0
      vertex 42.8382 23.4445 0
      vertex 45.9149 32.3039 0
    endloop
  endfacet
  facet normal 0 0 -1
    outer loop
      vertex 42.707 23.2256 0
      vertex 45.9149 32.3039 0
      vertex 42.8382 23.4445 0
    endloop
  endfacet
  facet normal -0 0 -1
    outer loop
      vertex 45.9149 32.3039 0
      vertex 42.707 23.2256 0
      vertex 45.9596 32.6048 0
    endloop
  endfacet
  facet normal 0 0 -1
    outer loop
      vertex -7.62736 5.72805 0
      vertex 45.9596 32.6048 0
      vertex 42.707 23.2256 0
    endloop
  endfacet
  facet normal 0 0 -1
    outer loop
      vertex -7.07734 5.46791 0
      vertex 42.707 23.2256 0
      vertex 42.5979 22.995 0
    endloop
  endfacet
  facet normal 0 0 -1
    outer loop
      vertex 23.5841 3.41835 0
      vertex 42.5979 22.995 0
      vertex 42.512 22.7547 0
    endloop
  endfacet
  facet normal -0 0 -1
    outer loop
      vertex 42.707 20.7744 0
      vertex 26.4159 3.41835 0
      vertex 42.5979 21.005 0
    endloop
  endfacet
  facet normal 0 0 -1
    outer loop
      vertex 26.0741 3.54068 0
      vertex 42.5979 21.005 0
      vertex 26.4159 3.41835 0
    endloop
  endfacet
  facet normal -0 0 -1
    outer loop
      vertex 42.5979 21.005 0
      vertex 26.0741 3.54068 0
      vertex 42.512 21.2453 0
    endloop
  endfacet
  facet normal -0 0 -1
    outer loop
      vertex 42.512 21.2453 0
      vertex 25.7218 3.62891 0
      vertex 42.45 21.4928 0
    endloop
  endfacet
  facet normal 0 0 -1
    outer loop
      vertex 25.3627 3.68218 0
      vertex 42.45 21.4928 0
      vertex 25.7218 3.62891 0
    endloop
  endfacet
  facet normal 0 0 -1
    outer loop
      vertex 25 3.7 0
      vertex 42.4125 21.7452 0
      vertex 25.3627 3.68218 0
    endloop
  endfacet
  facet normal 0 0 -1
    outer loop
      vertex 25.7218 3.62891 0
      vertex 42.512 21.2453 0
      vertex 26.0741 3.54068 0
    endloop
  endfacet
  facet normal 0 0 -1
    outer loop
      vertex 28.6822 0.362663 0
      vertex 32.8 1.3 0
      vertex 28.7 0 0
    endloop
  endfacet
  facet normal 0 0 -1
    outer loop
      vertex 28.6289 0.721834 0
      vertex 32.8 1.3 0
      vertex 28.6822 0.362663 0
    endloop
  endfacet
  facet normal 0 0 -1
    outer loop
      vertex 28.5407 1.07405 0
      vertex 32.8 1.3 0
      vertex 28.6289 0.721834 0
    endloop
  endfacet
  facet normal 0 0 -1
    outer loop
      vertex 28.4184 1.41593 0
      vertex 32.8 1.3 0
      vertex 28.5407 1.07405 0
    endloop
  endfacet
  facet normal 0 0 -1
    outer loop
      vertex 28.2631 1.74417 0
      vertex 32.8 1.3 0
      vertex 28.4184 1.41593 0
    endloop
  endfacet
  facet normal 0 0 -1
    outer loop
      vertex 28.0764 2.05561 0
      vertex 32.8 1.3 0
      vertex 28.2631 1.74417 0
    endloop
  endfacet
  facet normal 0 0 -1
    outer loop
      vertex 27.8601 2.34725 0
      vertex 32.8 1.3 0
      vertex 28.0764 2.05561 0
    endloop
  endfacet
  facet normal 0 0 -1
    outer loop
      vertex 27.6163 2.61629 0
      vertex 32.8 1.3 0
      vertex 27.8601 2.34725 0
    endloop
  endfacet
  facet normal 0 0 -1
    outer loop
      vertex 27.3473 2.86014 0
      vertex 32.8 1.3 0
      vertex 27.6163 2.61629 0
    endloop
  endfacet
  facet normal 0 0 -1
    outer loop
      vertex 27.0556 3.07644 0
      vertex 32.8 1.3 0
      vertex 27.3473 2.86014 0
    endloop
  endfacet
  facet normal -0 0 -1
    outer loop
      vertex 42.45 21.4928 0
      vertex 25.3627 3.68218 0
      vertex 42.4125 21.7452 0
    endloop
  endfacet
  facet normal -0 0 -1
    outer loop
      vertex 42.4125 21.7452 0
      vertex 25 3.7 0
      vertex 42.4 22 0
    endloop
  endfacet
  facet normal 0 0 -1
    outer loop
      vertex 24.6373 3.68218 0
      vertex 42.4 22 0
      vertex 25 3.7 0
    endloop
  endfacet
  facet normal -0 0 -1
    outer loop
      vertex 42.4 22 0
      vertex 24.6373 3.68218 0
      vertex 42.4125 22.2548 0
    endloop
  endfacet
  facet normal 0 0 -1
    outer loop
      vertex 24.2782 3.62891 0
      vertex 42.4125 22.2548 0
      vertex 24.6373 3.68218 0
    endloop
  endfacet
  facet normal -0 0 -1
    outer loop
      vertex 42.4125 22.2548 0
      vertex 24.2782 3.62891 0
      vertex 42.45 22.5072 0
    endloop
  endfacet
  facet normal 0 0 -1
    outer loop
      vertex 23.9259 3.54068 0
      vertex 42.45 22.5072 0
      vertex 24.2782 3.62891 0
    endloop
  endfacet
  facet normal -0 0 -1
    outer loop
      vertex 42.45 22.5072 0
      vertex 23.9259 3.54068 0
      vertex 42.512 22.7547 0
    endloop
  endfacet
  facet normal 0 0 -1
    outer loop
      vertex 23.5841 3.41835 0
      vertex 42.512 22.7547 0
      vertex 23.9259 3.54068 0
    endloop
  endfacet
  facet normal 0 0 -1
    outer loop
      vertex 42.5979 22.995 0
      vertex 23.5841 3.41835 0
      vertex -7.07734 5.46791 0
    endloop
  endfacet
  facet normal 0 0 -1
    outer loop
      vertex 42.707 23.2256 0
      vertex -7.07734 5.46791 0
      vertex -7.62736 5.72805 0
    endloop
  endfacet
  facet normal -0 0 -1
    outer loop
      vertex 45.9596 32.6048 0
      vertex -7.62736 5.72805 0
      vertex 46.0335 32.8999 0
    endloop
  endfacet
  facet normal 0 0 -1
    outer loop
      vertex -8.20023 5.93303 0
      vertex 46.0335 32.8999 0
      vertex -7.62736 5.72805 0
    endloop
  endfacet
  facet normal -0 0 -1
    outer loop
      vertex 46.0335 32.8999 0
      vertex -8.20023 5.93303 0
      vertex 46.136 33.1863 0
    endloop
  endfacet
  facet normal 0 0 -1
    outer loop
      vertex -6.55546 5.15511 0
      vertex 23.5841 3.41835 0
      vertex 23.2558 3.26311 0
    endloop
  endfacet
  facet normal 0 0 -1
    outer loop
      vertex -6.06676 4.79266 0
      vertex 23.2558 3.26311 0
      vertex 22.9444 3.07644 0
    endloop
  endfacet
  facet normal 0 0 -1
    outer loop
      vertex -5.61594 4.38406 0
      vertex 22.9444 3.07644 0
      vertex 22.6527 2.86014 0
    endloop
  endfacet
  facet normal 0 0 -1
    outer loop
      vertex -5.61594 4.38406 0
      vertex 22.6527 2.86014 0
      vertex 22.3837 2.61629 0
    endloop
  endfacet
  facet normal 0 0 -1
    outer loop
      vertex -5.20733 3.93324 0
      vertex 22.3837 2.61629 0
      vertex 22.1399 2.34725 0
    endloop
  endfacet
  facet normal 0 0 -1
    outer loop
      vertex -3.8 0 0
      vertex 21.3178 0.362663 0
      vertex 21.3 0 0
    endloop
  endfacet
  facet normal 0 0 -1
    outer loop
      vertex -3.82985 0.607706 0
      vertex 21.3178 0.362663 0
      vertex -3.8 0 0
    endloop
  endfacet
  facet normal 0 0 -1
    outer loop
      vertex 21.3178 0.362663 0
      vertex -3.82985 0.607706 0
      vertex 21.3711 0.721834 0
    endloop
  endfacet
  facet normal 0 0 -1
    outer loop
      vertex -3.91913 1.20956 0
      vertex 21.3711 0.721834 0
      vertex -3.82985 0.607706 0
    endloop
  endfacet
  facet normal 0 0 -1
    outer loop
      vertex 21.3711 0.721834 0
      vertex -3.91913 1.20956 0
      vertex 21.4593 1.07405 0
    endloop
  endfacet
  facet normal 0 0 -1
    outer loop
      vertex -4.06697 1.79976 0
      vertex 21.4593 1.07405 0
      vertex -3.91913 1.20956 0
    endloop
  endfacet
  facet normal 0 0 -1
    outer loop
      vertex 21.4593 1.07405 0
      vertex -4.06697 1.79976 0
      vertex 21.5816 1.41593 0
    endloop
  endfacet
  facet normal 0 0 -1
    outer loop
      vertex -4.27195 2.37264 0
      vertex 21.5816 1.41593 0
      vertex -4.06697 1.79976 0
    endloop
  endfacet
  facet normal 0 0 -1
    outer loop
      vertex 21.5816 1.41593 0
      vertex -4.27195 2.37264 0
      vertex 21.7369 1.74417 0
    endloop
  endfacet
  facet normal 0 0 -1
    outer loop
      vertex -4.53209 2.92266 0
      vertex 21.7369 1.74417 0
      vertex -4.27195 2.37264 0
    endloop
  endfacet
  facet normal 0 0 -1
    outer loop
      vertex 21.7369 1.74417 0
      vertex -4.53209 2.92266 0
      vertex 21.9236 2.05561 0
    endloop
  endfacet
  facet normal 0 0 -1
    outer loop
      vertex -4.84489 3.44454 0
      vertex 21.9236 2.05561 0
      vertex -4.53209 2.92266 0
    endloop
  endfacet
  facet normal 0 0 -1
    outer loop
      vertex 21.9236 2.05561 0
      vertex -4.84489 3.44454 0
      vertex 22.1399 2.34725 0
    endloop
  endfacet
  facet normal 0 0 -1
    outer loop
      vertex -5.20733 3.93324 0
      vertex 22.1399 2.34725 0
      vertex -4.84489 3.44454 0
    endloop
  endfacet
  facet normal 0 0 -1
    outer loop
      vertex 22.3837 2.61629 0
      vertex -5.20733 3.93324 0
      vertex -5.61594 4.38406 0
    endloop
  endfacet
  facet normal 0 0 -1
    outer loop
      vertex 22.9444 3.07644 0
      vertex -5.61594 4.38406 0
      vertex -6.06676 4.79266 0
    endloop
  endfacet
  facet normal 0 0 -1
    outer loop
      vertex 23.2558 3.26311 0
      vertex -6.06676 4.79266 0
      vertex -6.55546 5.15511 0
    endloop
  endfacet
  facet normal 0 0 -1
    outer loop
      vertex 23.5841 3.41835 0
      vertex -6.55546 5.15511 0
      vertex -7.07734 5.46791 0
    endloop
  endfacet
  facet normal 0 0 -1
    outer loop
      vertex -8.79044 6.08087 0
      vertex 46.136 33.1863 0
      vertex -8.20023 5.93303 0
    endloop
  endfacet
  facet normal -0 0 -1
    outer loop
      vertex 46.136 33.1863 0
      vertex -8.79044 6.08087 0
      vertex 46.266 33.4613 0
    endloop
  endfacet
  facet normal 0 0 -1
    outer loop
      vertex -46.266 33.4613 0
      vertex 46.266 33.4613 0
      vertex -8.79044 6.08087 0
    endloop
  endfacet
  facet normal 0 0 -1
    outer loop
      vertex 46.266 33.4613 0
      vertex -46.266 33.4613 0
      vertex 46.4224 33.7223 0
    endloop
  endfacet
  facet normal 0 0 -1
    outer loop
      vertex -46.4224 33.7223 0
      vertex 46.4224 33.7223 0
      vertex -46.266 33.4613 0
    endloop
  endfacet
  facet normal 0 0 -1
    outer loop
      vertex -46.266 33.4613 0
      vertex -8.79044 6.08087 0
      vertex -9.39229 6.17015 0
    endloop
  endfacet
  facet normal 0 0 -1
    outer loop
      vertex -46.136 33.1863 0
      vertex -9.39229 6.17015 0
      vertex -10 6.2 0
    endloop
  endfacet
  facet normal 0 0 -1
    outer loop
      vertex -46.0335 32.8999 0
      vertex -10 6.2 0
      vertex -10.6077 6.17015 0
    endloop
  endfacet
  facet normal 0 0 -1
    outer loop
      vertex -45.9149 32.3039 0
      vertex -10.6077 6.17015 0
      vertex -11.2096 6.08087 0
    endloop
  endfacet
  facet normal 0 0 -1
    outer loop
      vertex -45.9 32 0
      vertex -11.2096 6.08087 0
      vertex -11.7998 5.93303 0
    endloop
  endfacet
  facet normal 0 0 -1
    outer loop
      vertex -45.9 32 0
      vertex -11.7998 5.93303 0
      vertex -12.3726 5.72805 0
    endloop
  endfacet
  facet normal 0 0 -1
    outer loop
      vertex -29.6274 5.72805 0
      vertex -12.3726 5.72805 0
      vertex -12.9227 5.46791 0
    endloop
  endfacet
  facet normal 0 0 -1
    outer loop
      vertex -25.8 0 0
      vertex -16.1701 0.607706 0
      vertex -16.2 0 0
    endloop
  endfacet
  facet normal 0 0 -1
    outer loop
      vertex -25.8299 0.607706 0
      vertex -16.1701 0.607706 0
      vertex -25.8 0 0
    endloop
  endfacet
  facet normal 0 0 -1
    outer loop
      vertex -16.1701 0.607706 0
      vertex -25.8299 0.607706 0
      vertex -16.0809 1.20956 0
    endloop
  endfacet
  facet normal 0 0 -1
    outer loop
      vertex -25.9191 1.20956 0
      vertex -16.0809 1.20956 0
      vertex -25.8299 0.607706 0
    endloop
  endfacet
  facet normal 0 0 -1
    outer loop
      vertex -16.0809 1.20956 0
      vertex -25.9191 1.20956 0
      vertex -15.933 1.79976 0
    endloop
  endfacet
  facet normal 0 0 -1
    outer loop
      vertex -26.067 1.79976 0
      vertex -15.933 1.79976 0
      vertex -25.9191 1.20956 0
    endloop
  endfacet
  facet normal 0 0 -1
    outer loop
      vertex -15.933 1.79976 0
      vertex -26.067 1.79976 0
      vertex -15.7281 2.37264 0
    endloop
  endfacet
  facet normal 0 0 -1
    outer loop
      vertex -26.2719 2.37264 0
      vertex -15.7281 2.37264 0
      vertex -26.067 1.79976 0
    endloop
  endfacet
  facet normal 0 0 -1
    outer loop
      vertex -15.7281 2.37264 0
      vertex -26.2719 2.37264 0
      vertex -15.4679 2.92266 0
    endloop
  endfacet
  facet normal 0 0 -1
    outer loop
      vertex -26.5321 2.92266 0
      vertex -15.4679 2.92266 0
      vertex -26.2719 2.37264 0
    endloop
  endfacet
  facet normal 0 0 -1
    outer loop
      vertex -15.4679 2.92266 0
      vertex -26.5321 2.92266 0
      vertex -15.1551 3.44454 0
    endloop
  endfacet
  facet normal 0 0 -1
    outer loop
      vertex -26.8449 3.44454 0
      vertex -15.1551 3.44454 0
      vertex -26.5321 2.92266 0
    endloop
  endfacet
  facet normal 0 0 -1
    outer loop
      vertex -15.1551 3.44454 0
      vertex -26.8449 3.44454 0
      vertex -14.7927 3.93324 0
    endloop
  endfacet
  facet normal 0 0 -1
    outer loop
      vertex -27.2073 3.93324 0
      vertex -14.7927 3.93324 0
      vertex -26.8449 3.44454 0
    endloop
  endfacet
  facet normal 0 0 -1
    outer loop
      vertex -14.7927 3.93324 0
      vertex -27.2073 3.93324 0
      vertex -14.3841 4.38406 0
    endloop
  endfacet
  facet normal 0 0 -1
    outer loop
      vertex -27.6159 4.38406 0
      vertex -14.3841 4.38406 0
      vertex -27.2073 3.93324 0
    endloop
  endfacet
  facet normal 0 0 -1
    outer loop
      vertex -14.3841 4.38406 0
      vertex -27.6159 4.38406 0
      vertex -13.9332 4.79266 0
    endloop
  endfacet
  facet normal 0 0 -1
    outer loop
      vertex -28.0668 4.79266 0
      vertex -13.9332 4.79266 0
      vertex -27.6159 4.38406 0
    endloop
  endfacet
  facet normal 0 0 -1
    outer loop
      vertex -13.9332 4.79266 0
      vertex -28.0668 4.79266 0
      vertex -13.4445 5.15511 0
    endloop
  endfacet
  facet normal 0 0 -1
    outer loop
      vertex -28.5555 5.15511 0
      vertex -13.4445 5.15511 0
      vertex -28.0668 4.79266 0
    endloop
  endfacet
  facet normal 0 0 -1
    outer loop
      vertex -13.4445 5.15511 0
      vertex -28.5555 5.15511 0
      vertex -12.9227 5.46791 0
    endloop
  endfacet
  facet normal 0 0 -1
    outer loop
      vertex -29.0773 5.46791 0
      vertex -12.9227 5.46791 0
      vertex -28.5555 5.15511 0
    endloop
  endfacet
  facet normal 0 0 -1
    outer loop
      vertex -29.6274 5.72805 0
      vertex -12.9227 5.46791 0
      vertex -29.0773 5.46791 0
    endloop
  endfacet
  facet normal 0 0 -1
    outer loop
      vertex -12.3726 5.72805 0
      vertex -29.6274 5.72805 0
      vertex -45.9 32 0
    endloop
  endfacet
  facet normal 0 0 -1
    outer loop
      vertex -45.9 32 0
      vertex -29.6274 5.72805 0
      vertex -30.2002 5.93303 0
    endloop
  endfacet
  facet normal 0 0 -1
    outer loop
      vertex -45.9 32 0
      vertex -30.2002 5.93303 0
      vertex -30.7904 6.08087 0
    endloop
  endfacet
  facet normal 0 0 -1
    outer loop
      vertex -45.9 32 0
      vertex -30.7904 6.08087 0
      vertex -31.3923 6.17015 0
    endloop
  endfacet
  facet normal 0 0 -1
    outer loop
      vertex -45.9 32 0
      vertex -31.3923 6.17015 0
      vertex -32 6.2 0
    endloop
  endfacet
  facet normal 0 0 -1
    outer loop
      vertex -45.9 32 0
      vertex -32 6.2 0
      vertex -32.6077 6.17015 0
    endloop
  endfacet
  facet normal 0 0 -1
    outer loop
      vertex -45.9 32 0
      vertex -32.6077 6.17015 0
      vertex -33.2096 6.08087 0
    endloop
  endfacet
  facet normal 0 0 -1
    outer loop
      vertex -45.9 32 0
      vertex -33.2096 6.08087 0
      vertex -33.7998 5.93303 0
    endloop
  endfacet
  facet normal 0 0 -1
    outer loop
      vertex -45.9 32 0
      vertex -33.7998 5.93303 0
      vertex -34.3726 5.72805 0
    endloop
  endfacet
  facet normal 0 0 -1
    outer loop
      vertex -45.9 32 0
      vertex -38.1701 0.607706 0
      vertex -38.2 0 0
    endloop
  endfacet
  facet normal 0 0 -1
    outer loop
      vertex -45.9 32 0
      vertex -38.0809 1.20956 0
      vertex -38.1701 0.607706 0
    endloop
  endfacet
  facet normal 0 0 -1
    outer loop
      vertex -45.9 32 0
      vertex -37.933 1.79976 0
      vertex -38.0809 1.20956 0
    endloop
  endfacet
  facet normal 0 0 -1
    outer loop
      vertex -45.9 32 0
      vertex -37.7281 2.37264 0
      vertex -37.933 1.79976 0
    endloop
  endfacet
  facet normal 0 0 -1
    outer loop
      vertex -45.9 32 0
      vertex -37.4679 2.92266 0
      vertex -37.7281 2.37264 0
    endloop
  endfacet
  facet normal 0 0 -1
    outer loop
      vertex -45.9 32 0
      vertex -37.1551 3.44454 0
      vertex -37.4679 2.92266 0
    endloop
  endfacet
  facet normal 0 0 -1
    outer loop
      vertex -45.9 32 0
      vertex -36.7927 3.93324 0
      vertex -37.1551 3.44454 0
    endloop
  endfacet
  facet normal 0 0 -1
    outer loop
      vertex -45.9 32 0
      vertex -36.3841 4.38406 0
      vertex -36.7927 3.93324 0
    endloop
  endfacet
  facet normal 0 0 -1
    outer loop
      vertex -45.9 32 0
      vertex -35.9332 4.79266 0
      vertex -36.3841 4.38406 0
    endloop
  endfacet
  facet normal 0 0 -1
    outer loop
      vertex -45.9 32 0
      vertex -35.4445 5.15511 0
      vertex -35.9332 4.79266 0
    endloop
  endfacet
  facet normal 0 0 -1
    outer loop
      vertex -45.9 32 0
      vertex -34.9227 5.46791 0
      vertex -35.4445 5.15511 0
    endloop
  endfacet
  facet normal 0 0 -1
    outer loop
      vertex -45.9 32 0
      vertex -34.3726 5.72805 0
      vertex -34.9227 5.46791 0
    endloop
  endfacet
  facet normal 0 0 -1
    outer loop
      vertex -11.2096 6.08087 0
      vertex -45.9 32 0
      vertex -45.9149 32.3039 0
    endloop
  endfacet
  facet normal 0 0 -1
    outer loop
      vertex -10.6077 6.17015 0
      vertex -45.9149 32.3039 0
      vertex -45.9596 32.6048 0
    endloop
  endfacet
  facet normal 0 0 -1
    outer loop
      vertex -10.6077 6.17015 0
      vertex -45.9596 32.6048 0
      vertex -46.0335 32.8999 0
    endloop
  endfacet
  facet normal 0 0 -1
    outer loop
      vertex -10 6.2 0
      vertex -46.0335 32.8999 0
      vertex -46.136 33.1863 0
    endloop
  endfacet
  facet normal 0 0 -1
    outer loop
      vertex -9.39229 6.17015 0
      vertex -46.136 33.1863 0
      vertex -46.266 33.4613 0
    endloop
  endfacet
  facet normal 0 0 -1
    outer loop
      vertex 46.4224 33.7223 0
      vertex -46.4224 33.7223 0
      vertex 46.6037 33.9666 0
    endloop
  endfacet
  facet normal 0 0 -1
    outer loop
      vertex -46.6037 33.9666 0
      vertex 46.6037 33.9666 0
      vertex -46.4224 33.7223 0
    endloop
  endfacet
  facet normal 0 0 -1
    outer loop
      vertex 46.6037 33.9666 0
      vertex -46.6037 33.9666 0
      vertex 50 38 0
    endloop
  endfacet
  facet normal 0 0 -1
    outer loop
      vertex -46.808 34.192 0
      vertex 50 38 0
      vertex -46.6037 33.9666 0
    endloop
  endfacet
  facet normal 0 0 -1
    outer loop
      vertex -50 38 0
      vertex -46.808 34.192 0
      vertex -47.0334 34.3963 0
    endloop
  endfacet
  facet normal 0 0 -1
    outer loop
      vertex -50 38 0
      vertex -47.0334 34.3963 0
      vertex -47.2777 34.5776 0
    endloop
  endfacet
  facet normal 0 0 -1
    outer loop
      vertex -50 38 0
      vertex -47.2777 34.5776 0
      vertex -47.5387 34.734 0
    endloop
  endfacet
  facet normal 0 0 -1
    outer loop
      vertex -50 38 0
      vertex -47.5387 34.734 0
      vertex -47.8137 34.864 0
    endloop
  endfacet
  facet normal 0 0 -1
    outer loop
      vertex -50 38 0
      vertex -47.8137 34.864 0
      vertex -48.1001 34.9665 0
    endloop
  endfacet
  facet normal 0 0 -1
    outer loop
      vertex -50 38 0
      vertex -48.1001 34.9665 0
      vertex -48.3952 35.0404 0
    endloop
  endfacet
  facet normal 0 0 -1
    outer loop
      vertex -50 38 0
      vertex -48.3952 35.0404 0
      vertex -48.6961 35.0851 0
    endloop
  endfacet
  facet normal 0 0 -1
    outer loop
      vertex -50 38 0
      vertex -48.6961 35.0851 0
      vertex -49 35.1 0
    endloop
  endfacet
  facet normal 0 0 -1
    outer loop
      vertex -46.808 34.192 0
      vertex -50 38 0
      vertex 50 38 0
    endloop
  endfacet
  facet normal 0 0 -1
    outer loop
      vertex -49.3039 35.0851 0
      vertex -50 38 0
      vertex -49 35.1 0
    endloop
  endfacet
  facet normal 0 0 -1
    outer loop
      vertex -49.6048 35.0404 0
      vertex -50 38 0
      vertex -49.3039 35.0851 0
    endloop
  endfacet
  facet normal 0 0 -1
    outer loop
      vertex -49.8999 34.9665 0
      vertex -50 38 0
      vertex -49.6048 35.0404 0
    endloop
  endfacet
  facet normal 0 0 -1
    outer loop
      vertex -50.9755 37.9039 0
      vertex -49.8999 34.9665 0
      vertex -50.1863 34.864 0
    endloop
  endfacet
  facet normal 0 0 -1
    outer loop
      vertex -51.4514 37.7847 0
      vertex -50.1863 34.864 0
      vertex -50.4613 34.734 0
    endloop
  endfacet
  facet normal 0 0 -1
    outer loop
      vertex -49.8999 34.9665 0
      vertex -50.4901 37.9759 0
      vertex -50 38 0
    endloop
  endfacet
  facet normal 0 0 -1
    outer loop
      vertex -51.9134 37.6194 0
      vertex -50.4613 34.734 0
      vertex -50.7223 34.5776 0
    endloop
  endfacet
  facet normal 0 0 -1
    outer loop
      vertex -52.7779 37.1573 0
      vertex -50.7223 34.5776 0
      vertex -50.9666 34.3963 0
    endloop
  endfacet
  facet normal 0 0 -1
    outer loop
      vertex -49.8999 34.9665 0
      vertex -50.9755 37.9039 0
      vertex -50.4901 37.9759 0
    endloop
  endfacet
  facet normal 0 0 -1
    outer loop
      vertex -53.172 36.8651 0
      vertex -50.9666 34.3963 0
      vertex -51.192 34.192 0
    endloop
  endfacet
  facet normal 0 0 -1
    outer loop
      vertex -53.8651 36.172 0
      vertex -51.192 34.192 0
      vertex -51.3963 33.9666 0
    endloop
  endfacet
  facet normal 0 0 -1
    outer loop
      vertex -50.1863 34.864 0
      vertex -51.4514 37.7847 0
      vertex -50.9755 37.9039 0
    endloop
  endfacet
  facet normal 0 0 -1
    outer loop
      vertex -54.1573 35.7779 0
      vertex -51.3963 33.9666 0
      vertex -51.5776 33.7223 0
    endloop
  endfacet
  facet normal 0 0 -1
    outer loop
      vertex -54.4096 35.357 0
      vertex -51.5776 33.7223 0
      vertex -51.734 33.4613 0
    endloop
  endfacet
  facet normal 0 0 -1
    outer loop
      vertex -54.7847 34.4514 0
      vertex -51.734 33.4613 0
      vertex -51.864 33.1863 0
    endloop
  endfacet
  facet normal 0 0 -1
    outer loop
      vertex -50.4613 34.734 0
      vertex -51.9134 37.6194 0
      vertex -51.4514 37.7847 0
    endloop
  endfacet
  facet normal 0 0 -1
    outer loop
      vertex -54.9039 33.9755 0
      vertex -51.864 33.1863 0
      vertex -51.9665 32.8999 0
    endloop
  endfacet
  facet normal 0 0 -1
    outer loop
      vertex -55 33 0
      vertex -51.9665 32.8999 0
      vertex -52.0404 32.6048 0
    endloop
  endfacet
  facet normal 0 0 -1
    outer loop
      vertex -55 33 0
      vertex -52.0404 32.6048 0
      vertex -52.0851 32.3039 0
    endloop
  endfacet
  facet normal 0 0 -1
    outer loop
      vertex -55 33 0
      vertex -52.0851 32.3039 0
      vertex -52.1 32 0
    endloop
  endfacet
  facet normal 0 0 -1
    outer loop
      vertex -50.7223 34.5776 0
      vertex -52.357 37.4096 0
      vertex -51.9134 37.6194 0
    endloop
  endfacet
  facet normal 0 0 -1
    outer loop
      vertex -52.0404 31.3952 0
      vertex -55 33 0
      vertex -52.0851 31.6961 0
    endloop
  endfacet
  facet normal 0 0 -1
    outer loop
      vertex -54.6194 -34.9134 0
      vertex -51.734 -33.4613 0
      vertex -54.4096 -35.357 0
    endloop
  endfacet
  facet normal 0 0 -1
    outer loop
      vertex -52.0851 31.6961 0
      vertex -55 33 0
      vertex -52.1 32 0
    endloop
  endfacet
  facet normal 0 0 -1
    outer loop
      vertex -54.7847 -34.4514 0
      vertex -51.734 -33.4613 0
      vertex -54.6194 -34.9134 0
    endloop
  endfacet
  facet normal 0 0 -1
    outer loop
      vertex -51.9665 32.8999 0
      vertex -55 33 0
      vertex -54.9759 33.4901 0
    endloop
  endfacet
  facet normal -0 0 -1
    outer loop
      vertex -51.734 -33.4613 0
      vertex -54.7847 -34.4514 0
      vertex -51.864 -33.1863 0
    endloop
  endfacet
  facet normal 0 0 -1
    outer loop
      vertex -50.7223 34.5776 0
      vertex -52.7779 37.1573 0
      vertex -52.357 37.4096 0
    endloop
  endfacet
  facet normal 0 0 -1
    outer loop
      vertex -54.9039 -33.9755 0
      vertex -51.864 -33.1863 0
      vertex -54.7847 -34.4514 0
    endloop
  endfacet
  facet normal 0 0 -1
    outer loop
      vertex -50.9666 34.3963 0
      vertex -53.172 36.8651 0
      vertex -52.7779 37.1573 0
    endloop
  endfacet
  facet normal -0 0 -1
    outer loop
      vertex -51.864 -33.1863 0
      vertex -54.9039 -33.9755 0
      vertex -51.9665 -32.8999 0
    endloop
  endfacet
  facet normal 0 0 -1
    outer loop
      vertex -51.192 34.192 0
      vertex -53.5355 36.5355 0
      vertex -53.172 36.8651 0
    endloop
  endfacet
  facet normal 0 0 -1
    outer loop
      vertex -54.9759 -33.4901 0
      vertex -51.9665 -32.8999 0
      vertex -54.9039 -33.9755 0
    endloop
  endfacet
  facet normal 0 0 -1
    outer loop
      vertex -51.192 34.192 0
      vertex -53.8651 36.172 0
      vertex -53.5355 36.5355 0
    endloop
  endfacet
  facet normal 0 0 -1
    outer loop
      vertex -55 -33 0
      vertex -51.9665 -32.8999 0
      vertex -54.9759 -33.4901 0
    endloop
  endfacet
  facet normal 0 0 -1
    outer loop
      vertex -51.3963 33.9666 0
      vertex -54.1573 35.7779 0
      vertex -53.8651 36.172 0
    endloop
  endfacet
  facet normal -0 0 -1
    outer loop
      vertex -51.9665 -32.8999 0
      vertex -55 -33 0
      vertex -52.0404 -32.6048 0
    endloop
  endfacet
  facet normal 0 0 -1
    outer loop
      vertex -51.5776 33.7223 0
      vertex -54.4096 35.357 0
      vertex -54.1573 35.7779 0
    endloop
  endfacet
  facet normal -0 0 -1
    outer loop
      vertex -52.0404 -32.6048 0
      vertex -55 -33 0
      vertex -52.0851 -32.3039 0
    endloop
  endfacet
  facet normal 0 0 -1
    outer loop
      vertex -51.734 33.4613 0
      vertex -54.6194 34.9134 0
      vertex -54.4096 35.357 0
    endloop
  endfacet
  facet normal -0 0 -1
    outer loop
      vertex -52.0851 -32.3039 0
      vertex -55 -33 0
      vertex -52.1 -32 0
    endloop
  endfacet
  facet normal 0 0 -1
    outer loop
      vertex -51.734 33.4613 0
      vertex -54.7847 34.4514 0
      vertex -54.6194 34.9134 0
    endloop
  endfacet
  facet normal 0 0 -1
    outer loop
      vertex -51.864 33.1863 0
      vertex -54.9039 33.9755 0
      vertex -54.7847 34.4514 0
    endloop
  endfacet
  facet normal 0 0 -1
    outer loop
      vertex -51.9665 32.8999 0
      vertex -54.9759 33.4901 0
      vertex -54.9039 33.9755 0
    endloop
  endfacet
  facet normal 0 0 -1
    outer loop
      vertex 49.6048 28.9596 0
      vertex 47.1618 23.4445 0
      vertex 49.3039 28.9149 0
    endloop
  endfacet
  facet normal 0 0 -1
    outer loop
      vertex 47.0098 23.6494 0
      vertex 49.3039 28.9149 0
      vertex 47.1618 23.4445 0
    endloop
  endfacet
  facet normal 0 0 -1
    outer loop
      vertex 49.3039 28.9149 0
      vertex 47.0098 23.6494 0
      vertex 49 28.9 0
    endloop
  endfacet
  facet normal 0 0 -1
    outer loop
      vertex 46.8385 23.8385 0
      vertex 49 28.9 0
      vertex 47.0098 23.6494 0
    endloop
  endfacet
  facet normal -0 0 -1
    outer loop
      vertex 49 28.9 0
      vertex 46.8385 23.8385 0
      vertex 48.6961 28.9149 0
    endloop
  endfacet
  facet normal 0 0 -1
    outer loop
      vertex 46.6494 24.0098 0
      vertex 48.6961 28.9149 0
      vertex 46.8385 23.8385 0
    endloop
  endfacet
  facet normal -0 0 -1
    outer loop
      vertex 48.6961 28.9149 0
      vertex 46.6494 24.0098 0
      vertex 48.3952 28.9596 0
    endloop
  endfacet
  facet normal 0 0 -1
    outer loop
      vertex 46.4445 24.1618 0
      vertex 48.3952 28.9596 0
      vertex 46.6494 24.0098 0
    endloop
  endfacet
  facet normal 0 0 -1
    outer loop
      vertex 46.2256 24.293 0
      vertex 48.3952 28.9596 0
      vertex 46.4445 24.1618 0
    endloop
  endfacet
  facet normal -0 0 -1
    outer loop
      vertex 48.3952 28.9596 0
      vertex 46.2256 24.293 0
      vertex 48.1001 29.0335 0
    endloop
  endfacet
  facet normal 0 0 -1
    outer loop
      vertex 45.995 24.4021 0
      vertex 48.1001 29.0335 0
      vertex 46.2256 24.293 0
    endloop
  endfacet
  facet normal -0 0 -1
    outer loop
      vertex 48.1001 29.0335 0
      vertex 45.995 24.4021 0
      vertex 47.8137 29.136 0
    endloop
  endfacet
  facet normal 0 0 -1
    outer loop
      vertex 45.7547 24.488 0
      vertex 47.8137 29.136 0
      vertex 45.995 24.4021 0
    endloop
  endfacet
  facet normal -0 0 -1
    outer loop
      vertex 47.8137 29.136 0
      vertex 45.7547 24.488 0
      vertex 47.5387 29.266 0
    endloop
  endfacet
  facet normal 0 0 -1
    outer loop
      vertex 45.5072 24.55 0
      vertex 47.5387 29.266 0
      vertex 45.7547 24.488 0
    endloop
  endfacet
  facet normal -0 0 -1
    outer loop
      vertex 47.5387 29.266 0
      vertex 45.5072 24.55 0
      vertex 47.2777 29.4224 0
    endloop
  endfacet
  facet normal 0 0 -1
    outer loop
      vertex 45.2548 24.5875 0
      vertex 47.2777 29.4224 0
      vertex 45.5072 24.55 0
    endloop
  endfacet
  facet normal -0 0 -1
    outer loop
      vertex 47.2777 29.4224 0
      vertex 45.2548 24.5875 0
      vertex 47.0334 29.6037 0
    endloop
  endfacet
  facet normal 0 0 -1
    outer loop
      vertex 45 24.6 0
      vertex 47.0334 29.6037 0
      vertex 45.2548 24.5875 0
    endloop
  endfacet
  facet normal -0 0 -1
    outer loop
      vertex 47.0334 29.6037 0
      vertex 45 24.6 0
      vertex 46.808 29.808 0
    endloop
  endfacet
  facet normal 0 0 -1
    outer loop
      vertex 44.7452 24.5875 0
      vertex 46.808 29.808 0
      vertex 45 24.6 0
    endloop
  endfacet
  facet normal -0 0 -1
    outer loop
      vertex 46.808 29.808 0
      vertex 44.7452 24.5875 0
      vertex 46.6037 30.0334 0
    endloop
  endfacet
  facet normal 0 0 -1
    outer loop
      vertex 44.4928 24.55 0
      vertex 46.6037 30.0334 0
      vertex 44.7452 24.5875 0
    endloop
  endfacet
  facet normal -0 0 -1
    outer loop
      vertex 46.6037 30.0334 0
      vertex 44.4928 24.55 0
      vertex 46.4224 30.2777 0
    endloop
  endfacet
  facet normal 0 0 -1
    outer loop
      vertex 44.2453 24.488 0
      vertex 46.4224 30.2777 0
      vertex 44.4928 24.55 0
    endloop
  endfacet
  facet normal -0.80329 0.595588 0
    outer loop
      vertex -54.1573 35.7779 0
      vertex -53.8651 36.172 2.4
      vertex -53.8651 36.172 0
    endloop
  endfacet
  facet normal -0.80329 0.595588 0
    outer loop
      vertex -53.8651 36.172 2.4
      vertex -54.1573 35.7779 0
      vertex -54.1573 35.7779 2.4
    endloop
  endfacet
  facet normal -0.941548 0.336879 0
    outer loop
      vertex -54.7847 34.4514 0
      vertex -54.6194 34.9134 2.4
      vertex -54.6194 34.9134 0
    endloop
  endfacet
  facet normal -0.941548 0.336879 0
    outer loop
      vertex -54.6194 34.9134 2.4
      vertex -54.7847 34.4514 0
      vertex -54.7847 34.4514 2.4
    endloop
  endfacet
  facet normal -0.989168 -0.146788 0
    outer loop
      vertex -47.3082 -31.8334 1.39
      vertex -47.3327 -31.6683 2.4
      vertex -47.3327 -31.6683 1.39
    endloop
  endfacet
  facet normal -0.989168 -0.146788 0
    outer loop
      vertex -47.3327 -31.6683 2.4
      vertex -47.3082 -31.8334 1.39
      vertex -47.3082 -31.8334 2.4
    endloop
  endfacet
  facet normal -0.998791 -0.0491602 0
    outer loop
      vertex -47.3 -32 1.39
      vertex -47.3082 -31.8334 2.4
      vertex -47.3082 -31.8334 1.39
    endloop
  endfacet
  facet normal -0.998791 -0.0491602 0
    outer loop
      vertex -47.3082 -31.8334 2.4
      vertex -47.3 -32 1.39
      vertex -47.3 -32 2.4
    endloop
  endfacet
  facet normal -0.970072 -0.242818 0
    outer loop
      vertex -47.3327 -31.6683 1.39
      vertex -47.3732 -31.5065 2.4
      vertex -47.3732 -31.5065 1.39
    endloop
  endfacet
  facet normal -0.970072 -0.242818 0
    outer loop
      vertex -47.3732 -31.5065 2.4
      vertex -47.3327 -31.6683 1.39
      vertex -47.3327 -31.6683 2.4
    endloop
  endfacet
  facet normal -0.427442 0.904043 0
    outer loop
      vertex -48.1986 -33.4993 1.39
      vertex -48.3494 -33.5706 2.4
      vertex -48.1986 -33.4993 2.4
    endloop
  endfacet
  facet normal -0.427442 0.904043 0
    outer loop
      vertex -48.3494 -33.5706 2.4
      vertex -48.1986 -33.4993 1.39
      vertex -48.3494 -33.5706 1.39
    endloop
  endfacet
  facet normal 0.0491602 -0.998791 0
    outer loop
      vertex -49.1666 -30.3082 1.39
      vertex -49 -30.3 2.4
      vertex -49.1666 -30.3082 2.4
    endloop
  endfacet
  facet normal 0.0491602 -0.998791 0
    outer loop
      vertex -49 -30.3 2.4
      vertex -49.1666 -30.3082 1.39
      vertex -49 -30.3 1.39
    endloop
  endfacet
  facet normal 0.427442 -0.904043 0
    outer loop
      vertex -49.8014 -30.5007 1.39
      vertex -49.6506 -30.4294 2.4
      vertex -49.8014 -30.5007 2.4
    endloop
  endfacet
  facet normal 0.427442 -0.904043 0
    outer loop
      vertex -49.6506 -30.4294 2.4
      vertex -49.8014 -30.5007 1.39
      vertex -49.6506 -30.4294 1.39
    endloop
  endfacet
  facet normal -0.741024 -0.671478 0
    outer loop
      vertex -47.6859 -30.9215 1.39
      vertex -47.7979 -30.7979 2.4
      vertex -47.7979 -30.7979 1.39
    endloop
  endfacet
  facet normal -0.741024 -0.671478 0
    outer loop
      vertex -47.7979 -30.7979 2.4
      vertex -47.6859 -30.9215 1.39
      vertex -47.6859 -30.9215 2.4
    endloop
  endfacet
  facet normal 0.146788 0.989168 -0
    outer loop
      vertex -49.1666 -33.6918 1.39
      vertex -49.3317 -33.6673 2.4
      vertex -49.1666 -33.6918 2.4
    endloop
  endfacet
  facet normal 0.146788 0.989168 0
    outer loop
      vertex -49.3317 -33.6673 2.4
      vertex -49.1666 -33.6918 1.39
      vertex -49.3317 -33.6673 1.39
    endloop
  endfacet
  facet normal -0.427442 -0.904043 0
    outer loop
      vertex -48.3494 -30.4294 1.39
      vertex -48.1986 -30.5007 2.4
      vertex -48.3494 -30.4294 2.4
    endloop
  endfacet
  facet normal -0.427442 -0.904043 -0
    outer loop
      vertex -48.1986 -30.5007 2.4
      vertex -48.3494 -30.4294 1.39
      vertex -48.1986 -30.5007 1.39
    endloop
  endfacet
  facet normal 0.146788 -0.989168 0
    outer loop
      vertex -49.3317 -30.3327 1.39
      vertex -49.1666 -30.3082 2.4
      vertex -49.3317 -30.3327 2.4
    endloop
  endfacet
  facet normal 0.146788 -0.989168 0
    outer loop
      vertex -49.1666 -30.3082 2.4
      vertex -49.3317 -30.3327 1.39
      vertex -49.1666 -30.3082 1.39
    endloop
  endfacet
  facet normal -0.242818 0.970072 0
    outer loop
      vertex -48.5065 -33.6268 1.39
      vertex -48.6683 -33.6673 2.4
      vertex -48.5065 -33.6268 2.4
    endloop
  endfacet
  facet normal -0.242818 0.970072 0
    outer loop
      vertex -48.6683 -33.6673 2.4
      vertex -48.5065 -33.6268 1.39
      vertex -48.6683 -33.6673 1.39
    endloop
  endfacet
  facet normal 0.595772 -0.803154 0
    outer loop
      vertex -50.0785 -30.6859 1.39
      vertex -49.9445 -30.5865 2.4
      vertex -50.0785 -30.6859 2.4
    endloop
  endfacet
  facet normal 0.595772 -0.803154 0
    outer loop
      vertex -49.9445 -30.5865 2.4
      vertex -50.0785 -30.6859 1.39
      vertex -49.9445 -30.5865 1.39
    endloop
  endfacet
  facet normal 0.904043 -0.427442 0
    outer loop
      vertex -50.5706 -31.3494 2.4
      vertex -50.4993 -31.1986 1.39
      vertex -50.4993 -31.1986 2.4
    endloop
  endfacet
  facet normal 0.904043 -0.427442 0
    outer loop
      vertex -50.4993 -31.1986 1.39
      vertex -50.5706 -31.3494 2.4
      vertex -50.5706 -31.3494 1.39
    endloop
  endfacet
  facet normal 0.427442 0.904043 -0
    outer loop
      vertex -49.6506 -33.5706 1.39
      vertex -49.8014 -33.4993 2.4
      vertex -49.6506 -33.5706 2.4
    endloop
  endfacet
  facet normal 0.427442 0.904043 0
    outer loop
      vertex -49.8014 -33.4993 2.4
      vertex -49.6506 -33.5706 1.39
      vertex -49.8014 -33.4993 1.39
    endloop
  endfacet
  facet normal 0.595772 0.803154 -0
    outer loop
      vertex -49.9445 -33.4135 1.39
      vertex -50.0785 -33.3141 2.4
      vertex -49.9445 -33.4135 2.4
    endloop
  endfacet
  facet normal 0.595772 0.803154 0
    outer loop
      vertex -50.0785 -33.3141 2.4
      vertex -49.9445 -33.4135 1.39
      vertex -50.0785 -33.3141 1.39
    endloop
  endfacet
  facet normal 0.904043 0.427442 0
    outer loop
      vertex -50.4993 -32.8014 2.4
      vertex -50.5706 -32.6506 1.39
      vertex -50.5706 -32.6506 2.4
    endloop
  endfacet
  facet normal 0.904043 0.427442 0
    outer loop
      vertex -50.5706 -32.6506 1.39
      vertex -50.4993 -32.8014 2.4
      vertex -50.4993 -32.8014 1.39
    endloop
  endfacet
  facet normal -0.514231 -0.857652 0
    outer loop
      vertex -48.1986 -30.5007 1.39
      vertex -48.0555 -30.5865 2.4
      vertex -48.1986 -30.5007 2.4
    endloop
  endfacet
  facet normal -0.514231 -0.857652 -0
    outer loop
      vertex -48.0555 -30.5865 2.4
      vertex -48.1986 -30.5007 1.39
      vertex -48.0555 -30.5865 1.39
    endloop
  endfacet
  facet normal 0.998791 0.0491602 0
    outer loop
      vertex -50.6918 -32.1666 2.4
      vertex -50.7 -32 1.39
      vertex -50.7 -32 2.4
    endloop
  endfacet
  facet normal 0.998791 0.0491602 0
    outer loop
      vertex -50.7 -32 1.39
      vertex -50.6918 -32.1666 2.4
      vertex -50.6918 -32.1666 1.39
    endloop
  endfacet
  facet normal 0.33683 0.941566 -0
    outer loop
      vertex -49.4935 -33.6268 1.39
      vertex -49.6506 -33.5706 2.4
      vertex -49.4935 -33.6268 2.4
    endloop
  endfacet
  facet normal 0.33683 0.941566 0
    outer loop
      vertex -49.6506 -33.5706 2.4
      vertex -49.4935 -33.6268 1.39
      vertex -49.6506 -33.5706 1.39
    endloop
  endfacet
  facet normal -0.595772 -0.803154 0
    outer loop
      vertex -48.0555 -30.5865 1.39
      vertex -47.9215 -30.6859 2.4
      vertex -48.0555 -30.5865 2.4
    endloop
  endfacet
  facet normal -0.595772 -0.803154 -0
    outer loop
      vertex -47.9215 -30.6859 2.4
      vertex -48.0555 -30.5865 1.39
      vertex -47.9215 -30.6859 1.39
    endloop
  endfacet
  facet normal -0.970072 0.242818 0
    outer loop
      vertex -47.3732 -32.4935 1.39
      vertex -47.3327 -32.3317 2.4
      vertex -47.3327 -32.3317 1.39
    endloop
  endfacet
  facet normal -0.970072 0.242818 0
    outer loop
      vertex -47.3327 -32.3317 2.4
      vertex -47.3732 -32.4935 1.39
      vertex -47.3732 -32.4935 2.4
    endloop
  endfacet
  facet normal 0.941566 0.33683 0
    outer loop
      vertex -50.5706 -32.6506 2.4
      vertex -50.6268 -32.4935 1.39
      vertex -50.6268 -32.4935 2.4
    endloop
  endfacet
  facet normal 0.941566 0.33683 0
    outer loop
      vertex -50.6268 -32.4935 1.39
      vertex -50.5706 -32.6506 2.4
      vertex -50.5706 -32.6506 1.39
    endloop
  endfacet
  facet normal -0.242818 -0.970072 0
    outer loop
      vertex -48.6683 -30.3327 1.39
      vertex -48.5065 -30.3732 2.4
      vertex -48.6683 -30.3327 2.4
    endloop
  endfacet
  facet normal -0.242818 -0.970072 -0
    outer loop
      vertex -48.5065 -30.3732 2.4
      vertex -48.6683 -30.3327 1.39
      vertex -48.5065 -30.3732 1.39
    endloop
  endfacet
  facet normal 0.741024 -0.671478 0
    outer loop
      vertex -50.3141 -30.9215 2.4
      vertex -50.2021 -30.7979 1.39
      vertex -50.2021 -30.7979 2.4
    endloop
  endfacet
  facet normal 0.741024 -0.671478 0
    outer loop
      vertex -50.2021 -30.7979 1.39
      vertex -50.3141 -30.9215 2.4
      vertex -50.3141 -30.9215 1.39
    endloop
  endfacet
  facet normal -0.0491602 0.998791 0
    outer loop
      vertex -48.8334 -33.6918 1.39
      vertex -49 -33.7 2.4
      vertex -48.8334 -33.6918 2.4
    endloop
  endfacet
  facet normal -0.0491602 0.998791 0
    outer loop
      vertex -49 -33.7 2.4
      vertex -48.8334 -33.6918 1.39
      vertex -49 -33.7 1.39
    endloop
  endfacet
  facet normal -0.803154 -0.595772 0
    outer loop
      vertex -47.5865 -31.0555 1.39
      vertex -47.6859 -30.9215 2.4
      vertex -47.6859 -30.9215 1.39
    endloop
  endfacet
  facet normal -0.803154 -0.595772 0
    outer loop
      vertex -47.6859 -30.9215 2.4
      vertex -47.5865 -31.0555 1.39
      vertex -47.5865 -31.0555 2.4
    endloop
  endfacet
  facet normal 0.970072 0.242818 0
    outer loop
      vertex -50.6268 -32.4935 2.4
      vertex -50.6673 -32.3317 1.39
      vertex -50.6673 -32.3317 2.4
    endloop
  endfacet
  facet normal 0.970072 0.242818 0
    outer loop
      vertex -50.6673 -32.3317 1.39
      vertex -50.6268 -32.4935 2.4
      vertex -50.6268 -32.4935 1.39
    endloop
  endfacet
  facet normal -0.989168 0.146788 0
    outer loop
      vertex -47.3327 -32.3317 1.39
      vertex -47.3082 -32.1666 2.4
      vertex -47.3082 -32.1666 1.39
    endloop
  endfacet
  facet normal -0.989168 0.146788 0
    outer loop
      vertex -47.3082 -32.1666 2.4
      vertex -47.3327 -32.3317 1.39
      vertex -47.3327 -32.3317 2.4
    endloop
  endfacet
  facet normal -0.514231 0.857652 0
    outer loop
      vertex -48.0555 -33.4135 1.39
      vertex -48.1986 -33.4993 2.4
      vertex -48.0555 -33.4135 2.4
    endloop
  endfacet
  facet normal -0.514231 0.857652 0
    outer loop
      vertex -48.1986 -33.4993 2.4
      vertex -48.0555 -33.4135 1.39
      vertex -48.1986 -33.4993 1.39
    endloop
  endfacet
  facet normal 0.941566 -0.33683 0
    outer loop
      vertex -50.6268 -31.5065 2.4
      vertex -50.5706 -31.3494 1.39
      vertex -50.5706 -31.3494 2.4
    endloop
  endfacet
  facet normal 0.941566 -0.33683 0
    outer loop
      vertex -50.5706 -31.3494 1.39
      vertex -50.6268 -31.5065 2.4
      vertex -50.6268 -31.5065 1.39
    endloop
  endfacet
  facet normal -0.671478 -0.741024 0
    outer loop
      vertex -47.9215 -30.6859 1.39
      vertex -47.7979 -30.7979 2.4
      vertex -47.9215 -30.6859 2.4
    endloop
  endfacet
  facet normal -0.671478 -0.741024 -0
    outer loop
      vertex -47.7979 -30.7979 2.4
      vertex -47.9215 -30.6859 1.39
      vertex -47.7979 -30.7979 1.39
    endloop
  endfacet
  facet normal 0.989168 -0.146788 0
    outer loop
      vertex -50.6918 -31.8334 2.4
      vertex -50.6673 -31.6683 1.39
      vertex -50.6673 -31.6683 2.4
    endloop
  endfacet
  facet normal 0.989168 -0.146788 0
    outer loop
      vertex -50.6673 -31.6683 1.39
      vertex -50.6918 -31.8334 2.4
      vertex -50.6918 -31.8334 1.39
    endloop
  endfacet
  facet normal -0.904043 0.427442 0
    outer loop
      vertex -47.5007 -32.8014 1.39
      vertex -47.4294 -32.6506 2.4
      vertex -47.4294 -32.6506 1.39
    endloop
  endfacet
  facet normal -0.904043 0.427442 0
    outer loop
      vertex -47.4294 -32.6506 2.4
      vertex -47.5007 -32.8014 1.39
      vertex -47.5007 -32.8014 2.4
    endloop
  endfacet
  facet normal -0.33683 -0.941566 0
    outer loop
      vertex -48.5065 -30.3732 1.39
      vertex -48.3494 -30.4294 2.4
      vertex -48.5065 -30.3732 2.4
    endloop
  endfacet
  facet normal -0.33683 -0.941566 -0
    outer loop
      vertex -48.3494 -30.4294 2.4
      vertex -48.5065 -30.3732 1.39
      vertex -48.3494 -30.4294 1.39
    endloop
  endfacet
  facet normal -0.998791 0.0491602 0
    outer loop
      vertex -47.3082 -32.1666 1.39
      vertex -47.3 -32 2.4
      vertex -47.3 -32 1.39
    endloop
  endfacet
  facet normal -0.998791 0.0491602 0
    outer loop
      vertex -47.3 -32 2.4
      vertex -47.3082 -32.1666 1.39
      vertex -47.3082 -32.1666 2.4
    endloop
  endfacet
  facet normal -0.146788 0.989168 0
    outer loop
      vertex -48.6683 -33.6673 1.39
      vertex -48.8334 -33.6918 2.4
      vertex -48.6683 -33.6673 2.4
    endloop
  endfacet
  facet normal -0.146788 0.989168 0
    outer loop
      vertex -48.8334 -33.6918 2.4
      vertex -48.6683 -33.6673 1.39
      vertex -48.8334 -33.6918 1.39
    endloop
  endfacet
  facet normal -0.941566 -0.33683 0
    outer loop
      vertex -47.3732 -31.5065 1.39
      vertex -47.4294 -31.3494 2.4
      vertex -47.4294 -31.3494 1.39
    endloop
  endfacet
  facet normal -0.941566 -0.33683 0
    outer loop
      vertex -47.4294 -31.3494 2.4
      vertex -47.3732 -31.5065 1.39
      vertex -47.3732 -31.5065 2.4
    endloop
  endfacet
  facet normal -0.803154 0.595772 0
    outer loop
      vertex -47.6859 -33.0785 1.39
      vertex -47.5865 -32.9445 2.4
      vertex -47.5865 -32.9445 1.39
    endloop
  endfacet
  facet normal -0.803154 0.595772 0
    outer loop
      vertex -47.5865 -32.9445 2.4
      vertex -47.6859 -33.0785 1.39
      vertex -47.6859 -33.0785 2.4
    endloop
  endfacet
  facet normal -0.857652 0.514231 0
    outer loop
      vertex -47.5865 -32.9445 1.39
      vertex -47.5007 -32.8014 2.4
      vertex -47.5007 -32.8014 1.39
    endloop
  endfacet
  facet normal -0.857652 0.514231 0
    outer loop
      vertex -47.5007 -32.8014 2.4
      vertex -47.5865 -32.9445 1.39
      vertex -47.5865 -32.9445 2.4
    endloop
  endfacet
  facet normal 0.242818 -0.970072 0
    outer loop
      vertex -49.4935 -30.3732 1.39
      vertex -49.3317 -30.3327 2.4
      vertex -49.4935 -30.3732 2.4
    endloop
  endfacet
  facet normal 0.242818 -0.970072 0
    outer loop
      vertex -49.3317 -30.3327 2.4
      vertex -49.4935 -30.3732 1.39
      vertex -49.3317 -30.3327 1.39
    endloop
  endfacet
  facet normal -0.941566 0.33683 0
    outer loop
      vertex -47.4294 -32.6506 1.39
      vertex -47.3732 -32.4935 2.4
      vertex -47.3732 -32.4935 1.39
    endloop
  endfacet
  facet normal -0.941566 0.33683 0
    outer loop
      vertex -47.3732 -32.4935 2.4
      vertex -47.4294 -32.6506 1.39
      vertex -47.4294 -32.6506 2.4
    endloop
  endfacet
  facet normal -0.0491602 -0.998791 0
    outer loop
      vertex -49 -30.3 1.39
      vertex -48.8334 -30.3082 2.4
      vertex -49 -30.3 2.4
    endloop
  endfacet
  facet normal -0.0491602 -0.998791 -0
    outer loop
      vertex -48.8334 -30.3082 2.4
      vertex -49 -30.3 1.39
      vertex -48.8334 -30.3082 1.39
    endloop
  endfacet
  facet normal 0.514231 -0.857652 0
    outer loop
      vertex -49.9445 -30.5865 1.39
      vertex -49.8014 -30.5007 2.4
      vertex -49.9445 -30.5865 2.4
    endloop
  endfacet
  facet normal 0.514231 -0.857652 0
    outer loop
      vertex -49.8014 -30.5007 2.4
      vertex -49.9445 -30.5865 1.39
      vertex -49.8014 -30.5007 1.39
    endloop
  endfacet
  facet normal -0.904043 -0.427442 0
    outer loop
      vertex -47.4294 -31.3494 1.39
      vertex -47.5007 -31.1986 2.4
      vertex -47.5007 -31.1986 1.39
    endloop
  endfacet
  facet normal -0.904043 -0.427442 0
    outer loop
      vertex -47.5007 -31.1986 2.4
      vertex -47.4294 -31.3494 1.39
      vertex -47.4294 -31.3494 2.4
    endloop
  endfacet
  facet normal -0.146788 -0.989168 0
    outer loop
      vertex -48.8334 -30.3082 1.39
      vertex -48.6683 -30.3327 2.4
      vertex -48.8334 -30.3082 2.4
    endloop
  endfacet
  facet normal -0.146788 -0.989168 -0
    outer loop
      vertex -48.6683 -30.3327 2.4
      vertex -48.8334 -30.3082 1.39
      vertex -48.6683 -30.3327 1.39
    endloop
  endfacet
  facet normal 0.242818 0.970072 -0
    outer loop
      vertex -49.3317 -33.6673 1.39
      vertex -49.4935 -33.6268 2.4
      vertex -49.3317 -33.6673 2.4
    endloop
  endfacet
  facet normal 0.242818 0.970072 0
    outer loop
      vertex -49.4935 -33.6268 2.4
      vertex -49.3317 -33.6673 1.39
      vertex -49.4935 -33.6268 1.39
    endloop
  endfacet
  facet normal 0.857652 0.514231 0
    outer loop
      vertex -50.4135 -32.9445 2.4
      vertex -50.4993 -32.8014 1.39
      vertex -50.4993 -32.8014 2.4
    endloop
  endfacet
  facet normal 0.857652 0.514231 0
    outer loop
      vertex -50.4993 -32.8014 1.39
      vertex -50.4135 -32.9445 2.4
      vertex -50.4135 -32.9445 1.39
    endloop
  endfacet
  facet normal -0.857652 -0.514231 0
    outer loop
      vertex -47.5007 -31.1986 1.39
      vertex -47.5865 -31.0555 2.4
      vertex -47.5865 -31.0555 1.39
    endloop
  endfacet
  facet normal -0.857652 -0.514231 0
    outer loop
      vertex -47.5865 -31.0555 2.4
      vertex -47.5007 -31.1986 1.39
      vertex -47.5007 -31.1986 2.4
    endloop
  endfacet
  facet normal 0.33683 -0.941566 0
    outer loop
      vertex -49.6506 -30.4294 1.39
      vertex -49.4935 -30.3732 2.4
      vertex -49.6506 -30.4294 2.4
    endloop
  endfacet
  facet normal 0.33683 -0.941566 0
    outer loop
      vertex -49.4935 -30.3732 2.4
      vertex -49.6506 -30.4294 1.39
      vertex -49.4935 -30.3732 1.39
    endloop
  endfacet
  facet normal 0.741024 0.671478 0
    outer loop
      vertex -50.2021 -33.2021 2.4
      vertex -50.3141 -33.0785 1.39
      vertex -50.3141 -33.0785 2.4
    endloop
  endfacet
  facet normal 0.741024 0.671478 0
    outer loop
      vertex -50.3141 -33.0785 1.39
      vertex -50.2021 -33.2021 2.4
      vertex -50.2021 -33.2021 1.39
    endloop
  endfacet
  facet normal 0.671478 -0.741024 0
    outer loop
      vertex -50.2021 -30.7979 1.39
      vertex -50.0785 -30.6859 2.4
      vertex -50.2021 -30.7979 2.4
    endloop
  endfacet
  facet normal 0.671478 -0.741024 0
    outer loop
      vertex -50.0785 -30.6859 2.4
      vertex -50.2021 -30.7979 1.39
      vertex -50.0785 -30.6859 1.39
    endloop
  endfacet
  facet normal 0.514231 0.857652 -0
    outer loop
      vertex -49.8014 -33.4993 1.39
      vertex -49.9445 -33.4135 2.4
      vertex -49.8014 -33.4993 2.4
    endloop
  endfacet
  facet normal 0.514231 0.857652 0
    outer loop
      vertex -49.9445 -33.4135 2.4
      vertex -49.8014 -33.4993 1.39
      vertex -49.9445 -33.4135 1.39
    endloop
  endfacet
  facet normal 0.970072 -0.242818 0
    outer loop
      vertex -50.6673 -31.6683 2.4
      vertex -50.6268 -31.5065 1.39
      vertex -50.6268 -31.5065 2.4
    endloop
  endfacet
  facet normal 0.970072 -0.242818 0
    outer loop
      vertex -50.6268 -31.5065 1.39
      vertex -50.6673 -31.6683 2.4
      vertex -50.6673 -31.6683 1.39
    endloop
  endfacet
  facet normal -0.33683 0.941566 0
    outer loop
      vertex -48.3494 -33.5706 1.39
      vertex -48.5065 -33.6268 2.4
      vertex -48.3494 -33.5706 2.4
    endloop
  endfacet
  facet normal -0.33683 0.941566 0
    outer loop
      vertex -48.5065 -33.6268 2.4
      vertex -48.3494 -33.5706 1.39
      vertex -48.5065 -33.6268 1.39
    endloop
  endfacet
  facet normal 0.803154 0.595772 0
    outer loop
      vertex -50.3141 -33.0785 2.4
      vertex -50.4135 -32.9445 1.39
      vertex -50.4135 -32.9445 2.4
    endloop
  endfacet
  facet normal 0.803154 0.595772 0
    outer loop
      vertex -50.4135 -32.9445 1.39
      vertex -50.3141 -33.0785 2.4
      vertex -50.3141 -33.0785 1.39
    endloop
  endfacet
  facet normal 0.989168 0.146788 0
    outer loop
      vertex -50.6673 -32.3317 2.4
      vertex -50.6918 -32.1666 1.39
      vertex -50.6918 -32.1666 2.4
    endloop
  endfacet
  facet normal 0.989168 0.146788 0
    outer loop
      vertex -50.6918 -32.1666 1.39
      vertex -50.6673 -32.3317 2.4
      vertex -50.6673 -32.3317 1.39
    endloop
  endfacet
  facet normal -0.595772 0.803154 0
    outer loop
      vertex -47.9215 -33.3141 1.39
      vertex -48.0555 -33.4135 2.4
      vertex -47.9215 -33.3141 2.4
    endloop
  endfacet
  facet normal -0.595772 0.803154 0
    outer loop
      vertex -48.0555 -33.4135 2.4
      vertex -47.9215 -33.3141 1.39
      vertex -48.0555 -33.4135 1.39
    endloop
  endfacet
  facet normal 0.671478 0.741024 -0
    outer loop
      vertex -50.0785 -33.3141 1.39
      vertex -50.2021 -33.2021 2.4
      vertex -50.0785 -33.3141 2.4
    endloop
  endfacet
  facet normal 0.671478 0.741024 0
    outer loop
      vertex -50.2021 -33.2021 2.4
      vertex -50.0785 -33.3141 1.39
      vertex -50.2021 -33.2021 1.39
    endloop
  endfacet
  facet normal 0.803154 -0.595772 0
    outer loop
      vertex -50.4135 -31.0555 2.4
      vertex -50.3141 -30.9215 1.39
      vertex -50.3141 -30.9215 2.4
    endloop
  endfacet
  facet normal 0.803154 -0.595772 0
    outer loop
      vertex -50.3141 -30.9215 1.39
      vertex -50.4135 -31.0555 2.4
      vertex -50.4135 -31.0555 1.39
    endloop
  endfacet
  facet normal 0.857652 -0.514231 0
    outer loop
      vertex -50.4993 -31.1986 2.4
      vertex -50.4135 -31.0555 1.39
      vertex -50.4135 -31.0555 2.4
    endloop
  endfacet
  facet normal 0.857652 -0.514231 0
    outer loop
      vertex -50.4135 -31.0555 1.39
      vertex -50.4993 -31.1986 2.4
      vertex -50.4993 -31.1986 1.39
    endloop
  endfacet
  facet normal 0.0491602 0.998791 -0
    outer loop
      vertex -49 -33.7 1.39
      vertex -49.1666 -33.6918 2.4
      vertex -49 -33.7 2.4
    endloop
  endfacet
  facet normal 0.0491602 0.998791 0
    outer loop
      vertex -49.1666 -33.6918 2.4
      vertex -49 -33.7 1.39
      vertex -49.1666 -33.6918 1.39
    endloop
  endfacet
  facet normal 0.998791 -0.0491602 0
    outer loop
      vertex -50.7 -32 2.4
      vertex -50.6918 -31.8334 1.39
      vertex -50.6918 -31.8334 2.4
    endloop
  endfacet
  facet normal 0.998791 -0.0491602 0
    outer loop
      vertex -50.6918 -31.8334 1.39
      vertex -50.7 -32 2.4
      vertex -50.7 -32 1.39
    endloop
  endfacet
  facet normal -0.741024 0.671478 0
    outer loop
      vertex -47.7979 -33.2021 1.39
      vertex -47.6859 -33.0785 2.4
      vertex -47.6859 -33.0785 1.39
    endloop
  endfacet
  facet normal -0.741024 0.671478 0
    outer loop
      vertex -47.6859 -33.0785 2.4
      vertex -47.7979 -33.2021 1.39
      vertex -47.7979 -33.2021 2.4
    endloop
  endfacet
  facet normal -0.671478 0.741024 0
    outer loop
      vertex -47.7979 -33.2021 1.39
      vertex -47.9215 -33.3141 2.4
      vertex -47.7979 -33.2021 2.4
    endloop
  endfacet
  facet normal -0.671478 0.741024 0
    outer loop
      vertex -47.9215 -33.3141 2.4
      vertex -47.7979 -33.2021 1.39
      vertex -47.9215 -33.3141 1.39
    endloop
  endfacet
  facet normal -0.989145 -0.146942 0
    outer loop
      vertex -45.9149 -31.6961 0
      vertex -45.9596 -31.3952 1.39
      vertex -45.9596 -31.3952 0
    endloop
  endfacet
  facet normal -0.989145 -0.146942 0
    outer loop
      vertex -45.9596 -31.3952 1.39
      vertex -45.9149 -31.6961 0
      vertex -45.9149 -31.6961 1.39
    endloop
  endfacet
  facet normal -0.9988 -0.0489705 0
    outer loop
      vertex -45.9 -32 0
      vertex -45.9149 -31.6961 1.39
      vertex -45.9149 -31.6961 0
    endloop
  endfacet
  facet normal -0.9988 -0.0489705 0
    outer loop
      vertex -45.9149 -31.6961 1.39
      vertex -45.9 -32 0
      vertex -45.9 -32 1.39
    endloop
  endfacet
  facet normal -0.970046 -0.242922 0
    outer loop
      vertex -45.9596 -31.3952 0
      vertex -46.0335 -31.1001 1.39
      vertex -46.0335 -31.1001 0
    endloop
  endfacet
  facet normal -0.970046 -0.242922 0
    outer loop
      vertex -46.0335 -31.1001 1.39
      vertex -45.9596 -31.3952 0
      vertex -45.9596 -31.3952 1.39
    endloop
  endfacet
  facet normal -0.803027 0.595943 0
    outer loop
      vertex -46.6037 -33.9666 0
      vertex -46.4224 -33.7223 1.39
      vertex -46.4224 -33.7223 0
    endloop
  endfacet
  facet normal -0.803027 0.595943 0
    outer loop
      vertex -46.4224 -33.7223 1.39
      vertex -46.6037 -33.9666 0
      vertex -46.6037 -33.9666 1.39
    endloop
  endfacet
  facet normal -0.0489705 0.9988 0
    outer loop
      vertex -48.6961 -35.0851 0
      vertex -49 -35.1 1.39
      vertex -48.6961 -35.0851 1.39
    endloop
  endfacet
  facet normal -0.0489705 0.9988 0
    outer loop
      vertex -49 -35.1 1.39
      vertex -48.6961 -35.0851 0
      vertex -49 -35.1 0
    endloop
  endfacet
  facet normal -0.514012 0.857783 0
    outer loop
      vertex -47.2777 -34.5776 0
      vertex -47.5387 -34.734 1.39
      vertex -47.2777 -34.5776 1.39
    endloop
  endfacet
  facet normal -0.514012 0.857783 0
    outer loop
      vertex -47.5387 -34.734 1.39
      vertex -47.2777 -34.5776 0
      vertex -47.5387 -34.734 0
    endloop
  endfacet
  facet normal 0.42738 -0.904072 0
    outer loop
      vertex -50.4613 -29.266 0
      vertex -50.1863 -29.136 1.39
      vertex -50.4613 -29.266 1.39
    endloop
  endfacet
  facet normal 0.42738 -0.904072 0
    outer loop
      vertex -50.1863 -29.136 1.39
      vertex -50.4613 -29.266 0
      vertex -50.1863 -29.136 0
    endloop
  endfacet
  facet normal -0.514012 -0.857783 0
    outer loop
      vertex -47.5387 -29.266 0.589999
      vertex -47.2777 -29.4224 1.39
      vertex -47.5387 -29.266 1.39
    endloop
  endfacet
  facet normal -0.514012 -0.857783 -0
    outer loop
      vertex -47.2777 -29.4224 1.39
      vertex -47.5387 -29.266 0.589999
      vertex -47.2777 -29.4224 0.589999
    endloop
  endfacet
  facet normal 0.0489705 -0.9988 0
    outer loop
      vertex -49.3039 -28.9149 0.589999
      vertex -49 -28.9 1.39
      vertex -49.3039 -28.9149 1.39
    endloop
  endfacet
  facet normal 0.0489705 -0.9988 0
    outer loop
      vertex -49 -28.9 1.39
      vertex -49.3039 -28.9149 0.589999
      vertex -49 -28.9 0.589999
    endloop
  endfacet
  facet normal 0.803027 0.595943 0
    outer loop
      vertex -51.3963 -33.9666 1.39
      vertex -51.5776 -33.7223 0
      vertex -51.5776 -33.7223 1.39
    endloop
  endfacet
  facet normal 0.803027 0.595943 0
    outer loop
      vertex -51.5776 -33.7223 0
      vertex -51.3963 -33.9666 1.39
      vertex -51.3963 -33.9666 0
    endloop
  endfacet
  facet normal -0.941519 -0.336961 0
    outer loop
      vertex -46.0335 -31.1001 0
      vertex -46.136 -30.8137 1.39
      vertex -46.136 -30.8137 0
    endloop
  endfacet
  facet normal -0.941519 -0.336961 0
    outer loop
      vertex -46.136 -30.8137 1.39
      vertex -46.0335 -31.1001 0
      vertex -46.0335 -31.1001 1.39
    endloop
  endfacet
  facet normal -0.941519 0.336961 0
    outer loop
      vertex -46.136 -33.1863 0
      vertex -46.0335 -32.8999 1.39
      vertex -46.0335 -32.8999 0
    endloop
  endfacet
  facet normal -0.941519 0.336961 0
    outer loop
      vertex -46.0335 -32.8999 1.39
      vertex -46.136 -33.1863 0
      vertex -46.136 -33.1863 1.39
    endloop
  endfacet
  facet normal 0.857783 0.514012 0
    outer loop
      vertex -51.5776 -33.7223 1.39
      vertex -51.734 -33.4613 0
      vertex -51.734 -33.4613 1.39
    endloop
  endfacet
  facet normal 0.857783 0.514012 0
    outer loop
      vertex -51.734 -33.4613 0
      vertex -51.5776 -33.7223 1.39
      vertex -51.5776 -33.7223 0
    endloop
  endfacet
  facet normal -0.9988 0.0489705 0
    outer loop
      vertex -45.9149 -32.3039 0
      vertex -45.9 -32 1.39
      vertex -45.9 -32 0
    endloop
  endfacet
  facet normal -0.9988 0.0489705 0
    outer loop
      vertex -45.9 -32 1.39
      vertex -45.9149 -32.3039 0
      vertex -45.9149 -32.3039 1.39
    endloop
  endfacet
  facet normal 0.595943 0.803027 -0
    outer loop
      vertex -50.7223 -34.5776 0
      vertex -50.9666 -34.3963 1.39
      vertex -50.7223 -34.5776 1.39
    endloop
  endfacet
  facet normal 0.595943 0.803027 0
    outer loop
      vertex -50.9666 -34.3963 1.39
      vertex -50.7223 -34.5776 0
      vertex -50.9666 -34.3963 0
    endloop
  endfacet
  facet normal 0.989145 0.146942 0
    outer loop
      vertex -52.0404 -32.6048 1.39
      vertex -52.0851 -32.3039 0
      vertex -52.0851 -32.3039 1.39
    endloop
  endfacet
  facet normal 0.989145 0.146942 0
    outer loop
      vertex -52.0851 -32.3039 0
      vertex -52.0404 -32.6048 1.39
      vertex -52.0404 -32.6048 0
    endloop
  endfacet
  facet normal 0.595943 -0.803027 0
    outer loop
      vertex -50.9666 -29.6037 0
      vertex -50.7223 -29.4224 1.39
      vertex -50.9666 -29.6037 1.39
    endloop
  endfacet
  facet normal 0.595943 -0.803027 0
    outer loop
      vertex -50.7223 -29.4224 1.39
      vertex -50.9666 -29.6037 0
      vertex -50.7223 -29.4224 0
    endloop
  endfacet
  facet normal -0.595943 -0.803027 0
    outer loop
      vertex -47.2777 -29.4224 0.589999
      vertex -47.0334 -29.6037 1.39
      vertex -47.2777 -29.4224 1.39
    endloop
  endfacet
  facet normal -0.595943 -0.803027 -0
    outer loop
      vertex -47.0334 -29.6037 1.39
      vertex -47.2777 -29.4224 0.589999
      vertex -47.0334 -29.6037 0.589999
    endloop
  endfacet
  facet normal -0.740936 0.671576 0
    outer loop
      vertex -46.808 -34.192 0
      vertex -46.6037 -33.9666 1.39
      vertex -46.6037 -33.9666 0
    endloop
  endfacet
  facet normal -0.740936 0.671576 0
    outer loop
      vertex -46.6037 -33.9666 1.39
      vertex -46.808 -34.192 0
      vertex -46.808 -34.192 1.39
    endloop
  endfacet
  facet normal 0.941519 0.336961 0
    outer loop
      vertex -51.864 -33.1863 1.39
      vertex -51.9665 -32.8999 0
      vertex -51.9665 -32.8999 1.39
    endloop
  endfacet
  facet normal 0.941519 0.336961 0
    outer loop
      vertex -51.9665 -32.8999 0
      vertex -51.864 -33.1863 1.39
      vertex -51.864 -33.1863 0
    endloop
  endfacet
  facet normal -0.989145 0.146942 0
    outer loop
      vertex -45.9596 -32.6048 0
      vertex -45.9149 -32.3039 1.39
      vertex -45.9149 -32.3039 0
    endloop
  endfacet
  facet normal -0.989145 0.146942 0
    outer loop
      vertex -45.9149 -32.3039 1.39
      vertex -45.9596 -32.6048 0
      vertex -45.9596 -32.6048 1.39
    endloop
  endfacet
  facet normal 0.857783 -0.514012 0
    outer loop
      vertex -51.734 -30.5387 1.39
      vertex -51.5776 -30.2777 0
      vertex -51.5776 -30.2777 1.39
    endloop
  endfacet
  facet normal 0.857783 -0.514012 0
    outer loop
      vertex -51.5776 -30.2777 0
      vertex -51.734 -30.5387 1.39
      vertex -51.734 -30.5387 0
    endloop
  endfacet
  facet normal -0.970046 0.242922 0
    outer loop
      vertex -46.0335 -32.8999 0
      vertex -45.9596 -32.6048 1.39
      vertex -45.9596 -32.6048 0
    endloop
  endfacet
  facet normal -0.970046 0.242922 0
    outer loop
      vertex -45.9596 -32.6048 1.39
      vertex -46.0335 -32.8999 0
      vertex -46.0335 -32.8999 1.39
    endloop
  endfacet
  facet normal -0.42738 0.904072 0
    outer loop
      vertex -47.5387 -34.734 0
      vertex -47.8137 -34.864 1.39
      vertex -47.5387 -34.734 1.39
    endloop
  endfacet
  facet normal -0.42738 0.904072 0
    outer loop
      vertex -47.8137 -34.864 1.39
      vertex -47.5387 -34.734 0
      vertex -47.8137 -34.864 0
    endloop
  endfacet
  facet normal 0 0 -1
    outer loop
      vertex -47.3 -32 1.39
      vertex -45.9 -32 1.39
      vertex -45.9149 -32.3039 1.39
    endloop
  endfacet
  facet normal 0 0 -1
    outer loop
      vertex -47.3082 -32.1666 1.39
      vertex -45.9149 -32.3039 1.39
      vertex -45.9596 -32.6048 1.39
    endloop
  endfacet
  facet normal 0 0 -1
    outer loop
      vertex -45.9 -32 1.39
      vertex -47.3 -32 1.39
      vertex -45.9149 -31.6961 1.39
    endloop
  endfacet
  facet normal 0 0 -1
    outer loop
      vertex -47.3327 -32.3317 1.39
      vertex -45.9596 -32.6048 1.39
      vertex -46.0335 -32.8999 1.39
    endloop
  endfacet
  facet normal 0 0 -1
    outer loop
      vertex -47.3082 -31.8334 1.39
      vertex -45.9149 -31.6961 1.39
      vertex -47.3 -32 1.39
    endloop
  endfacet
  facet normal 0 0 -1
    outer loop
      vertex -47.3732 -32.4935 1.39
      vertex -46.0335 -32.8999 1.39
      vertex -46.136 -33.1863 1.39
    endloop
  endfacet
  facet normal -0 0 -1
    outer loop
      vertex -45.9149 -31.6961 1.39
      vertex -47.3082 -31.8334 1.39
      vertex -45.9596 -31.3952 1.39
    endloop
  endfacet
  facet normal 0 0 -1
    outer loop
      vertex -47.4294 -32.6506 1.39
      vertex -46.136 -33.1863 1.39
      vertex -46.266 -33.4613 1.39
    endloop
  endfacet
  facet normal 0 0 -1
    outer loop
      vertex -47.3327 -31.6683 1.39
      vertex -45.9596 -31.3952 1.39
      vertex -47.3082 -31.8334 1.39
    endloop
  endfacet
  facet normal 0 0 -1
    outer loop
      vertex -47.5007 -32.8014 1.39
      vertex -46.266 -33.4613 1.39
      vertex -46.4224 -33.7223 1.39
    endloop
  endfacet
  facet normal -0 0 -1
    outer loop
      vertex -45.9596 -31.3952 1.39
      vertex -47.3327 -31.6683 1.39
      vertex -46.0335 -31.1001 1.39
    endloop
  endfacet
  facet normal 0 0 -1
    outer loop
      vertex -47.5865 -32.9445 1.39
      vertex -46.4224 -33.7223 1.39
      vertex -46.6037 -33.9666 1.39
    endloop
  endfacet
  facet normal 0 0 -1
    outer loop
      vertex -47.3732 -31.5065 1.39
      vertex -46.0335 -31.1001 1.39
      vertex -47.3327 -31.6683 1.39
    endloop
  endfacet
  facet normal 0 0 -1
    outer loop
      vertex -47.6859 -33.0785 1.39
      vertex -46.6037 -33.9666 1.39
      vertex -46.808 -34.192 1.39
    endloop
  endfacet
  facet normal -0 0 -1
    outer loop
      vertex -46.0335 -31.1001 1.39
      vertex -47.3732 -31.5065 1.39
      vertex -46.136 -30.8137 1.39
    endloop
  endfacet
  facet normal 0 0 -1
    outer loop
      vertex -47.7979 -33.2021 1.39
      vertex -46.808 -34.192 1.39
      vertex -47.0334 -34.3963 1.39
    endloop
  endfacet
  facet normal 0 0 -1
    outer loop
      vertex -47.4294 -31.3494 1.39
      vertex -46.136 -30.8137 1.39
      vertex -47.3732 -31.5065 1.39
    endloop
  endfacet
  facet normal 0 0 -1
    outer loop
      vertex -47.9215 -33.3141 1.39
      vertex -47.0334 -34.3963 1.39
      vertex -47.2777 -34.5776 1.39
    endloop
  endfacet
  facet normal -0 0 -1
    outer loop
      vertex -46.136 -30.8137 1.39
      vertex -47.4294 -31.3494 1.39
      vertex -46.266 -30.5387 1.39
    endloop
  endfacet
  facet normal 0 0 -1
    outer loop
      vertex -47.5007 -31.1986 1.39
      vertex -46.266 -30.5387 1.39
      vertex -47.4294 -31.3494 1.39
    endloop
  endfacet
  facet normal 0 0 -1
    outer loop
      vertex -45.9149 -32.3039 1.39
      vertex -47.3082 -32.1666 1.39
      vertex -47.3 -32 1.39
    endloop
  endfacet
  facet normal 0 0 -1
    outer loop
      vertex -45.9596 -32.6048 1.39
      vertex -47.3327 -32.3317 1.39
      vertex -47.3082 -32.1666 1.39
    endloop
  endfacet
  facet normal 0 0 -1
    outer loop
      vertex -46.0335 -32.8999 1.39
      vertex -47.3732 -32.4935 1.39
      vertex -47.3327 -32.3317 1.39
    endloop
  endfacet
  facet normal 0 0 -1
    outer loop
      vertex -46.136 -33.1863 1.39
      vertex -47.4294 -32.6506 1.39
      vertex -47.3732 -32.4935 1.39
    endloop
  endfacet
  facet normal 0 0 -1
    outer loop
      vertex -46.266 -33.4613 1.39
      vertex -47.5007 -32.8014 1.39
      vertex -47.4294 -32.6506 1.39
    endloop
  endfacet
  facet normal 0 0 -1
    outer loop
      vertex -48.0555 -33.4135 1.39
      vertex -47.2777 -34.5776 1.39
      vertex -47.5387 -34.734 1.39
    endloop
  endfacet
  facet normal 0 0 -1
    outer loop
      vertex -46.4224 -33.7223 1.39
      vertex -47.5865 -32.9445 1.39
      vertex -47.5007 -32.8014 1.39
    endloop
  endfacet
  facet normal 0 0 -1
    outer loop
      vertex -46.6037 -33.9666 1.39
      vertex -47.6859 -33.0785 1.39
      vertex -47.5865 -32.9445 1.39
    endloop
  endfacet
  facet normal 0 0 -1
    outer loop
      vertex -46.808 -34.192 1.39
      vertex -47.7979 -33.2021 1.39
      vertex -47.6859 -33.0785 1.39
    endloop
  endfacet
  facet normal 0 0 -1
    outer loop
      vertex -48.1986 -33.4993 1.39
      vertex -47.5387 -34.734 1.39
      vertex -47.8137 -34.864 1.39
    endloop
  endfacet
  facet normal 0 0 -1
    outer loop
      vertex -47.0334 -34.3963 1.39
      vertex -47.9215 -33.3141 1.39
      vertex -47.7979 -33.2021 1.39
    endloop
  endfacet
  facet normal 0 0 -1
    outer loop
      vertex -47.2777 -34.5776 1.39
      vertex -48.0555 -33.4135 1.39
      vertex -47.9215 -33.3141 1.39
    endloop
  endfacet
  facet normal 0 0 -1
    outer loop
      vertex -48.3494 -33.5706 1.39
      vertex -47.8137 -34.864 1.39
      vertex -48.1001 -34.9665 1.39
    endloop
  endfacet
  facet normal 0 0 -1
    outer loop
      vertex -47.5387 -34.734 1.39
      vertex -48.1986 -33.4993 1.39
      vertex -48.0555 -33.4135 1.39
    endloop
  endfacet
  facet normal 0 0 -1
    outer loop
      vertex -47.8137 -34.864 1.39
      vertex -48.3494 -33.5706 1.39
      vertex -48.1986 -33.4993 1.39
    endloop
  endfacet
  facet normal 0 0 -1
    outer loop
      vertex -48.5065 -33.6268 1.39
      vertex -48.1001 -34.9665 1.39
      vertex -48.3952 -35.0404 1.39
    endloop
  endfacet
  facet normal 0 0 -1
    outer loop
      vertex -48.1001 -34.9665 1.39
      vertex -48.5065 -33.6268 1.39
      vertex -48.3494 -33.5706 1.39
    endloop
  endfacet
  facet normal 0 0 -1
    outer loop
      vertex -48.3952 -35.0404 1.39
      vertex -48.6683 -33.6673 1.39
      vertex -48.5065 -33.6268 1.39
    endloop
  endfacet
  facet normal 0 0 -1
    outer loop
      vertex -48.6961 -35.0851 1.39
      vertex -48.6683 -33.6673 1.39
      vertex -48.3952 -35.0404 1.39
    endloop
  endfacet
  facet normal 0 0 -1
    outer loop
      vertex -48.6961 -35.0851 1.39
      vertex -48.8334 -33.6918 1.39
      vertex -48.6683 -33.6673 1.39
    endloop
  endfacet
  facet normal 0 0 -1
    outer loop
      vertex -49 -35.1 1.39
      vertex -48.8334 -33.6918 1.39
      vertex -48.6961 -35.0851 1.39
    endloop
  endfacet
  facet normal 0 0 -1
    outer loop
      vertex -49 -35.1 1.39
      vertex -49 -33.7 1.39
      vertex -48.8334 -33.6918 1.39
    endloop
  endfacet
  facet normal 0 0 -1
    outer loop
      vertex -49 -35.1 1.39
      vertex -49.1666 -33.6918 1.39
      vertex -49 -33.7 1.39
    endloop
  endfacet
  facet normal 0 0 -1
    outer loop
      vertex -49.3039 -35.0851 1.39
      vertex -49.1666 -33.6918 1.39
      vertex -49 -35.1 1.39
    endloop
  endfacet
  facet normal 0 0 -1
    outer loop
      vertex -49.3039 -35.0851 1.39
      vertex -49.3317 -33.6673 1.39
      vertex -49.1666 -33.6918 1.39
    endloop
  endfacet
  facet normal 0 0 -1
    outer loop
      vertex -49.6048 -35.0404 1.39
      vertex -49.3317 -33.6673 1.39
      vertex -49.3039 -35.0851 1.39
    endloop
  endfacet
  facet normal -0 0 -1
    outer loop
      vertex -49.3317 -33.6673 1.39
      vertex -49.6048 -35.0404 1.39
      vertex -49.4935 -33.6268 1.39
    endloop
  endfacet
  facet normal 0 0 -1
    outer loop
      vertex -49.8999 -34.9665 1.39
      vertex -49.4935 -33.6268 1.39
      vertex -49.6048 -35.0404 1.39
    endloop
  endfacet
  facet normal -0 0 -1
    outer loop
      vertex -49.4935 -33.6268 1.39
      vertex -49.8999 -34.9665 1.39
      vertex -49.6506 -33.5706 1.39
    endloop
  endfacet
  facet normal 0 0 -1
    outer loop
      vertex -50.1863 -34.864 1.39
      vertex -49.6506 -33.5706 1.39
      vertex -49.8999 -34.9665 1.39
    endloop
  endfacet
  facet normal -0 0 -1
    outer loop
      vertex -49.6506 -33.5706 1.39
      vertex -50.1863 -34.864 1.39
      vertex -49.8014 -33.4993 1.39
    endloop
  endfacet
  facet normal 0 0 -1
    outer loop
      vertex -50.4613 -34.734 1.39
      vertex -49.8014 -33.4993 1.39
      vertex -50.1863 -34.864 1.39
    endloop
  endfacet
  facet normal -0 0 -1
    outer loop
      vertex -49.8014 -33.4993 1.39
      vertex -50.4613 -34.734 1.39
      vertex -49.9445 -33.4135 1.39
    endloop
  endfacet
  facet normal 0 0 -1
    outer loop
      vertex -50.7223 -34.5776 1.39
      vertex -49.9445 -33.4135 1.39
      vertex -50.4613 -34.734 1.39
    endloop
  endfacet
  facet normal -0 0 -1
    outer loop
      vertex -49.9445 -33.4135 1.39
      vertex -50.7223 -34.5776 1.39
      vertex -50.0785 -33.3141 1.39
    endloop
  endfacet
  facet normal 0 0 -1
    outer loop
      vertex -50.9666 -34.3963 1.39
      vertex -50.0785 -33.3141 1.39
      vertex -50.7223 -34.5776 1.39
    endloop
  endfacet
  facet normal -0 0 -1
    outer loop
      vertex -50.0785 -33.3141 1.39
      vertex -50.9666 -34.3963 1.39
      vertex -50.2021 -33.2021 1.39
    endloop
  endfacet
  facet normal 0 0 -1
    outer loop
      vertex -51.192 -34.192 1.39
      vertex -50.2021 -33.2021 1.39
      vertex -50.9666 -34.3963 1.39
    endloop
  endfacet
  facet normal -0 0 -1
    outer loop
      vertex -50.2021 -33.2021 1.39
      vertex -51.192 -34.192 1.39
      vertex -50.3141 -33.0785 1.39
    endloop
  endfacet
  facet normal 0 0 -1
    outer loop
      vertex -51.3963 -33.9666 1.39
      vertex -50.3141 -33.0785 1.39
      vertex -51.192 -34.192 1.39
    endloop
  endfacet
  facet normal -0 0 -1
    outer loop
      vertex -50.3141 -33.0785 1.39
      vertex -51.3963 -33.9666 1.39
      vertex -50.4135 -32.9445 1.39
    endloop
  endfacet
  facet normal 0 0 -1
    outer loop
      vertex -51.5776 -33.7223 1.39
      vertex -50.4135 -32.9445 1.39
      vertex -51.3963 -33.9666 1.39
    endloop
  endfacet
  facet normal 0 0 -1
    outer loop
      vertex -51.734 -33.4613 1.39
      vertex -50.4993 -32.8014 1.39
      vertex -51.5776 -33.7223 1.39
    endloop
  endfacet
  facet normal -0 0 -1
    outer loop
      vertex -50.4135 -32.9445 1.39
      vertex -51.5776 -33.7223 1.39
      vertex -50.4993 -32.8014 1.39
    endloop
  endfacet
  facet normal -0 0 -1
    outer loop
      vertex -46.266 -30.5387 1.39
      vertex -47.5007 -31.1986 1.39
      vertex -46.4224 -30.2777 1.39
    endloop
  endfacet
  facet normal 0 0 -1
    outer loop
      vertex -47.5865 -31.0555 1.39
      vertex -46.4224 -30.2777 1.39
      vertex -47.5007 -31.1986 1.39
    endloop
  endfacet
  facet normal -0 0 -1
    outer loop
      vertex -46.4224 -30.2777 1.39
      vertex -47.5865 -31.0555 1.39
      vertex -46.6037 -30.0334 1.39
    endloop
  endfacet
  facet normal 0 0 -1
    outer loop
      vertex -47.6859 -30.9215 1.39
      vertex -46.6037 -30.0334 1.39
      vertex -47.5865 -31.0555 1.39
    endloop
  endfacet
  facet normal -0 0 -1
    outer loop
      vertex -46.6037 -30.0334 1.39
      vertex -47.6859 -30.9215 1.39
      vertex -46.808 -29.808 1.39
    endloop
  endfacet
  facet normal 0 0 -1
    outer loop
      vertex -47.7979 -30.7979 1.39
      vertex -46.808 -29.808 1.39
      vertex -47.6859 -30.9215 1.39
    endloop
  endfacet
  facet normal -0 0 -1
    outer loop
      vertex -46.808 -29.808 1.39
      vertex -47.7979 -30.7979 1.39
      vertex -47.0334 -29.6037 1.39
    endloop
  endfacet
  facet normal 0 0 -1
    outer loop
      vertex -47.9215 -30.6859 1.39
      vertex -47.0334 -29.6037 1.39
      vertex -47.7979 -30.7979 1.39
    endloop
  endfacet
  facet normal -0 0 -1
    outer loop
      vertex -47.0334 -29.6037 1.39
      vertex -47.9215 -30.6859 1.39
      vertex -47.2777 -29.4224 1.39
    endloop
  endfacet
  facet normal 0 0 -1
    outer loop
      vertex -48.0555 -30.5865 1.39
      vertex -47.2777 -29.4224 1.39
      vertex -47.9215 -30.6859 1.39
    endloop
  endfacet
  facet normal -0 0 -1
    outer loop
      vertex -47.2777 -29.4224 1.39
      vertex -48.0555 -30.5865 1.39
      vertex -47.5387 -29.266 1.39
    endloop
  endfacet
  facet normal 0 0 -1
    outer loop
      vertex -48.1986 -30.5007 1.39
      vertex -47.5387 -29.266 1.39
      vertex -48.0555 -30.5865 1.39
    endloop
  endfacet
  facet normal -0 0 -1
    outer loop
      vertex -47.5387 -29.266 1.39
      vertex -48.1986 -30.5007 1.39
      vertex -47.8137 -29.136 1.39
    endloop
  endfacet
  facet normal 0 0 -1
    outer loop
      vertex -48.3494 -30.4294 1.39
      vertex -47.8137 -29.136 1.39
      vertex -48.1986 -30.5007 1.39
    endloop
  endfacet
  facet normal -0 0 -1
    outer loop
      vertex -47.8137 -29.136 1.39
      vertex -48.3494 -30.4294 1.39
      vertex -48.1001 -29.0335 1.39
    endloop
  endfacet
  facet normal 0 0 -1
    outer loop
      vertex -48.5065 -30.3732 1.39
      vertex -48.1001 -29.0335 1.39
      vertex -48.3494 -30.4294 1.39
    endloop
  endfacet
  facet normal -0 0 -1
    outer loop
      vertex -48.1001 -29.0335 1.39
      vertex -48.5065 -30.3732 1.39
      vertex -48.3952 -28.9596 1.39
    endloop
  endfacet
  facet normal 0 0 -1
    outer loop
      vertex -48.6683 -30.3327 1.39
      vertex -48.3952 -28.9596 1.39
      vertex -48.5065 -30.3732 1.39
    endloop
  endfacet
  facet normal 0 0 -1
    outer loop
      vertex -48.6683 -30.3327 1.39
      vertex -48.6961 -28.9149 1.39
      vertex -48.3952 -28.9596 1.39
    endloop
  endfacet
  facet normal 0 0 -1
    outer loop
      vertex -48.8334 -30.3082 1.39
      vertex -48.6961 -28.9149 1.39
      vertex -48.6683 -30.3327 1.39
    endloop
  endfacet
  facet normal 0 0 -1
    outer loop
      vertex -49 -30.3 1.39
      vertex -48.6961 -28.9149 1.39
      vertex -48.8334 -30.3082 1.39
    endloop
  endfacet
  facet normal 0 0 -1
    outer loop
      vertex -49 -30.3 1.39
      vertex -49 -28.9 1.39
      vertex -48.6961 -28.9149 1.39
    endloop
  endfacet
  facet normal 0 0 -1
    outer loop
      vertex -49.1666 -30.3082 1.39
      vertex -49 -28.9 1.39
      vertex -49 -30.3 1.39
    endloop
  endfacet
  facet normal 0 0 -1
    outer loop
      vertex -49.1666 -30.3082 1.39
      vertex -49.3039 -28.9149 1.39
      vertex -49 -28.9 1.39
    endloop
  endfacet
  facet normal 0 0 -1
    outer loop
      vertex -49.3317 -30.3327 1.39
      vertex -49.3039 -28.9149 1.39
      vertex -49.1666 -30.3082 1.39
    endloop
  endfacet
  facet normal 0 0 -1
    outer loop
      vertex -49.6048 -28.9596 1.39
      vertex -49.3317 -30.3327 1.39
      vertex -49.4935 -30.3732 1.39
    endloop
  endfacet
  facet normal 0 0 -1
    outer loop
      vertex -49.3317 -30.3327 1.39
      vertex -49.6048 -28.9596 1.39
      vertex -49.3039 -28.9149 1.39
    endloop
  endfacet
  facet normal 0 0 -1
    outer loop
      vertex -49.8999 -29.0335 1.39
      vertex -49.4935 -30.3732 1.39
      vertex -49.6506 -30.4294 1.39
    endloop
  endfacet
  facet normal 0 0 -1
    outer loop
      vertex -50.1863 -29.136 1.39
      vertex -49.6506 -30.4294 1.39
      vertex -49.8014 -30.5007 1.39
    endloop
  endfacet
  facet normal 0 0 -1
    outer loop
      vertex -49.4935 -30.3732 1.39
      vertex -49.8999 -29.0335 1.39
      vertex -49.6048 -28.9596 1.39
    endloop
  endfacet
  facet normal 0 0 -1
    outer loop
      vertex -50.4613 -29.266 1.39
      vertex -49.8014 -30.5007 1.39
      vertex -49.9445 -30.5865 1.39
    endloop
  endfacet
  facet normal 0 0 -1
    outer loop
      vertex -50.7223 -29.4224 1.39
      vertex -49.9445 -30.5865 1.39
      vertex -50.0785 -30.6859 1.39
    endloop
  endfacet
  facet normal 0 0 -1
    outer loop
      vertex -49.6506 -30.4294 1.39
      vertex -50.1863 -29.136 1.39
      vertex -49.8999 -29.0335 1.39
    endloop
  endfacet
  facet normal 0 0 -1
    outer loop
      vertex -50.9666 -29.6037 1.39
      vertex -50.0785 -30.6859 1.39
      vertex -50.2021 -30.7979 1.39
    endloop
  endfacet
  facet normal 0 0 -1
    outer loop
      vertex -51.192 -29.808 1.39
      vertex -50.2021 -30.7979 1.39
      vertex -50.3141 -30.9215 1.39
    endloop
  endfacet
  facet normal 0 0 -1
    outer loop
      vertex -51.3963 -30.0334 1.39
      vertex -50.3141 -30.9215 1.39
      vertex -50.4135 -31.0555 1.39
    endloop
  endfacet
  facet normal 0 0 -1
    outer loop
      vertex -49.8014 -30.5007 1.39
      vertex -50.4613 -29.266 1.39
      vertex -50.1863 -29.136 1.39
    endloop
  endfacet
  facet normal 0 0 -1
    outer loop
      vertex -51.5776 -30.2777 1.39
      vertex -50.4135 -31.0555 1.39
      vertex -50.4993 -31.1986 1.39
    endloop
  endfacet
  facet normal 0 0 -1
    outer loop
      vertex -51.734 -30.5387 1.39
      vertex -50.4993 -31.1986 1.39
      vertex -50.5706 -31.3494 1.39
    endloop
  endfacet
  facet normal 0 0 -1
    outer loop
      vertex -51.864 -30.8137 1.39
      vertex -50.5706 -31.3494 1.39
      vertex -50.6268 -31.5065 1.39
    endloop
  endfacet
  facet normal 0 0 -1
    outer loop
      vertex -51.9665 -31.1001 1.39
      vertex -50.6268 -31.5065 1.39
      vertex -50.6673 -31.6683 1.39
    endloop
  endfacet
  facet normal 0 0 -1
    outer loop
      vertex -52.0404 -31.3952 1.39
      vertex -50.6673 -31.6683 1.39
      vertex -50.6918 -31.8334 1.39
    endloop
  endfacet
  facet normal 0 0 -1
    outer loop
      vertex -49.9445 -30.5865 1.39
      vertex -50.7223 -29.4224 1.39
      vertex -50.4613 -29.266 1.39
    endloop
  endfacet
  facet normal 0 0 -1
    outer loop
      vertex -52.0851 -31.6961 1.39
      vertex -50.6918 -31.8334 1.39
      vertex -50.7 -32 1.39
    endloop
  endfacet
  facet normal -0 0 -1
    outer loop
      vertex -50.4993 -32.8014 1.39
      vertex -51.734 -33.4613 1.39
      vertex -50.5706 -32.6506 1.39
    endloop
  endfacet
  facet normal 0 0 -1
    outer loop
      vertex -51.864 -33.1863 1.39
      vertex -50.5706 -32.6506 1.39
      vertex -51.734 -33.4613 1.39
    endloop
  endfacet
  facet normal 0 0 -1
    outer loop
      vertex -50.0785 -30.6859 1.39
      vertex -50.9666 -29.6037 1.39
      vertex -50.7223 -29.4224 1.39
    endloop
  endfacet
  facet normal -0 0 -1
    outer loop
      vertex -50.5706 -32.6506 1.39
      vertex -51.864 -33.1863 1.39
      vertex -50.6268 -32.4935 1.39
    endloop
  endfacet
  facet normal 0 0 -1
    outer loop
      vertex -50.2021 -30.7979 1.39
      vertex -51.192 -29.808 1.39
      vertex -50.9666 -29.6037 1.39
    endloop
  endfacet
  facet normal 0 0 -1
    outer loop
      vertex -51.9665 -32.8999 1.39
      vertex -50.6268 -32.4935 1.39
      vertex -51.864 -33.1863 1.39
    endloop
  endfacet
  facet normal 0 0 -1
    outer loop
      vertex -50.3141 -30.9215 1.39
      vertex -51.3963 -30.0334 1.39
      vertex -51.192 -29.808 1.39
    endloop
  endfacet
  facet normal -0 0 -1
    outer loop
      vertex -50.6268 -32.4935 1.39
      vertex -51.9665 -32.8999 1.39
      vertex -50.6673 -32.3317 1.39
    endloop
  endfacet
  facet normal 0 0 -1
    outer loop
      vertex -50.4135 -31.0555 1.39
      vertex -51.5776 -30.2777 1.39
      vertex -51.3963 -30.0334 1.39
    endloop
  endfacet
  facet normal 0 0 -1
    outer loop
      vertex -52.0404 -32.6048 1.39
      vertex -50.6673 -32.3317 1.39
      vertex -51.9665 -32.8999 1.39
    endloop
  endfacet
  facet normal 0 0 -1
    outer loop
      vertex -50.4993 -31.1986 1.39
      vertex -51.734 -30.5387 1.39
      vertex -51.5776 -30.2777 1.39
    endloop
  endfacet
  facet normal -0 0 -1
    outer loop
      vertex -50.6673 -32.3317 1.39
      vertex -52.0404 -32.6048 1.39
      vertex -50.6918 -32.1666 1.39
    endloop
  endfacet
  facet normal 0 0 -1
    outer loop
      vertex -50.5706 -31.3494 1.39
      vertex -51.864 -30.8137 1.39
      vertex -51.734 -30.5387 1.39
    endloop
  endfacet
  facet normal 0 0 -1
    outer loop
      vertex -52.0851 -32.3039 1.39
      vertex -50.6918 -32.1666 1.39
      vertex -52.0404 -32.6048 1.39
    endloop
  endfacet
  facet normal 0 0 -1
    outer loop
      vertex -50.6268 -31.5065 1.39
      vertex -51.9665 -31.1001 1.39
      vertex -51.864 -30.8137 1.39
    endloop
  endfacet
  facet normal -0 0 -1
    outer loop
      vertex -50.6918 -32.1666 1.39
      vertex -52.0851 -32.3039 1.39
      vertex -50.7 -32 1.39
    endloop
  endfacet
  facet normal 0 0 -1
    outer loop
      vertex -50.6673 -31.6683 1.39
      vertex -52.0404 -31.3952 1.39
      vertex -51.9665 -31.1001 1.39
    endloop
  endfacet
  facet normal 0 0 -1
    outer loop
      vertex -52.1 -32 1.39
      vertex -50.7 -32 1.39
      vertex -52.0851 -32.3039 1.39
    endloop
  endfacet
  facet normal 0 0 -1
    outer loop
      vertex -50.6918 -31.8334 1.39
      vertex -52.0851 -31.6961 1.39
      vertex -52.0404 -31.3952 1.39
    endloop
  endfacet
  facet normal 0 0 -1
    outer loop
      vertex -50.7 -32 1.39
      vertex -52.1 -32 1.39
      vertex -52.0851 -31.6961 1.39
    endloop
  endfacet
  facet normal -0.671576 -0.740936 0
    outer loop
      vertex -47.0334 -29.6037 0.589999
      vertex -46.808 -29.808 1.39
      vertex -47.0334 -29.6037 1.39
    endloop
  endfacet
  facet normal -0.671576 -0.740936 -0
    outer loop
      vertex -46.808 -29.808 1.39
      vertex -47.0334 -29.6037 0.589999
      vertex -46.808 -29.808 0.589999
    endloop
  endfacet
  facet normal 0.336961 -0.941519 -2.92991e-05
    outer loop
      vertex -50.1863 -29.136 1.39
      vertex -50 -29.0693 0.589999
      vertex -49.8999 -29.0335 1.39
    endloop
  endfacet
  facet normal 0.337073 -0.941479 0
    outer loop
      vertex -50.1863 -29.136 0
      vertex -50 -29.0693 0.589999
      vertex -50.1863 -29.136 1.39
    endloop
  endfacet
  facet normal 0.337073 -0.941479 0
    outer loop
      vertex -50 -29.0693 0.589999
      vertex -50.1863 -29.136 0
      vertex -50 -29.0693 0
    endloop
  endfacet
  facet normal 0.336753 -0.941593 0
    outer loop
      vertex -49.8999 -29.0335 1.39
      vertex -50 -29.0693 0.589999
      vertex -49.8999 -29.0335 0.589999
    endloop
  endfacet
  facet normal -0.42738 -0.904072 0
    outer loop
      vertex -47.8137 -29.136 0.589999
      vertex -47.5387 -29.266 1.39
      vertex -47.8137 -29.136 1.39
    endloop
  endfacet
  facet normal -0.42738 -0.904072 -0
    outer loop
      vertex -47.5387 -29.266 1.39
      vertex -47.8137 -29.136 0.589999
      vertex -47.5387 -29.266 0.589999
    endloop
  endfacet
  facet normal 0.9988 -0.0489705 0
    outer loop
      vertex -52.1 -32 1.39
      vertex -52.0851 -31.6961 0
      vertex -52.0851 -31.6961 1.39
    endloop
  endfacet
  facet normal 0.9988 -0.0489705 0
    outer loop
      vertex -52.0851 -31.6961 0
      vertex -52.1 -32 1.39
      vertex -52.1 -32 0
    endloop
  endfacet
  facet normal -0.803027 -0.595943 0
    outer loop
      vertex -46.4224 -30.2777 0
      vertex -46.6037 -30.0334 1.39
      vertex -46.6037 -30.0334 0
    endloop
  endfacet
  facet normal -0.803027 -0.595943 0
    outer loop
      vertex -46.6037 -30.0334 1.39
      vertex -46.4224 -30.2777 0
      vertex -46.4224 -30.2777 1.39
    endloop
  endfacet
  facet normal -0.0489705 -0.9988 0
    outer loop
      vertex -49 -28.9 0.589999
      vertex -48.6961 -28.9149 1.39
      vertex -49 -28.9 1.39
    endloop
  endfacet
  facet normal -0.0489705 -0.9988 -0
    outer loop
      vertex -48.6961 -28.9149 1.39
      vertex -49 -28.9 0.589999
      vertex -48.6961 -28.9149 0.589999
    endloop
  endfacet
  facet normal 0.671576 -0.740936 0
    outer loop
      vertex -51.192 -29.808 0
      vertex -50.9666 -29.6037 1.39
      vertex -51.192 -29.808 1.39
    endloop
  endfacet
  facet normal 0.671576 -0.740936 0
    outer loop
      vertex -50.9666 -29.6037 1.39
      vertex -51.192 -29.808 0
      vertex -50.9666 -29.6037 0
    endloop
  endfacet
  facet normal -0.740795 -0.671731 0
    outer loop
      vertex -46.6339 -30 0.589999
      vertex -46.808 -29.808 1.39
      vertex -46.808 -29.808 0.589999
    endloop
  endfacet
  facet normal -0.740936 -0.671576 -6.79629e-05
    outer loop
      vertex -46.6339 -30 0.589999
      vertex -46.6037 -30.0334 1.39
      vertex -46.808 -29.808 1.39
    endloop
  endfacet
  facet normal -0.741746 -0.670681 -0
    outer loop
      vertex -46.6037 -30.0334 1.39
      vertex -46.6339 -30 0.589999
      vertex -46.6037 -30.0334 0
    endloop
  endfacet
  facet normal -0.741746 -0.670681 0
    outer loop
      vertex -46.6339 -30 0
      vertex -46.6037 -30.0334 0
      vertex -46.6339 -30 0.589999
    endloop
  endfacet
  facet normal 0.242922 0.970046 -0
    outer loop
      vertex -49.6048 -35.0404 0
      vertex -49.8999 -34.9665 1.39
      vertex -49.6048 -35.0404 1.39
    endloop
  endfacet
  facet normal 0.242922 0.970046 0
    outer loop
      vertex -49.8999 -34.9665 1.39
      vertex -49.6048 -35.0404 0
      vertex -49.8999 -34.9665 0
    endloop
  endfacet
  facet normal -0.904072 -0.42738 0
    outer loop
      vertex -46.136 -30.8137 0
      vertex -46.266 -30.5387 1.39
      vertex -46.266 -30.5387 0
    endloop
  endfacet
  facet normal -0.904072 -0.42738 0
    outer loop
      vertex -46.266 -30.5387 1.39
      vertex -46.136 -30.8137 0
      vertex -46.136 -30.8137 1.39
    endloop
  endfacet
  facet normal -0.857783 0.514012 0
    outer loop
      vertex -46.4224 -33.7223 0
      vertex -46.266 -33.4613 1.39
      vertex -46.266 -33.4613 0
    endloop
  endfacet
  facet normal -0.857783 0.514012 0
    outer loop
      vertex -46.266 -33.4613 1.39
      vertex -46.4224 -33.7223 0
      vertex -46.4224 -33.7223 1.39
    endloop
  endfacet
  facet normal -0.336961 -0.941519 0
    outer loop
      vertex -48.1001 -29.0335 0.589999
      vertex -47.8137 -29.136 1.39
      vertex -48.1001 -29.0335 1.39
    endloop
  endfacet
  facet normal -0.336961 -0.941519 -0
    outer loop
      vertex -47.8137 -29.136 1.39
      vertex -48.1001 -29.0335 0.589999
      vertex -47.8137 -29.136 0.589999
    endloop
  endfacet
  facet normal 0.242922 -0.970046 0
    outer loop
      vertex -49.8999 -29.0335 0.589999
      vertex -49.6048 -28.9596 1.39
      vertex -49.8999 -29.0335 1.39
    endloop
  endfacet
  facet normal 0.242922 -0.970046 0
    outer loop
      vertex -49.6048 -28.9596 1.39
      vertex -49.8999 -29.0335 0.589999
      vertex -49.6048 -28.9596 0.589999
    endloop
  endfacet
  facet normal -0.336961 0.941519 0
    outer loop
      vertex -47.8137 -34.864 0
      vertex -48.1001 -34.9665 1.39
      vertex -47.8137 -34.864 1.39
    endloop
  endfacet
  facet normal -0.336961 0.941519 0
    outer loop
      vertex -48.1001 -34.9665 1.39
      vertex -47.8137 -34.864 0
      vertex -48.1001 -34.9665 0
    endloop
  endfacet
  facet normal 0.514012 -0.857783 0
    outer loop
      vertex -50.7223 -29.4224 0
      vertex -50.4613 -29.266 1.39
      vertex -50.7223 -29.4224 1.39
    endloop
  endfacet
  facet normal 0.514012 -0.857783 0
    outer loop
      vertex -50.4613 -29.266 1.39
      vertex -50.7223 -29.4224 0
      vertex -50.4613 -29.266 0
    endloop
  endfacet
  facet normal 0.740936 -0.671576 0
    outer loop
      vertex -51.3963 -30.0334 1.39
      vertex -51.192 -29.808 0
      vertex -51.192 -29.808 1.39
    endloop
  endfacet
  facet normal 0.740936 -0.671576 0
    outer loop
      vertex -51.192 -29.808 0
      vertex -51.3963 -30.0334 1.39
      vertex -51.3963 -30.0334 0
    endloop
  endfacet
  facet normal -0.857783 -0.514012 0
    outer loop
      vertex -46.266 -30.5387 0
      vertex -46.4224 -30.2777 1.39
      vertex -46.4224 -30.2777 0
    endloop
  endfacet
  facet normal -0.857783 -0.514012 0
    outer loop
      vertex -46.4224 -30.2777 1.39
      vertex -46.266 -30.5387 0
      vertex -46.266 -30.5387 1.39
    endloop
  endfacet
  facet normal 0.970046 -0.242922 0
    outer loop
      vertex -52.0404 -31.3952 1.39
      vertex -51.9665 -31.1001 0
      vertex -51.9665 -31.1001 1.39
    endloop
  endfacet
  facet normal 0.970046 -0.242922 0
    outer loop
      vertex -51.9665 -31.1001 0
      vertex -52.0404 -31.3952 1.39
      vertex -52.0404 -31.3952 0
    endloop
  endfacet
  facet normal 0.146942 -0.989145 0
    outer loop
      vertex -49.6048 -28.9596 0.589999
      vertex -49.3039 -28.9149 1.39
      vertex -49.6048 -28.9596 1.39
    endloop
  endfacet
  facet normal 0.146942 -0.989145 0
    outer loop
      vertex -49.3039 -28.9149 1.39
      vertex -49.6048 -28.9596 0.589999
      vertex -49.3039 -28.9149 0.589999
    endloop
  endfacet
  facet normal 0.904072 0.42738 0
    outer loop
      vertex -51.734 -33.4613 1.39
      vertex -51.864 -33.1863 0
      vertex -51.864 -33.1863 1.39
    endloop
  endfacet
  facet normal 0.904072 0.42738 0
    outer loop
      vertex -51.864 -33.1863 0
      vertex -51.734 -33.4613 1.39
      vertex -51.734 -33.4613 0
    endloop
  endfacet
  facet normal -0.146942 0.989145 0
    outer loop
      vertex -48.3952 -35.0404 0
      vertex -48.6961 -35.0851 1.39
      vertex -48.3952 -35.0404 1.39
    endloop
  endfacet
  facet normal -0.146942 0.989145 0
    outer loop
      vertex -48.6961 -35.0851 1.39
      vertex -48.3952 -35.0404 0
      vertex -48.6961 -35.0851 0
    endloop
  endfacet
  facet normal 0.336961 0.941519 -0
    outer loop
      vertex -49.8999 -34.9665 0
      vertex -50.1863 -34.864 1.39
      vertex -49.8999 -34.9665 1.39
    endloop
  endfacet
  facet normal 0.336961 0.941519 0
    outer loop
      vertex -50.1863 -34.864 1.39
      vertex -49.8999 -34.9665 0
      vertex -50.1863 -34.864 0
    endloop
  endfacet
  facet normal 0.671576 0.740936 -0
    outer loop
      vertex -50.9666 -34.3963 0
      vertex -51.192 -34.192 1.39
      vertex -50.9666 -34.3963 1.39
    endloop
  endfacet
  facet normal 0.671576 0.740936 0
    outer loop
      vertex -51.192 -34.192 1.39
      vertex -50.9666 -34.3963 0
      vertex -51.192 -34.192 0
    endloop
  endfacet
  facet normal 0.970046 0.242922 0
    outer loop
      vertex -51.9665 -32.8999 1.39
      vertex -52.0404 -32.6048 0
      vertex -52.0404 -32.6048 1.39
    endloop
  endfacet
  facet normal 0.970046 0.242922 0
    outer loop
      vertex -52.0404 -32.6048 0
      vertex -51.9665 -32.8999 1.39
      vertex -51.9665 -32.8999 0
    endloop
  endfacet
  facet normal -0.242922 0.970046 0
    outer loop
      vertex -48.1001 -34.9665 0
      vertex -48.3952 -35.0404 1.39
      vertex -48.1001 -34.9665 1.39
    endloop
  endfacet
  facet normal -0.242922 0.970046 0
    outer loop
      vertex -48.3952 -35.0404 1.39
      vertex -48.1001 -34.9665 0
      vertex -48.3952 -35.0404 0
    endloop
  endfacet
  facet normal 0.740936 0.671576 0
    outer loop
      vertex -51.192 -34.192 1.39
      vertex -51.3963 -33.9666 0
      vertex -51.3963 -33.9666 1.39
    endloop
  endfacet
  facet normal 0.740936 0.671576 0
    outer loop
      vertex -51.3963 -33.9666 0
      vertex -51.192 -34.192 1.39
      vertex -51.192 -34.192 0
    endloop
  endfacet
  facet normal 0.989145 -0.146942 0
    outer loop
      vertex -52.0851 -31.6961 1.39
      vertex -52.0404 -31.3952 0
      vertex -52.0404 -31.3952 1.39
    endloop
  endfacet
  facet normal 0.989145 -0.146942 0
    outer loop
      vertex -52.0404 -31.3952 0
      vertex -52.0851 -31.6961 1.39
      vertex -52.0851 -31.6961 0
    endloop
  endfacet
  facet normal -0.242922 -0.970046 0
    outer loop
      vertex -48.3952 -28.9596 0.589999
      vertex -48.1001 -29.0335 1.39
      vertex -48.3952 -28.9596 1.39
    endloop
  endfacet
  facet normal -0.242922 -0.970046 -0
    outer loop
      vertex -48.1001 -29.0335 1.39
      vertex -48.3952 -28.9596 0.589999
      vertex -48.1001 -29.0335 0.589999
    endloop
  endfacet
  facet normal 0.9988 0.0489705 0
    outer loop
      vertex -52.0851 -32.3039 1.39
      vertex -52.1 -32 0
      vertex -52.1 -32 1.39
    endloop
  endfacet
  facet normal 0.9988 0.0489705 0
    outer loop
      vertex -52.1 -32 0
      vertex -52.0851 -32.3039 1.39
      vertex -52.0851 -32.3039 0
    endloop
  endfacet
  facet normal 0.941519 -0.336961 0
    outer loop
      vertex -51.9665 -31.1001 1.39
      vertex -51.864 -30.8137 0
      vertex -51.864 -30.8137 1.39
    endloop
  endfacet
  facet normal 0.941519 -0.336961 0
    outer loop
      vertex -51.864 -30.8137 0
      vertex -51.9665 -31.1001 1.39
      vertex -51.9665 -31.1001 0
    endloop
  endfacet
  facet normal -0.595943 0.803027 0
    outer loop
      vertex -47.0334 -34.3963 0
      vertex -47.2777 -34.5776 1.39
      vertex -47.0334 -34.3963 1.39
    endloop
  endfacet
  facet normal -0.595943 0.803027 0
    outer loop
      vertex -47.2777 -34.5776 1.39
      vertex -47.0334 -34.3963 0
      vertex -47.2777 -34.5776 0
    endloop
  endfacet
  facet normal 0.803027 -0.595943 0
    outer loop
      vertex -51.5776 -30.2777 1.39
      vertex -51.3963 -30.0334 0
      vertex -51.3963 -30.0334 1.39
    endloop
  endfacet
  facet normal 0.803027 -0.595943 0
    outer loop
      vertex -51.3963 -30.0334 0
      vertex -51.5776 -30.2777 1.39
      vertex -51.5776 -30.2777 0
    endloop
  endfacet
  facet normal 0.514012 0.857783 -0
    outer loop
      vertex -50.4613 -34.734 0
      vertex -50.7223 -34.5776 1.39
      vertex -50.4613 -34.734 1.39
    endloop
  endfacet
  facet normal 0.514012 0.857783 0
    outer loop
      vertex -50.7223 -34.5776 1.39
      vertex -50.4613 -34.734 0
      vertex -50.7223 -34.5776 0
    endloop
  endfacet
  facet normal 0.904072 -0.42738 0
    outer loop
      vertex -51.864 -30.8137 1.39
      vertex -51.734 -30.5387 0
      vertex -51.734 -30.5387 1.39
    endloop
  endfacet
  facet normal 0.904072 -0.42738 0
    outer loop
      vertex -51.734 -30.5387 0
      vertex -51.864 -30.8137 1.39
      vertex -51.864 -30.8137 0
    endloop
  endfacet
  facet normal -0.904072 0.42738 0
    outer loop
      vertex -46.266 -33.4613 0
      vertex -46.136 -33.1863 1.39
      vertex -46.136 -33.1863 0
    endloop
  endfacet
  facet normal -0.904072 0.42738 0
    outer loop
      vertex -46.136 -33.1863 1.39
      vertex -46.266 -33.4613 0
      vertex -46.266 -33.4613 1.39
    endloop
  endfacet
  facet normal 0.0489705 0.9988 -0
    outer loop
      vertex -49 -35.1 0
      vertex -49.3039 -35.0851 1.39
      vertex -49 -35.1 1.39
    endloop
  endfacet
  facet normal 0.0489705 0.9988 0
    outer loop
      vertex -49.3039 -35.0851 1.39
      vertex -49 -35.1 0
      vertex -49.3039 -35.0851 0
    endloop
  endfacet
  facet normal 0.146942 0.989145 -0
    outer loop
      vertex -49.3039 -35.0851 0
      vertex -49.6048 -35.0404 1.39
      vertex -49.3039 -35.0851 1.39
    endloop
  endfacet
  facet normal 0.146942 0.989145 0
    outer loop
      vertex -49.6048 -35.0404 1.39
      vertex -49.3039 -35.0851 0
      vertex -49.6048 -35.0404 0
    endloop
  endfacet
  facet normal -0.671576 0.740936 0
    outer loop
      vertex -46.808 -34.192 0
      vertex -47.0334 -34.3963 1.39
      vertex -46.808 -34.192 1.39
    endloop
  endfacet
  facet normal -0.671576 0.740936 0
    outer loop
      vertex -47.0334 -34.3963 1.39
      vertex -46.808 -34.192 0
      vertex -47.0334 -34.3963 0
    endloop
  endfacet
  facet normal -0.146942 -0.989145 0
    outer loop
      vertex -48.6961 -28.9149 0.589999
      vertex -48.3952 -28.9596 1.39
      vertex -48.6961 -28.9149 1.39
    endloop
  endfacet
  facet normal -0.146942 -0.989145 -0
    outer loop
      vertex -48.3952 -28.9596 1.39
      vertex -48.6961 -28.9149 0.589999
      vertex -48.3952 -28.9596 0.589999
    endloop
  endfacet
  facet normal 0.42738 0.904072 -0
    outer loop
      vertex -50.1863 -34.864 0
      vertex -50.4613 -34.734 1.39
      vertex -50.1863 -34.864 1.39
    endloop
  endfacet
  facet normal 0.42738 0.904072 0
    outer loop
      vertex -50.4613 -34.734 1.39
      vertex -50.1863 -34.864 0
      vertex -50.4613 -34.734 0
    endloop
  endfacet
  facet normal -0.989168 -0.146788 0
    outer loop
      vertex -47.3082 32.1666 1.39
      vertex -47.3327 32.3317 2.4
      vertex -47.3327 32.3317 1.39
    endloop
  endfacet
  facet normal -0.989168 -0.146788 0
    outer loop
      vertex -47.3327 32.3317 2.4
      vertex -47.3082 32.1666 1.39
      vertex -47.3082 32.1666 2.4
    endloop
  endfacet
  facet normal -0.998791 -0.0491602 0
    outer loop
      vertex -47.3 32 1.39
      vertex -47.3082 32.1666 2.4
      vertex -47.3082 32.1666 1.39
    endloop
  endfacet
  facet normal -0.998791 -0.0491602 0
    outer loop
      vertex -47.3082 32.1666 2.4
      vertex -47.3 32 1.39
      vertex -47.3 32 2.4
    endloop
  endfacet
  facet normal -0.970072 -0.242818 0
    outer loop
      vertex -47.3327 32.3317 1.39
      vertex -47.3732 32.4935 2.4
      vertex -47.3732 32.4935 1.39
    endloop
  endfacet
  facet normal -0.970072 -0.242818 0
    outer loop
      vertex -47.3732 32.4935 2.4
      vertex -47.3327 32.3317 1.39
      vertex -47.3327 32.3317 2.4
    endloop
  endfacet
  facet normal -0.427442 0.904043 0
    outer loop
      vertex -48.1986 30.5007 1.39
      vertex -48.3494 30.4294 2.4
      vertex -48.1986 30.5007 2.4
    endloop
  endfacet
  facet normal -0.427442 0.904043 0
    outer loop
      vertex -48.3494 30.4294 2.4
      vertex -48.1986 30.5007 1.39
      vertex -48.3494 30.4294 1.39
    endloop
  endfacet
  facet normal 0.0491602 -0.998791 0
    outer loop
      vertex -49.1666 33.6918 1.39
      vertex -49 33.7 2.4
      vertex -49.1666 33.6918 2.4
    endloop
  endfacet
  facet normal 0.0491602 -0.998791 0
    outer loop
      vertex -49 33.7 2.4
      vertex -49.1666 33.6918 1.39
      vertex -49 33.7 1.39
    endloop
  endfacet
  facet normal 0.427442 -0.904043 0
    outer loop
      vertex -49.8014 33.4993 1.39
      vertex -49.6506 33.5706 2.4
      vertex -49.8014 33.4993 2.4
    endloop
  endfacet
  facet normal 0.427442 -0.904043 0
    outer loop
      vertex -49.6506 33.5706 2.4
      vertex -49.8014 33.4993 1.39
      vertex -49.6506 33.5706 1.39
    endloop
  endfacet
  facet normal -0.741024 -0.671478 0
    outer loop
      vertex -47.6859 33.0785 1.39
      vertex -47.7979 33.2021 2.4
      vertex -47.7979 33.2021 1.39
    endloop
  endfacet
  facet normal -0.741024 -0.671478 0
    outer loop
      vertex -47.7979 33.2021 2.4
      vertex -47.6859 33.0785 1.39
      vertex -47.6859 33.0785 2.4
    endloop
  endfacet
  facet normal 0.146788 0.989168 -0
    outer loop
      vertex -49.1666 30.3082 1.39
      vertex -49.3317 30.3327 2.4
      vertex -49.1666 30.3082 2.4
    endloop
  endfacet
  facet normal 0.146788 0.989168 0
    outer loop
      vertex -49.3317 30.3327 2.4
      vertex -49.1666 30.3082 1.39
      vertex -49.3317 30.3327 1.39
    endloop
  endfacet
  facet normal -0.427442 -0.904043 0
    outer loop
      vertex -48.3494 33.5706 1.39
      vertex -48.1986 33.4993 2.4
      vertex -48.3494 33.5706 2.4
    endloop
  endfacet
  facet normal -0.427442 -0.904043 -0
    outer loop
      vertex -48.1986 33.4993 2.4
      vertex -48.3494 33.5706 1.39
      vertex -48.1986 33.4993 1.39
    endloop
  endfacet
  facet normal 0.146788 -0.989168 0
    outer loop
      vertex -49.3317 33.6673 1.39
      vertex -49.1666 33.6918 2.4
      vertex -49.3317 33.6673 2.4
    endloop
  endfacet
  facet normal 0.146788 -0.989168 0
    outer loop
      vertex -49.1666 33.6918 2.4
      vertex -49.3317 33.6673 1.39
      vertex -49.1666 33.6918 1.39
    endloop
  endfacet
  facet normal -0.242818 0.970072 0
    outer loop
      vertex -48.5065 30.3732 1.39
      vertex -48.6683 30.3327 2.4
      vertex -48.5065 30.3732 2.4
    endloop
  endfacet
  facet normal -0.242818 0.970072 0
    outer loop
      vertex -48.6683 30.3327 2.4
      vertex -48.5065 30.3732 1.39
      vertex -48.6683 30.3327 1.39
    endloop
  endfacet
  facet normal 0.595772 -0.803154 0
    outer loop
      vertex -50.0785 33.3141 1.39
      vertex -49.9445 33.4135 2.4
      vertex -50.0785 33.3141 2.4
    endloop
  endfacet
  facet normal 0.595772 -0.803154 0
    outer loop
      vertex -49.9445 33.4135 2.4
      vertex -50.0785 33.3141 1.39
      vertex -49.9445 33.4135 1.39
    endloop
  endfacet
  facet normal 0.904043 -0.427442 0
    outer loop
      vertex -50.5706 32.6506 2.4
      vertex -50.4993 32.8014 1.39
      vertex -50.4993 32.8014 2.4
    endloop
  endfacet
  facet normal 0.904043 -0.427442 0
    outer loop
      vertex -50.4993 32.8014 1.39
      vertex -50.5706 32.6506 2.4
      vertex -50.5706 32.6506 1.39
    endloop
  endfacet
  facet normal 0.427442 0.904043 -0
    outer loop
      vertex -49.6506 30.4294 1.39
      vertex -49.8014 30.5007 2.4
      vertex -49.6506 30.4294 2.4
    endloop
  endfacet
  facet normal 0.427442 0.904043 0
    outer loop
      vertex -49.8014 30.5007 2.4
      vertex -49.6506 30.4294 1.39
      vertex -49.8014 30.5007 1.39
    endloop
  endfacet
  facet normal 0.595772 0.803154 -0
    outer loop
      vertex -49.9445 30.5865 1.39
      vertex -50.0785 30.6859 2.4
      vertex -49.9445 30.5865 2.4
    endloop
  endfacet
  facet normal 0.595772 0.803154 0
    outer loop
      vertex -50.0785 30.6859 2.4
      vertex -49.9445 30.5865 1.39
      vertex -50.0785 30.6859 1.39
    endloop
  endfacet
  facet normal 0.904043 0.427442 0
    outer loop
      vertex -50.4993 31.1986 2.4
      vertex -50.5706 31.3494 1.39
      vertex -50.5706 31.3494 2.4
    endloop
  endfacet
  facet normal 0.904043 0.427442 0
    outer loop
      vertex -50.5706 31.3494 1.39
      vertex -50.4993 31.1986 2.4
      vertex -50.4993 31.1986 1.39
    endloop
  endfacet
  facet normal -0.514231 -0.857652 0
    outer loop
      vertex -48.1986 33.4993 1.39
      vertex -48.0555 33.4135 2.4
      vertex -48.1986 33.4993 2.4
    endloop
  endfacet
  facet normal -0.514231 -0.857652 -0
    outer loop
      vertex -48.0555 33.4135 2.4
      vertex -48.1986 33.4993 1.39
      vertex -48.0555 33.4135 1.39
    endloop
  endfacet
  facet normal -0.595772 0.803154 0
    outer loop
      vertex -47.9215 30.6859 1.39
      vertex -48.0555 30.5865 2.4
      vertex -47.9215 30.6859 2.4
    endloop
  endfacet
  facet normal -0.595772 0.803154 0
    outer loop
      vertex -48.0555 30.5865 2.4
      vertex -47.9215 30.6859 1.39
      vertex -48.0555 30.5865 1.39
    endloop
  endfacet
  facet normal 0.998791 0.0491602 0
    outer loop
      vertex -50.6918 31.8334 2.4
      vertex -50.7 32 1.39
      vertex -50.7 32 2.4
    endloop
  endfacet
  facet normal 0.998791 0.0491602 0
    outer loop
      vertex -50.7 32 1.39
      vertex -50.6918 31.8334 2.4
      vertex -50.6918 31.8334 1.39
    endloop
  endfacet
  facet normal 0.33683 0.941566 -0
    outer loop
      vertex -49.4935 30.3732 1.39
      vertex -49.6506 30.4294 2.4
      vertex -49.4935 30.3732 2.4
    endloop
  endfacet
  facet normal 0.33683 0.941566 0
    outer loop
      vertex -49.6506 30.4294 2.4
      vertex -49.4935 30.3732 1.39
      vertex -49.6506 30.4294 1.39
    endloop
  endfacet
  facet normal -0.595772 -0.803154 0
    outer loop
      vertex -48.0555 33.4135 1.39
      vertex -47.9215 33.3141 2.4
      vertex -48.0555 33.4135 2.4
    endloop
  endfacet
  facet normal -0.595772 -0.803154 -0
    outer loop
      vertex -47.9215 33.3141 2.4
      vertex -48.0555 33.4135 1.39
      vertex -47.9215 33.3141 1.39
    endloop
  endfacet
  facet normal -0.970072 0.242818 0
    outer loop
      vertex -47.3732 31.5065 1.39
      vertex -47.3327 31.6683 2.4
      vertex -47.3327 31.6683 1.39
    endloop
  endfacet
  facet normal -0.970072 0.242818 0
    outer loop
      vertex -47.3327 31.6683 2.4
      vertex -47.3732 31.5065 1.39
      vertex -47.3732 31.5065 2.4
    endloop
  endfacet
  facet normal 0.941566 0.33683 0
    outer loop
      vertex -50.5706 31.3494 2.4
      vertex -50.6268 31.5065 1.39
      vertex -50.6268 31.5065 2.4
    endloop
  endfacet
  facet normal 0.941566 0.33683 0
    outer loop
      vertex -50.6268 31.5065 1.39
      vertex -50.5706 31.3494 2.4
      vertex -50.5706 31.3494 1.39
    endloop
  endfacet
  facet normal -0.242818 -0.970072 0
    outer loop
      vertex -48.6683 33.6673 1.39
      vertex -48.5065 33.6268 2.4
      vertex -48.6683 33.6673 2.4
    endloop
  endfacet
  facet normal -0.242818 -0.970072 -0
    outer loop
      vertex -48.5065 33.6268 2.4
      vertex -48.6683 33.6673 1.39
      vertex -48.5065 33.6268 1.39
    endloop
  endfacet
  facet normal 0.741024 -0.671478 0
    outer loop
      vertex -50.3141 33.0785 2.4
      vertex -50.2021 33.2021 1.39
      vertex -50.2021 33.2021 2.4
    endloop
  endfacet
  facet normal 0.741024 -0.671478 0
    outer loop
      vertex -50.2021 33.2021 1.39
      vertex -50.3141 33.0785 2.4
      vertex -50.3141 33.0785 1.39
    endloop
  endfacet
  facet normal -0.0491602 0.998791 0
    outer loop
      vertex -48.8334 30.3082 1.39
      vertex -49 30.3 2.4
      vertex -48.8334 30.3082 2.4
    endloop
  endfacet
  facet normal -0.0491602 0.998791 0
    outer loop
      vertex -49 30.3 2.4
      vertex -48.8334 30.3082 1.39
      vertex -49 30.3 1.39
    endloop
  endfacet
  facet normal -0.803154 -0.595772 0
    outer loop
      vertex -47.5865 32.9445 1.39
      vertex -47.6859 33.0785 2.4
      vertex -47.6859 33.0785 1.39
    endloop
  endfacet
  facet normal -0.803154 -0.595772 0
    outer loop
      vertex -47.6859 33.0785 2.4
      vertex -47.5865 32.9445 1.39
      vertex -47.5865 32.9445 2.4
    endloop
  endfacet
  facet normal 0.970072 0.242818 0
    outer loop
      vertex -50.6268 31.5065 2.4
      vertex -50.6673 31.6683 1.39
      vertex -50.6673 31.6683 2.4
    endloop
  endfacet
  facet normal 0.970072 0.242818 0
    outer loop
      vertex -50.6673 31.6683 1.39
      vertex -50.6268 31.5065 2.4
      vertex -50.6268 31.5065 1.39
    endloop
  endfacet
  facet normal -0.989168 0.146788 0
    outer loop
      vertex -47.3327 31.6683 1.39
      vertex -47.3082 31.8334 2.4
      vertex -47.3082 31.8334 1.39
    endloop
  endfacet
  facet normal -0.989168 0.146788 0
    outer loop
      vertex -47.3082 31.8334 2.4
      vertex -47.3327 31.6683 1.39
      vertex -47.3327 31.6683 2.4
    endloop
  endfacet
  facet normal -0.514231 0.857652 0
    outer loop
      vertex -48.0555 30.5865 1.39
      vertex -48.1986 30.5007 2.4
      vertex -48.0555 30.5865 2.4
    endloop
  endfacet
  facet normal -0.514231 0.857652 0
    outer loop
      vertex -48.1986 30.5007 2.4
      vertex -48.0555 30.5865 1.39
      vertex -48.1986 30.5007 1.39
    endloop
  endfacet
  facet normal 0.941566 -0.33683 0
    outer loop
      vertex -50.6268 32.4935 2.4
      vertex -50.5706 32.6506 1.39
      vertex -50.5706 32.6506 2.4
    endloop
  endfacet
  facet normal 0.941566 -0.33683 0
    outer loop
      vertex -50.5706 32.6506 1.39
      vertex -50.6268 32.4935 2.4
      vertex -50.6268 32.4935 1.39
    endloop
  endfacet
  facet normal 0.989168 -0.146788 0
    outer loop
      vertex -50.6918 32.1666 2.4
      vertex -50.6673 32.3317 1.39
      vertex -50.6673 32.3317 2.4
    endloop
  endfacet
  facet normal 0.989168 -0.146788 0
    outer loop
      vertex -50.6673 32.3317 1.39
      vertex -50.6918 32.1666 2.4
      vertex -50.6918 32.1666 1.39
    endloop
  endfacet
  facet normal -0.904043 0.427442 0
    outer loop
      vertex -47.5007 31.1986 1.39
      vertex -47.4294 31.3494 2.4
      vertex -47.4294 31.3494 1.39
    endloop
  endfacet
  facet normal -0.904043 0.427442 0
    outer loop
      vertex -47.4294 31.3494 2.4
      vertex -47.5007 31.1986 1.39
      vertex -47.5007 31.1986 2.4
    endloop
  endfacet
  facet normal -0.33683 -0.941566 0
    outer loop
      vertex -48.5065 33.6268 1.39
      vertex -48.3494 33.5706 2.4
      vertex -48.5065 33.6268 2.4
    endloop
  endfacet
  facet normal -0.33683 -0.941566 -0
    outer loop
      vertex -48.3494 33.5706 2.4
      vertex -48.5065 33.6268 1.39
      vertex -48.3494 33.5706 1.39
    endloop
  endfacet
  facet normal -0.998791 0.0491602 0
    outer loop
      vertex -47.3082 31.8334 1.39
      vertex -47.3 32 2.4
      vertex -47.3 32 1.39
    endloop
  endfacet
  facet normal -0.998791 0.0491602 0
    outer loop
      vertex -47.3 32 2.4
      vertex -47.3082 31.8334 1.39
      vertex -47.3082 31.8334 2.4
    endloop
  endfacet
  facet normal -0.146788 0.989168 0
    outer loop
      vertex -48.6683 30.3327 1.39
      vertex -48.8334 30.3082 2.4
      vertex -48.6683 30.3327 2.4
    endloop
  endfacet
  facet normal -0.146788 0.989168 0
    outer loop
      vertex -48.8334 30.3082 2.4
      vertex -48.6683 30.3327 1.39
      vertex -48.8334 30.3082 1.39
    endloop
  endfacet
  facet normal -0.941566 -0.33683 0
    outer loop
      vertex -47.3732 32.4935 1.39
      vertex -47.4294 32.6506 2.4
      vertex -47.4294 32.6506 1.39
    endloop
  endfacet
  facet normal -0.941566 -0.33683 0
    outer loop
      vertex -47.4294 32.6506 2.4
      vertex -47.3732 32.4935 1.39
      vertex -47.3732 32.4935 2.4
    endloop
  endfacet
  facet normal -0.803154 0.595772 0
    outer loop
      vertex -47.6859 30.9215 1.39
      vertex -47.5865 31.0555 2.4
      vertex -47.5865 31.0555 1.39
    endloop
  endfacet
  facet normal -0.803154 0.595772 0
    outer loop
      vertex -47.5865 31.0555 2.4
      vertex -47.6859 30.9215 1.39
      vertex -47.6859 30.9215 2.4
    endloop
  endfacet
  facet normal -0.857652 0.514231 0
    outer loop
      vertex -47.5865 31.0555 1.39
      vertex -47.5007 31.1986 2.4
      vertex -47.5007 31.1986 1.39
    endloop
  endfacet
  facet normal -0.857652 0.514231 0
    outer loop
      vertex -47.5007 31.1986 2.4
      vertex -47.5865 31.0555 1.39
      vertex -47.5865 31.0555 2.4
    endloop
  endfacet
  facet normal 0.242818 -0.970072 0
    outer loop
      vertex -49.4935 33.6268 1.39
      vertex -49.3317 33.6673 2.4
      vertex -49.4935 33.6268 2.4
    endloop
  endfacet
  facet normal 0.242818 -0.970072 0
    outer loop
      vertex -49.3317 33.6673 2.4
      vertex -49.4935 33.6268 1.39
      vertex -49.3317 33.6673 1.39
    endloop
  endfacet
  facet normal -0.941566 0.33683 0
    outer loop
      vertex -47.4294 31.3494 1.39
      vertex -47.3732 31.5065 2.4
      vertex -47.3732 31.5065 1.39
    endloop
  endfacet
  facet normal -0.941566 0.33683 0
    outer loop
      vertex -47.3732 31.5065 2.4
      vertex -47.4294 31.3494 1.39
      vertex -47.4294 31.3494 2.4
    endloop
  endfacet
  facet normal -0.0491602 -0.998791 0
    outer loop
      vertex -49 33.7 1.39
      vertex -48.8334 33.6918 2.4
      vertex -49 33.7 2.4
    endloop
  endfacet
  facet normal -0.0491602 -0.998791 -0
    outer loop
      vertex -48.8334 33.6918 2.4
      vertex -49 33.7 1.39
      vertex -48.8334 33.6918 1.39
    endloop
  endfacet
  facet normal 0.514231 -0.857652 0
    outer loop
      vertex -49.9445 33.4135 1.39
      vertex -49.8014 33.4993 2.4
      vertex -49.9445 33.4135 2.4
    endloop
  endfacet
  facet normal 0.514231 -0.857652 0
    outer loop
      vertex -49.8014 33.4993 2.4
      vertex -49.9445 33.4135 1.39
      vertex -49.8014 33.4993 1.39
    endloop
  endfacet
  facet normal -0.904043 -0.427442 0
    outer loop
      vertex -47.4294 32.6506 1.39
      vertex -47.5007 32.8014 2.4
      vertex -47.5007 32.8014 1.39
    endloop
  endfacet
  facet normal -0.904043 -0.427442 0
    outer loop
      vertex -47.5007 32.8014 2.4
      vertex -47.4294 32.6506 1.39
      vertex -47.4294 32.6506 2.4
    endloop
  endfacet
  facet normal -0.146788 -0.989168 0
    outer loop
      vertex -48.8334 33.6918 1.39
      vertex -48.6683 33.6673 2.4
      vertex -48.8334 33.6918 2.4
    endloop
  endfacet
  facet normal -0.146788 -0.989168 -0
    outer loop
      vertex -48.6683 33.6673 2.4
      vertex -48.8334 33.6918 1.39
      vertex -48.6683 33.6673 1.39
    endloop
  endfacet
  facet normal 0.242818 0.970072 -0
    outer loop
      vertex -49.3317 30.3327 1.39
      vertex -49.4935 30.3732 2.4
      vertex -49.3317 30.3327 2.4
    endloop
  endfacet
  facet normal 0.242818 0.970072 0
    outer loop
      vertex -49.4935 30.3732 2.4
      vertex -49.3317 30.3327 1.39
      vertex -49.4935 30.3732 1.39
    endloop
  endfacet
  facet normal 0.857652 0.514231 0
    outer loop
      vertex -50.4135 31.0555 2.4
      vertex -50.4993 31.1986 1.39
      vertex -50.4993 31.1986 2.4
    endloop
  endfacet
  facet normal 0.857652 0.514231 0
    outer loop
      vertex -50.4993 31.1986 1.39
      vertex -50.4135 31.0555 2.4
      vertex -50.4135 31.0555 1.39
    endloop
  endfacet
  facet normal -0.857652 -0.514231 0
    outer loop
      vertex -47.5007 32.8014 1.39
      vertex -47.5865 32.9445 2.4
      vertex -47.5865 32.9445 1.39
    endloop
  endfacet
  facet normal -0.857652 -0.514231 0
    outer loop
      vertex -47.5865 32.9445 2.4
      vertex -47.5007 32.8014 1.39
      vertex -47.5007 32.8014 2.4
    endloop
  endfacet
  facet normal 0.33683 -0.941566 0
    outer loop
      vertex -49.6506 33.5706 1.39
      vertex -49.4935 33.6268 2.4
      vertex -49.6506 33.5706 2.4
    endloop
  endfacet
  facet normal 0.33683 -0.941566 0
    outer loop
      vertex -49.4935 33.6268 2.4
      vertex -49.6506 33.5706 1.39
      vertex -49.4935 33.6268 1.39
    endloop
  endfacet
  facet normal 0.741024 0.671478 0
    outer loop
      vertex -50.2021 30.7979 2.4
      vertex -50.3141 30.9215 1.39
      vertex -50.3141 30.9215 2.4
    endloop
  endfacet
  facet normal 0.741024 0.671478 0
    outer loop
      vertex -50.3141 30.9215 1.39
      vertex -50.2021 30.7979 2.4
      vertex -50.2021 30.7979 1.39
    endloop
  endfacet
  facet normal 0.671478 -0.741024 0
    outer loop
      vertex -50.2021 33.2021 1.39
      vertex -50.0785 33.3141 2.4
      vertex -50.2021 33.2021 2.4
    endloop
  endfacet
  facet normal 0.671478 -0.741024 0
    outer loop
      vertex -50.0785 33.3141 2.4
      vertex -50.2021 33.2021 1.39
      vertex -50.0785 33.3141 1.39
    endloop
  endfacet
  facet normal 0.514231 0.857652 -0
    outer loop
      vertex -49.8014 30.5007 1.39
      vertex -49.9445 30.5865 2.4
      vertex -49.8014 30.5007 2.4
    endloop
  endfacet
  facet normal 0.514231 0.857652 0
    outer loop
      vertex -49.9445 30.5865 2.4
      vertex -49.8014 30.5007 1.39
      vertex -49.9445 30.5865 1.39
    endloop
  endfacet
  facet normal 0.970072 -0.242818 0
    outer loop
      vertex -50.6673 32.3317 2.4
      vertex -50.6268 32.4935 1.39
      vertex -50.6268 32.4935 2.4
    endloop
  endfacet
  facet normal 0.970072 -0.242818 0
    outer loop
      vertex -50.6268 32.4935 1.39
      vertex -50.6673 32.3317 2.4
      vertex -50.6673 32.3317 1.39
    endloop
  endfacet
  facet normal -0.671478 -0.741024 0
    outer loop
      vertex -47.9215 33.3141 1.39
      vertex -47.7979 33.2021 2.4
      vertex -47.9215 33.3141 2.4
    endloop
  endfacet
  facet normal -0.671478 -0.741024 -0
    outer loop
      vertex -47.7979 33.2021 2.4
      vertex -47.9215 33.3141 1.39
      vertex -47.7979 33.2021 1.39
    endloop
  endfacet
  facet normal -0.33683 0.941566 0
    outer loop
      vertex -48.3494 30.4294 1.39
      vertex -48.5065 30.3732 2.4
      vertex -48.3494 30.4294 2.4
    endloop
  endfacet
  facet normal -0.33683 0.941566 0
    outer loop
      vertex -48.5065 30.3732 2.4
      vertex -48.3494 30.4294 1.39
      vertex -48.5065 30.3732 1.39
    endloop
  endfacet
  facet normal 0.803154 0.595772 0
    outer loop
      vertex -50.3141 30.9215 2.4
      vertex -50.4135 31.0555 1.39
      vertex -50.4135 31.0555 2.4
    endloop
  endfacet
  facet normal 0.803154 0.595772 0
    outer loop
      vertex -50.4135 31.0555 1.39
      vertex -50.3141 30.9215 2.4
      vertex -50.3141 30.9215 1.39
    endloop
  endfacet
  facet normal 0.989168 0.146788 0
    outer loop
      vertex -50.6673 31.6683 2.4
      vertex -50.6918 31.8334 1.39
      vertex -50.6918 31.8334 2.4
    endloop
  endfacet
  facet normal 0.989168 0.146788 0
    outer loop
      vertex -50.6918 31.8334 1.39
      vertex -50.6673 31.6683 2.4
      vertex -50.6673 31.6683 1.39
    endloop
  endfacet
  facet normal 0.671478 0.741024 -0
    outer loop
      vertex -50.0785 30.6859 1.39
      vertex -50.2021 30.7979 2.4
      vertex -50.0785 30.6859 2.4
    endloop
  endfacet
  facet normal 0.671478 0.741024 0
    outer loop
      vertex -50.2021 30.7979 2.4
      vertex -50.0785 30.6859 1.39
      vertex -50.2021 30.7979 1.39
    endloop
  endfacet
  facet normal 0.803154 -0.595772 0
    outer loop
      vertex -50.4135 32.9445 2.4
      vertex -50.3141 33.0785 1.39
      vertex -50.3141 33.0785 2.4
    endloop
  endfacet
  facet normal 0.803154 -0.595772 0
    outer loop
      vertex -50.3141 33.0785 1.39
      vertex -50.4135 32.9445 2.4
      vertex -50.4135 32.9445 1.39
    endloop
  endfacet
  facet normal 0.857652 -0.514231 0
    outer loop
      vertex -50.4993 32.8014 2.4
      vertex -50.4135 32.9445 1.39
      vertex -50.4135 32.9445 2.4
    endloop
  endfacet
  facet normal 0.857652 -0.514231 0
    outer loop
      vertex -50.4135 32.9445 1.39
      vertex -50.4993 32.8014 2.4
      vertex -50.4993 32.8014 1.39
    endloop
  endfacet
  facet normal 0.0491602 0.998791 -0
    outer loop
      vertex -49 30.3 1.39
      vertex -49.1666 30.3082 2.4
      vertex -49 30.3 2.4
    endloop
  endfacet
  facet normal 0.0491602 0.998791 0
    outer loop
      vertex -49.1666 30.3082 2.4
      vertex -49 30.3 1.39
      vertex -49.1666 30.3082 1.39
    endloop
  endfacet
  facet normal 0.998791 -0.0491602 0
    outer loop
      vertex -50.7 32 2.4
      vertex -50.6918 32.1666 1.39
      vertex -50.6918 32.1666 2.4
    endloop
  endfacet
  facet normal 0.998791 -0.0491602 0
    outer loop
      vertex -50.6918 32.1666 1.39
      vertex -50.7 32 2.4
      vertex -50.7 32 1.39
    endloop
  endfacet
  facet normal -0.741024 0.671478 0
    outer loop
      vertex -47.7979 30.7979 1.39
      vertex -47.6859 30.9215 2.4
      vertex -47.6859 30.9215 1.39
    endloop
  endfacet
  facet normal -0.741024 0.671478 0
    outer loop
      vertex -47.6859 30.9215 2.4
      vertex -47.7979 30.7979 1.39
      vertex -47.7979 30.7979 2.4
    endloop
  endfacet
  facet normal -0.671478 0.741024 0
    outer loop
      vertex -47.7979 30.7979 1.39
      vertex -47.9215 30.6859 2.4
      vertex -47.7979 30.7979 2.4
    endloop
  endfacet
  facet normal -0.671478 0.741024 0
    outer loop
      vertex -47.9215 30.6859 2.4
      vertex -47.7979 30.7979 1.39
      vertex -47.9215 30.6859 1.39
    endloop
  endfacet
  facet normal -0.989145 -0.146942 0
    outer loop
      vertex -45.9149 32.3039 0
      vertex -45.9596 32.6048 1.39
      vertex -45.9596 32.6048 0
    endloop
  endfacet
  facet normal -0.989145 -0.146942 0
    outer loop
      vertex -45.9596 32.6048 1.39
      vertex -45.9149 32.3039 0
      vertex -45.9149 32.3039 1.39
    endloop
  endfacet
  facet normal -0.9988 -0.0489705 0
    outer loop
      vertex -45.9 32 0
      vertex -45.9149 32.3039 1.39
      vertex -45.9149 32.3039 0
    endloop
  endfacet
  facet normal -0.9988 -0.0489705 0
    outer loop
      vertex -45.9149 32.3039 1.39
      vertex -45.9 32 0
      vertex -45.9 32 1.39
    endloop
  endfacet
  facet normal -0.970046 -0.242922 0
    outer loop
      vertex -45.9596 32.6048 0
      vertex -46.0335 32.8999 1.39
      vertex -46.0335 32.8999 0
    endloop
  endfacet
  facet normal -0.970046 -0.242922 0
    outer loop
      vertex -46.0335 32.8999 1.39
      vertex -45.9596 32.6048 0
      vertex -45.9596 32.6048 1.39
    endloop
  endfacet
  facet normal -0.803027 0.595943 0
    outer loop
      vertex -46.6037 30.0334 0
      vertex -46.4224 30.2777 1.39
      vertex -46.4224 30.2777 0
    endloop
  endfacet
  facet normal -0.803027 0.595943 0
    outer loop
      vertex -46.4224 30.2777 1.39
      vertex -46.6037 30.0334 0
      vertex -46.6037 30.0334 1.39
    endloop
  endfacet
  facet normal -0.0489705 0.9988 0
    outer loop
      vertex -48.6961 28.9149 0
      vertex -49 28.9 1.39
      vertex -48.6961 28.9149 1.39
    endloop
  endfacet
  facet normal -0.0489705 0.9988 0
    outer loop
      vertex -49 28.9 1.39
      vertex -48.6961 28.9149 0
      vertex -49 28.9 0
    endloop
  endfacet
  facet normal -0.514012 0.857783 0
    outer loop
      vertex -47.2777 29.4224 0
      vertex -47.5387 29.266 1.39
      vertex -47.2777 29.4224 1.39
    endloop
  endfacet
  facet normal -0.514012 0.857783 0
    outer loop
      vertex -47.5387 29.266 1.39
      vertex -47.2777 29.4224 0
      vertex -47.5387 29.266 0
    endloop
  endfacet
  facet normal 0.42738 -0.904072 0
    outer loop
      vertex -50.4613 34.734 0
      vertex -50.1863 34.864 1.39
      vertex -50.4613 34.734 1.39
    endloop
  endfacet
  facet normal 0.42738 -0.904072 0
    outer loop
      vertex -50.1863 34.864 1.39
      vertex -50.4613 34.734 0
      vertex -50.1863 34.864 0
    endloop
  endfacet
  facet normal -0.514012 -0.857783 0
    outer loop
      vertex -47.5387 34.734 0
      vertex -47.2777 34.5776 1.39
      vertex -47.5387 34.734 1.39
    endloop
  endfacet
  facet normal -0.514012 -0.857783 -0
    outer loop
      vertex -47.2777 34.5776 1.39
      vertex -47.5387 34.734 0
      vertex -47.2777 34.5776 0
    endloop
  endfacet
  facet normal 0.0489705 -0.9988 0
    outer loop
      vertex -49.3039 35.0851 0
      vertex -49 35.1 1.39
      vertex -49.3039 35.0851 1.39
    endloop
  endfacet
  facet normal 0.0489705 -0.9988 0
    outer loop
      vertex -49 35.1 1.39
      vertex -49.3039 35.0851 0
      vertex -49 35.1 0
    endloop
  endfacet
  facet normal 0.803027 0.595943 0
    outer loop
      vertex -51.3963 30.0334 1.39
      vertex -51.5776 30.2777 0
      vertex -51.5776 30.2777 1.39
    endloop
  endfacet
  facet normal 0.803027 0.595943 0
    outer loop
      vertex -51.5776 30.2777 0
      vertex -51.3963 30.0334 1.39
      vertex -51.3963 30.0334 0
    endloop
  endfacet
  facet normal -0.941519 -0.336961 0
    outer loop
      vertex -46.0335 32.8999 0
      vertex -46.136 33.1863 1.39
      vertex -46.136 33.1863 0
    endloop
  endfacet
  facet normal -0.941519 -0.336961 0
    outer loop
      vertex -46.136 33.1863 1.39
      vertex -46.0335 32.8999 0
      vertex -46.0335 32.8999 1.39
    endloop
  endfacet
  facet normal -0.941519 0.336961 0
    outer loop
      vertex -46.136 30.8137 0
      vertex -46.0335 31.1001 1.39
      vertex -46.0335 31.1001 0
    endloop
  endfacet
  facet normal -0.941519 0.336961 0
    outer loop
      vertex -46.0335 31.1001 1.39
      vertex -46.136 30.8137 0
      vertex -46.136 30.8137 1.39
    endloop
  endfacet
  facet normal 0.857783 0.514012 0
    outer loop
      vertex -51.5776 30.2777 1.39
      vertex -51.734 30.5387 0
      vertex -51.734 30.5387 1.39
    endloop
  endfacet
  facet normal 0.857783 0.514012 0
    outer loop
      vertex -51.734 30.5387 0
      vertex -51.5776 30.2777 1.39
      vertex -51.5776 30.2777 0
    endloop
  endfacet
  facet normal -0.242922 0.970046 0
    outer loop
      vertex -48.1001 29.0335 0
      vertex -48.3952 28.9596 1.39
      vertex -48.1001 29.0335 1.39
    endloop
  endfacet
  facet normal -0.242922 0.970046 0
    outer loop
      vertex -48.3952 28.9596 1.39
      vertex -48.1001 29.0335 0
      vertex -48.3952 28.9596 0
    endloop
  endfacet
  facet normal -0.9988 0.0489705 0
    outer loop
      vertex -45.9149 31.6961 0
      vertex -45.9 32 1.39
      vertex -45.9 32 0
    endloop
  endfacet
  facet normal -0.9988 0.0489705 0
    outer loop
      vertex -45.9 32 1.39
      vertex -45.9149 31.6961 0
      vertex -45.9149 31.6961 1.39
    endloop
  endfacet
  facet normal 0.595943 0.803027 -0
    outer loop
      vertex -50.7223 29.4224 0
      vertex -50.9666 29.6037 1.39
      vertex -50.7223 29.4224 1.39
    endloop
  endfacet
  facet normal 0.595943 0.803027 0
    outer loop
      vertex -50.9666 29.6037 1.39
      vertex -50.7223 29.4224 0
      vertex -50.9666 29.6037 0
    endloop
  endfacet
  facet normal 0.989145 0.146942 0
    outer loop
      vertex -52.0404 31.3952 1.39
      vertex -52.0851 31.6961 0
      vertex -52.0851 31.6961 1.39
    endloop
  endfacet
  facet normal 0.989145 0.146942 0
    outer loop
      vertex -52.0851 31.6961 0
      vertex -52.0404 31.3952 1.39
      vertex -52.0404 31.3952 0
    endloop
  endfacet
  facet normal 0.595943 -0.803027 0
    outer loop
      vertex -50.9666 34.3963 0
      vertex -50.7223 34.5776 1.39
      vertex -50.9666 34.3963 1.39
    endloop
  endfacet
  facet normal 0.595943 -0.803027 0
    outer loop
      vertex -50.7223 34.5776 1.39
      vertex -50.9666 34.3963 0
      vertex -50.7223 34.5776 0
    endloop
  endfacet
  facet normal -0.595943 -0.803027 0
    outer loop
      vertex -47.2777 34.5776 0
      vertex -47.0334 34.3963 1.39
      vertex -47.2777 34.5776 1.39
    endloop
  endfacet
  facet normal -0.595943 -0.803027 -0
    outer loop
      vertex -47.0334 34.3963 1.39
      vertex -47.2777 34.5776 0
      vertex -47.0334 34.3963 0
    endloop
  endfacet
  facet normal -0.740936 0.671576 0
    outer loop
      vertex -46.808 29.808 0
      vertex -46.6037 30.0334 1.39
      vertex -46.6037 30.0334 0
    endloop
  endfacet
  facet normal -0.740936 0.671576 0
    outer loop
      vertex -46.6037 30.0334 1.39
      vertex -46.808 29.808 0
      vertex -46.808 29.808 1.39
    endloop
  endfacet
  facet normal 0.941519 0.336961 0
    outer loop
      vertex -51.864 30.8137 1.39
      vertex -51.9665 31.1001 0
      vertex -51.9665 31.1001 1.39
    endloop
  endfacet
  facet normal 0.941519 0.336961 0
    outer loop
      vertex -51.9665 31.1001 0
      vertex -51.864 30.8137 1.39
      vertex -51.864 30.8137 0
    endloop
  endfacet
  facet normal -0.989145 0.146942 0
    outer loop
      vertex -45.9596 31.3952 0
      vertex -45.9149 31.6961 1.39
      vertex -45.9149 31.6961 0
    endloop
  endfacet
  facet normal -0.989145 0.146942 0
    outer loop
      vertex -45.9149 31.6961 1.39
      vertex -45.9596 31.3952 0
      vertex -45.9596 31.3952 1.39
    endloop
  endfacet
  facet normal 0.857783 -0.514012 0
    outer loop
      vertex -51.734 33.4613 1.39
      vertex -51.5776 33.7223 0
      vertex -51.5776 33.7223 1.39
    endloop
  endfacet
  facet normal 0.857783 -0.514012 0
    outer loop
      vertex -51.5776 33.7223 0
      vertex -51.734 33.4613 1.39
      vertex -51.734 33.4613 0
    endloop
  endfacet
  facet normal -0.970046 0.242922 0
    outer loop
      vertex -46.0335 31.1001 0
      vertex -45.9596 31.3952 1.39
      vertex -45.9596 31.3952 0
    endloop
  endfacet
  facet normal -0.970046 0.242922 0
    outer loop
      vertex -45.9596 31.3952 1.39
      vertex -46.0335 31.1001 0
      vertex -46.0335 31.1001 1.39
    endloop
  endfacet
  facet normal -0.42738 0.904072 0
    outer loop
      vertex -47.5387 29.266 0
      vertex -47.8137 29.136 1.39
      vertex -47.5387 29.266 1.39
    endloop
  endfacet
  facet normal -0.42738 0.904072 0
    outer loop
      vertex -47.8137 29.136 1.39
      vertex -47.5387 29.266 0
      vertex -47.8137 29.136 0
    endloop
  endfacet
  facet normal 0 0 -1
    outer loop
      vertex -47.3 32 1.39
      vertex -45.9 32 1.39
      vertex -45.9149 31.6961 1.39
    endloop
  endfacet
  facet normal 0 0 -1
    outer loop
      vertex -47.3082 31.8334 1.39
      vertex -45.9149 31.6961 1.39
      vertex -45.9596 31.3952 1.39
    endloop
  endfacet
  facet normal 0 0 -1
    outer loop
      vertex -45.9 32 1.39
      vertex -47.3 32 1.39
      vertex -45.9149 32.3039 1.39
    endloop
  endfacet
  facet normal 0 0 -1
    outer loop
      vertex -47.3327 31.6683 1.39
      vertex -45.9596 31.3952 1.39
      vertex -46.0335 31.1001 1.39
    endloop
  endfacet
  facet normal 0 0 -1
    outer loop
      vertex -47.3082 32.1666 1.39
      vertex -45.9149 32.3039 1.39
      vertex -47.3 32 1.39
    endloop
  endfacet
  facet normal 0 0 -1
    outer loop
      vertex -47.3732 31.5065 1.39
      vertex -46.0335 31.1001 1.39
      vertex -46.136 30.8137 1.39
    endloop
  endfacet
  facet normal -0 0 -1
    outer loop
      vertex -45.9149 32.3039 1.39
      vertex -47.3082 32.1666 1.39
      vertex -45.9596 32.6048 1.39
    endloop
  endfacet
  facet normal 0 0 -1
    outer loop
      vertex -47.4294 31.3494 1.39
      vertex -46.136 30.8137 1.39
      vertex -46.266 30.5387 1.39
    endloop
  endfacet
  facet normal 0 0 -1
    outer loop
      vertex -47.3327 32.3317 1.39
      vertex -45.9596 32.6048 1.39
      vertex -47.3082 32.1666 1.39
    endloop
  endfacet
  facet normal 0 0 -1
    outer loop
      vertex -47.5007 31.1986 1.39
      vertex -46.266 30.5387 1.39
      vertex -46.4224 30.2777 1.39
    endloop
  endfacet
  facet normal -0 0 -1
    outer loop
      vertex -45.9596 32.6048 1.39
      vertex -47.3327 32.3317 1.39
      vertex -46.0335 32.8999 1.39
    endloop
  endfacet
  facet normal 0 0 -1
    outer loop
      vertex -47.5865 31.0555 1.39
      vertex -46.4224 30.2777 1.39
      vertex -46.6037 30.0334 1.39
    endloop
  endfacet
  facet normal 0 0 -1
    outer loop
      vertex -47.3732 32.4935 1.39
      vertex -46.0335 32.8999 1.39
      vertex -47.3327 32.3317 1.39
    endloop
  endfacet
  facet normal 0 0 -1
    outer loop
      vertex -47.6859 30.9215 1.39
      vertex -46.6037 30.0334 1.39
      vertex -46.808 29.808 1.39
    endloop
  endfacet
  facet normal -0 0 -1
    outer loop
      vertex -46.0335 32.8999 1.39
      vertex -47.3732 32.4935 1.39
      vertex -46.136 33.1863 1.39
    endloop
  endfacet
  facet normal 0 0 -1
    outer loop
      vertex -47.7979 30.7979 1.39
      vertex -46.808 29.808 1.39
      vertex -47.0334 29.6037 1.39
    endloop
  endfacet
  facet normal 0 0 -1
    outer loop
      vertex -47.4294 32.6506 1.39
      vertex -46.136 33.1863 1.39
      vertex -47.3732 32.4935 1.39
    endloop
  endfacet
  facet normal 0 0 -1
    outer loop
      vertex -47.9215 30.6859 1.39
      vertex -47.0334 29.6037 1.39
      vertex -47.2777 29.4224 1.39
    endloop
  endfacet
  facet normal -0 0 -1
    outer loop
      vertex -46.136 33.1863 1.39
      vertex -47.4294 32.6506 1.39
      vertex -46.266 33.4613 1.39
    endloop
  endfacet
  facet normal 0 0 -1
    outer loop
      vertex -47.5007 32.8014 1.39
      vertex -46.266 33.4613 1.39
      vertex -47.4294 32.6506 1.39
    endloop
  endfacet
  facet normal 0 0 -1
    outer loop
      vertex -45.9149 31.6961 1.39
      vertex -47.3082 31.8334 1.39
      vertex -47.3 32 1.39
    endloop
  endfacet
  facet normal 0 0 -1
    outer loop
      vertex -45.9596 31.3952 1.39
      vertex -47.3327 31.6683 1.39
      vertex -47.3082 31.8334 1.39
    endloop
  endfacet
  facet normal 0 0 -1
    outer loop
      vertex -46.0335 31.1001 1.39
      vertex -47.3732 31.5065 1.39
      vertex -47.3327 31.6683 1.39
    endloop
  endfacet
  facet normal 0 0 -1
    outer loop
      vertex -46.136 30.8137 1.39
      vertex -47.4294 31.3494 1.39
      vertex -47.3732 31.5065 1.39
    endloop
  endfacet
  facet normal 0 0 -1
    outer loop
      vertex -46.266 30.5387 1.39
      vertex -47.5007 31.1986 1.39
      vertex -47.4294 31.3494 1.39
    endloop
  endfacet
  facet normal 0 0 -1
    outer loop
      vertex -48.0555 30.5865 1.39
      vertex -47.2777 29.4224 1.39
      vertex -47.5387 29.266 1.39
    endloop
  endfacet
  facet normal 0 0 -1
    outer loop
      vertex -46.4224 30.2777 1.39
      vertex -47.5865 31.0555 1.39
      vertex -47.5007 31.1986 1.39
    endloop
  endfacet
  facet normal 0 0 -1
    outer loop
      vertex -46.6037 30.0334 1.39
      vertex -47.6859 30.9215 1.39
      vertex -47.5865 31.0555 1.39
    endloop
  endfacet
  facet normal 0 0 -1
    outer loop
      vertex -46.808 29.808 1.39
      vertex -47.7979 30.7979 1.39
      vertex -47.6859 30.9215 1.39
    endloop
  endfacet
  facet normal 0 0 -1
    outer loop
      vertex -48.1986 30.5007 1.39
      vertex -47.5387 29.266 1.39
      vertex -47.8137 29.136 1.39
    endloop
  endfacet
  facet normal 0 0 -1
    outer loop
      vertex -47.0334 29.6037 1.39
      vertex -47.9215 30.6859 1.39
      vertex -47.7979 30.7979 1.39
    endloop
  endfacet
  facet normal 0 0 -1
    outer loop
      vertex -47.2777 29.4224 1.39
      vertex -48.0555 30.5865 1.39
      vertex -47.9215 30.6859 1.39
    endloop
  endfacet
  facet normal 0 0 -1
    outer loop
      vertex -48.3494 30.4294 1.39
      vertex -47.8137 29.136 1.39
      vertex -48.1001 29.0335 1.39
    endloop
  endfacet
  facet normal 0 0 -1
    outer loop
      vertex -47.5387 29.266 1.39
      vertex -48.1986 30.5007 1.39
      vertex -48.0555 30.5865 1.39
    endloop
  endfacet
  facet normal 0 0 -1
    outer loop
      vertex -47.8137 29.136 1.39
      vertex -48.3494 30.4294 1.39
      vertex -48.1986 30.5007 1.39
    endloop
  endfacet
  facet normal 0 0 -1
    outer loop
      vertex -48.5065 30.3732 1.39
      vertex -48.1001 29.0335 1.39
      vertex -48.3952 28.9596 1.39
    endloop
  endfacet
  facet normal 0 0 -1
    outer loop
      vertex -48.1001 29.0335 1.39
      vertex -48.5065 30.3732 1.39
      vertex -48.3494 30.4294 1.39
    endloop
  endfacet
  facet normal 0 0 -1
    outer loop
      vertex -48.3952 28.9596 1.39
      vertex -48.6683 30.3327 1.39
      vertex -48.5065 30.3732 1.39
    endloop
  endfacet
  facet normal 0 0 -1
    outer loop
      vertex -48.6961 28.9149 1.39
      vertex -48.6683 30.3327 1.39
      vertex -48.3952 28.9596 1.39
    endloop
  endfacet
  facet normal 0 0 -1
    outer loop
      vertex -48.6961 28.9149 1.39
      vertex -48.8334 30.3082 1.39
      vertex -48.6683 30.3327 1.39
    endloop
  endfacet
  facet normal 0 0 -1
    outer loop
      vertex -49 28.9 1.39
      vertex -48.8334 30.3082 1.39
      vertex -48.6961 28.9149 1.39
    endloop
  endfacet
  facet normal 0 0 -1
    outer loop
      vertex -49 28.9 1.39
      vertex -49 30.3 1.39
      vertex -48.8334 30.3082 1.39
    endloop
  endfacet
  facet normal 0 0 -1
    outer loop
      vertex -49 28.9 1.39
      vertex -49.1666 30.3082 1.39
      vertex -49 30.3 1.39
    endloop
  endfacet
  facet normal 0 0 -1
    outer loop
      vertex -49.3039 28.9149 1.39
      vertex -49.1666 30.3082 1.39
      vertex -49 28.9 1.39
    endloop
  endfacet
  facet normal 0 0 -1
    outer loop
      vertex -49.3039 28.9149 1.39
      vertex -49.3317 30.3327 1.39
      vertex -49.1666 30.3082 1.39
    endloop
  endfacet
  facet normal 0 0 -1
    outer loop
      vertex -49.6048 28.9596 1.39
      vertex -49.3317 30.3327 1.39
      vertex -49.3039 28.9149 1.39
    endloop
  endfacet
  facet normal -0 0 -1
    outer loop
      vertex -49.3317 30.3327 1.39
      vertex -49.6048 28.9596 1.39
      vertex -49.4935 30.3732 1.39
    endloop
  endfacet
  facet normal 0 0 -1
    outer loop
      vertex -49.8999 29.0335 1.39
      vertex -49.4935 30.3732 1.39
      vertex -49.6048 28.9596 1.39
    endloop
  endfacet
  facet normal -0 0 -1
    outer loop
      vertex -49.4935 30.3732 1.39
      vertex -49.8999 29.0335 1.39
      vertex -49.6506 30.4294 1.39
    endloop
  endfacet
  facet normal 0 0 -1
    outer loop
      vertex -50.1863 29.136 1.39
      vertex -49.6506 30.4294 1.39
      vertex -49.8999 29.0335 1.39
    endloop
  endfacet
  facet normal -0 0 -1
    outer loop
      vertex -49.6506 30.4294 1.39
      vertex -50.1863 29.136 1.39
      vertex -49.8014 30.5007 1.39
    endloop
  endfacet
  facet normal 0 0 -1
    outer loop
      vertex -50.4613 29.266 1.39
      vertex -49.8014 30.5007 1.39
      vertex -50.1863 29.136 1.39
    endloop
  endfacet
  facet normal -0 0 -1
    outer loop
      vertex -49.8014 30.5007 1.39
      vertex -50.4613 29.266 1.39
      vertex -49.9445 30.5865 1.39
    endloop
  endfacet
  facet normal 0 0 -1
    outer loop
      vertex -50.7223 29.4224 1.39
      vertex -49.9445 30.5865 1.39
      vertex -50.4613 29.266 1.39
    endloop
  endfacet
  facet normal -0 0 -1
    outer loop
      vertex -49.9445 30.5865 1.39
      vertex -50.7223 29.4224 1.39
      vertex -50.0785 30.6859 1.39
    endloop
  endfacet
  facet normal 0 0 -1
    outer loop
      vertex -50.9666 29.6037 1.39
      vertex -50.0785 30.6859 1.39
      vertex -50.7223 29.4224 1.39
    endloop
  endfacet
  facet normal -0 0 -1
    outer loop
      vertex -50.0785 30.6859 1.39
      vertex -50.9666 29.6037 1.39
      vertex -50.2021 30.7979 1.39
    endloop
  endfacet
  facet normal 0 0 -1
    outer loop
      vertex -51.192 29.808 1.39
      vertex -50.2021 30.7979 1.39
      vertex -50.9666 29.6037 1.39
    endloop
  endfacet
  facet normal -0 0 -1
    outer loop
      vertex -50.2021 30.7979 1.39
      vertex -51.192 29.808 1.39
      vertex -50.3141 30.9215 1.39
    endloop
  endfacet
  facet normal 0 0 -1
    outer loop
      vertex -51.3963 30.0334 1.39
      vertex -50.3141 30.9215 1.39
      vertex -51.192 29.808 1.39
    endloop
  endfacet
  facet normal -0 0 -1
    outer loop
      vertex -50.3141 30.9215 1.39
      vertex -51.3963 30.0334 1.39
      vertex -50.4135 31.0555 1.39
    endloop
  endfacet
  facet normal 0 0 -1
    outer loop
      vertex -51.5776 30.2777 1.39
      vertex -50.4135 31.0555 1.39
      vertex -51.3963 30.0334 1.39
    endloop
  endfacet
  facet normal 0 0 -1
    outer loop
      vertex -51.734 30.5387 1.39
      vertex -50.4993 31.1986 1.39
      vertex -51.5776 30.2777 1.39
    endloop
  endfacet
  facet normal -0 0 -1
    outer loop
      vertex -50.4135 31.0555 1.39
      vertex -51.5776 30.2777 1.39
      vertex -50.4993 31.1986 1.39
    endloop
  endfacet
  facet normal -0 0 -1
    outer loop
      vertex -46.266 33.4613 1.39
      vertex -47.5007 32.8014 1.39
      vertex -46.4224 33.7223 1.39
    endloop
  endfacet
  facet normal 0 0 -1
    outer loop
      vertex -47.5865 32.9445 1.39
      vertex -46.4224 33.7223 1.39
      vertex -47.5007 32.8014 1.39
    endloop
  endfacet
  facet normal -0 0 -1
    outer loop
      vertex -46.4224 33.7223 1.39
      vertex -47.5865 32.9445 1.39
      vertex -46.6037 33.9666 1.39
    endloop
  endfacet
  facet normal 0 0 -1
    outer loop
      vertex -47.6859 33.0785 1.39
      vertex -46.6037 33.9666 1.39
      vertex -47.5865 32.9445 1.39
    endloop
  endfacet
  facet normal -0 0 -1
    outer loop
      vertex -46.6037 33.9666 1.39
      vertex -47.6859 33.0785 1.39
      vertex -46.808 34.192 1.39
    endloop
  endfacet
  facet normal 0 0 -1
    outer loop
      vertex -47.7979 33.2021 1.39
      vertex -46.808 34.192 1.39
      vertex -47.6859 33.0785 1.39
    endloop
  endfacet
  facet normal -0 0 -1
    outer loop
      vertex -46.808 34.192 1.39
      vertex -47.7979 33.2021 1.39
      vertex -47.0334 34.3963 1.39
    endloop
  endfacet
  facet normal 0 0 -1
    outer loop
      vertex -47.9215 33.3141 1.39
      vertex -47.0334 34.3963 1.39
      vertex -47.7979 33.2021 1.39
    endloop
  endfacet
  facet normal -0 0 -1
    outer loop
      vertex -47.0334 34.3963 1.39
      vertex -47.9215 33.3141 1.39
      vertex -47.2777 34.5776 1.39
    endloop
  endfacet
  facet normal 0 0 -1
    outer loop
      vertex -48.0555 33.4135 1.39
      vertex -47.2777 34.5776 1.39
      vertex -47.9215 33.3141 1.39
    endloop
  endfacet
  facet normal -0 0 -1
    outer loop
      vertex -47.2777 34.5776 1.39
      vertex -48.0555 33.4135 1.39
      vertex -47.5387 34.734 1.39
    endloop
  endfacet
  facet normal 0 0 -1
    outer loop
      vertex -48.1986 33.4993 1.39
      vertex -47.5387 34.734 1.39
      vertex -48.0555 33.4135 1.39
    endloop
  endfacet
  facet normal -0 0 -1
    outer loop
      vertex -47.5387 34.734 1.39
      vertex -48.1986 33.4993 1.39
      vertex -47.8137 34.864 1.39
    endloop
  endfacet
  facet normal 0 0 -1
    outer loop
      vertex -48.3494 33.5706 1.39
      vertex -47.8137 34.864 1.39
      vertex -48.1986 33.4993 1.39
    endloop
  endfacet
  facet normal -0 0 -1
    outer loop
      vertex -47.8137 34.864 1.39
      vertex -48.3494 33.5706 1.39
      vertex -48.1001 34.9665 1.39
    endloop
  endfacet
  facet normal 0 0 -1
    outer loop
      vertex -48.5065 33.6268 1.39
      vertex -48.1001 34.9665 1.39
      vertex -48.3494 33.5706 1.39
    endloop
  endfacet
  facet normal -0 0 -1
    outer loop
      vertex -48.1001 34.9665 1.39
      vertex -48.5065 33.6268 1.39
      vertex -48.3952 35.0404 1.39
    endloop
  endfacet
  facet normal 0 0 -1
    outer loop
      vertex -48.6683 33.6673 1.39
      vertex -48.3952 35.0404 1.39
      vertex -48.5065 33.6268 1.39
    endloop
  endfacet
  facet normal 0 0 -1
    outer loop
      vertex -48.6683 33.6673 1.39
      vertex -48.6961 35.0851 1.39
      vertex -48.3952 35.0404 1.39
    endloop
  endfacet
  facet normal 0 0 -1
    outer loop
      vertex -48.8334 33.6918 1.39
      vertex -48.6961 35.0851 1.39
      vertex -48.6683 33.6673 1.39
    endloop
  endfacet
  facet normal 0 0 -1
    outer loop
      vertex -49 33.7 1.39
      vertex -48.6961 35.0851 1.39
      vertex -48.8334 33.6918 1.39
    endloop
  endfacet
  facet normal 0 0 -1
    outer loop
      vertex -49 33.7 1.39
      vertex -49 35.1 1.39
      vertex -48.6961 35.0851 1.39
    endloop
  endfacet
  facet normal 0 0 -1
    outer loop
      vertex -49.1666 33.6918 1.39
      vertex -49 35.1 1.39
      vertex -49 33.7 1.39
    endloop
  endfacet
  facet normal 0 0 -1
    outer loop
      vertex -49.1666 33.6918 1.39
      vertex -49.3039 35.0851 1.39
      vertex -49 35.1 1.39
    endloop
  endfacet
  facet normal 0 0 -1
    outer loop
      vertex -49.3317 33.6673 1.39
      vertex -49.3039 35.0851 1.39
      vertex -49.1666 33.6918 1.39
    endloop
  endfacet
  facet normal 0 0 -1
    outer loop
      vertex -49.6048 35.0404 1.39
      vertex -49.3317 33.6673 1.39
      vertex -49.4935 33.6268 1.39
    endloop
  endfacet
  facet normal 0 0 -1
    outer loop
      vertex -49.3317 33.6673 1.39
      vertex -49.6048 35.0404 1.39
      vertex -49.3039 35.0851 1.39
    endloop
  endfacet
  facet normal 0 0 -1
    outer loop
      vertex -49.8999 34.9665 1.39
      vertex -49.4935 33.6268 1.39
      vertex -49.6506 33.5706 1.39
    endloop
  endfacet
  facet normal 0 0 -1
    outer loop
      vertex -50.1863 34.864 1.39
      vertex -49.6506 33.5706 1.39
      vertex -49.8014 33.4993 1.39
    endloop
  endfacet
  facet normal 0 0 -1
    outer loop
      vertex -49.4935 33.6268 1.39
      vertex -49.8999 34.9665 1.39
      vertex -49.6048 35.0404 1.39
    endloop
  endfacet
  facet normal 0 0 -1
    outer loop
      vertex -50.4613 34.734 1.39
      vertex -49.8014 33.4993 1.39
      vertex -49.9445 33.4135 1.39
    endloop
  endfacet
  facet normal 0 0 -1
    outer loop
      vertex -50.7223 34.5776 1.39
      vertex -49.9445 33.4135 1.39
      vertex -50.0785 33.3141 1.39
    endloop
  endfacet
  facet normal 0 0 -1
    outer loop
      vertex -49.6506 33.5706 1.39
      vertex -50.1863 34.864 1.39
      vertex -49.8999 34.9665 1.39
    endloop
  endfacet
  facet normal 0 0 -1
    outer loop
      vertex -50.9666 34.3963 1.39
      vertex -50.0785 33.3141 1.39
      vertex -50.2021 33.2021 1.39
    endloop
  endfacet
  facet normal 0 0 -1
    outer loop
      vertex -51.192 34.192 1.39
      vertex -50.2021 33.2021 1.39
      vertex -50.3141 33.0785 1.39
    endloop
  endfacet
  facet normal 0 0 -1
    outer loop
      vertex -51.3963 33.9666 1.39
      vertex -50.3141 33.0785 1.39
      vertex -50.4135 32.9445 1.39
    endloop
  endfacet
  facet normal 0 0 -1
    outer loop
      vertex -49.8014 33.4993 1.39
      vertex -50.4613 34.734 1.39
      vertex -50.1863 34.864 1.39
    endloop
  endfacet
  facet normal 0 0 -1
    outer loop
      vertex -51.5776 33.7223 1.39
      vertex -50.4135 32.9445 1.39
      vertex -50.4993 32.8014 1.39
    endloop
  endfacet
  facet normal 0 0 -1
    outer loop
      vertex -51.734 33.4613 1.39
      vertex -50.4993 32.8014 1.39
      vertex -50.5706 32.6506 1.39
    endloop
  endfacet
  facet normal 0 0 -1
    outer loop
      vertex -51.864 33.1863 1.39
      vertex -50.5706 32.6506 1.39
      vertex -50.6268 32.4935 1.39
    endloop
  endfacet
  facet normal 0 0 -1
    outer loop
      vertex -51.9665 32.8999 1.39
      vertex -50.6268 32.4935 1.39
      vertex -50.6673 32.3317 1.39
    endloop
  endfacet
  facet normal 0 0 -1
    outer loop
      vertex -52.0404 32.6048 1.39
      vertex -50.6673 32.3317 1.39
      vertex -50.6918 32.1666 1.39
    endloop
  endfacet
  facet normal 0 0 -1
    outer loop
      vertex -49.9445 33.4135 1.39
      vertex -50.7223 34.5776 1.39
      vertex -50.4613 34.734 1.39
    endloop
  endfacet
  facet normal 0 0 -1
    outer loop
      vertex -52.0851 32.3039 1.39
      vertex -50.6918 32.1666 1.39
      vertex -50.7 32 1.39
    endloop
  endfacet
  facet normal -0 0 -1
    outer loop
      vertex -50.4993 31.1986 1.39
      vertex -51.734 30.5387 1.39
      vertex -50.5706 31.3494 1.39
    endloop
  endfacet
  facet normal 0 0 -1
    outer loop
      vertex -51.864 30.8137 1.39
      vertex -50.5706 31.3494 1.39
      vertex -51.734 30.5387 1.39
    endloop
  endfacet
  facet normal 0 0 -1
    outer loop
      vertex -50.0785 33.3141 1.39
      vertex -50.9666 34.3963 1.39
      vertex -50.7223 34.5776 1.39
    endloop
  endfacet
  facet normal -0 0 -1
    outer loop
      vertex -50.5706 31.3494 1.39
      vertex -51.864 30.8137 1.39
      vertex -50.6268 31.5065 1.39
    endloop
  endfacet
  facet normal 0 0 -1
    outer loop
      vertex -50.2021 33.2021 1.39
      vertex -51.192 34.192 1.39
      vertex -50.9666 34.3963 1.39
    endloop
  endfacet
  facet normal 0 0 -1
    outer loop
      vertex -51.9665 31.1001 1.39
      vertex -50.6268 31.5065 1.39
      vertex -51.864 30.8137 1.39
    endloop
  endfacet
  facet normal 0 0 -1
    outer loop
      vertex -50.3141 33.0785 1.39
      vertex -51.3963 33.9666 1.39
      vertex -51.192 34.192 1.39
    endloop
  endfacet
  facet normal -0 0 -1
    outer loop
      vertex -50.6268 31.5065 1.39
      vertex -51.9665 31.1001 1.39
      vertex -50.6673 31.6683 1.39
    endloop
  endfacet
  facet normal 0 0 -1
    outer loop
      vertex -50.4135 32.9445 1.39
      vertex -51.5776 33.7223 1.39
      vertex -51.3963 33.9666 1.39
    endloop
  endfacet
  facet normal 0 0 -1
    outer loop
      vertex -52.0404 31.3952 1.39
      vertex -50.6673 31.6683 1.39
      vertex -51.9665 31.1001 1.39
    endloop
  endfacet
  facet normal 0 0 -1
    outer loop
      vertex -50.4993 32.8014 1.39
      vertex -51.734 33.4613 1.39
      vertex -51.5776 33.7223 1.39
    endloop
  endfacet
  facet normal -0 0 -1
    outer loop
      vertex -50.6673 31.6683 1.39
      vertex -52.0404 31.3952 1.39
      vertex -50.6918 31.8334 1.39
    endloop
  endfacet
  facet normal 0 0 -1
    outer loop
      vertex -50.5706 32.6506 1.39
      vertex -51.864 33.1863 1.39
      vertex -51.734 33.4613 1.39
    endloop
  endfacet
  facet normal 0 0 -1
    outer loop
      vertex -52.0851 31.6961 1.39
      vertex -50.6918 31.8334 1.39
      vertex -52.0404 31.3952 1.39
    endloop
  endfacet
  facet normal 0 0 -1
    outer loop
      vertex -50.6268 32.4935 1.39
      vertex -51.9665 32.8999 1.39
      vertex -51.864 33.1863 1.39
    endloop
  endfacet
  facet normal -0 0 -1
    outer loop
      vertex -50.6918 31.8334 1.39
      vertex -52.0851 31.6961 1.39
      vertex -50.7 32 1.39
    endloop
  endfacet
  facet normal 0 0 -1
    outer loop
      vertex -50.6673 32.3317 1.39
      vertex -52.0404 32.6048 1.39
      vertex -51.9665 32.8999 1.39
    endloop
  endfacet
  facet normal 0 0 -1
    outer loop
      vertex -52.1 32 1.39
      vertex -50.7 32 1.39
      vertex -52.0851 31.6961 1.39
    endloop
  endfacet
  facet normal 0 0 -1
    outer loop
      vertex -50.6918 32.1666 1.39
      vertex -52.0851 32.3039 1.39
      vertex -52.0404 32.6048 1.39
    endloop
  endfacet
  facet normal 0 0 -1
    outer loop
      vertex -50.7 32 1.39
      vertex -52.1 32 1.39
      vertex -52.0851 32.3039 1.39
    endloop
  endfacet
  facet normal -0.671576 -0.740936 0
    outer loop
      vertex -47.0334 34.3963 0
      vertex -46.808 34.192 1.39
      vertex -47.0334 34.3963 1.39
    endloop
  endfacet
  facet normal -0.671576 -0.740936 -0
    outer loop
      vertex -46.808 34.192 1.39
      vertex -47.0334 34.3963 0
      vertex -46.808 34.192 0
    endloop
  endfacet
  facet normal 0.336961 -0.941519 0
    outer loop
      vertex -50.1863 34.864 0
      vertex -49.8999 34.9665 1.39
      vertex -50.1863 34.864 1.39
    endloop
  endfacet
  facet normal 0.336961 -0.941519 0
    outer loop
      vertex -49.8999 34.9665 1.39
      vertex -50.1863 34.864 0
      vertex -49.8999 34.9665 0
    endloop
  endfacet
  facet normal -0.42738 -0.904072 0
    outer loop
      vertex -47.8137 34.864 0
      vertex -47.5387 34.734 1.39
      vertex -47.8137 34.864 1.39
    endloop
  endfacet
  facet normal -0.42738 -0.904072 -0
    outer loop
      vertex -47.5387 34.734 1.39
      vertex -47.8137 34.864 0
      vertex -47.5387 34.734 0
    endloop
  endfacet
  facet normal 0.9988 -0.0489705 0
    outer loop
      vertex -52.1 32 1.39
      vertex -52.0851 32.3039 0
      vertex -52.0851 32.3039 1.39
    endloop
  endfacet
  facet normal 0.9988 -0.0489705 0
    outer loop
      vertex -52.0851 32.3039 0
      vertex -52.1 32 1.39
      vertex -52.1 32 0
    endloop
  endfacet
  facet normal -0.803027 -0.595943 0
    outer loop
      vertex -46.4224 33.7223 0
      vertex -46.6037 33.9666 1.39
      vertex -46.6037 33.9666 0
    endloop
  endfacet
  facet normal -0.803027 -0.595943 0
    outer loop
      vertex -46.6037 33.9666 1.39
      vertex -46.4224 33.7223 0
      vertex -46.4224 33.7223 1.39
    endloop
  endfacet
  facet normal -0.0489705 -0.9988 0
    outer loop
      vertex -49 35.1 0
      vertex -48.6961 35.0851 1.39
      vertex -49 35.1 1.39
    endloop
  endfacet
  facet normal -0.0489705 -0.9988 -0
    outer loop
      vertex -48.6961 35.0851 1.39
      vertex -49 35.1 0
      vertex -48.6961 35.0851 0
    endloop
  endfacet
  facet normal 0.671576 -0.740936 0
    outer loop
      vertex -51.192 34.192 0
      vertex -50.9666 34.3963 1.39
      vertex -51.192 34.192 1.39
    endloop
  endfacet
  facet normal 0.671576 -0.740936 0
    outer loop
      vertex -50.9666 34.3963 1.39
      vertex -51.192 34.192 0
      vertex -50.9666 34.3963 0
    endloop
  endfacet
  facet normal -0.740936 -0.671576 0
    outer loop
      vertex -46.6037 33.9666 0
      vertex -46.808 34.192 1.39
      vertex -46.808 34.192 0
    endloop
  endfacet
  facet normal -0.740936 -0.671576 0
    outer loop
      vertex -46.808 34.192 1.39
      vertex -46.6037 33.9666 0
      vertex -46.6037 33.9666 1.39
    endloop
  endfacet
  facet normal 0.242922 0.970046 -0
    outer loop
      vertex -49.6048 28.9596 0
      vertex -49.8999 29.0335 1.39
      vertex -49.6048 28.9596 1.39
    endloop
  endfacet
  facet normal 0.242922 0.970046 0
    outer loop
      vertex -49.8999 29.0335 1.39
      vertex -49.6048 28.9596 0
      vertex -49.8999 29.0335 0
    endloop
  endfacet
  facet normal -0.904072 -0.42738 0
    outer loop
      vertex -46.136 33.1863 0
      vertex -46.266 33.4613 1.39
      vertex -46.266 33.4613 0
    endloop
  endfacet
  facet normal -0.904072 -0.42738 0
    outer loop
      vertex -46.266 33.4613 1.39
      vertex -46.136 33.1863 0
      vertex -46.136 33.1863 1.39
    endloop
  endfacet
  facet normal -0.857783 0.514012 0
    outer loop
      vertex -46.4224 30.2777 0
      vertex -46.266 30.5387 1.39
      vertex -46.266 30.5387 0
    endloop
  endfacet
  facet normal -0.857783 0.514012 0
    outer loop
      vertex -46.266 30.5387 1.39
      vertex -46.4224 30.2777 0
      vertex -46.4224 30.2777 1.39
    endloop
  endfacet
  facet normal -0.336961 -0.941519 0
    outer loop
      vertex -48.1001 34.9665 0
      vertex -47.8137 34.864 1.39
      vertex -48.1001 34.9665 1.39
    endloop
  endfacet
  facet normal -0.336961 -0.941519 -0
    outer loop
      vertex -47.8137 34.864 1.39
      vertex -48.1001 34.9665 0
      vertex -47.8137 34.864 0
    endloop
  endfacet
  facet normal 0.242922 -0.970046 0
    outer loop
      vertex -49.8999 34.9665 0
      vertex -49.6048 35.0404 1.39
      vertex -49.8999 34.9665 1.39
    endloop
  endfacet
  facet normal 0.242922 -0.970046 0
    outer loop
      vertex -49.6048 35.0404 1.39
      vertex -49.8999 34.9665 0
      vertex -49.6048 35.0404 0
    endloop
  endfacet
  facet normal -0.336961 0.941519 0
    outer loop
      vertex -47.8137 29.136 0
      vertex -48.1001 29.0335 1.39
      vertex -47.8137 29.136 1.39
    endloop
  endfacet
  facet normal -0.336961 0.941519 0
    outer loop
      vertex -48.1001 29.0335 1.39
      vertex -47.8137 29.136 0
      vertex -48.1001 29.0335 0
    endloop
  endfacet
  facet normal 0.514012 -0.857783 0
    outer loop
      vertex -50.7223 34.5776 0
      vertex -50.4613 34.734 1.39
      vertex -50.7223 34.5776 1.39
    endloop
  endfacet
  facet normal 0.514012 -0.857783 0
    outer loop
      vertex -50.4613 34.734 1.39
      vertex -50.7223 34.5776 0
      vertex -50.4613 34.734 0
    endloop
  endfacet
  facet normal -0.857783 -0.514012 0
    outer loop
      vertex -46.266 33.4613 0
      vertex -46.4224 33.7223 1.39
      vertex -46.4224 33.7223 0
    endloop
  endfacet
  facet normal -0.857783 -0.514012 0
    outer loop
      vertex -46.4224 33.7223 1.39
      vertex -46.266 33.4613 0
      vertex -46.266 33.4613 1.39
    endloop
  endfacet
  facet normal 0.970046 -0.242922 0
    outer loop
      vertex -52.0404 32.6048 1.39
      vertex -51.9665 32.8999 0
      vertex -51.9665 32.8999 1.39
    endloop
  endfacet
  facet normal 0.970046 -0.242922 0
    outer loop
      vertex -51.9665 32.8999 0
      vertex -52.0404 32.6048 1.39
      vertex -52.0404 32.6048 0
    endloop
  endfacet
  facet normal 0.146942 -0.989145 0
    outer loop
      vertex -49.6048 35.0404 0
      vertex -49.3039 35.0851 1.39
      vertex -49.6048 35.0404 1.39
    endloop
  endfacet
  facet normal 0.146942 -0.989145 0
    outer loop
      vertex -49.3039 35.0851 1.39
      vertex -49.6048 35.0404 0
      vertex -49.3039 35.0851 0
    endloop
  endfacet
  facet normal 0.904072 0.42738 0
    outer loop
      vertex -51.734 30.5387 1.39
      vertex -51.864 30.8137 0
      vertex -51.864 30.8137 1.39
    endloop
  endfacet
  facet normal 0.904072 0.42738 0
    outer loop
      vertex -51.864 30.8137 0
      vertex -51.734 30.5387 1.39
      vertex -51.734 30.5387 0
    endloop
  endfacet
  facet normal 0.146942 0.989145 -0
    outer loop
      vertex -49.3039 28.9149 0
      vertex -49.6048 28.9596 1.39
      vertex -49.3039 28.9149 1.39
    endloop
  endfacet
  facet normal 0.146942 0.989145 0
    outer loop
      vertex -49.6048 28.9596 1.39
      vertex -49.3039 28.9149 0
      vertex -49.6048 28.9596 0
    endloop
  endfacet
  facet normal -0.146942 0.989145 0
    outer loop
      vertex -48.3952 28.9596 0
      vertex -48.6961 28.9149 1.39
      vertex -48.3952 28.9596 1.39
    endloop
  endfacet
  facet normal -0.146942 0.989145 0
    outer loop
      vertex -48.6961 28.9149 1.39
      vertex -48.3952 28.9596 0
      vertex -48.6961 28.9149 0
    endloop
  endfacet
  facet normal 0.336961 0.941519 -0
    outer loop
      vertex -49.8999 29.0335 0
      vertex -50.1863 29.136 1.39
      vertex -49.8999 29.0335 1.39
    endloop
  endfacet
  facet normal 0.336961 0.941519 0
    outer loop
      vertex -50.1863 29.136 1.39
      vertex -49.8999 29.0335 0
      vertex -50.1863 29.136 0
    endloop
  endfacet
  facet normal 0.671576 0.740936 -0
    outer loop
      vertex -50.9666 29.6037 0
      vertex -51.192 29.808 1.39
      vertex -50.9666 29.6037 1.39
    endloop
  endfacet
  facet normal 0.671576 0.740936 0
    outer loop
      vertex -51.192 29.808 1.39
      vertex -50.9666 29.6037 0
      vertex -51.192 29.808 0
    endloop
  endfacet
  facet normal -0.671576 0.740936 0
    outer loop
      vertex -46.808 29.808 0
      vertex -47.0334 29.6037 1.39
      vertex -46.808 29.808 1.39
    endloop
  endfacet
  facet normal -0.671576 0.740936 0
    outer loop
      vertex -47.0334 29.6037 1.39
      vertex -46.808 29.808 0
      vertex -47.0334 29.6037 0
    endloop
  endfacet
  facet normal 0.970046 0.242922 0
    outer loop
      vertex -51.9665 31.1001 1.39
      vertex -52.0404 31.3952 0
      vertex -52.0404 31.3952 1.39
    endloop
  endfacet
  facet normal 0.970046 0.242922 0
    outer loop
      vertex -52.0404 31.3952 0
      vertex -51.9665 31.1001 1.39
      vertex -51.9665 31.1001 0
    endloop
  endfacet
  facet normal 0.740936 0.671576 0
    outer loop
      vertex -51.192 29.808 1.39
      vertex -51.3963 30.0334 0
      vertex -51.3963 30.0334 1.39
    endloop
  endfacet
  facet normal 0.740936 0.671576 0
    outer loop
      vertex -51.3963 30.0334 0
      vertex -51.192 29.808 1.39
      vertex -51.192 29.808 0
    endloop
  endfacet
  facet normal 0.989145 -0.146942 0
    outer loop
      vertex -52.0851 32.3039 1.39
      vertex -52.0404 32.6048 0
      vertex -52.0404 32.6048 1.39
    endloop
  endfacet
  facet normal 0.989145 -0.146942 0
    outer loop
      vertex -52.0404 32.6048 0
      vertex -52.0851 32.3039 1.39
      vertex -52.0851 32.3039 0
    endloop
  endfacet
  facet normal -0.242922 -0.970046 0
    outer loop
      vertex -48.3952 35.0404 0
      vertex -48.1001 34.9665 1.39
      vertex -48.3952 35.0404 1.39
    endloop
  endfacet
  facet normal -0.242922 -0.970046 -0
    outer loop
      vertex -48.1001 34.9665 1.39
      vertex -48.3952 35.0404 0
      vertex -48.1001 34.9665 0
    endloop
  endfacet
  facet normal 0.9988 0.0489705 0
    outer loop
      vertex -52.0851 31.6961 1.39
      vertex -52.1 32 0
      vertex -52.1 32 1.39
    endloop
  endfacet
  facet normal 0.9988 0.0489705 0
    outer loop
      vertex -52.1 32 0
      vertex -52.0851 31.6961 1.39
      vertex -52.0851 31.6961 0
    endloop
  endfacet
  facet normal 0.941519 -0.336961 0
    outer loop
      vertex -51.9665 32.8999 1.39
      vertex -51.864 33.1863 0
      vertex -51.864 33.1863 1.39
    endloop
  endfacet
  facet normal 0.941519 -0.336961 0
    outer loop
      vertex -51.864 33.1863 0
      vertex -51.9665 32.8999 1.39
      vertex -51.9665 32.8999 0
    endloop
  endfacet
  facet normal -0.595943 0.803027 0
    outer loop
      vertex -47.0334 29.6037 0
      vertex -47.2777 29.4224 1.39
      vertex -47.0334 29.6037 1.39
    endloop
  endfacet
  facet normal -0.595943 0.803027 0
    outer loop
      vertex -47.2777 29.4224 1.39
      vertex -47.0334 29.6037 0
      vertex -47.2777 29.4224 0
    endloop
  endfacet
  facet normal 0.803027 -0.595943 0
    outer loop
      vertex -51.5776 33.7223 1.39
      vertex -51.3963 33.9666 0
      vertex -51.3963 33.9666 1.39
    endloop
  endfacet
  facet normal 0.803027 -0.595943 0
    outer loop
      vertex -51.3963 33.9666 0
      vertex -51.5776 33.7223 1.39
      vertex -51.5776 33.7223 0
    endloop
  endfacet
  facet normal 0.514012 0.857783 -0
    outer loop
      vertex -50.4613 29.266 0
      vertex -50.7223 29.4224 1.39
      vertex -50.4613 29.266 1.39
    endloop
  endfacet
  facet normal 0.514012 0.857783 0
    outer loop
      vertex -50.7223 29.4224 1.39
      vertex -50.4613 29.266 0
      vertex -50.7223 29.4224 0
    endloop
  endfacet
  facet normal 0.904072 -0.42738 0
    outer loop
      vertex -51.864 33.1863 1.39
      vertex -51.734 33.4613 0
      vertex -51.734 33.4613 1.39
    endloop
  endfacet
  facet normal 0.904072 -0.42738 0
    outer loop
      vertex -51.734 33.4613 0
      vertex -51.864 33.1863 1.39
      vertex -51.864 33.1863 0
    endloop
  endfacet
  facet normal -0.904072 0.42738 0
    outer loop
      vertex -46.266 30.5387 0
      vertex -46.136 30.8137 1.39
      vertex -46.136 30.8137 0
    endloop
  endfacet
  facet normal -0.904072 0.42738 0
    outer loop
      vertex -46.136 30.8137 1.39
      vertex -46.266 30.5387 0
      vertex -46.266 30.5387 1.39
    endloop
  endfacet
  facet normal 0.0489705 0.9988 -0
    outer loop
      vertex -49 28.9 0
      vertex -49.3039 28.9149 1.39
      vertex -49 28.9 1.39
    endloop
  endfacet
  facet normal 0.0489705 0.9988 0
    outer loop
      vertex -49.3039 28.9149 1.39
      vertex -49 28.9 0
      vertex -49.3039 28.9149 0
    endloop
  endfacet
  facet normal -0.146942 -0.989145 0
    outer loop
      vertex -48.6961 35.0851 0
      vertex -48.3952 35.0404 1.39
      vertex -48.6961 35.0851 1.39
    endloop
  endfacet
  facet normal -0.146942 -0.989145 -0
    outer loop
      vertex -48.3952 35.0404 1.39
      vertex -48.6961 35.0851 0
      vertex -48.3952 35.0404 0
    endloop
  endfacet
  facet normal 0.42738 0.904072 -0
    outer loop
      vertex -50.1863 29.136 0
      vertex -50.4613 29.266 1.39
      vertex -50.1863 29.136 1.39
    endloop
  endfacet
  facet normal 0.42738 0.904072 0
    outer loop
      vertex -50.4613 29.266 1.39
      vertex -50.1863 29.136 0
      vertex -50.4613 29.266 0
    endloop
  endfacet
  facet normal 0.740936 -0.671576 0
    outer loop
      vertex -51.3963 33.9666 1.39
      vertex -51.192 34.192 0
      vertex -51.192 34.192 1.39
    endloop
  endfacet
  facet normal 0.740936 -0.671576 0
    outer loop
      vertex -51.192 34.192 0
      vertex -51.3963 33.9666 1.39
      vertex -51.3963 33.9666 0
    endloop
  endfacet
  facet normal -0.989168 -0.146788 0
    outer loop
      vertex 50.6918 -31.8334 1.39
      vertex 50.6673 -31.6683 2.4
      vertex 50.6673 -31.6683 1.39
    endloop
  endfacet
  facet normal -0.989168 -0.146788 0
    outer loop
      vertex 50.6673 -31.6683 2.4
      vertex 50.6918 -31.8334 1.39
      vertex 50.6918 -31.8334 2.4
    endloop
  endfacet
  facet normal -0.998791 -0.0491602 0
    outer loop
      vertex 50.7 -32 1.39
      vertex 50.6918 -31.8334 2.4
      vertex 50.6918 -31.8334 1.39
    endloop
  endfacet
  facet normal -0.998791 -0.0491602 0
    outer loop
      vertex 50.6918 -31.8334 2.4
      vertex 50.7 -32 1.39
      vertex 50.7 -32 2.4
    endloop
  endfacet
  facet normal -0.970072 -0.242818 0
    outer loop
      vertex 50.6673 -31.6683 1.39
      vertex 50.6268 -31.5065 2.4
      vertex 50.6268 -31.5065 1.39
    endloop
  endfacet
  facet normal -0.970072 -0.242818 0
    outer loop
      vertex 50.6268 -31.5065 2.4
      vertex 50.6673 -31.6683 1.39
      vertex 50.6673 -31.6683 2.4
    endloop
  endfacet
  facet normal -0.427442 0.904043 0
    outer loop
      vertex 49.8014 -33.4993 1.39
      vertex 49.6506 -33.5706 2.4
      vertex 49.8014 -33.4993 2.4
    endloop
  endfacet
  facet normal -0.427442 0.904043 0
    outer loop
      vertex 49.6506 -33.5706 2.4
      vertex 49.8014 -33.4993 1.39
      vertex 49.6506 -33.5706 1.39
    endloop
  endfacet
  facet normal 0.0491602 -0.998791 0
    outer loop
      vertex 48.8334 -30.3082 1.39
      vertex 49 -30.3 2.4
      vertex 48.8334 -30.3082 2.4
    endloop
  endfacet
  facet normal 0.0491602 -0.998791 0
    outer loop
      vertex 49 -30.3 2.4
      vertex 48.8334 -30.3082 1.39
      vertex 49 -30.3 1.39
    endloop
  endfacet
  facet normal 0.427442 -0.904043 0
    outer loop
      vertex 48.1986 -30.5007 1.39
      vertex 48.3494 -30.4294 2.4
      vertex 48.1986 -30.5007 2.4
    endloop
  endfacet
  facet normal 0.427442 -0.904043 0
    outer loop
      vertex 48.3494 -30.4294 2.4
      vertex 48.1986 -30.5007 1.39
      vertex 48.3494 -30.4294 1.39
    endloop
  endfacet
  facet normal -0.741024 -0.671478 0
    outer loop
      vertex 50.3141 -30.9215 1.39
      vertex 50.2021 -30.7979 2.4
      vertex 50.2021 -30.7979 1.39
    endloop
  endfacet
  facet normal -0.741024 -0.671478 0
    outer loop
      vertex 50.2021 -30.7979 2.4
      vertex 50.3141 -30.9215 1.39
      vertex 50.3141 -30.9215 2.4
    endloop
  endfacet
  facet normal 0.146788 0.989168 -0
    outer loop
      vertex 48.8334 -33.6918 1.39
      vertex 48.6683 -33.6673 2.4
      vertex 48.8334 -33.6918 2.4
    endloop
  endfacet
  facet normal 0.146788 0.989168 0
    outer loop
      vertex 48.6683 -33.6673 2.4
      vertex 48.8334 -33.6918 1.39
      vertex 48.6683 -33.6673 1.39
    endloop
  endfacet
  facet normal -0.427442 -0.904043 0
    outer loop
      vertex 49.6506 -30.4294 1.39
      vertex 49.8014 -30.5007 2.4
      vertex 49.6506 -30.4294 2.4
    endloop
  endfacet
  facet normal -0.427442 -0.904043 -0
    outer loop
      vertex 49.8014 -30.5007 2.4
      vertex 49.6506 -30.4294 1.39
      vertex 49.8014 -30.5007 1.39
    endloop
  endfacet
  facet normal 0.146788 -0.989168 0
    outer loop
      vertex 48.6683 -30.3327 1.39
      vertex 48.8334 -30.3082 2.4
      vertex 48.6683 -30.3327 2.4
    endloop
  endfacet
  facet normal 0.146788 -0.989168 0
    outer loop
      vertex 48.8334 -30.3082 2.4
      vertex 48.6683 -30.3327 1.39
      vertex 48.8334 -30.3082 1.39
    endloop
  endfacet
  facet normal -0.242818 0.970072 0
    outer loop
      vertex 49.4935 -33.6268 1.39
      vertex 49.3317 -33.6673 2.4
      vertex 49.4935 -33.6268 2.4
    endloop
  endfacet
  facet normal -0.242818 0.970072 0
    outer loop
      vertex 49.3317 -33.6673 2.4
      vertex 49.4935 -33.6268 1.39
      vertex 49.3317 -33.6673 1.39
    endloop
  endfacet
  facet normal 0.595772 -0.803154 0
    outer loop
      vertex 47.9215 -30.6859 1.39
      vertex 48.0555 -30.5865 2.4
      vertex 47.9215 -30.6859 2.4
    endloop
  endfacet
  facet normal 0.595772 -0.803154 0
    outer loop
      vertex 48.0555 -30.5865 2.4
      vertex 47.9215 -30.6859 1.39
      vertex 48.0555 -30.5865 1.39
    endloop
  endfacet
  facet normal 0.904043 -0.427442 0
    outer loop
      vertex 47.4294 -31.3494 2.4
      vertex 47.5007 -31.1986 1.39
      vertex 47.5007 -31.1986 2.4
    endloop
  endfacet
  facet normal 0.904043 -0.427442 0
    outer loop
      vertex 47.5007 -31.1986 1.39
      vertex 47.4294 -31.3494 2.4
      vertex 47.4294 -31.3494 1.39
    endloop
  endfacet
  facet normal 0.427442 0.904043 -0
    outer loop
      vertex 48.3494 -33.5706 1.39
      vertex 48.1986 -33.4993 2.4
      vertex 48.3494 -33.5706 2.4
    endloop
  endfacet
  facet normal 0.427442 0.904043 0
    outer loop
      vertex 48.1986 -33.4993 2.4
      vertex 48.3494 -33.5706 1.39
      vertex 48.1986 -33.4993 1.39
    endloop
  endfacet
  facet normal -0.33683 0.941566 0
    outer loop
      vertex 49.6506 -33.5706 1.39
      vertex 49.4935 -33.6268 2.4
      vertex 49.6506 -33.5706 2.4
    endloop
  endfacet
  facet normal -0.33683 0.941566 0
    outer loop
      vertex 49.4935 -33.6268 2.4
      vertex 49.6506 -33.5706 1.39
      vertex 49.4935 -33.6268 1.39
    endloop
  endfacet
  facet normal 0.595772 0.803154 -0
    outer loop
      vertex 48.0555 -33.4135 1.39
      vertex 47.9215 -33.3141 2.4
      vertex 48.0555 -33.4135 2.4
    endloop
  endfacet
  facet normal 0.595772 0.803154 0
    outer loop
      vertex 47.9215 -33.3141 2.4
      vertex 48.0555 -33.4135 1.39
      vertex 47.9215 -33.3141 1.39
    endloop
  endfacet
  facet normal 0.904043 0.427442 0
    outer loop
      vertex 47.5007 -32.8014 2.4
      vertex 47.4294 -32.6506 1.39
      vertex 47.4294 -32.6506 2.4
    endloop
  endfacet
  facet normal 0.904043 0.427442 0
    outer loop
      vertex 47.4294 -32.6506 1.39
      vertex 47.5007 -32.8014 2.4
      vertex 47.5007 -32.8014 1.39
    endloop
  endfacet
  facet normal -0.514231 -0.857652 0
    outer loop
      vertex 49.8014 -30.5007 1.39
      vertex 49.9445 -30.5865 2.4
      vertex 49.8014 -30.5007 2.4
    endloop
  endfacet
  facet normal -0.514231 -0.857652 -0
    outer loop
      vertex 49.9445 -30.5865 2.4
      vertex 49.8014 -30.5007 1.39
      vertex 49.9445 -30.5865 1.39
    endloop
  endfacet
  facet normal -0.595772 0.803154 0
    outer loop
      vertex 50.0785 -33.3141 1.39
      vertex 49.9445 -33.4135 2.4
      vertex 50.0785 -33.3141 2.4
    endloop
  endfacet
  facet normal -0.595772 0.803154 0
    outer loop
      vertex 49.9445 -33.4135 2.4
      vertex 50.0785 -33.3141 1.39
      vertex 49.9445 -33.4135 1.39
    endloop
  endfacet
  facet normal 0.998791 0.0491602 0
    outer loop
      vertex 47.3082 -32.1666 2.4
      vertex 47.3 -32 1.39
      vertex 47.3 -32 2.4
    endloop
  endfacet
  facet normal 0.998791 0.0491602 0
    outer loop
      vertex 47.3 -32 1.39
      vertex 47.3082 -32.1666 2.4
      vertex 47.3082 -32.1666 1.39
    endloop
  endfacet
  facet normal 0.33683 0.941566 -0
    outer loop
      vertex 48.5065 -33.6268 1.39
      vertex 48.3494 -33.5706 2.4
      vertex 48.5065 -33.6268 2.4
    endloop
  endfacet
  facet normal 0.33683 0.941566 0
    outer loop
      vertex 48.3494 -33.5706 2.4
      vertex 48.5065 -33.6268 1.39
      vertex 48.3494 -33.5706 1.39
    endloop
  endfacet
  facet normal -0.595772 -0.803154 0
    outer loop
      vertex 49.9445 -30.5865 1.39
      vertex 50.0785 -30.6859 2.4
      vertex 49.9445 -30.5865 2.4
    endloop
  endfacet
  facet normal -0.595772 -0.803154 -0
    outer loop
      vertex 50.0785 -30.6859 2.4
      vertex 49.9445 -30.5865 1.39
      vertex 50.0785 -30.6859 1.39
    endloop
  endfacet
  facet normal -0.970072 0.242818 0
    outer loop
      vertex 50.6268 -32.4935 1.39
      vertex 50.6673 -32.3317 2.4
      vertex 50.6673 -32.3317 1.39
    endloop
  endfacet
  facet normal -0.970072 0.242818 0
    outer loop
      vertex 50.6673 -32.3317 2.4
      vertex 50.6268 -32.4935 1.39
      vertex 50.6268 -32.4935 2.4
    endloop
  endfacet
  facet normal 0.941566 0.33683 0
    outer loop
      vertex 47.4294 -32.6506 2.4
      vertex 47.3732 -32.4935 1.39
      vertex 47.3732 -32.4935 2.4
    endloop
  endfacet
  facet normal 0.941566 0.33683 0
    outer loop
      vertex 47.3732 -32.4935 1.39
      vertex 47.4294 -32.6506 2.4
      vertex 47.4294 -32.6506 1.39
    endloop
  endfacet
  facet normal -0.242818 -0.970072 0
    outer loop
      vertex 49.3317 -30.3327 1.39
      vertex 49.4935 -30.3732 2.4
      vertex 49.3317 -30.3327 2.4
    endloop
  endfacet
  facet normal -0.242818 -0.970072 -0
    outer loop
      vertex 49.4935 -30.3732 2.4
      vertex 49.3317 -30.3327 1.39
      vertex 49.4935 -30.3732 1.39
    endloop
  endfacet
  facet normal 0.741024 -0.671478 0
    outer loop
      vertex 47.6859 -30.9215 2.4
      vertex 47.7979 -30.7979 1.39
      vertex 47.7979 -30.7979 2.4
    endloop
  endfacet
  facet normal 0.741024 -0.671478 0
    outer loop
      vertex 47.7979 -30.7979 1.39
      vertex 47.6859 -30.9215 2.4
      vertex 47.6859 -30.9215 1.39
    endloop
  endfacet
  facet normal -0.0491602 0.998791 0
    outer loop
      vertex 49.1666 -33.6918 1.39
      vertex 49 -33.7 2.4
      vertex 49.1666 -33.6918 2.4
    endloop
  endfacet
  facet normal -0.0491602 0.998791 0
    outer loop
      vertex 49 -33.7 2.4
      vertex 49.1666 -33.6918 1.39
      vertex 49 -33.7 1.39
    endloop
  endfacet
  facet normal -0.803154 -0.595772 0
    outer loop
      vertex 50.4135 -31.0555 1.39
      vertex 50.3141 -30.9215 2.4
      vertex 50.3141 -30.9215 1.39
    endloop
  endfacet
  facet normal -0.803154 -0.595772 0
    outer loop
      vertex 50.3141 -30.9215 2.4
      vertex 50.4135 -31.0555 1.39
      vertex 50.4135 -31.0555 2.4
    endloop
  endfacet
  facet normal 0.970072 0.242818 0
    outer loop
      vertex 47.3732 -32.4935 2.4
      vertex 47.3327 -32.3317 1.39
      vertex 47.3327 -32.3317 2.4
    endloop
  endfacet
  facet normal 0.970072 0.242818 0
    outer loop
      vertex 47.3327 -32.3317 1.39
      vertex 47.3732 -32.4935 2.4
      vertex 47.3732 -32.4935 1.39
    endloop
  endfacet
  facet normal -0.989168 0.146788 0
    outer loop
      vertex 50.6673 -32.3317 1.39
      vertex 50.6918 -32.1666 2.4
      vertex 50.6918 -32.1666 1.39
    endloop
  endfacet
  facet normal -0.989168 0.146788 0
    outer loop
      vertex 50.6918 -32.1666 2.4
      vertex 50.6673 -32.3317 1.39
      vertex 50.6673 -32.3317 2.4
    endloop
  endfacet
  facet normal -0.514231 0.857652 0
    outer loop
      vertex 49.9445 -33.4135 1.39
      vertex 49.8014 -33.4993 2.4
      vertex 49.9445 -33.4135 2.4
    endloop
  endfacet
  facet normal -0.514231 0.857652 0
    outer loop
      vertex 49.8014 -33.4993 2.4
      vertex 49.9445 -33.4135 1.39
      vertex 49.8014 -33.4993 1.39
    endloop
  endfacet
  facet normal 0.941566 -0.33683 0
    outer loop
      vertex 47.3732 -31.5065 2.4
      vertex 47.4294 -31.3494 1.39
      vertex 47.4294 -31.3494 2.4
    endloop
  endfacet
  facet normal 0.941566 -0.33683 0
    outer loop
      vertex 47.4294 -31.3494 1.39
      vertex 47.3732 -31.5065 2.4
      vertex 47.3732 -31.5065 1.39
    endloop
  endfacet
  facet normal -0.671478 -0.741024 0
    outer loop
      vertex 50.0785 -30.6859 1.39
      vertex 50.2021 -30.7979 2.4
      vertex 50.0785 -30.6859 2.4
    endloop
  endfacet
  facet normal -0.671478 -0.741024 -0
    outer loop
      vertex 50.2021 -30.7979 2.4
      vertex 50.0785 -30.6859 1.39
      vertex 50.2021 -30.7979 1.39
    endloop
  endfacet
  facet normal 0.989168 -0.146788 0
    outer loop
      vertex 47.3082 -31.8334 2.4
      vertex 47.3327 -31.6683 1.39
      vertex 47.3327 -31.6683 2.4
    endloop
  endfacet
  facet normal 0.989168 -0.146788 0
    outer loop
      vertex 47.3327 -31.6683 1.39
      vertex 47.3082 -31.8334 2.4
      vertex 47.3082 -31.8334 1.39
    endloop
  endfacet
  facet normal -0.904043 0.427442 0
    outer loop
      vertex 50.4993 -32.8014 1.39
      vertex 50.5706 -32.6506 2.4
      vertex 50.5706 -32.6506 1.39
    endloop
  endfacet
  facet normal -0.904043 0.427442 0
    outer loop
      vertex 50.5706 -32.6506 2.4
      vertex 50.4993 -32.8014 1.39
      vertex 50.4993 -32.8014 2.4
    endloop
  endfacet
  facet normal -0.33683 -0.941566 0
    outer loop
      vertex 49.4935 -30.3732 1.39
      vertex 49.6506 -30.4294 2.4
      vertex 49.4935 -30.3732 2.4
    endloop
  endfacet
  facet normal -0.33683 -0.941566 -0
    outer loop
      vertex 49.6506 -30.4294 2.4
      vertex 49.4935 -30.3732 1.39
      vertex 49.6506 -30.4294 1.39
    endloop
  endfacet
  facet normal -0.998791 0.0491602 0
    outer loop
      vertex 50.6918 -32.1666 1.39
      vertex 50.7 -32 2.4
      vertex 50.7 -32 1.39
    endloop
  endfacet
  facet normal -0.998791 0.0491602 0
    outer loop
      vertex 50.7 -32 2.4
      vertex 50.6918 -32.1666 1.39
      vertex 50.6918 -32.1666 2.4
    endloop
  endfacet
  facet normal -0.146788 0.989168 0
    outer loop
      vertex 49.3317 -33.6673 1.39
      vertex 49.1666 -33.6918 2.4
      vertex 49.3317 -33.6673 2.4
    endloop
  endfacet
  facet normal -0.146788 0.989168 0
    outer loop
      vertex 49.1666 -33.6918 2.4
      vertex 49.3317 -33.6673 1.39
      vertex 49.1666 -33.6918 1.39
    endloop
  endfacet
  facet normal -0.941566 -0.33683 0
    outer loop
      vertex 50.6268 -31.5065 1.39
      vertex 50.5706 -31.3494 2.4
      vertex 50.5706 -31.3494 1.39
    endloop
  endfacet
  facet normal -0.941566 -0.33683 0
    outer loop
      vertex 50.5706 -31.3494 2.4
      vertex 50.6268 -31.5065 1.39
      vertex 50.6268 -31.5065 2.4
    endloop
  endfacet
  facet normal -0.803154 0.595772 0
    outer loop
      vertex 50.3141 -33.0785 1.39
      vertex 50.4135 -32.9445 2.4
      vertex 50.4135 -32.9445 1.39
    endloop
  endfacet
  facet normal -0.803154 0.595772 0
    outer loop
      vertex 50.4135 -32.9445 2.4
      vertex 50.3141 -33.0785 1.39
      vertex 50.3141 -33.0785 2.4
    endloop
  endfacet
  facet normal -0.857652 0.514231 0
    outer loop
      vertex 50.4135 -32.9445 1.39
      vertex 50.4993 -32.8014 2.4
      vertex 50.4993 -32.8014 1.39
    endloop
  endfacet
  facet normal -0.857652 0.514231 0
    outer loop
      vertex 50.4993 -32.8014 2.4
      vertex 50.4135 -32.9445 1.39
      vertex 50.4135 -32.9445 2.4
    endloop
  endfacet
  facet normal 0.242818 -0.970072 0
    outer loop
      vertex 48.5065 -30.3732 1.39
      vertex 48.6683 -30.3327 2.4
      vertex 48.5065 -30.3732 2.4
    endloop
  endfacet
  facet normal 0.242818 -0.970072 0
    outer loop
      vertex 48.6683 -30.3327 2.4
      vertex 48.5065 -30.3732 1.39
      vertex 48.6683 -30.3327 1.39
    endloop
  endfacet
  facet normal -0.941566 0.33683 0
    outer loop
      vertex 50.5706 -32.6506 1.39
      vertex 50.6268 -32.4935 2.4
      vertex 50.6268 -32.4935 1.39
    endloop
  endfacet
  facet normal -0.941566 0.33683 0
    outer loop
      vertex 50.6268 -32.4935 2.4
      vertex 50.5706 -32.6506 1.39
      vertex 50.5706 -32.6506 2.4
    endloop
  endfacet
  facet normal -0.0491602 -0.998791 0
    outer loop
      vertex 49 -30.3 1.39
      vertex 49.1666 -30.3082 2.4
      vertex 49 -30.3 2.4
    endloop
  endfacet
  facet normal -0.0491602 -0.998791 -0
    outer loop
      vertex 49.1666 -30.3082 2.4
      vertex 49 -30.3 1.39
      vertex 49.1666 -30.3082 1.39
    endloop
  endfacet
  facet normal 0.514231 -0.857652 0
    outer loop
      vertex 48.0555 -30.5865 1.39
      vertex 48.1986 -30.5007 2.4
      vertex 48.0555 -30.5865 2.4
    endloop
  endfacet
  facet normal 0.514231 -0.857652 0
    outer loop
      vertex 48.1986 -30.5007 2.4
      vertex 48.0555 -30.5865 1.39
      vertex 48.1986 -30.5007 1.39
    endloop
  endfacet
  facet normal -0.904043 -0.427442 0
    outer loop
      vertex 50.5706 -31.3494 1.39
      vertex 50.4993 -31.1986 2.4
      vertex 50.4993 -31.1986 1.39
    endloop
  endfacet
  facet normal -0.904043 -0.427442 0
    outer loop
      vertex 50.4993 -31.1986 2.4
      vertex 50.5706 -31.3494 1.39
      vertex 50.5706 -31.3494 2.4
    endloop
  endfacet
  facet normal -0.146788 -0.989168 0
    outer loop
      vertex 49.1666 -30.3082 1.39
      vertex 49.3317 -30.3327 2.4
      vertex 49.1666 -30.3082 2.4
    endloop
  endfacet
  facet normal -0.146788 -0.989168 -0
    outer loop
      vertex 49.3317 -30.3327 2.4
      vertex 49.1666 -30.3082 1.39
      vertex 49.3317 -30.3327 1.39
    endloop
  endfacet
  facet normal 0.242818 0.970072 -0
    outer loop
      vertex 48.6683 -33.6673 1.39
      vertex 48.5065 -33.6268 2.4
      vertex 48.6683 -33.6673 2.4
    endloop
  endfacet
  facet normal 0.242818 0.970072 0
    outer loop
      vertex 48.5065 -33.6268 2.4
      vertex 48.6683 -33.6673 1.39
      vertex 48.5065 -33.6268 1.39
    endloop
  endfacet
  facet normal 0.857652 0.514231 0
    outer loop
      vertex 47.5865 -32.9445 2.4
      vertex 47.5007 -32.8014 1.39
      vertex 47.5007 -32.8014 2.4
    endloop
  endfacet
  facet normal 0.857652 0.514231 0
    outer loop
      vertex 47.5007 -32.8014 1.39
      vertex 47.5865 -32.9445 2.4
      vertex 47.5865 -32.9445 1.39
    endloop
  endfacet
  facet normal -0.857652 -0.514231 0
    outer loop
      vertex 50.4993 -31.1986 1.39
      vertex 50.4135 -31.0555 2.4
      vertex 50.4135 -31.0555 1.39
    endloop
  endfacet
  facet normal -0.857652 -0.514231 0
    outer loop
      vertex 50.4135 -31.0555 2.4
      vertex 50.4993 -31.1986 1.39
      vertex 50.4993 -31.1986 2.4
    endloop
  endfacet
  facet normal 0.33683 -0.941566 0
    outer loop
      vertex 48.3494 -30.4294 1.39
      vertex 48.5065 -30.3732 2.4
      vertex 48.3494 -30.4294 2.4
    endloop
  endfacet
  facet normal 0.33683 -0.941566 0
    outer loop
      vertex 48.5065 -30.3732 2.4
      vertex 48.3494 -30.4294 1.39
      vertex 48.5065 -30.3732 1.39
    endloop
  endfacet
  facet normal 0.741024 0.671478 0
    outer loop
      vertex 47.7979 -33.2021 2.4
      vertex 47.6859 -33.0785 1.39
      vertex 47.6859 -33.0785 2.4
    endloop
  endfacet
  facet normal 0.741024 0.671478 0
    outer loop
      vertex 47.6859 -33.0785 1.39
      vertex 47.7979 -33.2021 2.4
      vertex 47.7979 -33.2021 1.39
    endloop
  endfacet
  facet normal 0.671478 -0.741024 0
    outer loop
      vertex 47.7979 -30.7979 1.39
      vertex 47.9215 -30.6859 2.4
      vertex 47.7979 -30.7979 2.4
    endloop
  endfacet
  facet normal 0.671478 -0.741024 0
    outer loop
      vertex 47.9215 -30.6859 2.4
      vertex 47.7979 -30.7979 1.39
      vertex 47.9215 -30.6859 1.39
    endloop
  endfacet
  facet normal 0.514231 0.857652 -0
    outer loop
      vertex 48.1986 -33.4993 1.39
      vertex 48.0555 -33.4135 2.4
      vertex 48.1986 -33.4993 2.4
    endloop
  endfacet
  facet normal 0.514231 0.857652 0
    outer loop
      vertex 48.0555 -33.4135 2.4
      vertex 48.1986 -33.4993 1.39
      vertex 48.0555 -33.4135 1.39
    endloop
  endfacet
  facet normal 0.970072 -0.242818 0
    outer loop
      vertex 47.3327 -31.6683 2.4
      vertex 47.3732 -31.5065 1.39
      vertex 47.3732 -31.5065 2.4
    endloop
  endfacet
  facet normal 0.970072 -0.242818 0
    outer loop
      vertex 47.3732 -31.5065 1.39
      vertex 47.3327 -31.6683 2.4
      vertex 47.3327 -31.6683 1.39
    endloop
  endfacet
  facet normal 0.803154 0.595772 0
    outer loop
      vertex 47.6859 -33.0785 2.4
      vertex 47.5865 -32.9445 1.39
      vertex 47.5865 -32.9445 2.4
    endloop
  endfacet
  facet normal 0.803154 0.595772 0
    outer loop
      vertex 47.5865 -32.9445 1.39
      vertex 47.6859 -33.0785 2.4
      vertex 47.6859 -33.0785 1.39
    endloop
  endfacet
  facet normal 0.989168 0.146788 0
    outer loop
      vertex 47.3327 -32.3317 2.4
      vertex 47.3082 -32.1666 1.39
      vertex 47.3082 -32.1666 2.4
    endloop
  endfacet
  facet normal 0.989168 0.146788 0
    outer loop
      vertex 47.3082 -32.1666 1.39
      vertex 47.3327 -32.3317 2.4
      vertex 47.3327 -32.3317 1.39
    endloop
  endfacet
  facet normal 0.671478 0.741024 -0
    outer loop
      vertex 47.9215 -33.3141 1.39
      vertex 47.7979 -33.2021 2.4
      vertex 47.9215 -33.3141 2.4
    endloop
  endfacet
  facet normal 0.671478 0.741024 0
    outer loop
      vertex 47.7979 -33.2021 2.4
      vertex 47.9215 -33.3141 1.39
      vertex 47.7979 -33.2021 1.39
    endloop
  endfacet
  facet normal 0.803154 -0.595772 0
    outer loop
      vertex 47.5865 -31.0555 2.4
      vertex 47.6859 -30.9215 1.39
      vertex 47.6859 -30.9215 2.4
    endloop
  endfacet
  facet normal 0.803154 -0.595772 0
    outer loop
      vertex 47.6859 -30.9215 1.39
      vertex 47.5865 -31.0555 2.4
      vertex 47.5865 -31.0555 1.39
    endloop
  endfacet
  facet normal 0.857652 -0.514231 0
    outer loop
      vertex 47.5007 -31.1986 2.4
      vertex 47.5865 -31.0555 1.39
      vertex 47.5865 -31.0555 2.4
    endloop
  endfacet
  facet normal 0.857652 -0.514231 0
    outer loop
      vertex 47.5865 -31.0555 1.39
      vertex 47.5007 -31.1986 2.4
      vertex 47.5007 -31.1986 1.39
    endloop
  endfacet
  facet normal 0.0491602 0.998791 -0
    outer loop
      vertex 49 -33.7 1.39
      vertex 48.8334 -33.6918 2.4
      vertex 49 -33.7 2.4
    endloop
  endfacet
  facet normal 0.0491602 0.998791 0
    outer loop
      vertex 48.8334 -33.6918 2.4
      vertex 49 -33.7 1.39
      vertex 48.8334 -33.6918 1.39
    endloop
  endfacet
  facet normal 0.998791 -0.0491602 0
    outer loop
      vertex 47.3 -32 2.4
      vertex 47.3082 -31.8334 1.39
      vertex 47.3082 -31.8334 2.4
    endloop
  endfacet
  facet normal 0.998791 -0.0491602 0
    outer loop
      vertex 47.3082 -31.8334 1.39
      vertex 47.3 -32 2.4
      vertex 47.3 -32 1.39
    endloop
  endfacet
  facet normal -0.741024 0.671478 0
    outer loop
      vertex 50.2021 -33.2021 1.39
      vertex 50.3141 -33.0785 2.4
      vertex 50.3141 -33.0785 1.39
    endloop
  endfacet
  facet normal -0.741024 0.671478 0
    outer loop
      vertex 50.3141 -33.0785 2.4
      vertex 50.2021 -33.2021 1.39
      vertex 50.2021 -33.2021 2.4
    endloop
  endfacet
  facet normal -0.671478 0.741024 0
    outer loop
      vertex 50.2021 -33.2021 1.39
      vertex 50.0785 -33.3141 2.4
      vertex 50.2021 -33.2021 2.4
    endloop
  endfacet
  facet normal -0.671478 0.741024 0
    outer loop
      vertex 50.0785 -33.3141 2.4
      vertex 50.2021 -33.2021 1.39
      vertex 50.0785 -33.3141 1.39
    endloop
  endfacet
  facet normal -0.989145 -0.146942 0
    outer loop
      vertex 52.0851 -31.6961 0
      vertex 52.0404 -31.3952 1.39
      vertex 52.0404 -31.3952 0
    endloop
  endfacet
  facet normal -0.989145 -0.146942 0
    outer loop
      vertex 52.0404 -31.3952 1.39
      vertex 52.0851 -31.6961 0
      vertex 52.0851 -31.6961 1.39
    endloop
  endfacet
  facet normal -0.9988 -0.0489705 0
    outer loop
      vertex 52.1 -32 0
      vertex 52.0851 -31.6961 1.39
      vertex 52.0851 -31.6961 0
    endloop
  endfacet
  facet normal -0.9988 -0.0489705 0
    outer loop
      vertex 52.0851 -31.6961 1.39
      vertex 52.1 -32 0
      vertex 52.1 -32 1.39
    endloop
  endfacet
  facet normal -0.970046 -0.242922 0
    outer loop
      vertex 52.0404 -31.3952 0
      vertex 51.9665 -31.1001 1.39
      vertex 51.9665 -31.1001 0
    endloop
  endfacet
  facet normal -0.970046 -0.242922 0
    outer loop
      vertex 51.9665 -31.1001 1.39
      vertex 52.0404 -31.3952 0
      vertex 52.0404 -31.3952 1.39
    endloop
  endfacet
  facet normal -0.803027 0.595943 0
    outer loop
      vertex 51.3963 -33.9666 0
      vertex 51.5776 -33.7223 1.39
      vertex 51.5776 -33.7223 0
    endloop
  endfacet
  facet normal -0.803027 0.595943 0
    outer loop
      vertex 51.5776 -33.7223 1.39
      vertex 51.3963 -33.9666 0
      vertex 51.3963 -33.9666 1.39
    endloop
  endfacet
  facet normal -0.0489705 0.9988 0
    outer loop
      vertex 49.3039 -35.0851 0
      vertex 49 -35.1 1.39
      vertex 49.3039 -35.0851 1.39
    endloop
  endfacet
  facet normal -0.0489705 0.9988 0
    outer loop
      vertex 49 -35.1 1.39
      vertex 49.3039 -35.0851 0
      vertex 49 -35.1 0
    endloop
  endfacet
  facet normal -0.514012 0.857783 0
    outer loop
      vertex 50.7223 -34.5776 0
      vertex 50.4613 -34.734 1.39
      vertex 50.7223 -34.5776 1.39
    endloop
  endfacet
  facet normal -0.514012 0.857783 0
    outer loop
      vertex 50.4613 -34.734 1.39
      vertex 50.7223 -34.5776 0
      vertex 50.4613 -34.734 0
    endloop
  endfacet
  facet normal 0.42738 -0.904072 0
    outer loop
      vertex 47.5387 -29.266 0
      vertex 47.8137 -29.136 1.39
      vertex 47.5387 -29.266 1.39
    endloop
  endfacet
  facet normal 0.42738 -0.904072 0
    outer loop
      vertex 47.8137 -29.136 1.39
      vertex 47.5387 -29.266 0
      vertex 47.8137 -29.136 0
    endloop
  endfacet
  facet normal -0.514012 -0.857783 0
    outer loop
      vertex 50.4613 -29.266 0
      vertex 50.7223 -29.4224 1.39
      vertex 50.4613 -29.266 1.39
    endloop
  endfacet
  facet normal -0.514012 -0.857783 -0
    outer loop
      vertex 50.7223 -29.4224 1.39
      vertex 50.4613 -29.266 0
      vertex 50.7223 -29.4224 0
    endloop
  endfacet
  facet normal 0.0489705 -0.9988 0
    outer loop
      vertex 48.6961 -28.9149 0
      vertex 49 -28.9 1.39
      vertex 48.6961 -28.9149 1.39
    endloop
  endfacet
  facet normal 0.0489705 -0.9988 0
    outer loop
      vertex 49 -28.9 1.39
      vertex 48.6961 -28.9149 0
      vertex 49 -28.9 0
    endloop
  endfacet
  facet normal 0.803027 0.595943 0
    outer loop
      vertex 46.6037 -33.9666 1.39
      vertex 46.4224 -33.7223 0
      vertex 46.4224 -33.7223 1.39
    endloop
  endfacet
  facet normal 0.803027 0.595943 0
    outer loop
      vertex 46.4224 -33.7223 0
      vertex 46.6037 -33.9666 1.39
      vertex 46.6037 -33.9666 0
    endloop
  endfacet
  facet normal -0.941519 -0.336961 0
    outer loop
      vertex 51.9665 -31.1001 0
      vertex 51.864 -30.8137 1.39
      vertex 51.864 -30.8137 0
    endloop
  endfacet
  facet normal -0.941519 -0.336961 0
    outer loop
      vertex 51.864 -30.8137 1.39
      vertex 51.9665 -31.1001 0
      vertex 51.9665 -31.1001 1.39
    endloop
  endfacet
  facet normal -0.941519 0.336961 0
    outer loop
      vertex 51.864 -33.1863 0
      vertex 51.9665 -32.8999 1.39
      vertex 51.9665 -32.8999 0
    endloop
  endfacet
  facet normal -0.941519 0.336961 0
    outer loop
      vertex 51.9665 -32.8999 1.39
      vertex 51.864 -33.1863 0
      vertex 51.864 -33.1863 1.39
    endloop
  endfacet
  facet normal 0.857783 0.514012 0
    outer loop
      vertex 46.4224 -33.7223 1.39
      vertex 46.266 -33.4613 0
      vertex 46.266 -33.4613 1.39
    endloop
  endfacet
  facet normal 0.857783 0.514012 0
    outer loop
      vertex 46.266 -33.4613 0
      vertex 46.4224 -33.7223 1.39
      vertex 46.4224 -33.7223 0
    endloop
  endfacet
  facet normal -0.242922 0.970046 0
    outer loop
      vertex 49.8999 -34.9665 0
      vertex 49.6048 -35.0404 1.39
      vertex 49.8999 -34.9665 1.39
    endloop
  endfacet
  facet normal -0.242922 0.970046 0
    outer loop
      vertex 49.6048 -35.0404 1.39
      vertex 49.8999 -34.9665 0
      vertex 49.6048 -35.0404 0
    endloop
  endfacet
  facet normal -0.9988 0.0489705 0
    outer loop
      vertex 52.0851 -32.3039 0
      vertex 52.1 -32 1.39
      vertex 52.1 -32 0
    endloop
  endfacet
  facet normal -0.9988 0.0489705 0
    outer loop
      vertex 52.1 -32 1.39
      vertex 52.0851 -32.3039 0
      vertex 52.0851 -32.3039 1.39
    endloop
  endfacet
  facet normal 0.595943 0.803027 -0
    outer loop
      vertex 47.2777 -34.5776 0
      vertex 47.0334 -34.3963 1.39
      vertex 47.2777 -34.5776 1.39
    endloop
  endfacet
  facet normal 0.595943 0.803027 0
    outer loop
      vertex 47.0334 -34.3963 1.39
      vertex 47.2777 -34.5776 0
      vertex 47.0334 -34.3963 0
    endloop
  endfacet
  facet normal 0.989145 0.146942 0
    outer loop
      vertex 45.9596 -32.6048 1.39
      vertex 45.9149 -32.3039 0
      vertex 45.9149 -32.3039 1.39
    endloop
  endfacet
  facet normal 0.989145 0.146942 0
    outer loop
      vertex 45.9149 -32.3039 0
      vertex 45.9596 -32.6048 1.39
      vertex 45.9596 -32.6048 0
    endloop
  endfacet
  facet normal 0.595943 -0.803027 0
    outer loop
      vertex 47.0334 -29.6037 0
      vertex 47.2777 -29.4224 1.39
      vertex 47.0334 -29.6037 1.39
    endloop
  endfacet
  facet normal 0.595943 -0.803027 0
    outer loop
      vertex 47.2777 -29.4224 1.39
      vertex 47.0334 -29.6037 0
      vertex 47.2777 -29.4224 0
    endloop
  endfacet
  facet normal -0.595943 -0.803027 0
    outer loop
      vertex 50.7223 -29.4224 0
      vertex 50.9666 -29.6037 1.39
      vertex 50.7223 -29.4224 1.39
    endloop
  endfacet
  facet normal -0.595943 -0.803027 -0
    outer loop
      vertex 50.9666 -29.6037 1.39
      vertex 50.7223 -29.4224 0
      vertex 50.9666 -29.6037 0
    endloop
  endfacet
  facet normal -0.740936 0.671576 0
    outer loop
      vertex 51.192 -34.192 0
      vertex 51.3963 -33.9666 1.39
      vertex 51.3963 -33.9666 0
    endloop
  endfacet
  facet normal -0.740936 0.671576 0
    outer loop
      vertex 51.3963 -33.9666 1.39
      vertex 51.192 -34.192 0
      vertex 51.192 -34.192 1.39
    endloop
  endfacet
  facet normal 0.941519 0.336961 0
    outer loop
      vertex 46.136 -33.1863 1.39
      vertex 46.0335 -32.8999 0
      vertex 46.0335 -32.8999 1.39
    endloop
  endfacet
  facet normal 0.941519 0.336961 0
    outer loop
      vertex 46.0335 -32.8999 0
      vertex 46.136 -33.1863 1.39
      vertex 46.136 -33.1863 0
    endloop
  endfacet
  facet normal -0.989145 0.146942 0
    outer loop
      vertex 52.0404 -32.6048 0
      vertex 52.0851 -32.3039 1.39
      vertex 52.0851 -32.3039 0
    endloop
  endfacet
  facet normal -0.989145 0.146942 0
    outer loop
      vertex 52.0851 -32.3039 1.39
      vertex 52.0404 -32.6048 0
      vertex 52.0404 -32.6048 1.39
    endloop
  endfacet
  facet normal 0.857783 -0.514012 0
    outer loop
      vertex 46.266 -30.5387 1.39
      vertex 46.4224 -30.2777 0
      vertex 46.4224 -30.2777 1.39
    endloop
  endfacet
  facet normal 0.857783 -0.514012 0
    outer loop
      vertex 46.4224 -30.2777 0
      vertex 46.266 -30.5387 1.39
      vertex 46.266 -30.5387 0
    endloop
  endfacet
  facet normal -0.970046 0.242922 0
    outer loop
      vertex 51.9665 -32.8999 0
      vertex 52.0404 -32.6048 1.39
      vertex 52.0404 -32.6048 0
    endloop
  endfacet
  facet normal -0.970046 0.242922 0
    outer loop
      vertex 52.0404 -32.6048 1.39
      vertex 51.9665 -32.8999 0
      vertex 51.9665 -32.8999 1.39
    endloop
  endfacet
  facet normal -0.42738 0.904072 0
    outer loop
      vertex 50.4613 -34.734 0
      vertex 50.1863 -34.864 1.39
      vertex 50.4613 -34.734 1.39
    endloop
  endfacet
  facet normal -0.42738 0.904072 0
    outer loop
      vertex 50.1863 -34.864 1.39
      vertex 50.4613 -34.734 0
      vertex 50.1863 -34.864 0
    endloop
  endfacet
  facet normal 0 0 -1
    outer loop
      vertex 50.7 -32 1.39
      vertex 52.1 -32 1.39
      vertex 52.0851 -32.3039 1.39
    endloop
  endfacet
  facet normal 0 0 -1
    outer loop
      vertex 50.6918 -32.1666 1.39
      vertex 52.0851 -32.3039 1.39
      vertex 52.0404 -32.6048 1.39
    endloop
  endfacet
  facet normal 0 0 -1
    outer loop
      vertex 52.1 -32 1.39
      vertex 50.7 -32 1.39
      vertex 52.0851 -31.6961 1.39
    endloop
  endfacet
  facet normal 0 0 -1
    outer loop
      vertex 50.6673 -32.3317 1.39
      vertex 52.0404 -32.6048 1.39
      vertex 51.9665 -32.8999 1.39
    endloop
  endfacet
  facet normal 0 0 -1
    outer loop
      vertex 50.6918 -31.8334 1.39
      vertex 52.0851 -31.6961 1.39
      vertex 50.7 -32 1.39
    endloop
  endfacet
  facet normal 0 0 -1
    outer loop
      vertex 50.6268 -32.4935 1.39
      vertex 51.9665 -32.8999 1.39
      vertex 51.864 -33.1863 1.39
    endloop
  endfacet
  facet normal -0 0 -1
    outer loop
      vertex 52.0851 -31.6961 1.39
      vertex 50.6918 -31.8334 1.39
      vertex 52.0404 -31.3952 1.39
    endloop
  endfacet
  facet normal 0 0 -1
    outer loop
      vertex 50.5706 -32.6506 1.39
      vertex 51.864 -33.1863 1.39
      vertex 51.734 -33.4613 1.39
    endloop
  endfacet
  facet normal 0 0 -1
    outer loop
      vertex 50.6673 -31.6683 1.39
      vertex 52.0404 -31.3952 1.39
      vertex 50.6918 -31.8334 1.39
    endloop
  endfacet
  facet normal 0 0 -1
    outer loop
      vertex 50.4993 -32.8014 1.39
      vertex 51.734 -33.4613 1.39
      vertex 51.5776 -33.7223 1.39
    endloop
  endfacet
  facet normal -0 0 -1
    outer loop
      vertex 52.0404 -31.3952 1.39
      vertex 50.6673 -31.6683 1.39
      vertex 51.9665 -31.1001 1.39
    endloop
  endfacet
  facet normal 0 0 -1
    outer loop
      vertex 50.4135 -32.9445 1.39
      vertex 51.5776 -33.7223 1.39
      vertex 51.3963 -33.9666 1.39
    endloop
  endfacet
  facet normal 0 0 -1
    outer loop
      vertex 50.6268 -31.5065 1.39
      vertex 51.9665 -31.1001 1.39
      vertex 50.6673 -31.6683 1.39
    endloop
  endfacet
  facet normal 0 0 -1
    outer loop
      vertex 50.3141 -33.0785 1.39
      vertex 51.3963 -33.9666 1.39
      vertex 51.192 -34.192 1.39
    endloop
  endfacet
  facet normal -0 0 -1
    outer loop
      vertex 51.9665 -31.1001 1.39
      vertex 50.6268 -31.5065 1.39
      vertex 51.864 -30.8137 1.39
    endloop
  endfacet
  facet normal 0 0 -1
    outer loop
      vertex 50.2021 -33.2021 1.39
      vertex 51.192 -34.192 1.39
      vertex 50.9666 -34.3963 1.39
    endloop
  endfacet
  facet normal 0 0 -1
    outer loop
      vertex 50.5706 -31.3494 1.39
      vertex 51.864 -30.8137 1.39
      vertex 50.6268 -31.5065 1.39
    endloop
  endfacet
  facet normal 0 0 -1
    outer loop
      vertex 50.0785 -33.3141 1.39
      vertex 50.9666 -34.3963 1.39
      vertex 50.7223 -34.5776 1.39
    endloop
  endfacet
  facet normal -0 0 -1
    outer loop
      vertex 51.864 -30.8137 1.39
      vertex 50.5706 -31.3494 1.39
      vertex 51.734 -30.5387 1.39
    endloop
  endfacet
  facet normal 0 0 -1
    outer loop
      vertex 50.4993 -31.1986 1.39
      vertex 51.734 -30.5387 1.39
      vertex 50.5706 -31.3494 1.39
    endloop
  endfacet
  facet normal 0 0 -1
    outer loop
      vertex 52.0851 -32.3039 1.39
      vertex 50.6918 -32.1666 1.39
      vertex 50.7 -32 1.39
    endloop
  endfacet
  facet normal 0 0 -1
    outer loop
      vertex 52.0404 -32.6048 1.39
      vertex 50.6673 -32.3317 1.39
      vertex 50.6918 -32.1666 1.39
    endloop
  endfacet
  facet normal 0 0 -1
    outer loop
      vertex 51.9665 -32.8999 1.39
      vertex 50.6268 -32.4935 1.39
      vertex 50.6673 -32.3317 1.39
    endloop
  endfacet
  facet normal 0 0 -1
    outer loop
      vertex 51.864 -33.1863 1.39
      vertex 50.5706 -32.6506 1.39
      vertex 50.6268 -32.4935 1.39
    endloop
  endfacet
  facet normal 0 0 -1
    outer loop
      vertex 51.734 -33.4613 1.39
      vertex 50.4993 -32.8014 1.39
      vertex 50.5706 -32.6506 1.39
    endloop
  endfacet
  facet normal 0 0 -1
    outer loop
      vertex 49.9445 -33.4135 1.39
      vertex 50.7223 -34.5776 1.39
      vertex 50.4613 -34.734 1.39
    endloop
  endfacet
  facet normal 0 0 -1
    outer loop
      vertex 51.5776 -33.7223 1.39
      vertex 50.4135 -32.9445 1.39
      vertex 50.4993 -32.8014 1.39
    endloop
  endfacet
  facet normal 0 0 -1
    outer loop
      vertex 51.3963 -33.9666 1.39
      vertex 50.3141 -33.0785 1.39
      vertex 50.4135 -32.9445 1.39
    endloop
  endfacet
  facet normal 0 0 -1
    outer loop
      vertex 51.192 -34.192 1.39
      vertex 50.2021 -33.2021 1.39
      vertex 50.3141 -33.0785 1.39
    endloop
  endfacet
  facet normal 0 0 -1
    outer loop
      vertex 49.8014 -33.4993 1.39
      vertex 50.4613 -34.734 1.39
      vertex 50.1863 -34.864 1.39
    endloop
  endfacet
  facet normal 0 0 -1
    outer loop
      vertex 50.9666 -34.3963 1.39
      vertex 50.0785 -33.3141 1.39
      vertex 50.2021 -33.2021 1.39
    endloop
  endfacet
  facet normal 0 0 -1
    outer loop
      vertex 50.7223 -34.5776 1.39
      vertex 49.9445 -33.4135 1.39
      vertex 50.0785 -33.3141 1.39
    endloop
  endfacet
  facet normal 0 0 -1
    outer loop
      vertex 49.6506 -33.5706 1.39
      vertex 50.1863 -34.864 1.39
      vertex 49.8999 -34.9665 1.39
    endloop
  endfacet
  facet normal 0 0 -1
    outer loop
      vertex 50.4613 -34.734 1.39
      vertex 49.8014 -33.4993 1.39
      vertex 49.9445 -33.4135 1.39
    endloop
  endfacet
  facet normal 0 0 -1
    outer loop
      vertex 50.1863 -34.864 1.39
      vertex 49.6506 -33.5706 1.39
      vertex 49.8014 -33.4993 1.39
    endloop
  endfacet
  facet normal 0 0 -1
    outer loop
      vertex 49.4935 -33.6268 1.39
      vertex 49.8999 -34.9665 1.39
      vertex 49.6048 -35.0404 1.39
    endloop
  endfacet
  facet normal 0 0 -1
    outer loop
      vertex 49.8999 -34.9665 1.39
      vertex 49.4935 -33.6268 1.39
      vertex 49.6506 -33.5706 1.39
    endloop
  endfacet
  facet normal 0 0 -1
    outer loop
      vertex 49.6048 -35.0404 1.39
      vertex 49.3317 -33.6673 1.39
      vertex 49.4935 -33.6268 1.39
    endloop
  endfacet
  facet normal 0 0 -1
    outer loop
      vertex 49.3039 -35.0851 1.39
      vertex 49.3317 -33.6673 1.39
      vertex 49.6048 -35.0404 1.39
    endloop
  endfacet
  facet normal 0 0 -1
    outer loop
      vertex 49.3039 -35.0851 1.39
      vertex 49.1666 -33.6918 1.39
      vertex 49.3317 -33.6673 1.39
    endloop
  endfacet
  facet normal 0 0 -1
    outer loop
      vertex 49 -35.1 1.39
      vertex 49.1666 -33.6918 1.39
      vertex 49.3039 -35.0851 1.39
    endloop
  endfacet
  facet normal 0 0 -1
    outer loop
      vertex 49 -35.1 1.39
      vertex 49 -33.7 1.39
      vertex 49.1666 -33.6918 1.39
    endloop
  endfacet
  facet normal 0 0 -1
    outer loop
      vertex 49 -35.1 1.39
      vertex 48.8334 -33.6918 1.39
      vertex 49 -33.7 1.39
    endloop
  endfacet
  facet normal 0 0 -1
    outer loop
      vertex 48.6961 -35.0851 1.39
      vertex 48.8334 -33.6918 1.39
      vertex 49 -35.1 1.39
    endloop
  endfacet
  facet normal 0 0 -1
    outer loop
      vertex 48.6961 -35.0851 1.39
      vertex 48.6683 -33.6673 1.39
      vertex 48.8334 -33.6918 1.39
    endloop
  endfacet
  facet normal 0 0 -1
    outer loop
      vertex 48.3952 -35.0404 1.39
      vertex 48.6683 -33.6673 1.39
      vertex 48.6961 -35.0851 1.39
    endloop
  endfacet
  facet normal -0 0 -1
    outer loop
      vertex 48.6683 -33.6673 1.39
      vertex 48.3952 -35.0404 1.39
      vertex 48.5065 -33.6268 1.39
    endloop
  endfacet
  facet normal 0 0 -1
    outer loop
      vertex 48.1001 -34.9665 1.39
      vertex 48.5065 -33.6268 1.39
      vertex 48.3952 -35.0404 1.39
    endloop
  endfacet
  facet normal -0 0 -1
    outer loop
      vertex 48.5065 -33.6268 1.39
      vertex 48.1001 -34.9665 1.39
      vertex 48.3494 -33.5706 1.39
    endloop
  endfacet
  facet normal 0 0 -1
    outer loop
      vertex 47.8137 -34.864 1.39
      vertex 48.3494 -33.5706 1.39
      vertex 48.1001 -34.9665 1.39
    endloop
  endfacet
  facet normal -0 0 -1
    outer loop
      vertex 48.3494 -33.5706 1.39
      vertex 47.8137 -34.864 1.39
      vertex 48.1986 -33.4993 1.39
    endloop
  endfacet
  facet normal 0 0 -1
    outer loop
      vertex 47.5387 -34.734 1.39
      vertex 48.1986 -33.4993 1.39
      vertex 47.8137 -34.864 1.39
    endloop
  endfacet
  facet normal -0 0 -1
    outer loop
      vertex 48.1986 -33.4993 1.39
      vertex 47.5387 -34.734 1.39
      vertex 48.0555 -33.4135 1.39
    endloop
  endfacet
  facet normal 0 0 -1
    outer loop
      vertex 47.2777 -34.5776 1.39
      vertex 48.0555 -33.4135 1.39
      vertex 47.5387 -34.734 1.39
    endloop
  endfacet
  facet normal -0 0 -1
    outer loop
      vertex 48.0555 -33.4135 1.39
      vertex 47.2777 -34.5776 1.39
      vertex 47.9215 -33.3141 1.39
    endloop
  endfacet
  facet normal 0 0 -1
    outer loop
      vertex 47.0334 -34.3963 1.39
      vertex 47.9215 -33.3141 1.39
      vertex 47.2777 -34.5776 1.39
    endloop
  endfacet
  facet normal -0 0 -1
    outer loop
      vertex 47.9215 -33.3141 1.39
      vertex 47.0334 -34.3963 1.39
      vertex 47.7979 -33.2021 1.39
    endloop
  endfacet
  facet normal 0 0 -1
    outer loop
      vertex 46.808 -34.192 1.39
      vertex 47.7979 -33.2021 1.39
      vertex 47.0334 -34.3963 1.39
    endloop
  endfacet
  facet normal -0 0 -1
    outer loop
      vertex 47.7979 -33.2021 1.39
      vertex 46.808 -34.192 1.39
      vertex 47.6859 -33.0785 1.39
    endloop
  endfacet
  facet normal 0 0 -1
    outer loop
      vertex 46.6037 -33.9666 1.39
      vertex 47.6859 -33.0785 1.39
      vertex 46.808 -34.192 1.39
    endloop
  endfacet
  facet normal -0 0 -1
    outer loop
      vertex 47.6859 -33.0785 1.39
      vertex 46.6037 -33.9666 1.39
      vertex 47.5865 -32.9445 1.39
    endloop
  endfacet
  facet normal 0 0 -1
    outer loop
      vertex 46.4224 -33.7223 1.39
      vertex 47.5865 -32.9445 1.39
      vertex 46.6037 -33.9666 1.39
    endloop
  endfacet
  facet normal 0 0 -1
    outer loop
      vertex 46.266 -33.4613 1.39
      vertex 47.5007 -32.8014 1.39
      vertex 46.4224 -33.7223 1.39
    endloop
  endfacet
  facet normal -0 0 -1
    outer loop
      vertex 47.5865 -32.9445 1.39
      vertex 46.4224 -33.7223 1.39
      vertex 47.5007 -32.8014 1.39
    endloop
  endfacet
  facet normal -0 0 -1
    outer loop
      vertex 51.734 -30.5387 1.39
      vertex 50.4993 -31.1986 1.39
      vertex 51.5776 -30.2777 1.39
    endloop
  endfacet
  facet normal 0 0 -1
    outer loop
      vertex 50.4135 -31.0555 1.39
      vertex 51.5776 -30.2777 1.39
      vertex 50.4993 -31.1986 1.39
    endloop
  endfacet
  facet normal -0 0 -1
    outer loop
      vertex 51.5776 -30.2777 1.39
      vertex 50.4135 -31.0555 1.39
      vertex 51.3963 -30.0334 1.39
    endloop
  endfacet
  facet normal 0 0 -1
    outer loop
      vertex 50.3141 -30.9215 1.39
      vertex 51.3963 -30.0334 1.39
      vertex 50.4135 -31.0555 1.39
    endloop
  endfacet
  facet normal -0 0 -1
    outer loop
      vertex 51.3963 -30.0334 1.39
      vertex 50.3141 -30.9215 1.39
      vertex 51.192 -29.808 1.39
    endloop
  endfacet
  facet normal 0 0 -1
    outer loop
      vertex 50.2021 -30.7979 1.39
      vertex 51.192 -29.808 1.39
      vertex 50.3141 -30.9215 1.39
    endloop
  endfacet
  facet normal -0 0 -1
    outer loop
      vertex 51.192 -29.808 1.39
      vertex 50.2021 -30.7979 1.39
      vertex 50.9666 -29.6037 1.39
    endloop
  endfacet
  facet normal 0 0 -1
    outer loop
      vertex 50.0785 -30.6859 1.39
      vertex 50.9666 -29.6037 1.39
      vertex 50.2021 -30.7979 1.39
    endloop
  endfacet
  facet normal -0 0 -1
    outer loop
      vertex 50.9666 -29.6037 1.39
      vertex 50.0785 -30.6859 1.39
      vertex 50.7223 -29.4224 1.39
    endloop
  endfacet
  facet normal 0 0 -1
    outer loop
      vertex 49.9445 -30.5865 1.39
      vertex 50.7223 -29.4224 1.39
      vertex 50.0785 -30.6859 1.39
    endloop
  endfacet
  facet normal -0 0 -1
    outer loop
      vertex 50.7223 -29.4224 1.39
      vertex 49.9445 -30.5865 1.39
      vertex 50.4613 -29.266 1.39
    endloop
  endfacet
  facet normal 0 0 -1
    outer loop
      vertex 49.8014 -30.5007 1.39
      vertex 50.4613 -29.266 1.39
      vertex 49.9445 -30.5865 1.39
    endloop
  endfacet
  facet normal -0 0 -1
    outer loop
      vertex 50.4613 -29.266 1.39
      vertex 49.8014 -30.5007 1.39
      vertex 50.1863 -29.136 1.39
    endloop
  endfacet
  facet normal 0 0 -1
    outer loop
      vertex 49.6506 -30.4294 1.39
      vertex 50.1863 -29.136 1.39
      vertex 49.8014 -30.5007 1.39
    endloop
  endfacet
  facet normal -0 0 -1
    outer loop
      vertex 50.1863 -29.136 1.39
      vertex 49.6506 -30.4294 1.39
      vertex 49.8999 -29.0335 1.39
    endloop
  endfacet
  facet normal 0 0 -1
    outer loop
      vertex 49.4935 -30.3732 1.39
      vertex 49.8999 -29.0335 1.39
      vertex 49.6506 -30.4294 1.39
    endloop
  endfacet
  facet normal -0 0 -1
    outer loop
      vertex 49.8999 -29.0335 1.39
      vertex 49.4935 -30.3732 1.39
      vertex 49.6048 -28.9596 1.39
    endloop
  endfacet
  facet normal 0 0 -1
    outer loop
      vertex 49.3317 -30.3327 1.39
      vertex 49.6048 -28.9596 1.39
      vertex 49.4935 -30.3732 1.39
    endloop
  endfacet
  facet normal 0 0 -1
    outer loop
      vertex 49.3317 -30.3327 1.39
      vertex 49.3039 -28.9149 1.39
      vertex 49.6048 -28.9596 1.39
    endloop
  endfacet
  facet normal 0 0 -1
    outer loop
      vertex 49.1666 -30.3082 1.39
      vertex 49.3039 -28.9149 1.39
      vertex 49.3317 -30.3327 1.39
    endloop
  endfacet
  facet normal 0 0 -1
    outer loop
      vertex 49 -30.3 1.39
      vertex 49.3039 -28.9149 1.39
      vertex 49.1666 -30.3082 1.39
    endloop
  endfacet
  facet normal 0 0 -1
    outer loop
      vertex 49 -30.3 1.39
      vertex 49 -28.9 1.39
      vertex 49.3039 -28.9149 1.39
    endloop
  endfacet
  facet normal 0 0 -1
    outer loop
      vertex 48.8334 -30.3082 1.39
      vertex 49 -28.9 1.39
      vertex 49 -30.3 1.39
    endloop
  endfacet
  facet normal 0 0 -1
    outer loop
      vertex 48.8334 -30.3082 1.39
      vertex 48.6961 -28.9149 1.39
      vertex 49 -28.9 1.39
    endloop
  endfacet
  facet normal 0 0 -1
    outer loop
      vertex 48.6683 -30.3327 1.39
      vertex 48.6961 -28.9149 1.39
      vertex 48.8334 -30.3082 1.39
    endloop
  endfacet
  facet normal 0 0 -1
    outer loop
      vertex 48.3952 -28.9596 1.39
      vertex 48.6683 -30.3327 1.39
      vertex 48.5065 -30.3732 1.39
    endloop
  endfacet
  facet normal 0 0 -1
    outer loop
      vertex 48.6683 -30.3327 1.39
      vertex 48.3952 -28.9596 1.39
      vertex 48.6961 -28.9149 1.39
    endloop
  endfacet
  facet normal 0 0 -1
    outer loop
      vertex 48.1001 -29.0335 1.39
      vertex 48.5065 -30.3732 1.39
      vertex 48.3494 -30.4294 1.39
    endloop
  endfacet
  facet normal 0 0 -1
    outer loop
      vertex 47.8137 -29.136 1.39
      vertex 48.3494 -30.4294 1.39
      vertex 48.1986 -30.5007 1.39
    endloop
  endfacet
  facet normal 0 0 -1
    outer loop
      vertex 48.5065 -30.3732 1.39
      vertex 48.1001 -29.0335 1.39
      vertex 48.3952 -28.9596 1.39
    endloop
  endfacet
  facet normal 0 0 -1
    outer loop
      vertex 47.5387 -29.266 1.39
      vertex 48.1986 -30.5007 1.39
      vertex 48.0555 -30.5865 1.39
    endloop
  endfacet
  facet normal 0 0 -1
    outer loop
      vertex 47.2777 -29.4224 1.39
      vertex 48.0555 -30.5865 1.39
      vertex 47.9215 -30.6859 1.39
    endloop
  endfacet
  facet normal 0 0 -1
    outer loop
      vertex 48.3494 -30.4294 1.39
      vertex 47.8137 -29.136 1.39
      vertex 48.1001 -29.0335 1.39
    endloop
  endfacet
  facet normal 0 0 -1
    outer loop
      vertex 47.0334 -29.6037 1.39
      vertex 47.9215 -30.6859 1.39
      vertex 47.7979 -30.7979 1.39
    endloop
  endfacet
  facet normal 0 0 -1
    outer loop
      vertex 46.808 -29.808 1.39
      vertex 47.7979 -30.7979 1.39
      vertex 47.6859 -30.9215 1.39
    endloop
  endfacet
  facet normal 0 0 -1
    outer loop
      vertex 46.6037 -30.0334 1.39
      vertex 47.6859 -30.9215 1.39
      vertex 47.5865 -31.0555 1.39
    endloop
  endfacet
  facet normal 0 0 -1
    outer loop
      vertex 48.1986 -30.5007 1.39
      vertex 47.5387 -29.266 1.39
      vertex 47.8137 -29.136 1.39
    endloop
  endfacet
  facet normal 0 0 -1
    outer loop
      vertex 46.4224 -30.2777 1.39
      vertex 47.5865 -31.0555 1.39
      vertex 47.5007 -31.1986 1.39
    endloop
  endfacet
  facet normal 0 0 -1
    outer loop
      vertex 46.266 -30.5387 1.39
      vertex 47.5007 -31.1986 1.39
      vertex 47.4294 -31.3494 1.39
    endloop
  endfacet
  facet normal 0 0 -1
    outer loop
      vertex 46.136 -30.8137 1.39
      vertex 47.4294 -31.3494 1.39
      vertex 47.3732 -31.5065 1.39
    endloop
  endfacet
  facet normal 0 0 -1
    outer loop
      vertex 46.0335 -31.1001 1.39
      vertex 47.3732 -31.5065 1.39
      vertex 47.3327 -31.6683 1.39
    endloop
  endfacet
  facet normal 0 0 -1
    outer loop
      vertex 45.9596 -31.3952 1.39
      vertex 47.3327 -31.6683 1.39
      vertex 47.3082 -31.8334 1.39
    endloop
  endfacet
  facet normal 0 0 -1
    outer loop
      vertex 48.0555 -30.5865 1.39
      vertex 47.2777 -29.4224 1.39
      vertex 47.5387 -29.266 1.39
    endloop
  endfacet
  facet normal 0 0 -1
    outer loop
      vertex 45.9149 -31.6961 1.39
      vertex 47.3082 -31.8334 1.39
      vertex 47.3 -32 1.39
    endloop
  endfacet
  facet normal -0 0 -1
    outer loop
      vertex 47.5007 -32.8014 1.39
      vertex 46.266 -33.4613 1.39
      vertex 47.4294 -32.6506 1.39
    endloop
  endfacet
  facet normal 0 0 -1
    outer loop
      vertex 46.136 -33.1863 1.39
      vertex 47.4294 -32.6506 1.39
      vertex 46.266 -33.4613 1.39
    endloop
  endfacet
  facet normal 0 0 -1
    outer loop
      vertex 47.9215 -30.6859 1.39
      vertex 47.0334 -29.6037 1.39
      vertex 47.2777 -29.4224 1.39
    endloop
  endfacet
  facet normal -0 0 -1
    outer loop
      vertex 47.4294 -32.6506 1.39
      vertex 46.136 -33.1863 1.39
      vertex 47.3732 -32.4935 1.39
    endloop
  endfacet
  facet normal 0 0 -1
    outer loop
      vertex 47.7979 -30.7979 1.39
      vertex 46.808 -29.808 1.39
      vertex 47.0334 -29.6037 1.39
    endloop
  endfacet
  facet normal 0 0 -1
    outer loop
      vertex 46.0335 -32.8999 1.39
      vertex 47.3732 -32.4935 1.39
      vertex 46.136 -33.1863 1.39
    endloop
  endfacet
  facet normal 0 0 -1
    outer loop
      vertex 47.6859 -30.9215 1.39
      vertex 46.6037 -30.0334 1.39
      vertex 46.808 -29.808 1.39
    endloop
  endfacet
  facet normal -0 0 -1
    outer loop
      vertex 47.3732 -32.4935 1.39
      vertex 46.0335 -32.8999 1.39
      vertex 47.3327 -32.3317 1.39
    endloop
  endfacet
  facet normal 0 0 -1
    outer loop
      vertex 47.5865 -31.0555 1.39
      vertex 46.4224 -30.2777 1.39
      vertex 46.6037 -30.0334 1.39
    endloop
  endfacet
  facet normal 0 0 -1
    outer loop
      vertex 45.9596 -32.6048 1.39
      vertex 47.3327 -32.3317 1.39
      vertex 46.0335 -32.8999 1.39
    endloop
  endfacet
  facet normal 0 0 -1
    outer loop
      vertex 47.5007 -31.1986 1.39
      vertex 46.266 -30.5387 1.39
      vertex 46.4224 -30.2777 1.39
    endloop
  endfacet
  facet normal -0 0 -1
    outer loop
      vertex 47.3327 -32.3317 1.39
      vertex 45.9596 -32.6048 1.39
      vertex 47.3082 -32.1666 1.39
    endloop
  endfacet
  facet normal 0 0 -1
    outer loop
      vertex 47.4294 -31.3494 1.39
      vertex 46.136 -30.8137 1.39
      vertex 46.266 -30.5387 1.39
    endloop
  endfacet
  facet normal 0 0 -1
    outer loop
      vertex 45.9149 -32.3039 1.39
      vertex 47.3082 -32.1666 1.39
      vertex 45.9596 -32.6048 1.39
    endloop
  endfacet
  facet normal 0 0 -1
    outer loop
      vertex 47.3732 -31.5065 1.39
      vertex 46.0335 -31.1001 1.39
      vertex 46.136 -30.8137 1.39
    endloop
  endfacet
  facet normal -0 0 -1
    outer loop
      vertex 47.3082 -32.1666 1.39
      vertex 45.9149 -32.3039 1.39
      vertex 47.3 -32 1.39
    endloop
  endfacet
  facet normal 0 0 -1
    outer loop
      vertex 47.3327 -31.6683 1.39
      vertex 45.9596 -31.3952 1.39
      vertex 46.0335 -31.1001 1.39
    endloop
  endfacet
  facet normal 0 0 -1
    outer loop
      vertex 45.9 -32 1.39
      vertex 47.3 -32 1.39
      vertex 45.9149 -32.3039 1.39
    endloop
  endfacet
  facet normal 0 0 -1
    outer loop
      vertex 47.3082 -31.8334 1.39
      vertex 45.9149 -31.6961 1.39
      vertex 45.9596 -31.3952 1.39
    endloop
  endfacet
  facet normal 0 0 -1
    outer loop
      vertex 47.3 -32 1.39
      vertex 45.9 -32 1.39
      vertex 45.9149 -31.6961 1.39
    endloop
  endfacet
  facet normal -0.671576 -0.740936 0
    outer loop
      vertex 50.9666 -29.6037 0
      vertex 51.192 -29.808 1.39
      vertex 50.9666 -29.6037 1.39
    endloop
  endfacet
  facet normal -0.671576 -0.740936 -0
    outer loop
      vertex 51.192 -29.808 1.39
      vertex 50.9666 -29.6037 0
      vertex 51.192 -29.808 0
    endloop
  endfacet
  facet normal 0.336961 -0.941519 0
    outer loop
      vertex 47.8137 -29.136 0
      vertex 48.1001 -29.0335 1.39
      vertex 47.8137 -29.136 1.39
    endloop
  endfacet
  facet normal 0.336961 -0.941519 0
    outer loop
      vertex 48.1001 -29.0335 1.39
      vertex 47.8137 -29.136 0
      vertex 48.1001 -29.0335 0
    endloop
  endfacet
  facet normal -0.42738 -0.904072 0
    outer loop
      vertex 50.1863 -29.136 0
      vertex 50.4613 -29.266 1.39
      vertex 50.1863 -29.136 1.39
    endloop
  endfacet
  facet normal -0.42738 -0.904072 -0
    outer loop
      vertex 50.4613 -29.266 1.39
      vertex 50.1863 -29.136 0
      vertex 50.4613 -29.266 0
    endloop
  endfacet
  facet normal 0.9988 -0.0489705 0
    outer loop
      vertex 45.9 -32 1.39
      vertex 45.9149 -31.6961 0
      vertex 45.9149 -31.6961 1.39
    endloop
  endfacet
  facet normal 0.9988 -0.0489705 0
    outer loop
      vertex 45.9149 -31.6961 0
      vertex 45.9 -32 1.39
      vertex 45.9 -32 0
    endloop
  endfacet
  facet normal -0.803027 -0.595943 0
    outer loop
      vertex 51.5776 -30.2777 0
      vertex 51.3963 -30.0334 1.39
      vertex 51.3963 -30.0334 0
    endloop
  endfacet
  facet normal -0.803027 -0.595943 0
    outer loop
      vertex 51.3963 -30.0334 1.39
      vertex 51.5776 -30.2777 0
      vertex 51.5776 -30.2777 1.39
    endloop
  endfacet
  facet normal -0.0489705 -0.9988 0
    outer loop
      vertex 49 -28.9 0
      vertex 49.3039 -28.9149 1.39
      vertex 49 -28.9 1.39
    endloop
  endfacet
  facet normal -0.0489705 -0.9988 -0
    outer loop
      vertex 49.3039 -28.9149 1.39
      vertex 49 -28.9 0
      vertex 49.3039 -28.9149 0
    endloop
  endfacet
  facet normal 0.671576 -0.740936 0
    outer loop
      vertex 46.808 -29.808 0
      vertex 47.0334 -29.6037 1.39
      vertex 46.808 -29.808 1.39
    endloop
  endfacet
  facet normal 0.671576 -0.740936 0
    outer loop
      vertex 47.0334 -29.6037 1.39
      vertex 46.808 -29.808 0
      vertex 47.0334 -29.6037 0
    endloop
  endfacet
  facet normal -0.740936 -0.671576 0
    outer loop
      vertex 51.3963 -30.0334 0
      vertex 51.192 -29.808 1.39
      vertex 51.192 -29.808 0
    endloop
  endfacet
  facet normal -0.740936 -0.671576 0
    outer loop
      vertex 51.192 -29.808 1.39
      vertex 51.3963 -30.0334 0
      vertex 51.3963 -30.0334 1.39
    endloop
  endfacet
  facet normal 0.242922 0.970046 -0
    outer loop
      vertex 48.3952 -35.0404 0
      vertex 48.1001 -34.9665 1.39
      vertex 48.3952 -35.0404 1.39
    endloop
  endfacet
  facet normal 0.242922 0.970046 0
    outer loop
      vertex 48.1001 -34.9665 1.39
      vertex 48.3952 -35.0404 0
      vertex 48.1001 -34.9665 0
    endloop
  endfacet
  facet normal -0.904072 -0.42738 0
    outer loop
      vertex 51.864 -30.8137 0
      vertex 51.734 -30.5387 1.39
      vertex 51.734 -30.5387 0
    endloop
  endfacet
  facet normal -0.904072 -0.42738 0
    outer loop
      vertex 51.734 -30.5387 1.39
      vertex 51.864 -30.8137 0
      vertex 51.864 -30.8137 1.39
    endloop
  endfacet
  facet normal -0.857783 0.514012 0
    outer loop
      vertex 51.5776 -33.7223 0
      vertex 51.734 -33.4613 1.39
      vertex 51.734 -33.4613 0
    endloop
  endfacet
  facet normal -0.857783 0.514012 0
    outer loop
      vertex 51.734 -33.4613 1.39
      vertex 51.5776 -33.7223 0
      vertex 51.5776 -33.7223 1.39
    endloop
  endfacet
  facet normal -0.336961 -0.941519 0
    outer loop
      vertex 49.8999 -29.0335 0
      vertex 50.1863 -29.136 1.39
      vertex 49.8999 -29.0335 1.39
    endloop
  endfacet
  facet normal -0.336961 -0.941519 -0
    outer loop
      vertex 50.1863 -29.136 1.39
      vertex 49.8999 -29.0335 0
      vertex 50.1863 -29.136 0
    endloop
  endfacet
  facet normal 0.242922 -0.970046 0
    outer loop
      vertex 48.1001 -29.0335 0
      vertex 48.3952 -28.9596 1.39
      vertex 48.1001 -29.0335 1.39
    endloop
  endfacet
  facet normal 0.242922 -0.970046 0
    outer loop
      vertex 48.3952 -28.9596 1.39
      vertex 48.1001 -29.0335 0
      vertex 48.3952 -28.9596 0
    endloop
  endfacet
  facet normal -0.336961 0.941519 0
    outer loop
      vertex 50.1863 -34.864 0
      vertex 49.8999 -34.9665 1.39
      vertex 50.1863 -34.864 1.39
    endloop
  endfacet
  facet normal -0.336961 0.941519 0
    outer loop
      vertex 49.8999 -34.9665 1.39
      vertex 50.1863 -34.864 0
      vertex 49.8999 -34.9665 0
    endloop
  endfacet
  facet normal 0.514012 -0.857783 0
    outer loop
      vertex 47.2777 -29.4224 0
      vertex 47.5387 -29.266 1.39
      vertex 47.2777 -29.4224 1.39
    endloop
  endfacet
  facet normal 0.514012 -0.857783 0
    outer loop
      vertex 47.5387 -29.266 1.39
      vertex 47.2777 -29.4224 0
      vertex 47.5387 -29.266 0
    endloop
  endfacet
  facet normal -0.857783 -0.514012 0
    outer loop
      vertex 51.734 -30.5387 0
      vertex 51.5776 -30.2777 1.39
      vertex 51.5776 -30.2777 0
    endloop
  endfacet
  facet normal -0.857783 -0.514012 0
    outer loop
      vertex 51.5776 -30.2777 1.39
      vertex 51.734 -30.5387 0
      vertex 51.734 -30.5387 1.39
    endloop
  endfacet
  facet normal 0.970046 -0.242922 0
    outer loop
      vertex 45.9596 -31.3952 1.39
      vertex 46.0335 -31.1001 0
      vertex 46.0335 -31.1001 1.39
    endloop
  endfacet
  facet normal 0.970046 -0.242922 0
    outer loop
      vertex 46.0335 -31.1001 0
      vertex 45.9596 -31.3952 1.39
      vertex 45.9596 -31.3952 0
    endloop
  endfacet
  facet normal 0.146942 -0.989145 0
    outer loop
      vertex 48.3952 -28.9596 0
      vertex 48.6961 -28.9149 1.39
      vertex 48.3952 -28.9596 1.39
    endloop
  endfacet
  facet normal 0.146942 -0.989145 0
    outer loop
      vertex 48.6961 -28.9149 1.39
      vertex 48.3952 -28.9596 0
      vertex 48.6961 -28.9149 0
    endloop
  endfacet
  facet normal 0.904072 0.42738 0
    outer loop
      vertex 46.266 -33.4613 1.39
      vertex 46.136 -33.1863 0
      vertex 46.136 -33.1863 1.39
    endloop
  endfacet
  facet normal 0.904072 0.42738 0
    outer loop
      vertex 46.136 -33.1863 0
      vertex 46.266 -33.4613 1.39
      vertex 46.266 -33.4613 0
    endloop
  endfacet
  facet normal -0.146942 0.989145 0
    outer loop
      vertex 49.6048 -35.0404 0
      vertex 49.3039 -35.0851 1.39
      vertex 49.6048 -35.0404 1.39
    endloop
  endfacet
  facet normal -0.146942 0.989145 0
    outer loop
      vertex 49.3039 -35.0851 1.39
      vertex 49.6048 -35.0404 0
      vertex 49.3039 -35.0851 0
    endloop
  endfacet
  facet normal 0.336961 0.941519 -0
    outer loop
      vertex 48.1001 -34.9665 0
      vertex 47.8137 -34.864 1.39
      vertex 48.1001 -34.9665 1.39
    endloop
  endfacet
  facet normal 0.336961 0.941519 0
    outer loop
      vertex 47.8137 -34.864 1.39
      vertex 48.1001 -34.9665 0
      vertex 47.8137 -34.864 0
    endloop
  endfacet
  facet normal 0.671576 0.740936 -0
    outer loop
      vertex 47.0334 -34.3963 0
      vertex 46.808 -34.192 1.39
      vertex 47.0334 -34.3963 1.39
    endloop
  endfacet
  facet normal 0.671576 0.740936 0
    outer loop
      vertex 46.808 -34.192 1.39
      vertex 47.0334 -34.3963 0
      vertex 46.808 -34.192 0
    endloop
  endfacet
  facet normal -0.671576 0.740936 0
    outer loop
      vertex 51.192 -34.192 0
      vertex 50.9666 -34.3963 1.39
      vertex 51.192 -34.192 1.39
    endloop
  endfacet
  facet normal -0.671576 0.740936 0
    outer loop
      vertex 50.9666 -34.3963 1.39
      vertex 51.192 -34.192 0
      vertex 50.9666 -34.3963 0
    endloop
  endfacet
  facet normal 0.970046 0.242922 0
    outer loop
      vertex 46.0335 -32.8999 1.39
      vertex 45.9596 -32.6048 0
      vertex 45.9596 -32.6048 1.39
    endloop
  endfacet
  facet normal 0.970046 0.242922 0
    outer loop
      vertex 45.9596 -32.6048 0
      vertex 46.0335 -32.8999 1.39
      vertex 46.0335 -32.8999 0
    endloop
  endfacet
  facet normal 0.740936 0.671576 0
    outer loop
      vertex 46.808 -34.192 1.39
      vertex 46.6037 -33.9666 0
      vertex 46.6037 -33.9666 1.39
    endloop
  endfacet
  facet normal 0.740936 0.671576 0
    outer loop
      vertex 46.6037 -33.9666 0
      vertex 46.808 -34.192 1.39
      vertex 46.808 -34.192 0
    endloop
  endfacet
  facet normal 0.989145 -0.146942 0
    outer loop
      vertex 45.9149 -31.6961 1.39
      vertex 45.9596 -31.3952 0
      vertex 45.9596 -31.3952 1.39
    endloop
  endfacet
  facet normal 0.989145 -0.146942 0
    outer loop
      vertex 45.9596 -31.3952 0
      vertex 45.9149 -31.6961 1.39
      vertex 45.9149 -31.6961 0
    endloop
  endfacet
  facet normal -0.242922 -0.970046 0
    outer loop
      vertex 49.6048 -28.9596 0
      vertex 49.8999 -29.0335 1.39
      vertex 49.6048 -28.9596 1.39
    endloop
  endfacet
  facet normal -0.242922 -0.970046 -0
    outer loop
      vertex 49.8999 -29.0335 1.39
      vertex 49.6048 -28.9596 0
      vertex 49.8999 -29.0335 0
    endloop
  endfacet
  facet normal 0.9988 0.0489705 0
    outer loop
      vertex 45.9149 -32.3039 1.39
      vertex 45.9 -32 0
      vertex 45.9 -32 1.39
    endloop
  endfacet
  facet normal 0.9988 0.0489705 0
    outer loop
      vertex 45.9 -32 0
      vertex 45.9149 -32.3039 1.39
      vertex 45.9149 -32.3039 0
    endloop
  endfacet
  facet normal 0.941519 -0.336961 0
    outer loop
      vertex 46.0335 -31.1001 1.39
      vertex 46.136 -30.8137 0
      vertex 46.136 -30.8137 1.39
    endloop
  endfacet
  facet normal 0.941519 -0.336961 0
    outer loop
      vertex 46.136 -30.8137 0
      vertex 46.0335 -31.1001 1.39
      vertex 46.0335 -31.1001 0
    endloop
  endfacet
  facet normal -0.595943 0.803027 0
    outer loop
      vertex 50.9666 -34.3963 0
      vertex 50.7223 -34.5776 1.39
      vertex 50.9666 -34.3963 1.39
    endloop
  endfacet
  facet normal -0.595943 0.803027 0
    outer loop
      vertex 50.7223 -34.5776 1.39
      vertex 50.9666 -34.3963 0
      vertex 50.7223 -34.5776 0
    endloop
  endfacet
  facet normal 0.803027 -0.595943 0
    outer loop
      vertex 46.4224 -30.2777 1.39
      vertex 46.6037 -30.0334 0
      vertex 46.6037 -30.0334 1.39
    endloop
  endfacet
  facet normal 0.803027 -0.595943 0
    outer loop
      vertex 46.6037 -30.0334 0
      vertex 46.4224 -30.2777 1.39
      vertex 46.4224 -30.2777 0
    endloop
  endfacet
  facet normal 0.514012 0.857783 -0
    outer loop
      vertex 47.5387 -34.734 0
      vertex 47.2777 -34.5776 1.39
      vertex 47.5387 -34.734 1.39
    endloop
  endfacet
  facet normal 0.514012 0.857783 0
    outer loop
      vertex 47.2777 -34.5776 1.39
      vertex 47.5387 -34.734 0
      vertex 47.2777 -34.5776 0
    endloop
  endfacet
  facet normal 0.904072 -0.42738 0
    outer loop
      vertex 46.136 -30.8137 1.39
      vertex 46.266 -30.5387 0
      vertex 46.266 -30.5387 1.39
    endloop
  endfacet
  facet normal 0.904072 -0.42738 0
    outer loop
      vertex 46.266 -30.5387 0
      vertex 46.136 -30.8137 1.39
      vertex 46.136 -30.8137 0
    endloop
  endfacet
  facet normal -0.904072 0.42738 0
    outer loop
      vertex 51.734 -33.4613 0
      vertex 51.864 -33.1863 1.39
      vertex 51.864 -33.1863 0
    endloop
  endfacet
  facet normal -0.904072 0.42738 0
    outer loop
      vertex 51.864 -33.1863 1.39
      vertex 51.734 -33.4613 0
      vertex 51.734 -33.4613 1.39
    endloop
  endfacet
  facet normal 0.0489705 0.9988 -0
    outer loop
      vertex 49 -35.1 0
      vertex 48.6961 -35.0851 1.39
      vertex 49 -35.1 1.39
    endloop
  endfacet
  facet normal 0.0489705 0.9988 0
    outer loop
      vertex 48.6961 -35.0851 1.39
      vertex 49 -35.1 0
      vertex 48.6961 -35.0851 0
    endloop
  endfacet
  facet normal 0.146942 0.989145 -0
    outer loop
      vertex 48.6961 -35.0851 0
      vertex 48.3952 -35.0404 1.39
      vertex 48.6961 -35.0851 1.39
    endloop
  endfacet
  facet normal 0.146942 0.989145 0
    outer loop
      vertex 48.3952 -35.0404 1.39
      vertex 48.6961 -35.0851 0
      vertex 48.3952 -35.0404 0
    endloop
  endfacet
  facet normal -0.146942 -0.989145 0
    outer loop
      vertex 49.3039 -28.9149 0
      vertex 49.6048 -28.9596 1.39
      vertex 49.3039 -28.9149 1.39
    endloop
  endfacet
  facet normal -0.146942 -0.989145 -0
    outer loop
      vertex 49.6048 -28.9596 1.39
      vertex 49.3039 -28.9149 0
      vertex 49.6048 -28.9596 0
    endloop
  endfacet
  facet normal 0.42738 0.904072 -0
    outer loop
      vertex 47.8137 -34.864 0
      vertex 47.5387 -34.734 1.39
      vertex 47.8137 -34.864 1.39
    endloop
  endfacet
  facet normal 0.42738 0.904072 0
    outer loop
      vertex 47.5387 -34.734 1.39
      vertex 47.8137 -34.864 0
      vertex 47.5387 -34.734 0
    endloop
  endfacet
  facet normal 0.740936 -0.671576 0
    outer loop
      vertex 46.6037 -30.0334 1.39
      vertex 46.808 -29.808 0
      vertex 46.808 -29.808 1.39
    endloop
  endfacet
  facet normal 0.740936 -0.671576 0
    outer loop
      vertex 46.808 -29.808 0
      vertex 46.6037 -30.0334 1.39
      vertex 46.6037 -30.0334 0
    endloop
  endfacet
  facet normal -0.671478 0.741024 0
    outer loop
      vertex 50.2021 30.7979 1.39
      vertex 50.0785 30.6859 2.4
      vertex 50.2021 30.7979 2.4
    endloop
  endfacet
  facet normal -0.671478 0.741024 0
    outer loop
      vertex 50.0785 30.6859 2.4
      vertex 50.2021 30.7979 1.39
      vertex 50.0785 30.6859 1.39
    endloop
  endfacet
  facet normal -0.989168 -0.146788 0
    outer loop
      vertex 50.6918 32.1666 1.39
      vertex 50.6673 32.3317 2.4
      vertex 50.6673 32.3317 1.39
    endloop
  endfacet
  facet normal -0.989168 -0.146788 0
    outer loop
      vertex 50.6673 32.3317 2.4
      vertex 50.6918 32.1666 1.39
      vertex 50.6918 32.1666 2.4
    endloop
  endfacet
  facet normal -0.998791 -0.0491602 0
    outer loop
      vertex 50.7 32 1.39
      vertex 50.6918 32.1666 2.4
      vertex 50.6918 32.1666 1.39
    endloop
  endfacet
  facet normal -0.998791 -0.0491602 0
    outer loop
      vertex 50.6918 32.1666 2.4
      vertex 50.7 32 1.39
      vertex 50.7 32 2.4
    endloop
  endfacet
  facet normal -0.970072 -0.242818 0
    outer loop
      vertex 50.6673 32.3317 1.39
      vertex 50.6268 32.4935 2.4
      vertex 50.6268 32.4935 1.39
    endloop
  endfacet
  facet normal -0.970072 -0.242818 0
    outer loop
      vertex 50.6268 32.4935 2.4
      vertex 50.6673 32.3317 1.39
      vertex 50.6673 32.3317 2.4
    endloop
  endfacet
  facet normal -0.427442 0.904043 0
    outer loop
      vertex 49.8014 30.5007 1.39
      vertex 49.6506 30.4294 2.4
      vertex 49.8014 30.5007 2.4
    endloop
  endfacet
  facet normal -0.427442 0.904043 0
    outer loop
      vertex 49.6506 30.4294 2.4
      vertex 49.8014 30.5007 1.39
      vertex 49.6506 30.4294 1.39
    endloop
  endfacet
  facet normal 0.0491602 -0.998791 0
    outer loop
      vertex 48.8334 33.6918 1.39
      vertex 49 33.7 2.4
      vertex 48.8334 33.6918 2.4
    endloop
  endfacet
  facet normal 0.0491602 -0.998791 0
    outer loop
      vertex 49 33.7 2.4
      vertex 48.8334 33.6918 1.39
      vertex 49 33.7 1.39
    endloop
  endfacet
  facet normal 0.427442 -0.904043 0
    outer loop
      vertex 48.1986 33.4993 1.39
      vertex 48.3494 33.5706 2.4
      vertex 48.1986 33.4993 2.4
    endloop
  endfacet
  facet normal 0.427442 -0.904043 0
    outer loop
      vertex 48.3494 33.5706 2.4
      vertex 48.1986 33.4993 1.39
      vertex 48.3494 33.5706 1.39
    endloop
  endfacet
  facet normal -0.741024 -0.671478 0
    outer loop
      vertex 50.3141 33.0785 1.39
      vertex 50.2021 33.2021 2.4
      vertex 50.2021 33.2021 1.39
    endloop
  endfacet
  facet normal -0.741024 -0.671478 0
    outer loop
      vertex 50.2021 33.2021 2.4
      vertex 50.3141 33.0785 1.39
      vertex 50.3141 33.0785 2.4
    endloop
  endfacet
  facet normal 0.146788 0.989168 -0
    outer loop
      vertex 48.8334 30.3082 1.39
      vertex 48.6683 30.3327 2.4
      vertex 48.8334 30.3082 2.4
    endloop
  endfacet
  facet normal 0.146788 0.989168 0
    outer loop
      vertex 48.6683 30.3327 2.4
      vertex 48.8334 30.3082 1.39
      vertex 48.6683 30.3327 1.39
    endloop
  endfacet
  facet normal -0.427442 -0.904043 0
    outer loop
      vertex 49.6506 33.5706 1.39
      vertex 49.8014 33.4993 2.4
      vertex 49.6506 33.5706 2.4
    endloop
  endfacet
  facet normal -0.427442 -0.904043 -0
    outer loop
      vertex 49.8014 33.4993 2.4
      vertex 49.6506 33.5706 1.39
      vertex 49.8014 33.4993 1.39
    endloop
  endfacet
  facet normal 0.146788 -0.989168 0
    outer loop
      vertex 48.6683 33.6673 1.39
      vertex 48.8334 33.6918 2.4
      vertex 48.6683 33.6673 2.4
    endloop
  endfacet
  facet normal 0.146788 -0.989168 0
    outer loop
      vertex 48.8334 33.6918 2.4
      vertex 48.6683 33.6673 1.39
      vertex 48.8334 33.6918 1.39
    endloop
  endfacet
  facet normal -0.242818 0.970072 0
    outer loop
      vertex 49.4935 30.3732 1.39
      vertex 49.3317 30.3327 2.4
      vertex 49.4935 30.3732 2.4
    endloop
  endfacet
  facet normal -0.242818 0.970072 0
    outer loop
      vertex 49.3317 30.3327 2.4
      vertex 49.4935 30.3732 1.39
      vertex 49.3317 30.3327 1.39
    endloop
  endfacet
  facet normal 0.595772 -0.803154 0
    outer loop
      vertex 47.9215 33.3141 1.39
      vertex 48.0555 33.4135 2.4
      vertex 47.9215 33.3141 2.4
    endloop
  endfacet
  facet normal 0.595772 -0.803154 0
    outer loop
      vertex 48.0555 33.4135 2.4
      vertex 47.9215 33.3141 1.39
      vertex 48.0555 33.4135 1.39
    endloop
  endfacet
  facet normal 0.904043 -0.427442 0
    outer loop
      vertex 47.4294 32.6506 2.4
      vertex 47.5007 32.8014 1.39
      vertex 47.5007 32.8014 2.4
    endloop
  endfacet
  facet normal 0.904043 -0.427442 0
    outer loop
      vertex 47.5007 32.8014 1.39
      vertex 47.4294 32.6506 2.4
      vertex 47.4294 32.6506 1.39
    endloop
  endfacet
  facet normal 0.427442 0.904043 -0
    outer loop
      vertex 48.3494 30.4294 1.39
      vertex 48.1986 30.5007 2.4
      vertex 48.3494 30.4294 2.4
    endloop
  endfacet
  facet normal 0.427442 0.904043 0
    outer loop
      vertex 48.1986 30.5007 2.4
      vertex 48.3494 30.4294 1.39
      vertex 48.1986 30.5007 1.39
    endloop
  endfacet
  facet normal -0.33683 0.941566 0
    outer loop
      vertex 49.6506 30.4294 1.39
      vertex 49.4935 30.3732 2.4
      vertex 49.6506 30.4294 2.4
    endloop
  endfacet
  facet normal -0.33683 0.941566 0
    outer loop
      vertex 49.4935 30.3732 2.4
      vertex 49.6506 30.4294 1.39
      vertex 49.4935 30.3732 1.39
    endloop
  endfacet
  facet normal 0.595772 0.803154 -0
    outer loop
      vertex 48.0555 30.5865 1.39
      vertex 47.9215 30.6859 2.4
      vertex 48.0555 30.5865 2.4
    endloop
  endfacet
  facet normal 0.595772 0.803154 0
    outer loop
      vertex 47.9215 30.6859 2.4
      vertex 48.0555 30.5865 1.39
      vertex 47.9215 30.6859 1.39
    endloop
  endfacet
  facet normal 0.904043 0.427442 0
    outer loop
      vertex 47.5007 31.1986 2.4
      vertex 47.4294 31.3494 1.39
      vertex 47.4294 31.3494 2.4
    endloop
  endfacet
  facet normal 0.904043 0.427442 0
    outer loop
      vertex 47.4294 31.3494 1.39
      vertex 47.5007 31.1986 2.4
      vertex 47.5007 31.1986 1.39
    endloop
  endfacet
  facet normal -0.514231 -0.857652 0
    outer loop
      vertex 49.8014 33.4993 1.39
      vertex 49.9445 33.4135 2.4
      vertex 49.8014 33.4993 2.4
    endloop
  endfacet
  facet normal -0.514231 -0.857652 -0
    outer loop
      vertex 49.9445 33.4135 2.4
      vertex 49.8014 33.4993 1.39
      vertex 49.9445 33.4135 1.39
    endloop
  endfacet
  facet normal -0.595772 0.803154 0
    outer loop
      vertex 50.0785 30.6859 1.39
      vertex 49.9445 30.5865 2.4
      vertex 50.0785 30.6859 2.4
    endloop
  endfacet
  facet normal -0.595772 0.803154 0
    outer loop
      vertex 49.9445 30.5865 2.4
      vertex 50.0785 30.6859 1.39
      vertex 49.9445 30.5865 1.39
    endloop
  endfacet
  facet normal 0.998791 0.0491602 0
    outer loop
      vertex 47.3082 31.8334 2.4
      vertex 47.3 32 1.39
      vertex 47.3 32 2.4
    endloop
  endfacet
  facet normal 0.998791 0.0491602 0
    outer loop
      vertex 47.3 32 1.39
      vertex 47.3082 31.8334 2.4
      vertex 47.3082 31.8334 1.39
    endloop
  endfacet
  facet normal -0.595772 -0.803154 0
    outer loop
      vertex 49.9445 33.4135 1.39
      vertex 50.0785 33.3141 2.4
      vertex 49.9445 33.4135 2.4
    endloop
  endfacet
  facet normal -0.595772 -0.803154 -0
    outer loop
      vertex 50.0785 33.3141 2.4
      vertex 49.9445 33.4135 1.39
      vertex 50.0785 33.3141 1.39
    endloop
  endfacet
  facet normal -0.970072 0.242818 0
    outer loop
      vertex 50.6268 31.5065 1.39
      vertex 50.6673 31.6683 2.4
      vertex 50.6673 31.6683 1.39
    endloop
  endfacet
  facet normal -0.970072 0.242818 0
    outer loop
      vertex 50.6673 31.6683 2.4
      vertex 50.6268 31.5065 1.39
      vertex 50.6268 31.5065 2.4
    endloop
  endfacet
  facet normal 0.941566 0.33683 0
    outer loop
      vertex 47.4294 31.3494 2.4
      vertex 47.3732 31.5065 1.39
      vertex 47.3732 31.5065 2.4
    endloop
  endfacet
  facet normal 0.941566 0.33683 0
    outer loop
      vertex 47.3732 31.5065 1.39
      vertex 47.4294 31.3494 2.4
      vertex 47.4294 31.3494 1.39
    endloop
  endfacet
  facet normal -0.242818 -0.970072 0
    outer loop
      vertex 49.3317 33.6673 1.39
      vertex 49.4935 33.6268 2.4
      vertex 49.3317 33.6673 2.4
    endloop
  endfacet
  facet normal -0.242818 -0.970072 -0
    outer loop
      vertex 49.4935 33.6268 2.4
      vertex 49.3317 33.6673 1.39
      vertex 49.4935 33.6268 1.39
    endloop
  endfacet
  facet normal 0.741024 -0.671478 0
    outer loop
      vertex 47.6859 33.0785 2.4
      vertex 47.7979 33.2021 1.39
      vertex 47.7979 33.2021 2.4
    endloop
  endfacet
  facet normal 0.741024 -0.671478 0
    outer loop
      vertex 47.7979 33.2021 1.39
      vertex 47.6859 33.0785 2.4
      vertex 47.6859 33.0785 1.39
    endloop
  endfacet
  facet normal -0.0491602 0.998791 0
    outer loop
      vertex 49.1666 30.3082 1.39
      vertex 49 30.3 2.4
      vertex 49.1666 30.3082 2.4
    endloop
  endfacet
  facet normal -0.0491602 0.998791 0
    outer loop
      vertex 49 30.3 2.4
      vertex 49.1666 30.3082 1.39
      vertex 49 30.3 1.39
    endloop
  endfacet
  facet normal -0.803154 -0.595772 0
    outer loop
      vertex 50.4135 32.9445 1.39
      vertex 50.3141 33.0785 2.4
      vertex 50.3141 33.0785 1.39
    endloop
  endfacet
  facet normal -0.803154 -0.595772 0
    outer loop
      vertex 50.3141 33.0785 2.4
      vertex 50.4135 32.9445 1.39
      vertex 50.4135 32.9445 2.4
    endloop
  endfacet
  facet normal 0.970072 0.242818 0
    outer loop
      vertex 47.3732 31.5065 2.4
      vertex 47.3327 31.6683 1.39
      vertex 47.3327 31.6683 2.4
    endloop
  endfacet
  facet normal 0.970072 0.242818 0
    outer loop
      vertex 47.3327 31.6683 1.39
      vertex 47.3732 31.5065 2.4
      vertex 47.3732 31.5065 1.39
    endloop
  endfacet
  facet normal -0.989168 0.146788 0
    outer loop
      vertex 50.6673 31.6683 1.39
      vertex 50.6918 31.8334 2.4
      vertex 50.6918 31.8334 1.39
    endloop
  endfacet
  facet normal -0.989168 0.146788 0
    outer loop
      vertex 50.6918 31.8334 2.4
      vertex 50.6673 31.6683 1.39
      vertex 50.6673 31.6683 2.4
    endloop
  endfacet
  facet normal -0.514231 0.857652 0
    outer loop
      vertex 49.9445 30.5865 1.39
      vertex 49.8014 30.5007 2.4
      vertex 49.9445 30.5865 2.4
    endloop
  endfacet
  facet normal -0.514231 0.857652 0
    outer loop
      vertex 49.8014 30.5007 2.4
      vertex 49.9445 30.5865 1.39
      vertex 49.8014 30.5007 1.39
    endloop
  endfacet
  facet normal 0.941566 -0.33683 0
    outer loop
      vertex 47.3732 32.4935 2.4
      vertex 47.4294 32.6506 1.39
      vertex 47.4294 32.6506 2.4
    endloop
  endfacet
  facet normal 0.941566 -0.33683 0
    outer loop
      vertex 47.4294 32.6506 1.39
      vertex 47.3732 32.4935 2.4
      vertex 47.3732 32.4935 1.39
    endloop
  endfacet
  facet normal -0.671478 -0.741024 0
    outer loop
      vertex 50.0785 33.3141 1.39
      vertex 50.2021 33.2021 2.4
      vertex 50.0785 33.3141 2.4
    endloop
  endfacet
  facet normal -0.671478 -0.741024 -0
    outer loop
      vertex 50.2021 33.2021 2.4
      vertex 50.0785 33.3141 1.39
      vertex 50.2021 33.2021 1.39
    endloop
  endfacet
  facet normal 0.989168 -0.146788 0
    outer loop
      vertex 47.3082 32.1666 2.4
      vertex 47.3327 32.3317 1.39
      vertex 47.3327 32.3317 2.4
    endloop
  endfacet
  facet normal 0.989168 -0.146788 0
    outer loop
      vertex 47.3327 32.3317 1.39
      vertex 47.3082 32.1666 2.4
      vertex 47.3082 32.1666 1.39
    endloop
  endfacet
  facet normal -0.904043 0.427442 0
    outer loop
      vertex 50.4993 31.1986 1.39
      vertex 50.5706 31.3494 2.4
      vertex 50.5706 31.3494 1.39
    endloop
  endfacet
  facet normal -0.904043 0.427442 0
    outer loop
      vertex 50.5706 31.3494 2.4
      vertex 50.4993 31.1986 1.39
      vertex 50.4993 31.1986 2.4
    endloop
  endfacet
  facet normal -0.33683 -0.941566 0
    outer loop
      vertex 49.4935 33.6268 1.39
      vertex 49.6506 33.5706 2.4
      vertex 49.4935 33.6268 2.4
    endloop
  endfacet
  facet normal -0.33683 -0.941566 -0
    outer loop
      vertex 49.6506 33.5706 2.4
      vertex 49.4935 33.6268 1.39
      vertex 49.6506 33.5706 1.39
    endloop
  endfacet
  facet normal -0.998791 0.0491602 0
    outer loop
      vertex 50.6918 31.8334 1.39
      vertex 50.7 32 2.4
      vertex 50.7 32 1.39
    endloop
  endfacet
  facet normal -0.998791 0.0491602 0
    outer loop
      vertex 50.7 32 2.4
      vertex 50.6918 31.8334 1.39
      vertex 50.6918 31.8334 2.4
    endloop
  endfacet
  facet normal -0.146788 0.989168 0
    outer loop
      vertex 49.3317 30.3327 1.39
      vertex 49.1666 30.3082 2.4
      vertex 49.3317 30.3327 2.4
    endloop
  endfacet
  facet normal -0.146788 0.989168 0
    outer loop
      vertex 49.1666 30.3082 2.4
      vertex 49.3317 30.3327 1.39
      vertex 49.1666 30.3082 1.39
    endloop
  endfacet
  facet normal -0.941566 -0.33683 0
    outer loop
      vertex 50.6268 32.4935 1.39
      vertex 50.5706 32.6506 2.4
      vertex 50.5706 32.6506 1.39
    endloop
  endfacet
  facet normal -0.941566 -0.33683 0
    outer loop
      vertex 50.5706 32.6506 2.4
      vertex 50.6268 32.4935 1.39
      vertex 50.6268 32.4935 2.4
    endloop
  endfacet
  facet normal -0.803154 0.595772 0
    outer loop
      vertex 50.3141 30.9215 1.39
      vertex 50.4135 31.0555 2.4
      vertex 50.4135 31.0555 1.39
    endloop
  endfacet
  facet normal -0.803154 0.595772 0
    outer loop
      vertex 50.4135 31.0555 2.4
      vertex 50.3141 30.9215 1.39
      vertex 50.3141 30.9215 2.4
    endloop
  endfacet
  facet normal -0.857652 0.514231 0
    outer loop
      vertex 50.4135 31.0555 1.39
      vertex 50.4993 31.1986 2.4
      vertex 50.4993 31.1986 1.39
    endloop
  endfacet
  facet normal -0.857652 0.514231 0
    outer loop
      vertex 50.4993 31.1986 2.4
      vertex 50.4135 31.0555 1.39
      vertex 50.4135 31.0555 2.4
    endloop
  endfacet
  facet normal 0.242818 -0.970072 0
    outer loop
      vertex 48.5065 33.6268 1.39
      vertex 48.6683 33.6673 2.4
      vertex 48.5065 33.6268 2.4
    endloop
  endfacet
  facet normal 0.242818 -0.970072 0
    outer loop
      vertex 48.6683 33.6673 2.4
      vertex 48.5065 33.6268 1.39
      vertex 48.6683 33.6673 1.39
    endloop
  endfacet
  facet normal -0.941566 0.33683 0
    outer loop
      vertex 50.5706 31.3494 1.39
      vertex 50.6268 31.5065 2.4
      vertex 50.6268 31.5065 1.39
    endloop
  endfacet
  facet normal -0.941566 0.33683 0
    outer loop
      vertex 50.6268 31.5065 2.4
      vertex 50.5706 31.3494 1.39
      vertex 50.5706 31.3494 2.4
    endloop
  endfacet
  facet normal -0.0491602 -0.998791 0
    outer loop
      vertex 49 33.7 1.39
      vertex 49.1666 33.6918 2.4
      vertex 49 33.7 2.4
    endloop
  endfacet
  facet normal -0.0491602 -0.998791 -0
    outer loop
      vertex 49.1666 33.6918 2.4
      vertex 49 33.7 1.39
      vertex 49.1666 33.6918 1.39
    endloop
  endfacet
  facet normal 0.514231 -0.857652 0
    outer loop
      vertex 48.0555 33.4135 1.39
      vertex 48.1986 33.4993 2.4
      vertex 48.0555 33.4135 2.4
    endloop
  endfacet
  facet normal 0.514231 -0.857652 0
    outer loop
      vertex 48.1986 33.4993 2.4
      vertex 48.0555 33.4135 1.39
      vertex 48.1986 33.4993 1.39
    endloop
  endfacet
  facet normal -0.904043 -0.427442 0
    outer loop
      vertex 50.5706 32.6506 1.39
      vertex 50.4993 32.8014 2.4
      vertex 50.4993 32.8014 1.39
    endloop
  endfacet
  facet normal -0.904043 -0.427442 0
    outer loop
      vertex 50.4993 32.8014 2.4
      vertex 50.5706 32.6506 1.39
      vertex 50.5706 32.6506 2.4
    endloop
  endfacet
  facet normal -0.146788 -0.989168 0
    outer loop
      vertex 49.1666 33.6918 1.39
      vertex 49.3317 33.6673 2.4
      vertex 49.1666 33.6918 2.4
    endloop
  endfacet
  facet normal -0.146788 -0.989168 -0
    outer loop
      vertex 49.3317 33.6673 2.4
      vertex 49.1666 33.6918 1.39
      vertex 49.3317 33.6673 1.39
    endloop
  endfacet
  facet normal 0.242818 0.970072 -0
    outer loop
      vertex 48.6683 30.3327 1.39
      vertex 48.5065 30.3732 2.4
      vertex 48.6683 30.3327 2.4
    endloop
  endfacet
  facet normal 0.242818 0.970072 0
    outer loop
      vertex 48.5065 30.3732 2.4
      vertex 48.6683 30.3327 1.39
      vertex 48.5065 30.3732 1.39
    endloop
  endfacet
  facet normal 0.857652 0.514231 0
    outer loop
      vertex 47.5865 31.0555 2.4
      vertex 47.5007 31.1986 1.39
      vertex 47.5007 31.1986 2.4
    endloop
  endfacet
  facet normal 0.857652 0.514231 0
    outer loop
      vertex 47.5007 31.1986 1.39
      vertex 47.5865 31.0555 2.4
      vertex 47.5865 31.0555 1.39
    endloop
  endfacet
  facet normal -0.857652 -0.514231 0
    outer loop
      vertex 50.4993 32.8014 1.39
      vertex 50.4135 32.9445 2.4
      vertex 50.4135 32.9445 1.39
    endloop
  endfacet
  facet normal -0.857652 -0.514231 0
    outer loop
      vertex 50.4135 32.9445 2.4
      vertex 50.4993 32.8014 1.39
      vertex 50.4993 32.8014 2.4
    endloop
  endfacet
  facet normal 0.33683 -0.941566 0
    outer loop
      vertex 48.3494 33.5706 1.39
      vertex 48.5065 33.6268 2.4
      vertex 48.3494 33.5706 2.4
    endloop
  endfacet
  facet normal 0.33683 -0.941566 0
    outer loop
      vertex 48.5065 33.6268 2.4
      vertex 48.3494 33.5706 1.39
      vertex 48.5065 33.6268 1.39
    endloop
  endfacet
  facet normal 0.741024 0.671478 0
    outer loop
      vertex 47.7979 30.7979 2.4
      vertex 47.6859 30.9215 1.39
      vertex 47.6859 30.9215 2.4
    endloop
  endfacet
  facet normal 0.741024 0.671478 0
    outer loop
      vertex 47.6859 30.9215 1.39
      vertex 47.7979 30.7979 2.4
      vertex 47.7979 30.7979 1.39
    endloop
  endfacet
  facet normal 0.671478 -0.741024 0
    outer loop
      vertex 47.7979 33.2021 1.39
      vertex 47.9215 33.3141 2.4
      vertex 47.7979 33.2021 2.4
    endloop
  endfacet
  facet normal 0.671478 -0.741024 0
    outer loop
      vertex 47.9215 33.3141 2.4
      vertex 47.7979 33.2021 1.39
      vertex 47.9215 33.3141 1.39
    endloop
  endfacet
  facet normal 0.514231 0.857652 -0
    outer loop
      vertex 48.1986 30.5007 1.39
      vertex 48.0555 30.5865 2.4
      vertex 48.1986 30.5007 2.4
    endloop
  endfacet
  facet normal 0.514231 0.857652 0
    outer loop
      vertex 48.0555 30.5865 2.4
      vertex 48.1986 30.5007 1.39
      vertex 48.0555 30.5865 1.39
    endloop
  endfacet
  facet normal 0.970072 -0.242818 0
    outer loop
      vertex 47.3327 32.3317 2.4
      vertex 47.3732 32.4935 1.39
      vertex 47.3732 32.4935 2.4
    endloop
  endfacet
  facet normal 0.970072 -0.242818 0
    outer loop
      vertex 47.3732 32.4935 1.39
      vertex 47.3327 32.3317 2.4
      vertex 47.3327 32.3317 1.39
    endloop
  endfacet
  facet normal 0.803154 0.595772 0
    outer loop
      vertex 47.6859 30.9215 2.4
      vertex 47.5865 31.0555 1.39
      vertex 47.5865 31.0555 2.4
    endloop
  endfacet
  facet normal 0.803154 0.595772 0
    outer loop
      vertex 47.5865 31.0555 1.39
      vertex 47.6859 30.9215 2.4
      vertex 47.6859 30.9215 1.39
    endloop
  endfacet
  facet normal 0.989168 0.146788 0
    outer loop
      vertex 47.3327 31.6683 2.4
      vertex 47.3082 31.8334 1.39
      vertex 47.3082 31.8334 2.4
    endloop
  endfacet
  facet normal 0.989168 0.146788 0
    outer loop
      vertex 47.3082 31.8334 1.39
      vertex 47.3327 31.6683 2.4
      vertex 47.3327 31.6683 1.39
    endloop
  endfacet
  facet normal 0.671478 0.741024 -0
    outer loop
      vertex 47.9215 30.6859 1.39
      vertex 47.7979 30.7979 2.4
      vertex 47.9215 30.6859 2.4
    endloop
  endfacet
  facet normal 0.671478 0.741024 0
    outer loop
      vertex 47.7979 30.7979 2.4
      vertex 47.9215 30.6859 1.39
      vertex 47.7979 30.7979 1.39
    endloop
  endfacet
  facet normal 0.803154 -0.595772 0
    outer loop
      vertex 47.5865 32.9445 2.4
      vertex 47.6859 33.0785 1.39
      vertex 47.6859 33.0785 2.4
    endloop
  endfacet
  facet normal 0.803154 -0.595772 0
    outer loop
      vertex 47.6859 33.0785 1.39
      vertex 47.5865 32.9445 2.4
      vertex 47.5865 32.9445 1.39
    endloop
  endfacet
  facet normal 0.857652 -0.514231 0
    outer loop
      vertex 47.5007 32.8014 2.4
      vertex 47.5865 32.9445 1.39
      vertex 47.5865 32.9445 2.4
    endloop
  endfacet
  facet normal 0.857652 -0.514231 0
    outer loop
      vertex 47.5865 32.9445 1.39
      vertex 47.5007 32.8014 2.4
      vertex 47.5007 32.8014 1.39
    endloop
  endfacet
  facet normal 0.0491602 0.998791 -0
    outer loop
      vertex 49 30.3 1.39
      vertex 48.8334 30.3082 2.4
      vertex 49 30.3 2.4
    endloop
  endfacet
  facet normal 0.0491602 0.998791 0
    outer loop
      vertex 48.8334 30.3082 2.4
      vertex 49 30.3 1.39
      vertex 48.8334 30.3082 1.39
    endloop
  endfacet
  facet normal 0.998791 -0.0491602 0
    outer loop
      vertex 47.3 32 2.4
      vertex 47.3082 32.1666 1.39
      vertex 47.3082 32.1666 2.4
    endloop
  endfacet
  facet normal 0.998791 -0.0491602 0
    outer loop
      vertex 47.3082 32.1666 1.39
      vertex 47.3 32 2.4
      vertex 47.3 32 1.39
    endloop
  endfacet
  facet normal 0.33683 0.941566 -0
    outer loop
      vertex 48.5065 30.3732 1.39
      vertex 48.3494 30.4294 2.4
      vertex 48.5065 30.3732 2.4
    endloop
  endfacet
  facet normal 0.33683 0.941566 0
    outer loop
      vertex 48.3494 30.4294 2.4
      vertex 48.5065 30.3732 1.39
      vertex 48.3494 30.4294 1.39
    endloop
  endfacet
  facet normal -0.741024 0.671478 0
    outer loop
      vertex 50.2021 30.7979 1.39
      vertex 50.3141 30.9215 2.4
      vertex 50.3141 30.9215 1.39
    endloop
  endfacet
  facet normal -0.741024 0.671478 0
    outer loop
      vertex 50.3141 30.9215 2.4
      vertex 50.2021 30.7979 1.39
      vertex 50.2021 30.7979 2.4
    endloop
  endfacet
  facet normal -0.989145 -0.146942 0
    outer loop
      vertex 52.0851 32.3039 0
      vertex 52.0404 32.6048 1.39
      vertex 52.0404 32.6048 0
    endloop
  endfacet
  facet normal -0.989145 -0.146942 0
    outer loop
      vertex 52.0404 32.6048 1.39
      vertex 52.0851 32.3039 0
      vertex 52.0851 32.3039 1.39
    endloop
  endfacet
  facet normal -0.9988 -0.0489705 0
    outer loop
      vertex 52.1 32 0
      vertex 52.0851 32.3039 1.39
      vertex 52.0851 32.3039 0
    endloop
  endfacet
  facet normal -0.9988 -0.0489705 0
    outer loop
      vertex 52.0851 32.3039 1.39
      vertex 52.1 32 0
      vertex 52.1 32 1.39
    endloop
  endfacet
  facet normal -0.970046 -0.242922 0
    outer loop
      vertex 52.0404 32.6048 0
      vertex 51.9665 32.8999 1.39
      vertex 51.9665 32.8999 0
    endloop
  endfacet
  facet normal -0.970046 -0.242922 0
    outer loop
      vertex 51.9665 32.8999 1.39
      vertex 52.0404 32.6048 0
      vertex 52.0404 32.6048 1.39
    endloop
  endfacet
  facet normal -0.803027 0.595943 0
    outer loop
      vertex 51.3963 30.0334 0
      vertex 51.5776 30.2777 1.39
      vertex 51.5776 30.2777 0
    endloop
  endfacet
  facet normal -0.803027 0.595943 0
    outer loop
      vertex 51.5776 30.2777 1.39
      vertex 51.3963 30.0334 0
      vertex 51.3963 30.0334 1.39
    endloop
  endfacet
  facet normal -0.0489705 0.9988 0
    outer loop
      vertex 49.3039 28.9149 0
      vertex 49 28.9 1.39
      vertex 49.3039 28.9149 1.39
    endloop
  endfacet
  facet normal -0.0489705 0.9988 0
    outer loop
      vertex 49 28.9 1.39
      vertex 49.3039 28.9149 0
      vertex 49 28.9 0
    endloop
  endfacet
  facet normal -0.514012 0.857783 0
    outer loop
      vertex 50.7223 29.4224 0
      vertex 50.4613 29.266 1.39
      vertex 50.7223 29.4224 1.39
    endloop
  endfacet
  facet normal -0.514012 0.857783 0
    outer loop
      vertex 50.4613 29.266 1.39
      vertex 50.7223 29.4224 0
      vertex 50.4613 29.266 0
    endloop
  endfacet
  facet normal 0.42738 -0.904072 0
    outer loop
      vertex 47.5387 34.734 0
      vertex 47.8137 34.864 1.39
      vertex 47.5387 34.734 1.39
    endloop
  endfacet
  facet normal 0.42738 -0.904072 0
    outer loop
      vertex 47.8137 34.864 1.39
      vertex 47.5387 34.734 0
      vertex 47.8137 34.864 0
    endloop
  endfacet
  facet normal -0.514012 -0.857783 0
    outer loop
      vertex 50.4613 34.734 0
      vertex 50.7223 34.5776 1.39
      vertex 50.4613 34.734 1.39
    endloop
  endfacet
  facet normal -0.514012 -0.857783 -0
    outer loop
      vertex 50.7223 34.5776 1.39
      vertex 50.4613 34.734 0
      vertex 50.7223 34.5776 0
    endloop
  endfacet
  facet normal 0.0489705 -0.9988 0
    outer loop
      vertex 48.6961 35.0851 0
      vertex 49 35.1 1.39
      vertex 48.6961 35.0851 1.39
    endloop
  endfacet
  facet normal 0.0489705 -0.9988 0
    outer loop
      vertex 49 35.1 1.39
      vertex 48.6961 35.0851 0
      vertex 49 35.1 0
    endloop
  endfacet
  facet normal 0.803027 0.595943 0
    outer loop
      vertex 46.6037 30.0334 1.39
      vertex 46.4224 30.2777 0
      vertex 46.4224 30.2777 1.39
    endloop
  endfacet
  facet normal 0.803027 0.595943 0
    outer loop
      vertex 46.4224 30.2777 0
      vertex 46.6037 30.0334 1.39
      vertex 46.6037 30.0334 0
    endloop
  endfacet
  facet normal -0.941519 -0.336961 0
    outer loop
      vertex 51.9665 32.8999 0
      vertex 51.864 33.1863 1.39
      vertex 51.864 33.1863 0
    endloop
  endfacet
  facet normal -0.941519 -0.336961 0
    outer loop
      vertex 51.864 33.1863 1.39
      vertex 51.9665 32.8999 0
      vertex 51.9665 32.8999 1.39
    endloop
  endfacet
  facet normal -0.941519 0.336961 0
    outer loop
      vertex 51.864 30.8137 0
      vertex 51.9665 31.1001 1.39
      vertex 51.9665 31.1001 0
    endloop
  endfacet
  facet normal -0.941519 0.336961 0
    outer loop
      vertex 51.9665 31.1001 1.39
      vertex 51.864 30.8137 0
      vertex 51.864 30.8137 1.39
    endloop
  endfacet
  facet normal 0.857783 0.514012 0
    outer loop
      vertex 46.4224 30.2777 1.39
      vertex 46.266 30.5387 0
      vertex 46.266 30.5387 1.39
    endloop
  endfacet
  facet normal 0.857783 0.514012 0
    outer loop
      vertex 46.266 30.5387 0
      vertex 46.4224 30.2777 1.39
      vertex 46.4224 30.2777 0
    endloop
  endfacet
  facet normal -0.242922 0.970046 0
    outer loop
      vertex 49.8999 29.0335 0
      vertex 49.6048 28.9596 1.39
      vertex 49.8999 29.0335 1.39
    endloop
  endfacet
  facet normal -0.242922 0.970046 0
    outer loop
      vertex 49.6048 28.9596 1.39
      vertex 49.8999 29.0335 0
      vertex 49.6048 28.9596 0
    endloop
  endfacet
  facet normal -0.9988 0.0489705 0
    outer loop
      vertex 52.0851 31.6961 0
      vertex 52.1 32 1.39
      vertex 52.1 32 0
    endloop
  endfacet
  facet normal -0.9988 0.0489705 0
    outer loop
      vertex 52.1 32 1.39
      vertex 52.0851 31.6961 0
      vertex 52.0851 31.6961 1.39
    endloop
  endfacet
  facet normal 0.595943 0.803027 -0
    outer loop
      vertex 47.2777 29.4224 0
      vertex 47.0334 29.6037 1.39
      vertex 47.2777 29.4224 1.39
    endloop
  endfacet
  facet normal 0.595943 0.803027 0
    outer loop
      vertex 47.0334 29.6037 1.39
      vertex 47.2777 29.4224 0
      vertex 47.0334 29.6037 0
    endloop
  endfacet
  facet normal 0.989145 0.146942 0
    outer loop
      vertex 45.9596 31.3952 1.39
      vertex 45.9149 31.6961 0
      vertex 45.9149 31.6961 1.39
    endloop
  endfacet
  facet normal 0.989145 0.146942 0
    outer loop
      vertex 45.9149 31.6961 0
      vertex 45.9596 31.3952 1.39
      vertex 45.9596 31.3952 0
    endloop
  endfacet
  facet normal 0.595943 -0.803027 0
    outer loop
      vertex 47.0334 34.3963 0
      vertex 47.2777 34.5776 1.39
      vertex 47.0334 34.3963 1.39
    endloop
  endfacet
  facet normal 0.595943 -0.803027 0
    outer loop
      vertex 47.2777 34.5776 1.39
      vertex 47.0334 34.3963 0
      vertex 47.2777 34.5776 0
    endloop
  endfacet
  facet normal -0.595943 -0.803027 0
    outer loop
      vertex 50.7223 34.5776 0
      vertex 50.9666 34.3963 1.39
      vertex 50.7223 34.5776 1.39
    endloop
  endfacet
  facet normal -0.595943 -0.803027 -0
    outer loop
      vertex 50.9666 34.3963 1.39
      vertex 50.7223 34.5776 0
      vertex 50.9666 34.3963 0
    endloop
  endfacet
  facet normal -0.740936 0.671576 0
    outer loop
      vertex 51.192 29.808 0
      vertex 51.3963 30.0334 1.39
      vertex 51.3963 30.0334 0
    endloop
  endfacet
  facet normal -0.740936 0.671576 0
    outer loop
      vertex 51.3963 30.0334 1.39
      vertex 51.192 29.808 0
      vertex 51.192 29.808 1.39
    endloop
  endfacet
  facet normal 0.941519 0.336961 0
    outer loop
      vertex 46.136 30.8137 1.39
      vertex 46.0335 31.1001 0
      vertex 46.0335 31.1001 1.39
    endloop
  endfacet
  facet normal 0.941519 0.336961 0
    outer loop
      vertex 46.0335 31.1001 0
      vertex 46.136 30.8137 1.39
      vertex 46.136 30.8137 0
    endloop
  endfacet
  facet normal -0.989145 0.146942 0
    outer loop
      vertex 52.0404 31.3952 0
      vertex 52.0851 31.6961 1.39
      vertex 52.0851 31.6961 0
    endloop
  endfacet
  facet normal -0.989145 0.146942 0
    outer loop
      vertex 52.0851 31.6961 1.39
      vertex 52.0404 31.3952 0
      vertex 52.0404 31.3952 1.39
    endloop
  endfacet
  facet normal 0.857783 -0.514012 0
    outer loop
      vertex 46.266 33.4613 1.39
      vertex 46.4224 33.7223 0
      vertex 46.4224 33.7223 1.39
    endloop
  endfacet
  facet normal 0.857783 -0.514012 0
    outer loop
      vertex 46.4224 33.7223 0
      vertex 46.266 33.4613 1.39
      vertex 46.266 33.4613 0
    endloop
  endfacet
  facet normal -0.970046 0.242922 0
    outer loop
      vertex 51.9665 31.1001 0
      vertex 52.0404 31.3952 1.39
      vertex 52.0404 31.3952 0
    endloop
  endfacet
  facet normal -0.970046 0.242922 0
    outer loop
      vertex 52.0404 31.3952 1.39
      vertex 51.9665 31.1001 0
      vertex 51.9665 31.1001 1.39
    endloop
  endfacet
  facet normal -0.42738 0.904072 0
    outer loop
      vertex 50.4613 29.266 0
      vertex 50.1863 29.136 1.39
      vertex 50.4613 29.266 1.39
    endloop
  endfacet
  facet normal -0.42738 0.904072 0
    outer loop
      vertex 50.1863 29.136 1.39
      vertex 50.4613 29.266 0
      vertex 50.1863 29.136 0
    endloop
  endfacet
  facet normal 0 0 -1
    outer loop
      vertex 50.7 32 1.39
      vertex 52.1 32 1.39
      vertex 52.0851 31.6961 1.39
    endloop
  endfacet
  facet normal 0 0 -1
    outer loop
      vertex 50.6918 31.8334 1.39
      vertex 52.0851 31.6961 1.39
      vertex 52.0404 31.3952 1.39
    endloop
  endfacet
  facet normal 0 0 -1
    outer loop
      vertex 52.1 32 1.39
      vertex 50.7 32 1.39
      vertex 52.0851 32.3039 1.39
    endloop
  endfacet
  facet normal 0 0 -1
    outer loop
      vertex 50.6673 31.6683 1.39
      vertex 52.0404 31.3952 1.39
      vertex 51.9665 31.1001 1.39
    endloop
  endfacet
  facet normal 0 0 -1
    outer loop
      vertex 50.6918 32.1666 1.39
      vertex 52.0851 32.3039 1.39
      vertex 50.7 32 1.39
    endloop
  endfacet
  facet normal 0 0 -1
    outer loop
      vertex 50.6268 31.5065 1.39
      vertex 51.9665 31.1001 1.39
      vertex 51.864 30.8137 1.39
    endloop
  endfacet
  facet normal -0 0 -1
    outer loop
      vertex 52.0851 32.3039 1.39
      vertex 50.6918 32.1666 1.39
      vertex 52.0404 32.6048 1.39
    endloop
  endfacet
  facet normal 0 0 -1
    outer loop
      vertex 50.5706 31.3494 1.39
      vertex 51.864 30.8137 1.39
      vertex 51.734 30.5387 1.39
    endloop
  endfacet
  facet normal 0 0 -1
    outer loop
      vertex 50.6673 32.3317 1.39
      vertex 52.0404 32.6048 1.39
      vertex 50.6918 32.1666 1.39
    endloop
  endfacet
  facet normal 0 0 -1
    outer loop
      vertex 50.4993 31.1986 1.39
      vertex 51.734 30.5387 1.39
      vertex 51.5776 30.2777 1.39
    endloop
  endfacet
  facet normal -0 0 -1
    outer loop
      vertex 52.0404 32.6048 1.39
      vertex 50.6673 32.3317 1.39
      vertex 51.9665 32.8999 1.39
    endloop
  endfacet
  facet normal 0 0 -1
    outer loop
      vertex 50.4135 31.0555 1.39
      vertex 51.5776 30.2777 1.39
      vertex 51.3963 30.0334 1.39
    endloop
  endfacet
  facet normal 0 0 -1
    outer loop
      vertex 50.6268 32.4935 1.39
      vertex 51.9665 32.8999 1.39
      vertex 50.6673 32.3317 1.39
    endloop
  endfacet
  facet normal 0 0 -1
    outer loop
      vertex 50.3141 30.9215 1.39
      vertex 51.3963 30.0334 1.39
      vertex 51.192 29.808 1.39
    endloop
  endfacet
  facet normal -0 0 -1
    outer loop
      vertex 51.9665 32.8999 1.39
      vertex 50.6268 32.4935 1.39
      vertex 51.864 33.1863 1.39
    endloop
  endfacet
  facet normal 0 0 -1
    outer loop
      vertex 50.2021 30.7979 1.39
      vertex 51.192 29.808 1.39
      vertex 50.9666 29.6037 1.39
    endloop
  endfacet
  facet normal 0 0 -1
    outer loop
      vertex 50.5706 32.6506 1.39
      vertex 51.864 33.1863 1.39
      vertex 50.6268 32.4935 1.39
    endloop
  endfacet
  facet normal 0 0 -1
    outer loop
      vertex 50.0785 30.6859 1.39
      vertex 50.9666 29.6037 1.39
      vertex 50.7223 29.4224 1.39
    endloop
  endfacet
  facet normal -0 0 -1
    outer loop
      vertex 51.864 33.1863 1.39
      vertex 50.5706 32.6506 1.39
      vertex 51.734 33.4613 1.39
    endloop
  endfacet
  facet normal 0 0 -1
    outer loop
      vertex 50.4993 32.8014 1.39
      vertex 51.734 33.4613 1.39
      vertex 50.5706 32.6506 1.39
    endloop
  endfacet
  facet normal 0 0 -1
    outer loop
      vertex 52.0851 31.6961 1.39
      vertex 50.6918 31.8334 1.39
      vertex 50.7 32 1.39
    endloop
  endfacet
  facet normal 0 0 -1
    outer loop
      vertex 52.0404 31.3952 1.39
      vertex 50.6673 31.6683 1.39
      vertex 50.6918 31.8334 1.39
    endloop
  endfacet
  facet normal 0 0 -1
    outer loop
      vertex 51.9665 31.1001 1.39
      vertex 50.6268 31.5065 1.39
      vertex 50.6673 31.6683 1.39
    endloop
  endfacet
  facet normal 0 0 -1
    outer loop
      vertex 51.864 30.8137 1.39
      vertex 50.5706 31.3494 1.39
      vertex 50.6268 31.5065 1.39
    endloop
  endfacet
  facet normal 0 0 -1
    outer loop
      vertex 51.734 30.5387 1.39
      vertex 50.4993 31.1986 1.39
      vertex 50.5706 31.3494 1.39
    endloop
  endfacet
  facet normal 0 0 -1
    outer loop
      vertex 49.9445 30.5865 1.39
      vertex 50.7223 29.4224 1.39
      vertex 50.4613 29.266 1.39
    endloop
  endfacet
  facet normal 0 0 -1
    outer loop
      vertex 51.5776 30.2777 1.39
      vertex 50.4135 31.0555 1.39
      vertex 50.4993 31.1986 1.39
    endloop
  endfacet
  facet normal 0 0 -1
    outer loop
      vertex 51.3963 30.0334 1.39
      vertex 50.3141 30.9215 1.39
      vertex 50.4135 31.0555 1.39
    endloop
  endfacet
  facet normal 0 0 -1
    outer loop
      vertex 51.192 29.808 1.39
      vertex 50.2021 30.7979 1.39
      vertex 50.3141 30.9215 1.39
    endloop
  endfacet
  facet normal 0 0 -1
    outer loop
      vertex 49.8014 30.5007 1.39
      vertex 50.4613 29.266 1.39
      vertex 50.1863 29.136 1.39
    endloop
  endfacet
  facet normal 0 0 -1
    outer loop
      vertex 50.9666 29.6037 1.39
      vertex 50.0785 30.6859 1.39
      vertex 50.2021 30.7979 1.39
    endloop
  endfacet
  facet normal 0 0 -1
    outer loop
      vertex 50.7223 29.4224 1.39
      vertex 49.9445 30.5865 1.39
      vertex 50.0785 30.6859 1.39
    endloop
  endfacet
  facet normal 0 0 -1
    outer loop
      vertex 49.6506 30.4294 1.39
      vertex 50.1863 29.136 1.39
      vertex 49.8999 29.0335 1.39
    endloop
  endfacet
  facet normal 0 0 -1
    outer loop
      vertex 50.4613 29.266 1.39
      vertex 49.8014 30.5007 1.39
      vertex 49.9445 30.5865 1.39
    endloop
  endfacet
  facet normal 0 0 -1
    outer loop
      vertex 50.1863 29.136 1.39
      vertex 49.6506 30.4294 1.39
      vertex 49.8014 30.5007 1.39
    endloop
  endfacet
  facet normal 0 0 -1
    outer loop
      vertex 49.4935 30.3732 1.39
      vertex 49.8999 29.0335 1.39
      vertex 49.6048 28.9596 1.39
    endloop
  endfacet
  facet normal 0 0 -1
    outer loop
      vertex 49.8999 29.0335 1.39
      vertex 49.4935 30.3732 1.39
      vertex 49.6506 30.4294 1.39
    endloop
  endfacet
  facet normal 0 0 -1
    outer loop
      vertex 49.6048 28.9596 1.39
      vertex 49.3317 30.3327 1.39
      vertex 49.4935 30.3732 1.39
    endloop
  endfacet
  facet normal 0 0 -1
    outer loop
      vertex 49.3039 28.9149 1.39
      vertex 49.3317 30.3327 1.39
      vertex 49.6048 28.9596 1.39
    endloop
  endfacet
  facet normal 0 0 -1
    outer loop
      vertex 49.3039 28.9149 1.39
      vertex 49.1666 30.3082 1.39
      vertex 49.3317 30.3327 1.39
    endloop
  endfacet
  facet normal 0 0 -1
    outer loop
      vertex 49 28.9 1.39
      vertex 49.1666 30.3082 1.39
      vertex 49.3039 28.9149 1.39
    endloop
  endfacet
  facet normal 0 0 -1
    outer loop
      vertex 49 28.9 1.39
      vertex 49 30.3 1.39
      vertex 49.1666 30.3082 1.39
    endloop
  endfacet
  facet normal 0 0 -1
    outer loop
      vertex 49 28.9 1.39
      vertex 48.8334 30.3082 1.39
      vertex 49 30.3 1.39
    endloop
  endfacet
  facet normal 0 0 -1
    outer loop
      vertex 48.6961 28.9149 1.39
      vertex 48.8334 30.3082 1.39
      vertex 49 28.9 1.39
    endloop
  endfacet
  facet normal 0 0 -1
    outer loop
      vertex 48.6961 28.9149 1.39
      vertex 48.6683 30.3327 1.39
      vertex 48.8334 30.3082 1.39
    endloop
  endfacet
  facet normal 0 0 -1
    outer loop
      vertex 48.3952 28.9596 1.39
      vertex 48.6683 30.3327 1.39
      vertex 48.6961 28.9149 1.39
    endloop
  endfacet
  facet normal -0 0 -1
    outer loop
      vertex 48.6683 30.3327 1.39
      vertex 48.3952 28.9596 1.39
      vertex 48.5065 30.3732 1.39
    endloop
  endfacet
  facet normal 0 0 -1
    outer loop
      vertex 48.1001 29.0335 1.39
      vertex 48.5065 30.3732 1.39
      vertex 48.3952 28.9596 1.39
    endloop
  endfacet
  facet normal -0 0 -1
    outer loop
      vertex 48.5065 30.3732 1.39
      vertex 48.1001 29.0335 1.39
      vertex 48.3494 30.4294 1.39
    endloop
  endfacet
  facet normal 0 0 -1
    outer loop
      vertex 47.8137 29.136 1.39
      vertex 48.3494 30.4294 1.39
      vertex 48.1001 29.0335 1.39
    endloop
  endfacet
  facet normal -0 0 -1
    outer loop
      vertex 48.3494 30.4294 1.39
      vertex 47.8137 29.136 1.39
      vertex 48.1986 30.5007 1.39
    endloop
  endfacet
  facet normal 0 0 -1
    outer loop
      vertex 47.5387 29.266 1.39
      vertex 48.1986 30.5007 1.39
      vertex 47.8137 29.136 1.39
    endloop
  endfacet
  facet normal -0 0 -1
    outer loop
      vertex 48.1986 30.5007 1.39
      vertex 47.5387 29.266 1.39
      vertex 48.0555 30.5865 1.39
    endloop
  endfacet
  facet normal 0 0 -1
    outer loop
      vertex 47.2777 29.4224 1.39
      vertex 48.0555 30.5865 1.39
      vertex 47.5387 29.266 1.39
    endloop
  endfacet
  facet normal -0 0 -1
    outer loop
      vertex 48.0555 30.5865 1.39
      vertex 47.2777 29.4224 1.39
      vertex 47.9215 30.6859 1.39
    endloop
  endfacet
  facet normal 0 0 -1
    outer loop
      vertex 47.0334 29.6037 1.39
      vertex 47.9215 30.6859 1.39
      vertex 47.2777 29.4224 1.39
    endloop
  endfacet
  facet normal -0 0 -1
    outer loop
      vertex 47.9215 30.6859 1.39
      vertex 47.0334 29.6037 1.39
      vertex 47.7979 30.7979 1.39
    endloop
  endfacet
  facet normal 0 0 -1
    outer loop
      vertex 46.808 29.808 1.39
      vertex 47.7979 30.7979 1.39
      vertex 47.0334 29.6037 1.39
    endloop
  endfacet
  facet normal -0 0 -1
    outer loop
      vertex 47.7979 30.7979 1.39
      vertex 46.808 29.808 1.39
      vertex 47.6859 30.9215 1.39
    endloop
  endfacet
  facet normal 0 0 -1
    outer loop
      vertex 46.6037 30.0334 1.39
      vertex 47.6859 30.9215 1.39
      vertex 46.808 29.808 1.39
    endloop
  endfacet
  facet normal -0 0 -1
    outer loop
      vertex 47.6859 30.9215 1.39
      vertex 46.6037 30.0334 1.39
      vertex 47.5865 31.0555 1.39
    endloop
  endfacet
  facet normal 0 0 -1
    outer loop
      vertex 46.4224 30.2777 1.39
      vertex 47.5865 31.0555 1.39
      vertex 46.6037 30.0334 1.39
    endloop
  endfacet
  facet normal 0 0 -1
    outer loop
      vertex 46.266 30.5387 1.39
      vertex 47.5007 31.1986 1.39
      vertex 46.4224 30.2777 1.39
    endloop
  endfacet
  facet normal -0 0 -1
    outer loop
      vertex 47.5865 31.0555 1.39
      vertex 46.4224 30.2777 1.39
      vertex 47.5007 31.1986 1.39
    endloop
  endfacet
  facet normal -0 0 -1
    outer loop
      vertex 51.734 33.4613 1.39
      vertex 50.4993 32.8014 1.39
      vertex 51.5776 33.7223 1.39
    endloop
  endfacet
  facet normal 0 0 -1
    outer loop
      vertex 50.4135 32.9445 1.39
      vertex 51.5776 33.7223 1.39
      vertex 50.4993 32.8014 1.39
    endloop
  endfacet
  facet normal -0 0 -1
    outer loop
      vertex 51.5776 33.7223 1.39
      vertex 50.4135 32.9445 1.39
      vertex 51.3963 33.9666 1.39
    endloop
  endfacet
  facet normal 0 0 -1
    outer loop
      vertex 50.3141 33.0785 1.39
      vertex 51.3963 33.9666 1.39
      vertex 50.4135 32.9445 1.39
    endloop
  endfacet
  facet normal -0 0 -1
    outer loop
      vertex 51.3963 33.9666 1.39
      vertex 50.3141 33.0785 1.39
      vertex 51.192 34.192 1.39
    endloop
  endfacet
  facet normal 0 0 -1
    outer loop
      vertex 50.2021 33.2021 1.39
      vertex 51.192 34.192 1.39
      vertex 50.3141 33.0785 1.39
    endloop
  endfacet
  facet normal -0 0 -1
    outer loop
      vertex 51.192 34.192 1.39
      vertex 50.2021 33.2021 1.39
      vertex 50.9666 34.3963 1.39
    endloop
  endfacet
  facet normal 0 0 -1
    outer loop
      vertex 50.0785 33.3141 1.39
      vertex 50.9666 34.3963 1.39
      vertex 50.2021 33.2021 1.39
    endloop
  endfacet
  facet normal -0 0 -1
    outer loop
      vertex 50.9666 34.3963 1.39
      vertex 50.0785 33.3141 1.39
      vertex 50.7223 34.5776 1.39
    endloop
  endfacet
  facet normal 0 0 -1
    outer loop
      vertex 49.9445 33.4135 1.39
      vertex 50.7223 34.5776 1.39
      vertex 50.0785 33.3141 1.39
    endloop
  endfacet
  facet normal -0 0 -1
    outer loop
      vertex 50.7223 34.5776 1.39
      vertex 49.9445 33.4135 1.39
      vertex 50.4613 34.734 1.39
    endloop
  endfacet
  facet normal 0 0 -1
    outer loop
      vertex 49.8014 33.4993 1.39
      vertex 50.4613 34.734 1.39
      vertex 49.9445 33.4135 1.39
    endloop
  endfacet
  facet normal -0 0 -1
    outer loop
      vertex 50.4613 34.734 1.39
      vertex 49.8014 33.4993 1.39
      vertex 50.1863 34.864 1.39
    endloop
  endfacet
  facet normal 0 0 -1
    outer loop
      vertex 49.6506 33.5706 1.39
      vertex 50.1863 34.864 1.39
      vertex 49.8014 33.4993 1.39
    endloop
  endfacet
  facet normal -0 0 -1
    outer loop
      vertex 50.1863 34.864 1.39
      vertex 49.6506 33.5706 1.39
      vertex 49.8999 34.9665 1.39
    endloop
  endfacet
  facet normal 0 0 -1
    outer loop
      vertex 49.4935 33.6268 1.39
      vertex 49.8999 34.9665 1.39
      vertex 49.6506 33.5706 1.39
    endloop
  endfacet
  facet normal -0 0 -1
    outer loop
      vertex 49.8999 34.9665 1.39
      vertex 49.4935 33.6268 1.39
      vertex 49.6048 35.0404 1.39
    endloop
  endfacet
  facet normal 0 0 -1
    outer loop
      vertex 49.3317 33.6673 1.39
      vertex 49.6048 35.0404 1.39
      vertex 49.4935 33.6268 1.39
    endloop
  endfacet
  facet normal 0 0 -1
    outer loop
      vertex 49.3317 33.6673 1.39
      vertex 49.3039 35.0851 1.39
      vertex 49.6048 35.0404 1.39
    endloop
  endfacet
  facet normal 0 0 -1
    outer loop
      vertex 49.1666 33.6918 1.39
      vertex 49.3039 35.0851 1.39
      vertex 49.3317 33.6673 1.39
    endloop
  endfacet
  facet normal 0 0 -1
    outer loop
      vertex 49 33.7 1.39
      vertex 49.3039 35.0851 1.39
      vertex 49.1666 33.6918 1.39
    endloop
  endfacet
  facet normal 0 0 -1
    outer loop
      vertex 49 33.7 1.39
      vertex 49 35.1 1.39
      vertex 49.3039 35.0851 1.39
    endloop
  endfacet
  facet normal 0 0 -1
    outer loop
      vertex 48.8334 33.6918 1.39
      vertex 49 35.1 1.39
      vertex 49 33.7 1.39
    endloop
  endfacet
  facet normal 0 0 -1
    outer loop
      vertex 48.8334 33.6918 1.39
      vertex 48.6961 35.0851 1.39
      vertex 49 35.1 1.39
    endloop
  endfacet
  facet normal 0 0 -1
    outer loop
      vertex 48.6683 33.6673 1.39
      vertex 48.6961 35.0851 1.39
      vertex 48.8334 33.6918 1.39
    endloop
  endfacet
  facet normal 0 0 -1
    outer loop
      vertex 48.3952 35.0404 1.39
      vertex 48.6683 33.6673 1.39
      vertex 48.5065 33.6268 1.39
    endloop
  endfacet
  facet normal 0 0 -1
    outer loop
      vertex 48.6683 33.6673 1.39
      vertex 48.3952 35.0404 1.39
      vertex 48.6961 35.0851 1.39
    endloop
  endfacet
  facet normal 0 0 -1
    outer loop
      vertex 48.1001 34.9665 1.39
      vertex 48.5065 33.6268 1.39
      vertex 48.3494 33.5706 1.39
    endloop
  endfacet
  facet normal 0 0 -1
    outer loop
      vertex 47.8137 34.864 1.39
      vertex 48.3494 33.5706 1.39
      vertex 48.1986 33.4993 1.39
    endloop
  endfacet
  facet normal 0 0 -1
    outer loop
      vertex 48.5065 33.6268 1.39
      vertex 48.1001 34.9665 1.39
      vertex 48.3952 35.0404 1.39
    endloop
  endfacet
  facet normal 0 0 -1
    outer loop
      vertex 47.5387 34.734 1.39
      vertex 48.1986 33.4993 1.39
      vertex 48.0555 33.4135 1.39
    endloop
  endfacet
  facet normal 0 0 -1
    outer loop
      vertex 47.2777 34.5776 1.39
      vertex 48.0555 33.4135 1.39
      vertex 47.9215 33.3141 1.39
    endloop
  endfacet
  facet normal 0 0 -1
    outer loop
      vertex 48.3494 33.5706 1.39
      vertex 47.8137 34.864 1.39
      vertex 48.1001 34.9665 1.39
    endloop
  endfacet
  facet normal 0 0 -1
    outer loop
      vertex 47.0334 34.3963 1.39
      vertex 47.9215 33.3141 1.39
      vertex 47.7979 33.2021 1.39
    endloop
  endfacet
  facet normal 0 0 -1
    outer loop
      vertex 46.808 34.192 1.39
      vertex 47.7979 33.2021 1.39
      vertex 47.6859 33.0785 1.39
    endloop
  endfacet
  facet normal 0 0 -1
    outer loop
      vertex 46.6037 33.9666 1.39
      vertex 47.6859 33.0785 1.39
      vertex 47.5865 32.9445 1.39
    endloop
  endfacet
  facet normal 0 0 -1
    outer loop
      vertex 48.1986 33.4993 1.39
      vertex 47.5387 34.734 1.39
      vertex 47.8137 34.864 1.39
    endloop
  endfacet
  facet normal 0 0 -1
    outer loop
      vertex 46.4224 33.7223 1.39
      vertex 47.5865 32.9445 1.39
      vertex 47.5007 32.8014 1.39
    endloop
  endfacet
  facet normal 0 0 -1
    outer loop
      vertex 46.266 33.4613 1.39
      vertex 47.5007 32.8014 1.39
      vertex 47.4294 32.6506 1.39
    endloop
  endfacet
  facet normal 0 0 -1
    outer loop
      vertex 46.136 33.1863 1.39
      vertex 47.4294 32.6506 1.39
      vertex 47.3732 32.4935 1.39
    endloop
  endfacet
  facet normal 0 0 -1
    outer loop
      vertex 46.0335 32.8999 1.39
      vertex 47.3732 32.4935 1.39
      vertex 47.3327 32.3317 1.39
    endloop
  endfacet
  facet normal 0 0 -1
    outer loop
      vertex 45.9596 32.6048 1.39
      vertex 47.3327 32.3317 1.39
      vertex 47.3082 32.1666 1.39
    endloop
  endfacet
  facet normal 0 0 -1
    outer loop
      vertex 48.0555 33.4135 1.39
      vertex 47.2777 34.5776 1.39
      vertex 47.5387 34.734 1.39
    endloop
  endfacet
  facet normal 0 0 -1
    outer loop
      vertex 45.9149 32.3039 1.39
      vertex 47.3082 32.1666 1.39
      vertex 47.3 32 1.39
    endloop
  endfacet
  facet normal -0 0 -1
    outer loop
      vertex 47.5007 31.1986 1.39
      vertex 46.266 30.5387 1.39
      vertex 47.4294 31.3494 1.39
    endloop
  endfacet
  facet normal 0 0 -1
    outer loop
      vertex 46.136 30.8137 1.39
      vertex 47.4294 31.3494 1.39
      vertex 46.266 30.5387 1.39
    endloop
  endfacet
  facet normal 0 0 -1
    outer loop
      vertex 47.9215 33.3141 1.39
      vertex 47.0334 34.3963 1.39
      vertex 47.2777 34.5776 1.39
    endloop
  endfacet
  facet normal -0 0 -1
    outer loop
      vertex 47.4294 31.3494 1.39
      vertex 46.136 30.8137 1.39
      vertex 47.3732 31.5065 1.39
    endloop
  endfacet
  facet normal 0 0 -1
    outer loop
      vertex 47.7979 33.2021 1.39
      vertex 46.808 34.192 1.39
      vertex 47.0334 34.3963 1.39
    endloop
  endfacet
  facet normal 0 0 -1
    outer loop
      vertex 46.0335 31.1001 1.39
      vertex 47.3732 31.5065 1.39
      vertex 46.136 30.8137 1.39
    endloop
  endfacet
  facet normal 0 0 -1
    outer loop
      vertex 47.6859 33.0785 1.39
      vertex 46.6037 33.9666 1.39
      vertex 46.808 34.192 1.39
    endloop
  endfacet
  facet normal -0 0 -1
    outer loop
      vertex 47.3732 31.5065 1.39
      vertex 46.0335 31.1001 1.39
      vertex 47.3327 31.6683 1.39
    endloop
  endfacet
  facet normal 0 0 -1
    outer loop
      vertex 47.5865 32.9445 1.39
      vertex 46.4224 33.7223 1.39
      vertex 46.6037 33.9666 1.39
    endloop
  endfacet
  facet normal 0 0 -1
    outer loop
      vertex 45.9596 31.3952 1.39
      vertex 47.3327 31.6683 1.39
      vertex 46.0335 31.1001 1.39
    endloop
  endfacet
  facet normal 0 0 -1
    outer loop
      vertex 47.5007 32.8014 1.39
      vertex 46.266 33.4613 1.39
      vertex 46.4224 33.7223 1.39
    endloop
  endfacet
  facet normal -0 0 -1
    outer loop
      vertex 47.3327 31.6683 1.39
      vertex 45.9596 31.3952 1.39
      vertex 47.3082 31.8334 1.39
    endloop
  endfacet
  facet normal 0 0 -1
    outer loop
      vertex 47.4294 32.6506 1.39
      vertex 46.136 33.1863 1.39
      vertex 46.266 33.4613 1.39
    endloop
  endfacet
  facet normal 0 0 -1
    outer loop
      vertex 45.9149 31.6961 1.39
      vertex 47.3082 31.8334 1.39
      vertex 45.9596 31.3952 1.39
    endloop
  endfacet
  facet normal 0 0 -1
    outer loop
      vertex 47.3732 32.4935 1.39
      vertex 46.0335 32.8999 1.39
      vertex 46.136 33.1863 1.39
    endloop
  endfacet
  facet normal -0 0 -1
    outer loop
      vertex 47.3082 31.8334 1.39
      vertex 45.9149 31.6961 1.39
      vertex 47.3 32 1.39
    endloop
  endfacet
  facet normal 0 0 -1
    outer loop
      vertex 47.3327 32.3317 1.39
      vertex 45.9596 32.6048 1.39
      vertex 46.0335 32.8999 1.39
    endloop
  endfacet
  facet normal 0 0 -1
    outer loop
      vertex 45.9 32 1.39
      vertex 47.3 32 1.39
      vertex 45.9149 31.6961 1.39
    endloop
  endfacet
  facet normal 0 0 -1
    outer loop
      vertex 47.3082 32.1666 1.39
      vertex 45.9149 32.3039 1.39
      vertex 45.9596 32.6048 1.39
    endloop
  endfacet
  facet normal 0 0 -1
    outer loop
      vertex 47.3 32 1.39
      vertex 45.9 32 1.39
      vertex 45.9149 32.3039 1.39
    endloop
  endfacet
  facet normal -0.671576 -0.740936 0
    outer loop
      vertex 50.9666 34.3963 0
      vertex 51.192 34.192 1.39
      vertex 50.9666 34.3963 1.39
    endloop
  endfacet
  facet normal -0.671576 -0.740936 -0
    outer loop
      vertex 51.192 34.192 1.39
      vertex 50.9666 34.3963 0
      vertex 51.192 34.192 0
    endloop
  endfacet
  facet normal 0.336961 -0.941519 0
    outer loop
      vertex 47.8137 34.864 0
      vertex 48.1001 34.9665 1.39
      vertex 47.8137 34.864 1.39
    endloop
  endfacet
  facet normal 0.336961 -0.941519 0
    outer loop
      vertex 48.1001 34.9665 1.39
      vertex 47.8137 34.864 0
      vertex 48.1001 34.9665 0
    endloop
  endfacet
  facet normal -0.42738 -0.904072 0
    outer loop
      vertex 50.1863 34.864 0
      vertex 50.4613 34.734 1.39
      vertex 50.1863 34.864 1.39
    endloop
  endfacet
  facet normal -0.42738 -0.904072 -0
    outer loop
      vertex 50.4613 34.734 1.39
      vertex 50.1863 34.864 0
      vertex 50.4613 34.734 0
    endloop
  endfacet
  facet normal 0.9988 -0.0489705 0
    outer loop
      vertex 45.9 32 1.39
      vertex 45.9149 32.3039 0
      vertex 45.9149 32.3039 1.39
    endloop
  endfacet
  facet normal 0.9988 -0.0489705 0
    outer loop
      vertex 45.9149 32.3039 0
      vertex 45.9 32 1.39
      vertex 45.9 32 0
    endloop
  endfacet
  facet normal -0.803027 -0.595943 0
    outer loop
      vertex 51.5776 33.7223 0
      vertex 51.3963 33.9666 1.39
      vertex 51.3963 33.9666 0
    endloop
  endfacet
  facet normal -0.803027 -0.595943 0
    outer loop
      vertex 51.3963 33.9666 1.39
      vertex 51.5776 33.7223 0
      vertex 51.5776 33.7223 1.39
    endloop
  endfacet
  facet normal -0.0489705 -0.9988 0
    outer loop
      vertex 49 35.1 0
      vertex 49.3039 35.0851 1.39
      vertex 49 35.1 1.39
    endloop
  endfacet
  facet normal -0.0489705 -0.9988 -0
    outer loop
      vertex 49.3039 35.0851 1.39
      vertex 49 35.1 0
      vertex 49.3039 35.0851 0
    endloop
  endfacet
  facet normal 0.671576 -0.740936 0
    outer loop
      vertex 46.808 34.192 0
      vertex 47.0334 34.3963 1.39
      vertex 46.808 34.192 1.39
    endloop
  endfacet
  facet normal 0.671576 -0.740936 0
    outer loop
      vertex 47.0334 34.3963 1.39
      vertex 46.808 34.192 0
      vertex 47.0334 34.3963 0
    endloop
  endfacet
  facet normal -0.740936 -0.671576 0
    outer loop
      vertex 51.3963 33.9666 0
      vertex 51.192 34.192 1.39
      vertex 51.192 34.192 0
    endloop
  endfacet
  facet normal -0.740936 -0.671576 0
    outer loop
      vertex 51.192 34.192 1.39
      vertex 51.3963 33.9666 0
      vertex 51.3963 33.9666 1.39
    endloop
  endfacet
  facet normal 0.242922 0.970046 -0
    outer loop
      vertex 48.3952 28.9596 0
      vertex 48.1001 29.0335 1.39
      vertex 48.3952 28.9596 1.39
    endloop
  endfacet
  facet normal 0.242922 0.970046 0
    outer loop
      vertex 48.1001 29.0335 1.39
      vertex 48.3952 28.9596 0
      vertex 48.1001 29.0335 0
    endloop
  endfacet
  facet normal -0.904072 -0.42738 0
    outer loop
      vertex 51.864 33.1863 0
      vertex 51.734 33.4613 1.39
      vertex 51.734 33.4613 0
    endloop
  endfacet
  facet normal -0.904072 -0.42738 0
    outer loop
      vertex 51.734 33.4613 1.39
      vertex 51.864 33.1863 0
      vertex 51.864 33.1863 1.39
    endloop
  endfacet
  facet normal -0.857783 0.514012 0
    outer loop
      vertex 51.5776 30.2777 0
      vertex 51.734 30.5387 1.39
      vertex 51.734 30.5387 0
    endloop
  endfacet
  facet normal -0.857783 0.514012 0
    outer loop
      vertex 51.734 30.5387 1.39
      vertex 51.5776 30.2777 0
      vertex 51.5776 30.2777 1.39
    endloop
  endfacet
  facet normal -0.336961 -0.941519 0
    outer loop
      vertex 49.8999 34.9665 0
      vertex 50.1863 34.864 1.39
      vertex 49.8999 34.9665 1.39
    endloop
  endfacet
  facet normal -0.336961 -0.941519 -0
    outer loop
      vertex 50.1863 34.864 1.39
      vertex 49.8999 34.9665 0
      vertex 50.1863 34.864 0
    endloop
  endfacet
  facet normal 0.242922 -0.970046 0
    outer loop
      vertex 48.1001 34.9665 0
      vertex 48.3952 35.0404 1.39
      vertex 48.1001 34.9665 1.39
    endloop
  endfacet
  facet normal 0.242922 -0.970046 0
    outer loop
      vertex 48.3952 35.0404 1.39
      vertex 48.1001 34.9665 0
      vertex 48.3952 35.0404 0
    endloop
  endfacet
  facet normal -0.336961 0.941519 0
    outer loop
      vertex 50.1863 29.136 0
      vertex 49.8999 29.0335 1.39
      vertex 50.1863 29.136 1.39
    endloop
  endfacet
  facet normal -0.336961 0.941519 0
    outer loop
      vertex 49.8999 29.0335 1.39
      vertex 50.1863 29.136 0
      vertex 49.8999 29.0335 0
    endloop
  endfacet
  facet normal 0.514012 -0.857783 0
    outer loop
      vertex 47.2777 34.5776 0
      vertex 47.5387 34.734 1.39
      vertex 47.2777 34.5776 1.39
    endloop
  endfacet
  facet normal 0.514012 -0.857783 0
    outer loop
      vertex 47.5387 34.734 1.39
      vertex 47.2777 34.5776 0
      vertex 47.5387 34.734 0
    endloop
  endfacet
  facet normal -0.857783 -0.514012 0
    outer loop
      vertex 51.734 33.4613 0
      vertex 51.5776 33.7223 1.39
      vertex 51.5776 33.7223 0
    endloop
  endfacet
  facet normal -0.857783 -0.514012 0
    outer loop
      vertex 51.5776 33.7223 1.39
      vertex 51.734 33.4613 0
      vertex 51.734 33.4613 1.39
    endloop
  endfacet
  facet normal 0.970046 -0.242922 0
    outer loop
      vertex 45.9596 32.6048 1.39
      vertex 46.0335 32.8999 0
      vertex 46.0335 32.8999 1.39
    endloop
  endfacet
  facet normal 0.970046 -0.242922 0
    outer loop
      vertex 46.0335 32.8999 0
      vertex 45.9596 32.6048 1.39
      vertex 45.9596 32.6048 0
    endloop
  endfacet
  facet normal 0.146942 -0.989145 0
    outer loop
      vertex 48.3952 35.0404 0
      vertex 48.6961 35.0851 1.39
      vertex 48.3952 35.0404 1.39
    endloop
  endfacet
  facet normal 0.146942 -0.989145 0
    outer loop
      vertex 48.6961 35.0851 1.39
      vertex 48.3952 35.0404 0
      vertex 48.6961 35.0851 0
    endloop
  endfacet
  facet normal 0.904072 0.42738 0
    outer loop
      vertex 46.266 30.5387 1.39
      vertex 46.136 30.8137 0
      vertex 46.136 30.8137 1.39
    endloop
  endfacet
  facet normal 0.904072 0.42738 0
    outer loop
      vertex 46.136 30.8137 0
      vertex 46.266 30.5387 1.39
      vertex 46.266 30.5387 0
    endloop
  endfacet
  facet normal -0.146942 0.989145 0
    outer loop
      vertex 49.6048 28.9596 0
      vertex 49.3039 28.9149 1.39
      vertex 49.6048 28.9596 1.39
    endloop
  endfacet
  facet normal -0.146942 0.989145 0
    outer loop
      vertex 49.3039 28.9149 1.39
      vertex 49.6048 28.9596 0
      vertex 49.3039 28.9149 0
    endloop
  endfacet
  facet normal 0.336961 0.941519 -0
    outer loop
      vertex 48.1001 29.0335 0
      vertex 47.8137 29.136 1.39
      vertex 48.1001 29.0335 1.39
    endloop
  endfacet
  facet normal 0.336961 0.941519 0
    outer loop
      vertex 47.8137 29.136 1.39
      vertex 48.1001 29.0335 0
      vertex 47.8137 29.136 0
    endloop
  endfacet
  facet normal 0.671576 0.740936 -0
    outer loop
      vertex 47.0334 29.6037 0
      vertex 46.808 29.808 1.39
      vertex 47.0334 29.6037 1.39
    endloop
  endfacet
  facet normal 0.671576 0.740936 0
    outer loop
      vertex 46.808 29.808 1.39
      vertex 47.0334 29.6037 0
      vertex 46.808 29.808 0
    endloop
  endfacet
  facet normal -0.671576 0.740936 0
    outer loop
      vertex 51.192 29.808 0
      vertex 50.9666 29.6037 1.39
      vertex 51.192 29.808 1.39
    endloop
  endfacet
  facet normal -0.671576 0.740936 0
    outer loop
      vertex 50.9666 29.6037 1.39
      vertex 51.192 29.808 0
      vertex 50.9666 29.6037 0
    endloop
  endfacet
  facet normal 0.970046 0.242922 0
    outer loop
      vertex 46.0335 31.1001 1.39
      vertex 45.9596 31.3952 0
      vertex 45.9596 31.3952 1.39
    endloop
  endfacet
  facet normal 0.970046 0.242922 0
    outer loop
      vertex 45.9596 31.3952 0
      vertex 46.0335 31.1001 1.39
      vertex 46.0335 31.1001 0
    endloop
  endfacet
  facet normal 0.740936 0.671576 0
    outer loop
      vertex 46.808 29.808 1.39
      vertex 46.6037 30.0334 0
      vertex 46.6037 30.0334 1.39
    endloop
  endfacet
  facet normal 0.740936 0.671576 0
    outer loop
      vertex 46.6037 30.0334 0
      vertex 46.808 29.808 1.39
      vertex 46.808 29.808 0
    endloop
  endfacet
  facet normal 0.989145 -0.146942 0
    outer loop
      vertex 45.9149 32.3039 1.39
      vertex 45.9596 32.6048 0
      vertex 45.9596 32.6048 1.39
    endloop
  endfacet
  facet normal 0.989145 -0.146942 0
    outer loop
      vertex 45.9596 32.6048 0
      vertex 45.9149 32.3039 1.39
      vertex 45.9149 32.3039 0
    endloop
  endfacet
  facet normal -0.242922 -0.970046 0
    outer loop
      vertex 49.6048 35.0404 0
      vertex 49.8999 34.9665 1.39
      vertex 49.6048 35.0404 1.39
    endloop
  endfacet
  facet normal -0.242922 -0.970046 -0
    outer loop
      vertex 49.8999 34.9665 1.39
      vertex 49.6048 35.0404 0
      vertex 49.8999 34.9665 0
    endloop
  endfacet
  facet normal 0.9988 0.0489705 0
    outer loop
      vertex 45.9149 31.6961 1.39
      vertex 45.9 32 0
      vertex 45.9 32 1.39
    endloop
  endfacet
  facet normal 0.9988 0.0489705 0
    outer loop
      vertex 45.9 32 0
      vertex 45.9149 31.6961 1.39
      vertex 45.9149 31.6961 0
    endloop
  endfacet
  facet normal 0.941519 -0.336961 0
    outer loop
      vertex 46.0335 32.8999 1.39
      vertex 46.136 33.1863 0
      vertex 46.136 33.1863 1.39
    endloop
  endfacet
  facet normal 0.941519 -0.336961 0
    outer loop
      vertex 46.136 33.1863 0
      vertex 46.0335 32.8999 1.39
      vertex 46.0335 32.8999 0
    endloop
  endfacet
  facet normal -0.595943 0.803027 0
    outer loop
      vertex 50.9666 29.6037 0
      vertex 50.7223 29.4224 1.39
      vertex 50.9666 29.6037 1.39
    endloop
  endfacet
  facet normal -0.595943 0.803027 0
    outer loop
      vertex 50.7223 29.4224 1.39
      vertex 50.9666 29.6037 0
      vertex 50.7223 29.4224 0
    endloop
  endfacet
  facet normal 0.803027 -0.595943 0
    outer loop
      vertex 46.4224 33.7223 1.39
      vertex 46.6037 33.9666 0
      vertex 46.6037 33.9666 1.39
    endloop
  endfacet
  facet normal 0.803027 -0.595943 0
    outer loop
      vertex 46.6037 33.9666 0
      vertex 46.4224 33.7223 1.39
      vertex 46.4224 33.7223 0
    endloop
  endfacet
  facet normal 0.514012 0.857783 -0
    outer loop
      vertex 47.5387 29.266 0
      vertex 47.2777 29.4224 1.39
      vertex 47.5387 29.266 1.39
    endloop
  endfacet
  facet normal 0.514012 0.857783 0
    outer loop
      vertex 47.2777 29.4224 1.39
      vertex 47.5387 29.266 0
      vertex 47.2777 29.4224 0
    endloop
  endfacet
  facet normal 0.904072 -0.42738 0
    outer loop
      vertex 46.136 33.1863 1.39
      vertex 46.266 33.4613 0
      vertex 46.266 33.4613 1.39
    endloop
  endfacet
  facet normal 0.904072 -0.42738 0
    outer loop
      vertex 46.266 33.4613 0
      vertex 46.136 33.1863 1.39
      vertex 46.136 33.1863 0
    endloop
  endfacet
  facet normal -0.904072 0.42738 0
    outer loop
      vertex 51.734 30.5387 0
      vertex 51.864 30.8137 1.39
      vertex 51.864 30.8137 0
    endloop
  endfacet
  facet normal -0.904072 0.42738 0
    outer loop
      vertex 51.864 30.8137 1.39
      vertex 51.734 30.5387 0
      vertex 51.734 30.5387 1.39
    endloop
  endfacet
  facet normal 0.0489705 0.9988 -0
    outer loop
      vertex 49 28.9 0
      vertex 48.6961 28.9149 1.39
      vertex 49 28.9 1.39
    endloop
  endfacet
  facet normal 0.0489705 0.9988 0
    outer loop
      vertex 48.6961 28.9149 1.39
      vertex 49 28.9 0
      vertex 48.6961 28.9149 0
    endloop
  endfacet
  facet normal 0.146942 0.989145 -0
    outer loop
      vertex 48.6961 28.9149 0
      vertex 48.3952 28.9596 1.39
      vertex 48.6961 28.9149 1.39
    endloop
  endfacet
  facet normal 0.146942 0.989145 0
    outer loop
      vertex 48.3952 28.9596 1.39
      vertex 48.6961 28.9149 0
      vertex 48.3952 28.9596 0
    endloop
  endfacet
  facet normal -0.146942 -0.989145 0
    outer loop
      vertex 49.3039 35.0851 0
      vertex 49.6048 35.0404 1.39
      vertex 49.3039 35.0851 1.39
    endloop
  endfacet
  facet normal -0.146942 -0.989145 -0
    outer loop
      vertex 49.6048 35.0404 1.39
      vertex 49.3039 35.0851 0
      vertex 49.6048 35.0404 0
    endloop
  endfacet
  facet normal 0.42738 0.904072 -0
    outer loop
      vertex 47.8137 29.136 0
      vertex 47.5387 29.266 1.39
      vertex 47.8137 29.136 1.39
    endloop
  endfacet
  facet normal 0.42738 0.904072 0
    outer loop
      vertex 47.5387 29.266 1.39
      vertex 47.8137 29.136 0
      vertex 47.5387 29.266 0
    endloop
  endfacet
  facet normal 0.740936 -0.671576 0
    outer loop
      vertex 46.6037 33.9666 1.39
      vertex 46.808 34.192 0
      vertex 46.808 34.192 1.39
    endloop
  endfacet
  facet normal 0.740936 -0.671576 0
    outer loop
      vertex 46.808 34.192 0
      vertex 46.6037 33.9666 1.39
      vertex 46.6037 33.9666 0
    endloop
  endfacet
  facet normal 0.671494 0.74101 -0
    outer loop
      vertex -13.9332 -4.79266 0
      vertex -14.3841 -4.38406 2.4
      vertex -13.9332 -4.79266 2.4
    endloop
  endfacet
  facet normal 0.671494 0.74101 0
    outer loop
      vertex -14.3841 -4.38406 2.4
      vertex -13.9332 -4.79266 0
      vertex -14.3841 -4.38406 0
    endloop
  endfacet
  facet normal 0.941586 -0.336774 0
    outer loop
      vertex -15.933 1.79976 2.4
      vertex -15.7281 2.37264 0
      vertex -15.7281 2.37264 2.4
    endloop
  endfacet
  facet normal 0.941586 -0.336774 0
    outer loop
      vertex -15.7281 2.37264 0
      vertex -15.933 1.79976 2.4
      vertex -15.933 1.79976 0
    endloop
  endfacet
  facet normal -0.989176 -0.146736 0
    outer loop
      vertex -3.82985 0.607706 0
      vertex -3.91913 1.20956 2.4
      vertex -3.91913 1.20956 0
    endloop
  endfacet
  facet normal -0.989176 -0.146736 0
    outer loop
      vertex -3.91913 1.20956 2.4
      vertex -3.82985 0.607706 0
      vertex -3.82985 0.607706 2.4
    endloop
  endfacet
  facet normal -0.998796 -0.04906 0
    outer loop
      vertex -3.8 0 0
      vertex -3.82985 0.607706 2.4
      vertex -3.82985 0.607706 0
    endloop
  endfacet
  facet normal -0.998796 -0.04906 0
    outer loop
      vertex -3.82985 0.607706 2.4
      vertex -3.8 0 0
      vertex -3.8 0 2.4
    endloop
  endfacet
  facet normal 0.514157 0.857696 -0
    outer loop
      vertex -12.9227 -5.46791 0
      vertex -13.4445 -5.15511 2.4
      vertex -12.9227 -5.46791 2.4
    endloop
  endfacet
  facet normal 0.514157 0.857696 0
    outer loop
      vertex -13.4445 -5.15511 2.4
      vertex -12.9227 -5.46791 0
      vertex -13.4445 -5.15511 0
    endloop
  endfacet
  facet normal -0.671559 -0.740951 0
    outer loop
      vertex -6.06676 4.79266 0
      vertex -5.61594 4.38406 2.4
      vertex -6.06676 4.79266 2.4
    endloop
  endfacet
  facet normal -0.671559 -0.740951 -0
    outer loop
      vertex -5.61594 4.38406 2.4
      vertex -6.06676 4.79266 0
      vertex -5.61594 4.38406 0
    endloop
  endfacet
  facet normal 0.146725 0.989177 -0
    outer loop
      vertex -10.6077 -6.17015 0
      vertex -11.2096 -6.08087 2.4
      vertex -10.6077 -6.17015 2.4
    endloop
  endfacet
  facet normal 0.146725 0.989177 0
    outer loop
      vertex -11.2096 -6.08087 2.4
      vertex -10.6077 -6.17015 0
      vertex -11.2096 -6.08087 0
    endloop
  endfacet
  facet normal -0.740942 -0.671568 0
    outer loop
      vertex -5.20733 3.93324 0
      vertex -5.61594 4.38406 2.4
      vertex -5.61594 4.38406 0
    endloop
  endfacet
  facet normal -0.740942 -0.671568 0
    outer loop
      vertex -5.61594 4.38406 2.4
      vertex -5.20733 3.93324 0
      vertex -5.20733 3.93324 2.4
    endloop
  endfacet
  facet normal -0.427555 -0.903989 0
    outer loop
      vertex -7.62736 5.72805 0
      vertex -7.07734 5.46791 2.4
      vertex -7.62736 5.72805 2.4
    endloop
  endfacet
  facet normal -0.427555 -0.903989 -0
    outer loop
      vertex -7.07734 5.46791 2.4
      vertex -7.62736 5.72805 0
      vertex -7.07734 5.46791 0
    endloop
  endfacet
  facet normal -0.0490597 0.998796 0
    outer loop
      vertex -9.39229 -6.17015 0
      vertex -10 -6.2 2.4
      vertex -9.39229 -6.17015 2.4
    endloop
  endfacet
  facet normal -0.0490597 0.998796 0
    outer loop
      vertex -10 -6.2 2.4
      vertex -9.39229 -6.17015 0
      vertex -10 -6.2 0
    endloop
  endfacet
  facet normal 0.740951 -0.671559 0
    outer loop
      vertex -14.7927 3.93324 2.4
      vertex -14.3841 4.38406 0
      vertex -14.3841 4.38406 2.4
    endloop
  endfacet
  facet normal 0.740951 -0.671559 0
    outer loop
      vertex -14.3841 4.38406 0
      vertex -14.7927 3.93324 2.4
      vertex -14.7927 3.93324 0
    endloop
  endfacet
  facet normal -0.989176 0.146736 0
    outer loop
      vertex -3.91913 -1.20956 0
      vertex -3.82985 -0.607706 2.4
      vertex -3.82985 -0.607706 0
    endloop
  endfacet
  facet normal -0.989176 0.146736 0
    outer loop
      vertex -3.82985 -0.607706 2.4
      vertex -3.91913 -1.20956 0
      vertex -3.91913 -1.20956 2.4
    endloop
  endfacet
  facet normal -0.903989 -0.427555 0
    outer loop
      vertex -4.27195 2.37264 0
      vertex -4.53209 2.92266 2.4
      vertex -4.53209 2.92266 0
    endloop
  endfacet
  facet normal -0.903989 -0.427555 0
    outer loop
      vertex -4.53209 2.92266 2.4
      vertex -4.27195 2.37264 0
      vertex -4.27195 2.37264 2.4
    endloop
  endfacet
  facet normal 0.242984 -0.97003 0
    outer loop
      vertex -11.7998 5.93303 0
      vertex -11.2096 6.08087 2.4
      vertex -11.7998 5.93303 2.4
    endloop
  endfacet
  facet normal 0.242984 -0.97003 0
    outer loop
      vertex -11.2096 6.08087 2.4
      vertex -11.7998 5.93303 0
      vertex -11.2096 6.08087 0
    endloop
  endfacet
  facet normal 0.803243 -0.595652 0
    outer loop
      vertex -15.1551 3.44454 2.4
      vertex -14.7927 3.93324 0
      vertex -14.7927 3.93324 2.4
    endloop
  endfacet
  facet normal 0.803243 -0.595652 0
    outer loop
      vertex -14.7927 3.93324 0
      vertex -15.1551 3.44454 2.4
      vertex -15.1551 3.44454 0
    endloop
  endfacet
  facet normal -0.24298 -0.970031 0
    outer loop
      vertex -8.79044 6.08087 0
      vertex -8.20023 5.93303 2.4
      vertex -8.79044 6.08087 2.4
    endloop
  endfacet
  facet normal -0.24298 -0.970031 -0
    outer loop
      vertex -8.20023 5.93303 2.4
      vertex -8.79044 6.08087 0
      vertex -8.20023 5.93303 0
    endloop
  endfacet
  facet normal -0.336895 -0.941542 0
    outer loop
      vertex -8.20023 5.93303 0
      vertex -7.62736 5.72805 2.4
      vertex -8.20023 5.93303 2.4
    endloop
  endfacet
  facet normal -0.336895 -0.941542 -0
    outer loop
      vertex -7.62736 5.72805 2.4
      vertex -8.20023 5.93303 0
      vertex -7.62736 5.72805 0
    endloop
  endfacet
  facet normal -0.941544 -0.33689 0
    outer loop
      vertex -4.06697 1.79976 0
      vertex -4.27195 2.37264 2.4
      vertex -4.27195 2.37264 0
    endloop
  endfacet
  facet normal -0.941544 -0.33689 0
    outer loop
      vertex -4.27195 2.37264 2.4
      vertex -4.06697 1.79976 0
      vertex -4.06697 1.79976 2.4
    endloop
  endfacet
  facet normal -0.595705 -0.803203 0
    outer loop
      vertex -6.55546 5.15511 0
      vertex -6.06676 4.79266 2.4
      vertex -6.55546 5.15511 2.4
    endloop
  endfacet
  facet normal -0.595705 -0.803203 -0
    outer loop
      vertex -6.06676 4.79266 2.4
      vertex -6.55546 5.15511 0
      vertex -6.06676 4.79266 0
    endloop
  endfacet
  facet normal 0.857731 0.514099 0
    outer loop
      vertex -15.1551 -3.44454 2.4
      vertex -15.4679 -2.92266 0
      vertex -15.4679 -2.92266 2.4
    endloop
  endfacet
  facet normal 0.857731 0.514099 0
    outer loop
      vertex -15.4679 -2.92266 0
      vertex -15.1551 -3.44454 2.4
      vertex -15.1551 -3.44454 0
    endloop
  endfacet
  facet normal -0.514099 -0.857731 0
    outer loop
      vertex -7.07734 5.46791 0
      vertex -6.55546 5.15511 2.4
      vertex -7.07734 5.46791 2.4
    endloop
  endfacet
  facet normal -0.514099 -0.857731 -0
    outer loop
      vertex -6.55546 5.15511 2.4
      vertex -7.07734 5.46791 0
      vertex -6.55546 5.15511 0
    endloop
  endfacet
  facet normal -0.941544 0.33689 0
    outer loop
      vertex -4.27195 -2.37264 0
      vertex -4.06697 -1.79976 2.4
      vertex -4.06697 -1.79976 0
    endloop
  endfacet
  facet normal -0.941544 0.33689 0
    outer loop
      vertex -4.06697 -1.79976 2.4
      vertex -4.27195 -2.37264 0
      vertex -4.27195 -2.37264 2.4
    endloop
  endfacet
  facet normal 0.857731 -0.514099 0
    outer loop
      vertex -15.4679 2.92266 2.4
      vertex -15.1551 3.44454 0
      vertex -15.1551 3.44454 2.4
    endloop
  endfacet
  facet normal 0.857731 -0.514099 0
    outer loop
      vertex -15.1551 3.44454 0
      vertex -15.4679 2.92266 2.4
      vertex -15.4679 2.92266 0
    endloop
  endfacet
  facet normal 0.970007 0.243077 0
    outer loop
      vertex -15.933 -1.79976 2.4
      vertex -16.0809 -1.20956 0
      vertex -16.0809 -1.20956 2.4
    endloop
  endfacet
  facet normal 0.970007 0.243077 0
    outer loop
      vertex -16.0809 -1.20956 0
      vertex -15.933 -1.79976 2.4
      vertex -15.933 -1.79976 0
    endloop
  endfacet
  facet normal -0.0490597 -0.998796 0
    outer loop
      vertex -10 6.2 0
      vertex -9.39229 6.17015 2.4
      vertex -10 6.2 2.4
    endloop
  endfacet
  facet normal -0.0490597 -0.998796 -0
    outer loop
      vertex -9.39229 6.17015 2.4
      vertex -10 6.2 0
      vertex -9.39229 6.17015 0
    endloop
  endfacet
  facet normal -0.857731 -0.514099 0
    outer loop
      vertex -4.53209 2.92266 0
      vertex -4.84489 3.44454 2.4
      vertex -4.84489 3.44454 0
    endloop
  endfacet
  facet normal -0.857731 -0.514099 0
    outer loop
      vertex -4.84489 3.44454 2.4
      vertex -4.53209 2.92266 0
      vertex -4.53209 2.92266 2.4
    endloop
  endfacet
  facet normal 0.941586 0.336774 0
    outer loop
      vertex -15.7281 -2.37264 2.4
      vertex -15.933 -1.79976 0
      vertex -15.933 -1.79976 2.4
    endloop
  endfacet
  facet normal 0.941586 0.336774 0
    outer loop
      vertex -15.933 -1.79976 0
      vertex -15.7281 -2.37264 2.4
      vertex -15.7281 -2.37264 0
    endloop
  endfacet
  facet normal 0.671494 -0.74101 0
    outer loop
      vertex -14.3841 4.38406 0
      vertex -13.9332 4.79266 2.4
      vertex -14.3841 4.38406 2.4
    endloop
  endfacet
  facet normal 0.671494 -0.74101 0
    outer loop
      vertex -13.9332 4.79266 2.4
      vertex -14.3841 4.38406 0
      vertex -13.9332 4.79266 0
    endloop
  endfacet
  facet normal -0.97003 0.242984 0
    outer loop
      vertex -4.06697 -1.79976 0
      vertex -3.91913 -1.20956 2.4
      vertex -3.91913 -1.20956 0
    endloop
  endfacet
  facet normal -0.97003 0.242984 0
    outer loop
      vertex -3.91913 -1.20956 2.4
      vertex -4.06697 -1.79976 0
      vertex -4.06697 -1.79976 2.4
    endloop
  endfacet
  facet normal 0.514157 -0.857696 0
    outer loop
      vertex -13.4445 5.15511 0
      vertex -12.9227 5.46791 2.4
      vertex -13.4445 5.15511 2.4
    endloop
  endfacet
  facet normal 0.514157 -0.857696 0
    outer loop
      vertex -12.9227 5.46791 2.4
      vertex -13.4445 5.15511 0
      vertex -12.9227 5.46791 0
    endloop
  endfacet
  facet normal 0.998792 0.049142 0
    outer loop
      vertex -16.1701 -0.607706 2.4
      vertex -16.2 0 0
      vertex -16.2 0 2.4
    endloop
  endfacet
  facet normal 0.998792 0.049142 0
    outer loop
      vertex -16.2 0 0
      vertex -16.1701 -0.607706 2.4
      vertex -16.1701 -0.607706 0
    endloop
  endfacet
  facet normal 0.970007 -0.243077 0
    outer loop
      vertex -16.0809 1.20956 2.4
      vertex -15.933 1.79976 0
      vertex -15.933 1.79976 2.4
    endloop
  endfacet
  facet normal 0.970007 -0.243077 0
    outer loop
      vertex -15.933 1.79976 0
      vertex -16.0809 1.20956 2.4
      vertex -16.0809 1.20956 0
    endloop
  endfacet
  facet normal -0.427555 0.903989 0
    outer loop
      vertex -7.07734 -5.46791 0
      vertex -7.62736 -5.72805 2.4
      vertex -7.07734 -5.46791 2.4
    endloop
  endfacet
  facet normal -0.427555 0.903989 0
    outer loop
      vertex -7.62736 -5.72805 2.4
      vertex -7.07734 -5.46791 0
      vertex -7.62736 -5.72805 0
    endloop
  endfacet
  facet normal 0.336932 -0.941529 0
    outer loop
      vertex -12.3726 5.72805 0
      vertex -11.7998 5.93303 2.4
      vertex -12.3726 5.72805 2.4
    endloop
  endfacet
  facet normal 0.336932 -0.941529 0
    outer loop
      vertex -11.7998 5.93303 2.4
      vertex -12.3726 5.72805 0
      vertex -11.7998 5.93303 0
    endloop
  endfacet
  facet normal -0.514099 0.857731 0
    outer loop
      vertex -6.55546 -5.15511 0
      vertex -7.07734 -5.46791 2.4
      vertex -6.55546 -5.15511 2.4
    endloop
  endfacet
  facet normal -0.514099 0.857731 0
    outer loop
      vertex -7.07734 -5.46791 2.4
      vertex -6.55546 -5.15511 0
      vertex -7.07734 -5.46791 0
    endloop
  endfacet
  facet normal -0.146737 0.989176 0
    outer loop
      vertex -8.79044 -6.08087 0
      vertex -9.39229 -6.17015 2.4
      vertex -8.79044 -6.08087 2.4
    endloop
  endfacet
  facet normal -0.146737 0.989176 0
    outer loop
      vertex -9.39229 -6.17015 2.4
      vertex -8.79044 -6.08087 0
      vertex -9.39229 -6.17015 0
    endloop
  endfacet
  facet normal -0.740942 0.671568 0
    outer loop
      vertex -5.61594 -4.38406 0
      vertex -5.20733 -3.93324 2.4
      vertex -5.20733 -3.93324 0
    endloop
  endfacet
  facet normal -0.740942 0.671568 0
    outer loop
      vertex -5.20733 -3.93324 2.4
      vertex -5.61594 -4.38406 0
      vertex -5.61594 -4.38406 2.4
    endloop
  endfacet
  facet normal -0.803211 0.595694 0
    outer loop
      vertex -5.20733 -3.93324 0
      vertex -4.84489 -3.44454 2.4
      vertex -4.84489 -3.44454 0
    endloop
  endfacet
  facet normal -0.803211 0.595694 0
    outer loop
      vertex -4.84489 -3.44454 2.4
      vertex -5.20733 -3.93324 0
      vertex -5.20733 -3.93324 2.4
    endloop
  endfacet
  facet normal 0.0490605 -0.998796 0
    outer loop
      vertex -10.6077 6.17015 0
      vertex -10 6.2 2.4
      vertex -10.6077 6.17015 2.4
    endloop
  endfacet
  facet normal 0.0490605 -0.998796 0
    outer loop
      vertex -10 6.2 2.4
      vertex -10.6077 6.17015 0
      vertex -10 6.2 0
    endloop
  endfacet
  facet normal 0.427504 -0.904013 0
    outer loop
      vertex -12.9227 5.46791 0
      vertex -12.3726 5.72805 2.4
      vertex -12.9227 5.46791 2.4
    endloop
  endfacet
  facet normal 0.427504 -0.904013 0
    outer loop
      vertex -12.3726 5.72805 2.4
      vertex -12.9227 5.46791 0
      vertex -12.3726 5.72805 0
    endloop
  endfacet
  facet normal 0.595705 -0.803203 0
    outer loop
      vertex -13.9332 4.79266 0
      vertex -13.4445 5.15511 2.4
      vertex -13.9332 4.79266 2.4
    endloop
  endfacet
  facet normal 0.595705 -0.803203 0
    outer loop
      vertex -13.4445 5.15511 2.4
      vertex -13.9332 4.79266 0
      vertex -13.4445 5.15511 0
    endloop
  endfacet
  facet normal 0.989195 -0.146607 0
    outer loop
      vertex -16.1701 0.607706 2.4
      vertex -16.0809 1.20956 0
      vertex -16.0809 1.20956 2.4
    endloop
  endfacet
  facet normal 0.989195 -0.146607 0
    outer loop
      vertex -16.0809 1.20956 0
      vertex -16.1701 0.607706 2.4
      vertex -16.1701 0.607706 0
    endloop
  endfacet
  facet normal 0.242984 0.97003 -0
    outer loop
      vertex -11.2096 -6.08087 0
      vertex -11.7998 -5.93303 2.4
      vertex -11.2096 -6.08087 2.4
    endloop
  endfacet
  facet normal 0.242984 0.97003 0
    outer loop
      vertex -11.7998 -5.93303 2.4
      vertex -11.2096 -6.08087 0
      vertex -11.7998 -5.93303 0
    endloop
  endfacet
  facet normal -0.97003 -0.242984 0
    outer loop
      vertex -3.91913 1.20956 0
      vertex -4.06697 1.79976 2.4
      vertex -4.06697 1.79976 0
    endloop
  endfacet
  facet normal -0.97003 -0.242984 0
    outer loop
      vertex -4.06697 1.79976 2.4
      vertex -3.91913 1.20956 0
      vertex -3.91913 1.20956 2.4
    endloop
  endfacet
  facet normal -0.803211 -0.595694 0
    outer loop
      vertex -4.84489 3.44454 0
      vertex -5.20733 3.93324 2.4
      vertex -5.20733 3.93324 0
    endloop
  endfacet
  facet normal -0.803211 -0.595694 0
    outer loop
      vertex -5.20733 3.93324 2.4
      vertex -4.84489 3.44454 0
      vertex -4.84489 3.44454 2.4
    endloop
  endfacet
  facet normal 0.803243 0.595652 0
    outer loop
      vertex -14.7927 -3.93324 2.4
      vertex -15.1551 -3.44454 0
      vertex -15.1551 -3.44454 2.4
    endloop
  endfacet
  facet normal 0.803243 0.595652 0
    outer loop
      vertex -15.1551 -3.44454 0
      vertex -14.7927 -3.93324 2.4
      vertex -14.7927 -3.93324 0
    endloop
  endfacet
  facet normal 0.903951 0.427636 0
    outer loop
      vertex -15.4679 -2.92266 2.4
      vertex -15.7281 -2.37264 0
      vertex -15.7281 -2.37264 2.4
    endloop
  endfacet
  facet normal 0.903951 0.427636 0
    outer loop
      vertex -15.7281 -2.37264 0
      vertex -15.4679 -2.92266 2.4
      vertex -15.4679 -2.92266 0
    endloop
  endfacet
  facet normal -0.146737 -0.989176 0
    outer loop
      vertex -9.39229 6.17015 0
      vertex -8.79044 6.08087 2.4
      vertex -9.39229 6.17015 2.4
    endloop
  endfacet
  facet normal -0.146737 -0.989176 -0
    outer loop
      vertex -8.79044 6.08087 2.4
      vertex -9.39229 6.17015 0
      vertex -8.79044 6.08087 0
    endloop
  endfacet
  facet normal 0.427504 0.904013 -0
    outer loop
      vertex -12.3726 -5.72805 0
      vertex -12.9227 -5.46791 2.4
      vertex -12.3726 -5.72805 2.4
    endloop
  endfacet
  facet normal 0.427504 0.904013 0
    outer loop
      vertex -12.9227 -5.46791 2.4
      vertex -12.3726 -5.72805 0
      vertex -12.9227 -5.46791 0
    endloop
  endfacet
  facet normal -0.595705 0.803203 0
    outer loop
      vertex -6.06676 -4.79266 0
      vertex -6.55546 -5.15511 2.4
      vertex -6.06676 -4.79266 2.4
    endloop
  endfacet
  facet normal -0.595705 0.803203 0
    outer loop
      vertex -6.55546 -5.15511 2.4
      vertex -6.06676 -4.79266 0
      vertex -6.55546 -5.15511 0
    endloop
  endfacet
  facet normal -0.998796 0.04906 0
    outer loop
      vertex -3.82985 -0.607706 0
      vertex -3.8 0 2.4
      vertex -3.8 0 0
    endloop
  endfacet
  facet normal -0.998796 0.04906 0
    outer loop
      vertex -3.8 0 2.4
      vertex -3.82985 -0.607706 0
      vertex -3.82985 -0.607706 2.4
    endloop
  endfacet
  facet normal 0.146725 -0.989177 0
    outer loop
      vertex -11.2096 6.08087 0
      vertex -10.6077 6.17015 2.4
      vertex -11.2096 6.08087 2.4
    endloop
  endfacet
  facet normal 0.146725 -0.989177 0
    outer loop
      vertex -10.6077 6.17015 2.4
      vertex -11.2096 6.08087 0
      vertex -10.6077 6.17015 0
    endloop
  endfacet
  facet normal 0.989195 0.146607 0
    outer loop
      vertex -16.0809 -1.20956 2.4
      vertex -16.1701 -0.607706 0
      vertex -16.1701 -0.607706 2.4
    endloop
  endfacet
  facet normal 0.989195 0.146607 0
    outer loop
      vertex -16.1701 -0.607706 0
      vertex -16.0809 -1.20956 2.4
      vertex -16.0809 -1.20956 0
    endloop
  endfacet
  facet normal -0.336895 0.941542 0
    outer loop
      vertex -7.62736 -5.72805 0
      vertex -8.20023 -5.93303 2.4
      vertex -7.62736 -5.72805 2.4
    endloop
  endfacet
  facet normal -0.336895 0.941542 0
    outer loop
      vertex -8.20023 -5.93303 2.4
      vertex -7.62736 -5.72805 0
      vertex -8.20023 -5.93303 0
    endloop
  endfacet
  facet normal -0.24298 0.970031 0
    outer loop
      vertex -8.20023 -5.93303 0
      vertex -8.79044 -6.08087 2.4
      vertex -8.20023 -5.93303 2.4
    endloop
  endfacet
  facet normal -0.24298 0.970031 0
    outer loop
      vertex -8.79044 -6.08087 2.4
      vertex -8.20023 -5.93303 0
      vertex -8.79044 -6.08087 0
    endloop
  endfacet
  facet normal 0.903951 -0.427636 0
    outer loop
      vertex -15.7281 2.37264 2.4
      vertex -15.4679 2.92266 0
      vertex -15.4679 2.92266 2.4
    endloop
  endfacet
  facet normal 0.903951 -0.427636 0
    outer loop
      vertex -15.4679 2.92266 0
      vertex -15.7281 2.37264 2.4
      vertex -15.7281 2.37264 0
    endloop
  endfacet
  facet normal 0.740951 0.671559 0
    outer loop
      vertex -14.3841 -4.38406 2.4
      vertex -14.7927 -3.93324 0
      vertex -14.7927 -3.93324 2.4
    endloop
  endfacet
  facet normal 0.740951 0.671559 0
    outer loop
      vertex -14.7927 -3.93324 0
      vertex -14.3841 -4.38406 2.4
      vertex -14.3841 -4.38406 0
    endloop
  endfacet
  facet normal 0.595705 0.803203 -0
    outer loop
      vertex -13.4445 -5.15511 0
      vertex -13.9332 -4.79266 2.4
      vertex -13.4445 -5.15511 2.4
    endloop
  endfacet
  facet normal 0.595705 0.803203 0
    outer loop
      vertex -13.9332 -4.79266 2.4
      vertex -13.4445 -5.15511 0
      vertex -13.9332 -4.79266 0
    endloop
  endfacet
  facet normal -0.903989 0.427555 0
    outer loop
      vertex -4.53209 -2.92266 0
      vertex -4.27195 -2.37264 2.4
      vertex -4.27195 -2.37264 0
    endloop
  endfacet
  facet normal -0.903989 0.427555 0
    outer loop
      vertex -4.27195 -2.37264 2.4
      vertex -4.53209 -2.92266 0
      vertex -4.53209 -2.92266 2.4
    endloop
  endfacet
  facet normal -0.857731 0.514099 0
    outer loop
      vertex -4.84489 -3.44454 0
      vertex -4.53209 -2.92266 2.4
      vertex -4.53209 -2.92266 0
    endloop
  endfacet
  facet normal -0.857731 0.514099 0
    outer loop
      vertex -4.53209 -2.92266 2.4
      vertex -4.84489 -3.44454 0
      vertex -4.84489 -3.44454 2.4
    endloop
  endfacet
  facet normal 0.0490605 0.998796 -0
    outer loop
      vertex -10 -6.2 0
      vertex -10.6077 -6.17015 2.4
      vertex -10 -6.2 2.4
    endloop
  endfacet
  facet normal 0.0490605 0.998796 0
    outer loop
      vertex -10.6077 -6.17015 2.4
      vertex -10 -6.2 0
      vertex -10.6077 -6.17015 0
    endloop
  endfacet
  facet normal 0.998792 -0.049142 0
    outer loop
      vertex -16.2 0 2.4
      vertex -16.1701 0.607706 0
      vertex -16.1701 0.607706 2.4
    endloop
  endfacet
  facet normal 0.998792 -0.049142 0
    outer loop
      vertex -16.1701 0.607706 0
      vertex -16.2 0 2.4
      vertex -16.2 0 0
    endloop
  endfacet
  facet normal 0.336932 0.941529 -0
    outer loop
      vertex -11.7998 -5.93303 0
      vertex -12.3726 -5.72805 2.4
      vertex -11.7998 -5.93303 2.4
    endloop
  endfacet
  facet normal 0.336932 0.941529 0
    outer loop
      vertex -12.3726 -5.72805 2.4
      vertex -11.7998 -5.93303 0
      vertex -12.3726 -5.72805 0
    endloop
  endfacet
  facet normal -0.671559 0.740951 0
    outer loop
      vertex -5.61594 -4.38406 0
      vertex -6.06676 -4.79266 2.4
      vertex -5.61594 -4.38406 2.4
    endloop
  endfacet
  facet normal -0.671559 0.740951 0
    outer loop
      vertex -6.06676 -4.79266 2.4
      vertex -5.61594 -4.38406 0
      vertex -6.06676 -4.79266 0
    endloop
  endfacet
  facet normal 0.671494 0.74101 -0
    outer loop
      vertex -35.9332 -4.79266 0
      vertex -36.3841 -4.38406 2.4
      vertex -35.9332 -4.79266 2.4
    endloop
  endfacet
  facet normal 0.671494 0.74101 0
    outer loop
      vertex -36.3841 -4.38406 2.4
      vertex -35.9332 -4.79266 0
      vertex -36.3841 -4.38406 0
    endloop
  endfacet
  facet normal 0.941586 -0.336774 0
    outer loop
      vertex -37.933 1.79976 2.4
      vertex -37.7281 2.37264 0
      vertex -37.7281 2.37264 2.4
    endloop
  endfacet
  facet normal 0.941586 -0.336774 0
    outer loop
      vertex -37.7281 2.37264 0
      vertex -37.933 1.79976 2.4
      vertex -37.933 1.79976 0
    endloop
  endfacet
  facet normal -0.989195 -0.146607 0
    outer loop
      vertex -25.8299 0.607706 0
      vertex -25.9191 1.20956 2.4
      vertex -25.9191 1.20956 0
    endloop
  endfacet
  facet normal -0.989195 -0.146607 0
    outer loop
      vertex -25.9191 1.20956 2.4
      vertex -25.8299 0.607706 0
      vertex -25.8299 0.607706 2.4
    endloop
  endfacet
  facet normal -0.998792 -0.049142 0
    outer loop
      vertex -25.8 0 0
      vertex -25.8299 0.607706 2.4
      vertex -25.8299 0.607706 0
    endloop
  endfacet
  facet normal -0.998792 -0.049142 0
    outer loop
      vertex -25.8299 0.607706 2.4
      vertex -25.8 0 0
      vertex -25.8 0 2.4
    endloop
  endfacet
  facet normal 0.514157 0.857696 -0
    outer loop
      vertex -34.9227 -5.46791 0
      vertex -35.4445 -5.15511 2.4
      vertex -34.9227 -5.46791 2.4
    endloop
  endfacet
  facet normal 0.514157 0.857696 0
    outer loop
      vertex -35.4445 -5.15511 2.4
      vertex -34.9227 -5.46791 0
      vertex -35.4445 -5.15511 0
    endloop
  endfacet
  facet normal -0.671494 -0.74101 0
    outer loop
      vertex -28.0668 4.79266 0
      vertex -27.6159 4.38406 2.4
      vertex -28.0668 4.79266 2.4
    endloop
  endfacet
  facet normal -0.671494 -0.74101 -0
    outer loop
      vertex -27.6159 4.38406 2.4
      vertex -28.0668 4.79266 0
      vertex -27.6159 4.38406 0
    endloop
  endfacet
  facet normal 0.146725 0.989177 -0
    outer loop
      vertex -32.6077 -6.17015 0
      vertex -33.2096 -6.08087 2.4
      vertex -32.6077 -6.17015 2.4
    endloop
  endfacet
  facet normal 0.146725 0.989177 0
    outer loop
      vertex -33.2096 -6.08087 2.4
      vertex -32.6077 -6.17015 0
      vertex -33.2096 -6.08087 0
    endloop
  endfacet
  facet normal -0.740951 -0.671559 0
    outer loop
      vertex -27.2073 3.93324 0
      vertex -27.6159 4.38406 2.4
      vertex -27.6159 4.38406 0
    endloop
  endfacet
  facet normal -0.740951 -0.671559 0
    outer loop
      vertex -27.6159 4.38406 2.4
      vertex -27.2073 3.93324 0
      vertex -27.2073 3.93324 2.4
    endloop
  endfacet
  facet normal -0.427504 -0.904013 0
    outer loop
      vertex -29.6274 5.72805 0
      vertex -29.0773 5.46791 2.4
      vertex -29.6274 5.72805 2.4
    endloop
  endfacet
  facet normal -0.427504 -0.904013 -0
    outer loop
      vertex -29.0773 5.46791 2.4
      vertex -29.6274 5.72805 0
      vertex -29.0773 5.46791 0
    endloop
  endfacet
  facet normal -0.0490605 0.998796 0
    outer loop
      vertex -31.3923 -6.17015 0
      vertex -32 -6.2 2.4
      vertex -31.3923 -6.17015 2.4
    endloop
  endfacet
  facet normal -0.0490605 0.998796 0
    outer loop
      vertex -32 -6.2 2.4
      vertex -31.3923 -6.17015 0
      vertex -32 -6.2 0
    endloop
  endfacet
  facet normal 0.740951 -0.671559 0
    outer loop
      vertex -36.7927 3.93324 2.4
      vertex -36.3841 4.38406 0
      vertex -36.3841 4.38406 2.4
    endloop
  endfacet
  facet normal 0.740951 -0.671559 0
    outer loop
      vertex -36.3841 4.38406 0
      vertex -36.7927 3.93324 2.4
      vertex -36.7927 3.93324 0
    endloop
  endfacet
  facet normal -0.989195 0.146607 0
    outer loop
      vertex -25.9191 -1.20956 0
      vertex -25.8299 -0.607706 2.4
      vertex -25.8299 -0.607706 0
    endloop
  endfacet
  facet normal -0.989195 0.146607 0
    outer loop
      vertex -25.8299 -0.607706 2.4
      vertex -25.9191 -1.20956 0
      vertex -25.9191 -1.20956 2.4
    endloop
  endfacet
  facet normal -0.903951 -0.427636 0
    outer loop
      vertex -26.2719 2.37264 0
      vertex -26.5321 2.92266 2.4
      vertex -26.5321 2.92266 0
    endloop
  endfacet
  facet normal -0.903951 -0.427636 0
    outer loop
      vertex -26.5321 2.92266 2.4
      vertex -26.2719 2.37264 0
      vertex -26.2719 2.37264 2.4
    endloop
  endfacet
  facet normal 0.242984 -0.97003 0
    outer loop
      vertex -33.7998 5.93303 0
      vertex -33.2096 6.08087 2.4
      vertex -33.7998 5.93303 2.4
    endloop
  endfacet
  facet normal 0.242984 -0.97003 0
    outer loop
      vertex -33.2096 6.08087 2.4
      vertex -33.7998 5.93303 0
      vertex -33.2096 6.08087 0
    endloop
  endfacet
  facet normal 0.803243 -0.595652 0
    outer loop
      vertex -37.1551 3.44454 2.4
      vertex -36.7927 3.93324 0
      vertex -36.7927 3.93324 2.4
    endloop
  endfacet
  facet normal 0.803243 -0.595652 0
    outer loop
      vertex -36.7927 3.93324 0
      vertex -37.1551 3.44454 2.4
      vertex -37.1551 3.44454 0
    endloop
  endfacet
  facet normal -0.242984 -0.97003 0
    outer loop
      vertex -30.7904 6.08087 0
      vertex -30.2002 5.93303 2.4
      vertex -30.7904 6.08087 2.4
    endloop
  endfacet
  facet normal -0.242984 -0.97003 -0
    outer loop
      vertex -30.2002 5.93303 2.4
      vertex -30.7904 6.08087 0
      vertex -30.2002 5.93303 0
    endloop
  endfacet
  facet normal -0.336932 -0.941529 0
    outer loop
      vertex -30.2002 5.93303 0
      vertex -29.6274 5.72805 2.4
      vertex -30.2002 5.93303 2.4
    endloop
  endfacet
  facet normal -0.336932 -0.941529 -0
    outer loop
      vertex -29.6274 5.72805 2.4
      vertex -30.2002 5.93303 0
      vertex -29.6274 5.72805 0
    endloop
  endfacet
  facet normal -0.941586 -0.336774 0
    outer loop
      vertex -26.067 1.79976 0
      vertex -26.2719 2.37264 2.4
      vertex -26.2719 2.37264 0
    endloop
  endfacet
  facet normal -0.941586 -0.336774 0
    outer loop
      vertex -26.2719 2.37264 2.4
      vertex -26.067 1.79976 0
      vertex -26.067 1.79976 2.4
    endloop
  endfacet
  facet normal -0.595705 -0.803203 0
    outer loop
      vertex -28.5555 5.15511 0
      vertex -28.0668 4.79266 2.4
      vertex -28.5555 5.15511 2.4
    endloop
  endfacet
  facet normal -0.595705 -0.803203 -0
    outer loop
      vertex -28.0668 4.79266 2.4
      vertex -28.5555 5.15511 0
      vertex -28.0668 4.79266 0
    endloop
  endfacet
  facet normal 0.857731 0.514099 0
    outer loop
      vertex -37.1551 -3.44454 2.4
      vertex -37.4679 -2.92266 0
      vertex -37.4679 -2.92266 2.4
    endloop
  endfacet
  facet normal 0.857731 0.514099 0
    outer loop
      vertex -37.4679 -2.92266 0
      vertex -37.1551 -3.44454 2.4
      vertex -37.1551 -3.44454 0
    endloop
  endfacet
  facet normal -0.514157 -0.857696 0
    outer loop
      vertex -29.0773 5.46791 0
      vertex -28.5555 5.15511 2.4
      vertex -29.0773 5.46791 2.4
    endloop
  endfacet
  facet normal -0.514157 -0.857696 -0
    outer loop
      vertex -28.5555 5.15511 2.4
      vertex -29.0773 5.46791 0
      vertex -28.5555 5.15511 0
    endloop
  endfacet
  facet normal -0.941586 0.336774 0
    outer loop
      vertex -26.2719 -2.37264 0
      vertex -26.067 -1.79976 2.4
      vertex -26.067 -1.79976 0
    endloop
  endfacet
  facet normal -0.941586 0.336774 0
    outer loop
      vertex -26.067 -1.79976 2.4
      vertex -26.2719 -2.37264 0
      vertex -26.2719 -2.37264 2.4
    endloop
  endfacet
  facet normal 0.857731 -0.514099 0
    outer loop
      vertex -37.4679 2.92266 2.4
      vertex -37.1551 3.44454 0
      vertex -37.1551 3.44454 2.4
    endloop
  endfacet
  facet normal 0.857731 -0.514099 0
    outer loop
      vertex -37.1551 3.44454 0
      vertex -37.4679 2.92266 2.4
      vertex -37.4679 2.92266 0
    endloop
  endfacet
  facet normal 0.970007 0.243077 0
    outer loop
      vertex -37.933 -1.79976 2.4
      vertex -38.0809 -1.20956 0
      vertex -38.0809 -1.20956 2.4
    endloop
  endfacet
  facet normal 0.970007 0.243077 0
    outer loop
      vertex -38.0809 -1.20956 0
      vertex -37.933 -1.79976 2.4
      vertex -37.933 -1.79976 0
    endloop
  endfacet
  facet normal -0.0490605 -0.998796 0
    outer loop
      vertex -32 6.2 0
      vertex -31.3923 6.17015 2.4
      vertex -32 6.2 2.4
    endloop
  endfacet
  facet normal -0.0490605 -0.998796 -0
    outer loop
      vertex -31.3923 6.17015 2.4
      vertex -32 6.2 0
      vertex -31.3923 6.17015 0
    endloop
  endfacet
  facet normal -0.857731 -0.514099 0
    outer loop
      vertex -26.5321 2.92266 0
      vertex -26.8449 3.44454 2.4
      vertex -26.8449 3.44454 0
    endloop
  endfacet
  facet normal -0.857731 -0.514099 0
    outer loop
      vertex -26.8449 3.44454 2.4
      vertex -26.5321 2.92266 0
      vertex -26.5321 2.92266 2.4
    endloop
  endfacet
  facet normal 0.941586 0.336774 0
    outer loop
      vertex -37.7281 -2.37264 2.4
      vertex -37.933 -1.79976 0
      vertex -37.933 -1.79976 2.4
    endloop
  endfacet
  facet normal 0.941586 0.336774 0
    outer loop
      vertex -37.933 -1.79976 0
      vertex -37.7281 -2.37264 2.4
      vertex -37.7281 -2.37264 0
    endloop
  endfacet
  facet normal 0.671494 -0.74101 0
    outer loop
      vertex -36.3841 4.38406 0
      vertex -35.9332 4.79266 2.4
      vertex -36.3841 4.38406 2.4
    endloop
  endfacet
  facet normal 0.671494 -0.74101 0
    outer loop
      vertex -35.9332 4.79266 2.4
      vertex -36.3841 4.38406 0
      vertex -35.9332 4.79266 0
    endloop
  endfacet
  facet normal -0.970007 0.243077 0
    outer loop
      vertex -26.067 -1.79976 0
      vertex -25.9191 -1.20956 2.4
      vertex -25.9191 -1.20956 0
    endloop
  endfacet
  facet normal -0.970007 0.243077 0
    outer loop
      vertex -25.9191 -1.20956 2.4
      vertex -26.067 -1.79976 0
      vertex -26.067 -1.79976 2.4
    endloop
  endfacet
  facet normal 0.514157 -0.857696 0
    outer loop
      vertex -35.4445 5.15511 0
      vertex -34.9227 5.46791 2.4
      vertex -35.4445 5.15511 2.4
    endloop
  endfacet
  facet normal 0.514157 -0.857696 0
    outer loop
      vertex -34.9227 5.46791 2.4
      vertex -35.4445 5.15511 0
      vertex -34.9227 5.46791 0
    endloop
  endfacet
  facet normal 0.998792 0.049142 0
    outer loop
      vertex -38.1701 -0.607706 2.4
      vertex -38.2 0 0
      vertex -38.2 0 2.4
    endloop
  endfacet
  facet normal 0.998792 0.049142 0
    outer loop
      vertex -38.2 0 0
      vertex -38.1701 -0.607706 2.4
      vertex -38.1701 -0.607706 0
    endloop
  endfacet
  facet normal 0.970007 -0.243077 0
    outer loop
      vertex -38.0809 1.20956 2.4
      vertex -37.933 1.79976 0
      vertex -37.933 1.79976 2.4
    endloop
  endfacet
  facet normal 0.970007 -0.243077 0
    outer loop
      vertex -37.933 1.79976 0
      vertex -38.0809 1.20956 2.4
      vertex -38.0809 1.20956 0
    endloop
  endfacet
  facet normal -0.427504 0.904013 0
    outer loop
      vertex -29.0773 -5.46791 0
      vertex -29.6274 -5.72805 2.4
      vertex -29.0773 -5.46791 2.4
    endloop
  endfacet
  facet normal -0.427504 0.904013 0
    outer loop
      vertex -29.6274 -5.72805 2.4
      vertex -29.0773 -5.46791 0
      vertex -29.6274 -5.72805 0
    endloop
  endfacet
  facet normal 0.336932 -0.941529 0
    outer loop
      vertex -34.3726 5.72805 0
      vertex -33.7998 5.93303 2.4
      vertex -34.3726 5.72805 2.4
    endloop
  endfacet
  facet normal 0.336932 -0.941529 0
    outer loop
      vertex -33.7998 5.93303 2.4
      vertex -34.3726 5.72805 0
      vertex -33.7998 5.93303 0
    endloop
  endfacet
  facet normal -0.514157 0.857696 0
    outer loop
      vertex -28.5555 -5.15511 0
      vertex -29.0773 -5.46791 2.4
      vertex -28.5555 -5.15511 2.4
    endloop
  endfacet
  facet normal -0.514157 0.857696 0
    outer loop
      vertex -29.0773 -5.46791 2.4
      vertex -28.5555 -5.15511 0
      vertex -29.0773 -5.46791 0
    endloop
  endfacet
  facet normal -0.146725 0.989177 0
    outer loop
      vertex -30.7904 -6.08087 0
      vertex -31.3923 -6.17015 2.4
      vertex -30.7904 -6.08087 2.4
    endloop
  endfacet
  facet normal -0.146725 0.989177 0
    outer loop
      vertex -31.3923 -6.17015 2.4
      vertex -30.7904 -6.08087 0
      vertex -31.3923 -6.17015 0
    endloop
  endfacet
  facet normal -0.740951 0.671559 0
    outer loop
      vertex -27.6159 -4.38406 0
      vertex -27.2073 -3.93324 2.4
      vertex -27.2073 -3.93324 0
    endloop
  endfacet
  facet normal -0.740951 0.671559 0
    outer loop
      vertex -27.2073 -3.93324 2.4
      vertex -27.6159 -4.38406 0
      vertex -27.6159 -4.38406 2.4
    endloop
  endfacet
  facet normal -0.803243 0.595652 0
    outer loop
      vertex -27.2073 -3.93324 0
      vertex -26.8449 -3.44454 2.4
      vertex -26.8449 -3.44454 0
    endloop
  endfacet
  facet normal -0.803243 0.595652 0
    outer loop
      vertex -26.8449 -3.44454 2.4
      vertex -27.2073 -3.93324 0
      vertex -27.2073 -3.93324 2.4
    endloop
  endfacet
  facet normal 0.0490605 -0.998796 0
    outer loop
      vertex -32.6077 6.17015 0
      vertex -32 6.2 2.4
      vertex -32.6077 6.17015 2.4
    endloop
  endfacet
  facet normal 0.0490605 -0.998796 0
    outer loop
      vertex -32 6.2 2.4
      vertex -32.6077 6.17015 0
      vertex -32 6.2 0
    endloop
  endfacet
  facet normal 0.427504 -0.904013 0
    outer loop
      vertex -34.9227 5.46791 0
      vertex -34.3726 5.72805 2.4
      vertex -34.9227 5.46791 2.4
    endloop
  endfacet
  facet normal 0.427504 -0.904013 0
    outer loop
      vertex -34.3726 5.72805 2.4
      vertex -34.9227 5.46791 0
      vertex -34.3726 5.72805 0
    endloop
  endfacet
  facet normal 0.595705 -0.803203 0
    outer loop
      vertex -35.9332 4.79266 0
      vertex -35.4445 5.15511 2.4
      vertex -35.9332 4.79266 2.4
    endloop
  endfacet
  facet normal 0.595705 -0.803203 0
    outer loop
      vertex -35.4445 5.15511 2.4
      vertex -35.9332 4.79266 0
      vertex -35.4445 5.15511 0
    endloop
  endfacet
  facet normal 0.989195 -0.146607 0
    outer loop
      vertex -38.1701 0.607706 2.4
      vertex -38.0809 1.20956 0
      vertex -38.0809 1.20956 2.4
    endloop
  endfacet
  facet normal 0.989195 -0.146607 0
    outer loop
      vertex -38.0809 1.20956 0
      vertex -38.1701 0.607706 2.4
      vertex -38.1701 0.607706 0
    endloop
  endfacet
  facet normal 0.242984 0.97003 -0
    outer loop
      vertex -33.2096 -6.08087 0
      vertex -33.7998 -5.93303 2.4
      vertex -33.2096 -6.08087 2.4
    endloop
  endfacet
  facet normal 0.242984 0.97003 0
    outer loop
      vertex -33.7998 -5.93303 2.4
      vertex -33.2096 -6.08087 0
      vertex -33.7998 -5.93303 0
    endloop
  endfacet
  facet normal -0.970007 -0.243077 0
    outer loop
      vertex -25.9191 1.20956 0
      vertex -26.067 1.79976 2.4
      vertex -26.067 1.79976 0
    endloop
  endfacet
  facet normal -0.970007 -0.243077 0
    outer loop
      vertex -26.067 1.79976 2.4
      vertex -25.9191 1.20956 0
      vertex -25.9191 1.20956 2.4
    endloop
  endfacet
  facet normal -0.803243 -0.595652 0
    outer loop
      vertex -26.8449 3.44454 0
      vertex -27.2073 3.93324 2.4
      vertex -27.2073 3.93324 0
    endloop
  endfacet
  facet normal -0.803243 -0.595652 0
    outer loop
      vertex -27.2073 3.93324 2.4
      vertex -26.8449 3.44454 0
      vertex -26.8449 3.44454 2.4
    endloop
  endfacet
  facet normal 0.803243 0.595652 0
    outer loop
      vertex -36.7927 -3.93324 2.4
      vertex -37.1551 -3.44454 0
      vertex -37.1551 -3.44454 2.4
    endloop
  endfacet
  facet normal 0.803243 0.595652 0
    outer loop
      vertex -37.1551 -3.44454 0
      vertex -36.7927 -3.93324 2.4
      vertex -36.7927 -3.93324 0
    endloop
  endfacet
  facet normal 0.903951 0.427636 0
    outer loop
      vertex -37.4679 -2.92266 2.4
      vertex -37.7281 -2.37264 0
      vertex -37.7281 -2.37264 2.4
    endloop
  endfacet
  facet normal 0.903951 0.427636 0
    outer loop
      vertex -37.7281 -2.37264 0
      vertex -37.4679 -2.92266 2.4
      vertex -37.4679 -2.92266 0
    endloop
  endfacet
  facet normal -0.146725 -0.989177 0
    outer loop
      vertex -31.3923 6.17015 0
      vertex -30.7904 6.08087 2.4
      vertex -31.3923 6.17015 2.4
    endloop
  endfacet
  facet normal -0.146725 -0.989177 -0
    outer loop
      vertex -30.7904 6.08087 2.4
      vertex -31.3923 6.17015 0
      vertex -30.7904 6.08087 0
    endloop
  endfacet
  facet normal 0.427504 0.904013 -0
    outer loop
      vertex -34.3726 -5.72805 0
      vertex -34.9227 -5.46791 2.4
      vertex -34.3726 -5.72805 2.4
    endloop
  endfacet
  facet normal 0.427504 0.904013 0
    outer loop
      vertex -34.9227 -5.46791 2.4
      vertex -34.3726 -5.72805 0
      vertex -34.9227 -5.46791 0
    endloop
  endfacet
  facet normal -0.595705 0.803203 0
    outer loop
      vertex -28.0668 -4.79266 0
      vertex -28.5555 -5.15511 2.4
      vertex -28.0668 -4.79266 2.4
    endloop
  endfacet
  facet normal -0.595705 0.803203 0
    outer loop
      vertex -28.5555 -5.15511 2.4
      vertex -28.0668 -4.79266 0
      vertex -28.5555 -5.15511 0
    endloop
  endfacet
  facet normal -0.998792 0.049142 0
    outer loop
      vertex -25.8299 -0.607706 0
      vertex -25.8 0 2.4
      vertex -25.8 0 0
    endloop
  endfacet
  facet normal -0.998792 0.049142 0
    outer loop
      vertex -25.8 0 2.4
      vertex -25.8299 -0.607706 0
      vertex -25.8299 -0.607706 2.4
    endloop
  endfacet
  facet normal 0.146725 -0.989177 0
    outer loop
      vertex -33.2096 6.08087 0
      vertex -32.6077 6.17015 2.4
      vertex -33.2096 6.08087 2.4
    endloop
  endfacet
  facet normal 0.146725 -0.989177 0
    outer loop
      vertex -32.6077 6.17015 2.4
      vertex -33.2096 6.08087 0
      vertex -32.6077 6.17015 0
    endloop
  endfacet
  facet normal 0.989195 0.146607 0
    outer loop
      vertex -38.0809 -1.20956 2.4
      vertex -38.1701 -0.607706 0
      vertex -38.1701 -0.607706 2.4
    endloop
  endfacet
  facet normal 0.989195 0.146607 0
    outer loop
      vertex -38.1701 -0.607706 0
      vertex -38.0809 -1.20956 2.4
      vertex -38.0809 -1.20956 0
    endloop
  endfacet
  facet normal -0.336932 0.941529 0
    outer loop
      vertex -29.6274 -5.72805 0
      vertex -30.2002 -5.93303 2.4
      vertex -29.6274 -5.72805 2.4
    endloop
  endfacet
  facet normal -0.336932 0.941529 0
    outer loop
      vertex -30.2002 -5.93303 2.4
      vertex -29.6274 -5.72805 0
      vertex -30.2002 -5.93303 0
    endloop
  endfacet
  facet normal -0.242984 0.97003 0
    outer loop
      vertex -30.2002 -5.93303 0
      vertex -30.7904 -6.08087 2.4
      vertex -30.2002 -5.93303 2.4
    endloop
  endfacet
  facet normal -0.242984 0.97003 0
    outer loop
      vertex -30.7904 -6.08087 2.4
      vertex -30.2002 -5.93303 0
      vertex -30.7904 -6.08087 0
    endloop
  endfacet
  facet normal 0.903951 -0.427636 0
    outer loop
      vertex -37.7281 2.37264 2.4
      vertex -37.4679 2.92266 0
      vertex -37.4679 2.92266 2.4
    endloop
  endfacet
  facet normal 0.903951 -0.427636 0
    outer loop
      vertex -37.4679 2.92266 0
      vertex -37.7281 2.37264 2.4
      vertex -37.7281 2.37264 0
    endloop
  endfacet
  facet normal 0.740951 0.671559 0
    outer loop
      vertex -36.3841 -4.38406 2.4
      vertex -36.7927 -3.93324 0
      vertex -36.7927 -3.93324 2.4
    endloop
  endfacet
  facet normal 0.740951 0.671559 0
    outer loop
      vertex -36.7927 -3.93324 0
      vertex -36.3841 -4.38406 2.4
      vertex -36.3841 -4.38406 0
    endloop
  endfacet
  facet normal 0.595705 0.803203 -0
    outer loop
      vertex -35.4445 -5.15511 0
      vertex -35.9332 -4.79266 2.4
      vertex -35.4445 -5.15511 2.4
    endloop
  endfacet
  facet normal 0.595705 0.803203 0
    outer loop
      vertex -35.9332 -4.79266 2.4
      vertex -35.4445 -5.15511 0
      vertex -35.9332 -4.79266 0
    endloop
  endfacet
  facet normal -0.903951 0.427636 0
    outer loop
      vertex -26.5321 -2.92266 0
      vertex -26.2719 -2.37264 2.4
      vertex -26.2719 -2.37264 0
    endloop
  endfacet
  facet normal -0.903951 0.427636 0
    outer loop
      vertex -26.2719 -2.37264 2.4
      vertex -26.5321 -2.92266 0
      vertex -26.5321 -2.92266 2.4
    endloop
  endfacet
  facet normal -0.857731 0.514099 0
    outer loop
      vertex -26.8449 -3.44454 0
      vertex -26.5321 -2.92266 2.4
      vertex -26.5321 -2.92266 0
    endloop
  endfacet
  facet normal -0.857731 0.514099 0
    outer loop
      vertex -26.5321 -2.92266 2.4
      vertex -26.8449 -3.44454 0
      vertex -26.8449 -3.44454 2.4
    endloop
  endfacet
  facet normal 0.0490605 0.998796 -0
    outer loop
      vertex -32 -6.2 0
      vertex -32.6077 -6.17015 2.4
      vertex -32 -6.2 2.4
    endloop
  endfacet
  facet normal 0.0490605 0.998796 0
    outer loop
      vertex -32.6077 -6.17015 2.4
      vertex -32 -6.2 0
      vertex -32.6077 -6.17015 0
    endloop
  endfacet
  facet normal 0.998792 -0.049142 0
    outer loop
      vertex -38.2 0 2.4
      vertex -38.1701 0.607706 0
      vertex -38.1701 0.607706 2.4
    endloop
  endfacet
  facet normal 0.998792 -0.049142 0
    outer loop
      vertex -38.1701 0.607706 0
      vertex -38.2 0 2.4
      vertex -38.2 0 0
    endloop
  endfacet
  facet normal 0.336932 0.941529 -0
    outer loop
      vertex -33.7998 -5.93303 0
      vertex -34.3726 -5.72805 2.4
      vertex -33.7998 -5.93303 2.4
    endloop
  endfacet
  facet normal 0.336932 0.941529 0
    outer loop
      vertex -34.3726 -5.72805 2.4
      vertex -33.7998 -5.93303 0
      vertex -34.3726 -5.72805 0
    endloop
  endfacet
  facet normal -0.671494 0.74101 0
    outer loop
      vertex -27.6159 -4.38406 0
      vertex -28.0668 -4.79266 2.4
      vertex -27.6159 -4.38406 2.4
    endloop
  endfacet
  facet normal -0.671494 0.74101 0
    outer loop
      vertex -28.0668 -4.79266 2.4
      vertex -27.6159 -4.38406 0
      vertex -28.0668 -4.79266 0
    endloop
  endfacet
  facet normal -0.741011 -0.671493 0
    outer loop
      vertex 27.8601 2.34725 0
      vertex 27.6163 2.61629 2.4
      vertex 27.6163 2.61629 0
    endloop
  endfacet
  facet normal -0.741011 -0.671493 0
    outer loop
      vertex 27.6163 2.61629 2.4
      vertex 27.8601 2.34725 0
      vertex 27.8601 2.34725 2.4
    endloop
  endfacet
  facet normal -0.989168 -0.14679 0
    outer loop
      vertex 28.6822 0.362663 0
      vertex 28.6289 0.721834 2.4
      vertex 28.6289 0.721834 0
    endloop
  endfacet
  facet normal -0.989168 -0.14679 0
    outer loop
      vertex 28.6289 0.721834 2.4
      vertex 28.6822 0.362663 0
      vertex 28.6822 0.362663 2.4
    endloop
  endfacet
  facet normal -0.998798 -0.0490224 0
    outer loop
      vertex 28.7 0 0
      vertex 28.6822 0.362663 2.4
      vertex 28.6822 0.362663 0
    endloop
  endfacet
  facet normal -0.998798 -0.0490224 0
    outer loop
      vertex 28.6822 0.362663 2.4
      vertex 28.7 0 0
      vertex 28.7 0 2.4
    endloop
  endfacet
  facet normal -0.903932 0.427677 0
    outer loop
      vertex 28.2631 -1.74417 0
      vertex 28.4184 -1.41593 2.4
      vertex 28.4184 -1.41593 0
    endloop
  endfacet
  facet normal -0.903932 0.427677 0
    outer loop
      vertex 28.4184 -1.41593 2.4
      vertex 28.2631 -1.74417 0
      vertex 28.2631 -1.74417 2.4
    endloop
  endfacet
  facet normal -0.595629 -0.80326 0
    outer loop
      vertex 27.0556 3.07644 0
      vertex 27.3473 2.86014 2.4
      vertex 27.0556 3.07644 2.4
    endloop
  endfacet
  facet normal -0.595629 -0.80326 -0
    outer loop
      vertex 27.3473 2.86014 2.4
      vertex 27.0556 3.07644 0
      vertex 27.3473 2.86014 0
    endloop
  endfacet
  facet normal -0.336968 -0.941516 0
    outer loop
      vertex 26.0741 3.54068 0
      vertex 26.4159 3.41835 2.4
      vertex 26.0741 3.54068 2.4
    endloop
  endfacet
  facet normal -0.336968 -0.941516 -0
    outer loop
      vertex 26.4159 3.41835 2.4
      vertex 26.0741 3.54068 0
      vertex 26.4159 3.41835 0
    endloop
  endfacet
  facet normal -0.989168 0.14679 0
    outer loop
      vertex 28.6289 -0.721834 0
      vertex 28.6822 -0.362663 2.4
      vertex 28.6822 -0.362663 0
    endloop
  endfacet
  facet normal -0.989168 0.14679 0
    outer loop
      vertex 28.6822 -0.362663 2.4
      vertex 28.6289 -0.721834 0
      vertex 28.6289 -0.721834 2.4
    endloop
  endfacet
  facet normal -0.336968 0.941516 0
    outer loop
      vertex 26.4159 -3.41835 0
      vertex 26.0741 -3.54068 2.4
      vertex 26.4159 -3.41835 2.4
    endloop
  endfacet
  facet normal -0.336968 0.941516 0
    outer loop
      vertex 26.0741 -3.54068 2.4
      vertex 26.4159 -3.41835 0
      vertex 26.0741 -3.54068 0
    endloop
  endfacet
  facet normal 0.998798 0.0490224 0
    outer loop
      vertex 21.3178 -0.362663 2.4
      vertex 21.3 0 0
      vertex 21.3 0 2.4
    endloop
  endfacet
  facet normal 0.998798 0.0490224 0
    outer loop
      vertex 21.3 0 0
      vertex 21.3178 -0.362663 2.4
      vertex 21.3178 -0.362663 0
    endloop
  endfacet
  facet normal 0.671623 -0.740893 0
    outer loop
      vertex 22.3837 2.61629 0
      vertex 22.6527 2.86014 2.4
      vertex 22.3837 2.61629 2.4
    endloop
  endfacet
  facet normal 0.671623 -0.740893 0
    outer loop
      vertex 22.6527 2.86014 2.4
      vertex 22.3837 2.61629 0
      vertex 22.6527 2.86014 0
    endloop
  endfacet
  facet normal 0.970048 0.242914 0
    outer loop
      vertex 21.4593 -1.07405 2.4
      vertex 21.3711 -0.721834 0
      vertex 21.3711 -0.721834 2.4
    endloop
  endfacet
  facet normal 0.970048 0.242914 0
    outer loop
      vertex 21.3711 -0.721834 0
      vertex 21.4593 -1.07405 2.4
      vertex 21.4593 -1.07405 0
    endloop
  endfacet
  facet normal -0.803201 -0.595708 0
    outer loop
      vertex 28.0764 2.05561 0
      vertex 27.8601 2.34725 2.4
      vertex 27.8601 2.34725 0
    endloop
  endfacet
  facet normal -0.803201 -0.595708 0
    outer loop
      vertex 27.8601 2.34725 2.4
      vertex 28.0764 2.05561 0
      vertex 28.0764 2.05561 2.4
    endloop
  endfacet
  facet normal 0.941567 0.336825 0
    outer loop
      vertex 21.5816 -1.41593 2.4
      vertex 21.4593 -1.07405 0
      vertex 21.4593 -1.07405 2.4
    endloop
  endfacet
  facet normal 0.941567 0.336825 0
    outer loop
      vertex 21.4593 -1.07405 0
      vertex 21.5816 -1.41593 2.4
      vertex 21.5816 -1.41593 0
    endloop
  endfacet
  facet normal 0.857692 -0.514164 0
    outer loop
      vertex 21.7369 1.74417 2.4
      vertex 21.9236 2.05561 0
      vertex 21.9236 2.05561 2.4
    endloop
  endfacet
  facet normal 0.857692 -0.514164 0
    outer loop
      vertex 21.9236 2.05561 0
      vertex 21.7369 1.74417 2.4
      vertex 21.7369 1.74417 0
    endloop
  endfacet
  facet normal -0.941567 0.336825 0
    outer loop
      vertex 28.4184 -1.41593 0
      vertex 28.5407 -1.07405 2.4
      vertex 28.5407 -1.07405 0
    endloop
  endfacet
  facet normal -0.941567 0.336825 0
    outer loop
      vertex 28.5407 -1.07405 2.4
      vertex 28.4184 -1.41593 0
      vertex 28.4184 -1.41593 2.4
    endloop
  endfacet
  facet normal -0.857692 0.514164 0
    outer loop
      vertex 28.0764 -2.05561 0
      vertex 28.2631 -1.74417 2.4
      vertex 28.2631 -1.74417 0
    endloop
  endfacet
  facet normal -0.857692 0.514164 0
    outer loop
      vertex 28.2631 -1.74417 2.4
      vertex 28.0764 -2.05561 0
      vertex 28.0764 -2.05561 2.4
    endloop
  endfacet
  facet normal -0.514151 -0.857699 0
    outer loop
      vertex 26.7442 3.26311 0
      vertex 27.0556 3.07644 2.4
      vertex 26.7442 3.26311 2.4
    endloop
  endfacet
  facet normal -0.514151 -0.857699 -0
    outer loop
      vertex 27.0556 3.07644 2.4
      vertex 26.7442 3.26311 0
      vertex 27.0556 3.07644 0
    endloop
  endfacet
  facet normal 0.242937 -0.970042 0
    outer loop
      vertex 23.9259 3.54068 0
      vertex 24.2782 3.62891 2.4
      vertex 23.9259 3.54068 2.4
    endloop
  endfacet
  facet normal 0.242937 -0.970042 0
    outer loop
      vertex 24.2782 3.62891 2.4
      vertex 23.9259 3.54068 0
      vertex 24.2782 3.62891 0
    endloop
  endfacet
  facet normal 0.595629 0.80326 -0
    outer loop
      vertex 22.9444 -3.07644 0
      vertex 22.6527 -2.86014 2.4
      vertex 22.9444 -3.07644 2.4
    endloop
  endfacet
  facet normal 0.595629 0.80326 0
    outer loop
      vertex 22.6527 -2.86014 2.4
      vertex 22.9444 -3.07644 0
      vertex 22.6527 -2.86014 0
    endloop
  endfacet
  facet normal -0.427478 -0.904026 0
    outer loop
      vertex 26.4159 3.41835 0
      vertex 26.7442 3.26311 2.4
      vertex 26.4159 3.41835 2.4
    endloop
  endfacet
  facet normal -0.427478 -0.904026 -0
    outer loop
      vertex 26.7442 3.26311 2.4
      vertex 26.4159 3.41835 0
      vertex 26.7442 3.26311 0
    endloop
  endfacet
  facet normal -0.671623 -0.740893 0
    outer loop
      vertex 27.3473 2.86014 0
      vertex 27.6163 2.61629 2.4
      vertex 27.3473 2.86014 2.4
    endloop
  endfacet
  facet normal -0.671623 -0.740893 -0
    outer loop
      vertex 27.6163 2.61629 2.4
      vertex 27.3473 2.86014 0
      vertex 27.6163 2.61629 0
    endloop
  endfacet
  facet normal -0.857692 -0.514164 0
    outer loop
      vertex 28.2631 1.74417 0
      vertex 28.0764 2.05561 2.4
      vertex 28.0764 2.05561 0
    endloop
  endfacet
  facet normal -0.857692 -0.514164 0
    outer loop
      vertex 28.0764 2.05561 2.4
      vertex 28.2631 1.74417 0
      vertex 28.2631 1.74417 2.4
    endloop
  endfacet
  facet normal -0.903932 -0.427677 0
    outer loop
      vertex 28.4184 1.41593 0
      vertex 28.2631 1.74417 2.4
      vertex 28.2631 1.74417 0
    endloop
  endfacet
  facet normal -0.903932 -0.427677 0
    outer loop
      vertex 28.2631 1.74417 2.4
      vertex 28.4184 1.41593 0
      vertex 28.4184 1.41593 2.4
    endloop
  endfacet
  facet normal 0.427478 0.904026 -0
    outer loop
      vertex 23.5841 -3.41835 0
      vertex 23.2558 -3.26311 2.4
      vertex 23.5841 -3.41835 2.4
    endloop
  endfacet
  facet normal 0.427478 0.904026 0
    outer loop
      vertex 23.2558 -3.26311 2.4
      vertex 23.5841 -3.41835 0
      vertex 23.2558 -3.26311 0
    endloop
  endfacet
  facet normal -0.242937 -0.970042 0
    outer loop
      vertex 25.7218 3.62891 0
      vertex 26.0741 3.54068 2.4
      vertex 25.7218 3.62891 2.4
    endloop
  endfacet
  facet normal -0.242937 -0.970042 -0
    outer loop
      vertex 26.0741 3.54068 2.4
      vertex 25.7218 3.62891 0
      vertex 26.0741 3.54068 0
    endloop
  endfacet
  facet normal -0.146737 0.989175 0
    outer loop
      vertex 25.7218 -3.62891 0
      vertex 25.3627 -3.68218 2.4
      vertex 25.7218 -3.62891 2.4
    endloop
  endfacet
  facet normal -0.146737 0.989175 0
    outer loop
      vertex 25.3627 -3.68218 2.4
      vertex 25.7218 -3.62891 0
      vertex 25.3627 -3.68218 0
    endloop
  endfacet
  facet normal 0.903932 -0.427677 0
    outer loop
      vertex 21.5816 1.41593 2.4
      vertex 21.7369 1.74417 0
      vertex 21.7369 1.74417 2.4
    endloop
  endfacet
  facet normal 0.903932 -0.427677 0
    outer loop
      vertex 21.7369 1.74417 0
      vertex 21.5816 1.41593 2.4
      vertex 21.5816 1.41593 0
    endloop
  endfacet
  facet normal -0.941567 -0.336825 0
    outer loop
      vertex 28.5407 1.07405 0
      vertex 28.4184 1.41593 2.4
      vertex 28.4184 1.41593 0
    endloop
  endfacet
  facet normal -0.941567 -0.336825 0
    outer loop
      vertex 28.4184 1.41593 2.4
      vertex 28.5407 1.07405 0
      vertex 28.5407 1.07405 2.4
    endloop
  endfacet
  facet normal -0.427478 0.904026 0
    outer loop
      vertex 26.7442 -3.26311 0
      vertex 26.4159 -3.41835 2.4
      vertex 26.7442 -3.26311 2.4
    endloop
  endfacet
  facet normal -0.427478 0.904026 0
    outer loop
      vertex 26.4159 -3.41835 2.4
      vertex 26.7442 -3.26311 0
      vertex 26.4159 -3.41835 0
    endloop
  endfacet
  facet normal 0.741011 -0.671493 0
    outer loop
      vertex 22.1399 2.34725 2.4
      vertex 22.3837 2.61629 0
      vertex 22.3837 2.61629 2.4
    endloop
  endfacet
  facet normal 0.741011 -0.671493 0
    outer loop
      vertex 22.3837 2.61629 0
      vertex 22.1399 2.34725 2.4
      vertex 22.1399 2.34725 0
    endloop
  endfacet
  facet normal 0.0490723 -0.998795 0
    outer loop
      vertex 24.6373 3.68218 0
      vertex 25 3.7 2.4
      vertex 24.6373 3.68218 2.4
    endloop
  endfacet
  facet normal 0.0490723 -0.998795 0
    outer loop
      vertex 25 3.7 2.4
      vertex 24.6373 3.68218 0
      vertex 25 3.7 0
    endloop
  endfacet
  facet normal 0.595629 -0.80326 0
    outer loop
      vertex 22.6527 2.86014 0
      vertex 22.9444 3.07644 2.4
      vertex 22.6527 2.86014 2.4
    endloop
  endfacet
  facet normal 0.595629 -0.80326 0
    outer loop
      vertex 22.9444 3.07644 2.4
      vertex 22.6527 2.86014 0
      vertex 22.9444 3.07644 0
    endloop
  endfacet
  facet normal -0.0490723 -0.998795 0
    outer loop
      vertex 25 3.7 0
      vertex 25.3627 3.68218 2.4
      vertex 25 3.7 2.4
    endloop
  endfacet
  facet normal -0.0490723 -0.998795 -0
    outer loop
      vertex 25.3627 3.68218 2.4
      vertex 25 3.7 0
      vertex 25.3627 3.68218 0
    endloop
  endfacet
  facet normal 0.336968 0.941516 -0
    outer loop
      vertex 23.9259 -3.54068 0
      vertex 23.5841 -3.41835 2.4
      vertex 23.9259 -3.54068 2.4
    endloop
  endfacet
  facet normal 0.336968 0.941516 0
    outer loop
      vertex 23.5841 -3.41835 2.4
      vertex 23.9259 -3.54068 0
      vertex 23.5841 -3.41835 0
    endloop
  endfacet
  facet normal 0.146737 -0.989175 0
    outer loop
      vertex 24.2782 3.62891 0
      vertex 24.6373 3.68218 2.4
      vertex 24.2782 3.62891 2.4
    endloop
  endfacet
  facet normal 0.146737 -0.989175 0
    outer loop
      vertex 24.6373 3.68218 2.4
      vertex 24.2782 3.62891 0
      vertex 24.6373 3.68218 0
    endloop
  endfacet
  facet normal -0.146737 -0.989175 0
    outer loop
      vertex 25.3627 3.68218 0
      vertex 25.7218 3.62891 2.4
      vertex 25.3627 3.68218 2.4
    endloop
  endfacet
  facet normal -0.146737 -0.989175 -0
    outer loop
      vertex 25.7218 3.62891 2.4
      vertex 25.3627 3.68218 0
      vertex 25.7218 3.62891 0
    endloop
  endfacet
  facet normal -0.970048 0.242914 0
    outer loop
      vertex 28.5407 -1.07405 0
      vertex 28.6289 -0.721834 2.4
      vertex 28.6289 -0.721834 0
    endloop
  endfacet
  facet normal -0.970048 0.242914 0
    outer loop
      vertex 28.6289 -0.721834 2.4
      vertex 28.5407 -1.07405 0
      vertex 28.5407 -1.07405 2.4
    endloop
  endfacet
  facet normal -0.0490723 0.998795 0
    outer loop
      vertex 25.3627 -3.68218 0
      vertex 25 -3.7 2.4
      vertex 25.3627 -3.68218 2.4
    endloop
  endfacet
  facet normal -0.0490723 0.998795 0
    outer loop
      vertex 25 -3.7 2.4
      vertex 25.3627 -3.68218 0
      vertex 25 -3.7 0
    endloop
  endfacet
  facet normal -0.741011 0.671493 0
    outer loop
      vertex 27.6163 -2.61629 0
      vertex 27.8601 -2.34725 2.4
      vertex 27.8601 -2.34725 0
    endloop
  endfacet
  facet normal -0.741011 0.671493 0
    outer loop
      vertex 27.8601 -2.34725 2.4
      vertex 27.6163 -2.61629 0
      vertex 27.6163 -2.61629 2.4
    endloop
  endfacet
  facet normal -0.803201 0.595708 0
    outer loop
      vertex 27.8601 -2.34725 0
      vertex 28.0764 -2.05561 2.4
      vertex 28.0764 -2.05561 0
    endloop
  endfacet
  facet normal -0.803201 0.595708 0
    outer loop
      vertex 28.0764 -2.05561 2.4
      vertex 27.8601 -2.34725 0
      vertex 27.8601 -2.34725 2.4
    endloop
  endfacet
  facet normal 0.146737 0.989175 -0
    outer loop
      vertex 24.6373 -3.68218 0
      vertex 24.2782 -3.62891 2.4
      vertex 24.6373 -3.68218 2.4
    endloop
  endfacet
  facet normal 0.146737 0.989175 0
    outer loop
      vertex 24.2782 -3.62891 2.4
      vertex 24.6373 -3.68218 0
      vertex 24.2782 -3.62891 0
    endloop
  endfacet
  facet normal 0.941567 -0.336825 0
    outer loop
      vertex 21.4593 1.07405 2.4
      vertex 21.5816 1.41593 0
      vertex 21.5816 1.41593 2.4
    endloop
  endfacet
  facet normal 0.941567 -0.336825 0
    outer loop
      vertex 21.5816 1.41593 0
      vertex 21.4593 1.07405 2.4
      vertex 21.4593 1.07405 0
    endloop
  endfacet
  facet normal -0.595629 0.80326 0
    outer loop
      vertex 27.3473 -2.86014 0
      vertex 27.0556 -3.07644 2.4
      vertex 27.3473 -2.86014 2.4
    endloop
  endfacet
  facet normal -0.595629 0.80326 0
    outer loop
      vertex 27.0556 -3.07644 2.4
      vertex 27.3473 -2.86014 0
      vertex 27.0556 -3.07644 0
    endloop
  endfacet
  facet normal 0.989168 -0.14679 0
    outer loop
      vertex 21.3178 0.362663 2.4
      vertex 21.3711 0.721834 0
      vertex 21.3711 0.721834 2.4
    endloop
  endfacet
  facet normal 0.989168 -0.14679 0
    outer loop
      vertex 21.3711 0.721834 0
      vertex 21.3178 0.362663 2.4
      vertex 21.3178 0.362663 0
    endloop
  endfacet
  facet normal -0.242937 0.970042 0
    outer loop
      vertex 26.0741 -3.54068 0
      vertex 25.7218 -3.62891 2.4
      vertex 26.0741 -3.54068 2.4
    endloop
  endfacet
  facet normal -0.242937 0.970042 0
    outer loop
      vertex 25.7218 -3.62891 2.4
      vertex 26.0741 -3.54068 0
      vertex 25.7218 -3.62891 0
    endloop
  endfacet
  facet normal 0.903932 0.427677 0
    outer loop
      vertex 21.7369 -1.74417 2.4
      vertex 21.5816 -1.41593 0
      vertex 21.5816 -1.41593 2.4
    endloop
  endfacet
  facet normal 0.903932 0.427677 0
    outer loop
      vertex 21.5816 -1.41593 0
      vertex 21.7369 -1.74417 2.4
      vertex 21.7369 -1.74417 0
    endloop
  endfacet
  facet normal 0.242937 0.970042 -0
    outer loop
      vertex 24.2782 -3.62891 0
      vertex 23.9259 -3.54068 2.4
      vertex 24.2782 -3.62891 2.4
    endloop
  endfacet
  facet normal 0.242937 0.970042 0
    outer loop
      vertex 23.9259 -3.54068 2.4
      vertex 24.2782 -3.62891 0
      vertex 23.9259 -3.54068 0
    endloop
  endfacet
  facet normal -0.998798 0.0490224 0
    outer loop
      vertex 28.6822 -0.362663 0
      vertex 28.7 0 2.4
      vertex 28.7 0 0
    endloop
  endfacet
  facet normal -0.998798 0.0490224 0
    outer loop
      vertex 28.7 0 2.4
      vertex 28.6822 -0.362663 0
      vertex 28.6822 -0.362663 2.4
    endloop
  endfacet
  facet normal -0.970048 -0.242914 0
    outer loop
      vertex 28.6289 0.721834 0
      vertex 28.5407 1.07405 2.4
      vertex 28.5407 1.07405 0
    endloop
  endfacet
  facet normal -0.970048 -0.242914 0
    outer loop
      vertex 28.5407 1.07405 2.4
      vertex 28.6289 0.721834 0
      vertex 28.6289 0.721834 2.4
    endloop
  endfacet
  facet normal 0.741011 0.671493 0
    outer loop
      vertex 22.3837 -2.61629 2.4
      vertex 22.1399 -2.34725 0
      vertex 22.1399 -2.34725 2.4
    endloop
  endfacet
  facet normal 0.741011 0.671493 0
    outer loop
      vertex 22.1399 -2.34725 0
      vertex 22.3837 -2.61629 2.4
      vertex 22.3837 -2.61629 0
    endloop
  endfacet
  facet normal 0.857692 0.514164 0
    outer loop
      vertex 21.9236 -2.05561 2.4
      vertex 21.7369 -1.74417 0
      vertex 21.7369 -1.74417 2.4
    endloop
  endfacet
  facet normal 0.857692 0.514164 0
    outer loop
      vertex 21.7369 -1.74417 0
      vertex 21.9236 -2.05561 2.4
      vertex 21.9236 -2.05561 0
    endloop
  endfacet
  facet normal 0.336968 -0.941516 0
    outer loop
      vertex 23.5841 3.41835 0
      vertex 23.9259 3.54068 2.4
      vertex 23.5841 3.41835 2.4
    endloop
  endfacet
  facet normal 0.336968 -0.941516 0
    outer loop
      vertex 23.9259 3.54068 2.4
      vertex 23.5841 3.41835 0
      vertex 23.9259 3.54068 0
    endloop
  endfacet
  facet normal 0.514151 0.857699 -0
    outer loop
      vertex 23.2558 -3.26311 0
      vertex 22.9444 -3.07644 2.4
      vertex 23.2558 -3.26311 2.4
    endloop
  endfacet
  facet normal 0.514151 0.857699 0
    outer loop
      vertex 22.9444 -3.07644 2.4
      vertex 23.2558 -3.26311 0
      vertex 22.9444 -3.07644 0
    endloop
  endfacet
  facet normal 0.970048 -0.242914 0
    outer loop
      vertex 21.3711 0.721834 2.4
      vertex 21.4593 1.07405 0
      vertex 21.4593 1.07405 2.4
    endloop
  endfacet
  facet normal 0.970048 -0.242914 0
    outer loop
      vertex 21.4593 1.07405 0
      vertex 21.3711 0.721834 2.4
      vertex 21.3711 0.721834 0
    endloop
  endfacet
  facet normal 0.803201 0.595708 0
    outer loop
      vertex 22.1399 -2.34725 2.4
      vertex 21.9236 -2.05561 0
      vertex 21.9236 -2.05561 2.4
    endloop
  endfacet
  facet normal 0.803201 0.595708 0
    outer loop
      vertex 21.9236 -2.05561 0
      vertex 22.1399 -2.34725 2.4
      vertex 22.1399 -2.34725 0
    endloop
  endfacet
  facet normal 0.514151 -0.857699 0
    outer loop
      vertex 22.9444 3.07644 0
      vertex 23.2558 3.26311 2.4
      vertex 22.9444 3.07644 2.4
    endloop
  endfacet
  facet normal 0.514151 -0.857699 0
    outer loop
      vertex 23.2558 3.26311 2.4
      vertex 22.9444 3.07644 0
      vertex 23.2558 3.26311 0
    endloop
  endfacet
  facet normal 0.427478 -0.904026 0
    outer loop
      vertex 23.2558 3.26311 0
      vertex 23.5841 3.41835 2.4
      vertex 23.2558 3.26311 2.4
    endloop
  endfacet
  facet normal 0.427478 -0.904026 0
    outer loop
      vertex 23.5841 3.41835 2.4
      vertex 23.2558 3.26311 0
      vertex 23.5841 3.41835 0
    endloop
  endfacet
  facet normal 0.989168 0.14679 0
    outer loop
      vertex 21.3711 -0.721834 2.4
      vertex 21.3178 -0.362663 0
      vertex 21.3178 -0.362663 2.4
    endloop
  endfacet
  facet normal 0.989168 0.14679 0
    outer loop
      vertex 21.3178 -0.362663 0
      vertex 21.3711 -0.721834 2.4
      vertex 21.3711 -0.721834 0
    endloop
  endfacet
  facet normal -0.514151 0.857699 0
    outer loop
      vertex 27.0556 -3.07644 0
      vertex 26.7442 -3.26311 2.4
      vertex 27.0556 -3.07644 2.4
    endloop
  endfacet
  facet normal -0.514151 0.857699 0
    outer loop
      vertex 26.7442 -3.26311 2.4
      vertex 27.0556 -3.07644 0
      vertex 26.7442 -3.26311 0
    endloop
  endfacet
  facet normal 0.671623 0.740893 -0
    outer loop
      vertex 22.6527 -2.86014 0
      vertex 22.3837 -2.61629 2.4
      vertex 22.6527 -2.86014 2.4
    endloop
  endfacet
  facet normal 0.671623 0.740893 0
    outer loop
      vertex 22.3837 -2.61629 2.4
      vertex 22.6527 -2.86014 0
      vertex 22.3837 -2.61629 0
    endloop
  endfacet
  facet normal 0.803201 -0.595708 0
    outer loop
      vertex 21.9236 2.05561 2.4
      vertex 22.1399 2.34725 0
      vertex 22.1399 2.34725 2.4
    endloop
  endfacet
  facet normal 0.803201 -0.595708 0
    outer loop
      vertex 22.1399 2.34725 0
      vertex 21.9236 2.05561 2.4
      vertex 21.9236 2.05561 0
    endloop
  endfacet
  facet normal 0.0490723 0.998795 -0
    outer loop
      vertex 25 -3.7 0
      vertex 24.6373 -3.68218 2.4
      vertex 25 -3.7 2.4
    endloop
  endfacet
  facet normal 0.0490723 0.998795 0
    outer loop
      vertex 24.6373 -3.68218 2.4
      vertex 25 -3.7 0
      vertex 24.6373 -3.68218 0
    endloop
  endfacet
  facet normal 0.998798 -0.0490224 0
    outer loop
      vertex 21.3 0 2.4
      vertex 21.3178 0.362663 0
      vertex 21.3178 0.362663 2.4
    endloop
  endfacet
  facet normal 0.998798 -0.0490224 0
    outer loop
      vertex 21.3178 0.362663 0
      vertex 21.3 0 2.4
      vertex 21.3 0 0
    endloop
  endfacet
  facet normal -0.671623 0.740893 0
    outer loop
      vertex 27.6163 -2.61629 0
      vertex 27.3473 -2.86014 2.4
      vertex 27.6163 -2.61629 2.4
    endloop
  endfacet
  facet normal -0.671623 0.740893 0
    outer loop
      vertex 27.3473 -2.86014 2.4
      vertex 27.6163 -2.61629 0
      vertex 27.3473 -2.86014 0
    endloop
  endfacet
  facet normal -1 0 0
    outer loop
      vertex 34.4 -1.3 0
      vertex 34.4 1.3 2.4
      vertex 34.4 1.3 0
    endloop
  endfacet
  facet normal -1 -0 0
    outer loop
      vertex 34.4 1.3 2.4
      vertex 34.4 -1.3 0
      vertex 34.4 -1.3 2.4
    endloop
  endfacet
  facet normal 1 -0 0
    outer loop
      vertex 32.8 -1.3 2.4
      vertex 32.8 1.3 0
      vertex 32.8 1.3 2.4
    endloop
  endfacet
  facet normal 1 0 0
    outer loop
      vertex 32.8 1.3 0
      vertex 32.8 -1.3 2.4
      vertex 32.8 -1.3 0
    endloop
  endfacet
  facet normal 0 -1 0
    outer loop
      vertex 32.8 1.3 0
      vertex 34.4 1.3 2.4
      vertex 32.8 1.3 2.4
    endloop
  endfacet
  facet normal 0 -1 -0
    outer loop
      vertex 34.4 1.3 2.4
      vertex 32.8 1.3 0
      vertex 34.4 1.3 0
    endloop
  endfacet
  facet normal 0 1 -0
    outer loop
      vertex 34.4 -1.3 0
      vertex 32.8 -1.3 2.4
      vertex 34.4 -1.3 2.4
    endloop
  endfacet
  facet normal 0 1 0
    outer loop
      vertex 32.8 -1.3 2.4
      vertex 34.4 -1.3 0
      vertex 32.8 -1.3 0
    endloop
  endfacet
  facet normal -0.146961 -0.989142 0
    outer loop
      vertex 45.2548 24.5875 0
      vertex 45.5072 24.55 2.4
      vertex 45.2548 24.5875 2.4
    endloop
  endfacet
  facet normal -0.146961 -0.989142 -0
    outer loop
      vertex 45.5072 24.55 2.4
      vertex 45.2548 24.5875 0
      vertex 45.5072 24.55 0
    endloop
  endfacet
  facet normal -0.336609 -0.941644 0
    outer loop
      vertex 45.7547 24.488 0
      vertex 45.995 24.4021 2.4
      vertex 45.7547 24.488 2.4
    endloop
  endfacet
  facet normal -0.336609 -0.941644 -0
    outer loop
      vertex 45.995 24.4021 2.4
      vertex 45.7547 24.488 0
      vertex 45.995 24.4021 0
    endloop
  endfacet
  facet normal -0.989142 -0.146961 0
    outer loop
      vertex 47.5875 22.2548 0
      vertex 47.55 22.5072 2.4
      vertex 47.55 22.5072 0
    endloop
  endfacet
  facet normal -0.989142 -0.146961 0
    outer loop
      vertex 47.55 22.5072 2.4
      vertex 47.5875 22.2548 0
      vertex 47.5875 22.2548 2.4
    endloop
  endfacet
  facet normal -0.998799 -0.0489992 0
    outer loop
      vertex 47.6 22 0
      vertex 47.5875 22.2548 2.4
      vertex 47.5875 22.2548 0
    endloop
  endfacet
  facet normal -0.998799 -0.0489992 0
    outer loop
      vertex 47.5875 22.2548 2.4
      vertex 47.6 22 0
      vertex 47.6 22 2.4
    endloop
  endfacet
  facet normal -0.970027 -0.242997 0
    outer loop
      vertex 47.55 22.5072 0
      vertex 47.488 22.7547 2.4
      vertex 47.488 22.7547 0
    endloop
  endfacet
  facet normal -0.970027 -0.242997 0
    outer loop
      vertex 47.488 22.7547 2.4
      vertex 47.55 22.5072 0
      vertex 47.55 22.5072 2.4
    endloop
  endfacet
  facet normal 0.59579 -0.80314 0
    outer loop
      vertex 43.3506 24.0098 0
      vertex 43.5555 24.1618 2.4
      vertex 43.3506 24.0098 2.4
    endloop
  endfacet
  facet normal 0.59579 -0.80314 0
    outer loop
      vertex 43.5555 24.1618 2.4
      vertex 43.3506 24.0098 0
      vertex 43.5555 24.1618 0
    endloop
  endfacet
  facet normal -0.741127 -0.671365 0
    outer loop
      vertex 47.0098 23.6494 0
      vertex 46.8385 23.8385 2.4
      vertex 46.8385 23.8385 0
    endloop
  endfacet
  facet normal -0.741127 -0.671365 0
    outer loop
      vertex 46.8385 23.8385 2.4
      vertex 47.0098 23.6494 0
      vertex 47.0098 23.6494 2.4
    endloop
  endfacet
  facet normal -0.80314 -0.59579 0
    outer loop
      vertex 47.1618 23.4445 0
      vertex 47.0098 23.6494 2.4
      vertex 47.0098 23.6494 0
    endloop
  endfacet
  facet normal -0.80314 -0.59579 0
    outer loop
      vertex 47.0098 23.6494 2.4
      vertex 47.1618 23.4445 0
      vertex 47.1618 23.4445 2.4
    endloop
  endfacet
  facet normal 0.941644 -0.336609 0
    outer loop
      vertex 42.512 22.7547 2.4
      vertex 42.5979 22.995 0
      vertex 42.5979 22.995 2.4
    endloop
  endfacet
  facet normal 0.941644 -0.336609 0
    outer loop
      vertex 42.5979 22.995 0
      vertex 42.512 22.7547 2.4
      vertex 42.512 22.7547 0
    endloop
  endfacet
  facet normal -0.998799 0.0489992 0
    outer loop
      vertex 47.5875 21.7452 0
      vertex 47.6 22 2.4
      vertex 47.6 22 0
    endloop
  endfacet
  facet normal -0.998799 0.0489992 0
    outer loop
      vertex 47.6 22 2.4
      vertex 47.5875 21.7452 0
      vertex 47.5875 21.7452 2.4
    endloop
  endfacet
  facet normal -0.242997 -0.970027 0
    outer loop
      vertex 45.5072 24.55 0
      vertex 45.7547 24.488 2.4
      vertex 45.5072 24.55 2.4
    endloop
  endfacet
  facet normal -0.242997 -0.970027 -0
    outer loop
      vertex 45.7547 24.488 2.4
      vertex 45.5072 24.55 0
      vertex 45.7547 24.488 0
    endloop
  endfacet
  facet normal -0.514092 0.857735 0
    outer loop
      vertex 46.4445 19.8382 0
      vertex 46.2256 19.707 2.4
      vertex 46.4445 19.8382 2.4
    endloop
  endfacet
  facet normal -0.514092 0.857735 0
    outer loop
      vertex 46.2256 19.707 2.4
      vertex 46.4445 19.8382 0
      vertex 46.2256 19.707 0
    endloop
  endfacet
  facet normal -0.941644 -0.336609 0
    outer loop
      vertex 47.488 22.7547 0
      vertex 47.4021 22.995 2.4
      vertex 47.4021 22.995 0
    endloop
  endfacet
  facet normal -0.941644 -0.336609 0
    outer loop
      vertex 47.4021 22.995 2.4
      vertex 47.488 22.7547 0
      vertex 47.488 22.7547 2.4
    endloop
  endfacet
  facet normal -0.80314 0.59579 0
    outer loop
      vertex 47.0098 20.3506 0
      vertex 47.1618 20.5555 2.4
      vertex 47.1618 20.5555 0
    endloop
  endfacet
  facet normal -0.80314 0.59579 0
    outer loop
      vertex 47.1618 20.5555 2.4
      vertex 47.0098 20.3506 0
      vertex 47.0098 20.3506 2.4
    endloop
  endfacet
  facet normal 0.242997 -0.970027 0
    outer loop
      vertex 44.2453 24.488 0
      vertex 44.4928 24.55 2.4
      vertex 44.2453 24.488 2.4
    endloop
  endfacet
  facet normal 0.242997 -0.970027 0
    outer loop
      vertex 44.4928 24.55 2.4
      vertex 44.2453 24.488 0
      vertex 44.4928 24.55 0
    endloop
  endfacet
  facet normal -0.514092 -0.857735 0
    outer loop
      vertex 46.2256 24.293 0
      vertex 46.4445 24.1618 2.4
      vertex 46.2256 24.293 2.4
    endloop
  endfacet
  facet normal -0.514092 -0.857735 -0
    outer loop
      vertex 46.4445 24.1618 2.4
      vertex 46.2256 24.293 0
      vertex 46.4445 24.1618 0
    endloop
  endfacet
  facet normal 0.514092 0.857735 -0
    outer loop
      vertex 43.7744 19.707 0
      vertex 43.5555 19.8382 2.4
      vertex 43.7744 19.707 2.4
    endloop
  endfacet
  facet normal 0.514092 0.857735 0
    outer loop
      vertex 43.5555 19.8382 2.4
      vertex 43.7744 19.707 0
      vertex 43.5555 19.8382 0
    endloop
  endfacet
  facet normal -0.59579 -0.80314 0
    outer loop
      vertex 46.4445 24.1618 0
      vertex 46.6494 24.0098 2.4
      vertex 46.4445 24.1618 2.4
    endloop
  endfacet
  facet normal -0.59579 -0.80314 -0
    outer loop
      vertex 46.6494 24.0098 2.4
      vertex 46.4445 24.1618 0
      vertex 46.6494 24.0098 0
    endloop
  endfacet
  facet normal -0.970027 0.242997 0
    outer loop
      vertex 47.488 21.2453 0
      vertex 47.55 21.4928 2.4
      vertex 47.55 21.4928 0
    endloop
  endfacet
  facet normal -0.970027 0.242997 0
    outer loop
      vertex 47.55 21.4928 2.4
      vertex 47.488 21.2453 0
      vertex 47.488 21.2453 2.4
    endloop
  endfacet
  facet normal -0.146961 0.989142 0
    outer loop
      vertex 45.5072 19.45 0
      vertex 45.2548 19.4125 2.4
      vertex 45.5072 19.45 2.4
    endloop
  endfacet
  facet normal -0.146961 0.989142 0
    outer loop
      vertex 45.2548 19.4125 2.4
      vertex 45.5072 19.45 0
      vertex 45.2548 19.4125 0
    endloop
  endfacet
  facet normal 0.903937 -0.427665 0
    outer loop
      vertex 42.5979 22.995 2.4
      vertex 42.707 23.2256 0
      vertex 42.707 23.2256 2.4
    endloop
  endfacet
  facet normal 0.903937 -0.427665 0
    outer loop
      vertex 42.707 23.2256 0
      vertex 42.5979 22.995 2.4
      vertex 42.5979 22.995 0
    endloop
  endfacet
  facet normal 0.146961 0.989142 -0
    outer loop
      vertex 44.7452 19.4125 0
      vertex 44.4928 19.45 2.4
      vertex 44.7452 19.4125 2.4
    endloop
  endfacet
  facet normal 0.146961 0.989142 0
    outer loop
      vertex 44.4928 19.45 2.4
      vertex 44.7452 19.4125 0
      vertex 44.4928 19.45 0
    endloop
  endfacet
  facet normal 0.514092 -0.857735 0
    outer loop
      vertex 43.5555 24.1618 0
      vertex 43.7744 24.293 2.4
      vertex 43.5555 24.1618 2.4
    endloop
  endfacet
  facet normal 0.514092 -0.857735 0
    outer loop
      vertex 43.7744 24.293 2.4
      vertex 43.5555 24.1618 0
      vertex 43.7744 24.293 0
    endloop
  endfacet
  facet normal -0.903937 0.427665 0
    outer loop
      vertex 47.293 20.7744 0
      vertex 47.4021 21.005 2.4
      vertex 47.4021 21.005 0
    endloop
  endfacet
  facet normal -0.903937 0.427665 0
    outer loop
      vertex 47.4021 21.005 2.4
      vertex 47.293 20.7744 0
      vertex 47.293 20.7744 2.4
    endloop
  endfacet
  facet normal 0.671365 -0.741127 0
    outer loop
      vertex 43.1615 23.8385 0
      vertex 43.3506 24.0098 2.4
      vertex 43.1615 23.8385 2.4
    endloop
  endfacet
  facet normal 0.671365 -0.741127 0
    outer loop
      vertex 43.3506 24.0098 2.4
      vertex 43.1615 23.8385 0
      vertex 43.3506 24.0098 0
    endloop
  endfacet
  facet normal -0.903937 -0.427665 0
    outer loop
      vertex 47.4021 22.995 0
      vertex 47.293 23.2256 2.4
      vertex 47.293 23.2256 0
    endloop
  endfacet
  facet normal -0.903937 -0.427665 0
    outer loop
      vertex 47.293 23.2256 2.4
      vertex 47.4021 22.995 0
      vertex 47.4021 22.995 2.4
    endloop
  endfacet
  facet normal 0.970027 0.242997 0
    outer loop
      vertex 42.512 21.2453 2.4
      vertex 42.45 21.4928 0
      vertex 42.45 21.4928 2.4
    endloop
  endfacet
  facet normal 0.970027 0.242997 0
    outer loop
      vertex 42.45 21.4928 0
      vertex 42.512 21.2453 2.4
      vertex 42.512 21.2453 0
    endloop
  endfacet
  facet normal -0.0489992 0.998799 0
    outer loop
      vertex 45.2548 19.4125 0
      vertex 45 19.4 2.4
      vertex 45.2548 19.4125 2.4
    endloop
  endfacet
  facet normal -0.0489992 0.998799 0
    outer loop
      vertex 45 19.4 2.4
      vertex 45.2548 19.4125 0
      vertex 45 19.4 0
    endloop
  endfacet
  facet normal -0.427665 0.903937 0
    outer loop
      vertex 46.2256 19.707 0
      vertex 45.995 19.5979 2.4
      vertex 46.2256 19.707 2.4
    endloop
  endfacet
  facet normal -0.427665 0.903937 0
    outer loop
      vertex 45.995 19.5979 2.4
      vertex 46.2256 19.707 0
      vertex 45.995 19.5979 0
    endloop
  endfacet
  facet normal -0.427665 -0.903937 0
    outer loop
      vertex 45.995 24.4021 0
      vertex 46.2256 24.293 2.4
      vertex 45.995 24.4021 2.4
    endloop
  endfacet
  facet normal -0.427665 -0.903937 -0
    outer loop
      vertex 46.2256 24.293 2.4
      vertex 45.995 24.4021 0
      vertex 46.2256 24.293 0
    endloop
  endfacet
  facet normal -0.857735 0.514092 0
    outer loop
      vertex 47.1618 20.5555 0
      vertex 47.293 20.7744 2.4
      vertex 47.293 20.7744 0
    endloop
  endfacet
  facet normal -0.857735 0.514092 0
    outer loop
      vertex 47.293 20.7744 2.4
      vertex 47.1618 20.5555 0
      vertex 47.1618 20.5555 2.4
    endloop
  endfacet
  facet normal 0.941644 0.336609 0
    outer loop
      vertex 42.5979 21.005 2.4
      vertex 42.512 21.2453 0
      vertex 42.512 21.2453 2.4
    endloop
  endfacet
  facet normal 0.941644 0.336609 0
    outer loop
      vertex 42.512 21.2453 0
      vertex 42.5979 21.005 2.4
      vertex 42.5979 21.005 0
    endloop
  endfacet
  facet normal -0.336609 0.941644 0
    outer loop
      vertex 45.995 19.5979 0
      vertex 45.7547 19.512 2.4
      vertex 45.995 19.5979 2.4
    endloop
  endfacet
  facet normal -0.336609 0.941644 0
    outer loop
      vertex 45.7547 19.512 2.4
      vertex 45.995 19.5979 0
      vertex 45.7547 19.512 0
    endloop
  endfacet
  facet normal 0.989142 -0.146961 0
    outer loop
      vertex 42.4125 22.2548 2.4
      vertex 42.45 22.5072 0
      vertex 42.45 22.5072 2.4
    endloop
  endfacet
  facet normal 0.989142 -0.146961 0
    outer loop
      vertex 42.45 22.5072 0
      vertex 42.4125 22.2548 2.4
      vertex 42.4125 22.2548 0
    endloop
  endfacet
  facet normal -0.989142 0.146961 0
    outer loop
      vertex 47.55 21.4928 0
      vertex 47.5875 21.7452 2.4
      vertex 47.5875 21.7452 0
    endloop
  endfacet
  facet normal -0.989142 0.146961 0
    outer loop
      vertex 47.5875 21.7452 2.4
      vertex 47.55 21.4928 0
      vertex 47.55 21.4928 2.4
    endloop
  endfacet
  facet normal 0.336609 -0.941644 0
    outer loop
      vertex 44.005 24.4021 0
      vertex 44.2453 24.488 2.4
      vertex 44.005 24.4021 2.4
    endloop
  endfacet
  facet normal 0.336609 -0.941644 0
    outer loop
      vertex 44.2453 24.488 2.4
      vertex 44.005 24.4021 0
      vertex 44.2453 24.488 0
    endloop
  endfacet
  facet normal -0.671365 -0.741127 0
    outer loop
      vertex 46.6494 24.0098 0
      vertex 46.8385 23.8385 2.4
      vertex 46.6494 24.0098 2.4
    endloop
  endfacet
  facet normal -0.671365 -0.741127 -0
    outer loop
      vertex 46.8385 23.8385 2.4
      vertex 46.6494 24.0098 0
      vertex 46.8385 23.8385 0
    endloop
  endfacet
  facet normal 0.146961 -0.989142 0
    outer loop
      vertex 44.4928 24.55 0
      vertex 44.7452 24.5875 2.4
      vertex 44.4928 24.55 2.4
    endloop
  endfacet
  facet normal 0.146961 -0.989142 0
    outer loop
      vertex 44.7452 24.5875 2.4
      vertex 44.4928 24.55 0
      vertex 44.7452 24.5875 0
    endloop
  endfacet
  facet normal 0.427665 -0.903937 0
    outer loop
      vertex 43.7744 24.293 0
      vertex 44.005 24.4021 2.4
      vertex 43.7744 24.293 2.4
    endloop
  endfacet
  facet normal 0.427665 -0.903937 0
    outer loop
      vertex 44.005 24.4021 2.4
      vertex 43.7744 24.293 0
      vertex 44.005 24.4021 0
    endloop
  endfacet
  facet normal -0.857735 -0.514092 0
    outer loop
      vertex 47.293 23.2256 0
      vertex 47.1618 23.4445 2.4
      vertex 47.1618 23.4445 0
    endloop
  endfacet
  facet normal -0.857735 -0.514092 0
    outer loop
      vertex 47.1618 23.4445 2.4
      vertex 47.293 23.2256 0
      vertex 47.293 23.2256 2.4
    endloop
  endfacet
  facet normal -0.741127 0.671365 0
    outer loop
      vertex 46.8385 20.1615 0
      vertex 47.0098 20.3506 2.4
      vertex 47.0098 20.3506 0
    endloop
  endfacet
  facet normal -0.741127 0.671365 0
    outer loop
      vertex 47.0098 20.3506 2.4
      vertex 46.8385 20.1615 0
      vertex 46.8385 20.1615 2.4
    endloop
  endfacet
  facet normal 0.857735 -0.514092 0
    outer loop
      vertex 42.707 23.2256 2.4
      vertex 42.8382 23.4445 0
      vertex 42.8382 23.4445 2.4
    endloop
  endfacet
  facet normal 0.857735 -0.514092 0
    outer loop
      vertex 42.8382 23.4445 0
      vertex 42.707 23.2256 2.4
      vertex 42.707 23.2256 0
    endloop
  endfacet
  facet normal -0.941644 0.336609 0
    outer loop
      vertex 47.4021 21.005 0
      vertex 47.488 21.2453 2.4
      vertex 47.488 21.2453 0
    endloop
  endfacet
  facet normal -0.941644 0.336609 0
    outer loop
      vertex 47.488 21.2453 2.4
      vertex 47.4021 21.005 0
      vertex 47.4021 21.005 2.4
    endloop
  endfacet
  facet normal 0.970027 -0.242997 0
    outer loop
      vertex 42.45 22.5072 2.4
      vertex 42.512 22.7547 0
      vertex 42.512 22.7547 2.4
    endloop
  endfacet
  facet normal 0.970027 -0.242997 0
    outer loop
      vertex 42.512 22.7547 0
      vertex 42.45 22.5072 2.4
      vertex 42.45 22.5072 0
    endloop
  endfacet
  facet normal 0.0489992 -0.998799 0
    outer loop
      vertex 44.7452 24.5875 0
      vertex 45 24.6 2.4
      vertex 44.7452 24.5875 2.4
    endloop
  endfacet
  facet normal 0.0489992 -0.998799 0
    outer loop
      vertex 45 24.6 2.4
      vertex 44.7452 24.5875 0
      vertex 45 24.6 0
    endloop
  endfacet
  facet normal 0.80314 0.59579 0
    outer loop
      vertex 42.9902 20.3506 2.4
      vertex 42.8382 20.5555 0
      vertex 42.8382 20.5555 2.4
    endloop
  endfacet
  facet normal 0.80314 0.59579 0
    outer loop
      vertex 42.8382 20.5555 0
      vertex 42.9902 20.3506 2.4
      vertex 42.9902 20.3506 0
    endloop
  endfacet
  facet normal 0.989142 0.146961 0
    outer loop
      vertex 42.45 21.4928 2.4
      vertex 42.4125 21.7452 0
      vertex 42.4125 21.7452 2.4
    endloop
  endfacet
  facet normal 0.989142 0.146961 0
    outer loop
      vertex 42.4125 21.7452 0
      vertex 42.45 21.4928 2.4
      vertex 42.45 21.4928 0
    endloop
  endfacet
  facet normal 0.857735 0.514092 0
    outer loop
      vertex 42.8382 20.5555 2.4
      vertex 42.707 20.7744 0
      vertex 42.707 20.7744 2.4
    endloop
  endfacet
  facet normal 0.857735 0.514092 0
    outer loop
      vertex 42.707 20.7744 0
      vertex 42.8382 20.5555 2.4
      vertex 42.8382 20.5555 0
    endloop
  endfacet
  facet normal 0.741127 -0.671365 0
    outer loop
      vertex 42.9902 23.6494 2.4
      vertex 43.1615 23.8385 0
      vertex 43.1615 23.8385 2.4
    endloop
  endfacet
  facet normal 0.741127 -0.671365 0
    outer loop
      vertex 43.1615 23.8385 0
      vertex 42.9902 23.6494 2.4
      vertex 42.9902 23.6494 0
    endloop
  endfacet
  facet normal -0.671365 0.741127 0
    outer loop
      vertex 46.8385 20.1615 0
      vertex 46.6494 19.9902 2.4
      vertex 46.8385 20.1615 2.4
    endloop
  endfacet
  facet normal -0.671365 0.741127 0
    outer loop
      vertex 46.6494 19.9902 2.4
      vertex 46.8385 20.1615 0
      vertex 46.6494 19.9902 0
    endloop
  endfacet
  facet normal 0.0489992 0.998799 -0
    outer loop
      vertex 45 19.4 0
      vertex 44.7452 19.4125 2.4
      vertex 45 19.4 2.4
    endloop
  endfacet
  facet normal 0.0489992 0.998799 0
    outer loop
      vertex 44.7452 19.4125 2.4
      vertex 45 19.4 0
      vertex 44.7452 19.4125 0
    endloop
  endfacet
  facet normal -0.59579 0.80314 0
    outer loop
      vertex 46.6494 19.9902 0
      vertex 46.4445 19.8382 2.4
      vertex 46.6494 19.9902 2.4
    endloop
  endfacet
  facet normal -0.59579 0.80314 0
    outer loop
      vertex 46.4445 19.8382 2.4
      vertex 46.6494 19.9902 0
      vertex 46.4445 19.8382 0
    endloop
  endfacet
  facet normal -0.0489992 -0.998799 0
    outer loop
      vertex 45 24.6 0
      vertex 45.2548 24.5875 2.4
      vertex 45 24.6 2.4
    endloop
  endfacet
  facet normal -0.0489992 -0.998799 -0
    outer loop
      vertex 45.2548 24.5875 2.4
      vertex 45 24.6 0
      vertex 45.2548 24.5875 0
    endloop
  endfacet
  facet normal 0.80314 -0.59579 0
    outer loop
      vertex 42.8382 23.4445 2.4
      vertex 42.9902 23.6494 0
      vertex 42.9902 23.6494 2.4
    endloop
  endfacet
  facet normal 0.80314 -0.59579 0
    outer loop
      vertex 42.9902 23.6494 0
      vertex 42.8382 23.4445 2.4
      vertex 42.8382 23.4445 0
    endloop
  endfacet
  facet normal -0.242997 0.970027 0
    outer loop
      vertex 45.7547 19.512 0
      vertex 45.5072 19.45 2.4
      vertex 45.7547 19.512 2.4
    endloop
  endfacet
  facet normal -0.242997 0.970027 0
    outer loop
      vertex 45.5072 19.45 2.4
      vertex 45.7547 19.512 0
      vertex 45.5072 19.45 0
    endloop
  endfacet
  facet normal 0.336609 0.941644 -0
    outer loop
      vertex 44.2453 19.512 0
      vertex 44.005 19.5979 2.4
      vertex 44.2453 19.512 2.4
    endloop
  endfacet
  facet normal 0.336609 0.941644 0
    outer loop
      vertex 44.005 19.5979 2.4
      vertex 44.2453 19.512 0
      vertex 44.005 19.5979 0
    endloop
  endfacet
  facet normal 0.242997 0.970027 -0
    outer loop
      vertex 44.4928 19.45 0
      vertex 44.2453 19.512 2.4
      vertex 44.4928 19.45 2.4
    endloop
  endfacet
  facet normal 0.242997 0.970027 0
    outer loop
      vertex 44.2453 19.512 2.4
      vertex 44.4928 19.45 0
      vertex 44.2453 19.512 0
    endloop
  endfacet
  facet normal 0.59579 0.80314 -0
    outer loop
      vertex 43.5555 19.8382 0
      vertex 43.3506 19.9902 2.4
      vertex 43.5555 19.8382 2.4
    endloop
  endfacet
  facet normal 0.59579 0.80314 0
    outer loop
      vertex 43.3506 19.9902 2.4
      vertex 43.5555 19.8382 0
      vertex 43.3506 19.9902 0
    endloop
  endfacet
  facet normal 0.427665 0.903937 -0
    outer loop
      vertex 44.005 19.5979 0
      vertex 43.7744 19.707 2.4
      vertex 44.005 19.5979 2.4
    endloop
  endfacet
  facet normal 0.427665 0.903937 0
    outer loop
      vertex 43.7744 19.707 2.4
      vertex 44.005 19.5979 0
      vertex 43.7744 19.707 0
    endloop
  endfacet
  facet normal 0.671365 0.741127 -0
    outer loop
      vertex 43.3506 19.9902 0
      vertex 43.1615 20.1615 2.4
      vertex 43.3506 19.9902 2.4
    endloop
  endfacet
  facet normal 0.671365 0.741127 0
    outer loop
      vertex 43.1615 20.1615 2.4
      vertex 43.3506 19.9902 0
      vertex 43.1615 20.1615 0
    endloop
  endfacet
  facet normal 0.998799 -0.0489992 0
    outer loop
      vertex 42.4 22 2.4
      vertex 42.4125 22.2548 0
      vertex 42.4125 22.2548 2.4
    endloop
  endfacet
  facet normal 0.998799 -0.0489992 0
    outer loop
      vertex 42.4125 22.2548 0
      vertex 42.4 22 2.4
      vertex 42.4 22 0
    endloop
  endfacet
  facet normal 0.998799 0.0489992 0
    outer loop
      vertex 42.4125 21.7452 2.4
      vertex 42.4 22 0
      vertex 42.4 22 2.4
    endloop
  endfacet
  facet normal 0.998799 0.0489992 0
    outer loop
      vertex 42.4 22 0
      vertex 42.4125 21.7452 2.4
      vertex 42.4125 21.7452 0
    endloop
  endfacet
  facet normal 0.903937 0.427665 0
    outer loop
      vertex 42.707 20.7744 2.4
      vertex 42.5979 21.005 0
      vertex 42.5979 21.005 2.4
    endloop
  endfacet
  facet normal 0.903937 0.427665 0
    outer loop
      vertex 42.5979 21.005 0
      vertex 42.707 20.7744 2.4
      vertex 42.707 20.7744 0
    endloop
  endfacet
  facet normal 0.741127 0.671365 0
    outer loop
      vertex 43.1615 20.1615 2.4
      vertex 42.9902 20.3506 0
      vertex 42.9902 20.3506 2.4
    endloop
  endfacet
  facet normal 0.741127 0.671365 0
    outer loop
      vertex 42.9902 20.3506 0
      vertex 43.1615 20.1615 2.4
      vertex 43.1615 20.1615 0
    endloop
  endfacet
  facet normal -1 0 0
    outer loop
      vertex -10 -30 0
      vertex -10 -22 0.589999
      vertex -10 -22 0
    endloop
  endfacet
  facet normal -1 -0 0
    outer loop
      vertex -10 -22 0.589999
      vertex -10 -30 0
      vertex -10 -30 0.589999
    endloop
  endfacet
  facet normal 0 0 -1
    outer loop
      vertex -46.6339 -30 0.589999
      vertex -10 -22 0.589999
      vertex -10 -30 0.589999
    endloop
  endfacet
  facet normal 0 0 -1
    outer loop
      vertex -50 -22 0.589999
      vertex -46.6339 -30 0.589999
      vertex -46.808 -29.808 0.589999
    endloop
  endfacet
  facet normal 0 0 -1
    outer loop
      vertex -50 -22 0.589999
      vertex -46.808 -29.808 0.589999
      vertex -47.0334 -29.6037 0.589999
    endloop
  endfacet
  facet normal 0 0 -1
    outer loop
      vertex -50 -22 0.589999
      vertex -47.0334 -29.6037 0.589999
      vertex -47.2777 -29.4224 0.589999
    endloop
  endfacet
  facet normal 0 0 -1
    outer loop
      vertex -50 -22 0.589999
      vertex -47.2777 -29.4224 0.589999
      vertex -47.5387 -29.266 0.589999
    endloop
  endfacet
  facet normal 0 0 -1
    outer loop
      vertex -50 -22 0.589999
      vertex -47.5387 -29.266 0.589999
      vertex -47.8137 -29.136 0.589999
    endloop
  endfacet
  facet normal 0 0 -1
    outer loop
      vertex -50 -22 0.589999
      vertex -47.8137 -29.136 0.589999
      vertex -48.1001 -29.0335 0.589999
    endloop
  endfacet
  facet normal 0 0 -1
    outer loop
      vertex -50 -22 0.589999
      vertex -48.1001 -29.0335 0.589999
      vertex -48.3952 -28.9596 0.589999
    endloop
  endfacet
  facet normal 0 0 -1
    outer loop
      vertex -50 -22 0.589999
      vertex -48.3952 -28.9596 0.589999
      vertex -48.6961 -28.9149 0.589999
    endloop
  endfacet
  facet normal 0 0 -1
    outer loop
      vertex -50 -22 0.589999
      vertex -48.6961 -28.9149 0.589999
      vertex -49 -28.9 0.589999
    endloop
  endfacet
  facet normal 0 0 -1
    outer loop
      vertex -50 -22 0.589999
      vertex -49 -28.9 0.589999
      vertex -49.3039 -28.9149 0.589999
    endloop
  endfacet
  facet normal 0 0 -1
    outer loop
      vertex -50 -22 0.589999
      vertex -49.3039 -28.9149 0.589999
      vertex -49.6048 -28.9596 0.589999
    endloop
  endfacet
  facet normal 0 0 -1
    outer loop
      vertex -46.6339 -30 0.589999
      vertex -50 -22 0.589999
      vertex -10 -22 0.589999
    endloop
  endfacet
  facet normal 0 0 -1
    outer loop
      vertex -49.8999 -29.0335 0.589999
      vertex -50 -22 0.589999
      vertex -49.6048 -28.9596 0.589999
    endloop
  endfacet
  facet normal 0 0 -1
    outer loop
      vertex -50 -22 0.589999
      vertex -49.8999 -29.0335 0.589999
      vertex -50 -29.0693 0.589999
    endloop
  endfacet
  facet normal 1 -0 0
    outer loop
      vertex -50 -29.0693 0.589999
      vertex -50 -22 0
      vertex -50 -22 0.589999
    endloop
  endfacet
  facet normal 1 0 0
    outer loop
      vertex -50 -22 0
      vertex -50 -29.0693 0.589999
      vertex -50 -29.0693 0
    endloop
  endfacet
  facet normal 0 -1 0
    outer loop
      vertex -50 -22 0
      vertex -10 -22 0.589999
      vertex -50 -22 0.589999
    endloop
  endfacet
  facet normal 0 -1 -0
    outer loop
      vertex -10 -22 0.589999
      vertex -50 -22 0
      vertex -10 -22 0
    endloop
  endfacet
  facet normal 0 1 -0
    outer loop
      vertex -10 -30 0
      vertex -46.6339 -30 0.589999
      vertex -10 -30 0.589999
    endloop
  endfacet
  facet normal 0 1 0
    outer loop
      vertex -46.6339 -30 0.589999
      vertex -10 -30 0
      vertex -46.6339 -30 0
    endloop
  endfacet
endsolid OpenSCAD_Model
