solid OpenSCAD_Model
  facet normal 0.406747 0.913541 -0
    outer loop
      vertex 5.44164 10.6409 0
      vertex 3.7082 11.4127 14
      vertex 5.44164 10.6409 14
    endloop
  endfacet
  facet normal 0.406747 0.913541 0
    outer loop
      vertex 3.7082 11.4127 14
      vertex 5.44164 10.6409 0
      vertex 3.7082 11.4127 0
    endloop
  endfacet
  facet normal 0.951049 0.309041 0
    outer loop
      vertex 11.3575 3.66526 14
      vertex 10.9625 4.88084 0
      vertex 10.9625 4.88084 14
    endloop
  endfacet
  facet normal 0.951049 0.309041 0
    outer loop
      vertex 10.9625 4.88084 0
      vertex 11.3575 3.66526 14
      vertex 11.3575 3.66526 0
    endloop
  endfacet
  facet normal 0.930973 0.365088 0
    outer loop
      vertex 11.7378 2.49494 14
      vertex 11.7376 2.49545 0
      vertex 11.7376 2.49545 14
    endloop
  endfacet
  facet normal 0.930973 0.365088 0
    outer loop
      vertex 11.7376 2.49545 0
      vertex 11.7378 2.49494 14
      vertex 11.7378 2.49494 0
    endloop
  endfacet
  facet normal 0.994524 0.104507 0
    outer loop
      vertex 11.9361 0.607851 14
      vertex 11.7378 2.49494 0
      vertex 11.7378 2.49494 14
    endloop
  endfacet
  facet normal 0.994524 0.104507 0
    outer loop
      vertex 11.7378 2.49494 0
      vertex 11.9361 0.607851 14
      vertex 11.9361 0.607851 0
    endloop
  endfacet
  facet normal 0.866044 0.499968 0
    outer loop
      vertex 10.9625 4.88084 14
      vertex 10.6389 5.44138 0
      vertex 10.6389 5.44138 14
    endloop
  endfacet
  facet normal 0.866044 0.499968 0
    outer loop
      vertex 10.6389 5.44138 0
      vertex 10.9625 4.88084 14
      vertex 10.9625 4.88084 0
    endloop
  endfacet
  facet normal 0.866044 0.499968 0
    outer loop
      vertex 10.0318 6.49288 14
      vertex 9.7082 7.05342 0
      vertex 9.7082 7.05342 14
    endloop
  endfacet
  facet normal 0.866044 0.499968 0
    outer loop
      vertex 9.7082 7.05342 0
      vertex 10.0318 6.49288 14
      vertex 10.0318 6.49288 0
    endloop
  endfacet
  facet normal 0.951049 -0.309041 0
    outer loop
      vertex 10.9625 -4.88084 14
      vertex 11.3575 -3.66526 0
      vertex 11.3575 -3.66526 14
    endloop
  endfacet
  facet normal 0.951049 -0.309041 0
    outer loop
      vertex 11.3575 -3.66526 0
      vertex 10.9625 -4.88084 14
      vertex 10.9625 -4.88084 0
    endloop
  endfacet
  facet normal 0.930973 -0.365088 0
    outer loop
      vertex 11.7376 -2.49545 14
      vertex 11.7378 -2.49494 0
      vertex 11.7378 -2.49494 14
    endloop
  endfacet
  facet normal 0.930973 -0.365088 0
    outer loop
      vertex 11.7378 -2.49494 0
      vertex 11.7376 -2.49545 14
      vertex 11.7376 -2.49545 0
    endloop
  endfacet
  facet normal 0 0 -1
    outer loop
      vertex 3.04043 0.604779 0
      vertex 11.2047 3.0023 0
      vertex 3.08507 0.303853 0
    endloop
  endfacet
  facet normal 0 0 -1
    outer loop
      vertex 3.7082 -11.4127 0
      vertex 5.42726 -10.5317 0
      vertex 5.44164 -10.6409 0
    endloop
  endfacet
  facet normal 0 0 -1
    outer loop
      vertex 8.02957 -8.91774 0
      vertex 7.96812 -8.76812 0
      vertex 8.02993 -8.91733 0
    endloop
  endfacet
  facet normal 0 0 -1
    outer loop
      vertex 5.8 -10.0459 0
      vertex 8.20244 -8.20244 0
      vertex 6.40705 -9.96597 0
    endloop
  endfacet
  facet normal 0 0 -1
    outer loop
      vertex 6.49447 -10.0331 0
      vertex 7.96812 -8.76812 0
      vertex 8.02957 -8.91774 0
    endloop
  endfacet
  facet normal 0 0 -1
    outer loop
      vertex 3.08507 -0.303853 0
      vertex 10.0459 -5.8 0
      vertex 8.20244 -8.20244 0
    endloop
  endfacet
  facet normal 0 0 -1
    outer loop
      vertex 9.7082 -7.05342 0
      vertex 9.96597 -6.40705 0
      vertex 10.0318 -6.49288 0
    endloop
  endfacet
  facet normal -0 0 -1
    outer loop
      vertex 11.2847 -3.60936 0
      vertex 10.5317 -5.42726 0
      vertex 11.2047 -3.0023 0
    endloop
  endfacet
  facet normal 0 0 -1
    outer loop
      vertex 10.5317 -5.42726 0
      vertex 11.2847 -3.60936 0
      vertex 10.9625 -4.88084 0
    endloop
  endfacet
  facet normal 0 0 -1
    outer loop
      vertex 10.9625 -4.88084 0
      vertex 11.2847 -3.60936 0
      vertex 11.3575 -3.66526 0
    endloop
  endfacet
  facet normal 0 0 -1
    outer loop
      vertex 11.5775 -2.51654 0
      vertex 11.9361 -0.607851 0
      vertex 11.7378 -2.49494 0
    endloop
  endfacet
  facet normal 0 0 -1
    outer loop
      vertex 11.5775 -2.51654 0
      vertex 11.7378 -2.49494 0
      vertex 11.7376 -2.49545 0
    endloop
  endfacet
  facet normal -0 0 -1
    outer loop
      vertex 11.9361 -0.607851 0
      vertex 11.5775 -2.51654 0
      vertex 11.8343 -0.565685 0
    endloop
  endfacet
  facet normal -0 0 -1
    outer loop
      vertex 11.8343 -0.565685 0
      vertex 11.5775 -2.51654 0
      vertex 11.6 0 0
    endloop
  endfacet
  facet normal 0 0 -1
    outer loop
      vertex 11.5775 2.51654 0
      vertex 11.9361 0.607851 0
      vertex 11.8343 0.565685 0
    endloop
  endfacet
  facet normal 0 0 -1
    outer loop
      vertex 11.9361 0.607851 0
      vertex 11.5775 2.51654 0
      vertex 11.7378 2.49494 0
    endloop
  endfacet
  facet normal 0 0 -1
    outer loop
      vertex 11.5775 2.51654 0
      vertex 11.8343 0.565685 0
      vertex 11.6 0 0
    endloop
  endfacet
  facet normal 0 0 -1
    outer loop
      vertex 11.7378 2.49494 0
      vertex 11.5775 2.51654 0
      vertex 11.7376 2.49545 0
    endloop
  endfacet
  facet normal 0 0 -1
    outer loop
      vertex 11.2047 -3.0023 0
      vertex 11.6 0 0
      vertex 11.5775 -2.51654 0
    endloop
  endfacet
  facet normal 0 0 -1
    outer loop
      vertex 3.08507 -0.303853 0
      vertex 11.6 0 0
      vertex 11.2047 -3.0023 0
    endloop
  endfacet
  facet normal 0 0 -1
    outer loop
      vertex 11.6 0 0
      vertex 11.2047 3.0023 0
      vertex 11.5775 2.51654 0
    endloop
  endfacet
  facet normal 0 0 -1
    outer loop
      vertex 11.2847 3.60936 0
      vertex 10.9625 4.88084 0
      vertex 11.3575 3.66526 0
    endloop
  endfacet
  facet normal 0 0 -1
    outer loop
      vertex 10.5317 5.42726 0
      vertex 11.2847 3.60936 0
      vertex 11.2047 3.0023 0
    endloop
  endfacet
  facet normal 0 0 -1
    outer loop
      vertex 3.08507 -0.303853 0
      vertex 11.2047 -3.0023 0
      vertex 10.0459 -5.8 0
    endloop
  endfacet
  facet normal 0 0 -1
    outer loop
      vertex 10.5317 -5.42726 0
      vertex 10.9625 -4.88084 0
      vertex 10.6389 -5.44138 0
    endloop
  endfacet
  facet normal 0 0 -1
    outer loop
      vertex 11.2047 -3.0023 0
      vertex 10.5317 -5.42726 0
      vertex 10.0459 -5.8 0
    endloop
  endfacet
  facet normal 0 -0 -1
    outer loop
      vertex 3.1 0 0
      vertex 11.6 0 0
      vertex 3.08507 -0.303853 0
    endloop
  endfacet
  facet normal 0 0 -1
    outer loop
      vertex 10.9625 4.88084 0
      vertex 10.5317 5.42726 0
      vertex 10.6389 5.44138 0
    endloop
  endfacet
  facet normal -0 -0 -1
    outer loop
      vertex 10.5317 5.42726 0
      vertex 11.2047 3.0023 0
      vertex 10.0459 5.8 0
    endloop
  endfacet
  facet normal 0 0 -1
    outer loop
      vertex 11.2847 3.60936 0
      vertex 10.5317 5.42726 0
      vertex 10.9625 4.88084 0
    endloop
  endfacet
  facet normal 0 0 -1
    outer loop
      vertex 8.20244 -8.20244 0
      vertex 9.96597 -6.40705 0
      vertex 9.7082 -7.05342 0
    endloop
  endfacet
  facet normal -0 0 -1
    outer loop
      vertex 9.96597 -6.40705 0
      vertex 8.20244 -8.20244 0
      vertex 10.0459 -5.8 0
    endloop
  endfacet
  facet normal 0 0 -1
    outer loop
      vertex 9.96597 6.40705 0
      vertex 9.7082 7.05342 0
      vertex 10.0318 6.49288 0
    endloop
  endfacet
  facet normal 0 0 -1
    outer loop
      vertex 3.08507 0.303853 0
      vertex 11.6 0 0
      vertex 3.1 0 0
    endloop
  endfacet
  facet normal 0 0 -1
    outer loop
      vertex 8.76812 -7.96812 0
      vertex 9.7082 -7.05342 0
      vertex 8.85296 -8.00326 0
    endloop
  endfacet
  facet normal 0 0 -1
    outer loop
      vertex 8.20244 -8.20244 0
      vertex 9.7082 -7.05342 0
      vertex 8.76812 -7.96812 0
    endloop
  endfacet
  facet normal 0 0 -1
    outer loop
      vertex 10.0459 5.8 0
      vertex 8.20244 8.20244 0
      vertex 9.96597 6.40705 0
    endloop
  endfacet
  facet normal 0 0 -1
    outer loop
      vertex 9.7082 7.05342 0
      vertex 8.76812 7.96812 0
      vertex 8.85296 8.00326 0
    endloop
  endfacet
  facet normal -0 -0 -1
    outer loop
      vertex 8.76812 7.96812 0
      vertex 9.96597 6.40705 0
      vertex 8.20244 8.20244 0
    endloop
  endfacet
  facet normal 0 0 -1
    outer loop
      vertex 9.96597 6.40705 0
      vertex 8.76812 7.96812 0
      vertex 9.7082 7.05342 0
    endloop
  endfacet
  facet normal 0 0 -1
    outer loop
      vertex 6.40705 -9.96597 0
      vertex 7.96812 -8.76812 0
      vertex 6.49447 -10.0331 0
    endloop
  endfacet
  facet normal -0 0 -1
    outer loop
      vertex 7.96812 -8.76812 0
      vertex 6.40705 -9.96597 0
      vertex 8.20244 -8.20244 0
    endloop
  endfacet
  facet normal 0 0 -1
    outer loop
      vertex 7.96812 8.76812 0
      vertex 8.02957 8.91774 0
      vertex 8.02993 8.91733 0
    endloop
  endfacet
  facet normal 0 0 -1
    outer loop
      vertex 7.96812 8.76812 0
      vertex 6.49447 10.0331 0
      vertex 8.02957 8.91774 0
    endloop
  endfacet
  facet normal 0 0 -1
    outer loop
      vertex 3.08507 -0.303853 0
      vertex 8.20244 -8.20244 0
      vertex 5.8 -10.0459 0
    endloop
  endfacet
  facet normal 0 0 -1
    outer loop
      vertex 11.6 0 0
      vertex 3.08507 0.303853 0
      vertex 11.2047 3.0023 0
    endloop
  endfacet
  facet normal 0 0 -1
    outer loop
      vertex 7.96812 8.76812 0
      vertex 6.40705 9.96597 0
      vertex 6.49447 10.0331 0
    endloop
  endfacet
  facet normal 0 0 -1
    outer loop
      vertex 8.20244 8.20244 0
      vertex 5.8 10.0459 0
      vertex 7.96812 8.76812 0
    endloop
  endfacet
  facet normal 0 0 -1
    outer loop
      vertex 7.96812 8.76812 0
      vertex 5.8 10.0459 0
      vertex 6.40705 9.96597 0
    endloop
  endfacet
  facet normal 0 0 -1
    outer loop
      vertex 3.7082 -11.4127 0
      vertex 5.8 -10.0459 0
      vertex 5.42726 -10.5317 0
    endloop
  endfacet
  facet normal 0 0 -1
    outer loop
      vertex 3.08507 -0.303853 0
      vertex 5.8 -10.0459 0
      vertex 3.7082 -11.4127 0
    endloop
  endfacet
  facet normal 0 0 -1
    outer loop
      vertex 3.60936 11.2847 0
      vertex 5.44164 10.6409 0
      vertex 5.42726 10.5317 0
    endloop
  endfacet
  facet normal 0 0 -1
    outer loop
      vertex 2.96651 0.899882 0
      vertex 11.2047 3.0023 0
      vertex 3.04043 0.604779 0
    endloop
  endfacet
  facet normal 0 0 -1
    outer loop
      vertex 3.60936 -11.2847 0
      vertex 3.7082 -11.4127 0
      vertex 3.70767 -11.4128 0
    endloop
  endfacet
  facet normal -0 0 -1
    outer loop
      vertex 11.2047 3.0023 0
      vertex 2.86403 1.18632 0
      vertex 10.0459 5.8 0
    endloop
  endfacet
  facet normal 0 0 -1
    outer loop
      vertex 3.7082 -11.4127 0
      vertex 3.60936 -11.2847 0
      vertex 2.73396 -1.46133 0
    endloop
  endfacet
  facet normal 0 0 -1
    outer loop
      vertex 2.73396 1.46133 0
      vertex 10.0459 5.8 0
      vertex 2.86403 1.18632 0
    endloop
  endfacet
  facet normal 0 0 -1
    outer loop
      vertex 2.57756 1.72227 0
      vertex 10.0459 5.8 0
      vertex 2.73396 1.46133 0
    endloop
  endfacet
  facet normal 0 0 -1
    outer loop
      vertex 2.86403 1.18632 0
      vertex 11.2047 3.0023 0
      vertex 2.96651 0.899882 0
    endloop
  endfacet
  facet normal 0 0 -1
    outer loop
      vertex 3.7082 -11.4127 0
      vertex 3.04043 -0.604779 0
      vertex 3.08507 -0.303853 0
    endloop
  endfacet
  facet normal 0 0 -1
    outer loop
      vertex 2.5909 -1.7 0
      vertex 3.60936 -11.2847 0
      vertex 3.0023 -11.2047 0
    endloop
  endfacet
  facet normal 0 0 -1
    outer loop
      vertex 3.7082 -11.4127 0
      vertex 2.96651 -0.899882 0
      vertex 3.04043 -0.604779 0
    endloop
  endfacet
  facet normal 0 0 -1
    outer loop
      vertex 3.7082 -11.4127 0
      vertex 2.86403 -1.18632 0
      vertex 2.96651 -0.899882 0
    endloop
  endfacet
  facet normal 0 0 -1
    outer loop
      vertex 3.7082 -11.4127 0
      vertex 2.73396 -1.46133 0
      vertex 2.86403 -1.18632 0
    endloop
  endfacet
  facet normal 0 0 -1
    outer loop
      vertex 3.60936 -11.2847 0
      vertex 2.5909 -1.7 0
      vertex 2.73396 -1.46133 0
    endloop
  endfacet
  facet normal 0 0 -1
    outer loop
      vertex 0 -11.6 0
      vertex 3.0023 -11.2047 0
      vertex 2.51654 -11.5775 0
    endloop
  endfacet
  facet normal 0 0 -1
    outer loop
      vertex 1.25434 -11.9343 0
      vertex 2.51654 -11.5775 0
      vertex 2.50455 -11.6685 0
    endloop
  endfacet
  facet normal 0 0 -1
    outer loop
      vertex 0.565685 -11.8343 0
      vertex 2.51654 -11.5775 0
      vertex 1.25434 -11.9343 0
    endloop
  endfacet
  facet normal 0 0 -1
    outer loop
      vertex 0.565685 -11.8343 0
      vertex 1.25434 -11.9343 0
      vertex 0.607085 -11.9343 0
    endloop
  endfacet
  facet normal 0 0 -1
    outer loop
      vertex 2.51654 -11.5775 0
      vertex 0.565685 -11.8343 0
      vertex 0 -11.6 0
    endloop
  endfacet
  facet normal -0 0 -1
    outer loop
      vertex 3.0023 -11.2047 0
      vertex 0 -11.6 0
      vertex 2.5909 -1.7 0
    endloop
  endfacet
  facet normal 0 0 -1
    outer loop
      vertex -3.0023 -11.2047 0
      vertex 0 -11.6 0
      vertex -0.565685 -11.8343 0
    endloop
  endfacet
  facet normal 0 0 -1
    outer loop
      vertex -1.25434 -11.9343 0
      vertex -0.565685 -11.8343 0
      vertex -0.607085 -11.9343 0
    endloop
  endfacet
  facet normal 0 0 -1
    outer loop
      vertex -2.51654 -11.5775 0
      vertex -0.565685 -11.8343 0
      vertex -1.25434 -11.9343 0
    endloop
  endfacet
  facet normal 0 0 -1
    outer loop
      vertex -2.51654 -11.5775 0
      vertex -1.25434 -11.9343 0
      vertex -2.50455 -11.6685 0
    endloop
  endfacet
  facet normal 0 0 -1
    outer loop
      vertex -0.565685 -11.8343 0
      vertex -2.51654 -11.5775 0
      vertex -3.0023 -11.2047 0
    endloop
  endfacet
  facet normal 0 0 -1
    outer loop
      vertex 0 -11.6 0
      vertex -3.0023 -11.2047 0
      vertex -2.5909 -1.7 0
    endloop
  endfacet
  facet normal 0 0 -1
    outer loop
      vertex 0 -11.6 0
      vertex -2.5909 -1.7 0
      vertex 2.5909 -1.7 0
    endloop
  endfacet
  facet normal 0 0 -1
    outer loop
      vertex -5.8 -10.0459 0
      vertex -2.5909 -1.7 0
      vertex -3.0023 -11.2047 0
    endloop
  endfacet
  facet normal 0 0 -1
    outer loop
      vertex -8.20244 -8.20244 0
      vertex -2.5909 -1.7 0
      vertex -5.8 -10.0459 0
    endloop
  endfacet
  facet normal 0 0 -1
    outer loop
      vertex -10.0459 -5.8 0
      vertex -2.5909 -1.7 0
      vertex -8.20244 -8.20244 0
    endloop
  endfacet
  facet normal -0 0 -1
    outer loop
      vertex -2.5909 -1.7 0
      vertex -10.0459 -5.8 0
      vertex -2.73396 -1.46133 0
    endloop
  endfacet
  facet normal -0 0 -1
    outer loop
      vertex -2.73396 -1.46133 0
      vertex -10.0459 -5.8 0
      vertex -2.86403 -1.18632 0
    endloop
  endfacet
  facet normal 0 0 -1
    outer loop
      vertex -11.2047 -3.0023 0
      vertex -2.86403 -1.18632 0
      vertex -10.0459 -5.8 0
    endloop
  endfacet
  facet normal 0 0 -1
    outer loop
      vertex -5.8 -10.0459 0
      vertex -3.0023 -11.2047 0
      vertex -3.60936 -11.2847 0
    endloop
  endfacet
  facet normal 0 0 -1
    outer loop
      vertex -11.6 0 0
      vertex -11.2047 -3.0023 0
      vertex -11.5775 -2.51654 0
    endloop
  endfacet
  facet normal 0 0 -1
    outer loop
      vertex -11.2047 -3.0023 0
      vertex -11.6 0 0
      vertex -11.2047 3.0023 0
    endloop
  endfacet
  facet normal 0 0 -1
    outer loop
      vertex -11.2047 3.0023 0
      vertex -11.6 0 0
      vertex -11.5775 2.51654 0
    endloop
  endfacet
  facet normal 0 0 -1
    outer loop
      vertex -11.7378 -2.49494 0
      vertex -11.5775 -2.51654 0
      vertex -11.7376 -2.49545 0
    endloop
  endfacet
  facet normal 0 0 -1
    outer loop
      vertex -11.9361 -0.607851 0
      vertex -11.5775 -2.51654 0
      vertex -11.7378 -2.49494 0
    endloop
  endfacet
  facet normal 0 0 -1
    outer loop
      vertex -11.5775 -2.51654 0
      vertex -11.8343 -0.565685 0
      vertex -11.6 0 0
    endloop
  endfacet
  facet normal 0 0 -1
    outer loop
      vertex -11.5775 -2.51654 0
      vertex -11.9361 -0.607851 0
      vertex -11.8343 -0.565685 0
    endloop
  endfacet
  facet normal -0 0 -1
    outer loop
      vertex -3.08507 -0.303853 0
      vertex -11.2047 -3.0023 0
      vertex -3.1 0 0
    endloop
  endfacet
  facet normal 0 0 -1
    outer loop
      vertex -3.1 0 0
      vertex -10.0459 5.8 0
      vertex -9.96597 6.40705 0
    endloop
  endfacet
  facet normal 0 0 -1
    outer loop
      vertex -11.2047 -3.0023 0
      vertex -10.0459 -5.8 0
      vertex -10.5317 -5.42726 0
    endloop
  endfacet
  facet normal 0 0 -1
    outer loop
      vertex -11.2047 3.0023 0
      vertex -3.1 0 0
      vertex -11.2047 -3.0023 0
    endloop
  endfacet
  facet normal 0 0 -1
    outer loop
      vertex -10.9625 -4.88084 0
      vertex -10.5317 -5.42726 0
      vertex -10.6389 -5.44138 0
    endloop
  endfacet
  facet normal 0 0 -1
    outer loop
      vertex -3.1 0 0
      vertex -11.2047 3.0023 0
      vertex -10.0459 5.8 0
    endloop
  endfacet
  facet normal 0 0 -1
    outer loop
      vertex -11.2847 -3.60936 0
      vertex -10.5317 -5.42726 0
      vertex -10.9625 -4.88084 0
    endloop
  endfacet
  facet normal 0 0 -1
    outer loop
      vertex -10.0459 5.8 0
      vertex -11.2047 3.0023 0
      vertex -10.5317 5.42726 0
    endloop
  endfacet
  facet normal 0 0 -1
    outer loop
      vertex -11.2847 3.60936 0
      vertex -10.5317 5.42726 0
      vertex -11.2047 3.0023 0
    endloop
  endfacet
  facet normal 0 0 -1
    outer loop
      vertex -10.5317 -5.42726 0
      vertex -11.2847 -3.60936 0
      vertex -11.2047 -3.0023 0
    endloop
  endfacet
  facet normal 0 -0 -1
    outer loop
      vertex -11.2847 -3.60936 0
      vertex -10.9625 -4.88084 0
      vertex -11.3575 -3.66526 0
    endloop
  endfacet
  facet normal 0 0 -1
    outer loop
      vertex -10.0459 -5.8 0
      vertex -8.20244 -8.20244 0
      vertex -9.96597 -6.40705 0
    endloop
  endfacet
  facet normal 0 0 -1
    outer loop
      vertex -3.1 0 0
      vertex -8.20244 8.20244 0
      vertex -7.96812 8.76812 0
    endloop
  endfacet
  facet normal 0 0 -1
    outer loop
      vertex -9.96597 -6.40705 0
      vertex -8.20244 -8.20244 0
      vertex -8.76812 -7.96812 0
    endloop
  endfacet
  facet normal -0 0 -1
    outer loop
      vertex -3.04043 -0.604779 0
      vertex -11.2047 -3.0023 0
      vertex -3.08507 -0.303853 0
    endloop
  endfacet
  facet normal 0 0 -1
    outer loop
      vertex -9.7082 -7.05342 0
      vertex -8.76812 -7.96812 0
      vertex -8.85296 -8.00326 0
    endloop
  endfacet
  facet normal 0 0 -1
    outer loop
      vertex -3.1 0 0
      vertex -9.96597 6.40705 0
      vertex -8.20244 8.20244 0
    endloop
  endfacet
  facet normal 0 0 -1
    outer loop
      vertex -8.76812 -7.96812 0
      vertex -9.7082 -7.05342 0
      vertex -9.96597 -6.40705 0
    endloop
  endfacet
  facet normal 0 0 -1
    outer loop
      vertex -8.20244 8.20244 0
      vertex -9.96597 6.40705 0
      vertex -8.76812 7.96812 0
    endloop
  endfacet
  facet normal 0 -0 -1
    outer loop
      vertex -9.7082 7.05342 0
      vertex -8.76812 7.96812 0
      vertex -9.96597 6.40705 0
    endloop
  endfacet
  facet normal 0 -0 -1
    outer loop
      vertex -9.96597 -6.40705 0
      vertex -9.7082 -7.05342 0
      vertex -10.0318 -6.49288 0
    endloop
  endfacet
  facet normal 0 0 -1
    outer loop
      vertex -8.20244 -8.20244 0
      vertex -5.8 -10.0459 0
      vertex -7.96812 -8.76812 0
    endloop
  endfacet
  facet normal 0 0 -1
    outer loop
      vertex -3.1 0 0
      vertex -5.8 10.0459 0
      vertex -5.42726 10.5317 0
    endloop
  endfacet
  facet normal 0 0 -1
    outer loop
      vertex -7.96812 -8.76812 0
      vertex -5.8 -10.0459 0
      vertex -6.40705 -9.96597 0
    endloop
  endfacet
  facet normal -0 0 -1
    outer loop
      vertex -2.96651 -0.899882 0
      vertex -11.2047 -3.0023 0
      vertex -3.04043 -0.604779 0
    endloop
  endfacet
  facet normal 0 0 -1
    outer loop
      vertex -7.96812 -8.76812 0
      vertex -6.40705 -9.96597 0
      vertex -6.49447 -10.0331 0
    endloop
  endfacet
  facet normal 0 0 -1
    outer loop
      vertex -3.1 0 0
      vertex -7.96812 8.76812 0
      vertex -5.8 10.0459 0
    endloop
  endfacet
  facet normal 0 0 -1
    outer loop
      vertex -5.8 10.0459 0
      vertex -7.96812 8.76812 0
      vertex -6.40705 9.96597 0
    endloop
  endfacet
  facet normal 0 0 -1
    outer loop
      vertex -8.02957 -8.91774 0
      vertex -7.96812 -8.76812 0
      vertex -6.49447 -10.0331 0
    endloop
  endfacet
  facet normal 0 0 -1
    outer loop
      vertex -7.96812 -8.76812 0
      vertex -8.02957 -8.91774 0
      vertex -8.02993 -8.91733 0
    endloop
  endfacet
  facet normal 0 0 -1
    outer loop
      vertex -5.44164 10.6409 0
      vertex -3.60936 11.2847 0
      vertex -5.42726 10.5317 0
    endloop
  endfacet
  facet normal -0 0 -1
    outer loop
      vertex -3.60936 11.2847 0
      vertex -5.44164 10.6409 0
      vertex -3.7082 11.4127 0
    endloop
  endfacet
  facet normal -0 0 -1
    outer loop
      vertex -6.40705 9.96597 0
      vertex -7.96812 8.76812 0
      vertex -6.49447 10.0331 0
    endloop
  endfacet
  facet normal 0 0 -1
    outer loop
      vertex -7.96812 8.76812 0
      vertex -8.02957 8.91774 0
      vertex -6.49447 10.0331 0
    endloop
  endfacet
  facet normal 0 -0 -1
    outer loop
      vertex -8.02957 8.91774 0
      vertex -7.96812 8.76812 0
      vertex -8.02993 8.91733 0
    endloop
  endfacet
  facet normal -0 0 -1
    outer loop
      vertex -8.76812 7.96812 0
      vertex -9.7082 7.05342 0
      vertex -8.85296 8.00326 0
    endloop
  endfacet
  facet normal 0 0 -1
    outer loop
      vertex -9.7082 7.05342 0
      vertex -9.96597 6.40705 0
      vertex -10.0318 6.49288 0
    endloop
  endfacet
  facet normal -0 0 -1
    outer loop
      vertex -10.5317 5.42726 0
      vertex -10.9625 4.88084 0
      vertex -10.6389 5.44138 0
    endloop
  endfacet
  facet normal 0 0 -1
    outer loop
      vertex -10.5317 5.42726 0
      vertex -11.2847 3.60936 0
      vertex -10.9625 4.88084 0
    endloop
  endfacet
  facet normal 0 0 -1
    outer loop
      vertex -10.9625 4.88084 0
      vertex -11.2847 3.60936 0
      vertex -11.3575 3.66526 0
    endloop
  endfacet
  facet normal 0 0 -1
    outer loop
      vertex -11.8343 0.565685 0
      vertex -11.5775 2.51654 0
      vertex -11.6 0 0
    endloop
  endfacet
  facet normal 0 0 -1
    outer loop
      vertex -11.5775 2.51654 0
      vertex -11.7378 2.49494 0
      vertex -11.7376 2.49545 0
    endloop
  endfacet
  facet normal 0 0 -1
    outer loop
      vertex -11.9361 0.607851 0
      vertex -11.5775 2.51654 0
      vertex -11.8343 0.565685 0
    endloop
  endfacet
  facet normal 0 0 -1
    outer loop
      vertex -11.5775 2.51654 0
      vertex -11.9361 0.607851 0
      vertex -11.7378 2.49494 0
    endloop
  endfacet
  facet normal 0 0 -1
    outer loop
      vertex 2.39633 1.96662 0
      vertex 10.0459 5.8 0
      vertex 2.57756 1.72227 0
    endloop
  endfacet
  facet normal -0 0 -1
    outer loop
      vertex 10.0459 5.8 0
      vertex 2.39633 1.96662 0
      vertex 8.20244 8.20244 0
    endloop
  endfacet
  facet normal 0 0 -1
    outer loop
      vertex 2.19203 2.19203 0
      vertex 8.20244 8.20244 0
      vertex 2.39633 1.96662 0
    endloop
  endfacet
  facet normal 0 0 -1
    outer loop
      vertex 5.44164 10.6409 0
      vertex 3.60936 11.2847 0
      vertex 3.7082 11.4127 0
    endloop
  endfacet
  facet normal -0 0 -1
    outer loop
      vertex 3.7082 11.4127 0
      vertex 3.60936 11.2847 0
      vertex 3.70767 11.4128 0
    endloop
  endfacet
  facet normal 0 0 -1
    outer loop
      vertex 1.96662 2.39633 0
      vertex 8.20244 8.20244 0
      vertex 2.19203 2.19203 0
    endloop
  endfacet
  facet normal -0 0 -1
    outer loop
      vertex 8.20244 8.20244 0
      vertex 1.96662 2.39633 0
      vertex 5.8 10.0459 0
    endloop
  endfacet
  facet normal 0 0 -1
    outer loop
      vertex 1.72227 2.57756 0
      vertex 5.8 10.0459 0
      vertex 1.96662 2.39633 0
    endloop
  endfacet
  facet normal 0 0 -1
    outer loop
      vertex 1.46133 2.73396 0
      vertex 5.8 10.0459 0
      vertex 1.72227 2.57756 0
    endloop
  endfacet
  facet normal 0 0 -1
    outer loop
      vertex 1.18632 2.86403 0
      vertex 5.8 10.0459 0
      vertex 1.46133 2.73396 0
    endloop
  endfacet
  facet normal 0 -0 -1
    outer loop
      vertex 3.0023 11.2047 0
      vertex 5.8 10.0459 0
      vertex 1.18632 2.86403 0
    endloop
  endfacet
  facet normal 0 0 -1
    outer loop
      vertex 5.42726 10.5317 0
      vertex 3.0023 11.2047 0
      vertex 3.60936 11.2847 0
    endloop
  endfacet
  facet normal 0 0 -1
    outer loop
      vertex 5.8 10.0459 0
      vertex 3.0023 11.2047 0
      vertex 5.42726 10.5317 0
    endloop
  endfacet
  facet normal 0 0 -1
    outer loop
      vertex 0.899882 2.96651 0
      vertex 3.0023 11.2047 0
      vertex 1.18632 2.86403 0
    endloop
  endfacet
  facet normal 0 0 -1
    outer loop
      vertex 0.604779 3.04043 0
      vertex 3.0023 11.2047 0
      vertex 0.899882 2.96651 0
    endloop
  endfacet
  facet normal 0 0 -1
    outer loop
      vertex 0.303853 3.08507 0
      vertex 3.0023 11.2047 0
      vertex 0.604779 3.04043 0
    endloop
  endfacet
  facet normal 0 0 -1
    outer loop
      vertex 3.0023 11.2047 0
      vertex 0 11.6 0
      vertex 2.51654 11.5775 0
    endloop
  endfacet
  facet normal 0 -0 -1
    outer loop
      vertex 0.565685 11.8343 0
      vertex 2.51654 11.5775 0
      vertex 0 11.6 0
    endloop
  endfacet
  facet normal 0 0 -1
    outer loop
      vertex 2.51654 11.5775 0
      vertex 1.25434 11.9343 0
      vertex 2.50455 11.6685 0
    endloop
  endfacet
  facet normal -0 0 -1
    outer loop
      vertex 1.25434 11.9343 0
      vertex 0.565685 11.8343 0
      vertex 0.607085 11.9343 0
    endloop
  endfacet
  facet normal -0 0 -1
    outer loop
      vertex 3.0023 11.2047 0
      vertex 0.303853 3.08507 0
      vertex 0 11.6 0
    endloop
  endfacet
  facet normal 0 0 -1
    outer loop
      vertex 0 11.6 0
      vertex 0.303853 3.08507 0
      vertex 0 3.1 0
    endloop
  endfacet
  facet normal 0 0 -1
    outer loop
      vertex 2.51654 11.5775 0
      vertex 0.565685 11.8343 0
      vertex 1.25434 11.9343 0
    endloop
  endfacet
  facet normal 0 0 -1
    outer loop
      vertex -0.303853 3.08507 0
      vertex 0 11.6 0
      vertex 0 3.1 0
    endloop
  endfacet
  facet normal 0 0 -1
    outer loop
      vertex -3.0023 11.2047 0
      vertex 0 11.6 0
      vertex -0.303853 3.08507 0
    endloop
  endfacet
  facet normal 0 0 -1
    outer loop
      vertex -3.0023 11.2047 0
      vertex -0.303853 3.08507 0
      vertex -0.604779 3.04043 0
    endloop
  endfacet
  facet normal -0 0 -1
    outer loop
      vertex 0 11.6 0
      vertex -3.0023 11.2047 0
      vertex -0.565685 11.8343 0
    endloop
  endfacet
  facet normal 0 0 -1
    outer loop
      vertex -3.0023 11.2047 0
      vertex -0.604779 3.04043 0
      vertex -0.899882 2.96651 0
    endloop
  endfacet
  facet normal 0 0 -1
    outer loop
      vertex -3.0023 11.2047 0
      vertex -0.899882 2.96651 0
      vertex -1.18632 2.86403 0
    endloop
  endfacet
  facet normal 0 -0 -1
    outer loop
      vertex -2.51654 11.5775 0
      vertex -0.565685 11.8343 0
      vertex -3.0023 11.2047 0
    endloop
  endfacet
  facet normal 0 0 -1
    outer loop
      vertex -5.42726 10.5317 0
      vertex -1.18632 2.86403 0
      vertex -1.46133 2.73396 0
    endloop
  endfacet
  facet normal 0 0 -1
    outer loop
      vertex -5.42726 10.5317 0
      vertex -1.46133 2.73396 0
      vertex -1.72227 2.57756 0
    endloop
  endfacet
  facet normal 0 0 -1
    outer loop
      vertex -5.42726 10.5317 0
      vertex -1.72227 2.57756 0
      vertex -1.96662 2.39633 0
    endloop
  endfacet
  facet normal 0 0 -1
    outer loop
      vertex -5.42726 10.5317 0
      vertex -1.96662 2.39633 0
      vertex -2.19203 2.19203 0
    endloop
  endfacet
  facet normal 0 0 -1
    outer loop
      vertex -5.42726 10.5317 0
      vertex -2.19203 2.19203 0
      vertex -2.39633 1.96662 0
    endloop
  endfacet
  facet normal 0 0 -1
    outer loop
      vertex -0.565685 11.8343 0
      vertex -1.25434 11.9343 0
      vertex -0.607085 11.9343 0
    endloop
  endfacet
  facet normal 0 0 -1
    outer loop
      vertex -1.25434 11.9343 0
      vertex -2.51654 11.5775 0
      vertex -2.50455 11.6685 0
    endloop
  endfacet
  facet normal 0 0 -1
    outer loop
      vertex -5.42726 10.5317 0
      vertex -2.39633 1.96662 0
      vertex -2.57756 1.72227 0
    endloop
  endfacet
  facet normal 0 0 -1
    outer loop
      vertex -5.42726 10.5317 0
      vertex -2.57756 1.72227 0
      vertex -2.73396 1.46133 0
    endloop
  endfacet
  facet normal 0 0 -1
    outer loop
      vertex -5.42726 10.5317 0
      vertex -2.73396 1.46133 0
      vertex -2.86403 1.18632 0
    endloop
  endfacet
  facet normal 0 0 -1
    outer loop
      vertex -5.42726 10.5317 0
      vertex -2.86403 1.18632 0
      vertex -2.96651 0.899882 0
    endloop
  endfacet
  facet normal -0 0 -1
    outer loop
      vertex -0.565685 11.8343 0
      vertex -2.51654 11.5775 0
      vertex -1.25434 11.9343 0
    endloop
  endfacet
  facet normal 0 0 -1
    outer loop
      vertex -5.42726 10.5317 0
      vertex -2.96651 0.899882 0
      vertex -3.04043 0.604779 0
    endloop
  endfacet
  facet normal 0 0 -1
    outer loop
      vertex -5.42726 10.5317 0
      vertex -3.04043 0.604779 0
      vertex -3.08507 0.303853 0
    endloop
  endfacet
  facet normal -0 0 -1
    outer loop
      vertex -2.86403 -1.18632 0
      vertex -11.2047 -3.0023 0
      vertex -2.96651 -0.899882 0
    endloop
  endfacet
  facet normal 0 0 -1
    outer loop
      vertex -5.8 -10.0459 0
      vertex -3.60936 -11.2847 0
      vertex -5.42726 -10.5317 0
    endloop
  endfacet
  facet normal 0 0 -1
    outer loop
      vertex -3.1 0 0
      vertex -5.42726 10.5317 0
      vertex -3.08507 0.303853 0
    endloop
  endfacet
  facet normal 0 0 -1
    outer loop
      vertex -3.7082 -11.4127 0
      vertex -3.60936 -11.2847 0
      vertex -3.70767 -11.4128 0
    endloop
  endfacet
  facet normal 0 0 -1
    outer loop
      vertex -1.18632 2.86403 0
      vertex -5.42726 10.5317 0
      vertex -3.0023 11.2047 0
    endloop
  endfacet
  facet normal 0 0 -1
    outer loop
      vertex -5.44164 -10.6409 0
      vertex -3.60936 -11.2847 0
      vertex -3.7082 -11.4127 0
    endloop
  endfacet
  facet normal -0 0 -1
    outer loop
      vertex -3.0023 11.2047 0
      vertex -5.42726 10.5317 0
      vertex -3.60936 11.2847 0
    endloop
  endfacet
  facet normal 0 0 -1
    outer loop
      vertex -3.60936 11.2847 0
      vertex -3.7082 11.4127 0
      vertex -3.70767 11.4128 0
    endloop
  endfacet
  facet normal 0 0 -1
    outer loop
      vertex -3.60936 -11.2847 0
      vertex -5.44164 -10.6409 0
      vertex -5.42726 -10.5317 0
    endloop
  endfacet
  facet normal 0.207956 -0.978138 0
    outer loop
      vertex 1.25434 -11.9343 0
      vertex 2.50455 -11.6685 14
      vertex 1.25434 -11.9343 14
    endloop
  endfacet
  facet normal 0.207956 -0.978138 0
    outer loop
      vertex 2.50455 -11.6685 14
      vertex 1.25434 -11.9343 0
      vertex 2.50455 -11.6685 0
    endloop
  endfacet
  facet normal 0.185408 -0.982662 0
    outer loop
      vertex 3.70767 -11.4128 0
      vertex 3.7082 -11.4127 14
      vertex 3.70767 -11.4128 14
    endloop
  endfacet
  facet normal 0.185408 -0.982662 0
    outer loop
      vertex 3.7082 -11.4127 14
      vertex 3.70767 -11.4128 0
      vertex 3.7082 -11.4127 0
    endloop
  endfacet
  facet normal 0.743145 0.669131 0
    outer loop
      vertex 9.7082 7.05342 14
      vertex 8.85296 8.00326 0
      vertex 8.85296 8.00326 14
    endloop
  endfacet
  facet normal 0.743145 0.669131 0
    outer loop
      vertex 8.85296 8.00326 0
      vertex 9.7082 7.05342 14
      vertex 9.7082 7.05342 0
    endloop
  endfacet
  facet normal 0.75144 0.659801 0
    outer loop
      vertex 8.02993 8.91733 14
      vertex 8.02957 8.91774 0
      vertex 8.02957 8.91774 14
    endloop
  endfacet
  facet normal 0.75144 0.659801 0
    outer loop
      vertex 8.02957 8.91774 0
      vertex 8.02993 8.91733 14
      vertex 8.02993 8.91733 0
    endloop
  endfacet
  facet normal 0.743145 -0.669131 0
    outer loop
      vertex 8.85296 -8.00326 14
      vertex 9.7082 -7.05342 0
      vertex 9.7082 -7.05342 14
    endloop
  endfacet
  facet normal 0.743145 -0.669131 0
    outer loop
      vertex 9.7082 -7.05342 0
      vertex 8.85296 -8.00326 14
      vertex 8.85296 -8.00326 0
    endloop
  endfacet
  facet normal 0.75144 -0.659801 0
    outer loop
      vertex 8.02957 -8.91774 14
      vertex 8.02993 -8.91733 0
      vertex 8.02993 -8.91733 14
    endloop
  endfacet
  facet normal 0.75144 -0.659801 0
    outer loop
      vertex 8.02993 -8.91733 0
      vertex 8.02957 -8.91774 14
      vertex 8.02957 -8.91774 0
    endloop
  endfacet
  facet normal -0.930973 -0.365088 0
    outer loop
      vertex -11.7376 -2.49545 0
      vertex -11.7378 -2.49494 14
      vertex -11.7378 -2.49494 0
    endloop
  endfacet
  facet normal -0.930973 -0.365088 0
    outer loop
      vertex -11.7378 -2.49494 14
      vertex -11.7376 -2.49545 0
      vertex -11.7376 -2.49545 14
    endloop
  endfacet
  facet normal -0.951049 -0.309041 0
    outer loop
      vertex -10.9625 -4.88084 0
      vertex -11.3575 -3.66526 14
      vertex -11.3575 -3.66526 0
    endloop
  endfacet
  facet normal -0.951049 -0.309041 0
    outer loop
      vertex -11.3575 -3.66526 14
      vertex -10.9625 -4.88084 0
      vertex -10.9625 -4.88084 14
    endloop
  endfacet
  facet normal 0.866044 -0.499968 0
    outer loop
      vertex 10.6389 -5.44138 14
      vertex 10.9625 -4.88084 0
      vertex 10.9625 -4.88084 14
    endloop
  endfacet
  facet normal 0.866044 -0.499968 0
    outer loop
      vertex 10.9625 -4.88084 0
      vertex 10.6389 -5.44138 14
      vertex 10.6389 -5.44138 0
    endloop
  endfacet
  facet normal 0.866044 -0.499968 0
    outer loop
      vertex 9.7082 -7.05342 14
      vertex 10.0318 -6.49288 0
      vertex 10.0318 -6.49288 14
    endloop
  endfacet
  facet normal 0.866044 -0.499968 0
    outer loop
      vertex 10.0318 -6.49288 0
      vertex 9.7082 -7.05342 14
      vertex 9.7082 -7.05342 0
    endloop
  endfacet
  facet normal -0.406747 0.913541 0
    outer loop
      vertex -3.7082 11.4127 0
      vertex -5.44164 10.6409 14
      vertex -3.7082 11.4127 14
    endloop
  endfacet
  facet normal -0.406747 0.913541 0
    outer loop
      vertex -5.44164 10.6409 14
      vertex -3.7082 11.4127 0
      vertex -5.44164 10.6409 0
    endloop
  endfacet
  facet normal -0.587801 0.809006 0
    outer loop
      vertex -6.49447 10.0331 0
      vertex -8.02957 8.91774 14
      vertex -6.49447 10.0331 14
    endloop
  endfacet
  facet normal -0.587801 0.809006 0
    outer loop
      vertex -8.02957 8.91774 14
      vertex -6.49447 10.0331 0
      vertex -8.02957 8.91774 0
    endloop
  endfacet
  facet normal -0.75144 0.659801 0
    outer loop
      vertex -8.02993 8.91733 0
      vertex -8.02957 8.91774 14
      vertex -8.02957 8.91774 0
    endloop
  endfacet
  facet normal -0.75144 0.659801 0
    outer loop
      vertex -8.02957 8.91774 14
      vertex -8.02993 8.91733 0
      vertex -8.02993 8.91733 14
    endloop
  endfacet
  facet normal -0.743145 0.669131 0
    outer loop
      vertex -9.7082 7.05342 0
      vertex -8.85296 8.00326 14
      vertex -8.85296 8.00326 0
    endloop
  endfacet
  facet normal -0.743145 0.669131 0
    outer loop
      vertex -8.85296 8.00326 14
      vertex -9.7082 7.05342 0
      vertex -9.7082 7.05342 14
    endloop
  endfacet
  facet normal -0.866044 0.499968 0
    outer loop
      vertex -10.9625 4.88084 0
      vertex -10.6389 5.44138 14
      vertex -10.6389 5.44138 0
    endloop
  endfacet
  facet normal -0.866044 0.499968 0
    outer loop
      vertex -10.6389 5.44138 14
      vertex -10.9625 4.88084 0
      vertex -10.9625 4.88084 14
    endloop
  endfacet
  facet normal -0.866044 0.499968 0
    outer loop
      vertex -10.0318 6.49288 0
      vertex -9.7082 7.05342 14
      vertex -9.7082 7.05342 0
    endloop
  endfacet
  facet normal -0.866044 0.499968 0
    outer loop
      vertex -9.7082 7.05342 14
      vertex -10.0318 6.49288 0
      vertex -10.0318 6.49288 14
    endloop
  endfacet
  facet normal 0.587801 -0.809006 0
    outer loop
      vertex 6.49447 -10.0331 0
      vertex 8.02957 -8.91774 14
      vertex 6.49447 -10.0331 14
    endloop
  endfacet
  facet normal 0.587801 -0.809006 0
    outer loop
      vertex 8.02957 -8.91774 14
      vertex 6.49447 -10.0331 0
      vertex 8.02957 -8.91774 0
    endloop
  endfacet
  facet normal 0.207956 0.978138 -0
    outer loop
      vertex 2.50455 11.6685 0
      vertex 1.25434 11.9343 14
      vertex 2.50455 11.6685 14
    endloop
  endfacet
  facet normal 0.207956 0.978138 0
    outer loop
      vertex 1.25434 11.9343 14
      vertex 2.50455 11.6685 0
      vertex 1.25434 11.9343 0
    endloop
  endfacet
  facet normal 0.185408 0.982662 -0
    outer loop
      vertex 3.7082 11.4127 0
      vertex 3.70767 11.4128 14
      vertex 3.7082 11.4127 14
    endloop
  endfacet
  facet normal 0.185408 0.982662 0
    outer loop
      vertex 3.70767 11.4128 14
      vertex 3.7082 11.4127 0
      vertex 3.70767 11.4128 0
    endloop
  endfacet
  facet normal -0.994524 -0.104507 0
    outer loop
      vertex -11.7378 -2.49494 0
      vertex -11.9361 -0.607851 14
      vertex -11.9361 -0.607851 0
    endloop
  endfacet
  facet normal -0.994524 -0.104507 0
    outer loop
      vertex -11.9361 -0.607851 14
      vertex -11.7378 -2.49494 0
      vertex -11.7378 -2.49494 14
    endloop
  endfacet
  facet normal 0.994524 -0.104507 0
    outer loop
      vertex 11.7378 -2.49494 14
      vertex 11.9361 -0.607851 0
      vertex 11.9361 -0.607851 14
    endloop
  endfacet
  facet normal 0.994524 -0.104507 0
    outer loop
      vertex 11.9361 -0.607851 0
      vertex 11.7378 -2.49494 14
      vertex 11.7378 -2.49494 0
    endloop
  endfacet
  facet normal -0.866044 -0.499968 0
    outer loop
      vertex -10.6389 -5.44138 0
      vertex -10.9625 -4.88084 14
      vertex -10.9625 -4.88084 0
    endloop
  endfacet
  facet normal -0.866044 -0.499968 0
    outer loop
      vertex -10.9625 -4.88084 14
      vertex -10.6389 -5.44138 0
      vertex -10.6389 -5.44138 14
    endloop
  endfacet
  facet normal -0.866044 -0.499968 0
    outer loop
      vertex -9.7082 -7.05342 0
      vertex -10.0318 -6.49288 14
      vertex -10.0318 -6.49288 0
    endloop
  endfacet
  facet normal -0.866044 -0.499968 0
    outer loop
      vertex -10.0318 -6.49288 14
      vertex -9.7082 -7.05342 0
      vertex -9.7082 -7.05342 14
    endloop
  endfacet
  facet normal -0 0 1
    outer loop
      vertex 3.0023 11.2047 14
      vertex 5.8 10.0459 14
      vertex 3.60936 11.2847 14
    endloop
  endfacet
  facet normal -0 0 1
    outer loop
      vertex 3.60936 11.2847 14
      vertex 5.44164 10.6409 14
      vertex 3.7082 11.4127 14
    endloop
  endfacet
  facet normal 0 0 1
    outer loop
      vertex 8.02957 8.91774 14
      vertex 7.96812 8.76812 14
      vertex 8.02993 8.91733 14
    endloop
  endfacet
  facet normal 0 0 1
    outer loop
      vertex 5.8 10.0459 14
      vertex 8.20244 8.20244 14
      vertex 6.40705 9.96597 14
    endloop
  endfacet
  facet normal 0 0 1
    outer loop
      vertex 6.49447 10.0331 14
      vertex 7.96812 8.76812 14
      vertex 8.02957 8.91774 14
    endloop
  endfacet
  facet normal 0 0 1
    outer loop
      vertex 10.0459 5.8 14
      vertex 8.20244 8.20244 14
      vertex 10.0459 -5.8 14
    endloop
  endfacet
  facet normal 0 0 1
    outer loop
      vertex 9.7082 7.05342 14
      vertex 9.96597 6.40705 14
      vertex 10.0318 6.49288 14
    endloop
  endfacet
  facet normal 0 0 1
    outer loop
      vertex 11.2847 3.60936 14
      vertex 10.5317 5.42726 14
      vertex 11.2047 3.0023 14
    endloop
  endfacet
  facet normal 0 0 1
    outer loop
      vertex 10.5317 5.42726 14
      vertex 11.2847 3.60936 14
      vertex 10.9625 4.88084 14
    endloop
  endfacet
  facet normal 0 0 1
    outer loop
      vertex 10.9625 4.88084 14
      vertex 11.2847 3.60936 14
      vertex 11.3575 3.66526 14
    endloop
  endfacet
  facet normal 0 0 1
    outer loop
      vertex 11.5775 2.51654 14
      vertex 11.9361 0.607851 14
      vertex 11.7378 2.49494 14
    endloop
  endfacet
  facet normal 0 0 1
    outer loop
      vertex 11.5775 2.51654 14
      vertex 11.7378 2.49494 14
      vertex 11.7376 2.49545 14
    endloop
  endfacet
  facet normal 0 0 1
    outer loop
      vertex 11.9361 0.607851 14
      vertex 11.5775 2.51654 14
      vertex 11.8343 0.565685 14
    endloop
  endfacet
  facet normal 0 0 1
    outer loop
      vertex 11.8343 0.565685 14
      vertex 11.5775 2.51654 14
      vertex 11.6 0 14
    endloop
  endfacet
  facet normal 0 0 1
    outer loop
      vertex 11.5775 -2.51654 14
      vertex 11.9361 -0.607851 14
      vertex 11.8343 -0.565685 14
    endloop
  endfacet
  facet normal 0 0 1
    outer loop
      vertex 11.9361 -0.607851 14
      vertex 11.5775 -2.51654 14
      vertex 11.7378 -2.49494 14
    endloop
  endfacet
  facet normal 0 0 1
    outer loop
      vertex 11.5775 -2.51654 14
      vertex 11.8343 -0.565685 14
      vertex 11.6 0 14
    endloop
  endfacet
  facet normal 0 0 1
    outer loop
      vertex 11.7378 -2.49494 14
      vertex 11.5775 -2.51654 14
      vertex 11.7376 -2.49545 14
    endloop
  endfacet
  facet normal 0 0 1
    outer loop
      vertex 11.2047 3.0023 14
      vertex 11.6 0 14
      vertex 11.5775 2.51654 14
    endloop
  endfacet
  facet normal 0 0 1
    outer loop
      vertex 11.2047 -3.0023 14
      vertex 11.6 0 14
      vertex 11.2047 3.0023 14
    endloop
  endfacet
  facet normal 0 0 1
    outer loop
      vertex 11.6 0 14
      vertex 11.2047 -3.0023 14
      vertex 11.5775 -2.51654 14
    endloop
  endfacet
  facet normal 0 0 1
    outer loop
      vertex 11.2847 -3.60936 14
      vertex 10.9625 -4.88084 14
      vertex 11.3575 -3.66526 14
    endloop
  endfacet
  facet normal 0 0 1
    outer loop
      vertex 10.5317 -5.42726 14
      vertex 11.2847 -3.60936 14
      vertex 11.2047 -3.0023 14
    endloop
  endfacet
  facet normal 0 0 1
    outer loop
      vertex 11.2047 3.0023 14
      vertex 10.0459 5.8 14
      vertex 11.2047 -3.0023 14
    endloop
  endfacet
  facet normal -0 0 1
    outer loop
      vertex 10.5317 5.42726 14
      vertex 10.9625 4.88084 14
      vertex 10.6389 5.44138 14
    endloop
  endfacet
  facet normal 0 0 1
    outer loop
      vertex 11.2047 3.0023 14
      vertex 10.5317 5.42726 14
      vertex 10.0459 5.8 14
    endloop
  endfacet
  facet normal 0 0 1
    outer loop
      vertex 10.0459 -5.8 14
      vertex 11.2047 -3.0023 14
      vertex 10.0459 5.8 14
    endloop
  endfacet
  facet normal 0 0 1
    outer loop
      vertex 10.9625 -4.88084 14
      vertex 10.5317 -5.42726 14
      vertex 10.6389 -5.44138 14
    endloop
  endfacet
  facet normal 0 -0 1
    outer loop
      vertex 10.5317 -5.42726 14
      vertex 11.2047 -3.0023 14
      vertex 10.0459 -5.8 14
    endloop
  endfacet
  facet normal 0 0 1
    outer loop
      vertex 11.2847 -3.60936 14
      vertex 10.5317 -5.42726 14
      vertex 10.9625 -4.88084 14
    endloop
  endfacet
  facet normal 0 0 1
    outer loop
      vertex 8.20244 8.20244 14
      vertex 9.96597 6.40705 14
      vertex 9.7082 7.05342 14
    endloop
  endfacet
  facet normal 0 0 1
    outer loop
      vertex 9.96597 6.40705 14
      vertex 8.20244 8.20244 14
      vertex 10.0459 5.8 14
    endloop
  endfacet
  facet normal 0 0 1
    outer loop
      vertex 9.96597 -6.40705 14
      vertex 9.7082 -7.05342 14
      vertex 10.0318 -6.49288 14
    endloop
  endfacet
  facet normal 0 0 1
    outer loop
      vertex 8.20244 -8.20244 14
      vertex 10.0459 -5.8 14
      vertex 8.20244 8.20244 14
    endloop
  endfacet
  facet normal -0 0 1
    outer loop
      vertex 8.76812 7.96812 14
      vertex 9.7082 7.05342 14
      vertex 8.85296 8.00326 14
    endloop
  endfacet
  facet normal 0 0 1
    outer loop
      vertex 8.20244 8.20244 14
      vertex 9.7082 7.05342 14
      vertex 8.76812 7.96812 14
    endloop
  endfacet
  facet normal 0 0 1
    outer loop
      vertex 10.0459 -5.8 14
      vertex 8.20244 -8.20244 14
      vertex 9.96597 -6.40705 14
    endloop
  endfacet
  facet normal 0 0 1
    outer loop
      vertex 9.7082 -7.05342 14
      vertex 8.76812 -7.96812 14
      vertex 8.85296 -8.00326 14
    endloop
  endfacet
  facet normal 0 -0 1
    outer loop
      vertex 8.76812 -7.96812 14
      vertex 9.96597 -6.40705 14
      vertex 8.20244 -8.20244 14
    endloop
  endfacet
  facet normal 0 0 1
    outer loop
      vertex 9.96597 -6.40705 14
      vertex 8.76812 -7.96812 14
      vertex 9.7082 -7.05342 14
    endloop
  endfacet
  facet normal -0 0 1
    outer loop
      vertex 6.40705 9.96597 14
      vertex 7.96812 8.76812 14
      vertex 6.49447 10.0331 14
    endloop
  endfacet
  facet normal 0 0 1
    outer loop
      vertex 7.96812 8.76812 14
      vertex 6.40705 9.96597 14
      vertex 8.20244 8.20244 14
    endloop
  endfacet
  facet normal 0 0 1
    outer loop
      vertex 7.96812 -8.76812 14
      vertex 8.02957 -8.91774 14
      vertex 8.02993 -8.91733 14
    endloop
  endfacet
  facet normal 0 0 1
    outer loop
      vertex 7.96812 -8.76812 14
      vertex 6.49447 -10.0331 14
      vertex 8.02957 -8.91774 14
    endloop
  endfacet
  facet normal 0 0 1
    outer loop
      vertex 8.20244 8.20244 14
      vertex 5.8 10.0459 14
      vertex 8.20244 -8.20244 14
    endloop
  endfacet
  facet normal 0 0 1
    outer loop
      vertex 5.8 -10.0459 14
      vertex 8.20244 -8.20244 14
      vertex 5.8 10.0459 14
    endloop
  endfacet
  facet normal 0 0 1
    outer loop
      vertex 7.96812 -8.76812 14
      vertex 6.40705 -9.96597 14
      vertex 6.49447 -10.0331 14
    endloop
  endfacet
  facet normal 0 0 1
    outer loop
      vertex 8.20244 -8.20244 14
      vertex 5.8 -10.0459 14
      vertex 7.96812 -8.76812 14
    endloop
  endfacet
  facet normal 0 0 1
    outer loop
      vertex 7.96812 -8.76812 14
      vertex 5.8 -10.0459 14
      vertex 6.40705 -9.96597 14
    endloop
  endfacet
  facet normal 0 0 1
    outer loop
      vertex 5.44164 10.6409 14
      vertex 3.60936 11.2847 14
      vertex 5.42726 10.5317 14
    endloop
  endfacet
  facet normal 0 0 1
    outer loop
      vertex 5.42726 10.5317 14
      vertex 3.60936 11.2847 14
      vertex 5.8 10.0459 14
    endloop
  endfacet
  facet normal 0 0 1
    outer loop
      vertex 3.60936 -11.2847 14
      vertex 5.44164 -10.6409 14
      vertex 5.42726 -10.5317 14
    endloop
  endfacet
  facet normal 0 0 1
    outer loop
      vertex 0.77301 8.36561 14
      vertex 5.8 10.0459 14
      vertex 0.83147 8.44443 14
    endloop
  endfacet
  facet normal 0 0 1
    outer loop
      vertex 3.60936 11.2847 14
      vertex 3.7082 11.4127 14
      vertex 3.70767 11.4128 14
    endloop
  endfacet
  facet normal 0 0 1
    outer loop
      vertex 0.707107 8.29289 14
      vertex 5.8 10.0459 14
      vertex 0.77301 8.36561 14
    endloop
  endfacet
  facet normal 0 0 1
    outer loop
      vertex 5.44164 -10.6409 14
      vertex 3.60936 -11.2847 14
      vertex 3.7082 -11.4127 14
    endloop
  endfacet
  facet normal 0 0 1
    outer loop
      vertex 3.7082 -11.4127 14
      vertex 3.60936 -11.2847 14
      vertex 3.70767 -11.4128 14
    endloop
  endfacet
  facet normal 0 0 1
    outer loop
      vertex 5.8 10.0459 14
      vertex 3.0023 11.2047 14
      vertex 0.995184 8.90198 14
    endloop
  endfacet
  facet normal 0 0 1
    outer loop
      vertex 0.634393 8.22699 14
      vertex 5.8 10.0459 14
      vertex 0.707107 8.29289 14
    endloop
  endfacet
  facet normal 0 0 1
    outer loop
      vertex 0.83147 9.55557 14
      vertex 3.0023 11.2047 14
      vertex 2.51654 11.5775 14
    endloop
  endfacet
  facet normal 0 0 1
    outer loop
      vertex 5.8 10.0459 14
      vertex 0.923879 8.61732 14
      vertex 0.881921 8.5286 14
    endloop
  endfacet
  facet normal 0 0 1
    outer loop
      vertex 1.25434 11.9343 14
      vertex 2.51654 11.5775 14
      vertex 2.50455 11.6685 14
    endloop
  endfacet
  facet normal 0 0 1
    outer loop
      vertex 5.8 10.0459 14
      vertex 0.881921 8.5286 14
      vertex 0.83147 8.44443 14
    endloop
  endfacet
  facet normal 0 0 1
    outer loop
      vertex 2.51654 11.5775 14
      vertex 1.25434 11.9343 14
      vertex 0.707107 9.70711 14
    endloop
  endfacet
  facet normal 0 0 1
    outer loop
      vertex 5.8 10.0459 14
      vertex 0.995184 8.90198 14
      vertex 0.980784 8.80491 14
    endloop
  endfacet
  facet normal 0 0 1
    outer loop
      vertex 3.0023 11.2047 14
      vertex 1 9 14
      vertex 0.995184 8.90198 14
    endloop
  endfacet
  facet normal 0 0 1
    outer loop
      vertex 3.0023 11.2047 14
      vertex 0.995184 9.09802 14
      vertex 1 9 14
    endloop
  endfacet
  facet normal 0 0 1
    outer loop
      vertex 3.0023 11.2047 14
      vertex 0.980784 9.19509 14
      vertex 0.995184 9.09802 14
    endloop
  endfacet
  facet normal 0 0 1
    outer loop
      vertex 3.0023 11.2047 14
      vertex 0.95694 9.29028 14
      vertex 0.980784 9.19509 14
    endloop
  endfacet
  facet normal 0 0 1
    outer loop
      vertex 3.0023 11.2047 14
      vertex 0.923879 9.38268 14
      vertex 0.95694 9.29028 14
    endloop
  endfacet
  facet normal 0 0 1
    outer loop
      vertex 3.0023 11.2047 14
      vertex 0.881921 9.4714 14
      vertex 0.923879 9.38268 14
    endloop
  endfacet
  facet normal 0 0 1
    outer loop
      vertex 3.0023 11.2047 14
      vertex 0.83147 9.55557 14
      vertex 0.881921 9.4714 14
    endloop
  endfacet
  facet normal 0 0 1
    outer loop
      vertex 2.51654 11.5775 14
      vertex 0.77301 9.63439 14
      vertex 0.83147 9.55557 14
    endloop
  endfacet
  facet normal 0 0 1
    outer loop
      vertex 2.51654 11.5775 14
      vertex 0.707107 9.70711 14
      vertex 0.77301 9.63439 14
    endloop
  endfacet
  facet normal 0 0 1
    outer loop
      vertex 1.25434 11.9343 14
      vertex 0.634393 9.77301 14
      vertex 0.707107 9.70711 14
    endloop
  endfacet
  facet normal 0 0 1
    outer loop
      vertex 0.565685 11.8343 14
      vertex 1.25434 11.9343 14
      vertex 0.607085 11.9343 14
    endloop
  endfacet
  facet normal 0 0 1
    outer loop
      vertex 0.471396 9.88192 14
      vertex 1.25434 11.9343 14
      vertex 0.565685 11.8343 14
    endloop
  endfacet
  facet normal 0 0 1
    outer loop
      vertex 1.25434 11.9343 14
      vertex 0.55557 9.83147 14
      vertex 0.634393 9.77301 14
    endloop
  endfacet
  facet normal 0 0 1
    outer loop
      vertex 1.25434 11.9343 14
      vertex 0.471396 9.88192 14
      vertex 0.55557 9.83147 14
    endloop
  endfacet
  facet normal 0 0 1
    outer loop
      vertex 0.565685 11.8343 14
      vertex 0.382683 9.92388 14
      vertex 0.471396 9.88192 14
    endloop
  endfacet
  facet normal 0 0 1
    outer loop
      vertex 0.565685 11.8343 14
      vertex 0.290284 9.95694 14
      vertex 0.382683 9.92388 14
    endloop
  endfacet
  facet normal -0 0 1
    outer loop
      vertex 0 11.6 14
      vertex 0.290284 9.95694 14
      vertex 0.565685 11.8343 14
    endloop
  endfacet
  facet normal 0 0 1
    outer loop
      vertex 0.290284 9.95694 14
      vertex 0 11.6 14
      vertex 0.19509 9.98078 14
    endloop
  endfacet
  facet normal 0 0 1
    outer loop
      vertex 0.19509 9.98078 14
      vertex 0 11.6 14
      vertex 0.0980167 9.99518 14
    endloop
  endfacet
  facet normal 0 0 1
    outer loop
      vertex 0 11.6 14
      vertex 0 10 14
      vertex 0.0980167 9.99518 14
    endloop
  endfacet
  facet normal 0 0 1
    outer loop
      vertex 0 11.6 14
      vertex -0.0980167 9.99518 14
      vertex 0 10 14
    endloop
  endfacet
  facet normal 0 0 1
    outer loop
      vertex 0 11.6 14
      vertex -0.19509 9.98078 14
      vertex -0.0980167 9.99518 14
    endloop
  endfacet
  facet normal 0 0 1
    outer loop
      vertex 0 11.6 14
      vertex -0.290284 9.95694 14
      vertex -0.19509 9.98078 14
    endloop
  endfacet
  facet normal 0 0 1
    outer loop
      vertex -0.565685 11.8343 14
      vertex -0.290284 9.95694 14
      vertex 0 11.6 14
    endloop
  endfacet
  facet normal 0 0 1
    outer loop
      vertex -0.290284 9.95694 14
      vertex -0.565685 11.8343 14
      vertex -0.382683 9.92388 14
    endloop
  endfacet
  facet normal 0 0 1
    outer loop
      vertex -0.382683 9.92388 14
      vertex -0.565685 11.8343 14
      vertex -0.471396 9.88192 14
    endloop
  endfacet
  facet normal 0 0 1
    outer loop
      vertex -1.25434 11.9343 14
      vertex -0.471396 9.88192 14
      vertex -0.565685 11.8343 14
    endloop
  endfacet
  facet normal -0 0 1
    outer loop
      vertex -1.25434 11.9343 14
      vertex -0.565685 11.8343 14
      vertex -0.607085 11.9343 14
    endloop
  endfacet
  facet normal 0 0 1
    outer loop
      vertex -0.471396 9.88192 14
      vertex -1.25434 11.9343 14
      vertex -0.55557 9.83147 14
    endloop
  endfacet
  facet normal 0 0 1
    outer loop
      vertex -0.55557 9.83147 14
      vertex -1.25434 11.9343 14
      vertex -0.634393 9.77301 14
    endloop
  endfacet
  facet normal 0 0 1
    outer loop
      vertex -0.634393 9.77301 14
      vertex -1.25434 11.9343 14
      vertex -0.707107 9.70711 14
    endloop
  endfacet
  facet normal -0 0 1
    outer loop
      vertex -2.51654 11.5775 14
      vertex -0.707107 9.70711 14
      vertex -1.25434 11.9343 14
    endloop
  endfacet
  facet normal 0 0 1
    outer loop
      vertex -0.707107 9.70711 14
      vertex -2.51654 11.5775 14
      vertex -0.77301 9.63439 14
    endloop
  endfacet
  facet normal 0 0 1
    outer loop
      vertex -0.77301 9.63439 14
      vertex -2.51654 11.5775 14
      vertex -0.83147 9.55557 14
    endloop
  endfacet
  facet normal -0 0 1
    outer loop
      vertex -3.0023 11.2047 14
      vertex -0.83147 9.55557 14
      vertex -2.51654 11.5775 14
    endloop
  endfacet
  facet normal 0 0 1
    outer loop
      vertex -0.83147 9.55557 14
      vertex -3.0023 11.2047 14
      vertex -0.881921 9.4714 14
    endloop
  endfacet
  facet normal 0 0 1
    outer loop
      vertex -0.881921 9.4714 14
      vertex -3.0023 11.2047 14
      vertex -0.923879 9.38268 14
    endloop
  endfacet
  facet normal 0 0 1
    outer loop
      vertex -0.95694 9.29028 14
      vertex -3.0023 11.2047 14
      vertex -0.980784 9.19509 14
    endloop
  endfacet
  facet normal 0 0 1
    outer loop
      vertex -0.923879 9.38268 14
      vertex -3.0023 11.2047 14
      vertex -0.95694 9.29028 14
    endloop
  endfacet
  facet normal 0 0 1
    outer loop
      vertex -11.6 0 14
      vertex -11.2047 3.0023 14
      vertex -11.5775 2.51654 14
    endloop
  endfacet
  facet normal 0 0 1
    outer loop
      vertex -11.2047 3.0023 14
      vertex -11.6 0 14
      vertex -11.2047 -3.0023 14
    endloop
  endfacet
  facet normal 0 0 1
    outer loop
      vertex -11.2047 -3.0023 14
      vertex -11.6 0 14
      vertex -11.5775 -2.51654 14
    endloop
  endfacet
  facet normal 0 0 1
    outer loop
      vertex -11.7378 2.49494 14
      vertex -11.5775 2.51654 14
      vertex -11.7376 2.49545 14
    endloop
  endfacet
  facet normal 0 0 1
    outer loop
      vertex -11.9361 0.607851 14
      vertex -11.5775 2.51654 14
      vertex -11.7378 2.49494 14
    endloop
  endfacet
  facet normal 0 0 1
    outer loop
      vertex -11.5775 2.51654 14
      vertex -11.8343 0.565685 14
      vertex -11.6 0 14
    endloop
  endfacet
  facet normal 0 0 1
    outer loop
      vertex -11.5775 2.51654 14
      vertex -11.9361 0.607851 14
      vertex -11.8343 0.565685 14
    endloop
  endfacet
  facet normal 0 0 1
    outer loop
      vertex -11.2047 3.0023 14
      vertex -0.55557 8.16853 14
      vertex -10.0459 5.8 14
    endloop
  endfacet
  facet normal 0 0 1
    outer loop
      vertex -0.55557 8.16853 14
      vertex -10.0459 -5.8 14
      vertex -9.96597 -6.40705 14
    endloop
  endfacet
  facet normal 0 0 1
    outer loop
      vertex -11.2047 3.0023 14
      vertex -10.0459 5.8 14
      vertex -10.5317 5.42726 14
    endloop
  endfacet
  facet normal 0 0 1
    outer loop
      vertex -11.2047 -3.0023 14
      vertex -0.55557 8.16853 14
      vertex -11.2047 3.0023 14
    endloop
  endfacet
  facet normal 0 0 1
    outer loop
      vertex -10.9625 4.88084 14
      vertex -10.5317 5.42726 14
      vertex -10.6389 5.44138 14
    endloop
  endfacet
  facet normal 0 0 1
    outer loop
      vertex -0.55557 8.16853 14
      vertex -11.2047 -3.0023 14
      vertex -10.0459 -5.8 14
    endloop
  endfacet
  facet normal 0 0 1
    outer loop
      vertex -11.2847 3.60936 14
      vertex -10.5317 5.42726 14
      vertex -10.9625 4.88084 14
    endloop
  endfacet
  facet normal 0 0 1
    outer loop
      vertex -10.0459 -5.8 14
      vertex -11.2047 -3.0023 14
      vertex -10.5317 -5.42726 14
    endloop
  endfacet
  facet normal -0 0 1
    outer loop
      vertex -11.2847 -3.60936 14
      vertex -10.5317 -5.42726 14
      vertex -11.2047 -3.0023 14
    endloop
  endfacet
  facet normal 0 0 1
    outer loop
      vertex -10.5317 5.42726 14
      vertex -11.2847 3.60936 14
      vertex -11.2047 3.0023 14
    endloop
  endfacet
  facet normal 0 -0 1
    outer loop
      vertex -11.2847 3.60936 14
      vertex -10.9625 4.88084 14
      vertex -11.3575 3.66526 14
    endloop
  endfacet
  facet normal 0 0 1
    outer loop
      vertex -10.0459 5.8 14
      vertex -8.20244 8.20244 14
      vertex -9.96597 6.40705 14
    endloop
  endfacet
  facet normal 0 0 1
    outer loop
      vertex -0.55557 8.16853 14
      vertex -8.20244 -8.20244 14
      vertex -7.96812 -8.76812 14
    endloop
  endfacet
  facet normal 0 0 1
    outer loop
      vertex -9.96597 6.40705 14
      vertex -8.20244 8.20244 14
      vertex -8.76812 7.96812 14
    endloop
  endfacet
  facet normal 0 0 1
    outer loop
      vertex -0.634393 8.22699 14
      vertex -10.0459 5.8 14
      vertex -0.55557 8.16853 14
    endloop
  endfacet
  facet normal 0 0 1
    outer loop
      vertex -9.7082 7.05342 14
      vertex -8.76812 7.96812 14
      vertex -8.85296 8.00326 14
    endloop
  endfacet
  facet normal 0 0 1
    outer loop
      vertex -0.55557 8.16853 14
      vertex -9.96597 -6.40705 14
      vertex -8.20244 -8.20244 14
    endloop
  endfacet
  facet normal 0 0 1
    outer loop
      vertex -8.76812 7.96812 14
      vertex -9.7082 7.05342 14
      vertex -9.96597 6.40705 14
    endloop
  endfacet
  facet normal 0 0 1
    outer loop
      vertex -8.20244 -8.20244 14
      vertex -9.96597 -6.40705 14
      vertex -8.76812 -7.96812 14
    endloop
  endfacet
  facet normal -0 -0 1
    outer loop
      vertex -9.7082 -7.05342 14
      vertex -8.76812 -7.96812 14
      vertex -9.96597 -6.40705 14
    endloop
  endfacet
  facet normal 0 -0 1
    outer loop
      vertex -9.96597 6.40705 14
      vertex -9.7082 7.05342 14
      vertex -10.0318 6.49288 14
    endloop
  endfacet
  facet normal 0 0 1
    outer loop
      vertex -0.707107 8.29289 14
      vertex -8.20244 8.20244 14
      vertex -0.634393 8.22699 14
    endloop
  endfacet
  facet normal 0 0 1
    outer loop
      vertex -0.55557 8.16853 14
      vertex -5.8 -10.0459 14
      vertex -5.42726 -10.5317 14
    endloop
  endfacet
  facet normal 0 0 1
    outer loop
      vertex -7.96812 8.76812 14
      vertex -5.8 10.0459 14
      vertex -6.40705 9.96597 14
    endloop
  endfacet
  facet normal 0 0 1
    outer loop
      vertex -10.0459 5.8 14
      vertex -0.634393 8.22699 14
      vertex -8.20244 8.20244 14
    endloop
  endfacet
  facet normal 0 0 1
    outer loop
      vertex -7.96812 8.76812 14
      vertex -6.40705 9.96597 14
      vertex -6.49447 10.0331 14
    endloop
  endfacet
  facet normal 0 0 1
    outer loop
      vertex -0.55557 8.16853 14
      vertex -7.96812 -8.76812 14
      vertex -5.8 -10.0459 14
    endloop
  endfacet
  facet normal 0 0 1
    outer loop
      vertex -5.8 -10.0459 14
      vertex -7.96812 -8.76812 14
      vertex -6.40705 -9.96597 14
    endloop
  endfacet
  facet normal -0 0 1
    outer loop
      vertex -8.02957 8.91774 14
      vertex -7.96812 8.76812 14
      vertex -6.49447 10.0331 14
    endloop
  endfacet
  facet normal 0 0 1
    outer loop
      vertex -7.96812 8.76812 14
      vertex -8.02957 8.91774 14
      vertex -8.02993 8.91733 14
    endloop
  endfacet
  facet normal -0 0 1
    outer loop
      vertex -5.44164 -10.6409 14
      vertex -3.60936 -11.2847 14
      vertex -5.42726 -10.5317 14
    endloop
  endfacet
  facet normal 0 0 1
    outer loop
      vertex -3.60936 -11.2847 14
      vertex -5.44164 -10.6409 14
      vertex -3.7082 -11.4127 14
    endloop
  endfacet
  facet normal 0 0 1
    outer loop
      vertex -6.40705 -9.96597 14
      vertex -7.96812 -8.76812 14
      vertex -6.49447 -10.0331 14
    endloop
  endfacet
  facet normal 0 0 1
    outer loop
      vertex -7.96812 -8.76812 14
      vertex -8.02957 -8.91774 14
      vertex -6.49447 -10.0331 14
    endloop
  endfacet
  facet normal 0 -0 1
    outer loop
      vertex -8.02957 -8.91774 14
      vertex -7.96812 -8.76812 14
      vertex -8.02993 -8.91733 14
    endloop
  endfacet
  facet normal 0 0 1
    outer loop
      vertex -8.76812 -7.96812 14
      vertex -9.7082 -7.05342 14
      vertex -8.85296 -8.00326 14
    endloop
  endfacet
  facet normal 0 0 1
    outer loop
      vertex -9.7082 -7.05342 14
      vertex -9.96597 -6.40705 14
      vertex -10.0318 -6.49288 14
    endloop
  endfacet
  facet normal 0 0 1
    outer loop
      vertex -10.5317 -5.42726 14
      vertex -10.9625 -4.88084 14
      vertex -10.6389 -5.44138 14
    endloop
  endfacet
  facet normal 0 0 1
    outer loop
      vertex -10.5317 -5.42726 14
      vertex -11.2847 -3.60936 14
      vertex -10.9625 -4.88084 14
    endloop
  endfacet
  facet normal 0 0 1
    outer loop
      vertex -10.9625 -4.88084 14
      vertex -11.2847 -3.60936 14
      vertex -11.3575 -3.66526 14
    endloop
  endfacet
  facet normal -0 0 1
    outer loop
      vertex -11.8343 -0.565685 14
      vertex -11.5775 -2.51654 14
      vertex -11.6 0 14
    endloop
  endfacet
  facet normal 0 0 1
    outer loop
      vertex -11.5775 -2.51654 14
      vertex -11.7378 -2.49494 14
      vertex -11.7376 -2.49545 14
    endloop
  endfacet
  facet normal -0 0 1
    outer loop
      vertex -11.9361 -0.607851 14
      vertex -11.5775 -2.51654 14
      vertex -11.8343 -0.565685 14
    endloop
  endfacet
  facet normal 0 0 1
    outer loop
      vertex -11.5775 -2.51654 14
      vertex -11.9361 -0.607851 14
      vertex -11.7378 -2.49494 14
    endloop
  endfacet
  facet normal 0 0 1
    outer loop
      vertex 5.8 10.0459 14
      vertex 0.980784 8.80491 14
      vertex 0.95694 8.70971 14
    endloop
  endfacet
  facet normal 0 0 1
    outer loop
      vertex 5.8 10.0459 14
      vertex 0.95694 8.70971 14
      vertex 0.923879 8.61732 14
    endloop
  endfacet
  facet normal 0 0 1
    outer loop
      vertex 0.55557 8.16853 14
      vertex 5.8 10.0459 14
      vertex 0.634393 8.22699 14
    endloop
  endfacet
  facet normal 0 0 1
    outer loop
      vertex 5.8 10.0459 14
      vertex 0.55557 8.16853 14
      vertex 5.8 -10.0459 14
    endloop
  endfacet
  facet normal -0 0 1
    outer loop
      vertex 0.471396 8.11808 14
      vertex 5.8 -10.0459 14
      vertex 0.55557 8.16853 14
    endloop
  endfacet
  facet normal -0 0 1
    outer loop
      vertex 0.382683 8.07612 14
      vertex 5.8 -10.0459 14
      vertex 0.471396 8.11808 14
    endloop
  endfacet
  facet normal -0 0 1
    outer loop
      vertex 0.290284 8.04306 14
      vertex 5.8 -10.0459 14
      vertex 0.382683 8.07612 14
    endloop
  endfacet
  facet normal -0 0 1
    outer loop
      vertex 0.19509 8.01921 14
      vertex 5.8 -10.0459 14
      vertex 0.290284 8.04306 14
    endloop
  endfacet
  facet normal 0 0 1
    outer loop
      vertex 5.42726 -10.5317 14
      vertex 3.0023 -11.2047 14
      vertex 3.60936 -11.2847 14
    endloop
  endfacet
  facet normal -0 0 1
    outer loop
      vertex 0.0980167 8.00482 14
      vertex 5.8 -10.0459 14
      vertex 0.19509 8.01921 14
    endloop
  endfacet
  facet normal 0 0 1
    outer loop
      vertex 1.25434 -11.9343 14
      vertex 0.565685 -11.8343 14
      vertex 0.607085 -11.9343 14
    endloop
  endfacet
  facet normal 0 0 1
    outer loop
      vertex 5.8 -10.0459 14
      vertex 3.0023 -11.2047 14
      vertex 5.42726 -10.5317 14
    endloop
  endfacet
  facet normal 0 0 1
    outer loop
      vertex 5.8 -10.0459 14
      vertex 0.0980167 8.00482 14
      vertex 3.0023 -11.2047 14
    endloop
  endfacet
  facet normal -0 0 1
    outer loop
      vertex 0 8 14
      vertex 3.0023 -11.2047 14
      vertex 0.0980167 8.00482 14
    endloop
  endfacet
  facet normal 0 0 1
    outer loop
      vertex 2.51654 -11.5775 14
      vertex 1.25434 -11.9343 14
      vertex 2.50455 -11.6685 14
    endloop
  endfacet
  facet normal 0 -0 1
    outer loop
      vertex 0.565685 -11.8343 14
      vertex 2.51654 -11.5775 14
      vertex 0 -11.6 14
    endloop
  endfacet
  facet normal 0 0 1
    outer loop
      vertex 3.0023 -11.2047 14
      vertex 0 -11.6 14
      vertex 2.51654 -11.5775 14
    endloop
  endfacet
  facet normal 0 0 1
    outer loop
      vertex 3.0023 -11.2047 14
      vertex 0 8 14
      vertex 0 -11.6 14
    endloop
  endfacet
  facet normal 0 0 1
    outer loop
      vertex 2.51654 -11.5775 14
      vertex 0.565685 -11.8343 14
      vertex 1.25434 -11.9343 14
    endloop
  endfacet
  facet normal 0 0 1
    outer loop
      vertex -3.0023 -11.2047 14
      vertex 0 8 14
      vertex -0.0980167 8.00482 14
    endloop
  endfacet
  facet normal 0 0 1
    outer loop
      vertex -3.0023 -11.2047 14
      vertex -0.0980167 8.00482 14
      vertex -0.19509 8.01921 14
    endloop
  endfacet
  facet normal 0 0 1
    outer loop
      vertex -5.42726 -10.5317 14
      vertex -0.19509 8.01921 14
      vertex -0.290284 8.04306 14
    endloop
  endfacet
  facet normal 0 0 1
    outer loop
      vertex -5.42726 -10.5317 14
      vertex -0.290284 8.04306 14
      vertex -0.382683 8.07612 14
    endloop
  endfacet
  facet normal 0 0 1
    outer loop
      vertex -5.42726 -10.5317 14
      vertex -0.382683 8.07612 14
      vertex -0.471396 8.11808 14
    endloop
  endfacet
  facet normal 0 0 1
    outer loop
      vertex -5.42726 -10.5317 14
      vertex -0.471396 8.11808 14
      vertex -0.55557 8.16853 14
    endloop
  endfacet
  facet normal 0 0 1
    outer loop
      vertex 0 8 14
      vertex -3.0023 -11.2047 14
      vertex 0 -11.6 14
    endloop
  endfacet
  facet normal 0 0 1
    outer loop
      vertex 0 -11.6 14
      vertex -3.0023 -11.2047 14
      vertex -0.565685 -11.8343 14
    endloop
  endfacet
  facet normal 0 0 1
    outer loop
      vertex -0.77301 8.36561 14
      vertex -8.20244 8.20244 14
      vertex -0.707107 8.29289 14
    endloop
  endfacet
  facet normal 0 0 1
    outer loop
      vertex -8.20244 8.20244 14
      vertex -5.8 10.0459 14
      vertex -7.96812 8.76812 14
    endloop
  endfacet
  facet normal 0 0 1
    outer loop
      vertex -8.20244 8.20244 14
      vertex -0.83147 8.44443 14
      vertex -5.8 10.0459 14
    endloop
  endfacet
  facet normal 0 0 1
    outer loop
      vertex -0.881921 8.5286 14
      vertex -5.8 10.0459 14
      vertex -0.83147 8.44443 14
    endloop
  endfacet
  facet normal 0 0 1
    outer loop
      vertex -0.923879 8.61732 14
      vertex -5.8 10.0459 14
      vertex -0.881921 8.5286 14
    endloop
  endfacet
  facet normal 0 0 1
    outer loop
      vertex -0.95694 8.70971 14
      vertex -5.8 10.0459 14
      vertex -0.923879 8.61732 14
    endloop
  endfacet
  facet normal 0 0 1
    outer loop
      vertex -0.980784 8.80491 14
      vertex -5.8 10.0459 14
      vertex -0.95694 8.70971 14
    endloop
  endfacet
  facet normal 0 0 1
    outer loop
      vertex -0.995184 8.90198 14
      vertex -5.8 10.0459 14
      vertex -0.980784 8.80491 14
    endloop
  endfacet
  facet normal 0 0 1
    outer loop
      vertex -3.0023 11.2047 14
      vertex -5.8 10.0459 14
      vertex -0.995184 8.90198 14
    endloop
  endfacet
  facet normal 0 0 1
    outer loop
      vertex -3.0023 11.2047 14
      vertex -0.995184 8.90198 14
      vertex -1 9 14
    endloop
  endfacet
  facet normal 0 0 1
    outer loop
      vertex -0.980784 9.19509 14
      vertex -3.0023 11.2047 14
      vertex -0.995184 9.09802 14
    endloop
  endfacet
  facet normal 0 0 1
    outer loop
      vertex -5.8 10.0459 14
      vertex -3.0023 11.2047 14
      vertex -5.42726 10.5317 14
    endloop
  endfacet
  facet normal 0 0 1
    outer loop
      vertex -2.51654 11.5775 14
      vertex -1.25434 11.9343 14
      vertex -2.50455 11.6685 14
    endloop
  endfacet
  facet normal 0 0 1
    outer loop
      vertex -0.995184 9.09802 14
      vertex -3.0023 11.2047 14
      vertex -1 9 14
    endloop
  endfacet
  facet normal -0 -0 1
    outer loop
      vertex -2.51654 -11.5775 14
      vertex -0.565685 -11.8343 14
      vertex -3.0023 -11.2047 14
    endloop
  endfacet
  facet normal 0 0 1
    outer loop
      vertex -1.25434 -11.9343 14
      vertex -2.51654 -11.5775 14
      vertex -2.50455 -11.6685 14
    endloop
  endfacet
  facet normal 0 0 1
    outer loop
      vertex -0.565685 -11.8343 14
      vertex -1.25434 -11.9343 14
      vertex -0.607085 -11.9343 14
    endloop
  endfacet
  facet normal 0 0 1
    outer loop
      vertex -0.565685 -11.8343 14
      vertex -2.51654 -11.5775 14
      vertex -1.25434 -11.9343 14
    endloop
  endfacet
  facet normal 0 0 1
    outer loop
      vertex -5.42726 10.5317 14
      vertex -3.0023 11.2047 14
      vertex -3.60936 11.2847 14
    endloop
  endfacet
  facet normal 0 0 1
    outer loop
      vertex -0.83147 8.44443 14
      vertex -8.20244 8.20244 14
      vertex -0.77301 8.36561 14
    endloop
  endfacet
  facet normal -0 0 1
    outer loop
      vertex -3.7082 11.4127 14
      vertex -3.60936 11.2847 14
      vertex -3.70767 11.4128 14
    endloop
  endfacet
  facet normal 0 0 1
    outer loop
      vertex -0.19509 8.01921 14
      vertex -5.42726 -10.5317 14
      vertex -3.0023 -11.2047 14
    endloop
  endfacet
  facet normal 0 0 1
    outer loop
      vertex -5.44164 10.6409 14
      vertex -3.60936 11.2847 14
      vertex -3.7082 11.4127 14
    endloop
  endfacet
  facet normal 0 0 1
    outer loop
      vertex -3.0023 -11.2047 14
      vertex -5.42726 -10.5317 14
      vertex -3.60936 -11.2847 14
    endloop
  endfacet
  facet normal 0 0 1
    outer loop
      vertex -3.60936 -11.2847 14
      vertex -3.7082 -11.4127 14
      vertex -3.70767 -11.4128 14
    endloop
  endfacet
  facet normal 0 0 1
    outer loop
      vertex -3.60936 11.2847 14
      vertex -5.44164 10.6409 14
      vertex -5.42726 10.5317 14
    endloop
  endfacet
  facet normal -0.587801 -0.809006 0
    outer loop
      vertex -8.02957 -8.91774 0
      vertex -6.49447 -10.0331 14
      vertex -8.02957 -8.91774 14
    endloop
  endfacet
  facet normal -0.587801 -0.809006 -0
    outer loop
      vertex -6.49447 -10.0331 14
      vertex -8.02957 -8.91774 0
      vertex -6.49447 -10.0331 0
    endloop
  endfacet
  facet normal 0 1 -0
    outer loop
      vertex 1.25434 11.9343 0
      vertex 0.607085 11.9343 14
      vertex 1.25434 11.9343 14
    endloop
  endfacet
  facet normal 0 1 0
    outer loop
      vertex 0.607085 11.9343 14
      vertex 1.25434 11.9343 0
      vertex 0.607085 11.9343 0
    endloop
  endfacet
  facet normal 0 1 -0
    outer loop
      vertex -0.607085 11.9343 0
      vertex -1.25434 11.9343 14
      vertex -0.607085 11.9343 14
    endloop
  endfacet
  facet normal 0 1 0
    outer loop
      vertex -1.25434 11.9343 14
      vertex -0.607085 11.9343 0
      vertex -1.25434 11.9343 0
    endloop
  endfacet
  facet normal -0.951049 0.309041 0
    outer loop
      vertex -11.3575 3.66526 0
      vertex -10.9625 4.88084 14
      vertex -10.9625 4.88084 0
    endloop
  endfacet
  facet normal -0.951049 0.309041 0
    outer loop
      vertex -10.9625 4.88084 14
      vertex -11.3575 3.66526 0
      vertex -11.3575 3.66526 14
    endloop
  endfacet
  facet normal -0.930973 0.365088 0
    outer loop
      vertex -11.7378 2.49494 0
      vertex -11.7376 2.49545 14
      vertex -11.7376 2.49545 0
    endloop
  endfacet
  facet normal -0.930973 0.365088 0
    outer loop
      vertex -11.7376 2.49545 14
      vertex -11.7378 2.49494 0
      vertex -11.7378 2.49494 14
    endloop
  endfacet
  facet normal 0.406747 -0.913541 0
    outer loop
      vertex 3.7082 -11.4127 0
      vertex 5.44164 -10.6409 14
      vertex 3.7082 -11.4127 14
    endloop
  endfacet
  facet normal 0.406747 -0.913541 0
    outer loop
      vertex 5.44164 -10.6409 14
      vertex 3.7082 -11.4127 0
      vertex 5.44164 -10.6409 0
    endloop
  endfacet
  facet normal 0.587801 0.809006 -0
    outer loop
      vertex 8.02957 8.91774 0
      vertex 6.49447 10.0331 14
      vertex 8.02957 8.91774 14
    endloop
  endfacet
  facet normal 0.587801 0.809006 0
    outer loop
      vertex 6.49447 10.0331 14
      vertex 8.02957 8.91774 0
      vertex 6.49447 10.0331 0
    endloop
  endfacet
  facet normal -0.994524 0.104507 0
    outer loop
      vertex -11.9361 0.607851 0
      vertex -11.7378 2.49494 14
      vertex -11.7378 2.49494 0
    endloop
  endfacet
  facet normal -0.994524 0.104507 0
    outer loop
      vertex -11.7378 2.49494 14
      vertex -11.9361 0.607851 0
      vertex -11.9361 0.607851 14
    endloop
  endfacet
  facet normal -0.185408 0.982662 0
    outer loop
      vertex -3.70767 11.4128 0
      vertex -3.7082 11.4127 14
      vertex -3.70767 11.4128 14
    endloop
  endfacet
  facet normal -0.185408 0.982662 0
    outer loop
      vertex -3.7082 11.4127 14
      vertex -3.70767 11.4128 0
      vertex -3.7082 11.4127 0
    endloop
  endfacet
  facet normal -0.207956 0.978138 0
    outer loop
      vertex -1.25434 11.9343 0
      vertex -2.50455 11.6685 14
      vertex -1.25434 11.9343 14
    endloop
  endfacet
  facet normal -0.207956 0.978138 0
    outer loop
      vertex -2.50455 11.6685 14
      vertex -1.25434 11.9343 0
      vertex -2.50455 11.6685 0
    endloop
  endfacet
  facet normal -0.743145 -0.669131 0
    outer loop
      vertex -8.85296 -8.00326 0
      vertex -9.7082 -7.05342 14
      vertex -9.7082 -7.05342 0
    endloop
  endfacet
  facet normal -0.743145 -0.669131 0
    outer loop
      vertex -9.7082 -7.05342 14
      vertex -8.85296 -8.00326 0
      vertex -8.85296 -8.00326 14
    endloop
  endfacet
  facet normal -0.75144 -0.659801 0
    outer loop
      vertex -8.02957 -8.91774 0
      vertex -8.02993 -8.91733 14
      vertex -8.02993 -8.91733 0
    endloop
  endfacet
  facet normal -0.75144 -0.659801 0
    outer loop
      vertex -8.02993 -8.91733 14
      vertex -8.02957 -8.91774 0
      vertex -8.02957 -8.91774 14
    endloop
  endfacet
  facet normal 0 -1 0
    outer loop
      vertex 0.607085 -11.9343 0
      vertex 1.25434 -11.9343 14
      vertex 0.607085 -11.9343 14
    endloop
  endfacet
  facet normal 0 -1 -0
    outer loop
      vertex 1.25434 -11.9343 14
      vertex 0.607085 -11.9343 0
      vertex 1.25434 -11.9343 0
    endloop
  endfacet
  facet normal 0 -1 0
    outer loop
      vertex -1.25434 -11.9343 0
      vertex -0.607085 -11.9343 14
      vertex -1.25434 -11.9343 14
    endloop
  endfacet
  facet normal 0 -1 -0
    outer loop
      vertex -0.607085 -11.9343 14
      vertex -1.25434 -11.9343 0
      vertex -0.607085 -11.9343 0
    endloop
  endfacet
  facet normal -0.185408 -0.982662 0
    outer loop
      vertex -3.7082 -11.4127 0
      vertex -3.70767 -11.4128 14
      vertex -3.7082 -11.4127 14
    endloop
  endfacet
  facet normal -0.185408 -0.982662 -0
    outer loop
      vertex -3.70767 -11.4128 14
      vertex -3.7082 -11.4127 0
      vertex -3.70767 -11.4128 0
    endloop
  endfacet
  facet normal -0.207956 -0.978138 0
    outer loop
      vertex -2.50455 -11.6685 0
      vertex -1.25434 -11.9343 14
      vertex -2.50455 -11.6685 14
    endloop
  endfacet
  facet normal -0.207956 -0.978138 -0
    outer loop
      vertex -1.25434 -11.9343 14
      vertex -2.50455 -11.6685 0
      vertex -1.25434 -11.9343 0
    endloop
  endfacet
  facet normal -0.406747 -0.913541 0
    outer loop
      vertex -5.44164 -10.6409 0
      vertex -3.7082 -11.4127 14
      vertex -5.44164 -10.6409 14
    endloop
  endfacet
  facet normal -0.406747 -0.913541 -0
    outer loop
      vertex -3.7082 -11.4127 14
      vertex -5.44164 -10.6409 0
      vertex -3.7082 -11.4127 0
    endloop
  endfacet
  facet normal -0.336882 -0.941547 0
    outer loop
      vertex -0.382683 8.07612 14
      vertex -0.290284 8.04306 14.59
      vertex -0.382683 8.07612 14.59
    endloop
  endfacet
  facet normal -0.336882 -0.941547 -0
    outer loop
      vertex -0.290284 8.04306 14.59
      vertex -0.382683 8.07612 14
      vertex -0.290284 8.04306 14
    endloop
  endfacet
  facet normal 0.989175 0.146741 0
    outer loop
      vertex 0.995184 9.09802 14.59
      vertex 0.980784 9.19509 14
      vertex 0.980784 9.19509 14.59
    endloop
  endfacet
  facet normal 0.989175 0.146741 0
    outer loop
      vertex 0.980784 9.19509 14
      vertex 0.995184 9.09802 14.59
      vertex 0.995184 9.09802 14
    endloop
  endfacet
  facet normal 0.998795 0.0490736 0
    outer loop
      vertex 1 9 14.59
      vertex 0.995184 9.09802 14
      vertex 0.995184 9.09802 14.59
    endloop
  endfacet
  facet normal 0.998795 0.0490736 0
    outer loop
      vertex 0.995184 9.09802 14
      vertex 1 9 14.59
      vertex 1 9 14
    endloop
  endfacet
  facet normal 0.970031 0.242982 0
    outer loop
      vertex 0.980784 9.19509 14.59
      vertex 0.95694 9.29028 14
      vertex 0.95694 9.29028 14.59
    endloop
  endfacet
  facet normal 0.970031 0.242982 0
    outer loop
      vertex 0.95694 9.29028 14
      vertex 0.980784 9.19509 14.59
      vertex 0.980784 9.19509 14
    endloop
  endfacet
  facet normal -0.989175 0.146741 0
    outer loop
      vertex -0.995184 9.09802 14
      vertex -0.980784 9.19509 14.59
      vertex -0.980784 9.19509 14
    endloop
  endfacet
  facet normal -0.989175 0.146741 0
    outer loop
      vertex -0.980784 9.19509 14.59
      vertex -0.995184 9.09802 14
      vertex -0.995184 9.09802 14.59
    endloop
  endfacet
  facet normal -0.24303 -0.970019 0
    outer loop
      vertex -0.290284 8.04306 14
      vertex -0.19509 8.01921 14.59
      vertex -0.290284 8.04306 14.59
    endloop
  endfacet
  facet normal -0.24303 -0.970019 -0
    outer loop
      vertex -0.19509 8.01921 14.59
      vertex -0.290284 8.04306 14
      vertex -0.19509 8.01921 14
    endloop
  endfacet
  facet normal 0.336882 0.941547 -0
    outer loop
      vertex 0.382683 9.92388 14
      vertex 0.290284 9.95694 14.59
      vertex 0.382683 9.92388 14.59
    endloop
  endfacet
  facet normal 0.336882 0.941547 0
    outer loop
      vertex 0.290284 9.95694 14.59
      vertex 0.382683 9.92388 14
      vertex 0.290284 9.95694 14
    endloop
  endfacet
  facet normal -0.514088 0.857737 0
    outer loop
      vertex -0.471396 9.88192 14
      vertex -0.55557 9.83147 14.59
      vertex -0.471396 9.88192 14.59
    endloop
  endfacet
  facet normal -0.514088 0.857737 0
    outer loop
      vertex -0.55557 9.83147 14.59
      vertex -0.471396 9.88192 14
      vertex -0.55557 9.83147 14
    endloop
  endfacet
  facet normal -0.904003 -0.427526 0
    outer loop
      vertex -0.881921 8.5286 14
      vertex -0.923879 8.61732 14.59
      vertex -0.923879 8.61732 14
    endloop
  endfacet
  facet normal -0.904003 -0.427526 0
    outer loop
      vertex -0.923879 8.61732 14.59
      vertex -0.881921 8.5286 14
      vertex -0.881921 8.5286 14.59
    endloop
  endfacet
  facet normal -0.242934 0.970043 0
    outer loop
      vertex -0.19509 9.98078 14
      vertex -0.290284 9.95694 14.59
      vertex -0.19509 9.98078 14.59
    endloop
  endfacet
  facet normal -0.242934 0.970043 0
    outer loop
      vertex -0.290284 9.95694 14.59
      vertex -0.19509 9.98078 14
      vertex -0.290284 9.95694 14
    endloop
  endfacet
  facet normal -0.857722 -0.514114 0
    outer loop
      vertex -0.83147 8.44443 14
      vertex -0.881921 8.5286 14.59
      vertex -0.881921 8.5286 14
    endloop
  endfacet
  facet normal -0.857722 -0.514114 0
    outer loop
      vertex -0.881921 8.5286 14.59
      vertex -0.83147 8.44443 14
      vertex -0.83147 8.44443 14.59
    endloop
  endfacet
  facet normal 0.24303 -0.970019 0
    outer loop
      vertex 0.19509 8.01921 14
      vertex 0.290284 8.04306 14.59
      vertex 0.19509 8.01921 14.59
    endloop
  endfacet
  facet normal 0.24303 -0.970019 0
    outer loop
      vertex 0.290284 8.04306 14.59
      vertex 0.19509 8.01921 14
      vertex 0.290284 8.04306 14
    endloop
  endfacet
  facet normal -0.595705 -0.803203 0
    outer loop
      vertex -0.634393 8.22699 14
      vertex -0.55557 8.16853 14.59
      vertex -0.634393 8.22699 14.59
    endloop
  endfacet
  facet normal -0.595705 -0.803203 -0
    outer loop
      vertex -0.55557 8.16853 14.59
      vertex -0.634393 8.22699 14
      vertex -0.55557 8.16853 14
    endloop
  endfacet
  facet normal 0.514088 -0.857737 0
    outer loop
      vertex 0.471396 8.11808 14
      vertex 0.55557 8.16853 14.59
      vertex 0.471396 8.11808 14.59
    endloop
  endfacet
  facet normal 0.514088 -0.857737 0
    outer loop
      vertex 0.55557 8.16853 14.59
      vertex 0.471396 8.11808 14
      vertex 0.55557 8.16853 14
    endloop
  endfacet
  facet normal 0.803192 -0.59572 0
    outer loop
      vertex 0.77301 8.36561 14.59
      vertex 0.83147 8.44443 14
      vertex 0.83147 8.44443 14.59
    endloop
  endfacet
  facet normal 0.803192 -0.59572 0
    outer loop
      vertex 0.83147 8.44443 14
      vertex 0.77301 8.36561 14.59
      vertex 0.77301 8.36561 14
    endloop
  endfacet
  facet normal 0.146736 0.989176 -0
    outer loop
      vertex 0.19509 9.98078 14
      vertex 0.0980167 9.99518 14.59
      vertex 0.19509 9.98078 14.59
    endloop
  endfacet
  facet normal 0.146736 0.989176 0
    outer loop
      vertex 0.0980167 9.99518 14.59
      vertex 0.19509 9.98078 14
      vertex 0.0980167 9.99518 14
    endloop
  endfacet
  facet normal -0.595705 0.803203 0
    outer loop
      vertex -0.55557 9.83147 14
      vertex -0.634393 9.77301 14.59
      vertex -0.55557 9.83147 14.59
    endloop
  endfacet
  facet normal -0.595705 0.803203 0
    outer loop
      vertex -0.634393 9.77301 14.59
      vertex -0.55557 9.83147 14
      vertex -0.634393 9.77301 14
    endloop
  endfacet
  facet normal -0.803192 0.59572 0
    outer loop
      vertex -0.83147 9.55557 14
      vertex -0.77301 9.63439 14.59
      vertex -0.77301 9.63439 14
    endloop
  endfacet
  facet normal -0.803192 0.59572 0
    outer loop
      vertex -0.77301 9.63439 14.59
      vertex -0.83147 9.55557 14
      vertex -0.83147 9.55557 14.59
    endloop
  endfacet
  facet normal 0.989175 -0.146741 0
    outer loop
      vertex 0.980784 8.80491 14.59
      vertex 0.995184 8.90198 14
      vertex 0.995184 8.90198 14.59
    endloop
  endfacet
  facet normal 0.989175 -0.146741 0
    outer loop
      vertex 0.995184 8.90198 14
      vertex 0.980784 8.80491 14.59
      vertex 0.980784 8.80491 14
    endloop
  endfacet
  facet normal -0.941545 0.336888 0
    outer loop
      vertex -0.95694 9.29028 14
      vertex -0.923879 9.38268 14.59
      vertex -0.923879 9.38268 14
    endloop
  endfacet
  facet normal -0.941545 0.336888 0
    outer loop
      vertex -0.923879 9.38268 14.59
      vertex -0.95694 9.29028 14
      vertex -0.95694 9.29028 14.59
    endloop
  endfacet
  facet normal 0.427571 0.903982 -0
    outer loop
      vertex 0.471396 9.88192 14
      vertex 0.382683 9.92388 14.59
      vertex 0.471396 9.88192 14.59
    endloop
  endfacet
  facet normal 0.427571 0.903982 0
    outer loop
      vertex 0.382683 9.92388 14.59
      vertex 0.471396 9.88192 14
      vertex 0.382683 9.92388 14
    endloop
  endfacet
  facet normal -0.941533 -0.33692 0
    outer loop
      vertex -0.923879 8.61732 14
      vertex -0.95694 8.70971 14.59
      vertex -0.95694 8.70971 14
    endloop
  endfacet
  facet normal -0.941533 -0.33692 0
    outer loop
      vertex -0.95694 8.70971 14.59
      vertex -0.923879 8.61732 14
      vertex -0.923879 8.61732 14.59
    endloop
  endfacet
  facet normal 0.970037 -0.242958 0
    outer loop
      vertex 0.95694 8.70971 14.59
      vertex 0.980784 8.80491 14
      vertex 0.980784 8.80491 14.59
    endloop
  endfacet
  facet normal 0.970037 -0.242958 0
    outer loop
      vertex 0.980784 8.80491 14
      vertex 0.95694 8.70971 14.59
      vertex 0.95694 8.70971 14
    endloop
  endfacet
  facet normal -0.0491159 0.998793 0
    outer loop
      vertex 0 10 14
      vertex -0.0980167 9.99518 14.59
      vertex 0 10 14.59
    endloop
  endfacet
  facet normal -0.0491159 0.998793 0
    outer loop
      vertex -0.0980167 9.99518 14.59
      vertex 0 10 14
      vertex -0.0980167 9.99518 14
    endloop
  endfacet
  facet normal 0.671536 0.740972 -0
    outer loop
      vertex 0.707107 9.70711 14
      vertex 0.634393 9.77301 14.59
      vertex 0.707107 9.70711 14.59
    endloop
  endfacet
  facet normal 0.671536 0.740972 0
    outer loop
      vertex 0.634393 9.77301 14.59
      vertex 0.707107 9.70711 14
      vertex 0.634393 9.77301 14
    endloop
  endfacet
  facet normal -0.427571 0.903982 0
    outer loop
      vertex -0.382683 9.92388 14
      vertex -0.471396 9.88192 14.59
      vertex -0.382683 9.92388 14.59
    endloop
  endfacet
  facet normal -0.427571 0.903982 0
    outer loop
      vertex -0.471396 9.88192 14.59
      vertex -0.382683 9.92388 14
      vertex -0.471396 9.88192 14
    endloop
  endfacet
  facet normal -0.671536 0.740972 0
    outer loop
      vertex -0.634393 9.77301 14
      vertex -0.707107 9.70711 14.59
      vertex -0.634393 9.77301 14.59
    endloop
  endfacet
  facet normal -0.671536 0.740972 0
    outer loop
      vertex -0.707107 9.70711 14.59
      vertex -0.634393 9.77301 14
      vertex -0.707107 9.70711 14
    endloop
  endfacet
  facet normal 0.336882 -0.941547 0
    outer loop
      vertex 0.290284 8.04306 14
      vertex 0.382683 8.07612 14.59
      vertex 0.290284 8.04306 14.59
    endloop
  endfacet
  facet normal 0.336882 -0.941547 0
    outer loop
      vertex 0.382683 8.07612 14.59
      vertex 0.290284 8.04306 14
      vertex 0.382683 8.07612 14
    endloop
  endfacet
  facet normal -0.336882 0.941547 0
    outer loop
      vertex -0.290284 9.95694 14
      vertex -0.382683 9.92388 14.59
      vertex -0.290284 9.95694 14.59
    endloop
  endfacet
  facet normal -0.336882 0.941547 0
    outer loop
      vertex -0.382683 9.92388 14.59
      vertex -0.290284 9.95694 14
      vertex -0.382683 9.92388 14
    endloop
  endfacet
  facet normal 0.803192 0.59572 0
    outer loop
      vertex 0.83147 9.55557 14.59
      vertex 0.77301 9.63439 14
      vertex 0.77301 9.63439 14.59
    endloop
  endfacet
  facet normal 0.803192 0.59572 0
    outer loop
      vertex 0.77301 9.63439 14
      vertex 0.83147 9.55557 14.59
      vertex 0.83147 9.55557 14
    endloop
  endfacet
  facet normal -0.857722 0.514114 0
    outer loop
      vertex -0.881921 9.4714 14
      vertex -0.83147 9.55557 14.59
      vertex -0.83147 9.55557 14
    endloop
  endfacet
  facet normal -0.857722 0.514114 0
    outer loop
      vertex -0.83147 9.55557 14.59
      vertex -0.881921 9.4714 14
      vertex -0.881921 9.4714 14.59
    endloop
  endfacet
  facet normal 0.998795 -0.0490736 0
    outer loop
      vertex 0.995184 8.90198 14.59
      vertex 1 9 14
      vertex 1 9 14.59
    endloop
  endfacet
  facet normal 0.998795 -0.0490736 0
    outer loop
      vertex 1 9 14
      vertex 0.995184 8.90198 14.59
      vertex 0.995184 8.90198 14
    endloop
  endfacet
  facet normal 0.904003 -0.427526 0
    outer loop
      vertex 0.881921 8.5286 14.59
      vertex 0.923879 8.61732 14
      vertex 0.923879 8.61732 14.59
    endloop
  endfacet
  facet normal 0.904003 -0.427526 0
    outer loop
      vertex 0.923879 8.61732 14
      vertex 0.881921 8.5286 14.59
      vertex 0.881921 8.5286 14
    endloop
  endfacet
  facet normal 0.857722 0.514114 0
    outer loop
      vertex 0.881921 9.4714 14.59
      vertex 0.83147 9.55557 14
      vertex 0.83147 9.55557 14.59
    endloop
  endfacet
  facet normal 0.857722 0.514114 0
    outer loop
      vertex 0.83147 9.55557 14
      vertex 0.881921 9.4714 14.59
      vertex 0.881921 9.4714 14
    endloop
  endfacet
  facet normal 0 0 1
    outer loop
      vertex 0.995184 9.09802 14.59
      vertex 0.995184 8.90198 14.59
      vertex 1 9 14.59
    endloop
  endfacet
  facet normal 0 0 1
    outer loop
      vertex 0.980784 9.19509 14.59
      vertex 0.995184 8.90198 14.59
      vertex 0.995184 9.09802 14.59
    endloop
  endfacet
  facet normal 0 0 1
    outer loop
      vertex 0.980784 9.19509 14.59
      vertex 0.980784 8.80491 14.59
      vertex 0.995184 8.90198 14.59
    endloop
  endfacet
  facet normal 0 0 1
    outer loop
      vertex 0.95694 9.29028 14.59
      vertex 0.980784 8.80491 14.59
      vertex 0.980784 9.19509 14.59
    endloop
  endfacet
  facet normal 0 0 1
    outer loop
      vertex 0.95694 9.29028 14.59
      vertex 0.95694 8.70971 14.59
      vertex 0.980784 8.80491 14.59
    endloop
  endfacet
  facet normal 0 0 1
    outer loop
      vertex 0.923879 9.38268 14.59
      vertex 0.95694 8.70971 14.59
      vertex 0.95694 9.29028 14.59
    endloop
  endfacet
  facet normal 0 0 1
    outer loop
      vertex 0.923879 9.38268 14.59
      vertex 0.923879 8.61732 14.59
      vertex 0.95694 8.70971 14.59
    endloop
  endfacet
  facet normal 0 0 1
    outer loop
      vertex 0.881921 9.4714 14.59
      vertex 0.923879 8.61732 14.59
      vertex 0.923879 9.38268 14.59
    endloop
  endfacet
  facet normal 0 0 1
    outer loop
      vertex 0.881921 9.4714 14.59
      vertex 0.881921 8.5286 14.59
      vertex 0.923879 8.61732 14.59
    endloop
  endfacet
  facet normal 0 0 1
    outer loop
      vertex 0.83147 9.55557 14.59
      vertex 0.881921 8.5286 14.59
      vertex 0.881921 9.4714 14.59
    endloop
  endfacet
  facet normal 0 0 1
    outer loop
      vertex 0.83147 9.55557 14.59
      vertex 0.83147 8.44443 14.59
      vertex 0.881921 8.5286 14.59
    endloop
  endfacet
  facet normal 0 0 1
    outer loop
      vertex 0.77301 9.63439 14.59
      vertex 0.83147 8.44443 14.59
      vertex 0.83147 9.55557 14.59
    endloop
  endfacet
  facet normal 0 0 1
    outer loop
      vertex 0.77301 9.63439 14.59
      vertex 0.77301 8.36561 14.59
      vertex 0.83147 8.44443 14.59
    endloop
  endfacet
  facet normal 0 0 1
    outer loop
      vertex 0.707107 9.70711 14.59
      vertex 0.77301 8.36561 14.59
      vertex 0.77301 9.63439 14.59
    endloop
  endfacet
  facet normal 0 0 1
    outer loop
      vertex 0.707107 9.70711 14.59
      vertex 0.707107 8.29289 14.59
      vertex 0.77301 8.36561 14.59
    endloop
  endfacet
  facet normal 0 0 1
    outer loop
      vertex 0.634393 9.77301 14.59
      vertex 0.707107 8.29289 14.59
      vertex 0.707107 9.70711 14.59
    endloop
  endfacet
  facet normal 0 0 1
    outer loop
      vertex 0.634393 9.77301 14.59
      vertex 0.634393 8.22699 14.59
      vertex 0.707107 8.29289 14.59
    endloop
  endfacet
  facet normal 0 0 1
    outer loop
      vertex 0.55557 9.83147 14.59
      vertex 0.634393 8.22699 14.59
      vertex 0.634393 9.77301 14.59
    endloop
  endfacet
  facet normal 0 0 1
    outer loop
      vertex 0.55557 9.83147 14.59
      vertex 0.55557 8.16853 14.59
      vertex 0.634393 8.22699 14.59
    endloop
  endfacet
  facet normal 0 0 1
    outer loop
      vertex 0.471396 9.88192 14.59
      vertex 0.55557 8.16853 14.59
      vertex 0.55557 9.83147 14.59
    endloop
  endfacet
  facet normal 0 0 1
    outer loop
      vertex 0.471396 9.88192 14.59
      vertex 0.471396 8.11808 14.59
      vertex 0.55557 8.16853 14.59
    endloop
  endfacet
  facet normal 0 0 1
    outer loop
      vertex 0.382683 9.92388 14.59
      vertex 0.471396 8.11808 14.59
      vertex 0.471396 9.88192 14.59
    endloop
  endfacet
  facet normal 0 0 1
    outer loop
      vertex 0.382683 9.92388 14.59
      vertex 0.382683 8.07612 14.59
      vertex 0.471396 8.11808 14.59
    endloop
  endfacet
  facet normal 0 0 1
    outer loop
      vertex 0.290284 9.95694 14.59
      vertex 0.382683 8.07612 14.59
      vertex 0.382683 9.92388 14.59
    endloop
  endfacet
  facet normal 0 0 1
    outer loop
      vertex 0.290284 9.95694 14.59
      vertex 0.290284 8.04306 14.59
      vertex 0.382683 8.07612 14.59
    endloop
  endfacet
  facet normal 0 0 1
    outer loop
      vertex 0.19509 9.98078 14.59
      vertex 0.290284 8.04306 14.59
      vertex 0.290284 9.95694 14.59
    endloop
  endfacet
  facet normal 0 0 1
    outer loop
      vertex 0.19509 9.98078 14.59
      vertex 0.19509 8.01921 14.59
      vertex 0.290284 8.04306 14.59
    endloop
  endfacet
  facet normal 0 0 1
    outer loop
      vertex 0.0980167 9.99518 14.59
      vertex 0.19509 8.01921 14.59
      vertex 0.19509 9.98078 14.59
    endloop
  endfacet
  facet normal 0 0 1
    outer loop
      vertex 0.0980167 9.99518 14.59
      vertex 0.0980167 8.00482 14.59
      vertex 0.19509 8.01921 14.59
    endloop
  endfacet
  facet normal 0 0 1
    outer loop
      vertex 0 10 14.59
      vertex 0.0980167 8.00482 14.59
      vertex 0.0980167 9.99518 14.59
    endloop
  endfacet
  facet normal 0 0 1
    outer loop
      vertex 0 10 14.59
      vertex 0 8 14.59
      vertex 0.0980167 8.00482 14.59
    endloop
  endfacet
  facet normal -0 0 1
    outer loop
      vertex -0.0980167 9.99518 14.59
      vertex 0 8 14.59
      vertex 0 10 14.59
    endloop
  endfacet
  facet normal 0 0 1
    outer loop
      vertex -0.0980167 9.99518 14.59
      vertex -0.0980167 8.00482 14.59
      vertex 0 8 14.59
    endloop
  endfacet
  facet normal -0 0 1
    outer loop
      vertex -0.19509 9.98078 14.59
      vertex -0.0980167 8.00482 14.59
      vertex -0.0980167 9.99518 14.59
    endloop
  endfacet
  facet normal 0 0 1
    outer loop
      vertex -0.19509 9.98078 14.59
      vertex -0.19509 8.01921 14.59
      vertex -0.0980167 8.00482 14.59
    endloop
  endfacet
  facet normal -0 0 1
    outer loop
      vertex -0.290284 9.95694 14.59
      vertex -0.19509 8.01921 14.59
      vertex -0.19509 9.98078 14.59
    endloop
  endfacet
  facet normal 0 0 1
    outer loop
      vertex -0.290284 9.95694 14.59
      vertex -0.290284 8.04306 14.59
      vertex -0.19509 8.01921 14.59
    endloop
  endfacet
  facet normal -0 0 1
    outer loop
      vertex -0.382683 9.92388 14.59
      vertex -0.290284 8.04306 14.59
      vertex -0.290284 9.95694 14.59
    endloop
  endfacet
  facet normal 0 0 1
    outer loop
      vertex -0.382683 9.92388 14.59
      vertex -0.382683 8.07612 14.59
      vertex -0.290284 8.04306 14.59
    endloop
  endfacet
  facet normal -0 0 1
    outer loop
      vertex -0.471396 9.88192 14.59
      vertex -0.382683 8.07612 14.59
      vertex -0.382683 9.92388 14.59
    endloop
  endfacet
  facet normal 0 0 1
    outer loop
      vertex -0.471396 9.88192 14.59
      vertex -0.471396 8.11808 14.59
      vertex -0.382683 8.07612 14.59
    endloop
  endfacet
  facet normal -0 0 1
    outer loop
      vertex -0.55557 9.83147 14.59
      vertex -0.471396 8.11808 14.59
      vertex -0.471396 9.88192 14.59
    endloop
  endfacet
  facet normal 0 0 1
    outer loop
      vertex -0.55557 9.83147 14.59
      vertex -0.55557 8.16853 14.59
      vertex -0.471396 8.11808 14.59
    endloop
  endfacet
  facet normal -0 0 1
    outer loop
      vertex -0.634393 9.77301 14.59
      vertex -0.55557 8.16853 14.59
      vertex -0.55557 9.83147 14.59
    endloop
  endfacet
  facet normal 0 0 1
    outer loop
      vertex -0.634393 9.77301 14.59
      vertex -0.634393 8.22699 14.59
      vertex -0.55557 8.16853 14.59
    endloop
  endfacet
  facet normal -0 0 1
    outer loop
      vertex -0.707107 9.70711 14.59
      vertex -0.634393 8.22699 14.59
      vertex -0.634393 9.77301 14.59
    endloop
  endfacet
  facet normal 0 0 1
    outer loop
      vertex -0.707107 9.70711 14.59
      vertex -0.707107 8.29289 14.59
      vertex -0.634393 8.22699 14.59
    endloop
  endfacet
  facet normal -0 0 1
    outer loop
      vertex -0.77301 9.63439 14.59
      vertex -0.707107 8.29289 14.59
      vertex -0.707107 9.70711 14.59
    endloop
  endfacet
  facet normal 0 0 1
    outer loop
      vertex -0.77301 9.63439 14.59
      vertex -0.77301 8.36561 14.59
      vertex -0.707107 8.29289 14.59
    endloop
  endfacet
  facet normal -0 0 1
    outer loop
      vertex -0.83147 9.55557 14.59
      vertex -0.77301 8.36561 14.59
      vertex -0.77301 9.63439 14.59
    endloop
  endfacet
  facet normal 0 0 1
    outer loop
      vertex -0.83147 9.55557 14.59
      vertex -0.83147 8.44443 14.59
      vertex -0.77301 8.36561 14.59
    endloop
  endfacet
  facet normal -0 0 1
    outer loop
      vertex -0.881921 9.4714 14.59
      vertex -0.83147 8.44443 14.59
      vertex -0.83147 9.55557 14.59
    endloop
  endfacet
  facet normal 0 0 1
    outer loop
      vertex -0.881921 9.4714 14.59
      vertex -0.881921 8.5286 14.59
      vertex -0.83147 8.44443 14.59
    endloop
  endfacet
  facet normal -0 0 1
    outer loop
      vertex -0.923879 9.38268 14.59
      vertex -0.881921 8.5286 14.59
      vertex -0.881921 9.4714 14.59
    endloop
  endfacet
  facet normal 0 0 1
    outer loop
      vertex -0.923879 9.38268 14.59
      vertex -0.923879 8.61732 14.59
      vertex -0.881921 8.5286 14.59
    endloop
  endfacet
  facet normal -0 0 1
    outer loop
      vertex -0.95694 9.29028 14.59
      vertex -0.923879 8.61732 14.59
      vertex -0.923879 9.38268 14.59
    endloop
  endfacet
  facet normal 0 0 1
    outer loop
      vertex -0.95694 9.29028 14.59
      vertex -0.95694 8.70971 14.59
      vertex -0.923879 8.61732 14.59
    endloop
  endfacet
  facet normal -0 0 1
    outer loop
      vertex -0.980784 9.19509 14.59
      vertex -0.95694 8.70971 14.59
      vertex -0.95694 9.29028 14.59
    endloop
  endfacet
  facet normal 0 0 1
    outer loop
      vertex -0.980784 9.19509 14.59
      vertex -0.980784 8.80491 14.59
      vertex -0.95694 8.70971 14.59
    endloop
  endfacet
  facet normal -0 0 1
    outer loop
      vertex -0.995184 9.09802 14.59
      vertex -0.980784 8.80491 14.59
      vertex -0.980784 9.19509 14.59
    endloop
  endfacet
  facet normal 0 0 1
    outer loop
      vertex -0.995184 9.09802 14.59
      vertex -0.995184 8.90198 14.59
      vertex -0.980784 8.80491 14.59
    endloop
  endfacet
  facet normal 0 -0 1
    outer loop
      vertex -0.995184 8.90198 14.59
      vertex -0.995184 9.09802 14.59
      vertex -1 9 14.59
    endloop
  endfacet
  facet normal -0.671536 -0.740972 0
    outer loop
      vertex -0.707107 8.29289 14
      vertex -0.634393 8.22699 14.59
      vertex -0.707107 8.29289 14.59
    endloop
  endfacet
  facet normal -0.671536 -0.740972 -0
    outer loop
      vertex -0.634393 8.22699 14.59
      vertex -0.707107 8.29289 14
      vertex -0.634393 8.22699 14
    endloop
  endfacet
  facet normal 0.595705 0.803203 -0
    outer loop
      vertex 0.634393 9.77301 14
      vertex 0.55557 9.83147 14.59
      vertex 0.634393 9.77301 14.59
    endloop
  endfacet
  facet normal 0.595705 0.803203 0
    outer loop
      vertex 0.55557 9.83147 14.59
      vertex 0.634393 9.77301 14
      vertex 0.55557 9.83147 14
    endloop
  endfacet
  facet normal -0.514088 -0.857737 0
    outer loop
      vertex -0.55557 8.16853 14
      vertex -0.471396 8.11808 14.59
      vertex -0.55557 8.16853 14.59
    endloop
  endfacet
  facet normal -0.514088 -0.857737 -0
    outer loop
      vertex -0.471396 8.11808 14.59
      vertex -0.55557 8.16853 14
      vertex -0.471396 8.11808 14
    endloop
  endfacet
  facet normal 0.514088 0.857737 -0
    outer loop
      vertex 0.55557 9.83147 14
      vertex 0.471396 9.88192 14.59
      vertex 0.55557 9.83147 14.59
    endloop
  endfacet
  facet normal 0.514088 0.857737 0
    outer loop
      vertex 0.471396 9.88192 14.59
      vertex 0.55557 9.83147 14
      vertex 0.471396 9.88192 14
    endloop
  endfacet
  facet normal 0.146636 -0.989191 0
    outer loop
      vertex 0.0980167 8.00482 14
      vertex 0.19509 8.01921 14.59
      vertex 0.0980167 8.00482 14.59
    endloop
  endfacet
  facet normal 0.146636 -0.989191 0
    outer loop
      vertex 0.19509 8.01921 14.59
      vertex 0.0980167 8.00482 14
      vertex 0.19509 8.01921 14
    endloop
  endfacet
  facet normal 0.941545 0.336888 0
    outer loop
      vertex 0.95694 9.29028 14.59
      vertex 0.923879 9.38268 14
      vertex 0.923879 9.38268 14.59
    endloop
  endfacet
  facet normal 0.941545 0.336888 0
    outer loop
      vertex 0.923879 9.38268 14
      vertex 0.95694 9.29028 14.59
      vertex 0.95694 9.29028 14
    endloop
  endfacet
  facet normal 0.857722 -0.514114 0
    outer loop
      vertex 0.83147 8.44443 14.59
      vertex 0.881921 8.5286 14
      vertex 0.881921 8.5286 14.59
    endloop
  endfacet
  facet normal 0.857722 -0.514114 0
    outer loop
      vertex 0.881921 8.5286 14
      vertex 0.83147 8.44443 14.59
      vertex 0.83147 8.44443 14
    endloop
  endfacet
  facet normal -0.998795 -0.0490736 0
    outer loop
      vertex -0.995184 8.90198 14
      vertex -1 9 14.59
      vertex -1 9 14
    endloop
  endfacet
  facet normal -0.998795 -0.0490736 0
    outer loop
      vertex -1 9 14.59
      vertex -0.995184 8.90198 14
      vertex -0.995184 8.90198 14.59
    endloop
  endfacet
  facet normal 0.941533 -0.33692 0
    outer loop
      vertex 0.923879 8.61732 14.59
      vertex 0.95694 8.70971 14
      vertex 0.95694 8.70971 14.59
    endloop
  endfacet
  facet normal 0.941533 -0.33692 0
    outer loop
      vertex 0.95694 8.70971 14
      vertex 0.923879 8.61732 14.59
      vertex 0.923879 8.61732 14
    endloop
  endfacet
  facet normal 0.740984 0.671522 0
    outer loop
      vertex 0.77301 9.63439 14.59
      vertex 0.707107 9.70711 14
      vertex 0.707107 9.70711 14.59
    endloop
  endfacet
  facet normal 0.740984 0.671522 0
    outer loop
      vertex 0.707107 9.70711 14
      vertex 0.77301 9.63439 14.59
      vertex 0.77301 9.63439 14
    endloop
  endfacet
  facet normal 0.0491159 0.998793 -0
    outer loop
      vertex 0.0980167 9.99518 14
      vertex 0 10 14.59
      vertex 0.0980167 9.99518 14.59
    endloop
  endfacet
  facet normal 0.0491159 0.998793 0
    outer loop
      vertex 0 10 14.59
      vertex 0.0980167 9.99518 14
      vertex 0 10 14
    endloop
  endfacet
  facet normal 0.904003 0.427526 0
    outer loop
      vertex 0.923879 9.38268 14.59
      vertex 0.881921 9.4714 14
      vertex 0.881921 9.4714 14.59
    endloop
  endfacet
  facet normal 0.904003 0.427526 0
    outer loop
      vertex 0.881921 9.4714 14
      vertex 0.923879 9.38268 14.59
      vertex 0.923879 9.38268 14
    endloop
  endfacet
  facet normal -0.146636 -0.989191 0
    outer loop
      vertex -0.19509 8.01921 14
      vertex -0.0980167 8.00482 14.59
      vertex -0.19509 8.01921 14.59
    endloop
  endfacet
  facet normal -0.146636 -0.989191 -0
    outer loop
      vertex -0.0980167 8.00482 14.59
      vertex -0.19509 8.01921 14
      vertex -0.0980167 8.00482 14
    endloop
  endfacet
  facet normal 0.671536 -0.740972 0
    outer loop
      vertex 0.634393 8.22699 14
      vertex 0.707107 8.29289 14.59
      vertex 0.634393 8.22699 14.59
    endloop
  endfacet
  facet normal 0.671536 -0.740972 0
    outer loop
      vertex 0.707107 8.29289 14.59
      vertex 0.634393 8.22699 14
      vertex 0.707107 8.29289 14
    endloop
  endfacet
  facet normal -0.0491159 -0.998793 0
    outer loop
      vertex -0.0980167 8.00482 14
      vertex 0 8 14.59
      vertex -0.0980167 8.00482 14.59
    endloop
  endfacet
  facet normal -0.0491159 -0.998793 -0
    outer loop
      vertex 0 8 14.59
      vertex -0.0980167 8.00482 14
      vertex 0 8 14
    endloop
  endfacet
  facet normal -0.740984 0.671522 0
    outer loop
      vertex -0.77301 9.63439 14
      vertex -0.707107 9.70711 14.59
      vertex -0.707107 9.70711 14
    endloop
  endfacet
  facet normal -0.740984 0.671522 0
    outer loop
      vertex -0.707107 9.70711 14.59
      vertex -0.77301 9.63439 14
      vertex -0.77301 9.63439 14.59
    endloop
  endfacet
  facet normal -0.146736 0.989176 0
    outer loop
      vertex -0.0980167 9.99518 14
      vertex -0.19509 9.98078 14.59
      vertex -0.0980167 9.99518 14.59
    endloop
  endfacet
  facet normal -0.146736 0.989176 0
    outer loop
      vertex -0.19509 9.98078 14.59
      vertex -0.0980167 9.99518 14
      vertex -0.19509 9.98078 14
    endloop
  endfacet
  facet normal -0.904003 0.427526 0
    outer loop
      vertex -0.923879 9.38268 14
      vertex -0.881921 9.4714 14.59
      vertex -0.881921 9.4714 14
    endloop
  endfacet
  facet normal -0.904003 0.427526 0
    outer loop
      vertex -0.881921 9.4714 14.59
      vertex -0.923879 9.38268 14
      vertex -0.923879 9.38268 14.59
    endloop
  endfacet
  facet normal -0.970031 0.242982 0
    outer loop
      vertex -0.980784 9.19509 14
      vertex -0.95694 9.29028 14.59
      vertex -0.95694 9.29028 14
    endloop
  endfacet
  facet normal -0.970031 0.242982 0
    outer loop
      vertex -0.95694 9.29028 14.59
      vertex -0.980784 9.19509 14
      vertex -0.980784 9.19509 14.59
    endloop
  endfacet
  facet normal 0.242934 0.970043 -0
    outer loop
      vertex 0.290284 9.95694 14
      vertex 0.19509 9.98078 14.59
      vertex 0.290284 9.95694 14.59
    endloop
  endfacet
  facet normal 0.242934 0.970043 0
    outer loop
      vertex 0.19509 9.98078 14.59
      vertex 0.290284 9.95694 14
      vertex 0.19509 9.98078 14
    endloop
  endfacet
  facet normal -0.970037 -0.242958 0
    outer loop
      vertex -0.95694 8.70971 14
      vertex -0.980784 8.80491 14.59
      vertex -0.980784 8.80491 14
    endloop
  endfacet
  facet normal -0.970037 -0.242958 0
    outer loop
      vertex -0.980784 8.80491 14.59
      vertex -0.95694 8.70971 14
      vertex -0.95694 8.70971 14.59
    endloop
  endfacet
  facet normal -0.427571 -0.903982 0
    outer loop
      vertex -0.471396 8.11808 14
      vertex -0.382683 8.07612 14.59
      vertex -0.471396 8.11808 14.59
    endloop
  endfacet
  facet normal -0.427571 -0.903982 -0
    outer loop
      vertex -0.382683 8.07612 14.59
      vertex -0.471396 8.11808 14
      vertex -0.382683 8.07612 14
    endloop
  endfacet
  facet normal -0.740984 -0.671522 0
    outer loop
      vertex -0.707107 8.29289 14
      vertex -0.77301 8.36561 14.59
      vertex -0.77301 8.36561 14
    endloop
  endfacet
  facet normal -0.740984 -0.671522 0
    outer loop
      vertex -0.77301 8.36561 14.59
      vertex -0.707107 8.29289 14
      vertex -0.707107 8.29289 14.59
    endloop
  endfacet
  facet normal 0.427571 -0.903982 0
    outer loop
      vertex 0.382683 8.07612 14
      vertex 0.471396 8.11808 14.59
      vertex 0.382683 8.07612 14.59
    endloop
  endfacet
  facet normal 0.427571 -0.903982 0
    outer loop
      vertex 0.471396 8.11808 14.59
      vertex 0.382683 8.07612 14
      vertex 0.471396 8.11808 14
    endloop
  endfacet
  facet normal 0.0491159 -0.998793 0
    outer loop
      vertex 0 8 14
      vertex 0.0980167 8.00482 14.59
      vertex 0 8 14.59
    endloop
  endfacet
  facet normal 0.0491159 -0.998793 0
    outer loop
      vertex 0.0980167 8.00482 14.59
      vertex 0 8 14
      vertex 0.0980167 8.00482 14
    endloop
  endfacet
  facet normal -0.989175 -0.146741 0
    outer loop
      vertex -0.980784 8.80491 14
      vertex -0.995184 8.90198 14.59
      vertex -0.995184 8.90198 14
    endloop
  endfacet
  facet normal -0.989175 -0.146741 0
    outer loop
      vertex -0.995184 8.90198 14.59
      vertex -0.980784 8.80491 14
      vertex -0.980784 8.80491 14.59
    endloop
  endfacet
  facet normal 0.595705 -0.803203 0
    outer loop
      vertex 0.55557 8.16853 14
      vertex 0.634393 8.22699 14.59
      vertex 0.55557 8.16853 14.59
    endloop
  endfacet
  facet normal 0.595705 -0.803203 0
    outer loop
      vertex 0.634393 8.22699 14.59
      vertex 0.55557 8.16853 14
      vertex 0.634393 8.22699 14
    endloop
  endfacet
  facet normal -0.803192 -0.59572 0
    outer loop
      vertex -0.77301 8.36561 14
      vertex -0.83147 8.44443 14.59
      vertex -0.83147 8.44443 14
    endloop
  endfacet
  facet normal -0.803192 -0.59572 0
    outer loop
      vertex -0.83147 8.44443 14.59
      vertex -0.77301 8.36561 14
      vertex -0.77301 8.36561 14.59
    endloop
  endfacet
  facet normal -0.998795 0.0490736 0
    outer loop
      vertex -1 9 14
      vertex -0.995184 9.09802 14.59
      vertex -0.995184 9.09802 14
    endloop
  endfacet
  facet normal -0.998795 0.0490736 0
    outer loop
      vertex -0.995184 9.09802 14.59
      vertex -1 9 14
      vertex -1 9 14.59
    endloop
  endfacet
  facet normal 0.740984 -0.671522 0
    outer loop
      vertex 0.707107 8.29289 14.59
      vertex 0.77301 8.36561 14
      vertex 0.77301 8.36561 14.59
    endloop
  endfacet
  facet normal 0.740984 -0.671522 0
    outer loop
      vertex 0.77301 8.36561 14
      vertex 0.707107 8.29289 14.59
      vertex 0.707107 8.29289 14
    endloop
  endfacet
  facet normal 0.382676 -0.923883 0
    outer loop
      vertex 11.8343 0.565685 0
      vertex 11.9361 0.607851 14
      vertex 11.8343 0.565685 14
    endloop
  endfacet
  facet normal 0.382676 -0.923883 0
    outer loop
      vertex 11.9361 0.607851 14
      vertex 11.8343 0.565685 0
      vertex 11.9361 0.607851 0
    endloop
  endfacet
  facet normal 0.923888 -0.382663 0
    outer loop
      vertex 11.6 0 14
      vertex 11.8343 0.565685 0
      vertex 11.8343 0.565685 14
    endloop
  endfacet
  facet normal 0.923888 -0.382663 0
    outer loop
      vertex 11.8343 0.565685 0
      vertex 11.6 0 14
      vertex 11.6 0 0
    endloop
  endfacet
  facet normal 0.923888 0.382663 0
    outer loop
      vertex 11.8343 -0.565685 14
      vertex 11.6 0 0
      vertex 11.6 0 14
    endloop
  endfacet
  facet normal 0.923888 0.382663 0
    outer loop
      vertex 11.6 0 0
      vertex 11.8343 -0.565685 14
      vertex 11.8343 -0.565685 0
    endloop
  endfacet
  facet normal 0.382676 0.923883 -0
    outer loop
      vertex 11.9361 -0.607851 0
      vertex 11.8343 -0.565685 14
      vertex 11.9361 -0.607851 14
    endloop
  endfacet
  facet normal 0.382676 0.923883 0
    outer loop
      vertex 11.8343 -0.565685 14
      vertex 11.9361 -0.607851 0
      vertex 11.8343 -0.565685 0
    endloop
  endfacet
  facet normal 0.609026 -0.79315 0
    outer loop
      vertex 11.2847 3.60936 0
      vertex 11.3575 3.66526 14
      vertex 11.2847 3.60936 14
    endloop
  endfacet
  facet normal 0.609026 -0.79315 0
    outer loop
      vertex 11.3575 3.66526 14
      vertex 11.2847 3.60936 0
      vertex 11.3575 3.66526 0
    endloop
  endfacet
  facet normal 0.991428 -0.130653 0
    outer loop
      vertex 11.2047 3.0023 14
      vertex 11.2847 3.60936 0
      vertex 11.2847 3.60936 14
    endloop
  endfacet
  facet normal 0.991428 -0.130653 0
    outer loop
      vertex 11.2847 3.60936 0
      vertex 11.2047 3.0023 14
      vertex 11.2047 3.0023 0
    endloop
  endfacet
  facet normal 0.130602 0.991435 -0
    outer loop
      vertex 11.7376 2.49545 0
      vertex 11.5775 2.51654 14
      vertex 11.7376 2.49545 14
    endloop
  endfacet
  facet normal 0.130602 0.991435 0
    outer loop
      vertex 11.5775 2.51654 14
      vertex 11.7376 2.49545 0
      vertex 11.5775 2.51654 0
    endloop
  endfacet
  facet normal 0.793303 0.608826 0
    outer loop
      vertex 11.5775 2.51654 14
      vertex 11.2047 3.0023 0
      vertex 11.2047 3.0023 14
    endloop
  endfacet
  facet normal 0.793303 0.608826 0
    outer loop
      vertex 11.2047 3.0023 0
      vertex 11.5775 2.51654 14
      vertex 11.5775 2.51654 0
    endloop
  endfacet
  facet normal 0.793486 -0.608589 0
    outer loop
      vertex 9.96597 6.40705 14
      vertex 10.0318 6.49288 0
      vertex 10.0318 6.49288 14
    endloop
  endfacet
  facet normal 0.793486 -0.608589 0
    outer loop
      vertex 10.0318 6.49288 0
      vertex 9.96597 6.40705 14
      vertex 9.96597 6.40705 0
    endloop
  endfacet
  facet normal 0.991443 0.130543 0
    outer loop
      vertex 10.0459 5.8 14
      vertex 9.96597 6.40705 0
      vertex 9.96597 6.40705 14
    endloop
  endfacet
  facet normal 0.991443 0.130543 0
    outer loop
      vertex 9.96597 6.40705 0
      vertex 10.0459 5.8 14
      vertex 10.0459 5.8 0
    endloop
  endfacet
  facet normal -0.130588 0.991437 0
    outer loop
      vertex 10.6389 5.44138 0
      vertex 10.5317 5.42726 14
      vertex 10.6389 5.44138 14
    endloop
  endfacet
  facet normal -0.130588 0.991437 0
    outer loop
      vertex 10.5317 5.42726 14
      vertex 10.6389 5.44138 0
      vertex 10.5317 5.42726 0
    endloop
  endfacet
  facet normal 0.608733 0.793375 -0
    outer loop
      vertex 10.5317 5.42726 0
      vertex 10.0459 5.8 14
      vertex 10.5317 5.42726 14
    endloop
  endfacet
  facet normal 0.608733 0.793375 0
    outer loop
      vertex 10.0459 5.8 14
      vertex 10.5317 5.42726 0
      vertex 10.0459 5.8 0
    endloop
  endfacet
  facet normal 0.923868 -0.382711 0
    outer loop
      vertex 7.96812 8.76812 14
      vertex 8.02993 8.91733 0
      vertex 8.02993 8.91733 14
    endloop
  endfacet
  facet normal 0.923868 -0.382711 0
    outer loop
      vertex 8.02993 8.91733 0
      vertex 7.96812 8.76812 14
      vertex 7.96812 8.76812 0
    endloop
  endfacet
  facet normal 0.923875 0.382694 0
    outer loop
      vertex 8.20244 8.20244 14
      vertex 7.96812 8.76812 0
      vertex 7.96812 8.76812 14
    endloop
  endfacet
  facet normal 0.923875 0.382694 0
    outer loop
      vertex 7.96812 8.76812 0
      vertex 8.20244 8.20244 14
      vertex 8.20244 8.20244 0
    endloop
  endfacet
  facet normal 0.382694 0.923875 -0
    outer loop
      vertex 8.76812 7.96812 0
      vertex 8.20244 8.20244 14
      vertex 8.76812 7.96812 14
    endloop
  endfacet
  facet normal 0.382694 0.923875 0
    outer loop
      vertex 8.20244 8.20244 14
      vertex 8.76812 7.96812 0
      vertex 8.20244 8.20244 0
    endloop
  endfacet
  facet normal -0.382666 0.923887 0
    outer loop
      vertex 8.85296 8.00326 0
      vertex 8.76812 7.96812 14
      vertex 8.85296 8.00326 14
    endloop
  endfacet
  facet normal -0.382666 0.923887 0
    outer loop
      vertex 8.76812 7.96812 14
      vertex 8.85296 8.00326 0
      vertex 8.76812 7.96812 0
    endloop
  endfacet
  facet normal 0.991441 -0.130558 0
    outer loop
      vertex 5.42726 10.5317 14
      vertex 5.44164 10.6409 0
      vertex 5.44164 10.6409 14
    endloop
  endfacet
  facet normal 0.991441 -0.130558 0
    outer loop
      vertex 5.44164 10.6409 0
      vertex 5.42726 10.5317 14
      vertex 5.42726 10.5317 0
    endloop
  endfacet
  facet normal 0.793375 0.608733 0
    outer loop
      vertex 5.8 10.0459 14
      vertex 5.42726 10.5317 0
      vertex 5.42726 10.5317 14
    endloop
  endfacet
  facet normal 0.793375 0.608733 0
    outer loop
      vertex 5.42726 10.5317 0
      vertex 5.8 10.0459 14
      vertex 5.8 10.0459 0
    endloop
  endfacet
  facet normal -0.609048 0.793133 0
    outer loop
      vertex 6.49447 10.0331 0
      vertex 6.40705 9.96597 14
      vertex 6.49447 10.0331 14
    endloop
  endfacet
  facet normal -0.609048 0.793133 0
    outer loop
      vertex 6.40705 9.96597 14
      vertex 6.49447 10.0331 0
      vertex 6.40705 9.96597 0
    endloop
  endfacet
  facet normal 0.130543 0.991443 -0
    outer loop
      vertex 6.40705 9.96597 0
      vertex 5.8 10.0459 14
      vertex 6.40705 9.96597 14
    endloop
  endfacet
  facet normal 0.130543 0.991443 0
    outer loop
      vertex 5.8 10.0459 14
      vertex 6.40705 9.96597 0
      vertex 5.8 10.0459 0
    endloop
  endfacet
  facet normal 0.991431 0.130629 0
    outer loop
      vertex 2.51654 11.5775 14
      vertex 2.50455 11.6685 0
      vertex 2.50455 11.6685 14
    endloop
  endfacet
  facet normal 0.991431 0.130629 0
    outer loop
      vertex 2.50455 11.6685 0
      vertex 2.51654 11.5775 14
      vertex 2.51654 11.5775 0
    endloop
  endfacet
  facet normal 0.608826 0.793303 -0
    outer loop
      vertex 3.0023 11.2047 0
      vertex 2.51654 11.5775 14
      vertex 3.0023 11.2047 14
    endloop
  endfacet
  facet normal 0.608826 0.793303 0
    outer loop
      vertex 2.51654 11.5775 14
      vertex 3.0023 11.2047 0
      vertex 2.51654 11.5775 0
    endloop
  endfacet
  facet normal -0.793307 0.608822 0
    outer loop
      vertex 3.60936 11.2847 0
      vertex 3.70767 11.4128 14
      vertex 3.70767 11.4128 0
    endloop
  endfacet
  facet normal -0.793307 0.608822 0
    outer loop
      vertex 3.70767 11.4128 14
      vertex 3.60936 11.2847 0
      vertex 3.60936 11.2847 14
    endloop
  endfacet
  facet normal -0.130653 0.991428 0
    outer loop
      vertex 3.60936 11.2847 0
      vertex 3.0023 11.2047 14
      vertex 3.60936 11.2847 14
    endloop
  endfacet
  facet normal -0.130653 0.991428 0
    outer loop
      vertex 3.0023 11.2047 14
      vertex 3.60936 11.2847 0
      vertex 3.0023 11.2047 0
    endloop
  endfacet
  facet normal 0.923949 0.382515 0
    outer loop
      vertex -0.565685 11.8343 14
      vertex -0.607085 11.9343 0
      vertex -0.607085 11.9343 14
    endloop
  endfacet
  facet normal 0.923949 0.382515 0
    outer loop
      vertex -0.607085 11.9343 0
      vertex -0.565685 11.8343 14
      vertex -0.565685 11.8343 0
    endloop
  endfacet
  facet normal 0.382663 0.923888 -0
    outer loop
      vertex 0 11.6 0
      vertex -0.565685 11.8343 14
      vertex 0 11.6 14
    endloop
  endfacet
  facet normal 0.382663 0.923888 0
    outer loop
      vertex -0.565685 11.8343 14
      vertex 0 11.6 0
      vertex -0.565685 11.8343 0
    endloop
  endfacet
  facet normal -0.382663 0.923888 0
    outer loop
      vertex 0.565685 11.8343 0
      vertex 0 11.6 14
      vertex 0.565685 11.8343 14
    endloop
  endfacet
  facet normal -0.382663 0.923888 0
    outer loop
      vertex 0 11.6 14
      vertex 0.565685 11.8343 0
      vertex 0 11.6 0
    endloop
  endfacet
  facet normal -0.923949 0.382515 0
    outer loop
      vertex 0.565685 11.8343 0
      vertex 0.607085 11.9343 14
      vertex 0.607085 11.9343 0
    endloop
  endfacet
  facet normal -0.923949 0.382515 0
    outer loop
      vertex 0.607085 11.9343 14
      vertex 0.565685 11.8343 0
      vertex 0.565685 11.8343 14
    endloop
  endfacet
  facet normal 0.793307 0.608822 0
    outer loop
      vertex -3.60936 11.2847 14
      vertex -3.70767 11.4128 0
      vertex -3.70767 11.4128 14
    endloop
  endfacet
  facet normal 0.793307 0.608822 0
    outer loop
      vertex -3.70767 11.4128 0
      vertex -3.60936 11.2847 14
      vertex -3.60936 11.2847 0
    endloop
  endfacet
  facet normal 0.130653 0.991428 -0
    outer loop
      vertex -3.0023 11.2047 0
      vertex -3.60936 11.2847 14
      vertex -3.0023 11.2047 14
    endloop
  endfacet
  facet normal 0.130653 0.991428 0
    outer loop
      vertex -3.60936 11.2847 14
      vertex -3.0023 11.2047 0
      vertex -3.60936 11.2847 0
    endloop
  endfacet
  facet normal -0.991431 0.130629 0
    outer loop
      vertex -2.51654 11.5775 0
      vertex -2.50455 11.6685 14
      vertex -2.50455 11.6685 0
    endloop
  endfacet
  facet normal -0.991431 0.130629 0
    outer loop
      vertex -2.50455 11.6685 14
      vertex -2.51654 11.5775 0
      vertex -2.51654 11.5775 14
    endloop
  endfacet
  facet normal -0.608826 0.793303 0
    outer loop
      vertex -2.51654 11.5775 0
      vertex -3.0023 11.2047 14
      vertex -2.51654 11.5775 14
    endloop
  endfacet
  facet normal -0.608826 0.793303 0
    outer loop
      vertex -3.0023 11.2047 14
      vertex -2.51654 11.5775 0
      vertex -3.0023 11.2047 0
    endloop
  endfacet
  facet normal 0.609048 0.793133 -0
    outer loop
      vertex -6.40705 9.96597 0
      vertex -6.49447 10.0331 14
      vertex -6.40705 9.96597 14
    endloop
  endfacet
  facet normal 0.609048 0.793133 0
    outer loop
      vertex -6.49447 10.0331 14
      vertex -6.40705 9.96597 0
      vertex -6.49447 10.0331 0
    endloop
  endfacet
  facet normal -0.130543 0.991443 0
    outer loop
      vertex -5.8 10.0459 0
      vertex -6.40705 9.96597 14
      vertex -5.8 10.0459 14
    endloop
  endfacet
  facet normal -0.130543 0.991443 0
    outer loop
      vertex -6.40705 9.96597 14
      vertex -5.8 10.0459 0
      vertex -6.40705 9.96597 0
    endloop
  endfacet
  facet normal -0.991441 -0.130558 0
    outer loop
      vertex -5.42726 10.5317 0
      vertex -5.44164 10.6409 14
      vertex -5.44164 10.6409 0
    endloop
  endfacet
  facet normal -0.991441 -0.130558 0
    outer loop
      vertex -5.44164 10.6409 14
      vertex -5.42726 10.5317 0
      vertex -5.42726 10.5317 14
    endloop
  endfacet
  facet normal -0.793375 0.608733 0
    outer loop
      vertex -5.8 10.0459 0
      vertex -5.42726 10.5317 14
      vertex -5.42726 10.5317 0
    endloop
  endfacet
  facet normal -0.793375 0.608733 0
    outer loop
      vertex -5.42726 10.5317 14
      vertex -5.8 10.0459 0
      vertex -5.8 10.0459 14
    endloop
  endfacet
  facet normal 0.382666 0.923887 -0
    outer loop
      vertex -8.76812 7.96812 0
      vertex -8.85296 8.00326 14
      vertex -8.76812 7.96812 14
    endloop
  endfacet
  facet normal 0.382666 0.923887 0
    outer loop
      vertex -8.85296 8.00326 14
      vertex -8.76812 7.96812 0
      vertex -8.85296 8.00326 0
    endloop
  endfacet
  facet normal -0.382694 0.923875 0
    outer loop
      vertex -8.20244 8.20244 0
      vertex -8.76812 7.96812 14
      vertex -8.20244 8.20244 14
    endloop
  endfacet
  facet normal -0.382694 0.923875 0
    outer loop
      vertex -8.76812 7.96812 14
      vertex -8.20244 8.20244 0
      vertex -8.76812 7.96812 0
    endloop
  endfacet
  facet normal -0.923875 0.382694 0
    outer loop
      vertex -8.20244 8.20244 0
      vertex -7.96812 8.76812 14
      vertex -7.96812 8.76812 0
    endloop
  endfacet
  facet normal -0.923875 0.382694 0
    outer loop
      vertex -7.96812 8.76812 14
      vertex -8.20244 8.20244 0
      vertex -8.20244 8.20244 14
    endloop
  endfacet
  facet normal -0.923868 -0.382711 0
    outer loop
      vertex -7.96812 8.76812 0
      vertex -8.02993 8.91733 14
      vertex -8.02993 8.91733 0
    endloop
  endfacet
  facet normal -0.923868 -0.382711 0
    outer loop
      vertex -8.02993 8.91733 14
      vertex -7.96812 8.76812 0
      vertex -7.96812 8.76812 14
    endloop
  endfacet
  facet normal 0.130588 0.991437 -0
    outer loop
      vertex -10.5317 5.42726 0
      vertex -10.6389 5.44138 14
      vertex -10.5317 5.42726 14
    endloop
  endfacet
  facet normal 0.130588 0.991437 0
    outer loop
      vertex -10.6389 5.44138 14
      vertex -10.5317 5.42726 0
      vertex -10.6389 5.44138 0
    endloop
  endfacet
  facet normal -0.608733 0.793375 0
    outer loop
      vertex -10.0459 5.8 0
      vertex -10.5317 5.42726 14
      vertex -10.0459 5.8 14
    endloop
  endfacet
  facet normal -0.608733 0.793375 0
    outer loop
      vertex -10.5317 5.42726 14
      vertex -10.0459 5.8 0
      vertex -10.5317 5.42726 0
    endloop
  endfacet
  facet normal -0.793486 -0.608589 0
    outer loop
      vertex -9.96597 6.40705 0
      vertex -10.0318 6.49288 14
      vertex -10.0318 6.49288 0
    endloop
  endfacet
  facet normal -0.793486 -0.608589 0
    outer loop
      vertex -10.0318 6.49288 14
      vertex -9.96597 6.40705 0
      vertex -9.96597 6.40705 14
    endloop
  endfacet
  facet normal -0.991443 0.130543 0
    outer loop
      vertex -10.0459 5.8 0
      vertex -9.96597 6.40705 14
      vertex -9.96597 6.40705 0
    endloop
  endfacet
  facet normal -0.991443 0.130543 0
    outer loop
      vertex -9.96597 6.40705 14
      vertex -10.0459 5.8 0
      vertex -10.0459 5.8 14
    endloop
  endfacet
  facet normal -0.130602 0.991435 0
    outer loop
      vertex -11.5775 2.51654 0
      vertex -11.7376 2.49545 14
      vertex -11.5775 2.51654 14
    endloop
  endfacet
  facet normal -0.130602 0.991435 0
    outer loop
      vertex -11.7376 2.49545 14
      vertex -11.5775 2.51654 0
      vertex -11.7376 2.49545 0
    endloop
  endfacet
  facet normal -0.793303 0.608826 0
    outer loop
      vertex -11.5775 2.51654 0
      vertex -11.2047 3.0023 14
      vertex -11.2047 3.0023 0
    endloop
  endfacet
  facet normal -0.793303 0.608826 0
    outer loop
      vertex -11.2047 3.0023 14
      vertex -11.5775 2.51654 0
      vertex -11.5775 2.51654 14
    endloop
  endfacet
  facet normal -0.609026 -0.79315 0
    outer loop
      vertex -11.3575 3.66526 0
      vertex -11.2847 3.60936 14
      vertex -11.3575 3.66526 14
    endloop
  endfacet
  facet normal -0.609026 -0.79315 -0
    outer loop
      vertex -11.2847 3.60936 14
      vertex -11.3575 3.66526 0
      vertex -11.2847 3.60936 0
    endloop
  endfacet
  facet normal -0.991428 -0.130653 0
    outer loop
      vertex -11.2047 3.0023 0
      vertex -11.2847 3.60936 14
      vertex -11.2847 3.60936 0
    endloop
  endfacet
  facet normal -0.991428 -0.130653 0
    outer loop
      vertex -11.2847 3.60936 14
      vertex -11.2047 3.0023 0
      vertex -11.2047 3.0023 14
    endloop
  endfacet
  facet normal -0.382676 0.923883 0
    outer loop
      vertex -11.8343 -0.565685 0
      vertex -11.9361 -0.607851 14
      vertex -11.8343 -0.565685 14
    endloop
  endfacet
  facet normal -0.382676 0.923883 0
    outer loop
      vertex -11.9361 -0.607851 14
      vertex -11.8343 -0.565685 0
      vertex -11.9361 -0.607851 0
    endloop
  endfacet
  facet normal -0.923888 0.382663 0
    outer loop
      vertex -11.8343 -0.565685 0
      vertex -11.6 0 14
      vertex -11.6 0 0
    endloop
  endfacet
  facet normal -0.923888 0.382663 0
    outer loop
      vertex -11.6 0 14
      vertex -11.8343 -0.565685 0
      vertex -11.8343 -0.565685 14
    endloop
  endfacet
  facet normal -0.923888 -0.382663 0
    outer loop
      vertex -11.6 0 0
      vertex -11.8343 0.565685 14
      vertex -11.8343 0.565685 0
    endloop
  endfacet
  facet normal -0.923888 -0.382663 0
    outer loop
      vertex -11.8343 0.565685 14
      vertex -11.6 0 0
      vertex -11.6 0 14
    endloop
  endfacet
  facet normal -0.382676 -0.923883 0
    outer loop
      vertex -11.9361 0.607851 0
      vertex -11.8343 0.565685 14
      vertex -11.9361 0.607851 14
    endloop
  endfacet
  facet normal -0.382676 -0.923883 -0
    outer loop
      vertex -11.8343 0.565685 14
      vertex -11.9361 0.607851 0
      vertex -11.8343 0.565685 0
    endloop
  endfacet
  facet normal -0.609026 0.79315 0
    outer loop
      vertex -11.2847 -3.60936 0
      vertex -11.3575 -3.66526 14
      vertex -11.2847 -3.60936 14
    endloop
  endfacet
  facet normal -0.609026 0.79315 0
    outer loop
      vertex -11.3575 -3.66526 14
      vertex -11.2847 -3.60936 0
      vertex -11.3575 -3.66526 0
    endloop
  endfacet
  facet normal -0.991428 0.130653 0
    outer loop
      vertex -11.2847 -3.60936 0
      vertex -11.2047 -3.0023 14
      vertex -11.2047 -3.0023 0
    endloop
  endfacet
  facet normal -0.991428 0.130653 0
    outer loop
      vertex -11.2047 -3.0023 14
      vertex -11.2847 -3.60936 0
      vertex -11.2847 -3.60936 14
    endloop
  endfacet
  facet normal -0.130602 -0.991435 0
    outer loop
      vertex -11.7376 -2.49545 0
      vertex -11.5775 -2.51654 14
      vertex -11.7376 -2.49545 14
    endloop
  endfacet
  facet normal -0.130602 -0.991435 -0
    outer loop
      vertex -11.5775 -2.51654 14
      vertex -11.7376 -2.49545 0
      vertex -11.5775 -2.51654 0
    endloop
  endfacet
  facet normal -0.793303 -0.608826 0
    outer loop
      vertex -11.2047 -3.0023 0
      vertex -11.5775 -2.51654 14
      vertex -11.5775 -2.51654 0
    endloop
  endfacet
  facet normal -0.793303 -0.608826 0
    outer loop
      vertex -11.5775 -2.51654 14
      vertex -11.2047 -3.0023 0
      vertex -11.2047 -3.0023 14
    endloop
  endfacet
  facet normal -0.793486 0.608589 0
    outer loop
      vertex -10.0318 -6.49288 0
      vertex -9.96597 -6.40705 14
      vertex -9.96597 -6.40705 0
    endloop
  endfacet
  facet normal -0.793486 0.608589 0
    outer loop
      vertex -9.96597 -6.40705 14
      vertex -10.0318 -6.49288 0
      vertex -10.0318 -6.49288 14
    endloop
  endfacet
  facet normal -0.991443 -0.130543 0
    outer loop
      vertex -9.96597 -6.40705 0
      vertex -10.0459 -5.8 14
      vertex -10.0459 -5.8 0
    endloop
  endfacet
  facet normal -0.991443 -0.130543 0
    outer loop
      vertex -10.0459 -5.8 14
      vertex -9.96597 -6.40705 0
      vertex -9.96597 -6.40705 14
    endloop
  endfacet
  facet normal 0.130588 -0.991437 0
    outer loop
      vertex -10.6389 -5.44138 0
      vertex -10.5317 -5.42726 14
      vertex -10.6389 -5.44138 14
    endloop
  endfacet
  facet normal 0.130588 -0.991437 0
    outer loop
      vertex -10.5317 -5.42726 14
      vertex -10.6389 -5.44138 0
      vertex -10.5317 -5.42726 0
    endloop
  endfacet
  facet normal -0.608733 -0.793375 0
    outer loop
      vertex -10.5317 -5.42726 0
      vertex -10.0459 -5.8 14
      vertex -10.5317 -5.42726 14
    endloop
  endfacet
  facet normal -0.608733 -0.793375 -0
    outer loop
      vertex -10.0459 -5.8 14
      vertex -10.5317 -5.42726 0
      vertex -10.0459 -5.8 0
    endloop
  endfacet
  facet normal -0.923868 0.382711 0
    outer loop
      vertex -8.02993 -8.91733 0
      vertex -7.96812 -8.76812 14
      vertex -7.96812 -8.76812 0
    endloop
  endfacet
  facet normal -0.923868 0.382711 0
    outer loop
      vertex -7.96812 -8.76812 14
      vertex -8.02993 -8.91733 0
      vertex -8.02993 -8.91733 14
    endloop
  endfacet
  facet normal -0.923875 -0.382694 0
    outer loop
      vertex -7.96812 -8.76812 0
      vertex -8.20244 -8.20244 14
      vertex -8.20244 -8.20244 0
    endloop
  endfacet
  facet normal -0.923875 -0.382694 0
    outer loop
      vertex -8.20244 -8.20244 14
      vertex -7.96812 -8.76812 0
      vertex -7.96812 -8.76812 14
    endloop
  endfacet
  facet normal 0.382666 -0.923887 0
    outer loop
      vertex -8.85296 -8.00326 0
      vertex -8.76812 -7.96812 14
      vertex -8.85296 -8.00326 14
    endloop
  endfacet
  facet normal 0.382666 -0.923887 0
    outer loop
      vertex -8.76812 -7.96812 14
      vertex -8.85296 -8.00326 0
      vertex -8.76812 -7.96812 0
    endloop
  endfacet
  facet normal -0.382694 -0.923875 0
    outer loop
      vertex -8.76812 -7.96812 0
      vertex -8.20244 -8.20244 14
      vertex -8.76812 -7.96812 14
    endloop
  endfacet
  facet normal -0.382694 -0.923875 -0
    outer loop
      vertex -8.20244 -8.20244 14
      vertex -8.76812 -7.96812 0
      vertex -8.20244 -8.20244 0
    endloop
  endfacet
  facet normal -0.130543 -0.991443 0
    outer loop
      vertex -6.40705 -9.96597 0
      vertex -5.8 -10.0459 14
      vertex -6.40705 -9.96597 14
    endloop
  endfacet
  facet normal -0.130543 -0.991443 -0
    outer loop
      vertex -5.8 -10.0459 14
      vertex -6.40705 -9.96597 0
      vertex -5.8 -10.0459 0
    endloop
  endfacet
  facet normal -0.991441 0.130558 0
    outer loop
      vertex -5.44164 -10.6409 0
      vertex -5.42726 -10.5317 14
      vertex -5.42726 -10.5317 0
    endloop
  endfacet
  facet normal -0.991441 0.130558 0
    outer loop
      vertex -5.42726 -10.5317 14
      vertex -5.44164 -10.6409 0
      vertex -5.44164 -10.6409 14
    endloop
  endfacet
  facet normal -0.793375 -0.608733 0
    outer loop
      vertex -5.42726 -10.5317 0
      vertex -5.8 -10.0459 14
      vertex -5.8 -10.0459 0
    endloop
  endfacet
  facet normal -0.793375 -0.608733 0
    outer loop
      vertex -5.8 -10.0459 14
      vertex -5.42726 -10.5317 0
      vertex -5.42726 -10.5317 14
    endloop
  endfacet
  facet normal 0.609048 -0.793133 0
    outer loop
      vertex -6.49447 -10.0331 0
      vertex -6.40705 -9.96597 14
      vertex -6.49447 -10.0331 14
    endloop
  endfacet
  facet normal 0.609048 -0.793133 0
    outer loop
      vertex -6.40705 -9.96597 14
      vertex -6.49447 -10.0331 0
      vertex -6.40705 -9.96597 0
    endloop
  endfacet
  facet normal -0.991431 -0.130629 0
    outer loop
      vertex -2.50455 -11.6685 0
      vertex -2.51654 -11.5775 14
      vertex -2.51654 -11.5775 0
    endloop
  endfacet
  facet normal -0.991431 -0.130629 0
    outer loop
      vertex -2.51654 -11.5775 14
      vertex -2.50455 -11.6685 0
      vertex -2.50455 -11.6685 14
    endloop
  endfacet
  facet normal -0.608826 -0.793303 0
    outer loop
      vertex -3.0023 -11.2047 0
      vertex -2.51654 -11.5775 14
      vertex -3.0023 -11.2047 14
    endloop
  endfacet
  facet normal -0.608826 -0.793303 -0
    outer loop
      vertex -2.51654 -11.5775 14
      vertex -3.0023 -11.2047 0
      vertex -2.51654 -11.5775 0
    endloop
  endfacet
  facet normal 0.793307 -0.608822 0
    outer loop
      vertex -3.70767 -11.4128 14
      vertex -3.60936 -11.2847 0
      vertex -3.60936 -11.2847 14
    endloop
  endfacet
  facet normal 0.793307 -0.608822 0
    outer loop
      vertex -3.60936 -11.2847 0
      vertex -3.70767 -11.4128 14
      vertex -3.70767 -11.4128 0
    endloop
  endfacet
  facet normal 0.130653 -0.991428 0
    outer loop
      vertex -3.60936 -11.2847 0
      vertex -3.0023 -11.2047 14
      vertex -3.60936 -11.2847 14
    endloop
  endfacet
  facet normal 0.130653 -0.991428 0
    outer loop
      vertex -3.0023 -11.2047 14
      vertex -3.60936 -11.2847 0
      vertex -3.0023 -11.2047 0
    endloop
  endfacet
  facet normal -0.923949 -0.382515 0
    outer loop
      vertex 0.607085 -11.9343 0
      vertex 0.565685 -11.8343 14
      vertex 0.565685 -11.8343 0
    endloop
  endfacet
  facet normal -0.923949 -0.382515 0
    outer loop
      vertex 0.565685 -11.8343 14
      vertex 0.607085 -11.9343 0
      vertex 0.607085 -11.9343 14
    endloop
  endfacet
  facet normal -0.382663 -0.923888 0
    outer loop
      vertex 0 -11.6 0
      vertex 0.565685 -11.8343 14
      vertex 0 -11.6 14
    endloop
  endfacet
  facet normal -0.382663 -0.923888 -0
    outer loop
      vertex 0.565685 -11.8343 14
      vertex 0 -11.6 0
      vertex 0.565685 -11.8343 0
    endloop
  endfacet
  facet normal 0.923949 -0.382515 0
    outer loop
      vertex -0.607085 -11.9343 14
      vertex -0.565685 -11.8343 0
      vertex -0.565685 -11.8343 14
    endloop
  endfacet
  facet normal 0.923949 -0.382515 0
    outer loop
      vertex -0.565685 -11.8343 0
      vertex -0.607085 -11.9343 14
      vertex -0.607085 -11.9343 0
    endloop
  endfacet
  facet normal 0.382663 -0.923888 0
    outer loop
      vertex -0.565685 -11.8343 0
      vertex 0 -11.6 14
      vertex -0.565685 -11.8343 14
    endloop
  endfacet
  facet normal 0.382663 -0.923888 0
    outer loop
      vertex 0 -11.6 14
      vertex -0.565685 -11.8343 0
      vertex 0 -11.6 0
    endloop
  endfacet
  facet normal -0.793307 -0.608822 0
    outer loop
      vertex 3.70767 -11.4128 0
      vertex 3.60936 -11.2847 14
      vertex 3.60936 -11.2847 0
    endloop
  endfacet
  facet normal -0.793307 -0.608822 0
    outer loop
      vertex 3.60936 -11.2847 14
      vertex 3.70767 -11.4128 0
      vertex 3.70767 -11.4128 14
    endloop
  endfacet
  facet normal -0.130653 -0.991428 0
    outer loop
      vertex 3.0023 -11.2047 0
      vertex 3.60936 -11.2847 14
      vertex 3.0023 -11.2047 14
    endloop
  endfacet
  facet normal -0.130653 -0.991428 -0
    outer loop
      vertex 3.60936 -11.2847 14
      vertex 3.0023 -11.2047 0
      vertex 3.60936 -11.2847 0
    endloop
  endfacet
  facet normal 0.991431 -0.130629 0
    outer loop
      vertex 2.50455 -11.6685 14
      vertex 2.51654 -11.5775 0
      vertex 2.51654 -11.5775 14
    endloop
  endfacet
  facet normal 0.991431 -0.130629 0
    outer loop
      vertex 2.51654 -11.5775 0
      vertex 2.50455 -11.6685 14
      vertex 2.50455 -11.6685 0
    endloop
  endfacet
  facet normal 0.608826 -0.793303 0
    outer loop
      vertex 2.51654 -11.5775 0
      vertex 3.0023 -11.2047 14
      vertex 2.51654 -11.5775 14
    endloop
  endfacet
  facet normal 0.608826 -0.793303 0
    outer loop
      vertex 3.0023 -11.2047 14
      vertex 2.51654 -11.5775 0
      vertex 3.0023 -11.2047 0
    endloop
  endfacet
  facet normal -0.609048 -0.793133 0
    outer loop
      vertex 6.40705 -9.96597 0
      vertex 6.49447 -10.0331 14
      vertex 6.40705 -9.96597 14
    endloop
  endfacet
  facet normal -0.609048 -0.793133 -0
    outer loop
      vertex 6.49447 -10.0331 14
      vertex 6.40705 -9.96597 0
      vertex 6.49447 -10.0331 0
    endloop
  endfacet
  facet normal 0.130543 -0.991443 0
    outer loop
      vertex 5.8 -10.0459 0
      vertex 6.40705 -9.96597 14
      vertex 5.8 -10.0459 14
    endloop
  endfacet
  facet normal 0.130543 -0.991443 0
    outer loop
      vertex 6.40705 -9.96597 14
      vertex 5.8 -10.0459 0
      vertex 6.40705 -9.96597 0
    endloop
  endfacet
  facet normal 0.991441 0.130558 0
    outer loop
      vertex 5.44164 -10.6409 14
      vertex 5.42726 -10.5317 0
      vertex 5.42726 -10.5317 14
    endloop
  endfacet
  facet normal 0.991441 0.130558 0
    outer loop
      vertex 5.42726 -10.5317 0
      vertex 5.44164 -10.6409 14
      vertex 5.44164 -10.6409 0
    endloop
  endfacet
  facet normal 0.793375 -0.608733 0
    outer loop
      vertex 5.42726 -10.5317 14
      vertex 5.8 -10.0459 0
      vertex 5.8 -10.0459 14
    endloop
  endfacet
  facet normal 0.793375 -0.608733 0
    outer loop
      vertex 5.8 -10.0459 0
      vertex 5.42726 -10.5317 14
      vertex 5.42726 -10.5317 0
    endloop
  endfacet
  facet normal -0.382666 -0.923887 0
    outer loop
      vertex 8.76812 -7.96812 0
      vertex 8.85296 -8.00326 14
      vertex 8.76812 -7.96812 14
    endloop
  endfacet
  facet normal -0.382666 -0.923887 -0
    outer loop
      vertex 8.85296 -8.00326 14
      vertex 8.76812 -7.96812 0
      vertex 8.85296 -8.00326 0
    endloop
  endfacet
  facet normal 0.382694 -0.923875 0
    outer loop
      vertex 8.20244 -8.20244 0
      vertex 8.76812 -7.96812 14
      vertex 8.20244 -8.20244 14
    endloop
  endfacet
  facet normal 0.382694 -0.923875 0
    outer loop
      vertex 8.76812 -7.96812 14
      vertex 8.20244 -8.20244 0
      vertex 8.76812 -7.96812 0
    endloop
  endfacet
  facet normal 0.923875 -0.382694 0
    outer loop
      vertex 7.96812 -8.76812 14
      vertex 8.20244 -8.20244 0
      vertex 8.20244 -8.20244 14
    endloop
  endfacet
  facet normal 0.923875 -0.382694 0
    outer loop
      vertex 8.20244 -8.20244 0
      vertex 7.96812 -8.76812 14
      vertex 7.96812 -8.76812 0
    endloop
  endfacet
  facet normal 0.923868 0.382711 0
    outer loop
      vertex 8.02993 -8.91733 14
      vertex 7.96812 -8.76812 0
      vertex 7.96812 -8.76812 14
    endloop
  endfacet
  facet normal 0.923868 0.382711 0
    outer loop
      vertex 7.96812 -8.76812 0
      vertex 8.02993 -8.91733 14
      vertex 8.02993 -8.91733 0
    endloop
  endfacet
  facet normal 0.991443 -0.130543 0
    outer loop
      vertex 9.96597 -6.40705 14
      vertex 10.0459 -5.8 0
      vertex 10.0459 -5.8 14
    endloop
  endfacet
  facet normal 0.991443 -0.130543 0
    outer loop
      vertex 10.0459 -5.8 0
      vertex 9.96597 -6.40705 14
      vertex 9.96597 -6.40705 0
    endloop
  endfacet
  facet normal -0.130588 -0.991437 0
    outer loop
      vertex 10.5317 -5.42726 0
      vertex 10.6389 -5.44138 14
      vertex 10.5317 -5.42726 14
    endloop
  endfacet
  facet normal -0.130588 -0.991437 -0
    outer loop
      vertex 10.6389 -5.44138 14
      vertex 10.5317 -5.42726 0
      vertex 10.6389 -5.44138 0
    endloop
  endfacet
  facet normal 0.608733 -0.793375 0
    outer loop
      vertex 10.0459 -5.8 0
      vertex 10.5317 -5.42726 14
      vertex 10.0459 -5.8 14
    endloop
  endfacet
  facet normal 0.608733 -0.793375 0
    outer loop
      vertex 10.5317 -5.42726 14
      vertex 10.0459 -5.8 0
      vertex 10.5317 -5.42726 0
    endloop
  endfacet
  facet normal 0.793486 0.608589 0
    outer loop
      vertex 10.0318 -6.49288 14
      vertex 9.96597 -6.40705 0
      vertex 9.96597 -6.40705 14
    endloop
  endfacet
  facet normal 0.793486 0.608589 0
    outer loop
      vertex 9.96597 -6.40705 0
      vertex 10.0318 -6.49288 14
      vertex 10.0318 -6.49288 0
    endloop
  endfacet
  facet normal 0.130602 -0.991435 0
    outer loop
      vertex 11.5775 -2.51654 0
      vertex 11.7376 -2.49545 14
      vertex 11.5775 -2.51654 14
    endloop
  endfacet
  facet normal 0.130602 -0.991435 0
    outer loop
      vertex 11.7376 -2.49545 14
      vertex 11.5775 -2.51654 0
      vertex 11.7376 -2.49545 0
    endloop
  endfacet
  facet normal 0.793303 -0.608826 0
    outer loop
      vertex 11.2047 -3.0023 14
      vertex 11.5775 -2.51654 0
      vertex 11.5775 -2.51654 14
    endloop
  endfacet
  facet normal 0.793303 -0.608826 0
    outer loop
      vertex 11.5775 -2.51654 0
      vertex 11.2047 -3.0023 14
      vertex 11.2047 -3.0023 0
    endloop
  endfacet
  facet normal 0.609026 0.79315 -0
    outer loop
      vertex 11.3575 -3.66526 0
      vertex 11.2847 -3.60936 14
      vertex 11.3575 -3.66526 14
    endloop
  endfacet
  facet normal 0.609026 0.79315 0
    outer loop
      vertex 11.2847 -3.60936 14
      vertex 11.3575 -3.66526 0
      vertex 11.2847 -3.60936 0
    endloop
  endfacet
  facet normal 0.991428 0.130653 0
    outer loop
      vertex 11.2847 -3.60936 14
      vertex 11.2047 -3.0023 0
      vertex 11.2047 -3.0023 14
    endloop
  endfacet
  facet normal 0.991428 0.130653 0
    outer loop
      vertex 11.2047 -3.0023 0
      vertex 11.2847 -3.60936 14
      vertex 11.2847 -3.60936 0
    endloop
  endfacet
  facet normal -0.989176 -0.146736 0
    outer loop
      vertex 3.08507 0.303853 0
      vertex 3.04043 0.604779 10.99
      vertex 3.04043 0.604779 0
    endloop
  endfacet
  facet normal -0.989176 -0.146736 0
    outer loop
      vertex 3.04043 0.604779 10.99
      vertex 3.08507 0.303853 0
      vertex 3.08507 0.303853 10.99
    endloop
  endfacet
  facet normal -0.998795 -0.0490764 0
    outer loop
      vertex 3.1 0 0
      vertex 3.08507 0.303853 10.99
      vertex 3.08507 0.303853 0
    endloop
  endfacet
  facet normal -0.998795 -0.0490764 0
    outer loop
      vertex 3.08507 0.303853 10.99
      vertex 3.1 0 0
      vertex 3.1 0 10.99
    endloop
  endfacet
  facet normal -0.970031 -0.242982 0
    outer loop
      vertex 3.04043 0.604779 0
      vertex 2.96651 0.899882 10.99
      vertex 2.96651 0.899882 0
    endloop
  endfacet
  facet normal -0.970031 -0.242982 0
    outer loop
      vertex 2.96651 0.899882 10.99
      vertex 3.04043 0.604779 0
      vertex 3.04043 0.604779 10.99
    endloop
  endfacet
  facet normal 0.427555 -0.903989 0
    outer loop
      vertex -1.46133 2.73396 0
      vertex -1.18632 2.86403 10.99
      vertex -1.46133 2.73396 10.99
    endloop
  endfacet
  facet normal 0.427555 -0.903989 0
    outer loop
      vertex -1.18632 2.86403 10.99
      vertex -1.46133 2.73396 0
      vertex -1.18632 2.86403 0
    endloop
  endfacet
  facet normal -0.514099 -0.857731 0
    outer loop
      vertex 1.46133 2.73396 0
      vertex 1.72227 2.57756 10.99
      vertex 1.46133 2.73396 10.99
    endloop
  endfacet
  facet normal -0.514099 -0.857731 -0
    outer loop
      vertex 1.72227 2.57756 10.99
      vertex 1.46133 2.73396 0
      vertex 1.72227 2.57756 0
    endloop
  endfacet
  facet normal 0.0490764 -0.998795 0
    outer loop
      vertex -0.303853 3.08507 0
      vertex 0 3.1 10.99
      vertex -0.303853 3.08507 10.99
    endloop
  endfacet
  facet normal 0.0490764 -0.998795 0
    outer loop
      vertex 0 3.1 10.99
      vertex -0.303853 3.08507 0
      vertex 0 3.1 0
    endloop
  endfacet
  facet normal -0.941554 -0.336863 0
    outer loop
      vertex 2.96651 0.899882 0
      vertex 2.86403 1.18632 10.99
      vertex 2.86403 1.18632 0
    endloop
  endfacet
  facet normal -0.941554 -0.336863 0
    outer loop
      vertex 2.86403 1.18632 10.99
      vertex 2.96651 0.899882 0
      vertex 2.96651 0.899882 10.99
    endloop
  endfacet
  facet normal -0.941554 0.336863 0
    outer loop
      vertex 2.86403 -1.18632 0
      vertex 2.96651 -0.899882 10.99
      vertex 2.96651 -0.899882 0
    endloop
  endfacet
  facet normal -0.941554 0.336863 0
    outer loop
      vertex 2.96651 -0.899882 10.99
      vertex 2.86403 -1.18632 0
      vertex 2.86403 -1.18632 10.99
    endloop
  endfacet
  facet normal 0.857718 0.51412 0
    outer loop
      vertex -2.5909 -1.7 10.99
      vertex -2.73396 -1.46133 0
      vertex -2.73396 -1.46133 10.99
    endloop
  endfacet
  facet normal 0.857718 0.51412 0
    outer loop
      vertex -2.73396 -1.46133 0
      vertex -2.5909 -1.7 10.99
      vertex -2.5909 -1.7 0
    endloop
  endfacet
  facet normal -0.998795 0.0490764 0
    outer loop
      vertex 3.08507 -0.303853 0
      vertex 3.1 0 10.99
      vertex 3.1 0 0
    endloop
  endfacet
  facet normal -0.998795 0.0490764 0
    outer loop
      vertex 3.1 0 10.99
      vertex 3.08507 -0.303853 0
      vertex 3.08507 -0.303853 10.99
    endloop
  endfacet
  facet normal 0.989176 0.146736 0
    outer loop
      vertex -3.04043 -0.604779 10.99
      vertex -3.08507 -0.303853 0
      vertex -3.08507 -0.303853 10.99
    endloop
  endfacet
  facet normal 0.989176 0.146736 0
    outer loop
      vertex -3.08507 -0.303853 0
      vertex -3.04043 -0.604779 10.99
      vertex -3.04043 -0.604779 0
    endloop
  endfacet
  facet normal 0.595716 -0.803195 0
    outer loop
      vertex -1.96662 2.39633 0
      vertex -1.72227 2.57756 10.99
      vertex -1.96662 2.39633 10.99
    endloop
  endfacet
  facet normal 0.595716 -0.803195 0
    outer loop
      vertex -1.72227 2.57756 10.99
      vertex -1.96662 2.39633 0
      vertex -1.72227 2.57756 0
    endloop
  endfacet
  facet normal -0.595716 -0.803195 0
    outer loop
      vertex 1.72227 2.57756 0
      vertex 1.96662 2.39633 10.99
      vertex 1.72227 2.57756 10.99
    endloop
  endfacet
  facet normal -0.595716 -0.803195 -0
    outer loop
      vertex 1.96662 2.39633 10.99
      vertex 1.72227 2.57756 0
      vertex 1.96662 2.39633 0
    endloop
  endfacet
  facet normal 0.941554 0.336863 0
    outer loop
      vertex -2.86403 -1.18632 10.99
      vertex -2.96651 -0.899882 0
      vertex -2.96651 -0.899882 10.99
    endloop
  endfacet
  facet normal 0.941554 0.336863 0
    outer loop
      vertex -2.96651 -0.899882 0
      vertex -2.86403 -1.18632 10.99
      vertex -2.86403 -1.18632 0
    endloop
  endfacet
  facet normal -0.989176 0.146736 0
    outer loop
      vertex 3.04043 -0.604779 0
      vertex 3.08507 -0.303853 10.99
      vertex 3.08507 -0.303853 0
    endloop
  endfacet
  facet normal -0.989176 0.146736 0
    outer loop
      vertex 3.08507 -0.303853 10.99
      vertex 3.04043 -0.604779 0
      vertex 3.04043 -0.604779 10.99
    endloop
  endfacet
  facet normal 0.857731 -0.514099 0
    outer loop
      vertex -2.73396 1.46133 10.99
      vertex -2.57756 1.72227 0
      vertex -2.57756 1.72227 10.99
    endloop
  endfacet
  facet normal 0.857731 -0.514099 0
    outer loop
      vertex -2.57756 1.72227 0
      vertex -2.73396 1.46133 10.99
      vertex -2.73396 1.46133 0
    endloop
  endfacet
  facet normal -0.970031 0.242982 0
    outer loop
      vertex 2.96651 -0.899882 0
      vertex 3.04043 -0.604779 10.99
      vertex 3.04043 -0.604779 0
    endloop
  endfacet
  facet normal -0.970031 0.242982 0
    outer loop
      vertex 3.04043 -0.604779 10.99
      vertex 2.96651 -0.899882 0
      vertex 2.96651 -0.899882 10.99
    endloop
  endfacet
  facet normal 0 0 -1
    outer loop
      vertex 3.08507 -0.303853 10.99
      vertex 3.08507 0.303853 10.99
      vertex 3.1 0 10.99
    endloop
  endfacet
  facet normal 0 0 -1
    outer loop
      vertex 3.04043 -0.604779 10.99
      vertex 3.08507 0.303853 10.99
      vertex 3.08507 -0.303853 10.99
    endloop
  endfacet
  facet normal 0 0 -1
    outer loop
      vertex 3.04043 -0.604779 10.99
      vertex 3.04043 0.604779 10.99
      vertex 3.08507 0.303853 10.99
    endloop
  endfacet
  facet normal 0 0 -1
    outer loop
      vertex 2.96651 -0.899882 10.99
      vertex 3.04043 0.604779 10.99
      vertex 3.04043 -0.604779 10.99
    endloop
  endfacet
  facet normal 0 0 -1
    outer loop
      vertex 2.96651 -0.899882 10.99
      vertex 2.96651 0.899882 10.99
      vertex 3.04043 0.604779 10.99
    endloop
  endfacet
  facet normal 0 0 -1
    outer loop
      vertex 2.86403 -1.18632 10.99
      vertex 2.96651 0.899882 10.99
      vertex 2.96651 -0.899882 10.99
    endloop
  endfacet
  facet normal 0 0 -1
    outer loop
      vertex 2.86403 -1.18632 10.99
      vertex 2.86403 1.18632 10.99
      vertex 2.96651 0.899882 10.99
    endloop
  endfacet
  facet normal 0 0 -1
    outer loop
      vertex 2.73396 -1.46133 10.99
      vertex 2.86403 1.18632 10.99
      vertex 2.86403 -1.18632 10.99
    endloop
  endfacet
  facet normal 0 0 -1
    outer loop
      vertex 2.73396 -1.46133 10.99
      vertex 2.73396 1.46133 10.99
      vertex 2.86403 1.18632 10.99
    endloop
  endfacet
  facet normal 0 0 -1
    outer loop
      vertex 2.5909 -1.7 10.99
      vertex 2.73396 1.46133 10.99
      vertex 2.73396 -1.46133 10.99
    endloop
  endfacet
  facet normal 0 0 -1
    outer loop
      vertex 2.5909 -1.7 10.99
      vertex 2.57756 1.72227 10.99
      vertex 2.73396 1.46133 10.99
    endloop
  endfacet
  facet normal 0 0 -1
    outer loop
      vertex 2.5909 -1.7 10.99
      vertex 2.39633 1.96662 10.99
      vertex 2.57756 1.72227 10.99
    endloop
  endfacet
  facet normal 0 0 -1
    outer loop
      vertex 2.5909 -1.7 10.99
      vertex 2.19203 2.19203 10.99
      vertex 2.39633 1.96662 10.99
    endloop
  endfacet
  facet normal 0 0 -1
    outer loop
      vertex 2.5909 -1.7 10.99
      vertex 1.96662 2.39633 10.99
      vertex 2.19203 2.19203 10.99
    endloop
  endfacet
  facet normal 0 0 -1
    outer loop
      vertex 2.5909 -1.7 10.99
      vertex 1.72227 2.57756 10.99
      vertex 1.96662 2.39633 10.99
    endloop
  endfacet
  facet normal 0 0 -1
    outer loop
      vertex 2.5909 -1.7 10.99
      vertex 1.46133 2.73396 10.99
      vertex 1.72227 2.57756 10.99
    endloop
  endfacet
  facet normal 0 0 -1
    outer loop
      vertex 2.5909 -1.7 10.99
      vertex 1.18632 2.86403 10.99
      vertex 1.46133 2.73396 10.99
    endloop
  endfacet
  facet normal 0 0 -1
    outer loop
      vertex 2.5909 -1.7 10.99
      vertex 0.899882 2.96651 10.99
      vertex 1.18632 2.86403 10.99
    endloop
  endfacet
  facet normal 0 0 -1
    outer loop
      vertex 2.5909 -1.7 10.99
      vertex 0.604779 3.04043 10.99
      vertex 0.899882 2.96651 10.99
    endloop
  endfacet
  facet normal 0 0 -1
    outer loop
      vertex 2.5909 -1.7 10.99
      vertex 0.303853 3.08507 10.99
      vertex 0.604779 3.04043 10.99
    endloop
  endfacet
  facet normal 0 0 -1
    outer loop
      vertex 2.5909 -1.7 10.99
      vertex 0 3.1 10.99
      vertex 0.303853 3.08507 10.99
    endloop
  endfacet
  facet normal 0 0 -1
    outer loop
      vertex 2.5909 -1.7 10.99
      vertex -0.303853 3.08507 10.99
      vertex 0 3.1 10.99
    endloop
  endfacet
  facet normal 0 0 -1
    outer loop
      vertex 2.5909 -1.7 10.99
      vertex -0.604779 3.04043 10.99
      vertex -0.303853 3.08507 10.99
    endloop
  endfacet
  facet normal 0 0 -1
    outer loop
      vertex 2.5909 -1.7 10.99
      vertex -0.899882 2.96651 10.99
      vertex -0.604779 3.04043 10.99
    endloop
  endfacet
  facet normal 0 0 -1
    outer loop
      vertex 2.5909 -1.7 10.99
      vertex -1.18632 2.86403 10.99
      vertex -0.899882 2.96651 10.99
    endloop
  endfacet
  facet normal 0 0 -1
    outer loop
      vertex 2.5909 -1.7 10.99
      vertex -1.46133 2.73396 10.99
      vertex -1.18632 2.86403 10.99
    endloop
  endfacet
  facet normal 0 0 -1
    outer loop
      vertex 2.5909 -1.7 10.99
      vertex -1.72227 2.57756 10.99
      vertex -1.46133 2.73396 10.99
    endloop
  endfacet
  facet normal 0 0 -1
    outer loop
      vertex 2.5909 -1.7 10.99
      vertex -1.96662 2.39633 10.99
      vertex -1.72227 2.57756 10.99
    endloop
  endfacet
  facet normal 0 0 -1
    outer loop
      vertex 2.5909 -1.7 10.99
      vertex -2.19203 2.19203 10.99
      vertex -1.96662 2.39633 10.99
    endloop
  endfacet
  facet normal 0 0 -1
    outer loop
      vertex 2.5909 -1.7 10.99
      vertex -2.39633 1.96662 10.99
      vertex -2.19203 2.19203 10.99
    endloop
  endfacet
  facet normal 0 0 -1
    outer loop
      vertex 2.5909 -1.7 10.99
      vertex -2.57756 1.72227 10.99
      vertex -2.39633 1.96662 10.99
    endloop
  endfacet
  facet normal 0 0 -1
    outer loop
      vertex -2.5909 -1.7 10.99
      vertex -2.57756 1.72227 10.99
      vertex 2.5909 -1.7 10.99
    endloop
  endfacet
  facet normal 0 0 -1
    outer loop
      vertex -2.73396 -1.46133 10.99
      vertex -2.57756 1.72227 10.99
      vertex -2.5909 -1.7 10.99
    endloop
  endfacet
  facet normal 0 0 -1
    outer loop
      vertex -2.73396 -1.46133 10.99
      vertex -2.73396 1.46133 10.99
      vertex -2.57756 1.72227 10.99
    endloop
  endfacet
  facet normal 0 0 -1
    outer loop
      vertex -2.86403 -1.18632 10.99
      vertex -2.73396 1.46133 10.99
      vertex -2.73396 -1.46133 10.99
    endloop
  endfacet
  facet normal 0 0 -1
    outer loop
      vertex -2.86403 -1.18632 10.99
      vertex -2.86403 1.18632 10.99
      vertex -2.73396 1.46133 10.99
    endloop
  endfacet
  facet normal 0 0 -1
    outer loop
      vertex -2.96651 -0.899882 10.99
      vertex -2.86403 1.18632 10.99
      vertex -2.86403 -1.18632 10.99
    endloop
  endfacet
  facet normal 0 0 -1
    outer loop
      vertex -2.96651 -0.899882 10.99
      vertex -2.96651 0.899882 10.99
      vertex -2.86403 1.18632 10.99
    endloop
  endfacet
  facet normal 0 0 -1
    outer loop
      vertex -3.04043 -0.604779 10.99
      vertex -2.96651 0.899882 10.99
      vertex -2.96651 -0.899882 10.99
    endloop
  endfacet
  facet normal 0 0 -1
    outer loop
      vertex -3.04043 -0.604779 10.99
      vertex -3.04043 0.604779 10.99
      vertex -2.96651 0.899882 10.99
    endloop
  endfacet
  facet normal 0 0 -1
    outer loop
      vertex -3.08507 -0.303853 10.99
      vertex -3.04043 0.604779 10.99
      vertex -3.04043 -0.604779 10.99
    endloop
  endfacet
  facet normal 0 0 -1
    outer loop
      vertex -3.08507 -0.303853 10.99
      vertex -3.08507 0.303853 10.99
      vertex -3.04043 0.604779 10.99
    endloop
  endfacet
  facet normal 0 -0 -1
    outer loop
      vertex -3.08507 0.303853 10.99
      vertex -3.08507 -0.303853 10.99
      vertex -3.1 0 10.99
    endloop
  endfacet
  facet normal -0.671559 -0.740951 0
    outer loop
      vertex 1.96662 2.39633 0
      vertex 2.19203 2.19203 10.99
      vertex 1.96662 2.39633 10.99
    endloop
  endfacet
  facet normal -0.671559 -0.740951 -0
    outer loop
      vertex 2.19203 2.19203 10.99
      vertex 1.96662 2.39633 0
      vertex 2.19203 2.19203 0
    endloop
  endfacet
  facet normal 0.336863 -0.941554 0
    outer loop
      vertex -1.18632 2.86403 0
      vertex -0.899882 2.96651 10.99
      vertex -1.18632 2.86403 10.99
    endloop
  endfacet
  facet normal 0.336863 -0.941554 0
    outer loop
      vertex -0.899882 2.96651 10.99
      vertex -1.18632 2.86403 0
      vertex -0.899882 2.96651 0
    endloop
  endfacet
  facet normal -0.427555 -0.903989 0
    outer loop
      vertex 1.18632 2.86403 0
      vertex 1.46133 2.73396 10.99
      vertex 1.18632 2.86403 10.99
    endloop
  endfacet
  facet normal -0.427555 -0.903989 -0
    outer loop
      vertex 1.46133 2.73396 10.99
      vertex 1.18632 2.86403 0
      vertex 1.46133 2.73396 0
    endloop
  endfacet
  facet normal 0.998795 -0.0490764 0
    outer loop
      vertex -3.1 0 10.99
      vertex -3.08507 0.303853 0
      vertex -3.08507 0.303853 10.99
    endloop
  endfacet
  facet normal 0.998795 -0.0490764 0
    outer loop
      vertex -3.08507 0.303853 0
      vertex -3.1 0 10.99
      vertex -3.1 0 0
    endloop
  endfacet
  facet normal -0.803195 -0.595716 0
    outer loop
      vertex 2.57756 1.72227 0
      vertex 2.39633 1.96662 10.99
      vertex 2.39633 1.96662 0
    endloop
  endfacet
  facet normal -0.803195 -0.595716 0
    outer loop
      vertex 2.39633 1.96662 10.99
      vertex 2.57756 1.72227 0
      vertex 2.57756 1.72227 10.99
    endloop
  endfacet
  facet normal -0.0490764 -0.998795 0
    outer loop
      vertex 0 3.1 0
      vertex 0.303853 3.08507 10.99
      vertex 0 3.1 10.99
    endloop
  endfacet
  facet normal -0.0490764 -0.998795 -0
    outer loop
      vertex 0.303853 3.08507 10.99
      vertex 0 3.1 0
      vertex 0.303853 3.08507 0
    endloop
  endfacet
  facet normal 0.671559 -0.740951 0
    outer loop
      vertex -2.19203 2.19203 0
      vertex -1.96662 2.39633 10.99
      vertex -2.19203 2.19203 10.99
    endloop
  endfacet
  facet normal 0.671559 -0.740951 0
    outer loop
      vertex -1.96662 2.39633 10.99
      vertex -2.19203 2.19203 0
      vertex -1.96662 2.39633 0
    endloop
  endfacet
  facet normal -0.740951 -0.671559 0
    outer loop
      vertex 2.39633 1.96662 0
      vertex 2.19203 2.19203 10.99
      vertex 2.19203 2.19203 0
    endloop
  endfacet
  facet normal -0.740951 -0.671559 0
    outer loop
      vertex 2.19203 2.19203 10.99
      vertex 2.39633 1.96662 0
      vertex 2.39633 1.96662 10.99
    endloop
  endfacet
  facet normal -0.903989 -0.427555 0
    outer loop
      vertex 2.86403 1.18632 0
      vertex 2.73396 1.46133 10.99
      vertex 2.73396 1.46133 0
    endloop
  endfacet
  facet normal -0.903989 -0.427555 0
    outer loop
      vertex 2.73396 1.46133 10.99
      vertex 2.86403 1.18632 0
      vertex 2.86403 1.18632 10.99
    endloop
  endfacet
  facet normal -0.857718 0.51412 0
    outer loop
      vertex 2.5909 -1.7 0
      vertex 2.73396 -1.46133 10.99
      vertex 2.73396 -1.46133 0
    endloop
  endfacet
  facet normal -0.857718 0.51412 0
    outer loop
      vertex 2.73396 -1.46133 10.99
      vertex 2.5909 -1.7 0
      vertex 2.5909 -1.7 10.99
    endloop
  endfacet
  facet normal -0.336863 -0.941554 0
    outer loop
      vertex 0.899882 2.96651 0
      vertex 1.18632 2.86403 10.99
      vertex 0.899882 2.96651 10.99
    endloop
  endfacet
  facet normal -0.336863 -0.941554 -0
    outer loop
      vertex 1.18632 2.86403 10.99
      vertex 0.899882 2.96651 0
      vertex 1.18632 2.86403 0
    endloop
  endfacet
  facet normal 0.242982 -0.970031 0
    outer loop
      vertex -0.899882 2.96651 0
      vertex -0.604779 3.04043 10.99
      vertex -0.899882 2.96651 10.99
    endloop
  endfacet
  facet normal 0.242982 -0.970031 0
    outer loop
      vertex -0.604779 3.04043 10.99
      vertex -0.899882 2.96651 0
      vertex -0.604779 3.04043 0
    endloop
  endfacet
  facet normal 0.514099 -0.857731 0
    outer loop
      vertex -1.72227 2.57756 0
      vertex -1.46133 2.73396 10.99
      vertex -1.72227 2.57756 10.99
    endloop
  endfacet
  facet normal 0.514099 -0.857731 0
    outer loop
      vertex -1.46133 2.73396 10.99
      vertex -1.72227 2.57756 0
      vertex -1.46133 2.73396 0
    endloop
  endfacet
  facet normal 0.740951 -0.671559 0
    outer loop
      vertex -2.39633 1.96662 10.99
      vertex -2.19203 2.19203 0
      vertex -2.19203 2.19203 10.99
    endloop
  endfacet
  facet normal 0.740951 -0.671559 0
    outer loop
      vertex -2.19203 2.19203 0
      vertex -2.39633 1.96662 10.99
      vertex -2.39633 1.96662 0
    endloop
  endfacet
  facet normal -0.857731 -0.514099 0
    outer loop
      vertex 2.73396 1.46133 0
      vertex 2.57756 1.72227 10.99
      vertex 2.57756 1.72227 0
    endloop
  endfacet
  facet normal -0.857731 -0.514099 0
    outer loop
      vertex 2.57756 1.72227 10.99
      vertex 2.73396 1.46133 0
      vertex 2.73396 1.46133 10.99
    endloop
  endfacet
  facet normal 0.970031 -0.242982 0
    outer loop
      vertex -3.04043 0.604779 10.99
      vertex -2.96651 0.899882 0
      vertex -2.96651 0.899882 10.99
    endloop
  endfacet
  facet normal 0.970031 -0.242982 0
    outer loop
      vertex -2.96651 0.899882 0
      vertex -3.04043 0.604779 10.99
      vertex -3.04043 0.604779 0
    endloop
  endfacet
  facet normal 0.146736 -0.989176 0
    outer loop
      vertex -0.604779 3.04043 0
      vertex -0.303853 3.08507 10.99
      vertex -0.604779 3.04043 10.99
    endloop
  endfacet
  facet normal 0.146736 -0.989176 0
    outer loop
      vertex -0.303853 3.08507 10.99
      vertex -0.604779 3.04043 0
      vertex -0.303853 3.08507 0
    endloop
  endfacet
  facet normal 0.903989 0.427555 0
    outer loop
      vertex -2.73396 -1.46133 10.99
      vertex -2.86403 -1.18632 0
      vertex -2.86403 -1.18632 10.99
    endloop
  endfacet
  facet normal 0.903989 0.427555 0
    outer loop
      vertex -2.86403 -1.18632 0
      vertex -2.73396 -1.46133 10.99
      vertex -2.73396 -1.46133 0
    endloop
  endfacet
  facet normal 0.970031 0.242982 0
    outer loop
      vertex -2.96651 -0.899882 10.99
      vertex -3.04043 -0.604779 0
      vertex -3.04043 -0.604779 10.99
    endloop
  endfacet
  facet normal 0.970031 0.242982 0
    outer loop
      vertex -3.04043 -0.604779 0
      vertex -2.96651 -0.899882 10.99
      vertex -2.96651 -0.899882 0
    endloop
  endfacet
  facet normal 0.989176 -0.146736 0
    outer loop
      vertex -3.08507 0.303853 10.99
      vertex -3.04043 0.604779 0
      vertex -3.04043 0.604779 10.99
    endloop
  endfacet
  facet normal 0.989176 -0.146736 0
    outer loop
      vertex -3.04043 0.604779 0
      vertex -3.08507 0.303853 10.99
      vertex -3.08507 0.303853 0
    endloop
  endfacet
  facet normal -0.242982 -0.970031 0
    outer loop
      vertex 0.604779 3.04043 0
      vertex 0.899882 2.96651 10.99
      vertex 0.604779 3.04043 10.99
    endloop
  endfacet
  facet normal -0.242982 -0.970031 -0
    outer loop
      vertex 0.899882 2.96651 10.99
      vertex 0.604779 3.04043 0
      vertex 0.899882 2.96651 0
    endloop
  endfacet
  facet normal 0.998795 0.0490764 0
    outer loop
      vertex -3.08507 -0.303853 10.99
      vertex -3.1 0 0
      vertex -3.1 0 10.99
    endloop
  endfacet
  facet normal 0.998795 0.0490764 0
    outer loop
      vertex -3.1 0 0
      vertex -3.08507 -0.303853 10.99
      vertex -3.08507 -0.303853 0
    endloop
  endfacet
  facet normal 0.941554 -0.336863 0
    outer loop
      vertex -2.96651 0.899882 10.99
      vertex -2.86403 1.18632 0
      vertex -2.86403 1.18632 10.99
    endloop
  endfacet
  facet normal 0.941554 -0.336863 0
    outer loop
      vertex -2.86403 1.18632 0
      vertex -2.96651 0.899882 10.99
      vertex -2.96651 0.899882 0
    endloop
  endfacet
  facet normal 0.803195 -0.595716 0
    outer loop
      vertex -2.57756 1.72227 10.99
      vertex -2.39633 1.96662 0
      vertex -2.39633 1.96662 10.99
    endloop
  endfacet
  facet normal 0.803195 -0.595716 0
    outer loop
      vertex -2.39633 1.96662 0
      vertex -2.57756 1.72227 10.99
      vertex -2.57756 1.72227 0
    endloop
  endfacet
  facet normal 0.903989 -0.427555 0
    outer loop
      vertex -2.86403 1.18632 10.99
      vertex -2.73396 1.46133 0
      vertex -2.73396 1.46133 10.99
    endloop
  endfacet
  facet normal 0.903989 -0.427555 0
    outer loop
      vertex -2.73396 1.46133 0
      vertex -2.86403 1.18632 10.99
      vertex -2.86403 1.18632 0
    endloop
  endfacet
  facet normal -0.903989 0.427555 0
    outer loop
      vertex 2.73396 -1.46133 0
      vertex 2.86403 -1.18632 10.99
      vertex 2.86403 -1.18632 0
    endloop
  endfacet
  facet normal -0.903989 0.427555 0
    outer loop
      vertex 2.86403 -1.18632 10.99
      vertex 2.73396 -1.46133 0
      vertex 2.73396 -1.46133 10.99
    endloop
  endfacet
  facet normal -0.146736 -0.989176 0
    outer loop
      vertex 0.303853 3.08507 0
      vertex 0.604779 3.04043 10.99
      vertex 0.303853 3.08507 10.99
    endloop
  endfacet
  facet normal -0.146736 -0.989176 -0
    outer loop
      vertex 0.604779 3.04043 10.99
      vertex 0.303853 3.08507 0
      vertex 0.604779 3.04043 0
    endloop
  endfacet
  facet normal 0 1 -0
    outer loop
      vertex 2.5909 -1.7 0
      vertex -2.5909 -1.7 10.99
      vertex 2.5909 -1.7 10.99
    endloop
  endfacet
  facet normal 0 1 0
    outer loop
      vertex -2.5909 -1.7 10.99
      vertex 2.5909 -1.7 0
      vertex -2.5909 -1.7 0
    endloop
  endfacet
endsolid OpenSCAD_Model
