solid OpenSCAD_Model
  facet normal -0.671553 -0.740957 0
    outer loop
      vertex -7.07107 -7.07107 0
      vertex -6.34393 -7.7301 10
      vertex -7.07107 -7.07107 10
    endloop
  endfacet
  facet normal -0.671553 -0.740957 -0
    outer loop
      vertex -6.34393 -7.7301 10
      vertex -7.07107 -7.07107 0
      vertex -6.34393 -7.7301 0
    endloop
  endfacet
  facet normal -0.5141 -0.85773 0
    outer loop
      vertex -5.5557 -8.3147 0
      vertex -4.71397 -8.81921 10
      vertex -5.5557 -8.3147 10
    endloop
  endfacet
  facet normal -0.5141 -0.85773 -0
    outer loop
      vertex -4.71397 -8.81921 10
      vertex -5.5557 -8.3147 0
      vertex -4.71397 -8.81921 0
    endloop
  endfacet
  facet normal 0.671553 0.740957 -0
    outer loop
      vertex 7.07107 7.07107 0
      vertex 6.34393 7.7301 10
      vertex 7.07107 7.07107 10
    endloop
  endfacet
  facet normal 0.671553 0.740957 0
    outer loop
      vertex 6.34393 7.7301 10
      vertex 7.07107 7.07107 0
      vertex 6.34393 7.7301 0
    endloop
  endfacet
  facet normal -0.146736 -0.989176 0
    outer loop
      vertex -1.9509 -9.80785 0
      vertex -0.980171 -9.95185 10
      vertex -1.9509 -9.80785 10
    endloop
  endfacet
  facet normal -0.146736 -0.989176 -0
    outer loop
      vertex -0.980171 -9.95185 10
      vertex -1.9509 -9.80785 0
      vertex -0.980171 -9.95185 0
    endloop
  endfacet
  facet normal 0.740957 0.671553 0
    outer loop
      vertex 7.7301 6.34393 10
      vertex 7.07107 7.07107 0
      vertex 7.07107 7.07107 10
    endloop
  endfacet
  facet normal 0.740957 0.671553 0
    outer loop
      vertex 7.07107 7.07107 0
      vertex 7.7301 6.34393 10
      vertex 7.7301 6.34393 0
    endloop
  endfacet
  facet normal 0.427558 0.903988 -0
    outer loop
      vertex 4.71397 8.81921 0
      vertex 3.82683 9.2388 10
      vertex 4.71397 8.81921 10
    endloop
  endfacet
  facet normal 0.427558 0.903988 0
    outer loop
      vertex 3.82683 9.2388 10
      vertex 4.71397 8.81921 0
      vertex 3.82683 9.2388 0
    endloop
  endfacet
  facet normal 0.0490649 -0.998796 0
    outer loop
      vertex 0 -10 0
      vertex 0.980171 -9.95185 10
      vertex 0 -10 10
    endloop
  endfacet
  facet normal 0.0490649 -0.998796 0
    outer loop
      vertex 0.980171 -9.95185 10
      vertex 0 -10 0
      vertex 0.980171 -9.95185 0
    endloop
  endfacet
  facet normal -0.740957 0.671553 0
    outer loop
      vertex -7.7301 6.34393 0
      vertex -7.07107 7.07107 10
      vertex -7.07107 7.07107 0
    endloop
  endfacet
  facet normal -0.740957 0.671553 0
    outer loop
      vertex -7.07107 7.07107 10
      vertex -7.7301 6.34393 0
      vertex -7.7301 6.34393 10
    endloop
  endfacet
  facet normal 0.903988 0.427558 0
    outer loop
      vertex 9.2388 3.82683 10
      vertex 8.81921 4.71397 0
      vertex 8.81921 4.71397 10
    endloop
  endfacet
  facet normal 0.903988 0.427558 0
    outer loop
      vertex 8.81921 4.71397 0
      vertex 9.2388 3.82683 10
      vertex 9.2388 3.82683 0
    endloop
  endfacet
  facet normal -0.242979 0.970032 0
    outer loop
      vertex -1.9509 9.80785 0
      vertex -2.90285 9.5694 10
      vertex -1.9509 9.80785 10
    endloop
  endfacet
  facet normal -0.242979 0.970032 0
    outer loop
      vertex -2.90285 9.5694 10
      vertex -1.9509 9.80785 0
      vertex -2.90285 9.5694 0
    endloop
  endfacet
  facet normal -0.803203 0.595705 0
    outer loop
      vertex -8.3147 5.5557 0
      vertex -7.7301 6.34393 10
      vertex -7.7301 6.34393 0
    endloop
  endfacet
  facet normal -0.803203 0.595705 0
    outer loop
      vertex -7.7301 6.34393 10
      vertex -8.3147 5.5557 0
      vertex -8.3147 5.5557 10
    endloop
  endfacet
  facet normal 0.242979 0.970032 -0
    outer loop
      vertex 2.90285 9.5694 0
      vertex 1.9509 9.80785 10
      vertex 2.90285 9.5694 10
    endloop
  endfacet
  facet normal 0.242979 0.970032 0
    outer loop
      vertex 1.9509 9.80785 10
      vertex 2.90285 9.5694 0
      vertex 1.9509 9.80785 0
    endloop
  endfacet
  facet normal 0.336885 0.941546 -0
    outer loop
      vertex 3.82683 9.2388 0
      vertex 2.90285 9.5694 10
      vertex 3.82683 9.2388 10
    endloop
  endfacet
  facet normal 0.336885 0.941546 0
    outer loop
      vertex 2.90285 9.5694 10
      vertex 3.82683 9.2388 0
      vertex 2.90285 9.5694 0
    endloop
  endfacet
  facet normal 0.941546 0.336885 0
    outer loop
      vertex 9.53464 3 10
      vertex 9.2388 3.82683 0
      vertex 9.2388 3.82683 10
    endloop
  endfacet
  facet normal 0.941546 0.336885 0
    outer loop
      vertex 9.2388 3.82683 0
      vertex 9.53464 3 10
      vertex 9.53464 3 0
    endloop
  endfacet
  facet normal 0.595705 0.803203 -0
    outer loop
      vertex 6.34393 7.7301 0
      vertex 5.5557 8.3147 10
      vertex 6.34393 7.7301 10
    endloop
  endfacet
  facet normal 0.595705 0.803203 0
    outer loop
      vertex 5.5557 8.3147 10
      vertex 6.34393 7.7301 0
      vertex 5.5557 8.3147 0
    endloop
  endfacet
  facet normal -0.857731 -0.514098 0
    outer loop
      vertex -8.3147 -5.5557 0
      vertex -8.64777 -5 10
      vertex -8.64777 -5 0
    endloop
  endfacet
  facet normal -0.857731 -0.514098 0
    outer loop
      vertex -8.64777 -5 10
      vertex -8.3147 -5.5557 0
      vertex -8.3147 -5.5557 10
    endloop
  endfacet
  facet normal 0.5141 0.85773 -0
    outer loop
      vertex 5.5557 8.3147 0
      vertex 4.71397 8.81921 10
      vertex 5.5557 8.3147 10
    endloop
  endfacet
  facet normal 0.5141 0.85773 0
    outer loop
      vertex 4.71397 8.81921 10
      vertex 5.5557 8.3147 0
      vertex 4.71397 8.81921 0
    endloop
  endfacet
  facet normal 0.941546 -0.336885 0
    outer loop
      vertex 9.2388 -3.82683 10
      vertex 9.53464 -3 0
      vertex 9.53464 -3 10
    endloop
  endfacet
  facet normal 0.941546 -0.336885 0
    outer loop
      vertex 9.53464 -3 0
      vertex 9.2388 -3.82683 10
      vertex 9.2388 -3.82683 0
    endloop
  endfacet
  facet normal -0.857731 0.514098 0
    outer loop
      vertex -8.64777 5 0
      vertex -8.3147 5.5557 10
      vertex -8.3147 5.5557 0
    endloop
  endfacet
  facet normal -0.857731 0.514098 0
    outer loop
      vertex -8.3147 5.5557 10
      vertex -8.64777 5 0
      vertex -8.64777 5 10
    endloop
  endfacet
  facet normal 0.0490649 0.998796 -0
    outer loop
      vertex 0.980171 9.95185 0
      vertex 0 10 10
      vertex 0.980171 9.95185 10
    endloop
  endfacet
  facet normal 0.0490649 0.998796 0
    outer loop
      vertex 0 10 10
      vertex 0.980171 9.95185 0
      vertex 0 10 0
    endloop
  endfacet
  facet normal 0.85773 0.5141 0
    outer loop
      vertex 8.81921 4.71397 10
      vertex 8.3147 5.5557 0
      vertex 8.3147 5.5557 10
    endloop
  endfacet
  facet normal 0.85773 0.5141 0
    outer loop
      vertex 8.3147 5.5557 0
      vertex 8.81921 4.71397 10
      vertex 8.81921 4.71397 0
    endloop
  endfacet
  facet normal -0.671553 0.740957 0
    outer loop
      vertex -6.34393 7.7301 0
      vertex -7.07107 7.07107 10
      vertex -6.34393 7.7301 10
    endloop
  endfacet
  facet normal -0.671553 0.740957 0
    outer loop
      vertex -7.07107 7.07107 10
      vertex -6.34393 7.7301 0
      vertex -7.07107 7.07107 0
    endloop
  endfacet
  facet normal 0 0 -1
    outer loop
      vertex 9.53464 -3 0
      vertex 24 3 0
      vertex 24 -3 0
    endloop
  endfacet
  facet normal 0 0 -1
    outer loop
      vertex 9.53464 -3 0
      vertex 9.53464 3 0
      vertex 24 3 0
    endloop
  endfacet
  facet normal 0 0 -1
    outer loop
      vertex 5.65876 -2.34394 0
      vertex 9.53464 -3 0
      vertex 9.2388 -3.82683 0
    endloop
  endfacet
  facet normal 0 0 -1
    outer loop
      vertex 9.53464 -3 0
      vertex 6.125 0 0
      vertex 9.53464 3 0
    endloop
  endfacet
  facet normal 0 0 -1
    outer loop
      vertex 5.65876 -2.34394 0
      vertex 9.2388 -3.82683 0
      vertex 8.81921 -4.71397 0
    endloop
  endfacet
  facet normal 0 0 -1
    outer loop
      vertex 6.09551 0.600354 0
      vertex 9.53464 3 0
      vertex 6.125 0 0
    endloop
  endfacet
  facet normal 0 0 -1
    outer loop
      vertex 5.40177 -2.8873 0
      vertex 8.81921 -4.71397 0
      vertex 8.3147 -5.5557 0
    endloop
  endfacet
  facet normal 0 0 -1
    outer loop
      vertex 6.00731 1.19493 0
      vertex 9.53464 3 0
      vertex 6.09551 0.600354 0
    endloop
  endfacet
  facet normal 0 0 -1
    outer loop
      vertex 5.09275 -3.40287 0
      vertex 8.3147 -5.5557 0
      vertex 7.7301 -6.34393 0
    endloop
  endfacet
  facet normal 0 0 -1
    outer loop
      vertex 5.86126 1.77799 0
      vertex 9.53464 3 0
      vertex 6.00731 1.19493 0
    endloop
  endfacet
  facet normal 0 0 -1
    outer loop
      vertex 4.73469 -3.88566 0
      vertex 7.7301 -6.34393 0
      vertex 7.07107 -7.07107 0
    endloop
  endfacet
  facet normal 0 0 -1
    outer loop
      vertex 5.65876 2.34394 0
      vertex 9.53464 3 0
      vertex 5.86126 1.77799 0
    endloop
  endfacet
  facet normal 0 0 -1
    outer loop
      vertex 4.33103 -4.33103 0
      vertex 7.07107 -7.07107 0
      vertex 6.34393 -7.7301 0
    endloop
  endfacet
  facet normal -0 0 -1
    outer loop
      vertex 9.53464 3 0
      vertex 5.65876 2.34394 0
      vertex 9.2388 3.82683 0
    endloop
  endfacet
  facet normal -0 0 -1
    outer loop
      vertex 9.2388 3.82683 0
      vertex 5.65876 2.34394 0
      vertex 8.81921 4.71397 0
    endloop
  endfacet
  facet normal 0 0 -1
    outer loop
      vertex 9.53464 -3 0
      vertex 6.09551 -0.600354 0
      vertex 6.125 0 0
    endloop
  endfacet
  facet normal 0 0 -1
    outer loop
      vertex 9.53464 -3 0
      vertex 6.00731 -1.19493 0
      vertex 6.09551 -0.600354 0
    endloop
  endfacet
  facet normal 0 0 -1
    outer loop
      vertex 9.53464 -3 0
      vertex 5.86126 -1.77799 0
      vertex 6.00731 -1.19493 0
    endloop
  endfacet
  facet normal 0 0 -1
    outer loop
      vertex 9.53464 -3 0
      vertex 5.65876 -2.34394 0
      vertex 5.86126 -1.77799 0
    endloop
  endfacet
  facet normal 0 0 -1
    outer loop
      vertex 3.88566 -4.73469 0
      vertex 6.34393 -7.7301 0
      vertex 5.5557 -8.3147 0
    endloop
  endfacet
  facet normal 0 0 -1
    outer loop
      vertex 8.81921 -4.71397 0
      vertex 5.40177 -2.8873 0
      vertex 5.65876 -2.34394 0
    endloop
  endfacet
  facet normal 0 0 -1
    outer loop
      vertex 8.3147 -5.5557 0
      vertex 5.09275 -3.40287 0
      vertex 5.40177 -2.8873 0
    endloop
  endfacet
  facet normal 0 0 -1
    outer loop
      vertex 7.7301 -6.34393 0
      vertex 4.73469 -3.88566 0
      vertex 5.09275 -3.40287 0
    endloop
  endfacet
  facet normal 0 0 -1
    outer loop
      vertex 3.40287 -5.09275 0
      vertex 5.5557 -8.3147 0
      vertex 4.71397 -8.81921 0
    endloop
  endfacet
  facet normal 0 0 -1
    outer loop
      vertex 7.07107 -7.07107 0
      vertex 4.33103 -4.33103 0
      vertex 4.73469 -3.88566 0
    endloop
  endfacet
  facet normal 0 0 -1
    outer loop
      vertex 6.34393 -7.7301 0
      vertex 3.88566 -4.73469 0
      vertex 4.33103 -4.33103 0
    endloop
  endfacet
  facet normal 0 0 -1
    outer loop
      vertex 2.8873 -5.40177 0
      vertex 4.71397 -8.81921 0
      vertex 3.82683 -9.2388 0
    endloop
  endfacet
  facet normal 0 0 -1
    outer loop
      vertex 5.5557 -8.3147 0
      vertex 3.40287 -5.09275 0
      vertex 3.88566 -4.73469 0
    endloop
  endfacet
  facet normal 0 0 -1
    outer loop
      vertex 2.34394 -5.65876 0
      vertex 3.82683 -9.2388 0
      vertex 2.90285 -9.5694 0
    endloop
  endfacet
  facet normal 0 0 -1
    outer loop
      vertex 4.71397 -8.81921 0
      vertex 2.8873 -5.40177 0
      vertex 3.40287 -5.09275 0
    endloop
  endfacet
  facet normal 0 0 -1
    outer loop
      vertex 3.82683 -9.2388 0
      vertex 2.34394 -5.65876 0
      vertex 2.8873 -5.40177 0
    endloop
  endfacet
  facet normal 0 0 -1
    outer loop
      vertex 1.77799 -5.86126 0
      vertex 2.90285 -9.5694 0
      vertex 1.9509 -9.80785 0
    endloop
  endfacet
  facet normal 0 0 -1
    outer loop
      vertex 2.90285 -9.5694 0
      vertex 1.77799 -5.86126 0
      vertex 2.34394 -5.65876 0
    endloop
  endfacet
  facet normal 0 0 -1
    outer loop
      vertex 1.9509 -9.80785 0
      vertex 1.19493 -6.00731 0
      vertex 1.77799 -5.86126 0
    endloop
  endfacet
  facet normal 0 0 -1
    outer loop
      vertex 0.980171 -9.95185 0
      vertex 1.19493 -6.00731 0
      vertex 1.9509 -9.80785 0
    endloop
  endfacet
  facet normal 0 0 -1
    outer loop
      vertex 0.980171 -9.95185 0
      vertex 0.600354 -6.09551 0
      vertex 1.19493 -6.00731 0
    endloop
  endfacet
  facet normal 0 0 -1
    outer loop
      vertex 0 -10 0
      vertex 0.600354 -6.09551 0
      vertex 0.980171 -9.95185 0
    endloop
  endfacet
  facet normal 0 0 -1
    outer loop
      vertex 0 -10 0
      vertex 0 -6.125 0
      vertex 0.600354 -6.09551 0
    endloop
  endfacet
  facet normal 0 0 -1
    outer loop
      vertex 0 -10 0
      vertex -0.600354 -6.09551 0
      vertex 0 -6.125 0
    endloop
  endfacet
  facet normal 0 0 -1
    outer loop
      vertex -0.980171 -9.95185 0
      vertex -0.600354 -6.09551 0
      vertex 0 -10 0
    endloop
  endfacet
  facet normal 0 0 -1
    outer loop
      vertex -0.980171 -9.95185 0
      vertex -1.19493 -6.00731 0
      vertex -0.600354 -6.09551 0
    endloop
  endfacet
  facet normal 0 0 -1
    outer loop
      vertex -1.9509 -9.80785 0
      vertex -1.19493 -6.00731 0
      vertex -0.980171 -9.95185 0
    endloop
  endfacet
  facet normal -0 0 -1
    outer loop
      vertex -1.19493 -6.00731 0
      vertex -1.9509 -9.80785 0
      vertex -1.77799 -5.86126 0
    endloop
  endfacet
  facet normal 0 0 -1
    outer loop
      vertex -2.90285 -9.5694 0
      vertex -1.77799 -5.86126 0
      vertex -1.9509 -9.80785 0
    endloop
  endfacet
  facet normal -0 0 -1
    outer loop
      vertex -1.77799 -5.86126 0
      vertex -2.90285 -9.5694 0
      vertex -2.34394 -5.65876 0
    endloop
  endfacet
  facet normal 0 0 -1
    outer loop
      vertex -3.82683 -9.2388 0
      vertex -2.34394 -5.65876 0
      vertex -2.90285 -9.5694 0
    endloop
  endfacet
  facet normal -0 0 -1
    outer loop
      vertex -2.34394 -5.65876 0
      vertex -3.82683 -9.2388 0
      vertex -2.8873 -5.40177 0
    endloop
  endfacet
  facet normal 0 0 -1
    outer loop
      vertex -4.71397 -8.81921 0
      vertex -2.8873 -5.40177 0
      vertex -3.82683 -9.2388 0
    endloop
  endfacet
  facet normal -0 0 -1
    outer loop
      vertex -2.8873 -5.40177 0
      vertex -4.71397 -8.81921 0
      vertex -3.40287 -5.09275 0
    endloop
  endfacet
  facet normal 0 0 -1
    outer loop
      vertex -5.5557 -8.3147 0
      vertex -3.40287 -5.09275 0
      vertex -4.71397 -8.81921 0
    endloop
  endfacet
  facet normal -0 0 -1
    outer loop
      vertex -3.40287 -5.09275 0
      vertex -5.5557 -8.3147 0
      vertex -3.88566 -4.73469 0
    endloop
  endfacet
  facet normal 0 0 -1
    outer loop
      vertex -6.34393 -7.7301 0
      vertex -3.88566 -4.73469 0
      vertex -5.5557 -8.3147 0
    endloop
  endfacet
  facet normal -0 0 -1
    outer loop
      vertex -3.88566 -4.73469 0
      vertex -6.34393 -7.7301 0
      vertex -4.33103 -4.33103 0
    endloop
  endfacet
  facet normal 0 0 -1
    outer loop
      vertex -7.07107 -7.07107 0
      vertex -4.33103 -4.33103 0
      vertex -6.34393 -7.7301 0
    endloop
  endfacet
  facet normal -0 0 -1
    outer loop
      vertex -4.33103 -4.33103 0
      vertex -7.07107 -7.07107 0
      vertex -4.73469 -3.88566 0
    endloop
  endfacet
  facet normal 0 0 -1
    outer loop
      vertex -7.7301 -6.34393 0
      vertex -4.73469 -3.88566 0
      vertex -7.07107 -7.07107 0
    endloop
  endfacet
  facet normal -0 0 -1
    outer loop
      vertex -4.73469 -3.88566 0
      vertex -7.7301 -6.34393 0
      vertex -5.09275 -3.40287 0
    endloop
  endfacet
  facet normal 0 0 -1
    outer loop
      vertex -8.3147 -5.5557 0
      vertex -5.09275 -3.40287 0
      vertex -7.7301 -6.34393 0
    endloop
  endfacet
  facet normal 0 0 -1
    outer loop
      vertex -8.64777 -5 0
      vertex -5.09275 -3.40287 0
      vertex -8.3147 -5.5557 0
    endloop
  endfacet
  facet normal -0 0 -1
    outer loop
      vertex -5.09275 -3.40287 0
      vertex -8.64777 -5 0
      vertex -5.40177 -2.8873 0
    endloop
  endfacet
  facet normal -0 0 -1
    outer loop
      vertex -5.40177 -2.8873 0
      vertex -8.64777 -5 0
      vertex -5.65876 -2.34394 0
    endloop
  endfacet
  facet normal -0 0 -1
    outer loop
      vertex -5.65876 -2.34394 0
      vertex -8.64777 -5 0
      vertex -5.86126 -1.77799 0
    endloop
  endfacet
  facet normal -0 0 -1
    outer loop
      vertex -5.86126 -1.77799 0
      vertex -8.64777 -5 0
      vertex -6.00731 -1.19493 0
    endloop
  endfacet
  facet normal -0 0 -1
    outer loop
      vertex -6.00731 -1.19493 0
      vertex -8.64777 -5 0
      vertex -6.07331 -0.75 0
    endloop
  endfacet
  facet normal 0 0 -1
    outer loop
      vertex -16 -0.75 0
      vertex -8.64777 -5 0
      vertex -16 -5 0
    endloop
  endfacet
  facet normal 0 0 -1
    outer loop
      vertex -8.64777 -5 0
      vertex -16 -0.75 0
      vertex -6.07331 -0.75 0
    endloop
  endfacet
  facet normal 0 0 -1
    outer loop
      vertex 5.40177 2.8873 0
      vertex 8.81921 4.71397 0
      vertex 5.65876 2.34394 0
    endloop
  endfacet
  facet normal -0 0 -1
    outer loop
      vertex 8.81921 4.71397 0
      vertex 5.40177 2.8873 0
      vertex 8.3147 5.5557 0
    endloop
  endfacet
  facet normal 0 0 -1
    outer loop
      vertex 5.09275 3.40287 0
      vertex 8.3147 5.5557 0
      vertex 5.40177 2.8873 0
    endloop
  endfacet
  facet normal -0 0 -1
    outer loop
      vertex 8.3147 5.5557 0
      vertex 5.09275 3.40287 0
      vertex 7.7301 6.34393 0
    endloop
  endfacet
  facet normal 0 0 -1
    outer loop
      vertex 4.73469 3.88566 0
      vertex 7.7301 6.34393 0
      vertex 5.09275 3.40287 0
    endloop
  endfacet
  facet normal -0 0 -1
    outer loop
      vertex 7.7301 6.34393 0
      vertex 4.73469 3.88566 0
      vertex 7.07107 7.07107 0
    endloop
  endfacet
  facet normal 0 0 -1
    outer loop
      vertex 4.33103 4.33103 0
      vertex 7.07107 7.07107 0
      vertex 4.73469 3.88566 0
    endloop
  endfacet
  facet normal -0 0 -1
    outer loop
      vertex 7.07107 7.07107 0
      vertex 4.33103 4.33103 0
      vertex 6.34393 7.7301 0
    endloop
  endfacet
  facet normal 0 0 -1
    outer loop
      vertex 3.88566 4.73469 0
      vertex 6.34393 7.7301 0
      vertex 4.33103 4.33103 0
    endloop
  endfacet
  facet normal -0 0 -1
    outer loop
      vertex 6.34393 7.7301 0
      vertex 3.88566 4.73469 0
      vertex 5.5557 8.3147 0
    endloop
  endfacet
  facet normal 0 0 -1
    outer loop
      vertex 3.40287 5.09275 0
      vertex 5.5557 8.3147 0
      vertex 3.88566 4.73469 0
    endloop
  endfacet
  facet normal -0 0 -1
    outer loop
      vertex 5.5557 8.3147 0
      vertex 3.40287 5.09275 0
      vertex 4.71397 8.81921 0
    endloop
  endfacet
  facet normal 0 0 -1
    outer loop
      vertex 2.8873 5.40177 0
      vertex 4.71397 8.81921 0
      vertex 3.40287 5.09275 0
    endloop
  endfacet
  facet normal -0 0 -1
    outer loop
      vertex 4.71397 8.81921 0
      vertex 2.8873 5.40177 0
      vertex 3.82683 9.2388 0
    endloop
  endfacet
  facet normal 0 0 -1
    outer loop
      vertex 2.34394 5.65876 0
      vertex 3.82683 9.2388 0
      vertex 2.8873 5.40177 0
    endloop
  endfacet
  facet normal -0 0 -1
    outer loop
      vertex 3.82683 9.2388 0
      vertex 2.34394 5.65876 0
      vertex 2.90285 9.5694 0
    endloop
  endfacet
  facet normal 0 0 -1
    outer loop
      vertex 1.77799 5.86126 0
      vertex 2.90285 9.5694 0
      vertex 2.34394 5.65876 0
    endloop
  endfacet
  facet normal -0 0 -1
    outer loop
      vertex 2.90285 9.5694 0
      vertex 1.77799 5.86126 0
      vertex 1.9509 9.80785 0
    endloop
  endfacet
  facet normal 0 0 -1
    outer loop
      vertex 1.19493 6.00731 0
      vertex 1.9509 9.80785 0
      vertex 1.77799 5.86126 0
    endloop
  endfacet
  facet normal 0 0 -1
    outer loop
      vertex 1.19493 6.00731 0
      vertex 0.980171 9.95185 0
      vertex 1.9509 9.80785 0
    endloop
  endfacet
  facet normal 0 0 -1
    outer loop
      vertex 0.600354 6.09551 0
      vertex 0.980171 9.95185 0
      vertex 1.19493 6.00731 0
    endloop
  endfacet
  facet normal 0 0 -1
    outer loop
      vertex 0 6.125 0
      vertex 0.980171 9.95185 0
      vertex 0.600354 6.09551 0
    endloop
  endfacet
  facet normal 0 0 -1
    outer loop
      vertex 0 6.125 0
      vertex 0 10 0
      vertex 0.980171 9.95185 0
    endloop
  endfacet
  facet normal 0 0 -1
    outer loop
      vertex -0.600354 6.09551 0
      vertex 0 10 0
      vertex 0 6.125 0
    endloop
  endfacet
  facet normal 0 0 -1
    outer loop
      vertex -0.600354 6.09551 0
      vertex -0.980171 9.95185 0
      vertex 0 10 0
    endloop
  endfacet
  facet normal 0 0 -1
    outer loop
      vertex -1.19493 6.00731 0
      vertex -0.980171 9.95185 0
      vertex -0.600354 6.09551 0
    endloop
  endfacet
  facet normal 0 0 -1
    outer loop
      vertex -1.9509 9.80785 0
      vertex -1.19493 6.00731 0
      vertex -1.77799 5.86126 0
    endloop
  endfacet
  facet normal 0 0 -1
    outer loop
      vertex -1.19493 6.00731 0
      vertex -1.9509 9.80785 0
      vertex -0.980171 9.95185 0
    endloop
  endfacet
  facet normal 0 0 -1
    outer loop
      vertex -2.90285 9.5694 0
      vertex -1.77799 5.86126 0
      vertex -2.34394 5.65876 0
    endloop
  endfacet
  facet normal 0 0 -1
    outer loop
      vertex -3.82683 9.2388 0
      vertex -2.34394 5.65876 0
      vertex -2.8873 5.40177 0
    endloop
  endfacet
  facet normal 0 0 -1
    outer loop
      vertex -1.77799 5.86126 0
      vertex -2.90285 9.5694 0
      vertex -1.9509 9.80785 0
    endloop
  endfacet
  facet normal 0 0 -1
    outer loop
      vertex -4.71397 8.81921 0
      vertex -2.8873 5.40177 0
      vertex -3.40287 5.09275 0
    endloop
  endfacet
  facet normal 0 0 -1
    outer loop
      vertex -2.34394 5.65876 0
      vertex -3.82683 9.2388 0
      vertex -2.90285 9.5694 0
    endloop
  endfacet
  facet normal 0 0 -1
    outer loop
      vertex -5.5557 8.3147 0
      vertex -3.40287 5.09275 0
      vertex -3.88566 4.73469 0
    endloop
  endfacet
  facet normal 0 0 -1
    outer loop
      vertex -6.34393 7.7301 0
      vertex -3.88566 4.73469 0
      vertex -4.33103 4.33103 0
    endloop
  endfacet
  facet normal 0 0 -1
    outer loop
      vertex -2.8873 5.40177 0
      vertex -4.71397 8.81921 0
      vertex -3.82683 9.2388 0
    endloop
  endfacet
  facet normal 0 0 -1
    outer loop
      vertex -7.07107 7.07107 0
      vertex -4.33103 4.33103 0
      vertex -4.73469 3.88566 0
    endloop
  endfacet
  facet normal 0 0 -1
    outer loop
      vertex -7.7301 6.34393 0
      vertex -4.73469 3.88566 0
      vertex -5.09275 3.40287 0
    endloop
  endfacet
  facet normal 0 0 -1
    outer loop
      vertex -8.64777 5 0
      vertex -5.09275 3.40287 0
      vertex -5.40177 2.8873 0
    endloop
  endfacet
  facet normal 0 0 -1
    outer loop
      vertex -3.40287 5.09275 0
      vertex -5.5557 8.3147 0
      vertex -4.71397 8.81921 0
    endloop
  endfacet
  facet normal 0 0 -1
    outer loop
      vertex -8.64777 5 0
      vertex -5.40177 2.8873 0
      vertex -5.65876 2.34394 0
    endloop
  endfacet
  facet normal 0 0 -1
    outer loop
      vertex -8.64777 5 0
      vertex -5.65876 2.34394 0
      vertex -5.86126 1.77799 0
    endloop
  endfacet
  facet normal 0 0 -1
    outer loop
      vertex -8.64777 5 0
      vertex -5.86126 1.77799 0
      vertex -6.00731 1.19493 0
    endloop
  endfacet
  facet normal 0 0 -1
    outer loop
      vertex -8.64777 5 0
      vertex -6.00731 1.19493 0
      vertex -6.07331 0.75 0
    endloop
  endfacet
  facet normal 0 0 -1
    outer loop
      vertex -3.88566 4.73469 0
      vertex -6.34393 7.7301 0
      vertex -5.5557 8.3147 0
    endloop
  endfacet
  facet normal 0 0 -1
    outer loop
      vertex -4.33103 4.33103 0
      vertex -7.07107 7.07107 0
      vertex -6.34393 7.7301 0
    endloop
  endfacet
  facet normal 0 0 -1
    outer loop
      vertex -4.73469 3.88566 0
      vertex -7.7301 6.34393 0
      vertex -7.07107 7.07107 0
    endloop
  endfacet
  facet normal 0 0 -1
    outer loop
      vertex -5.09275 3.40287 0
      vertex -8.3147 5.5557 0
      vertex -7.7301 6.34393 0
    endloop
  endfacet
  facet normal 0 0 -1
    outer loop
      vertex -5.09275 3.40287 0
      vertex -8.64777 5 0
      vertex -8.3147 5.5557 0
    endloop
  endfacet
  facet normal 0 0 -1
    outer loop
      vertex -16 0.75 0
      vertex -8.64777 5 0
      vertex -6.07331 0.75 0
    endloop
  endfacet
  facet normal -0 0 -1
    outer loop
      vertex -8.64777 5 0
      vertex -16 0.75 0
      vertex -16 5 0
    endloop
  endfacet
  facet normal -0.5141 0.85773 0
    outer loop
      vertex -4.71397 8.81921 0
      vertex -5.5557 8.3147 10
      vertex -4.71397 8.81921 10
    endloop
  endfacet
  facet normal -0.5141 0.85773 0
    outer loop
      vertex -5.5557 8.3147 10
      vertex -4.71397 8.81921 0
      vertex -5.5557 8.3147 0
    endloop
  endfacet
  facet normal 0.427558 -0.903988 0
    outer loop
      vertex 3.82683 -9.2388 0
      vertex 4.71397 -8.81921 10
      vertex 3.82683 -9.2388 10
    endloop
  endfacet
  facet normal 0.427558 -0.903988 0
    outer loop
      vertex 4.71397 -8.81921 10
      vertex 3.82683 -9.2388 0
      vertex 4.71397 -8.81921 0
    endloop
  endfacet
  facet normal -0.336885 -0.941546 0
    outer loop
      vertex -3.82683 -9.2388 0
      vertex -2.90285 -9.5694 10
      vertex -3.82683 -9.2388 10
    endloop
  endfacet
  facet normal -0.336885 -0.941546 -0
    outer loop
      vertex -2.90285 -9.5694 10
      vertex -3.82683 -9.2388 0
      vertex -2.90285 -9.5694 0
    endloop
  endfacet
  facet normal -0.336885 0.941546 0
    outer loop
      vertex -2.90285 9.5694 0
      vertex -3.82683 9.2388 10
      vertex -2.90285 9.5694 10
    endloop
  endfacet
  facet normal -0.336885 0.941546 0
    outer loop
      vertex -3.82683 9.2388 10
      vertex -2.90285 9.5694 0
      vertex -3.82683 9.2388 0
    endloop
  endfacet
  facet normal 0.5141 -0.85773 0
    outer loop
      vertex 4.71397 -8.81921 0
      vertex 5.5557 -8.3147 10
      vertex 4.71397 -8.81921 10
    endloop
  endfacet
  facet normal 0.5141 -0.85773 0
    outer loop
      vertex 5.5557 -8.3147 10
      vertex 4.71397 -8.81921 0
      vertex 5.5557 -8.3147 0
    endloop
  endfacet
  facet normal 0.146736 -0.989176 0
    outer loop
      vertex 0.980171 -9.95185 0
      vertex 1.9509 -9.80785 10
      vertex 0.980171 -9.95185 10
    endloop
  endfacet
  facet normal 0.146736 -0.989176 0
    outer loop
      vertex 1.9509 -9.80785 10
      vertex 0.980171 -9.95185 0
      vertex 1.9509 -9.80785 0
    endloop
  endfacet
  facet normal 0.740957 -0.671553 0
    outer loop
      vertex 7.07107 -7.07107 10
      vertex 7.7301 -6.34393 0
      vertex 7.7301 -6.34393 10
    endloop
  endfacet
  facet normal 0.740957 -0.671553 0
    outer loop
      vertex 7.7301 -6.34393 0
      vertex 7.07107 -7.07107 10
      vertex 7.07107 -7.07107 0
    endloop
  endfacet
  facet normal 0.803203 -0.595705 0
    outer loop
      vertex 7.7301 -6.34393 10
      vertex 8.3147 -5.5557 0
      vertex 8.3147 -5.5557 10
    endloop
  endfacet
  facet normal 0.803203 -0.595705 0
    outer loop
      vertex 8.3147 -5.5557 0
      vertex 7.7301 -6.34393 10
      vertex 7.7301 -6.34393 0
    endloop
  endfacet
  facet normal -0.0490649 0.998796 0
    outer loop
      vertex 0 10 0
      vertex -0.980171 9.95185 10
      vertex 0 10 10
    endloop
  endfacet
  facet normal -0.0490649 0.998796 0
    outer loop
      vertex -0.980171 9.95185 10
      vertex 0 10 0
      vertex -0.980171 9.95185 0
    endloop
  endfacet
  facet normal -0.427558 0.903988 0
    outer loop
      vertex -3.82683 9.2388 0
      vertex -4.71397 8.81921 10
      vertex -3.82683 9.2388 10
    endloop
  endfacet
  facet normal -0.427558 0.903988 0
    outer loop
      vertex -4.71397 8.81921 10
      vertex -3.82683 9.2388 0
      vertex -4.71397 8.81921 0
    endloop
  endfacet
  facet normal -0.595705 0.803203 0
    outer loop
      vertex -5.5557 8.3147 0
      vertex -6.34393 7.7301 10
      vertex -5.5557 8.3147 10
    endloop
  endfacet
  facet normal -0.595705 0.803203 0
    outer loop
      vertex -6.34393 7.7301 10
      vertex -5.5557 8.3147 0
      vertex -6.34393 7.7301 0
    endloop
  endfacet
  facet normal -0.242979 -0.970032 0
    outer loop
      vertex -2.90285 -9.5694 0
      vertex -1.9509 -9.80785 10
      vertex -2.90285 -9.5694 10
    endloop
  endfacet
  facet normal -0.242979 -0.970032 -0
    outer loop
      vertex -1.9509 -9.80785 10
      vertex -2.90285 -9.5694 0
      vertex -1.9509 -9.80785 0
    endloop
  endfacet
  facet normal 0.803203 0.595705 0
    outer loop
      vertex 8.3147 5.5557 10
      vertex 7.7301 6.34393 0
      vertex 7.7301 6.34393 10
    endloop
  endfacet
  facet normal 0.803203 0.595705 0
    outer loop
      vertex 7.7301 6.34393 0
      vertex 8.3147 5.5557 10
      vertex 8.3147 5.5557 0
    endloop
  endfacet
  facet normal -0.803203 -0.595705 0
    outer loop
      vertex -7.7301 -6.34393 0
      vertex -8.3147 -5.5557 10
      vertex -8.3147 -5.5557 0
    endloop
  endfacet
  facet normal -0.803203 -0.595705 0
    outer loop
      vertex -8.3147 -5.5557 10
      vertex -7.7301 -6.34393 0
      vertex -7.7301 -6.34393 10
    endloop
  endfacet
  facet normal 0.146736 0.989176 -0
    outer loop
      vertex 1.9509 9.80785 0
      vertex 0.980171 9.95185 10
      vertex 1.9509 9.80785 10
    endloop
  endfacet
  facet normal 0.146736 0.989176 0
    outer loop
      vertex 0.980171 9.95185 10
      vertex 1.9509 9.80785 0
      vertex 0.980171 9.95185 0
    endloop
  endfacet
  facet normal -0.427558 -0.903988 0
    outer loop
      vertex -4.71397 -8.81921 0
      vertex -3.82683 -9.2388 10
      vertex -4.71397 -8.81921 10
    endloop
  endfacet
  facet normal -0.427558 -0.903988 -0
    outer loop
      vertex -3.82683 -9.2388 10
      vertex -4.71397 -8.81921 0
      vertex -3.82683 -9.2388 0
    endloop
  endfacet
  facet normal 0.595705 -0.803203 0
    outer loop
      vertex 5.5557 -8.3147 0
      vertex 6.34393 -7.7301 10
      vertex 5.5557 -8.3147 10
    endloop
  endfacet
  facet normal 0.595705 -0.803203 0
    outer loop
      vertex 6.34393 -7.7301 10
      vertex 5.5557 -8.3147 0
      vertex 6.34393 -7.7301 0
    endloop
  endfacet
  facet normal -0.146736 0.989176 0
    outer loop
      vertex -0.980171 9.95185 0
      vertex -1.9509 9.80785 10
      vertex -0.980171 9.95185 10
    endloop
  endfacet
  facet normal -0.146736 0.989176 0
    outer loop
      vertex -1.9509 9.80785 10
      vertex -0.980171 9.95185 0
      vertex -1.9509 9.80785 0
    endloop
  endfacet
  facet normal 0.336885 -0.941546 0
    outer loop
      vertex 2.90285 -9.5694 0
      vertex 3.82683 -9.2388 10
      vertex 2.90285 -9.5694 10
    endloop
  endfacet
  facet normal 0.336885 -0.941546 0
    outer loop
      vertex 3.82683 -9.2388 10
      vertex 2.90285 -9.5694 0
      vertex 3.82683 -9.2388 0
    endloop
  endfacet
  facet normal 0.242979 -0.970032 0
    outer loop
      vertex 1.9509 -9.80785 0
      vertex 2.90285 -9.5694 10
      vertex 1.9509 -9.80785 10
    endloop
  endfacet
  facet normal 0.242979 -0.970032 0
    outer loop
      vertex 2.90285 -9.5694 10
      vertex 1.9509 -9.80785 0
      vertex 2.90285 -9.5694 0
    endloop
  endfacet
  facet normal -0.740957 -0.671553 0
    outer loop
      vertex -7.07107 -7.07107 0
      vertex -7.7301 -6.34393 10
      vertex -7.7301 -6.34393 0
    endloop
  endfacet
  facet normal -0.740957 -0.671553 0
    outer loop
      vertex -7.7301 -6.34393 10
      vertex -7.07107 -7.07107 0
      vertex -7.07107 -7.07107 10
    endloop
  endfacet
  facet normal -0.595705 -0.803203 0
    outer loop
      vertex -6.34393 -7.7301 0
      vertex -5.5557 -8.3147 10
      vertex -6.34393 -7.7301 10
    endloop
  endfacet
  facet normal -0.595705 -0.803203 -0
    outer loop
      vertex -5.5557 -8.3147 10
      vertex -6.34393 -7.7301 0
      vertex -5.5557 -8.3147 0
    endloop
  endfacet
  facet normal 0.903988 -0.427558 0
    outer loop
      vertex 8.81921 -4.71397 10
      vertex 9.2388 -3.82683 0
      vertex 9.2388 -3.82683 10
    endloop
  endfacet
  facet normal 0.903988 -0.427558 0
    outer loop
      vertex 9.2388 -3.82683 0
      vertex 8.81921 -4.71397 10
      vertex 8.81921 -4.71397 0
    endloop
  endfacet
  facet normal 0.85773 -0.5141 0
    outer loop
      vertex 8.3147 -5.5557 10
      vertex 8.81921 -4.71397 0
      vertex 8.81921 -4.71397 10
    endloop
  endfacet
  facet normal 0.85773 -0.5141 0
    outer loop
      vertex 8.81921 -4.71397 0
      vertex 8.3147 -5.5557 10
      vertex 8.3147 -5.5557 0
    endloop
  endfacet
  facet normal -0.0490649 -0.998796 0
    outer loop
      vertex -0.980171 -9.95185 0
      vertex 0 -10 10
      vertex -0.980171 -9.95185 10
    endloop
  endfacet
  facet normal -0.0490649 -0.998796 -0
    outer loop
      vertex 0 -10 10
      vertex -0.980171 -9.95185 0
      vertex 0 -10 0
    endloop
  endfacet
  facet normal -0 0 1
    outer loop
      vertex 9.53464 3 10
      vertex 24 -3 10
      vertex 24 3 10
    endloop
  endfacet
  facet normal 0 0 1
    outer loop
      vertex 9.53464 3 10
      vertex 9.53464 -3 10
      vertex 24 -3 10
    endloop
  endfacet
  facet normal 0 0 1
    outer loop
      vertex 5.65876 2.34394 10
      vertex 9.53464 3 10
      vertex 9.2388 3.82683 10
    endloop
  endfacet
  facet normal 0 0 1
    outer loop
      vertex 9.53464 3 10
      vertex 6.125 0 10
      vertex 9.53464 -3 10
    endloop
  endfacet
  facet normal 0 0 1
    outer loop
      vertex 5.65876 2.34394 10
      vertex 9.2388 3.82683 10
      vertex 8.81921 4.71397 10
    endloop
  endfacet
  facet normal -0 0 1
    outer loop
      vertex 6.09551 -0.600354 10
      vertex 9.53464 -3 10
      vertex 6.125 0 10
    endloop
  endfacet
  facet normal 0 0 1
    outer loop
      vertex 5.40177 2.8873 10
      vertex 8.81921 4.71397 10
      vertex 8.3147 5.5557 10
    endloop
  endfacet
  facet normal -0 0 1
    outer loop
      vertex 6.00731 -1.19493 10
      vertex 9.53464 -3 10
      vertex 6.09551 -0.600354 10
    endloop
  endfacet
  facet normal 0 0 1
    outer loop
      vertex 5.09275 3.40287 10
      vertex 8.3147 5.5557 10
      vertex 7.7301 6.34393 10
    endloop
  endfacet
  facet normal -0 0 1
    outer loop
      vertex 5.86126 -1.77799 10
      vertex 9.53464 -3 10
      vertex 6.00731 -1.19493 10
    endloop
  endfacet
  facet normal 0 0 1
    outer loop
      vertex 4.73469 3.88566 10
      vertex 7.7301 6.34393 10
      vertex 7.07107 7.07107 10
    endloop
  endfacet
  facet normal -0 0 1
    outer loop
      vertex 5.65876 -2.34394 10
      vertex 9.53464 -3 10
      vertex 5.86126 -1.77799 10
    endloop
  endfacet
  facet normal 0 0 1
    outer loop
      vertex 4.33103 4.33103 10
      vertex 7.07107 7.07107 10
      vertex 6.34393 7.7301 10
    endloop
  endfacet
  facet normal 0 0 1
    outer loop
      vertex 9.53464 -3 10
      vertex 5.65876 -2.34394 10
      vertex 9.2388 -3.82683 10
    endloop
  endfacet
  facet normal 0 0 1
    outer loop
      vertex 9.2388 -3.82683 10
      vertex 5.65876 -2.34394 10
      vertex 8.81921 -4.71397 10
    endloop
  endfacet
  facet normal 0 0 1
    outer loop
      vertex 9.53464 3 10
      vertex 6.09551 0.600354 10
      vertex 6.125 0 10
    endloop
  endfacet
  facet normal 0 0 1
    outer loop
      vertex 9.53464 3 10
      vertex 6.00731 1.19493 10
      vertex 6.09551 0.600354 10
    endloop
  endfacet
  facet normal 0 0 1
    outer loop
      vertex 9.53464 3 10
      vertex 5.86126 1.77799 10
      vertex 6.00731 1.19493 10
    endloop
  endfacet
  facet normal 0 0 1
    outer loop
      vertex 9.53464 3 10
      vertex 5.65876 2.34394 10
      vertex 5.86126 1.77799 10
    endloop
  endfacet
  facet normal 0 0 1
    outer loop
      vertex 3.88566 4.73469 10
      vertex 6.34393 7.7301 10
      vertex 5.5557 8.3147 10
    endloop
  endfacet
  facet normal 0 0 1
    outer loop
      vertex 8.81921 4.71397 10
      vertex 5.40177 2.8873 10
      vertex 5.65876 2.34394 10
    endloop
  endfacet
  facet normal 0 0 1
    outer loop
      vertex 8.3147 5.5557 10
      vertex 5.09275 3.40287 10
      vertex 5.40177 2.8873 10
    endloop
  endfacet
  facet normal 0 0 1
    outer loop
      vertex 7.7301 6.34393 10
      vertex 4.73469 3.88566 10
      vertex 5.09275 3.40287 10
    endloop
  endfacet
  facet normal 0 0 1
    outer loop
      vertex 3.40287 5.09275 10
      vertex 5.5557 8.3147 10
      vertex 4.71397 8.81921 10
    endloop
  endfacet
  facet normal 0 0 1
    outer loop
      vertex 7.07107 7.07107 10
      vertex 4.33103 4.33103 10
      vertex 4.73469 3.88566 10
    endloop
  endfacet
  facet normal 0 0 1
    outer loop
      vertex 6.34393 7.7301 10
      vertex 3.88566 4.73469 10
      vertex 4.33103 4.33103 10
    endloop
  endfacet
  facet normal 0 0 1
    outer loop
      vertex 2.8873 5.40177 10
      vertex 4.71397 8.81921 10
      vertex 3.82683 9.2388 10
    endloop
  endfacet
  facet normal 0 0 1
    outer loop
      vertex 5.5557 8.3147 10
      vertex 3.40287 5.09275 10
      vertex 3.88566 4.73469 10
    endloop
  endfacet
  facet normal 0 0 1
    outer loop
      vertex 2.34394 5.65876 10
      vertex 3.82683 9.2388 10
      vertex 2.90285 9.5694 10
    endloop
  endfacet
  facet normal 0 0 1
    outer loop
      vertex 4.71397 8.81921 10
      vertex 2.8873 5.40177 10
      vertex 3.40287 5.09275 10
    endloop
  endfacet
  facet normal 0 0 1
    outer loop
      vertex 3.82683 9.2388 10
      vertex 2.34394 5.65876 10
      vertex 2.8873 5.40177 10
    endloop
  endfacet
  facet normal 0 0 1
    outer loop
      vertex 1.77799 5.86126 10
      vertex 2.90285 9.5694 10
      vertex 1.9509 9.80785 10
    endloop
  endfacet
  facet normal 0 0 1
    outer loop
      vertex 2.90285 9.5694 10
      vertex 1.77799 5.86126 10
      vertex 2.34394 5.65876 10
    endloop
  endfacet
  facet normal 0 0 1
    outer loop
      vertex 1.9509 9.80785 10
      vertex 1.19493 6.00731 10
      vertex 1.77799 5.86126 10
    endloop
  endfacet
  facet normal 0 0 1
    outer loop
      vertex 0.980171 9.95185 10
      vertex 1.19493 6.00731 10
      vertex 1.9509 9.80785 10
    endloop
  endfacet
  facet normal 0 0 1
    outer loop
      vertex 0.980171 9.95185 10
      vertex 0.600354 6.09551 10
      vertex 1.19493 6.00731 10
    endloop
  endfacet
  facet normal 0 0 1
    outer loop
      vertex 0 10 10
      vertex 0.600354 6.09551 10
      vertex 0.980171 9.95185 10
    endloop
  endfacet
  facet normal 0 0 1
    outer loop
      vertex 0 10 10
      vertex 0 6.125 10
      vertex 0.600354 6.09551 10
    endloop
  endfacet
  facet normal 0 0 1
    outer loop
      vertex 0 10 10
      vertex -0.600354 6.09551 10
      vertex 0 6.125 10
    endloop
  endfacet
  facet normal -0 0 1
    outer loop
      vertex -0.980171 9.95185 10
      vertex -0.600354 6.09551 10
      vertex 0 10 10
    endloop
  endfacet
  facet normal 0 0 1
    outer loop
      vertex -0.980171 9.95185 10
      vertex -1.19493 6.00731 10
      vertex -0.600354 6.09551 10
    endloop
  endfacet
  facet normal -0 0 1
    outer loop
      vertex -1.9509 9.80785 10
      vertex -1.19493 6.00731 10
      vertex -0.980171 9.95185 10
    endloop
  endfacet
  facet normal 0 0 1
    outer loop
      vertex -1.19493 6.00731 10
      vertex -1.9509 9.80785 10
      vertex -1.77799 5.86126 10
    endloop
  endfacet
  facet normal -0 0 1
    outer loop
      vertex -2.90285 9.5694 10
      vertex -1.77799 5.86126 10
      vertex -1.9509 9.80785 10
    endloop
  endfacet
  facet normal 0 0 1
    outer loop
      vertex -1.77799 5.86126 10
      vertex -2.90285 9.5694 10
      vertex -2.34394 5.65876 10
    endloop
  endfacet
  facet normal -0 0 1
    outer loop
      vertex -3.82683 9.2388 10
      vertex -2.34394 5.65876 10
      vertex -2.90285 9.5694 10
    endloop
  endfacet
  facet normal 0 0 1
    outer loop
      vertex -2.34394 5.65876 10
      vertex -3.82683 9.2388 10
      vertex -2.8873 5.40177 10
    endloop
  endfacet
  facet normal -0 0 1
    outer loop
      vertex -4.71397 8.81921 10
      vertex -2.8873 5.40177 10
      vertex -3.82683 9.2388 10
    endloop
  endfacet
  facet normal 0 0 1
    outer loop
      vertex -2.8873 5.40177 10
      vertex -4.71397 8.81921 10
      vertex -3.40287 5.09275 10
    endloop
  endfacet
  facet normal -0 0 1
    outer loop
      vertex -5.5557 8.3147 10
      vertex -3.40287 5.09275 10
      vertex -4.71397 8.81921 10
    endloop
  endfacet
  facet normal 0 0 1
    outer loop
      vertex -3.40287 5.09275 10
      vertex -5.5557 8.3147 10
      vertex -3.88566 4.73469 10
    endloop
  endfacet
  facet normal -0 0 1
    outer loop
      vertex -6.34393 7.7301 10
      vertex -3.88566 4.73469 10
      vertex -5.5557 8.3147 10
    endloop
  endfacet
  facet normal 0 0 1
    outer loop
      vertex -3.88566 4.73469 10
      vertex -6.34393 7.7301 10
      vertex -4.33103 4.33103 10
    endloop
  endfacet
  facet normal -0 0 1
    outer loop
      vertex -7.07107 7.07107 10
      vertex -4.33103 4.33103 10
      vertex -6.34393 7.7301 10
    endloop
  endfacet
  facet normal 0 0 1
    outer loop
      vertex -4.33103 4.33103 10
      vertex -7.07107 7.07107 10
      vertex -4.73469 3.88566 10
    endloop
  endfacet
  facet normal -0 0 1
    outer loop
      vertex -7.7301 6.34393 10
      vertex -4.73469 3.88566 10
      vertex -7.07107 7.07107 10
    endloop
  endfacet
  facet normal 0 0 1
    outer loop
      vertex -4.73469 3.88566 10
      vertex -7.7301 6.34393 10
      vertex -5.09275 3.40287 10
    endloop
  endfacet
  facet normal -0 0 1
    outer loop
      vertex -8.3147 5.5557 10
      vertex -5.09275 3.40287 10
      vertex -7.7301 6.34393 10
    endloop
  endfacet
  facet normal -0 0 1
    outer loop
      vertex -8.64777 5 10
      vertex -5.09275 3.40287 10
      vertex -8.3147 5.5557 10
    endloop
  endfacet
  facet normal 0 0 1
    outer loop
      vertex -5.09275 3.40287 10
      vertex -8.64777 5 10
      vertex -5.40177 2.8873 10
    endloop
  endfacet
  facet normal 0 0 1
    outer loop
      vertex -5.40177 2.8873 10
      vertex -8.64777 5 10
      vertex -5.65876 2.34394 10
    endloop
  endfacet
  facet normal 0 0 1
    outer loop
      vertex -5.65876 2.34394 10
      vertex -8.64777 5 10
      vertex -5.86126 1.77799 10
    endloop
  endfacet
  facet normal 0 0 1
    outer loop
      vertex -5.86126 1.77799 10
      vertex -8.64777 5 10
      vertex -6.00731 1.19493 10
    endloop
  endfacet
  facet normal 0 0 1
    outer loop
      vertex -6.00731 1.19493 10
      vertex -8.64777 5 10
      vertex -6.07331 0.75 10
    endloop
  endfacet
  facet normal 0 0 1
    outer loop
      vertex -16 0.75 10
      vertex -8.64777 5 10
      vertex -16 5 10
    endloop
  endfacet
  facet normal 0 0 1
    outer loop
      vertex -8.64777 5 10
      vertex -16 0.75 10
      vertex -6.07331 0.75 10
    endloop
  endfacet
  facet normal -0 0 1
    outer loop
      vertex 5.40177 -2.8873 10
      vertex 8.81921 -4.71397 10
      vertex 5.65876 -2.34394 10
    endloop
  endfacet
  facet normal 0 0 1
    outer loop
      vertex 8.81921 -4.71397 10
      vertex 5.40177 -2.8873 10
      vertex 8.3147 -5.5557 10
    endloop
  endfacet
  facet normal -0 0 1
    outer loop
      vertex 5.09275 -3.40287 10
      vertex 8.3147 -5.5557 10
      vertex 5.40177 -2.8873 10
    endloop
  endfacet
  facet normal 0 0 1
    outer loop
      vertex 8.3147 -5.5557 10
      vertex 5.09275 -3.40287 10
      vertex 7.7301 -6.34393 10
    endloop
  endfacet
  facet normal -0 0 1
    outer loop
      vertex 4.73469 -3.88566 10
      vertex 7.7301 -6.34393 10
      vertex 5.09275 -3.40287 10
    endloop
  endfacet
  facet normal 0 0 1
    outer loop
      vertex 7.7301 -6.34393 10
      vertex 4.73469 -3.88566 10
      vertex 7.07107 -7.07107 10
    endloop
  endfacet
  facet normal -0 0 1
    outer loop
      vertex 4.33103 -4.33103 10
      vertex 7.07107 -7.07107 10
      vertex 4.73469 -3.88566 10
    endloop
  endfacet
  facet normal 0 0 1
    outer loop
      vertex 7.07107 -7.07107 10
      vertex 4.33103 -4.33103 10
      vertex 6.34393 -7.7301 10
    endloop
  endfacet
  facet normal -0 0 1
    outer loop
      vertex 3.88566 -4.73469 10
      vertex 6.34393 -7.7301 10
      vertex 4.33103 -4.33103 10
    endloop
  endfacet
  facet normal 0 0 1
    outer loop
      vertex 6.34393 -7.7301 10
      vertex 3.88566 -4.73469 10
      vertex 5.5557 -8.3147 10
    endloop
  endfacet
  facet normal -0 0 1
    outer loop
      vertex 3.40287 -5.09275 10
      vertex 5.5557 -8.3147 10
      vertex 3.88566 -4.73469 10
    endloop
  endfacet
  facet normal 0 0 1
    outer loop
      vertex 5.5557 -8.3147 10
      vertex 3.40287 -5.09275 10
      vertex 4.71397 -8.81921 10
    endloop
  endfacet
  facet normal -0 0 1
    outer loop
      vertex 2.8873 -5.40177 10
      vertex 4.71397 -8.81921 10
      vertex 3.40287 -5.09275 10
    endloop
  endfacet
  facet normal 0 0 1
    outer loop
      vertex 4.71397 -8.81921 10
      vertex 2.8873 -5.40177 10
      vertex 3.82683 -9.2388 10
    endloop
  endfacet
  facet normal -0 0 1
    outer loop
      vertex 2.34394 -5.65876 10
      vertex 3.82683 -9.2388 10
      vertex 2.8873 -5.40177 10
    endloop
  endfacet
  facet normal 0 0 1
    outer loop
      vertex 3.82683 -9.2388 10
      vertex 2.34394 -5.65876 10
      vertex 2.90285 -9.5694 10
    endloop
  endfacet
  facet normal -0 0 1
    outer loop
      vertex 1.77799 -5.86126 10
      vertex 2.90285 -9.5694 10
      vertex 2.34394 -5.65876 10
    endloop
  endfacet
  facet normal 0 0 1
    outer loop
      vertex 2.90285 -9.5694 10
      vertex 1.77799 -5.86126 10
      vertex 1.9509 -9.80785 10
    endloop
  endfacet
  facet normal -0 0 1
    outer loop
      vertex 1.19493 -6.00731 10
      vertex 1.9509 -9.80785 10
      vertex 1.77799 -5.86126 10
    endloop
  endfacet
  facet normal 0 0 1
    outer loop
      vertex 1.19493 -6.00731 10
      vertex 0.980171 -9.95185 10
      vertex 1.9509 -9.80785 10
    endloop
  endfacet
  facet normal -0 0 1
    outer loop
      vertex 0.600354 -6.09551 10
      vertex 0.980171 -9.95185 10
      vertex 1.19493 -6.00731 10
    endloop
  endfacet
  facet normal -0 0 1
    outer loop
      vertex 0 -6.125 10
      vertex 0.980171 -9.95185 10
      vertex 0.600354 -6.09551 10
    endloop
  endfacet
  facet normal 0 0 1
    outer loop
      vertex 0 -6.125 10
      vertex 0 -10 10
      vertex 0.980171 -9.95185 10
    endloop
  endfacet
  facet normal 0 0 1
    outer loop
      vertex -0.600354 -6.09551 10
      vertex 0 -10 10
      vertex 0 -6.125 10
    endloop
  endfacet
  facet normal 0 0 1
    outer loop
      vertex -0.600354 -6.09551 10
      vertex -0.980171 -9.95185 10
      vertex 0 -10 10
    endloop
  endfacet
  facet normal 0 0 1
    outer loop
      vertex -1.19493 -6.00731 10
      vertex -0.980171 -9.95185 10
      vertex -0.600354 -6.09551 10
    endloop
  endfacet
  facet normal 0 0 1
    outer loop
      vertex -1.9509 -9.80785 10
      vertex -1.19493 -6.00731 10
      vertex -1.77799 -5.86126 10
    endloop
  endfacet
  facet normal 0 0 1
    outer loop
      vertex -1.19493 -6.00731 10
      vertex -1.9509 -9.80785 10
      vertex -0.980171 -9.95185 10
    endloop
  endfacet
  facet normal 0 0 1
    outer loop
      vertex -2.90285 -9.5694 10
      vertex -1.77799 -5.86126 10
      vertex -2.34394 -5.65876 10
    endloop
  endfacet
  facet normal 0 0 1
    outer loop
      vertex -3.82683 -9.2388 10
      vertex -2.34394 -5.65876 10
      vertex -2.8873 -5.40177 10
    endloop
  endfacet
  facet normal 0 0 1
    outer loop
      vertex -1.77799 -5.86126 10
      vertex -2.90285 -9.5694 10
      vertex -1.9509 -9.80785 10
    endloop
  endfacet
  facet normal 0 0 1
    outer loop
      vertex -4.71397 -8.81921 10
      vertex -2.8873 -5.40177 10
      vertex -3.40287 -5.09275 10
    endloop
  endfacet
  facet normal 0 0 1
    outer loop
      vertex -2.34394 -5.65876 10
      vertex -3.82683 -9.2388 10
      vertex -2.90285 -9.5694 10
    endloop
  endfacet
  facet normal 0 0 1
    outer loop
      vertex -5.5557 -8.3147 10
      vertex -3.40287 -5.09275 10
      vertex -3.88566 -4.73469 10
    endloop
  endfacet
  facet normal 0 0 1
    outer loop
      vertex -6.34393 -7.7301 10
      vertex -3.88566 -4.73469 10
      vertex -4.33103 -4.33103 10
    endloop
  endfacet
  facet normal 0 0 1
    outer loop
      vertex -2.8873 -5.40177 10
      vertex -4.71397 -8.81921 10
      vertex -3.82683 -9.2388 10
    endloop
  endfacet
  facet normal 0 0 1
    outer loop
      vertex -7.07107 -7.07107 10
      vertex -4.33103 -4.33103 10
      vertex -4.73469 -3.88566 10
    endloop
  endfacet
  facet normal 0 0 1
    outer loop
      vertex -7.7301 -6.34393 10
      vertex -4.73469 -3.88566 10
      vertex -5.09275 -3.40287 10
    endloop
  endfacet
  facet normal 0 0 1
    outer loop
      vertex -8.64777 -5 10
      vertex -5.09275 -3.40287 10
      vertex -5.40177 -2.8873 10
    endloop
  endfacet
  facet normal 0 0 1
    outer loop
      vertex -3.40287 -5.09275 10
      vertex -5.5557 -8.3147 10
      vertex -4.71397 -8.81921 10
    endloop
  endfacet
  facet normal 0 0 1
    outer loop
      vertex -8.64777 -5 10
      vertex -5.40177 -2.8873 10
      vertex -5.65876 -2.34394 10
    endloop
  endfacet
  facet normal 0 0 1
    outer loop
      vertex -8.64777 -5 10
      vertex -5.65876 -2.34394 10
      vertex -5.86126 -1.77799 10
    endloop
  endfacet
  facet normal 0 0 1
    outer loop
      vertex -8.64777 -5 10
      vertex -5.86126 -1.77799 10
      vertex -6.00731 -1.19493 10
    endloop
  endfacet
  facet normal 0 0 1
    outer loop
      vertex -8.64777 -5 10
      vertex -6.00731 -1.19493 10
      vertex -6.07331 -0.75 10
    endloop
  endfacet
  facet normal 0 0 1
    outer loop
      vertex -3.88566 -4.73469 10
      vertex -6.34393 -7.7301 10
      vertex -5.5557 -8.3147 10
    endloop
  endfacet
  facet normal 0 0 1
    outer loop
      vertex -4.33103 -4.33103 10
      vertex -7.07107 -7.07107 10
      vertex -6.34393 -7.7301 10
    endloop
  endfacet
  facet normal 0 0 1
    outer loop
      vertex -4.73469 -3.88566 10
      vertex -7.7301 -6.34393 10
      vertex -7.07107 -7.07107 10
    endloop
  endfacet
  facet normal 0 0 1
    outer loop
      vertex -5.09275 -3.40287 10
      vertex -8.3147 -5.5557 10
      vertex -7.7301 -6.34393 10
    endloop
  endfacet
  facet normal 0 0 1
    outer loop
      vertex -5.09275 -3.40287 10
      vertex -8.64777 -5 10
      vertex -8.3147 -5.5557 10
    endloop
  endfacet
  facet normal -0 0 1
    outer loop
      vertex -16 -0.75 10
      vertex -8.64777 -5 10
      vertex -6.07331 -0.75 10
    endloop
  endfacet
  facet normal 0 0 1
    outer loop
      vertex -8.64777 -5 10
      vertex -16 -0.75 10
      vertex -16 -5 10
    endloop
  endfacet
  facet normal 0.671553 -0.740957 0
    outer loop
      vertex 6.34393 -7.7301 0
      vertex 7.07107 -7.07107 10
      vertex 6.34393 -7.7301 10
    endloop
  endfacet
  facet normal 0.671553 -0.740957 0
    outer loop
      vertex 7.07107 -7.07107 10
      vertex 6.34393 -7.7301 0
      vertex 7.07107 -7.07107 0
    endloop
  endfacet
  facet normal 1 -0 0
    outer loop
      vertex 24 -3 10
      vertex 24 3 0
      vertex 24 3 10
    endloop
  endfacet
  facet normal 1 0 0
    outer loop
      vertex 24 3 0
      vertex 24 -3 10
      vertex 24 -3 0
    endloop
  endfacet
  facet normal 0 1 0
    outer loop
      vertex 21.1807 3 6.05263
      vertex 24 3 10
      vertex 21.2854 3 6.07886
    endloop
  endfacet
  facet normal 0 1 0
    outer loop
      vertex 9.53464 3 10
      vertex 12.1078 3 6.0947
      vertex 12 3 6.1
    endloop
  endfacet
  facet normal 0 1 0
    outer loop
      vertex 21.079 3 6.01627
      vertex 24 3 10
      vertex 21.1807 3 6.05263
    endloop
  endfacet
  facet normal 0 1 0
    outer loop
      vertex 9.53464 3 10
      vertex 12.2146 3 6.07886
      vertex 12.1078 3 6.0947
    endloop
  endfacet
  facet normal 0 1 0
    outer loop
      vertex 20.9815 3 5.97011
      vertex 24 3 10
      vertex 21.079 3 6.01627
    endloop
  endfacet
  facet normal 0 1 0
    outer loop
      vertex 9.53464 3 10
      vertex 12.3193 3 6.05263
      vertex 12.2146 3 6.07886
    endloop
  endfacet
  facet normal 0 1 0
    outer loop
      vertex 20.8889 3 5.91462
      vertex 24 3 10
      vertex 20.9815 3 5.97011
    endloop
  endfacet
  facet normal 0 1 0
    outer loop
      vertex 9.53464 3 10
      vertex 12.421 3 6.01627
      vertex 12.3193 3 6.05263
    endloop
  endfacet
  facet normal 0 1 0
    outer loop
      vertex 24 3 10
      vertex 20.8889 3 5.91462
      vertex 9.53464 3 10
    endloop
  endfacet
  facet normal 0 1 0
    outer loop
      vertex 9.53464 3 10
      vertex 12.5185 3 5.97011
      vertex 12.421 3 6.01627
    endloop
  endfacet
  facet normal 0 1 -0
    outer loop
      vertex 12.6111 3 5.91462
      vertex 9.53464 3 10
      vertex 20.8889 3 5.91462
    endloop
  endfacet
  facet normal 0 1 0
    outer loop
      vertex 9.53464 3 10
      vertex 12.6111 3 5.91462
      vertex 12.5185 3 5.97011
    endloop
  endfacet
  facet normal 0 1 -0
    outer loop
      vertex 20.8022 3 5.85031
      vertex 12.6111 3 5.91462
      vertex 20.8889 3 5.91462
    endloop
  endfacet
  facet normal 0 1 0
    outer loop
      vertex 20.8022 3 5.85031
      vertex 12.6978 3 5.85031
      vertex 12.6111 3 5.91462
    endloop
  endfacet
  facet normal 0 1 -0
    outer loop
      vertex 20.7222 3 5.77782
      vertex 12.6978 3 5.85031
      vertex 20.8022 3 5.85031
    endloop
  endfacet
  facet normal 0 1 0
    outer loop
      vertex 20.7222 3 5.77782
      vertex 12.7778 3 5.77782
      vertex 12.6978 3 5.85031
    endloop
  endfacet
  facet normal 0 1 -0
    outer loop
      vertex 20.6497 3 5.69783
      vertex 12.7778 3 5.77782
      vertex 20.7222 3 5.77782
    endloop
  endfacet
  facet normal 0 1 0
    outer loop
      vertex 20.6497 3 5.69783
      vertex 12.8503 3 5.69783
      vertex 12.7778 3 5.77782
    endloop
  endfacet
  facet normal 0 1 -0
    outer loop
      vertex 20.5854 3 5.61113
      vertex 12.8503 3 5.69783
      vertex 20.6497 3 5.69783
    endloop
  endfacet
  facet normal 0 1 0
    outer loop
      vertex 20.5854 3 5.61113
      vertex 12.9146 3 5.61113
      vertex 12.8503 3 5.69783
    endloop
  endfacet
  facet normal 0 1 -0
    outer loop
      vertex 20.5299 3 5.51854
      vertex 12.9146 3 5.61113
      vertex 20.5854 3 5.61113
    endloop
  endfacet
  facet normal 0 1 0
    outer loop
      vertex 20.5299 3 5.51854
      vertex 12.9701 3 5.51854
      vertex 12.9146 3 5.61113
    endloop
  endfacet
  facet normal 0 1 -0
    outer loop
      vertex 20.4837 3 5.42095
      vertex 12.9701 3 5.51854
      vertex 20.5299 3 5.51854
    endloop
  endfacet
  facet normal 0 1 0
    outer loop
      vertex 20.4837 3 5.42095
      vertex 13.0163 3 5.42095
      vertex 12.9701 3 5.51854
    endloop
  endfacet
  facet normal 0 1 -0
    outer loop
      vertex 20.4474 3 5.31931
      vertex 13.0163 3 5.42095
      vertex 20.4837 3 5.42095
    endloop
  endfacet
  facet normal 0 1 0
    outer loop
      vertex 20.4474 3 5.31931
      vertex 13.0526 3 5.31931
      vertex 13.0163 3 5.42095
    endloop
  endfacet
  facet normal 0 1 -0
    outer loop
      vertex 20.4211 3 5.2146
      vertex 13.0526 3 5.31931
      vertex 20.4474 3 5.31931
    endloop
  endfacet
  facet normal 0 1 0
    outer loop
      vertex 20.4211 3 5.2146
      vertex 13.0789 3 5.2146
      vertex 13.0526 3 5.31931
    endloop
  endfacet
  facet normal 0 1 -0
    outer loop
      vertex 20.4053 3 5.10782
      vertex 13.0789 3 5.2146
      vertex 20.4211 3 5.2146
    endloop
  endfacet
  facet normal 0 1 0
    outer loop
      vertex 20.4053 3 5.10782
      vertex 13.0947 3 5.10782
      vertex 13.0789 3 5.2146
    endloop
  endfacet
  facet normal 0 1 -0
    outer loop
      vertex 20.4 3 5
      vertex 13.0947 3 5.10782
      vertex 20.4053 3 5.10782
    endloop
  endfacet
  facet normal 0 1 0
    outer loop
      vertex 20.4 3 5
      vertex 13.1 3 5
      vertex 13.0947 3 5.10782
    endloop
  endfacet
  facet normal 0 1 0
    outer loop
      vertex 20.4053 3 4.89218
      vertex 13.1 3 5
      vertex 20.4 3 5
    endloop
  endfacet
  facet normal 0 1 0
    outer loop
      vertex 20.4053 3 4.89218
      vertex 13.0947 3 4.89218
      vertex 13.1 3 5
    endloop
  endfacet
  facet normal 0 1 0
    outer loop
      vertex 20.4211 3 4.7854
      vertex 13.0947 3 4.89218
      vertex 20.4053 3 4.89218
    endloop
  endfacet
  facet normal 0 1 0
    outer loop
      vertex 20.4211 3 4.7854
      vertex 13.0789 3 4.7854
      vertex 13.0947 3 4.89218
    endloop
  endfacet
  facet normal 0 1 0
    outer loop
      vertex 20.4474 3 4.68069
      vertex 13.0789 3 4.7854
      vertex 20.4211 3 4.7854
    endloop
  endfacet
  facet normal 0 1 0
    outer loop
      vertex 20.4474 3 4.68069
      vertex 13.0526 3 4.68069
      vertex 13.0789 3 4.7854
    endloop
  endfacet
  facet normal 0 1 0
    outer loop
      vertex 20.4837 3 4.57905
      vertex 13.0526 3 4.68069
      vertex 20.4474 3 4.68069
    endloop
  endfacet
  facet normal 0 1 0
    outer loop
      vertex 20.4837 3 4.57905
      vertex 13.0163 3 4.57905
      vertex 13.0526 3 4.68069
    endloop
  endfacet
  facet normal 0 1 0
    outer loop
      vertex 20.5299 3 4.48146
      vertex 13.0163 3 4.57905
      vertex 20.4837 3 4.57905
    endloop
  endfacet
  facet normal 0 1 0
    outer loop
      vertex 20.5299 3 4.48146
      vertex 12.9701 3 4.48146
      vertex 13.0163 3 4.57905
    endloop
  endfacet
  facet normal 0 1 0
    outer loop
      vertex 20.5854 3 4.38887
      vertex 12.9701 3 4.48146
      vertex 20.5299 3 4.48146
    endloop
  endfacet
  facet normal 0 1 0
    outer loop
      vertex 20.5854 3 4.38887
      vertex 12.9146 3 4.38887
      vertex 12.9701 3 4.48146
    endloop
  endfacet
  facet normal 0 1 0
    outer loop
      vertex 20.6497 3 4.30217
      vertex 12.9146 3 4.38887
      vertex 20.5854 3 4.38887
    endloop
  endfacet
  facet normal 0 1 0
    outer loop
      vertex 20.6497 3 4.30217
      vertex 12.8503 3 4.30217
      vertex 12.9146 3 4.38887
    endloop
  endfacet
  facet normal 0 1 0
    outer loop
      vertex 20.7222 3 4.22218
      vertex 12.8503 3 4.30217
      vertex 20.6497 3 4.30217
    endloop
  endfacet
  facet normal 0 1 0
    outer loop
      vertex 20.7222 3 4.22218
      vertex 12.7778 3 4.22218
      vertex 12.8503 3 4.30217
    endloop
  endfacet
  facet normal 0 1 0
    outer loop
      vertex 20.8022 3 4.14969
      vertex 12.7778 3 4.22218
      vertex 20.7222 3 4.22218
    endloop
  endfacet
  facet normal 0 1 0
    outer loop
      vertex 20.8022 3 4.14969
      vertex 12.6978 3 4.14969
      vertex 12.7778 3 4.22218
    endloop
  endfacet
  facet normal 0 1 0
    outer loop
      vertex 20.8889 3 4.08538
      vertex 12.6978 3 4.14969
      vertex 20.8022 3 4.14969
    endloop
  endfacet
  facet normal 0 1 0
    outer loop
      vertex 20.8889 3 4.08538
      vertex 12.6111 3 4.08538
      vertex 12.6978 3 4.14969
    endloop
  endfacet
  facet normal 0 1 0
    outer loop
      vertex 24 3 0
      vertex 20.8889 3 4.08538
      vertex 20.9815 3 4.02989
    endloop
  endfacet
  facet normal 0 1 0
    outer loop
      vertex 20.8889 3 4.08538
      vertex 24 3 0
      vertex 12.6111 3 4.08538
    endloop
  endfacet
  facet normal 0 1 0
    outer loop
      vertex 24 3 0
      vertex 20.9815 3 4.02989
      vertex 21.079 3 3.98373
    endloop
  endfacet
  facet normal 0 1 0
    outer loop
      vertex 9.53464 3 0
      vertex 12.6111 3 4.08538
      vertex 24 3 0
    endloop
  endfacet
  facet normal 0 1 0
    outer loop
      vertex 24 3 0
      vertex 21.079 3 3.98373
      vertex 21.1807 3 3.94736
    endloop
  endfacet
  facet normal 0 1 0
    outer loop
      vertex 12.6111 3 4.08538
      vertex 9.53464 3 0
      vertex 12.5185 3 4.02989
    endloop
  endfacet
  facet normal 0 1 0
    outer loop
      vertex 24 3 0
      vertex 21.1807 3 3.94736
      vertex 21.2854 3 3.92114
    endloop
  endfacet
  facet normal 0 1 0
    outer loop
      vertex 12.5185 3 4.02989
      vertex 9.53464 3 0
      vertex 12.421 3 3.98373
    endloop
  endfacet
  facet normal 0 1 0
    outer loop
      vertex 24 3 0
      vertex 21.2854 3 3.92114
      vertex 21.3922 3 3.9053
    endloop
  endfacet
  facet normal 0 1 0
    outer loop
      vertex 12.421 3 3.98373
      vertex 9.53464 3 0
      vertex 12.3193 3 3.94736
    endloop
  endfacet
  facet normal 0 1 0
    outer loop
      vertex 24 3 0
      vertex 21.3922 3 3.9053
      vertex 21.5 3 3.9
    endloop
  endfacet
  facet normal 0 1 0
    outer loop
      vertex 12.3193 3 3.94736
      vertex 9.53464 3 0
      vertex 12.2146 3 3.92114
    endloop
  endfacet
  facet normal 0 1 0
    outer loop
      vertex 21.3922 3 6.0947
      vertex 24 3 10
      vertex 21.5 3 6.1
    endloop
  endfacet
  facet normal 0 1 0
    outer loop
      vertex 24 3 10
      vertex 21.6078 3 6.0947
      vertex 21.5 3 6.1
    endloop
  endfacet
  facet normal 0 1 0
    outer loop
      vertex 24 3 10
      vertex 21.7146 3 6.07886
      vertex 21.6078 3 6.0947
    endloop
  endfacet
  facet normal 0 1 0
    outer loop
      vertex 24 3 10
      vertex 21.8193 3 6.05263
      vertex 21.7146 3 6.07886
    endloop
  endfacet
  facet normal 0 1 0
    outer loop
      vertex 24 3 10
      vertex 21.921 3 6.01627
      vertex 21.8193 3 6.05263
    endloop
  endfacet
  facet normal 0 1 0
    outer loop
      vertex 24 3 10
      vertex 22.0185 3 5.97011
      vertex 21.921 3 6.01627
    endloop
  endfacet
  facet normal 0 1 0
    outer loop
      vertex 24 3 10
      vertex 22.1111 3 5.91462
      vertex 22.0185 3 5.97011
    endloop
  endfacet
  facet normal 0 1 0
    outer loop
      vertex 24 3 10
      vertex 22.1978 3 5.85031
      vertex 22.1111 3 5.91462
    endloop
  endfacet
  facet normal 0 1 0
    outer loop
      vertex 24 3 10
      vertex 22.2778 3 5.77782
      vertex 22.1978 3 5.85031
    endloop
  endfacet
  facet normal 0 1 0
    outer loop
      vertex 24 3 10
      vertex 22.3503 3 5.69783
      vertex 22.2778 3 5.77782
    endloop
  endfacet
  facet normal 0 1 0
    outer loop
      vertex 24 3 10
      vertex 22.4146 3 5.61113
      vertex 22.3503 3 5.69783
    endloop
  endfacet
  facet normal 0 1 0
    outer loop
      vertex 24 3 10
      vertex 22.4701 3 5.51854
      vertex 22.4146 3 5.61113
    endloop
  endfacet
  facet normal 0 1 0
    outer loop
      vertex 24 3 10
      vertex 22.5163 3 5.42095
      vertex 22.4701 3 5.51854
    endloop
  endfacet
  facet normal 0 1 0
    outer loop
      vertex 24 3 10
      vertex 22.5526 3 5.31931
      vertex 22.5163 3 5.42095
    endloop
  endfacet
  facet normal 0 1 0
    outer loop
      vertex 24 3 10
      vertex 22.5789 3 5.2146
      vertex 22.5526 3 5.31931
    endloop
  endfacet
  facet normal 0 1 0
    outer loop
      vertex 24 3 10
      vertex 22.5947 3 5.10782
      vertex 22.5789 3 5.2146
    endloop
  endfacet
  facet normal 0 1 0
    outer loop
      vertex 24 3 10
      vertex 22.6 3 5
      vertex 22.5947 3 5.10782
    endloop
  endfacet
  facet normal 0 1 -0
    outer loop
      vertex 24 3 0
      vertex 22.6 3 5
      vertex 24 3 10
    endloop
  endfacet
  facet normal 0 1 0
    outer loop
      vertex 22.6 3 5
      vertex 24 3 0
      vertex 22.5947 3 4.89218
    endloop
  endfacet
  facet normal 0 1 0
    outer loop
      vertex 22.5947 3 4.89218
      vertex 24 3 0
      vertex 22.5789 3 4.7854
    endloop
  endfacet
  facet normal 0 1 0
    outer loop
      vertex 12.2146 3 3.92114
      vertex 9.53464 3 0
      vertex 12.1078 3 3.9053
    endloop
  endfacet
  facet normal 0 1 0
    outer loop
      vertex 21.6078 3 3.9053
      vertex 24 3 0
      vertex 21.5 3 3.9
    endloop
  endfacet
  facet normal 0 1 0
    outer loop
      vertex 21.7146 3 3.92114
      vertex 24 3 0
      vertex 21.6078 3 3.9053
    endloop
  endfacet
  facet normal 0 1 0
    outer loop
      vertex 21.8193 3 3.94736
      vertex 24 3 0
      vertex 21.7146 3 3.92114
    endloop
  endfacet
  facet normal 0 1 0
    outer loop
      vertex 21.921 3 3.98373
      vertex 24 3 0
      vertex 21.8193 3 3.94736
    endloop
  endfacet
  facet normal 0 1 0
    outer loop
      vertex 22.0185 3 4.02989
      vertex 24 3 0
      vertex 21.921 3 3.98373
    endloop
  endfacet
  facet normal 0 1 0
    outer loop
      vertex 22.1111 3 4.08538
      vertex 24 3 0
      vertex 22.0185 3 4.02989
    endloop
  endfacet
  facet normal 0 1 0
    outer loop
      vertex 22.1978 3 4.14969
      vertex 24 3 0
      vertex 22.1111 3 4.08538
    endloop
  endfacet
  facet normal 0 1 0
    outer loop
      vertex 22.2778 3 4.22218
      vertex 24 3 0
      vertex 22.1978 3 4.14969
    endloop
  endfacet
  facet normal 0 1 0
    outer loop
      vertex 22.3503 3 4.30217
      vertex 24 3 0
      vertex 22.2778 3 4.22218
    endloop
  endfacet
  facet normal 0 1 0
    outer loop
      vertex 22.4146 3 4.38887
      vertex 24 3 0
      vertex 22.3503 3 4.30217
    endloop
  endfacet
  facet normal 0 1 0
    outer loop
      vertex 22.4701 3 4.48146
      vertex 24 3 0
      vertex 22.4146 3 4.38887
    endloop
  endfacet
  facet normal 0 1 0
    outer loop
      vertex 22.5163 3 4.57905
      vertex 24 3 0
      vertex 22.4701 3 4.48146
    endloop
  endfacet
  facet normal 0 1 0
    outer loop
      vertex 22.5526 3 4.68069
      vertex 24 3 0
      vertex 22.5163 3 4.57905
    endloop
  endfacet
  facet normal 0 1 0
    outer loop
      vertex 22.5789 3 4.7854
      vertex 24 3 0
      vertex 22.5526 3 4.68069
    endloop
  endfacet
  facet normal 0 1 0
    outer loop
      vertex 21.2854 3 6.07886
      vertex 24 3 10
      vertex 21.3922 3 6.0947
    endloop
  endfacet
  facet normal 0 1 -0
    outer loop
      vertex 11.8922 3 6.0947
      vertex 9.53464 3 10
      vertex 12 3 6.1
    endloop
  endfacet
  facet normal 0 1 -0
    outer loop
      vertex 11.7854 3 6.07886
      vertex 9.53464 3 10
      vertex 11.8922 3 6.0947
    endloop
  endfacet
  facet normal 0 1 -0
    outer loop
      vertex 11.6807 3 6.05263
      vertex 9.53464 3 10
      vertex 11.7854 3 6.07886
    endloop
  endfacet
  facet normal 0 1 -0
    outer loop
      vertex 11.579 3 6.01627
      vertex 9.53464 3 10
      vertex 11.6807 3 6.05263
    endloop
  endfacet
  facet normal 0 1 -0
    outer loop
      vertex 11.4815 3 5.97011
      vertex 9.53464 3 10
      vertex 11.579 3 6.01627
    endloop
  endfacet
  facet normal 0 1 -0
    outer loop
      vertex 11.3889 3 5.91462
      vertex 9.53464 3 10
      vertex 11.4815 3 5.97011
    endloop
  endfacet
  facet normal 0 1 -0
    outer loop
      vertex 11.3022 3 5.85031
      vertex 9.53464 3 10
      vertex 11.3889 3 5.91462
    endloop
  endfacet
  facet normal 0 1 -0
    outer loop
      vertex 11.2222 3 5.77782
      vertex 9.53464 3 10
      vertex 11.3022 3 5.85031
    endloop
  endfacet
  facet normal 0 1 -0
    outer loop
      vertex 11.1497 3 5.69783
      vertex 9.53464 3 10
      vertex 11.2222 3 5.77782
    endloop
  endfacet
  facet normal 0 1 -0
    outer loop
      vertex 11.0854 3 5.61113
      vertex 9.53464 3 10
      vertex 11.1497 3 5.69783
    endloop
  endfacet
  facet normal 0 1 -0
    outer loop
      vertex 11.0299 3 5.51854
      vertex 9.53464 3 10
      vertex 11.0854 3 5.61113
    endloop
  endfacet
  facet normal 0 1 -0
    outer loop
      vertex 10.9837 3 5.42095
      vertex 9.53464 3 10
      vertex 11.0299 3 5.51854
    endloop
  endfacet
  facet normal 0 1 -0
    outer loop
      vertex 10.9474 3 5.31931
      vertex 9.53464 3 10
      vertex 10.9837 3 5.42095
    endloop
  endfacet
  facet normal 0 1 -0
    outer loop
      vertex 10.9211 3 5.2146
      vertex 9.53464 3 10
      vertex 10.9474 3 5.31931
    endloop
  endfacet
  facet normal 0 1 -0
    outer loop
      vertex 10.9053 3 5.10782
      vertex 9.53464 3 10
      vertex 10.9211 3 5.2146
    endloop
  endfacet
  facet normal 0 1 -0
    outer loop
      vertex 10.9 3 5
      vertex 9.53464 3 10
      vertex 10.9053 3 5.10782
    endloop
  endfacet
  facet normal 0 1 0
    outer loop
      vertex 9.53464 3 0
      vertex 10.9 3 5
      vertex 10.9053 3 4.89218
    endloop
  endfacet
  facet normal 0 1 0
    outer loop
      vertex 9.53464 3 0
      vertex 10.9053 3 4.89218
      vertex 10.9211 3 4.7854
    endloop
  endfacet
  facet normal 0 1 0
    outer loop
      vertex 9.53464 3 0
      vertex 10.9211 3 4.7854
      vertex 10.9474 3 4.68069
    endloop
  endfacet
  facet normal 0 1 0
    outer loop
      vertex 12.1078 3 3.9053
      vertex 9.53464 3 0
      vertex 12 3 3.9
    endloop
  endfacet
  facet normal 0 1 0
    outer loop
      vertex 12 3 3.9
      vertex 9.53464 3 0
      vertex 11.8922 3 3.9053
    endloop
  endfacet
  facet normal 0 1 0
    outer loop
      vertex 11.8922 3 3.9053
      vertex 9.53464 3 0
      vertex 11.7854 3 3.92114
    endloop
  endfacet
  facet normal 0 1 0
    outer loop
      vertex 10.9 3 5
      vertex 9.53464 3 0
      vertex 9.53464 3 10
    endloop
  endfacet
  facet normal 0 1 0
    outer loop
      vertex 10.9837 3 4.57905
      vertex 9.53464 3 0
      vertex 10.9474 3 4.68069
    endloop
  endfacet
  facet normal 0 1 0
    outer loop
      vertex 11.0299 3 4.48146
      vertex 9.53464 3 0
      vertex 10.9837 3 4.57905
    endloop
  endfacet
  facet normal 0 1 0
    outer loop
      vertex 11.0854 3 4.38887
      vertex 9.53464 3 0
      vertex 11.0299 3 4.48146
    endloop
  endfacet
  facet normal 0 1 0
    outer loop
      vertex 11.1497 3 4.30217
      vertex 9.53464 3 0
      vertex 11.0854 3 4.38887
    endloop
  endfacet
  facet normal 0 1 0
    outer loop
      vertex 11.2222 3 4.22218
      vertex 9.53464 3 0
      vertex 11.1497 3 4.30217
    endloop
  endfacet
  facet normal 0 1 0
    outer loop
      vertex 11.3022 3 4.14969
      vertex 9.53464 3 0
      vertex 11.2222 3 4.22218
    endloop
  endfacet
  facet normal 0 1 0
    outer loop
      vertex 11.3889 3 4.08538
      vertex 9.53464 3 0
      vertex 11.3022 3 4.14969
    endloop
  endfacet
  facet normal 0 1 0
    outer loop
      vertex 11.4815 3 4.02989
      vertex 9.53464 3 0
      vertex 11.3889 3 4.08538
    endloop
  endfacet
  facet normal 0 1 0
    outer loop
      vertex 11.579 3 3.98373
      vertex 9.53464 3 0
      vertex 11.4815 3 4.02989
    endloop
  endfacet
  facet normal 0 1 0
    outer loop
      vertex 11.6807 3 3.94736
      vertex 9.53464 3 0
      vertex 11.579 3 3.98373
    endloop
  endfacet
  facet normal 0 1 0
    outer loop
      vertex 11.7854 3 3.92114
      vertex 9.53464 3 0
      vertex 11.6807 3 3.94736
    endloop
  endfacet
  facet normal 0 -1 0
    outer loop
      vertex 12.3193 -3 6.05263
      vertex 9.53464 -3 10
      vertex 12.2146 -3 6.07886
    endloop
  endfacet
  facet normal 0 -1 0
    outer loop
      vertex 24 -3 10
      vertex 21.3922 -3 6.0947
      vertex 21.5 -3 6.1
    endloop
  endfacet
  facet normal 0 -1 0
    outer loop
      vertex 12.421 -3 6.01627
      vertex 9.53464 -3 10
      vertex 12.3193 -3 6.05263
    endloop
  endfacet
  facet normal 0 -1 0
    outer loop
      vertex 24 -3 10
      vertex 21.2854 -3 6.07886
      vertex 21.3922 -3 6.0947
    endloop
  endfacet
  facet normal 0 -1 0
    outer loop
      vertex 12.5185 -3 5.97011
      vertex 9.53464 -3 10
      vertex 12.421 -3 6.01627
    endloop
  endfacet
  facet normal 0 -1 0
    outer loop
      vertex 24 -3 10
      vertex 21.1807 -3 6.05263
      vertex 21.2854 -3 6.07886
    endloop
  endfacet
  facet normal 0 -1 0
    outer loop
      vertex 12.6111 -3 5.91462
      vertex 9.53464 -3 10
      vertex 12.5185 -3 5.97011
    endloop
  endfacet
  facet normal 0 -1 0
    outer loop
      vertex 24 -3 10
      vertex 21.079 -3 6.01627
      vertex 21.1807 -3 6.05263
    endloop
  endfacet
  facet normal 0 -1 0
    outer loop
      vertex 9.53464 -3 10
      vertex 12.6111 -3 5.91462
      vertex 24 -3 10
    endloop
  endfacet
  facet normal 0 -1 0
    outer loop
      vertex 24 -3 10
      vertex 20.9815 -3 5.97011
      vertex 21.079 -3 6.01627
    endloop
  endfacet
  facet normal 0 -1 0
    outer loop
      vertex 20.8889 -3 5.91462
      vertex 24 -3 10
      vertex 12.6111 -3 5.91462
    endloop
  endfacet
  facet normal 0 -1 0
    outer loop
      vertex 24 -3 10
      vertex 20.8889 -3 5.91462
      vertex 20.9815 -3 5.97011
    endloop
  endfacet
  facet normal 0 -1 0
    outer loop
      vertex 12.6978 -3 5.85031
      vertex 20.8889 -3 5.91462
      vertex 12.6111 -3 5.91462
    endloop
  endfacet
  facet normal 0 -1 0
    outer loop
      vertex 12.6978 -3 5.85031
      vertex 20.8022 -3 5.85031
      vertex 20.8889 -3 5.91462
    endloop
  endfacet
  facet normal 0 -1 0
    outer loop
      vertex 12.7778 -3 5.77782
      vertex 20.8022 -3 5.85031
      vertex 12.6978 -3 5.85031
    endloop
  endfacet
  facet normal 0 -1 0
    outer loop
      vertex 12.7778 -3 5.77782
      vertex 20.7222 -3 5.77782
      vertex 20.8022 -3 5.85031
    endloop
  endfacet
  facet normal 0 -1 0
    outer loop
      vertex 12.8503 -3 5.69783
      vertex 20.7222 -3 5.77782
      vertex 12.7778 -3 5.77782
    endloop
  endfacet
  facet normal 0 -1 0
    outer loop
      vertex 12.8503 -3 5.69783
      vertex 20.6497 -3 5.69783
      vertex 20.7222 -3 5.77782
    endloop
  endfacet
  facet normal 0 -1 0
    outer loop
      vertex 12.9146 -3 5.61113
      vertex 20.6497 -3 5.69783
      vertex 12.8503 -3 5.69783
    endloop
  endfacet
  facet normal 0 -1 0
    outer loop
      vertex 12.9146 -3 5.61113
      vertex 20.5854 -3 5.61113
      vertex 20.6497 -3 5.69783
    endloop
  endfacet
  facet normal 0 -1 0
    outer loop
      vertex 12.9701 -3 5.51854
      vertex 20.5854 -3 5.61113
      vertex 12.9146 -3 5.61113
    endloop
  endfacet
  facet normal 0 -1 0
    outer loop
      vertex 12.9701 -3 5.51854
      vertex 20.5299 -3 5.51854
      vertex 20.5854 -3 5.61113
    endloop
  endfacet
  facet normal 0 -1 0
    outer loop
      vertex 13.0163 -3 5.42095
      vertex 20.5299 -3 5.51854
      vertex 12.9701 -3 5.51854
    endloop
  endfacet
  facet normal 0 -1 0
    outer loop
      vertex 13.0163 -3 5.42095
      vertex 20.4837 -3 5.42095
      vertex 20.5299 -3 5.51854
    endloop
  endfacet
  facet normal 0 -1 0
    outer loop
      vertex 13.0526 -3 5.31931
      vertex 20.4837 -3 5.42095
      vertex 13.0163 -3 5.42095
    endloop
  endfacet
  facet normal 0 -1 0
    outer loop
      vertex 13.0526 -3 5.31931
      vertex 20.4474 -3 5.31931
      vertex 20.4837 -3 5.42095
    endloop
  endfacet
  facet normal 0 -1 0
    outer loop
      vertex 13.0789 -3 5.2146
      vertex 20.4474 -3 5.31931
      vertex 13.0526 -3 5.31931
    endloop
  endfacet
  facet normal 0 -1 0
    outer loop
      vertex 13.0789 -3 5.2146
      vertex 20.4211 -3 5.2146
      vertex 20.4474 -3 5.31931
    endloop
  endfacet
  facet normal 0 -1 0
    outer loop
      vertex 13.0947 -3 5.10782
      vertex 20.4211 -3 5.2146
      vertex 13.0789 -3 5.2146
    endloop
  endfacet
  facet normal 0 -1 0
    outer loop
      vertex 13.0947 -3 5.10782
      vertex 20.4053 -3 5.10782
      vertex 20.4211 -3 5.2146
    endloop
  endfacet
  facet normal 0 -1 0
    outer loop
      vertex 13.1 -3 5
      vertex 20.4053 -3 5.10782
      vertex 13.0947 -3 5.10782
    endloop
  endfacet
  facet normal 0 -1 0
    outer loop
      vertex 13.1 -3 5
      vertex 20.4 -3 5
      vertex 20.4053 -3 5.10782
    endloop
  endfacet
  facet normal 0 -1 0
    outer loop
      vertex 13.0947 -3 4.89218
      vertex 20.4 -3 5
      vertex 13.1 -3 5
    endloop
  endfacet
  facet normal 0 -1 0
    outer loop
      vertex 13.0947 -3 4.89218
      vertex 20.4053 -3 4.89218
      vertex 20.4 -3 5
    endloop
  endfacet
  facet normal 0 -1 0
    outer loop
      vertex 13.0789 -3 4.7854
      vertex 20.4053 -3 4.89218
      vertex 13.0947 -3 4.89218
    endloop
  endfacet
  facet normal 0 -1 0
    outer loop
      vertex 13.0789 -3 4.7854
      vertex 20.4211 -3 4.7854
      vertex 20.4053 -3 4.89218
    endloop
  endfacet
  facet normal 0 -1 0
    outer loop
      vertex 13.0526 -3 4.68069
      vertex 20.4211 -3 4.7854
      vertex 13.0789 -3 4.7854
    endloop
  endfacet
  facet normal 0 -1 0
    outer loop
      vertex 13.0526 -3 4.68069
      vertex 20.4474 -3 4.68069
      vertex 20.4211 -3 4.7854
    endloop
  endfacet
  facet normal 0 -1 0
    outer loop
      vertex 13.0163 -3 4.57905
      vertex 20.4474 -3 4.68069
      vertex 13.0526 -3 4.68069
    endloop
  endfacet
  facet normal 0 -1 0
    outer loop
      vertex 13.0163 -3 4.57905
      vertex 20.4837 -3 4.57905
      vertex 20.4474 -3 4.68069
    endloop
  endfacet
  facet normal 0 -1 0
    outer loop
      vertex 12.9701 -3 4.48146
      vertex 20.4837 -3 4.57905
      vertex 13.0163 -3 4.57905
    endloop
  endfacet
  facet normal 0 -1 0
    outer loop
      vertex 12.9701 -3 4.48146
      vertex 20.5299 -3 4.48146
      vertex 20.4837 -3 4.57905
    endloop
  endfacet
  facet normal 0 -1 0
    outer loop
      vertex 12.9146 -3 4.38887
      vertex 20.5299 -3 4.48146
      vertex 12.9701 -3 4.48146
    endloop
  endfacet
  facet normal 0 -1 0
    outer loop
      vertex 12.9146 -3 4.38887
      vertex 20.5854 -3 4.38887
      vertex 20.5299 -3 4.48146
    endloop
  endfacet
  facet normal 0 -1 0
    outer loop
      vertex 12.8503 -3 4.30217
      vertex 20.5854 -3 4.38887
      vertex 12.9146 -3 4.38887
    endloop
  endfacet
  facet normal 0 -1 0
    outer loop
      vertex 12.8503 -3 4.30217
      vertex 20.6497 -3 4.30217
      vertex 20.5854 -3 4.38887
    endloop
  endfacet
  facet normal 0 -1 0
    outer loop
      vertex 12.7778 -3 4.22218
      vertex 20.6497 -3 4.30217
      vertex 12.8503 -3 4.30217
    endloop
  endfacet
  facet normal 0 -1 0
    outer loop
      vertex 12.7778 -3 4.22218
      vertex 20.7222 -3 4.22218
      vertex 20.6497 -3 4.30217
    endloop
  endfacet
  facet normal 0 -1 0
    outer loop
      vertex 12.6978 -3 4.14969
      vertex 20.7222 -3 4.22218
      vertex 12.7778 -3 4.22218
    endloop
  endfacet
  facet normal 0 -1 0
    outer loop
      vertex 12.6978 -3 4.14969
      vertex 20.8022 -3 4.14969
      vertex 20.7222 -3 4.22218
    endloop
  endfacet
  facet normal 0 -1 0
    outer loop
      vertex 12.6111 -3 4.08538
      vertex 20.8022 -3 4.14969
      vertex 12.6978 -3 4.14969
    endloop
  endfacet
  facet normal 0 -1 0
    outer loop
      vertex 12.6111 -3 4.08538
      vertex 20.8889 -3 4.08538
      vertex 20.8022 -3 4.14969
    endloop
  endfacet
  facet normal 0 -1 0
    outer loop
      vertex 9.53464 -3 0
      vertex 12.6111 -3 4.08538
      vertex 12.5185 -3 4.02989
    endloop
  endfacet
  facet normal 0 -1 -0
    outer loop
      vertex 12.6111 -3 4.08538
      vertex 9.53464 -3 0
      vertex 20.8889 -3 4.08538
    endloop
  endfacet
  facet normal 0 -1 0
    outer loop
      vertex 9.53464 -3 0
      vertex 12.5185 -3 4.02989
      vertex 12.421 -3 3.98373
    endloop
  endfacet
  facet normal 0 -1 0
    outer loop
      vertex 24 -3 0
      vertex 20.8889 -3 4.08538
      vertex 9.53464 -3 0
    endloop
  endfacet
  facet normal 0 -1 0
    outer loop
      vertex 9.53464 -3 0
      vertex 12.421 -3 3.98373
      vertex 12.3193 -3 3.94736
    endloop
  endfacet
  facet normal 0 -1 0
    outer loop
      vertex 20.8889 -3 4.08538
      vertex 24 -3 0
      vertex 20.9815 -3 4.02989
    endloop
  endfacet
  facet normal 0 -1 0
    outer loop
      vertex 9.53464 -3 0
      vertex 12.3193 -3 3.94736
      vertex 12.2146 -3 3.92114
    endloop
  endfacet
  facet normal 0 -1 0
    outer loop
      vertex 20.9815 -3 4.02989
      vertex 24 -3 0
      vertex 21.079 -3 3.98373
    endloop
  endfacet
  facet normal 0 -1 0
    outer loop
      vertex 9.53464 -3 0
      vertex 12.2146 -3 3.92114
      vertex 12.1078 -3 3.9053
    endloop
  endfacet
  facet normal 0 -1 0
    outer loop
      vertex 21.079 -3 3.98373
      vertex 24 -3 0
      vertex 21.1807 -3 3.94736
    endloop
  endfacet
  facet normal 0 -1 0
    outer loop
      vertex 9.53464 -3 0
      vertex 12.1078 -3 3.9053
      vertex 12 -3 3.9
    endloop
  endfacet
  facet normal 0 -1 0
    outer loop
      vertex 21.1807 -3 3.94736
      vertex 24 -3 0
      vertex 21.2854 -3 3.92114
    endloop
  endfacet
  facet normal 0 -1 0
    outer loop
      vertex 12.1078 -3 6.0947
      vertex 9.53464 -3 10
      vertex 12 -3 6.1
    endloop
  endfacet
  facet normal 0 -1 0
    outer loop
      vertex 9.53464 -3 10
      vertex 11.8922 -3 6.0947
      vertex 12 -3 6.1
    endloop
  endfacet
  facet normal 0 -1 0
    outer loop
      vertex 9.53464 -3 10
      vertex 11.7854 -3 6.07886
      vertex 11.8922 -3 6.0947
    endloop
  endfacet
  facet normal 0 -1 0
    outer loop
      vertex 9.53464 -3 10
      vertex 11.6807 -3 6.05263
      vertex 11.7854 -3 6.07886
    endloop
  endfacet
  facet normal 0 -1 0
    outer loop
      vertex 9.53464 -3 10
      vertex 11.579 -3 6.01627
      vertex 11.6807 -3 6.05263
    endloop
  endfacet
  facet normal 0 -1 0
    outer loop
      vertex 9.53464 -3 10
      vertex 11.4815 -3 5.97011
      vertex 11.579 -3 6.01627
    endloop
  endfacet
  facet normal 0 -1 0
    outer loop
      vertex 9.53464 -3 10
      vertex 11.3889 -3 5.91462
      vertex 11.4815 -3 5.97011
    endloop
  endfacet
  facet normal 0 -1 0
    outer loop
      vertex 9.53464 -3 10
      vertex 11.3022 -3 5.85031
      vertex 11.3889 -3 5.91462
    endloop
  endfacet
  facet normal 0 -1 0
    outer loop
      vertex 9.53464 -3 10
      vertex 11.2222 -3 5.77782
      vertex 11.3022 -3 5.85031
    endloop
  endfacet
  facet normal 0 -1 0
    outer loop
      vertex 9.53464 -3 10
      vertex 11.1497 -3 5.69783
      vertex 11.2222 -3 5.77782
    endloop
  endfacet
  facet normal 0 -1 0
    outer loop
      vertex 9.53464 -3 10
      vertex 11.0854 -3 5.61113
      vertex 11.1497 -3 5.69783
    endloop
  endfacet
  facet normal 0 -1 0
    outer loop
      vertex 9.53464 -3 10
      vertex 11.0299 -3 5.51854
      vertex 11.0854 -3 5.61113
    endloop
  endfacet
  facet normal 0 -1 0
    outer loop
      vertex 9.53464 -3 10
      vertex 10.9837 -3 5.42095
      vertex 11.0299 -3 5.51854
    endloop
  endfacet
  facet normal 0 -1 0
    outer loop
      vertex 9.53464 -3 10
      vertex 10.9474 -3 5.31931
      vertex 10.9837 -3 5.42095
    endloop
  endfacet
  facet normal 0 -1 0
    outer loop
      vertex 9.53464 -3 10
      vertex 10.9211 -3 5.2146
      vertex 10.9474 -3 5.31931
    endloop
  endfacet
  facet normal 0 -1 0
    outer loop
      vertex 9.53464 -3 10
      vertex 10.9053 -3 5.10782
      vertex 10.9211 -3 5.2146
    endloop
  endfacet
  facet normal 0 -1 0
    outer loop
      vertex 9.53464 -3 10
      vertex 10.9 -3 5
      vertex 10.9053 -3 5.10782
    endloop
  endfacet
  facet normal 0 -1 0
    outer loop
      vertex 9.53464 -3 0
      vertex 10.9 -3 5
      vertex 9.53464 -3 10
    endloop
  endfacet
  facet normal 0 -1 -0
    outer loop
      vertex 10.9 -3 5
      vertex 9.53464 -3 0
      vertex 10.9053 -3 4.89218
    endloop
  endfacet
  facet normal 0 -1 -0
    outer loop
      vertex 10.9053 -3 4.89218
      vertex 9.53464 -3 0
      vertex 10.9211 -3 4.7854
    endloop
  endfacet
  facet normal 0 -1 0
    outer loop
      vertex 21.2854 -3 3.92114
      vertex 24 -3 0
      vertex 21.3922 -3 3.9053
    endloop
  endfacet
  facet normal 0 -1 -0
    outer loop
      vertex 11.8922 -3 3.9053
      vertex 9.53464 -3 0
      vertex 12 -3 3.9
    endloop
  endfacet
  facet normal 0 -1 -0
    outer loop
      vertex 11.7854 -3 3.92114
      vertex 9.53464 -3 0
      vertex 11.8922 -3 3.9053
    endloop
  endfacet
  facet normal 0 -1 -0
    outer loop
      vertex 11.6807 -3 3.94736
      vertex 9.53464 -3 0
      vertex 11.7854 -3 3.92114
    endloop
  endfacet
  facet normal 0 -1 -0
    outer loop
      vertex 11.579 -3 3.98373
      vertex 9.53464 -3 0
      vertex 11.6807 -3 3.94736
    endloop
  endfacet
  facet normal 0 -1 -0
    outer loop
      vertex 11.4815 -3 4.02989
      vertex 9.53464 -3 0
      vertex 11.579 -3 3.98373
    endloop
  endfacet
  facet normal 0 -1 -0
    outer loop
      vertex 11.3889 -3 4.08538
      vertex 9.53464 -3 0
      vertex 11.4815 -3 4.02989
    endloop
  endfacet
  facet normal 0 -1 -0
    outer loop
      vertex 11.3022 -3 4.14969
      vertex 9.53464 -3 0
      vertex 11.3889 -3 4.08538
    endloop
  endfacet
  facet normal 0 -1 -0
    outer loop
      vertex 11.2222 -3 4.22218
      vertex 9.53464 -3 0
      vertex 11.3022 -3 4.14969
    endloop
  endfacet
  facet normal 0 -1 -0
    outer loop
      vertex 11.1497 -3 4.30217
      vertex 9.53464 -3 0
      vertex 11.2222 -3 4.22218
    endloop
  endfacet
  facet normal 0 -1 -0
    outer loop
      vertex 11.0854 -3 4.38887
      vertex 9.53464 -3 0
      vertex 11.1497 -3 4.30217
    endloop
  endfacet
  facet normal 0 -1 -0
    outer loop
      vertex 11.0299 -3 4.48146
      vertex 9.53464 -3 0
      vertex 11.0854 -3 4.38887
    endloop
  endfacet
  facet normal 0 -1 -0
    outer loop
      vertex 10.9837 -3 4.57905
      vertex 9.53464 -3 0
      vertex 11.0299 -3 4.48146
    endloop
  endfacet
  facet normal 0 -1 -0
    outer loop
      vertex 10.9474 -3 4.68069
      vertex 9.53464 -3 0
      vertex 10.9837 -3 4.57905
    endloop
  endfacet
  facet normal 0 -1 -0
    outer loop
      vertex 10.9211 -3 4.7854
      vertex 9.53464 -3 0
      vertex 10.9474 -3 4.68069
    endloop
  endfacet
  facet normal 0 -1 0
    outer loop
      vertex 12.2146 -3 6.07886
      vertex 9.53464 -3 10
      vertex 12.1078 -3 6.0947
    endloop
  endfacet
  facet normal 0 -1 0
    outer loop
      vertex 21.6078 -3 6.0947
      vertex 24 -3 10
      vertex 21.5 -3 6.1
    endloop
  endfacet
  facet normal 0 -1 0
    outer loop
      vertex 21.7146 -3 6.07886
      vertex 24 -3 10
      vertex 21.6078 -3 6.0947
    endloop
  endfacet
  facet normal 0 -1 0
    outer loop
      vertex 21.8193 -3 6.05263
      vertex 24 -3 10
      vertex 21.7146 -3 6.07886
    endloop
  endfacet
  facet normal 0 -1 0
    outer loop
      vertex 21.921 -3 6.01627
      vertex 24 -3 10
      vertex 21.8193 -3 6.05263
    endloop
  endfacet
  facet normal 0 -1 0
    outer loop
      vertex 22.0185 -3 5.97011
      vertex 24 -3 10
      vertex 21.921 -3 6.01627
    endloop
  endfacet
  facet normal 0 -1 0
    outer loop
      vertex 22.1111 -3 5.91462
      vertex 24 -3 10
      vertex 22.0185 -3 5.97011
    endloop
  endfacet
  facet normal 0 -1 0
    outer loop
      vertex 22.1978 -3 5.85031
      vertex 24 -3 10
      vertex 22.1111 -3 5.91462
    endloop
  endfacet
  facet normal 0 -1 0
    outer loop
      vertex 22.2778 -3 5.77782
      vertex 24 -3 10
      vertex 22.1978 -3 5.85031
    endloop
  endfacet
  facet normal 0 -1 0
    outer loop
      vertex 22.3503 -3 5.69783
      vertex 24 -3 10
      vertex 22.2778 -3 5.77782
    endloop
  endfacet
  facet normal 0 -1 0
    outer loop
      vertex 22.4146 -3 5.61113
      vertex 24 -3 10
      vertex 22.3503 -3 5.69783
    endloop
  endfacet
  facet normal 0 -1 0
    outer loop
      vertex 22.4701 -3 5.51854
      vertex 24 -3 10
      vertex 22.4146 -3 5.61113
    endloop
  endfacet
  facet normal 0 -1 0
    outer loop
      vertex 22.5163 -3 5.42095
      vertex 24 -3 10
      vertex 22.4701 -3 5.51854
    endloop
  endfacet
  facet normal 0 -1 0
    outer loop
      vertex 22.5526 -3 5.31931
      vertex 24 -3 10
      vertex 22.5163 -3 5.42095
    endloop
  endfacet
  facet normal 0 -1 0
    outer loop
      vertex 22.5789 -3 5.2146
      vertex 24 -3 10
      vertex 22.5526 -3 5.31931
    endloop
  endfacet
  facet normal 0 -1 0
    outer loop
      vertex 22.5947 -3 5.10782
      vertex 24 -3 10
      vertex 22.5789 -3 5.2146
    endloop
  endfacet
  facet normal 0 -1 0
    outer loop
      vertex 22.6 -3 5
      vertex 24 -3 10
      vertex 22.5947 -3 5.10782
    endloop
  endfacet
  facet normal 0 -1 0
    outer loop
      vertex 24 -3 0
      vertex 22.6 -3 5
      vertex 22.5947 -3 4.89218
    endloop
  endfacet
  facet normal 0 -1 0
    outer loop
      vertex 24 -3 0
      vertex 22.5947 -3 4.89218
      vertex 22.5789 -3 4.7854
    endloop
  endfacet
  facet normal 0 -1 0
    outer loop
      vertex 24 -3 0
      vertex 22.5789 -3 4.7854
      vertex 22.5526 -3 4.68069
    endloop
  endfacet
  facet normal 0 -1 0
    outer loop
      vertex 21.3922 -3 3.9053
      vertex 24 -3 0
      vertex 21.5 -3 3.9
    endloop
  endfacet
  facet normal 0 -1 0
    outer loop
      vertex 21.5 -3 3.9
      vertex 24 -3 0
      vertex 21.6078 -3 3.9053
    endloop
  endfacet
  facet normal 0 -1 0
    outer loop
      vertex 21.6078 -3 3.9053
      vertex 24 -3 0
      vertex 21.7146 -3 3.92114
    endloop
  endfacet
  facet normal 0 -1 0
    outer loop
      vertex 22.6 -3 5
      vertex 24 -3 0
      vertex 24 -3 10
    endloop
  endfacet
  facet normal 0 -1 0
    outer loop
      vertex 22.5163 -3 4.57905
      vertex 24 -3 0
      vertex 22.5526 -3 4.68069
    endloop
  endfacet
  facet normal 0 -1 0
    outer loop
      vertex 22.4701 -3 4.48146
      vertex 24 -3 0
      vertex 22.5163 -3 4.57905
    endloop
  endfacet
  facet normal 0 -1 0
    outer loop
      vertex 22.4146 -3 4.38887
      vertex 24 -3 0
      vertex 22.4701 -3 4.48146
    endloop
  endfacet
  facet normal 0 -1 0
    outer loop
      vertex 22.3503 -3 4.30217
      vertex 24 -3 0
      vertex 22.4146 -3 4.38887
    endloop
  endfacet
  facet normal 0 -1 0
    outer loop
      vertex 22.2778 -3 4.22218
      vertex 24 -3 0
      vertex 22.3503 -3 4.30217
    endloop
  endfacet
  facet normal 0 -1 0
    outer loop
      vertex 22.1978 -3 4.14969
      vertex 24 -3 0
      vertex 22.2778 -3 4.22218
    endloop
  endfacet
  facet normal 0 -1 0
    outer loop
      vertex 22.1111 -3 4.08538
      vertex 24 -3 0
      vertex 22.1978 -3 4.14969
    endloop
  endfacet
  facet normal 0 -1 0
    outer loop
      vertex 22.0185 -3 4.02989
      vertex 24 -3 0
      vertex 22.1111 -3 4.08538
    endloop
  endfacet
  facet normal 0 -1 0
    outer loop
      vertex 21.921 -3 3.98373
      vertex 24 -3 0
      vertex 22.0185 -3 4.02989
    endloop
  endfacet
  facet normal 0 -1 0
    outer loop
      vertex 21.8193 -3 3.94736
      vertex 24 -3 0
      vertex 21.921 -3 3.98373
    endloop
  endfacet
  facet normal 0 -1 0
    outer loop
      vertex 21.7146 -3 3.92114
      vertex 24 -3 0
      vertex 21.8193 -3 3.94736
    endloop
  endfacet
  facet normal -1 0 0
    outer loop
      vertex -16 0.75 0
      vertex -16 5 10
      vertex -16 5 0
    endloop
  endfacet
  facet normal -1 -0 0
    outer loop
      vertex -16 5 10
      vertex -16 0.75 0
      vertex -16 0.75 10
    endloop
  endfacet
  facet normal -1 0 0
    outer loop
      vertex -16 -5 0
      vertex -16 -0.75 10
      vertex -16 -0.75 0
    endloop
  endfacet
  facet normal -1 -0 0
    outer loop
      vertex -16 -0.75 10
      vertex -16 -5 0
      vertex -16 -5 10
    endloop
  endfacet
  facet normal 0 1 0
    outer loop
      vertex -11.1617 5 6.64205
      vertex -8.64777 5 10
      vertex -11 5 6.65
    endloop
  endfacet
  facet normal 0 1 0
    outer loop
      vertex -8.64777 5 10
      vertex -10.8383 5 6.64205
      vertex -11 5 6.65
    endloop
  endfacet
  facet normal 0 1 0
    outer loop
      vertex -8.64777 5 10
      vertex -10.6781 5 6.6183
      vertex -10.8383 5 6.64205
    endloop
  endfacet
  facet normal 0 1 0
    outer loop
      vertex -8.64777 5 10
      vertex -10.521 5 6.57895
      vertex -10.6781 5 6.6183
    endloop
  endfacet
  facet normal 0 1 0
    outer loop
      vertex -8.64777 5 10
      vertex -10.3686 5 6.5244
      vertex -10.521 5 6.57895
    endloop
  endfacet
  facet normal 0 1 0
    outer loop
      vertex -8.64777 5 10
      vertex -10.2222 5 6.45517
      vertex -10.3686 5 6.5244
    endloop
  endfacet
  facet normal 0 1 0
    outer loop
      vertex -8.64777 5 10
      vertex -10.0833 5 6.37192
      vertex -10.2222 5 6.45517
    endloop
  endfacet
  facet normal 0 1 0
    outer loop
      vertex -8.64777 5 10
      vertex -9.95325 5 6.27547
      vertex -10.0833 5 6.37192
    endloop
  endfacet
  facet normal 0 1 0
    outer loop
      vertex -8.64777 5 10
      vertex -9.83327 5 6.16673
      vertex -9.95325 5 6.27547
    endloop
  endfacet
  facet normal 0 1 0
    outer loop
      vertex -8.64777 5 10
      vertex -9.72453 5 6.04675
      vertex -9.83327 5 6.16673
    endloop
  endfacet
  facet normal 0 1 0
    outer loop
      vertex -8.64777 5 10
      vertex -9.62807 5 5.91669
      vertex -9.72453 5 6.04675
    endloop
  endfacet
  facet normal 0 1 0
    outer loop
      vertex -8.64777 5 10
      vertex -9.54483 5 5.7778
      vertex -9.62807 5 5.91669
    endloop
  endfacet
  facet normal 0 1 0
    outer loop
      vertex -8.64777 5 10
      vertex -9.4756 5 5.63143
      vertex -9.54483 5 5.7778
    endloop
  endfacet
  facet normal 0 1 0
    outer loop
      vertex -8.64777 5 10
      vertex -9.42105 5 5.47897
      vertex -9.4756 5 5.63143
    endloop
  endfacet
  facet normal 0 1 0
    outer loop
      vertex -8.64777 5 10
      vertex -9.3817 5 5.3219
      vertex -9.42105 5 5.47897
    endloop
  endfacet
  facet normal 0 1 0
    outer loop
      vertex -8.64777 5 10
      vertex -9.35794 5 5.16173
      vertex -9.3817 5 5.3219
    endloop
  endfacet
  facet normal 0 1 0
    outer loop
      vertex -8.64777 5 10
      vertex -9.35 5 5
      vertex -9.35794 5 5.16173
    endloop
  endfacet
  facet normal 0 1 -0
    outer loop
      vertex -8.64777 5 0
      vertex -9.35 5 5
      vertex -8.64777 5 10
    endloop
  endfacet
  facet normal 0 1 0
    outer loop
      vertex -10.8383 5 3.35794
      vertex -8.64777 5 0
      vertex -11 5 3.35
    endloop
  endfacet
  facet normal 0 1 0
    outer loop
      vertex -10.6781 5 3.3817
      vertex -8.64777 5 0
      vertex -10.8383 5 3.35794
    endloop
  endfacet
  facet normal 0 1 0
    outer loop
      vertex -10.521 5 3.42105
      vertex -8.64777 5 0
      vertex -10.6781 5 3.3817
    endloop
  endfacet
  facet normal 0 1 0
    outer loop
      vertex -10.3686 5 3.4756
      vertex -8.64777 5 0
      vertex -10.521 5 3.42105
    endloop
  endfacet
  facet normal 0 1 0
    outer loop
      vertex -10.2222 5 3.54483
      vertex -8.64777 5 0
      vertex -10.3686 5 3.4756
    endloop
  endfacet
  facet normal 0 1 0
    outer loop
      vertex -10.0833 5 3.62807
      vertex -8.64777 5 0
      vertex -10.2222 5 3.54483
    endloop
  endfacet
  facet normal 0 1 0
    outer loop
      vertex -9.95325 5 3.72453
      vertex -8.64777 5 0
      vertex -10.0833 5 3.62807
    endloop
  endfacet
  facet normal 0 1 0
    outer loop
      vertex -9.83327 5 3.83327
      vertex -8.64777 5 0
      vertex -9.95325 5 3.72453
    endloop
  endfacet
  facet normal 0 1 0
    outer loop
      vertex -9.72453 5 3.95325
      vertex -8.64777 5 0
      vertex -9.83327 5 3.83327
    endloop
  endfacet
  facet normal 0 1 0
    outer loop
      vertex -9.62807 5 4.08331
      vertex -8.64777 5 0
      vertex -9.72453 5 3.95325
    endloop
  endfacet
  facet normal 0 1 0
    outer loop
      vertex -9.54483 5 4.22219
      vertex -8.64777 5 0
      vertex -9.62807 5 4.08331
    endloop
  endfacet
  facet normal 0 1 0
    outer loop
      vertex -9.4756 5 4.36857
      vertex -8.64777 5 0
      vertex -9.54483 5 4.22219
    endloop
  endfacet
  facet normal 0 1 0
    outer loop
      vertex -9.42105 5 4.52103
      vertex -8.64777 5 0
      vertex -9.4756 5 4.36857
    endloop
  endfacet
  facet normal 0 1 0
    outer loop
      vertex -9.3817 5 4.6781
      vertex -8.64777 5 0
      vertex -9.42105 5 4.52103
    endloop
  endfacet
  facet normal 0 1 0
    outer loop
      vertex -9.35794 5 4.83827
      vertex -8.64777 5 0
      vertex -9.3817 5 4.6781
    endloop
  endfacet
  facet normal 0 1 0
    outer loop
      vertex -9.35 5 5
      vertex -8.64777 5 0
      vertex -9.35794 5 4.83827
    endloop
  endfacet
  facet normal 0 1 0
    outer loop
      vertex -11.3219 5 6.6183
      vertex -8.64777 5 10
      vertex -11.1617 5 6.64205
    endloop
  endfacet
  facet normal 0 1 0
    outer loop
      vertex -8.64777 5 10
      vertex -11.3219 5 6.6183
      vertex -16 5 10
    endloop
  endfacet
  facet normal 0 1 -0
    outer loop
      vertex -11.479 5 6.57895
      vertex -16 5 10
      vertex -11.3219 5 6.6183
    endloop
  endfacet
  facet normal 0 1 -0
    outer loop
      vertex -11.6314 5 6.5244
      vertex -16 5 10
      vertex -11.479 5 6.57895
    endloop
  endfacet
  facet normal 0 1 -0
    outer loop
      vertex -11.7778 5 6.45517
      vertex -16 5 10
      vertex -11.6314 5 6.5244
    endloop
  endfacet
  facet normal 0 1 -0
    outer loop
      vertex -11.9167 5 6.37192
      vertex -16 5 10
      vertex -11.7778 5 6.45517
    endloop
  endfacet
  facet normal 0 1 -0
    outer loop
      vertex -12.0467 5 6.27547
      vertex -16 5 10
      vertex -11.9167 5 6.37192
    endloop
  endfacet
  facet normal 0 1 -0
    outer loop
      vertex -12.1667 5 6.16673
      vertex -16 5 10
      vertex -12.0467 5 6.27547
    endloop
  endfacet
  facet normal 0 1 -0
    outer loop
      vertex -12.2755 5 6.04675
      vertex -16 5 10
      vertex -12.1667 5 6.16673
    endloop
  endfacet
  facet normal 0 1 -0
    outer loop
      vertex -12.3719 5 5.91669
      vertex -16 5 10
      vertex -12.2755 5 6.04675
    endloop
  endfacet
  facet normal 0 1 -0
    outer loop
      vertex -12.4552 5 5.7778
      vertex -16 5 10
      vertex -12.3719 5 5.91669
    endloop
  endfacet
  facet normal 0 1 -0
    outer loop
      vertex -12.5244 5 5.63143
      vertex -16 5 10
      vertex -12.4552 5 5.7778
    endloop
  endfacet
  facet normal 0 1 -0
    outer loop
      vertex -12.579 5 5.47897
      vertex -16 5 10
      vertex -12.5244 5 5.63143
    endloop
  endfacet
  facet normal 0 1 -0
    outer loop
      vertex -12.6183 5 5.3219
      vertex -16 5 10
      vertex -12.579 5 5.47897
    endloop
  endfacet
  facet normal 0 1 -0
    outer loop
      vertex -12.6421 5 5.16173
      vertex -16 5 10
      vertex -12.6183 5 5.3219
    endloop
  endfacet
  facet normal 0 1 -0
    outer loop
      vertex -12.65 5 5
      vertex -16 5 10
      vertex -12.6421 5 5.16173
    endloop
  endfacet
  facet normal 0 1 0
    outer loop
      vertex -16 5 0
      vertex -12.65 5 5
      vertex -12.6421 5 4.83827
    endloop
  endfacet
  facet normal 0 1 0
    outer loop
      vertex -16 5 0
      vertex -12.6421 5 4.83827
      vertex -12.6183 5 4.6781
    endloop
  endfacet
  facet normal 0 1 0
    outer loop
      vertex -16 5 0
      vertex -12.6183 5 4.6781
      vertex -12.579 5 4.52103
    endloop
  endfacet
  facet normal 0 1 0
    outer loop
      vertex -16 5 0
      vertex -12.579 5 4.52103
      vertex -12.5244 5 4.36857
    endloop
  endfacet
  facet normal 0 1 0
    outer loop
      vertex -16 5 0
      vertex -12.5244 5 4.36857
      vertex -12.4552 5 4.22219
    endloop
  endfacet
  facet normal 0 1 0
    outer loop
      vertex -16 5 0
      vertex -12.4552 5 4.22219
      vertex -12.3719 5 4.08331
    endloop
  endfacet
  facet normal 0 1 0
    outer loop
      vertex -8.64777 5 0
      vertex -11.1617 5 3.35794
      vertex -11 5 3.35
    endloop
  endfacet
  facet normal 0 1 0
    outer loop
      vertex -8.64777 5 0
      vertex -11.3219 5 3.3817
      vertex -11.1617 5 3.35794
    endloop
  endfacet
  facet normal 0 1 0
    outer loop
      vertex -8.64777 5 0
      vertex -11.479 5 3.42105
      vertex -11.3219 5 3.3817
    endloop
  endfacet
  facet normal 0 1 0
    outer loop
      vertex -16 5 0
      vertex -11.479 5 3.42105
      vertex -8.64777 5 0
    endloop
  endfacet
  facet normal 0 1 0
    outer loop
      vertex -11.479 5 3.42105
      vertex -16 5 0
      vertex -11.6314 5 3.4756
    endloop
  endfacet
  facet normal 0 1 0
    outer loop
      vertex -11.6314 5 3.4756
      vertex -16 5 0
      vertex -11.7778 5 3.54483
    endloop
  endfacet
  facet normal 0 1 0
    outer loop
      vertex -11.7778 5 3.54483
      vertex -16 5 0
      vertex -11.9167 5 3.62807
    endloop
  endfacet
  facet normal 0 1 0
    outer loop
      vertex -11.9167 5 3.62807
      vertex -16 5 0
      vertex -12.0467 5 3.72453
    endloop
  endfacet
  facet normal 0 1 0
    outer loop
      vertex -12.65 5 5
      vertex -16 5 0
      vertex -16 5 10
    endloop
  endfacet
  facet normal 0 1 0
    outer loop
      vertex -12.2755 5 3.95325
      vertex -16 5 0
      vertex -12.3719 5 4.08331
    endloop
  endfacet
  facet normal 0 1 0
    outer loop
      vertex -12.1667 5 3.83327
      vertex -16 5 0
      vertex -12.2755 5 3.95325
    endloop
  endfacet
  facet normal 0 1 0
    outer loop
      vertex -12.0467 5 3.72453
      vertex -16 5 0
      vertex -12.1667 5 3.83327
    endloop
  endfacet
  facet normal 0 -1 0
    outer loop
      vertex -11.3219 -5 6.6183
      vertex -8.64777 -5 10
      vertex -16 -5 10
    endloop
  endfacet
  facet normal 0 -1 0
    outer loop
      vertex -8.64777 -5 10
      vertex -11.1617 -5 6.64205
      vertex -11 -5 6.65
    endloop
  endfacet
  facet normal 0 -1 0
    outer loop
      vertex -8.64777 -5 10
      vertex -11.3219 -5 6.6183
      vertex -11.1617 -5 6.64205
    endloop
  endfacet
  facet normal 0 -1 0
    outer loop
      vertex -16 -5 10
      vertex -11.479 -5 6.57895
      vertex -11.3219 -5 6.6183
    endloop
  endfacet
  facet normal 0 -1 0
    outer loop
      vertex -16 -5 10
      vertex -11.6314 -5 6.5244
      vertex -11.479 -5 6.57895
    endloop
  endfacet
  facet normal 0 -1 0
    outer loop
      vertex -16 -5 10
      vertex -11.7778 -5 6.45517
      vertex -11.6314 -5 6.5244
    endloop
  endfacet
  facet normal 0 -1 0
    outer loop
      vertex -16 -5 10
      vertex -11.9167 -5 6.37192
      vertex -11.7778 -5 6.45517
    endloop
  endfacet
  facet normal 0 -1 0
    outer loop
      vertex -16 -5 10
      vertex -12.0467 -5 6.27547
      vertex -11.9167 -5 6.37192
    endloop
  endfacet
  facet normal 0 -1 0
    outer loop
      vertex -16 -5 10
      vertex -12.1667 -5 6.16673
      vertex -12.0467 -5 6.27547
    endloop
  endfacet
  facet normal 0 -1 0
    outer loop
      vertex -16 -5 10
      vertex -12.2755 -5 6.04675
      vertex -12.1667 -5 6.16673
    endloop
  endfacet
  facet normal 0 -1 0
    outer loop
      vertex -16 -5 10
      vertex -12.3719 -5 5.91669
      vertex -12.2755 -5 6.04675
    endloop
  endfacet
  facet normal 0 -1 0
    outer loop
      vertex -16 -5 10
      vertex -12.4552 -5 5.7778
      vertex -12.3719 -5 5.91669
    endloop
  endfacet
  facet normal 0 -1 0
    outer loop
      vertex -16 -5 10
      vertex -12.5244 -5 5.63143
      vertex -12.4552 -5 5.7778
    endloop
  endfacet
  facet normal 0 -1 0
    outer loop
      vertex -16 -5 10
      vertex -12.579 -5 5.47897
      vertex -12.5244 -5 5.63143
    endloop
  endfacet
  facet normal 0 -1 0
    outer loop
      vertex -16 -5 10
      vertex -12.6183 -5 5.3219
      vertex -12.579 -5 5.47897
    endloop
  endfacet
  facet normal 0 -1 0
    outer loop
      vertex -16 -5 10
      vertex -12.6421 -5 5.16173
      vertex -12.6183 -5 5.3219
    endloop
  endfacet
  facet normal 0 -1 0
    outer loop
      vertex -16 -5 10
      vertex -12.65 -5 5
      vertex -12.6421 -5 5.16173
    endloop
  endfacet
  facet normal 0 -1 0
    outer loop
      vertex -16 -5 0
      vertex -12.65 -5 5
      vertex -16 -5 10
    endloop
  endfacet
  facet normal 0 -1 -0
    outer loop
      vertex -12.65 -5 5
      vertex -16 -5 0
      vertex -12.6421 -5 4.83827
    endloop
  endfacet
  facet normal 0 -1 -0
    outer loop
      vertex -12.6421 -5 4.83827
      vertex -16 -5 0
      vertex -12.6183 -5 4.6781
    endloop
  endfacet
  facet normal 0 -1 -0
    outer loop
      vertex -12.6183 -5 4.6781
      vertex -16 -5 0
      vertex -12.579 -5 4.52103
    endloop
  endfacet
  facet normal 0 -1 -0
    outer loop
      vertex -12.579 -5 4.52103
      vertex -16 -5 0
      vertex -12.5244 -5 4.36857
    endloop
  endfacet
  facet normal 0 -1 -0
    outer loop
      vertex -12.5244 -5 4.36857
      vertex -16 -5 0
      vertex -12.4552 -5 4.22219
    endloop
  endfacet
  facet normal 0 -1 0
    outer loop
      vertex -11.3219 -5 3.3817
      vertex -8.64777 -5 0
      vertex -11.1617 -5 3.35794
    endloop
  endfacet
  facet normal 0 -1 0
    outer loop
      vertex -8.64777 -5 0
      vertex -11.3219 -5 3.3817
      vertex -16 -5 0
    endloop
  endfacet
  facet normal 0 -1 -0
    outer loop
      vertex -11.479 -5 3.42105
      vertex -16 -5 0
      vertex -11.3219 -5 3.3817
    endloop
  endfacet
  facet normal 0 -1 -0
    outer loop
      vertex -11.6314 -5 3.4756
      vertex -16 -5 0
      vertex -11.479 -5 3.42105
    endloop
  endfacet
  facet normal 0 -1 -0
    outer loop
      vertex -11.7778 -5 3.54483
      vertex -16 -5 0
      vertex -11.6314 -5 3.4756
    endloop
  endfacet
  facet normal 0 -1 -0
    outer loop
      vertex -11.9167 -5 3.62807
      vertex -16 -5 0
      vertex -11.7778 -5 3.54483
    endloop
  endfacet
  facet normal 0 -1 -0
    outer loop
      vertex -12.0467 -5 3.72453
      vertex -16 -5 0
      vertex -11.9167 -5 3.62807
    endloop
  endfacet
  facet normal 0 -1 -0
    outer loop
      vertex -12.1667 -5 3.83327
      vertex -16 -5 0
      vertex -12.0467 -5 3.72453
    endloop
  endfacet
  facet normal 0 -1 -0
    outer loop
      vertex -12.2755 -5 3.95325
      vertex -16 -5 0
      vertex -12.1667 -5 3.83327
    endloop
  endfacet
  facet normal 0 -1 -0
    outer loop
      vertex -12.3719 -5 4.08331
      vertex -16 -5 0
      vertex -12.2755 -5 3.95325
    endloop
  endfacet
  facet normal 0 -1 -0
    outer loop
      vertex -12.4552 -5 4.22219
      vertex -16 -5 0
      vertex -12.3719 -5 4.08331
    endloop
  endfacet
  facet normal 0 -1 0
    outer loop
      vertex -10.8383 -5 6.64205
      vertex -8.64777 -5 10
      vertex -11 -5 6.65
    endloop
  endfacet
  facet normal 0 -1 0
    outer loop
      vertex -10.6781 -5 6.6183
      vertex -8.64777 -5 10
      vertex -10.8383 -5 6.64205
    endloop
  endfacet
  facet normal 0 -1 0
    outer loop
      vertex -10.521 -5 6.57895
      vertex -8.64777 -5 10
      vertex -10.6781 -5 6.6183
    endloop
  endfacet
  facet normal 0 -1 0
    outer loop
      vertex -10.3686 -5 6.5244
      vertex -8.64777 -5 10
      vertex -10.521 -5 6.57895
    endloop
  endfacet
  facet normal 0 -1 0
    outer loop
      vertex -10.2222 -5 6.45517
      vertex -8.64777 -5 10
      vertex -10.3686 -5 6.5244
    endloop
  endfacet
  facet normal 0 -1 0
    outer loop
      vertex -10.0833 -5 6.37192
      vertex -8.64777 -5 10
      vertex -10.2222 -5 6.45517
    endloop
  endfacet
  facet normal 0 -1 0
    outer loop
      vertex -9.95325 -5 6.27547
      vertex -8.64777 -5 10
      vertex -10.0833 -5 6.37192
    endloop
  endfacet
  facet normal 0 -1 0
    outer loop
      vertex -9.83327 -5 6.16673
      vertex -8.64777 -5 10
      vertex -9.95325 -5 6.27547
    endloop
  endfacet
  facet normal 0 -1 0
    outer loop
      vertex -9.72453 -5 6.04675
      vertex -8.64777 -5 10
      vertex -9.83327 -5 6.16673
    endloop
  endfacet
  facet normal 0 -1 0
    outer loop
      vertex -9.62807 -5 5.91669
      vertex -8.64777 -5 10
      vertex -9.72453 -5 6.04675
    endloop
  endfacet
  facet normal 0 -1 0
    outer loop
      vertex -9.54483 -5 5.7778
      vertex -8.64777 -5 10
      vertex -9.62807 -5 5.91669
    endloop
  endfacet
  facet normal 0 -1 0
    outer loop
      vertex -9.4756 -5 5.63143
      vertex -8.64777 -5 10
      vertex -9.54483 -5 5.7778
    endloop
  endfacet
  facet normal 0 -1 0
    outer loop
      vertex -9.42105 -5 5.47897
      vertex -8.64777 -5 10
      vertex -9.4756 -5 5.63143
    endloop
  endfacet
  facet normal 0 -1 0
    outer loop
      vertex -9.3817 -5 5.3219
      vertex -8.64777 -5 10
      vertex -9.42105 -5 5.47897
    endloop
  endfacet
  facet normal 0 -1 0
    outer loop
      vertex -9.35794 -5 5.16173
      vertex -8.64777 -5 10
      vertex -9.3817 -5 5.3219
    endloop
  endfacet
  facet normal 0 -1 0
    outer loop
      vertex -9.35 -5 5
      vertex -8.64777 -5 10
      vertex -9.35794 -5 5.16173
    endloop
  endfacet
  facet normal 0 -1 0
    outer loop
      vertex -8.64777 -5 0
      vertex -9.35 -5 5
      vertex -9.35794 -5 4.83827
    endloop
  endfacet
  facet normal 0 -1 0
    outer loop
      vertex -11.1617 -5 3.35794
      vertex -8.64777 -5 0
      vertex -11 -5 3.35
    endloop
  endfacet
  facet normal 0 -1 0
    outer loop
      vertex -11 -5 3.35
      vertex -8.64777 -5 0
      vertex -10.8383 -5 3.35794
    endloop
  endfacet
  facet normal 0 -1 0
    outer loop
      vertex -10.8383 -5 3.35794
      vertex -8.64777 -5 0
      vertex -10.6781 -5 3.3817
    endloop
  endfacet
  facet normal 0 -1 0
    outer loop
      vertex -10.6781 -5 3.3817
      vertex -8.64777 -5 0
      vertex -10.521 -5 3.42105
    endloop
  endfacet
  facet normal 0 -1 0
    outer loop
      vertex -10.521 -5 3.42105
      vertex -8.64777 -5 0
      vertex -10.3686 -5 3.4756
    endloop
  endfacet
  facet normal 0 -1 0
    outer loop
      vertex -10.3686 -5 3.4756
      vertex -8.64777 -5 0
      vertex -10.2222 -5 3.54483
    endloop
  endfacet
  facet normal 0 -1 0
    outer loop
      vertex -9.35 -5 5
      vertex -8.64777 -5 0
      vertex -8.64777 -5 10
    endloop
  endfacet
  facet normal 0 -1 0
    outer loop
      vertex -9.3817 -5 4.6781
      vertex -8.64777 -5 0
      vertex -9.35794 -5 4.83827
    endloop
  endfacet
  facet normal 0 -1 0
    outer loop
      vertex -9.42105 -5 4.52103
      vertex -8.64777 -5 0
      vertex -9.3817 -5 4.6781
    endloop
  endfacet
  facet normal 0 -1 0
    outer loop
      vertex -9.4756 -5 4.36857
      vertex -8.64777 -5 0
      vertex -9.42105 -5 4.52103
    endloop
  endfacet
  facet normal 0 -1 0
    outer loop
      vertex -9.54483 -5 4.22219
      vertex -8.64777 -5 0
      vertex -9.4756 -5 4.36857
    endloop
  endfacet
  facet normal 0 -1 0
    outer loop
      vertex -9.62807 -5 4.08331
      vertex -8.64777 -5 0
      vertex -9.54483 -5 4.22219
    endloop
  endfacet
  facet normal 0 -1 0
    outer loop
      vertex -9.72453 -5 3.95325
      vertex -8.64777 -5 0
      vertex -9.62807 -5 4.08331
    endloop
  endfacet
  facet normal 0 -1 0
    outer loop
      vertex -9.83327 -5 3.83327
      vertex -8.64777 -5 0
      vertex -9.72453 -5 3.95325
    endloop
  endfacet
  facet normal 0 -1 0
    outer loop
      vertex -9.95325 -5 3.72453
      vertex -8.64777 -5 0
      vertex -9.83327 -5 3.83327
    endloop
  endfacet
  facet normal 0 -1 0
    outer loop
      vertex -10.0833 -5 3.62807
      vertex -8.64777 -5 0
      vertex -9.95325 -5 3.72453
    endloop
  endfacet
  facet normal 0 -1 0
    outer loop
      vertex -10.2222 -5 3.54483
      vertex -8.64777 -5 0
      vertex -10.0833 -5 3.62807
    endloop
  endfacet
  facet normal -0.989229 0 -0.146374
    outer loop
      vertex 13.0947 -3 5.10782
      vertex 13.0789 3 5.2146
      vertex 13.0947 3 5.10782
    endloop
  endfacet
  facet normal -0.989229 -0 -0.146374
    outer loop
      vertex 13.0789 3 5.2146
      vertex 13.0947 -3 5.10782
      vertex 13.0789 -3 5.2146
    endloop
  endfacet
  facet normal -0.998794 0 -0.0490967
    outer loop
      vertex 13.1 -3 5
      vertex 13.0947 3 5.10782
      vertex 13.1 3 5
    endloop
  endfacet
  facet normal -0.998794 -0 -0.0490967
    outer loop
      vertex 13.0947 3 5.10782
      vertex 13.1 -3 5
      vertex 13.0947 -3 5.10782
    endloop
  endfacet
  facet normal -0.969875 0 -0.243603
    outer loop
      vertex 13.0789 -3 5.2146
      vertex 13.0526 3 5.31931
      vertex 13.0789 3 5.2146
    endloop
  endfacet
  facet normal -0.969875 -0 -0.243603
    outer loop
      vertex 13.0526 3 5.31931
      vertex 13.0789 -3 5.2146
      vertex 13.0526 -3 5.31931
    endloop
  endfacet
  facet normal 0.242928 0 0.970044
    outer loop
      vertex 11.6807 3 3.94736
      vertex 11.7854 -3 3.92114
      vertex 11.7854 3 3.92114
    endloop
  endfacet
  facet normal 0.242928 0 0.970044
    outer loop
      vertex 11.7854 -3 3.92114
      vertex 11.6807 3 3.94736
      vertex 11.6807 -3 3.94736
    endloop
  endfacet
  facet normal -0.941742 0 -0.336336
    outer loop
      vertex 13.0526 -3 5.31931
      vertex 13.0163 3 5.42095
      vertex 13.0526 3 5.31931
    endloop
  endfacet
  facet normal -0.941742 -0 -0.336336
    outer loop
      vertex 13.0163 3 5.42095
      vertex 13.0526 -3 5.31931
      vertex 13.0163 -3 5.42095
    endloop
  endfacet
  facet normal -0.336653 0 -0.941629
    outer loop
      vertex 12.3193 -3 6.05263
      vertex 12.421 3 6.01627
      vertex 12.421 -3 6.01627
    endloop
  endfacet
  facet normal -0.336653 0 -0.941629
    outer loop
      vertex 12.421 3 6.01627
      vertex 12.3193 -3 6.05263
      vertex 12.3193 3 6.05263
    endloop
  endfacet
  facet normal 0.998794 -0 0.0490967
    outer loop
      vertex 10.9 -3 5
      vertex 10.9053 3 4.89218
      vertex 10.9 3 5
    endloop
  endfacet
  facet normal 0.998794 0 0.0490967
    outer loop
      vertex 10.9053 3 4.89218
      vertex 10.9 -3 5
      vertex 10.9053 -3 4.89218
    endloop
  endfacet
  facet normal 0.514019 0 -0.857779
    outer loop
      vertex 11.3889 -3 5.91462
      vertex 11.4815 3 5.97011
      vertex 11.4815 -3 5.97011
    endloop
  endfacet
  facet normal 0.514019 0 -0.857779
    outer loop
      vertex 11.4815 3 5.97011
      vertex 11.3889 -3 5.91462
      vertex 11.3889 3 5.91462
    endloop
  endfacet
  facet normal -0.336735 0 0.941599
    outer loop
      vertex 12.3193 3 3.94736
      vertex 12.421 -3 3.98373
      vertex 12.421 3 3.98373
    endloop
  endfacet
  facet normal -0.336735 0 0.941599
    outer loop
      vertex 12.421 -3 3.98373
      vertex 12.3193 3 3.94736
      vertex 12.3193 -3 3.94736
    endloop
  endfacet
  facet normal 0.803212 -0 0.595693
    outer loop
      vertex 11.0854 -3 4.38887
      vertex 11.1497 3 4.30217
      vertex 11.0854 3 4.38887
    endloop
  endfacet
  facet normal 0.803212 0 0.595693
    outer loop
      vertex 11.1497 3 4.30217
      vertex 11.0854 -3 4.38887
      vertex 11.1497 -3 4.30217
    endloop
  endfacet
  facet normal 0.903834 -0 0.427883
    outer loop
      vertex 10.9837 -3 4.57905
      vertex 11.0299 3 4.48146
      vertex 10.9837 3 4.57905
    endloop
  endfacet
  facet normal 0.903834 0 0.427883
    outer loop
      vertex 11.0299 3 4.48146
      vertex 10.9837 -3 4.57905
      vertex 11.0299 -3 4.48146
    endloop
  endfacet
  facet normal 0.243015 0 -0.970022
    outer loop
      vertex 11.6807 -3 6.05263
      vertex 11.7854 3 6.07886
      vertex 11.7854 -3 6.07886
    endloop
  endfacet
  facet normal 0.243015 0 -0.970022
    outer loop
      vertex 11.7854 3 6.07886
      vertex 11.6807 -3 6.05263
      vertex 11.6807 3 6.05263
    endloop
  endfacet
  facet normal 0.857714 -0 0.514128
    outer loop
      vertex 11.0299 -3 4.48146
      vertex 11.0854 3 4.38887
      vertex 11.0299 3 4.48146
    endloop
  endfacet
  facet normal 0.857714 0 0.514128
    outer loop
      vertex 11.0854 3 4.38887
      vertex 11.0299 -3 4.48146
      vertex 11.0854 -3 4.38887
    endloop
  endfacet
  facet normal -0.903834 0 -0.427883
    outer loop
      vertex 13.0163 -3 5.42095
      vertex 12.9701 3 5.51854
      vertex 13.0163 3 5.42095
    endloop
  endfacet
  facet normal -0.903834 -0 -0.427883
    outer loop
      vertex 12.9701 3 5.51854
      vertex 13.0163 -3 5.42095
      vertex 12.9701 -3 5.51854
    endloop
  endfacet
  facet normal 0.671469 0 -0.741033
    outer loop
      vertex 11.2222 -3 5.77782
      vertex 11.3022 3 5.85031
      vertex 11.3022 -3 5.85031
    endloop
  endfacet
  facet normal 0.671469 0 -0.741033
    outer loop
      vertex 11.3022 3 5.85031
      vertex 11.2222 -3 5.77782
      vertex 11.2222 3 5.77782
    endloop
  endfacet
  facet normal 0.989229 -0 0.146374
    outer loop
      vertex 10.9053 -3 4.89218
      vertex 10.9211 3 4.7854
      vertex 10.9053 3 4.89218
    endloop
  endfacet
  facet normal 0.989229 0 0.146374
    outer loop
      vertex 10.9211 3 4.7854
      vertex 10.9053 -3 4.89218
      vertex 10.9211 -3 4.7854
    endloop
  endfacet
  facet normal 0.941742 -0 0.336336
    outer loop
      vertex 10.9474 -3 4.68069
      vertex 10.9837 3 4.57905
      vertex 10.9474 3 4.68069
    endloop
  endfacet
  facet normal 0.941742 0 0.336336
    outer loop
      vertex 10.9837 3 4.57905
      vertex 10.9474 -3 4.68069
      vertex 10.9837 -3 4.57905
    endloop
  endfacet
  facet normal -0.803212 0 0.595693
    outer loop
      vertex 12.8503 -3 4.30217
      vertex 12.9146 3 4.38887
      vertex 12.8503 3 4.30217
    endloop
  endfacet
  facet normal -0.803212 0 0.595693
    outer loop
      vertex 12.9146 3 4.38887
      vertex 12.8503 -3 4.30217
      vertex 12.9146 -3 4.38887
    endloop
  endfacet
  facet normal -0.14671 0 -0.98918
    outer loop
      vertex 12.1078 -3 6.0947
      vertex 12.2146 3 6.07886
      vertex 12.2146 -3 6.07886
    endloop
  endfacet
  facet normal -0.14671 0 -0.98918
    outer loop
      vertex 12.2146 3 6.07886
      vertex 12.1078 -3 6.0947
      vertex 12.1078 3 6.0947
    endloop
  endfacet
  facet normal -0.242928 0 0.970044
    outer loop
      vertex 12.2146 3 3.92114
      vertex 12.3193 -3 3.94736
      vertex 12.3193 3 3.94736
    endloop
  endfacet
  facet normal -0.242928 0 0.970044
    outer loop
      vertex 12.3193 -3 3.94736
      vertex 12.2146 3 3.92114
      vertex 12.2146 -3 3.92114
    endloop
  endfacet
  facet normal -0.989229 0 0.146374
    outer loop
      vertex 13.0789 -3 4.7854
      vertex 13.0947 3 4.89218
      vertex 13.0789 3 4.7854
    endloop
  endfacet
  facet normal -0.989229 0 0.146374
    outer loop
      vertex 13.0947 3 4.89218
      vertex 13.0789 -3 4.7854
      vertex 13.0947 -3 4.89218
    endloop
  endfacet
  facet normal -0.857714 0 0.514128
    outer loop
      vertex 12.9146 -3 4.38887
      vertex 12.9701 3 4.48146
      vertex 12.9146 3 4.38887
    endloop
  endfacet
  facet normal -0.857714 0 0.514128
    outer loop
      vertex 12.9701 3 4.48146
      vertex 12.9146 -3 4.38887
      vertex 12.9701 -3 4.48146
    endloop
  endfacet
  facet normal -0.514019 0 0.857779
    outer loop
      vertex 12.5185 3 4.02989
      vertex 12.6111 -3 4.08538
      vertex 12.6111 3 4.08538
    endloop
  endfacet
  facet normal -0.514019 0 0.857779
    outer loop
      vertex 12.6111 -3 4.08538
      vertex 12.5185 3 4.02989
      vertex 12.5185 -3 4.02989
    endloop
  endfacet
  facet normal 0.336735 0 0.941599
    outer loop
      vertex 11.579 3 3.98373
      vertex 11.6807 -3 3.94736
      vertex 11.6807 3 3.94736
    endloop
  endfacet
  facet normal 0.336735 0 0.941599
    outer loop
      vertex 11.6807 -3 3.94736
      vertex 11.579 3 3.98373
      vertex 11.579 -3 3.98373
    endloop
  endfacet
  facet normal -0.427903 0 -0.903825
    outer loop
      vertex 12.421 -3 6.01627
      vertex 12.5185 3 5.97011
      vertex 12.5185 -3 5.97011
    endloop
  endfacet
  facet normal -0.427903 0 -0.903825
    outer loop
      vertex 12.5185 3 5.97011
      vertex 12.421 -3 6.01627
      vertex 12.421 3 6.01627
    endloop
  endfacet
  facet normal -0.671469 0 -0.741033
    outer loop
      vertex 12.6978 -3 5.85031
      vertex 12.7778 3 5.77782
      vertex 12.7778 -3 5.77782
    endloop
  endfacet
  facet normal -0.671469 0 -0.741033
    outer loop
      vertex 12.7778 3 5.77782
      vertex 12.6978 -3 5.85031
      vertex 12.6978 3 5.85031
    endloop
  endfacet
  facet normal 0.595752 0 -0.803168
    outer loop
      vertex 11.3022 -3 5.85031
      vertex 11.3889 3 5.91462
      vertex 11.3889 -3 5.91462
    endloop
  endfacet
  facet normal 0.595752 0 -0.803168
    outer loop
      vertex 11.3889 3 5.91462
      vertex 11.3022 -3 5.85031
      vertex 11.3022 3 5.85031
    endloop
  endfacet
  facet normal -0.803212 0 -0.595693
    outer loop
      vertex 12.9146 -3 5.61113
      vertex 12.8503 3 5.69783
      vertex 12.9146 3 5.61113
    endloop
  endfacet
  facet normal -0.803212 -0 -0.595693
    outer loop
      vertex 12.8503 3 5.69783
      vertex 12.9146 -3 5.61113
      vertex 12.8503 -3 5.69783
    endloop
  endfacet
  facet normal 0.857714 0 -0.514128
    outer loop
      vertex 11.0854 -3 5.61113
      vertex 11.0299 3 5.51854
      vertex 11.0854 3 5.61113
    endloop
  endfacet
  facet normal 0.857714 0 -0.514128
    outer loop
      vertex 11.0299 3 5.51854
      vertex 11.0854 -3 5.61113
      vertex 11.0299 -3 5.51854
    endloop
  endfacet
  facet normal -0.857714 0 -0.514128
    outer loop
      vertex 12.9701 -3 5.51854
      vertex 12.9146 3 5.61113
      vertex 12.9701 3 5.51854
    endloop
  endfacet
  facet normal -0.857714 -0 -0.514128
    outer loop
      vertex 12.9146 3 5.61113
      vertex 12.9701 -3 5.51854
      vertex 12.9146 -3 5.61113
    endloop
  endfacet
  facet normal 0.595752 0 0.803168
    outer loop
      vertex 11.3022 3 4.14969
      vertex 11.3889 -3 4.08538
      vertex 11.3889 3 4.08538
    endloop
  endfacet
  facet normal 0.595752 0 0.803168
    outer loop
      vertex 11.3889 -3 4.08538
      vertex 11.3022 3 4.14969
      vertex 11.3022 -3 4.14969
    endloop
  endfacet
  facet normal 0.803212 0 -0.595693
    outer loop
      vertex 11.1497 -3 5.69783
      vertex 11.0854 3 5.61113
      vertex 11.1497 3 5.69783
    endloop
  endfacet
  facet normal 0.803212 0 -0.595693
    outer loop
      vertex 11.0854 3 5.61113
      vertex 11.1497 -3 5.69783
      vertex 11.0854 -3 5.61113
    endloop
  endfacet
  facet normal 0.514019 0 0.857779
    outer loop
      vertex 11.3889 3 4.08538
      vertex 11.4815 -3 4.02989
      vertex 11.4815 3 4.02989
    endloop
  endfacet
  facet normal 0.514019 0 0.857779
    outer loop
      vertex 11.4815 -3 4.02989
      vertex 11.3889 3 4.08538
      vertex 11.3889 -3 4.08538
    endloop
  endfacet
  facet normal -0.514019 0 -0.857779
    outer loop
      vertex 12.5185 -3 5.97011
      vertex 12.6111 3 5.91462
      vertex 12.6111 -3 5.91462
    endloop
  endfacet
  facet normal -0.514019 0 -0.857779
    outer loop
      vertex 12.6111 3 5.91462
      vertex 12.5185 -3 5.97011
      vertex 12.5185 3 5.97011
    endloop
  endfacet
  facet normal -0.595752 0 -0.803168
    outer loop
      vertex 12.6111 -3 5.91462
      vertex 12.6978 3 5.85031
      vertex 12.6978 -3 5.85031
    endloop
  endfacet
  facet normal -0.595752 0 -0.803168
    outer loop
      vertex 12.6978 3 5.85031
      vertex 12.6111 -3 5.91462
      vertex 12.6111 3 5.91462
    endloop
  endfacet
  facet normal -0.14671 0 0.98918
    outer loop
      vertex 12.1078 3 3.9053
      vertex 12.2146 -3 3.92114
      vertex 12.2146 3 3.92114
    endloop
  endfacet
  facet normal -0.14671 0 0.98918
    outer loop
      vertex 12.2146 -3 3.92114
      vertex 12.1078 3 3.9053
      vertex 12.1078 -3 3.9053
    endloop
  endfacet
  facet normal -0.969875 0 0.243603
    outer loop
      vertex 13.0526 -3 4.68069
      vertex 13.0789 3 4.7854
      vertex 13.0526 3 4.68069
    endloop
  endfacet
  facet normal -0.969875 0 0.243603
    outer loop
      vertex 13.0789 3 4.7854
      vertex 13.0526 -3 4.68069
      vertex 13.0789 -3 4.7854
    endloop
  endfacet
  facet normal -0.941742 0 0.336336
    outer loop
      vertex 13.0163 -3 4.57905
      vertex 13.0526 3 4.68069
      vertex 13.0163 3 4.57905
    endloop
  endfacet
  facet normal -0.941742 0 0.336336
    outer loop
      vertex 13.0526 3 4.68069
      vertex 13.0163 -3 4.57905
      vertex 13.0526 -3 4.68069
    endloop
  endfacet
  facet normal -0.740945 0 -0.671566
    outer loop
      vertex 12.8503 -3 5.69783
      vertex 12.7778 3 5.77782
      vertex 12.8503 3 5.69783
    endloop
  endfacet
  facet normal -0.740945 -0 -0.671566
    outer loop
      vertex 12.7778 3 5.77782
      vertex 12.8503 -3 5.69783
      vertex 12.7778 -3 5.77782
    endloop
  endfacet
  facet normal 0.0491058 0 -0.998794
    outer loop
      vertex 11.8922 -3 6.0947
      vertex 12 3 6.1
      vertex 12 -3 6.1
    endloop
  endfacet
  facet normal 0.0491058 0 -0.998794
    outer loop
      vertex 12 3 6.1
      vertex 11.8922 -3 6.0947
      vertex 11.8922 3 6.0947
    endloop
  endfacet
  facet normal -0.0491058 0 -0.998794
    outer loop
      vertex 12 -3 6.1
      vertex 12.1078 3 6.0947
      vertex 12.1078 -3 6.0947
    endloop
  endfacet
  facet normal -0.0491058 0 -0.998794
    outer loop
      vertex 12.1078 3 6.0947
      vertex 12 -3 6.1
      vertex 12 3 6.1
    endloop
  endfacet
  facet normal -0.671469 0 0.741033
    outer loop
      vertex 12.6978 3 4.14969
      vertex 12.7778 -3 4.22218
      vertex 12.7778 3 4.22218
    endloop
  endfacet
  facet normal -0.671469 0 0.741033
    outer loop
      vertex 12.7778 -3 4.22218
      vertex 12.6978 3 4.14969
      vertex 12.6978 -3 4.14969
    endloop
  endfacet
  facet normal -0.998794 0 0.0490967
    outer loop
      vertex 13.0947 -3 4.89218
      vertex 13.1 3 5
      vertex 13.0947 3 4.89218
    endloop
  endfacet
  facet normal -0.998794 0 0.0490967
    outer loop
      vertex 13.1 3 5
      vertex 13.0947 -3 4.89218
      vertex 13.1 -3 5
    endloop
  endfacet
  facet normal 0.0491058 0 0.998794
    outer loop
      vertex 11.8922 3 3.9053
      vertex 12 -3 3.9
      vertex 12 3 3.9
    endloop
  endfacet
  facet normal 0.0491058 0 0.998794
    outer loop
      vertex 12 -3 3.9
      vertex 11.8922 3 3.9053
      vertex 11.8922 -3 3.9053
    endloop
  endfacet
  facet normal 0.740945 0 -0.671566
    outer loop
      vertex 11.2222 -3 5.77782
      vertex 11.1497 3 5.69783
      vertex 11.2222 3 5.77782
    endloop
  endfacet
  facet normal 0.740945 0 -0.671566
    outer loop
      vertex 11.1497 3 5.69783
      vertex 11.2222 -3 5.77782
      vertex 11.1497 -3 5.69783
    endloop
  endfacet
  facet normal 0.14671 0 -0.98918
    outer loop
      vertex 11.7854 -3 6.07886
      vertex 11.8922 3 6.0947
      vertex 11.8922 -3 6.0947
    endloop
  endfacet
  facet normal 0.14671 0 -0.98918
    outer loop
      vertex 11.8922 3 6.0947
      vertex 11.7854 -3 6.07886
      vertex 11.7854 3 6.07886
    endloop
  endfacet
  facet normal 0.336653 0 -0.941629
    outer loop
      vertex 11.579 -3 6.01627
      vertex 11.6807 3 6.05263
      vertex 11.6807 -3 6.05263
    endloop
  endfacet
  facet normal 0.336653 0 -0.941629
    outer loop
      vertex 11.6807 3 6.05263
      vertex 11.579 -3 6.01627
      vertex 11.579 3 6.01627
    endloop
  endfacet
  facet normal 0.427903 0 -0.903825
    outer loop
      vertex 11.4815 -3 5.97011
      vertex 11.579 3 6.01627
      vertex 11.579 -3 6.01627
    endloop
  endfacet
  facet normal 0.427903 0 -0.903825
    outer loop
      vertex 11.579 3 6.01627
      vertex 11.4815 -3 5.97011
      vertex 11.4815 3 5.97011
    endloop
  endfacet
  facet normal 0.903834 0 -0.427883
    outer loop
      vertex 11.0299 -3 5.51854
      vertex 10.9837 3 5.42095
      vertex 11.0299 3 5.51854
    endloop
  endfacet
  facet normal 0.903834 0 -0.427883
    outer loop
      vertex 10.9837 3 5.42095
      vertex 11.0299 -3 5.51854
      vertex 10.9837 -3 5.42095
    endloop
  endfacet
  facet normal 0.740945 -0 0.671566
    outer loop
      vertex 11.1497 -3 4.30217
      vertex 11.2222 3 4.22218
      vertex 11.1497 3 4.30217
    endloop
  endfacet
  facet normal 0.740945 0 0.671566
    outer loop
      vertex 11.2222 3 4.22218
      vertex 11.1497 -3 4.30217
      vertex 11.2222 -3 4.22218
    endloop
  endfacet
  facet normal 0.671469 0 0.741033
    outer loop
      vertex 11.2222 3 4.22218
      vertex 11.3022 -3 4.14969
      vertex 11.3022 3 4.14969
    endloop
  endfacet
  facet normal 0.671469 0 0.741033
    outer loop
      vertex 11.3022 -3 4.14969
      vertex 11.2222 3 4.22218
      vertex 11.2222 -3 4.22218
    endloop
  endfacet
  facet normal 0.989229 0 -0.146374
    outer loop
      vertex 10.9211 -3 5.2146
      vertex 10.9053 3 5.10782
      vertex 10.9211 3 5.2146
    endloop
  endfacet
  facet normal 0.989229 0 -0.146374
    outer loop
      vertex 10.9053 3 5.10782
      vertex 10.9211 -3 5.2146
      vertex 10.9053 -3 5.10782
    endloop
  endfacet
  facet normal 0.969875 0 -0.243603
    outer loop
      vertex 10.9474 -3 5.31931
      vertex 10.9211 3 5.2146
      vertex 10.9474 3 5.31931
    endloop
  endfacet
  facet normal 0.969875 0 -0.243603
    outer loop
      vertex 10.9211 3 5.2146
      vertex 10.9474 -3 5.31931
      vertex 10.9211 -3 5.2146
    endloop
  endfacet
  facet normal 0.969875 -0 0.243603
    outer loop
      vertex 10.9211 -3 4.7854
      vertex 10.9474 3 4.68069
      vertex 10.9211 3 4.7854
    endloop
  endfacet
  facet normal 0.969875 0 0.243603
    outer loop
      vertex 10.9474 3 4.68069
      vertex 10.9211 -3 4.7854
      vertex 10.9474 -3 4.68069
    endloop
  endfacet
  facet normal 0.427903 0 0.903825
    outer loop
      vertex 11.4815 3 4.02989
      vertex 11.579 -3 3.98373
      vertex 11.579 3 3.98373
    endloop
  endfacet
  facet normal 0.427903 0 0.903825
    outer loop
      vertex 11.579 -3 3.98373
      vertex 11.4815 3 4.02989
      vertex 11.4815 -3 4.02989
    endloop
  endfacet
  facet normal -0.427903 0 0.903825
    outer loop
      vertex 12.421 3 3.98373
      vertex 12.5185 -3 4.02989
      vertex 12.5185 3 4.02989
    endloop
  endfacet
  facet normal -0.427903 0 0.903825
    outer loop
      vertex 12.5185 -3 4.02989
      vertex 12.421 3 3.98373
      vertex 12.421 -3 3.98373
    endloop
  endfacet
  facet normal -0.903834 0 0.427883
    outer loop
      vertex 12.9701 -3 4.48146
      vertex 13.0163 3 4.57905
      vertex 12.9701 3 4.48146
    endloop
  endfacet
  facet normal -0.903834 0 0.427883
    outer loop
      vertex 13.0163 3 4.57905
      vertex 12.9701 -3 4.48146
      vertex 13.0163 -3 4.57905
    endloop
  endfacet
  facet normal 0.941742 0 -0.336336
    outer loop
      vertex 10.9837 -3 5.42095
      vertex 10.9474 3 5.31931
      vertex 10.9837 3 5.42095
    endloop
  endfacet
  facet normal 0.941742 0 -0.336336
    outer loop
      vertex 10.9474 3 5.31931
      vertex 10.9837 -3 5.42095
      vertex 10.9474 -3 5.31931
    endloop
  endfacet
  facet normal -0.243015 0 -0.970022
    outer loop
      vertex 12.2146 -3 6.07886
      vertex 12.3193 3 6.05263
      vertex 12.3193 -3 6.05263
    endloop
  endfacet
  facet normal -0.243015 0 -0.970022
    outer loop
      vertex 12.3193 3 6.05263
      vertex 12.2146 -3 6.07886
      vertex 12.2146 3 6.07886
    endloop
  endfacet
  facet normal -0.595752 0 0.803168
    outer loop
      vertex 12.6111 3 4.08538
      vertex 12.6978 -3 4.14969
      vertex 12.6978 3 4.14969
    endloop
  endfacet
  facet normal -0.595752 0 0.803168
    outer loop
      vertex 12.6978 -3 4.14969
      vertex 12.6111 3 4.08538
      vertex 12.6111 -3 4.08538
    endloop
  endfacet
  facet normal -0.0491058 0 0.998794
    outer loop
      vertex 12 3 3.9
      vertex 12.1078 -3 3.9053
      vertex 12.1078 3 3.9053
    endloop
  endfacet
  facet normal -0.0491058 0 0.998794
    outer loop
      vertex 12.1078 -3 3.9053
      vertex 12 3 3.9
      vertex 12 -3 3.9
    endloop
  endfacet
  facet normal 0.14671 0 0.98918
    outer loop
      vertex 11.7854 3 3.92114
      vertex 11.8922 -3 3.9053
      vertex 11.8922 3 3.9053
    endloop
  endfacet
  facet normal 0.14671 0 0.98918
    outer loop
      vertex 11.8922 -3 3.9053
      vertex 11.7854 3 3.92114
      vertex 11.7854 -3 3.92114
    endloop
  endfacet
  facet normal 0.998794 0 -0.0490967
    outer loop
      vertex 10.9053 -3 5.10782
      vertex 10.9 3 5
      vertex 10.9053 3 5.10782
    endloop
  endfacet
  facet normal 0.998794 0 -0.0490967
    outer loop
      vertex 10.9 3 5
      vertex 10.9053 -3 5.10782
      vertex 10.9 -3 5
    endloop
  endfacet
  facet normal -0.740945 0 0.671566
    outer loop
      vertex 12.7778 -3 4.22218
      vertex 12.8503 3 4.30217
      vertex 12.7778 3 4.22218
    endloop
  endfacet
  facet normal -0.740945 0 0.671566
    outer loop
      vertex 12.8503 3 4.30217
      vertex 12.7778 -3 4.22218
      vertex 12.8503 -3 4.30217
    endloop
  endfacet
  facet normal -0.989229 0 -0.146374
    outer loop
      vertex 22.5947 -3 5.10782
      vertex 22.5789 3 5.2146
      vertex 22.5947 3 5.10782
    endloop
  endfacet
  facet normal -0.989229 -0 -0.146374
    outer loop
      vertex 22.5789 3 5.2146
      vertex 22.5947 -3 5.10782
      vertex 22.5789 -3 5.2146
    endloop
  endfacet
  facet normal -0.998794 0 -0.0490967
    outer loop
      vertex 22.6 -3 5
      vertex 22.5947 3 5.10782
      vertex 22.6 3 5
    endloop
  endfacet
  facet normal -0.998794 -0 -0.0490967
    outer loop
      vertex 22.5947 3 5.10782
      vertex 22.6 -3 5
      vertex 22.5947 -3 5.10782
    endloop
  endfacet
  facet normal -0.969875 0 -0.243603
    outer loop
      vertex 22.5789 -3 5.2146
      vertex 22.5526 3 5.31931
      vertex 22.5789 3 5.2146
    endloop
  endfacet
  facet normal -0.969875 -0 -0.243603
    outer loop
      vertex 22.5526 3 5.31931
      vertex 22.5789 -3 5.2146
      vertex 22.5526 -3 5.31931
    endloop
  endfacet
  facet normal 0.242928 0 0.970044
    outer loop
      vertex 21.1807 3 3.94736
      vertex 21.2854 -3 3.92114
      vertex 21.2854 3 3.92114
    endloop
  endfacet
  facet normal 0.242928 0 0.970044
    outer loop
      vertex 21.2854 -3 3.92114
      vertex 21.1807 3 3.94736
      vertex 21.1807 -3 3.94736
    endloop
  endfacet
  facet normal -0.941742 0 -0.336336
    outer loop
      vertex 22.5526 -3 5.31931
      vertex 22.5163 3 5.42095
      vertex 22.5526 3 5.31931
    endloop
  endfacet
  facet normal -0.941742 -0 -0.336336
    outer loop
      vertex 22.5163 3 5.42095
      vertex 22.5526 -3 5.31931
      vertex 22.5163 -3 5.42095
    endloop
  endfacet
  facet normal -0.336653 0 -0.941629
    outer loop
      vertex 21.8193 -3 6.05263
      vertex 21.921 3 6.01627
      vertex 21.921 -3 6.01627
    endloop
  endfacet
  facet normal -0.336653 0 -0.941629
    outer loop
      vertex 21.921 3 6.01627
      vertex 21.8193 -3 6.05263
      vertex 21.8193 3 6.05263
    endloop
  endfacet
  facet normal 0.998794 -0 0.0490967
    outer loop
      vertex 20.4 -3 5
      vertex 20.4053 3 4.89218
      vertex 20.4 3 5
    endloop
  endfacet
  facet normal 0.998794 0 0.0490967
    outer loop
      vertex 20.4053 3 4.89218
      vertex 20.4 -3 5
      vertex 20.4053 -3 4.89218
    endloop
  endfacet
  facet normal 0.514019 0 -0.857779
    outer loop
      vertex 20.8889 -3 5.91462
      vertex 20.9815 3 5.97011
      vertex 20.9815 -3 5.97011
    endloop
  endfacet
  facet normal 0.514019 0 -0.857779
    outer loop
      vertex 20.9815 3 5.97011
      vertex 20.8889 -3 5.91462
      vertex 20.8889 3 5.91462
    endloop
  endfacet
  facet normal -0.336735 0 0.941599
    outer loop
      vertex 21.8193 3 3.94736
      vertex 21.921 -3 3.98373
      vertex 21.921 3 3.98373
    endloop
  endfacet
  facet normal -0.336735 0 0.941599
    outer loop
      vertex 21.921 -3 3.98373
      vertex 21.8193 3 3.94736
      vertex 21.8193 -3 3.94736
    endloop
  endfacet
  facet normal 0.803212 -0 0.595693
    outer loop
      vertex 20.5854 -3 4.38887
      vertex 20.6497 3 4.30217
      vertex 20.5854 3 4.38887
    endloop
  endfacet
  facet normal 0.803212 0 0.595693
    outer loop
      vertex 20.6497 3 4.30217
      vertex 20.5854 -3 4.38887
      vertex 20.6497 -3 4.30217
    endloop
  endfacet
  facet normal 0.903834 -0 0.427883
    outer loop
      vertex 20.4837 -3 4.57905
      vertex 20.5299 3 4.48146
      vertex 20.4837 3 4.57905
    endloop
  endfacet
  facet normal 0.903834 0 0.427883
    outer loop
      vertex 20.5299 3 4.48146
      vertex 20.4837 -3 4.57905
      vertex 20.5299 -3 4.48146
    endloop
  endfacet
  facet normal 0.243015 0 -0.970022
    outer loop
      vertex 21.1807 -3 6.05263
      vertex 21.2854 3 6.07886
      vertex 21.2854 -3 6.07886
    endloop
  endfacet
  facet normal 0.243015 0 -0.970022
    outer loop
      vertex 21.2854 3 6.07886
      vertex 21.1807 -3 6.05263
      vertex 21.1807 3 6.05263
    endloop
  endfacet
  facet normal 0.857714 -0 0.514128
    outer loop
      vertex 20.5299 -3 4.48146
      vertex 20.5854 3 4.38887
      vertex 20.5299 3 4.48146
    endloop
  endfacet
  facet normal 0.857714 0 0.514128
    outer loop
      vertex 20.5854 3 4.38887
      vertex 20.5299 -3 4.48146
      vertex 20.5854 -3 4.38887
    endloop
  endfacet
  facet normal -0.903834 0 -0.427883
    outer loop
      vertex 22.5163 -3 5.42095
      vertex 22.4701 3 5.51854
      vertex 22.5163 3 5.42095
    endloop
  endfacet
  facet normal -0.903834 -0 -0.427883
    outer loop
      vertex 22.4701 3 5.51854
      vertex 22.5163 -3 5.42095
      vertex 22.4701 -3 5.51854
    endloop
  endfacet
  facet normal 0.671469 0 -0.741033
    outer loop
      vertex 20.7222 -3 5.77782
      vertex 20.8022 3 5.85031
      vertex 20.8022 -3 5.85031
    endloop
  endfacet
  facet normal 0.671469 0 -0.741033
    outer loop
      vertex 20.8022 3 5.85031
      vertex 20.7222 -3 5.77782
      vertex 20.7222 3 5.77782
    endloop
  endfacet
  facet normal 0.989229 -0 0.146374
    outer loop
      vertex 20.4053 -3 4.89218
      vertex 20.4211 3 4.7854
      vertex 20.4053 3 4.89218
    endloop
  endfacet
  facet normal 0.989229 0 0.146374
    outer loop
      vertex 20.4211 3 4.7854
      vertex 20.4053 -3 4.89218
      vertex 20.4211 -3 4.7854
    endloop
  endfacet
  facet normal 0.941742 -0 0.336336
    outer loop
      vertex 20.4474 -3 4.68069
      vertex 20.4837 3 4.57905
      vertex 20.4474 3 4.68069
    endloop
  endfacet
  facet normal 0.941742 0 0.336336
    outer loop
      vertex 20.4837 3 4.57905
      vertex 20.4474 -3 4.68069
      vertex 20.4837 -3 4.57905
    endloop
  endfacet
  facet normal -0.803212 0 0.595693
    outer loop
      vertex 22.3503 -3 4.30217
      vertex 22.4146 3 4.38887
      vertex 22.3503 3 4.30217
    endloop
  endfacet
  facet normal -0.803212 0 0.595693
    outer loop
      vertex 22.4146 3 4.38887
      vertex 22.3503 -3 4.30217
      vertex 22.4146 -3 4.38887
    endloop
  endfacet
  facet normal -0.14671 0 -0.98918
    outer loop
      vertex 21.6078 -3 6.0947
      vertex 21.7146 3 6.07886
      vertex 21.7146 -3 6.07886
    endloop
  endfacet
  facet normal -0.14671 0 -0.98918
    outer loop
      vertex 21.7146 3 6.07886
      vertex 21.6078 -3 6.0947
      vertex 21.6078 3 6.0947
    endloop
  endfacet
  facet normal -0.242928 0 0.970044
    outer loop
      vertex 21.7146 3 3.92114
      vertex 21.8193 -3 3.94736
      vertex 21.8193 3 3.94736
    endloop
  endfacet
  facet normal -0.242928 0 0.970044
    outer loop
      vertex 21.8193 -3 3.94736
      vertex 21.7146 3 3.92114
      vertex 21.7146 -3 3.92114
    endloop
  endfacet
  facet normal -0.989229 0 0.146374
    outer loop
      vertex 22.5789 -3 4.7854
      vertex 22.5947 3 4.89218
      vertex 22.5789 3 4.7854
    endloop
  endfacet
  facet normal -0.989229 0 0.146374
    outer loop
      vertex 22.5947 3 4.89218
      vertex 22.5789 -3 4.7854
      vertex 22.5947 -3 4.89218
    endloop
  endfacet
  facet normal -0.857714 0 0.514128
    outer loop
      vertex 22.4146 -3 4.38887
      vertex 22.4701 3 4.48146
      vertex 22.4146 3 4.38887
    endloop
  endfacet
  facet normal -0.857714 0 0.514128
    outer loop
      vertex 22.4701 3 4.48146
      vertex 22.4146 -3 4.38887
      vertex 22.4701 -3 4.48146
    endloop
  endfacet
  facet normal -0.514019 0 0.857779
    outer loop
      vertex 22.0185 3 4.02989
      vertex 22.1111 -3 4.08538
      vertex 22.1111 3 4.08538
    endloop
  endfacet
  facet normal -0.514019 0 0.857779
    outer loop
      vertex 22.1111 -3 4.08538
      vertex 22.0185 3 4.02989
      vertex 22.0185 -3 4.02989
    endloop
  endfacet
  facet normal 0.336735 0 0.941599
    outer loop
      vertex 21.079 3 3.98373
      vertex 21.1807 -3 3.94736
      vertex 21.1807 3 3.94736
    endloop
  endfacet
  facet normal 0.336735 0 0.941599
    outer loop
      vertex 21.1807 -3 3.94736
      vertex 21.079 3 3.98373
      vertex 21.079 -3 3.98373
    endloop
  endfacet
  facet normal -0.427903 0 -0.903825
    outer loop
      vertex 21.921 -3 6.01627
      vertex 22.0185 3 5.97011
      vertex 22.0185 -3 5.97011
    endloop
  endfacet
  facet normal -0.427903 0 -0.903825
    outer loop
      vertex 22.0185 3 5.97011
      vertex 21.921 -3 6.01627
      vertex 21.921 3 6.01627
    endloop
  endfacet
  facet normal -0.671469 0 -0.741033
    outer loop
      vertex 22.1978 -3 5.85031
      vertex 22.2778 3 5.77782
      vertex 22.2778 -3 5.77782
    endloop
  endfacet
  facet normal -0.671469 0 -0.741033
    outer loop
      vertex 22.2778 3 5.77782
      vertex 22.1978 -3 5.85031
      vertex 22.1978 3 5.85031
    endloop
  endfacet
  facet normal 0.595752 0 -0.803168
    outer loop
      vertex 20.8022 -3 5.85031
      vertex 20.8889 3 5.91462
      vertex 20.8889 -3 5.91462
    endloop
  endfacet
  facet normal 0.595752 0 -0.803168
    outer loop
      vertex 20.8889 3 5.91462
      vertex 20.8022 -3 5.85031
      vertex 20.8022 3 5.85031
    endloop
  endfacet
  facet normal -0.803212 0 -0.595693
    outer loop
      vertex 22.4146 -3 5.61113
      vertex 22.3503 3 5.69783
      vertex 22.4146 3 5.61113
    endloop
  endfacet
  facet normal -0.803212 -0 -0.595693
    outer loop
      vertex 22.3503 3 5.69783
      vertex 22.4146 -3 5.61113
      vertex 22.3503 -3 5.69783
    endloop
  endfacet
  facet normal 0.857714 0 -0.514128
    outer loop
      vertex 20.5854 -3 5.61113
      vertex 20.5299 3 5.51854
      vertex 20.5854 3 5.61113
    endloop
  endfacet
  facet normal 0.857714 0 -0.514128
    outer loop
      vertex 20.5299 3 5.51854
      vertex 20.5854 -3 5.61113
      vertex 20.5299 -3 5.51854
    endloop
  endfacet
  facet normal -0.857714 0 -0.514128
    outer loop
      vertex 22.4701 -3 5.51854
      vertex 22.4146 3 5.61113
      vertex 22.4701 3 5.51854
    endloop
  endfacet
  facet normal -0.857714 -0 -0.514128
    outer loop
      vertex 22.4146 3 5.61113
      vertex 22.4701 -3 5.51854
      vertex 22.4146 -3 5.61113
    endloop
  endfacet
  facet normal 0.595752 0 0.803168
    outer loop
      vertex 20.8022 3 4.14969
      vertex 20.8889 -3 4.08538
      vertex 20.8889 3 4.08538
    endloop
  endfacet
  facet normal 0.595752 0 0.803168
    outer loop
      vertex 20.8889 -3 4.08538
      vertex 20.8022 3 4.14969
      vertex 20.8022 -3 4.14969
    endloop
  endfacet
  facet normal 0.803212 0 -0.595693
    outer loop
      vertex 20.6497 -3 5.69783
      vertex 20.5854 3 5.61113
      vertex 20.6497 3 5.69783
    endloop
  endfacet
  facet normal 0.803212 0 -0.595693
    outer loop
      vertex 20.5854 3 5.61113
      vertex 20.6497 -3 5.69783
      vertex 20.5854 -3 5.61113
    endloop
  endfacet
  facet normal 0.514019 0 0.857779
    outer loop
      vertex 20.8889 3 4.08538
      vertex 20.9815 -3 4.02989
      vertex 20.9815 3 4.02989
    endloop
  endfacet
  facet normal 0.514019 0 0.857779
    outer loop
      vertex 20.9815 -3 4.02989
      vertex 20.8889 3 4.08538
      vertex 20.8889 -3 4.08538
    endloop
  endfacet
  facet normal -0.514019 0 -0.857779
    outer loop
      vertex 22.0185 -3 5.97011
      vertex 22.1111 3 5.91462
      vertex 22.1111 -3 5.91462
    endloop
  endfacet
  facet normal -0.514019 0 -0.857779
    outer loop
      vertex 22.1111 3 5.91462
      vertex 22.0185 -3 5.97011
      vertex 22.0185 3 5.97011
    endloop
  endfacet
  facet normal -0.595752 0 -0.803168
    outer loop
      vertex 22.1111 -3 5.91462
      vertex 22.1978 3 5.85031
      vertex 22.1978 -3 5.85031
    endloop
  endfacet
  facet normal -0.595752 0 -0.803168
    outer loop
      vertex 22.1978 3 5.85031
      vertex 22.1111 -3 5.91462
      vertex 22.1111 3 5.91462
    endloop
  endfacet
  facet normal -0.14671 0 0.98918
    outer loop
      vertex 21.6078 3 3.9053
      vertex 21.7146 -3 3.92114
      vertex 21.7146 3 3.92114
    endloop
  endfacet
  facet normal -0.14671 0 0.98918
    outer loop
      vertex 21.7146 -3 3.92114
      vertex 21.6078 3 3.9053
      vertex 21.6078 -3 3.9053
    endloop
  endfacet
  facet normal -0.969875 0 0.243603
    outer loop
      vertex 22.5526 -3 4.68069
      vertex 22.5789 3 4.7854
      vertex 22.5526 3 4.68069
    endloop
  endfacet
  facet normal -0.969875 0 0.243603
    outer loop
      vertex 22.5789 3 4.7854
      vertex 22.5526 -3 4.68069
      vertex 22.5789 -3 4.7854
    endloop
  endfacet
  facet normal -0.941742 0 0.336336
    outer loop
      vertex 22.5163 -3 4.57905
      vertex 22.5526 3 4.68069
      vertex 22.5163 3 4.57905
    endloop
  endfacet
  facet normal -0.941742 0 0.336336
    outer loop
      vertex 22.5526 3 4.68069
      vertex 22.5163 -3 4.57905
      vertex 22.5526 -3 4.68069
    endloop
  endfacet
  facet normal -0.740945 0 -0.671566
    outer loop
      vertex 22.3503 -3 5.69783
      vertex 22.2778 3 5.77782
      vertex 22.3503 3 5.69783
    endloop
  endfacet
  facet normal -0.740945 -0 -0.671566
    outer loop
      vertex 22.2778 3 5.77782
      vertex 22.3503 -3 5.69783
      vertex 22.2778 -3 5.77782
    endloop
  endfacet
  facet normal 0.0491058 0 -0.998794
    outer loop
      vertex 21.3922 -3 6.0947
      vertex 21.5 3 6.1
      vertex 21.5 -3 6.1
    endloop
  endfacet
  facet normal 0.0491058 0 -0.998794
    outer loop
      vertex 21.5 3 6.1
      vertex 21.3922 -3 6.0947
      vertex 21.3922 3 6.0947
    endloop
  endfacet
  facet normal -0.0491058 0 -0.998794
    outer loop
      vertex 21.5 -3 6.1
      vertex 21.6078 3 6.0947
      vertex 21.6078 -3 6.0947
    endloop
  endfacet
  facet normal -0.0491058 0 -0.998794
    outer loop
      vertex 21.6078 3 6.0947
      vertex 21.5 -3 6.1
      vertex 21.5 3 6.1
    endloop
  endfacet
  facet normal -0.671469 0 0.741033
    outer loop
      vertex 22.1978 3 4.14969
      vertex 22.2778 -3 4.22218
      vertex 22.2778 3 4.22218
    endloop
  endfacet
  facet normal -0.671469 0 0.741033
    outer loop
      vertex 22.2778 -3 4.22218
      vertex 22.1978 3 4.14969
      vertex 22.1978 -3 4.14969
    endloop
  endfacet
  facet normal -0.998794 0 0.0490967
    outer loop
      vertex 22.5947 -3 4.89218
      vertex 22.6 3 5
      vertex 22.5947 3 4.89218
    endloop
  endfacet
  facet normal -0.998794 0 0.0490967
    outer loop
      vertex 22.6 3 5
      vertex 22.5947 -3 4.89218
      vertex 22.6 -3 5
    endloop
  endfacet
  facet normal 0.0491058 0 0.998794
    outer loop
      vertex 21.3922 3 3.9053
      vertex 21.5 -3 3.9
      vertex 21.5 3 3.9
    endloop
  endfacet
  facet normal 0.0491058 0 0.998794
    outer loop
      vertex 21.5 -3 3.9
      vertex 21.3922 3 3.9053
      vertex 21.3922 -3 3.9053
    endloop
  endfacet
  facet normal 0.740945 0 -0.671566
    outer loop
      vertex 20.7222 -3 5.77782
      vertex 20.6497 3 5.69783
      vertex 20.7222 3 5.77782
    endloop
  endfacet
  facet normal 0.740945 0 -0.671566
    outer loop
      vertex 20.6497 3 5.69783
      vertex 20.7222 -3 5.77782
      vertex 20.6497 -3 5.69783
    endloop
  endfacet
  facet normal 0.14671 0 -0.98918
    outer loop
      vertex 21.2854 -3 6.07886
      vertex 21.3922 3 6.0947
      vertex 21.3922 -3 6.0947
    endloop
  endfacet
  facet normal 0.14671 0 -0.98918
    outer loop
      vertex 21.3922 3 6.0947
      vertex 21.2854 -3 6.07886
      vertex 21.2854 3 6.07886
    endloop
  endfacet
  facet normal 0.336653 0 -0.941629
    outer loop
      vertex 21.079 -3 6.01627
      vertex 21.1807 3 6.05263
      vertex 21.1807 -3 6.05263
    endloop
  endfacet
  facet normal 0.336653 0 -0.941629
    outer loop
      vertex 21.1807 3 6.05263
      vertex 21.079 -3 6.01627
      vertex 21.079 3 6.01627
    endloop
  endfacet
  facet normal 0.427903 0 -0.903825
    outer loop
      vertex 20.9815 -3 5.97011
      vertex 21.079 3 6.01627
      vertex 21.079 -3 6.01627
    endloop
  endfacet
  facet normal 0.427903 0 -0.903825
    outer loop
      vertex 21.079 3 6.01627
      vertex 20.9815 -3 5.97011
      vertex 20.9815 3 5.97011
    endloop
  endfacet
  facet normal 0.903834 0 -0.427883
    outer loop
      vertex 20.5299 -3 5.51854
      vertex 20.4837 3 5.42095
      vertex 20.5299 3 5.51854
    endloop
  endfacet
  facet normal 0.903834 0 -0.427883
    outer loop
      vertex 20.4837 3 5.42095
      vertex 20.5299 -3 5.51854
      vertex 20.4837 -3 5.42095
    endloop
  endfacet
  facet normal 0.740945 -0 0.671566
    outer loop
      vertex 20.6497 -3 4.30217
      vertex 20.7222 3 4.22218
      vertex 20.6497 3 4.30217
    endloop
  endfacet
  facet normal 0.740945 0 0.671566
    outer loop
      vertex 20.7222 3 4.22218
      vertex 20.6497 -3 4.30217
      vertex 20.7222 -3 4.22218
    endloop
  endfacet
  facet normal 0.671469 0 0.741033
    outer loop
      vertex 20.7222 3 4.22218
      vertex 20.8022 -3 4.14969
      vertex 20.8022 3 4.14969
    endloop
  endfacet
  facet normal 0.671469 0 0.741033
    outer loop
      vertex 20.8022 -3 4.14969
      vertex 20.7222 3 4.22218
      vertex 20.7222 -3 4.22218
    endloop
  endfacet
  facet normal 0.989229 0 -0.146374
    outer loop
      vertex 20.4211 -3 5.2146
      vertex 20.4053 3 5.10782
      vertex 20.4211 3 5.2146
    endloop
  endfacet
  facet normal 0.989229 0 -0.146374
    outer loop
      vertex 20.4053 3 5.10782
      vertex 20.4211 -3 5.2146
      vertex 20.4053 -3 5.10782
    endloop
  endfacet
  facet normal 0.969875 0 -0.243603
    outer loop
      vertex 20.4474 -3 5.31931
      vertex 20.4211 3 5.2146
      vertex 20.4474 3 5.31931
    endloop
  endfacet
  facet normal 0.969875 0 -0.243603
    outer loop
      vertex 20.4211 3 5.2146
      vertex 20.4474 -3 5.31931
      vertex 20.4211 -3 5.2146
    endloop
  endfacet
  facet normal 0.969875 -0 0.243603
    outer loop
      vertex 20.4211 -3 4.7854
      vertex 20.4474 3 4.68069
      vertex 20.4211 3 4.7854
    endloop
  endfacet
  facet normal 0.969875 0 0.243603
    outer loop
      vertex 20.4474 3 4.68069
      vertex 20.4211 -3 4.7854
      vertex 20.4474 -3 4.68069
    endloop
  endfacet
  facet normal 0.427903 0 0.903825
    outer loop
      vertex 20.9815 3 4.02989
      vertex 21.079 -3 3.98373
      vertex 21.079 3 3.98373
    endloop
  endfacet
  facet normal 0.427903 0 0.903825
    outer loop
      vertex 21.079 -3 3.98373
      vertex 20.9815 3 4.02989
      vertex 20.9815 -3 4.02989
    endloop
  endfacet
  facet normal -0.427903 0 0.903825
    outer loop
      vertex 21.921 3 3.98373
      vertex 22.0185 -3 4.02989
      vertex 22.0185 3 4.02989
    endloop
  endfacet
  facet normal -0.427903 0 0.903825
    outer loop
      vertex 22.0185 -3 4.02989
      vertex 21.921 3 3.98373
      vertex 21.921 -3 3.98373
    endloop
  endfacet
  facet normal -0.0491058 0 0.998794
    outer loop
      vertex 21.5 3 3.9
      vertex 21.6078 -3 3.9053
      vertex 21.6078 3 3.9053
    endloop
  endfacet
  facet normal -0.0491058 0 0.998794
    outer loop
      vertex 21.6078 -3 3.9053
      vertex 21.5 3 3.9
      vertex 21.5 -3 3.9
    endloop
  endfacet
  facet normal -0.903834 0 0.427883
    outer loop
      vertex 22.4701 -3 4.48146
      vertex 22.5163 3 4.57905
      vertex 22.4701 3 4.48146
    endloop
  endfacet
  facet normal -0.903834 0 0.427883
    outer loop
      vertex 22.5163 3 4.57905
      vertex 22.4701 -3 4.48146
      vertex 22.5163 -3 4.57905
    endloop
  endfacet
  facet normal 0.941742 0 -0.336336
    outer loop
      vertex 20.4837 -3 5.42095
      vertex 20.4474 3 5.31931
      vertex 20.4837 3 5.42095
    endloop
  endfacet
  facet normal 0.941742 0 -0.336336
    outer loop
      vertex 20.4474 3 5.31931
      vertex 20.4837 -3 5.42095
      vertex 20.4474 -3 5.31931
    endloop
  endfacet
  facet normal -0.243015 0 -0.970022
    outer loop
      vertex 21.7146 -3 6.07886
      vertex 21.8193 3 6.05263
      vertex 21.8193 -3 6.05263
    endloop
  endfacet
  facet normal -0.243015 0 -0.970022
    outer loop
      vertex 21.8193 3 6.05263
      vertex 21.7146 -3 6.07886
      vertex 21.7146 3 6.07886
    endloop
  endfacet
  facet normal -0.595752 0 0.803168
    outer loop
      vertex 22.1111 3 4.08538
      vertex 22.1978 -3 4.14969
      vertex 22.1978 3 4.14969
    endloop
  endfacet
  facet normal -0.595752 0 0.803168
    outer loop
      vertex 22.1978 -3 4.14969
      vertex 22.1111 3 4.08538
      vertex 22.1111 -3 4.08538
    endloop
  endfacet
  facet normal 0.14671 0 0.98918
    outer loop
      vertex 21.2854 3 3.92114
      vertex 21.3922 -3 3.9053
      vertex 21.3922 3 3.9053
    endloop
  endfacet
  facet normal 0.14671 0 0.98918
    outer loop
      vertex 21.3922 -3 3.9053
      vertex 21.2854 3 3.92114
      vertex 21.2854 -3 3.92114
    endloop
  endfacet
  facet normal 0.998794 0 -0.0490967
    outer loop
      vertex 20.4053 -3 5.10782
      vertex 20.4 3 5
      vertex 20.4053 3 5.10782
    endloop
  endfacet
  facet normal 0.998794 0 -0.0490967
    outer loop
      vertex 20.4 3 5
      vertex 20.4053 -3 5.10782
      vertex 20.4 -3 5
    endloop
  endfacet
  facet normal -0.740945 0 0.671566
    outer loop
      vertex 22.2778 -3 4.22218
      vertex 22.3503 3 4.30217
      vertex 22.2778 3 4.22218
    endloop
  endfacet
  facet normal -0.740945 0 0.671566
    outer loop
      vertex 22.3503 3 4.30217
      vertex 22.2778 -3 4.22218
      vertex 22.3503 -3 4.30217
    endloop
  endfacet
  facet normal -0.740951 -0.671559 0
    outer loop
      vertex 4.73469 3.88566 0
      vertex 4.33103 4.33103 10
      vertex 4.33103 4.33103 0
    endloop
  endfacet
  facet normal -0.740951 -0.671559 0
    outer loop
      vertex 4.33103 4.33103 10
      vertex 4.73469 3.88566 0
      vertex 4.73469 3.88566 10
    endloop
  endfacet
  facet normal -0.989176 -0.146735 0
    outer loop
      vertex 6.09551 0.600354 0
      vertex 6.00731 1.19493 10
      vertex 6.00731 1.19493 0
    endloop
  endfacet
  facet normal -0.989176 -0.146735 0
    outer loop
      vertex 6.00731 1.19493 10
      vertex 6.09551 0.600354 0
      vertex 6.09551 0.600354 10
    endloop
  endfacet
  facet normal -0.998796 -0.0490619 0
    outer loop
      vertex 6.125 0 0
      vertex 6.09551 0.600354 10
      vertex 6.09551 0.600354 0
    endloop
  endfacet
  facet normal -0.998796 -0.0490619 0
    outer loop
      vertex 6.09551 0.600354 10
      vertex 6.125 0 0
      vertex 6.125 0 10
    endloop
  endfacet
  facet normal -0.970031 -0.242982 0
    outer loop
      vertex 6.00731 1.19493 0
      vertex 5.86126 1.77799 10
      vertex 5.86126 1.77799 0
    endloop
  endfacet
  facet normal -0.970031 -0.242982 0
    outer loop
      vertex 5.86126 1.77799 10
      vertex 6.00731 1.19493 0
      vertex 6.00731 1.19493 10
    endloop
  endfacet
  facet normal -0.33689 0.941544 0
    outer loop
      vertex 2.34394 -5.65876 0
      vertex 1.77799 -5.86126 10
      vertex 2.34394 -5.65876 10
    endloop
  endfacet
  facet normal -0.33689 0.941544 0
    outer loop
      vertex 1.77799 -5.86126 10
      vertex 2.34394 -5.65876 0
      vertex 1.77799 -5.86126 0
    endloop
  endfacet
  facet normal -0.671559 -0.740951 0
    outer loop
      vertex 3.88566 4.73469 0
      vertex 4.33103 4.33103 10
      vertex 3.88566 4.73469 10
    endloop
  endfacet
  facet normal -0.671559 -0.740951 -0
    outer loop
      vertex 4.33103 4.33103 10
      vertex 3.88566 4.73469 0
      vertex 4.33103 4.33103 0
    endloop
  endfacet
  facet normal -0.0490619 -0.998796 0
    outer loop
      vertex 0 6.125 0
      vertex 0.600354 6.09551 10
      vertex 0 6.125 10
    endloop
  endfacet
  facet normal -0.0490619 -0.998796 -0
    outer loop
      vertex 0.600354 6.09551 10
      vertex 0 6.125 0
      vertex 0.600354 6.09551 0
    endloop
  endfacet
  facet normal -0.941544 -0.33689 0
    outer loop
      vertex 5.86126 1.77799 0
      vertex 5.65876 2.34394 10
      vertex 5.65876 2.34394 0
    endloop
  endfacet
  facet normal -0.941544 -0.33689 0
    outer loop
      vertex 5.65876 2.34394 10
      vertex 5.86126 1.77799 0
      vertex 5.86126 1.77799 10
    endloop
  endfacet
  facet normal 0.803209 -0.595698 0
    outer loop
      vertex -5.09275 3.40287 10
      vertex -4.73469 3.88566 0
      vertex -4.73469 3.88566 10
    endloop
  endfacet
  facet normal 0.803209 -0.595698 0
    outer loop
      vertex -4.73469 3.88566 0
      vertex -5.09275 3.40287 10
      vertex -5.09275 3.40287 0
    endloop
  endfacet
  facet normal 0.0490619 -0.998796 0
    outer loop
      vertex -0.600354 6.09551 0
      vertex 0 6.125 10
      vertex -0.600354 6.09551 10
    endloop
  endfacet
  facet normal 0.0490619 -0.998796 0
    outer loop
      vertex 0 6.125 10
      vertex -0.600354 6.09551 0
      vertex 0 6.125 0
    endloop
  endfacet
  facet normal -0.0490619 0.998796 0
    outer loop
      vertex 0.600354 -6.09551 0
      vertex 0 -6.125 10
      vertex 0.600354 -6.09551 10
    endloop
  endfacet
  facet normal -0.0490619 0.998796 0
    outer loop
      vertex 0 -6.125 10
      vertex 0.600354 -6.09551 0
      vertex 0 -6.125 0
    endloop
  endfacet
  facet normal 0.941544 -0.33689 0
    outer loop
      vertex -5.86126 1.77799 10
      vertex -5.65876 2.34394 0
      vertex -5.65876 2.34394 10
    endloop
  endfacet
  facet normal 0.941544 -0.33689 0
    outer loop
      vertex -5.65876 2.34394 0
      vertex -5.86126 1.77799 10
      vertex -5.86126 1.77799 0
    endloop
  endfacet
  facet normal -0.970031 0.242982 0
    outer loop
      vertex 5.86126 -1.77799 0
      vertex 6.00731 -1.19493 10
      vertex 6.00731 -1.19493 0
    endloop
  endfacet
  facet normal -0.970031 0.242982 0
    outer loop
      vertex 6.00731 -1.19493 10
      vertex 5.86126 -1.77799 0
      vertex 5.86126 -1.77799 10
    endloop
  endfacet
  facet normal 0.970031 -0.242982 0
    outer loop
      vertex -6.00731 1.19493 10
      vertex -5.86126 1.77799 0
      vertex -5.86126 1.77799 10
    endloop
  endfacet
  facet normal 0.970031 -0.242982 0
    outer loop
      vertex -5.86126 1.77799 0
      vertex -6.00731 1.19493 10
      vertex -6.00731 1.19493 0
    endloop
  endfacet
  facet normal -0.514102 0.857729 0
    outer loop
      vertex 3.40287 -5.09275 0
      vertex 2.8873 -5.40177 10
      vertex 3.40287 -5.09275 10
    endloop
  endfacet
  facet normal -0.514102 0.857729 0
    outer loop
      vertex 2.8873 -5.40177 10
      vertex 3.40287 -5.09275 0
      vertex 2.8873 -5.40177 0
    endloop
  endfacet
  facet normal -0.857729 -0.514102 0
    outer loop
      vertex 5.40177 2.8873 0
      vertex 5.09275 3.40287 10
      vertex 5.09275 3.40287 0
    endloop
  endfacet
  facet normal -0.857729 -0.514102 0
    outer loop
      vertex 5.09275 3.40287 10
      vertex 5.40177 2.8873 0
      vertex 5.40177 2.8873 10
    endloop
  endfacet
  facet normal -0.803209 -0.595698 0
    outer loop
      vertex 5.09275 3.40287 0
      vertex 4.73469 3.88566 10
      vertex 4.73469 3.88566 0
    endloop
  endfacet
  facet normal -0.803209 -0.595698 0
    outer loop
      vertex 4.73469 3.88566 10
      vertex 5.09275 3.40287 0
      vertex 5.09275 3.40287 10
    endloop
  endfacet
  facet normal 0.146735 0.989176 -0
    outer loop
      vertex -0.600354 -6.09551 0
      vertex -1.19493 -6.00731 10
      vertex -0.600354 -6.09551 10
    endloop
  endfacet
  facet normal 0.146735 0.989176 0
    outer loop
      vertex -1.19493 -6.00731 10
      vertex -0.600354 -6.09551 0
      vertex -1.19493 -6.00731 0
    endloop
  endfacet
  facet normal -0.903989 -0.427555 0
    outer loop
      vertex 5.65876 2.34394 0
      vertex 5.40177 2.8873 10
      vertex 5.40177 2.8873 0
    endloop
  endfacet
  facet normal -0.903989 -0.427555 0
    outer loop
      vertex 5.40177 2.8873 10
      vertex 5.65876 2.34394 0
      vertex 5.65876 2.34394 10
    endloop
  endfacet
  facet normal -0.941544 0.33689 0
    outer loop
      vertex 5.65876 -2.34394 0
      vertex 5.86126 -1.77799 10
      vertex 5.86126 -1.77799 0
    endloop
  endfacet
  facet normal -0.941544 0.33689 0
    outer loop
      vertex 5.86126 -1.77799 10
      vertex 5.65876 -2.34394 0
      vertex 5.65876 -2.34394 10
    endloop
  endfacet
  facet normal 0.427555 0.903989 -0
    outer loop
      vertex -2.34394 -5.65876 0
      vertex -2.8873 -5.40177 10
      vertex -2.34394 -5.65876 10
    endloop
  endfacet
  facet normal 0.427555 0.903989 0
    outer loop
      vertex -2.8873 -5.40177 10
      vertex -2.34394 -5.65876 0
      vertex -2.8873 -5.40177 0
    endloop
  endfacet
  facet normal -0.989176 0.146735 0
    outer loop
      vertex 6.00731 -1.19493 0
      vertex 6.09551 -0.600354 10
      vertex 6.09551 -0.600354 0
    endloop
  endfacet
  facet normal -0.989176 0.146735 0
    outer loop
      vertex 6.09551 -0.600354 10
      vertex 6.00731 -1.19493 0
      vertex 6.00731 -1.19493 10
    endloop
  endfacet
  facet normal 0.970031 0.242982 0
    outer loop
      vertex -5.86126 -1.77799 10
      vertex -6.00731 -1.19493 0
      vertex -6.00731 -1.19493 10
    endloop
  endfacet
  facet normal 0.970031 0.242982 0
    outer loop
      vertex -6.00731 -1.19493 0
      vertex -5.86126 -1.77799 10
      vertex -5.86126 -1.77799 0
    endloop
  endfacet
  facet normal 0.595698 0.803209 -0
    outer loop
      vertex -3.40287 -5.09275 0
      vertex -3.88566 -4.73469 10
      vertex -3.40287 -5.09275 10
    endloop
  endfacet
  facet normal 0.595698 0.803209 0
    outer loop
      vertex -3.88566 -4.73469 10
      vertex -3.40287 -5.09275 0
      vertex -3.88566 -4.73469 0
    endloop
  endfacet
  facet normal 0.514102 -0.857729 0
    outer loop
      vertex -3.40287 5.09275 0
      vertex -2.8873 5.40177 10
      vertex -3.40287 5.09275 10
    endloop
  endfacet
  facet normal 0.514102 -0.857729 0
    outer loop
      vertex -2.8873 5.40177 10
      vertex -3.40287 5.09275 0
      vertex -2.8873 5.40177 0
    endloop
  endfacet
  facet normal 0.146735 -0.989176 0
    outer loop
      vertex -1.19493 6.00731 0
      vertex -0.600354 6.09551 10
      vertex -1.19493 6.00731 10
    endloop
  endfacet
  facet normal 0.146735 -0.989176 0
    outer loop
      vertex -0.600354 6.09551 10
      vertex -1.19493 6.00731 0
      vertex -0.600354 6.09551 0
    endloop
  endfacet
  facet normal -0.427555 0.903989 0
    outer loop
      vertex 2.8873 -5.40177 0
      vertex 2.34394 -5.65876 10
      vertex 2.8873 -5.40177 10
    endloop
  endfacet
  facet normal -0.427555 0.903989 0
    outer loop
      vertex 2.34394 -5.65876 10
      vertex 2.8873 -5.40177 0
      vertex 2.34394 -5.65876 0
    endloop
  endfacet
  facet normal 0.671559 -0.740951 0
    outer loop
      vertex -4.33103 4.33103 0
      vertex -3.88566 4.73469 10
      vertex -4.33103 4.33103 10
    endloop
  endfacet
  facet normal 0.671559 -0.740951 0
    outer loop
      vertex -3.88566 4.73469 10
      vertex -4.33103 4.33103 0
      vertex -3.88566 4.73469 0
    endloop
  endfacet
  facet normal -0.857729 0.514102 0
    outer loop
      vertex 5.09275 -3.40287 0
      vertex 5.40177 -2.8873 10
      vertex 5.40177 -2.8873 0
    endloop
  endfacet
  facet normal -0.857729 0.514102 0
    outer loop
      vertex 5.40177 -2.8873 10
      vertex 5.09275 -3.40287 0
      vertex 5.09275 -3.40287 10
    endloop
  endfacet
  facet normal 0.595698 -0.803209 0
    outer loop
      vertex -3.88566 4.73469 0
      vertex -3.40287 5.09275 10
      vertex -3.88566 4.73469 10
    endloop
  endfacet
  facet normal 0.595698 -0.803209 0
    outer loop
      vertex -3.40287 5.09275 10
      vertex -3.88566 4.73469 0
      vertex -3.40287 5.09275 0
    endloop
  endfacet
  facet normal 0.514102 0.857729 -0
    outer loop
      vertex -2.8873 -5.40177 0
      vertex -3.40287 -5.09275 10
      vertex -2.8873 -5.40177 10
    endloop
  endfacet
  facet normal 0.514102 0.857729 0
    outer loop
      vertex -3.40287 -5.09275 10
      vertex -2.8873 -5.40177 0
      vertex -3.40287 -5.09275 0
    endloop
  endfacet
  facet normal 0.33689 0.941544 -0
    outer loop
      vertex -1.77799 -5.86126 0
      vertex -2.34394 -5.65876 10
      vertex -1.77799 -5.86126 10
    endloop
  endfacet
  facet normal 0.33689 0.941544 0
    outer loop
      vertex -2.34394 -5.65876 10
      vertex -1.77799 -5.86126 0
      vertex -2.34394 -5.65876 0
    endloop
  endfacet
  facet normal -0.33689 -0.941544 0
    outer loop
      vertex 1.77799 5.86126 0
      vertex 2.34394 5.65876 10
      vertex 1.77799 5.86126 10
    endloop
  endfacet
  facet normal -0.33689 -0.941544 -0
    outer loop
      vertex 2.34394 5.65876 10
      vertex 1.77799 5.86126 0
      vertex 2.34394 5.65876 0
    endloop
  endfacet
  facet normal 0.941544 0.33689 0
    outer loop
      vertex -5.65876 -2.34394 10
      vertex -5.86126 -1.77799 0
      vertex -5.86126 -1.77799 10
    endloop
  endfacet
  facet normal 0.941544 0.33689 0
    outer loop
      vertex -5.86126 -1.77799 0
      vertex -5.65876 -2.34394 10
      vertex -5.65876 -2.34394 0
    endloop
  endfacet
  facet normal -0.514102 -0.857729 0
    outer loop
      vertex 2.8873 5.40177 0
      vertex 3.40287 5.09275 10
      vertex 2.8873 5.40177 10
    endloop
  endfacet
  facet normal -0.514102 -0.857729 -0
    outer loop
      vertex 3.40287 5.09275 10
      vertex 2.8873 5.40177 0
      vertex 3.40287 5.09275 0
    endloop
  endfacet
  facet normal -0.595698 -0.803209 0
    outer loop
      vertex 3.40287 5.09275 0
      vertex 3.88566 4.73469 10
      vertex 3.40287 5.09275 10
    endloop
  endfacet
  facet normal -0.595698 -0.803209 -0
    outer loop
      vertex 3.88566 4.73469 10
      vertex 3.40287 5.09275 0
      vertex 3.88566 4.73469 0
    endloop
  endfacet
  facet normal -0.146735 0.989176 0
    outer loop
      vertex 1.19493 -6.00731 0
      vertex 0.600354 -6.09551 10
      vertex 1.19493 -6.00731 10
    endloop
  endfacet
  facet normal -0.146735 0.989176 0
    outer loop
      vertex 0.600354 -6.09551 10
      vertex 1.19493 -6.00731 0
      vertex 0.600354 -6.09551 0
    endloop
  endfacet
  facet normal -0.740951 0.671559 0
    outer loop
      vertex 4.33103 -4.33103 0
      vertex 4.73469 -3.88566 10
      vertex 4.73469 -3.88566 0
    endloop
  endfacet
  facet normal -0.740951 0.671559 0
    outer loop
      vertex 4.73469 -3.88566 10
      vertex 4.33103 -4.33103 0
      vertex 4.33103 -4.33103 10
    endloop
  endfacet
  facet normal -0.803209 0.595698 0
    outer loop
      vertex 4.73469 -3.88566 0
      vertex 5.09275 -3.40287 10
      vertex 5.09275 -3.40287 0
    endloop
  endfacet
  facet normal -0.803209 0.595698 0
    outer loop
      vertex 5.09275 -3.40287 10
      vertex 4.73469 -3.88566 0
      vertex 4.73469 -3.88566 10
    endloop
  endfacet
  facet normal -0.242982 -0.970031 0
    outer loop
      vertex 1.19493 6.00731 0
      vertex 1.77799 5.86126 10
      vertex 1.19493 6.00731 10
    endloop
  endfacet
  facet normal -0.242982 -0.970031 -0
    outer loop
      vertex 1.77799 5.86126 10
      vertex 1.19493 6.00731 0
      vertex 1.77799 5.86126 0
    endloop
  endfacet
  facet normal -0.242982 0.970031 0
    outer loop
      vertex 1.77799 -5.86126 0
      vertex 1.19493 -6.00731 10
      vertex 1.77799 -5.86126 10
    endloop
  endfacet
  facet normal -0.242982 0.970031 0
    outer loop
      vertex 1.19493 -6.00731 10
      vertex 1.77799 -5.86126 0
      vertex 1.19493 -6.00731 0
    endloop
  endfacet
  facet normal -0.903989 0.427555 0
    outer loop
      vertex 5.40177 -2.8873 0
      vertex 5.65876 -2.34394 10
      vertex 5.65876 -2.34394 0
    endloop
  endfacet
  facet normal -0.903989 0.427555 0
    outer loop
      vertex 5.65876 -2.34394 10
      vertex 5.40177 -2.8873 0
      vertex 5.40177 -2.8873 10
    endloop
  endfacet
  facet normal 0.242982 -0.970031 0
    outer loop
      vertex -1.77799 5.86126 0
      vertex -1.19493 6.00731 10
      vertex -1.77799 5.86126 10
    endloop
  endfacet
  facet normal 0.242982 -0.970031 0
    outer loop
      vertex -1.19493 6.00731 10
      vertex -1.77799 5.86126 0
      vertex -1.19493 6.00731 0
    endloop
  endfacet
  facet normal 0.857729 -0.514102 0
    outer loop
      vertex -5.40177 2.8873 10
      vertex -5.09275 3.40287 0
      vertex -5.09275 3.40287 10
    endloop
  endfacet
  facet normal 0.857729 -0.514102 0
    outer loop
      vertex -5.09275 3.40287 0
      vertex -5.40177 2.8873 10
      vertex -5.40177 2.8873 0
    endloop
  endfacet
  facet normal 0.427555 -0.903989 0
    outer loop
      vertex -2.8873 5.40177 0
      vertex -2.34394 5.65876 10
      vertex -2.8873 5.40177 10
    endloop
  endfacet
  facet normal 0.427555 -0.903989 0
    outer loop
      vertex -2.34394 5.65876 10
      vertex -2.8873 5.40177 0
      vertex -2.34394 5.65876 0
    endloop
  endfacet
  facet normal 0.989176 -0.146732 0
    outer loop
      vertex -6.07331 0.75 10
      vertex -6.00731 1.19493 0
      vertex -6.00731 1.19493 10
    endloop
  endfacet
  facet normal 0.989176 -0.146732 0
    outer loop
      vertex -6.00731 1.19493 0
      vertex -6.07331 0.75 10
      vertex -6.07331 0.75 0
    endloop
  endfacet
  facet normal -0.427555 -0.903989 0
    outer loop
      vertex 2.34394 5.65876 0
      vertex 2.8873 5.40177 10
      vertex 2.34394 5.65876 10
    endloop
  endfacet
  facet normal -0.427555 -0.903989 -0
    outer loop
      vertex 2.8873 5.40177 10
      vertex 2.34394 5.65876 0
      vertex 2.8873 5.40177 0
    endloop
  endfacet
  facet normal 0.242982 0.970031 -0
    outer loop
      vertex -1.19493 -6.00731 0
      vertex -1.77799 -5.86126 10
      vertex -1.19493 -6.00731 10
    endloop
  endfacet
  facet normal 0.242982 0.970031 0
    outer loop
      vertex -1.77799 -5.86126 10
      vertex -1.19493 -6.00731 0
      vertex -1.77799 -5.86126 0
    endloop
  endfacet
  facet normal 0.740951 -0.671559 0
    outer loop
      vertex -4.73469 3.88566 10
      vertex -4.33103 4.33103 0
      vertex -4.33103 4.33103 10
    endloop
  endfacet
  facet normal 0.740951 -0.671559 0
    outer loop
      vertex -4.33103 4.33103 0
      vertex -4.73469 3.88566 10
      vertex -4.73469 3.88566 0
    endloop
  endfacet
  facet normal 0.903989 0.427555 0
    outer loop
      vertex -5.40177 -2.8873 10
      vertex -5.65876 -2.34394 0
      vertex -5.65876 -2.34394 10
    endloop
  endfacet
  facet normal 0.903989 0.427555 0
    outer loop
      vertex -5.65876 -2.34394 0
      vertex -5.40177 -2.8873 10
      vertex -5.40177 -2.8873 0
    endloop
  endfacet
  facet normal -0.146735 -0.989176 0
    outer loop
      vertex 0.600354 6.09551 0
      vertex 1.19493 6.00731 10
      vertex 0.600354 6.09551 10
    endloop
  endfacet
  facet normal -0.146735 -0.989176 -0
    outer loop
      vertex 1.19493 6.00731 10
      vertex 0.600354 6.09551 0
      vertex 1.19493 6.00731 0
    endloop
  endfacet
  facet normal 0.740951 0.671559 0
    outer loop
      vertex -4.33103 -4.33103 10
      vertex -4.73469 -3.88566 0
      vertex -4.73469 -3.88566 10
    endloop
  endfacet
  facet normal 0.740951 0.671559 0
    outer loop
      vertex -4.73469 -3.88566 0
      vertex -4.33103 -4.33103 10
      vertex -4.33103 -4.33103 0
    endloop
  endfacet
  facet normal 0.857729 0.514102 0
    outer loop
      vertex -5.09275 -3.40287 10
      vertex -5.40177 -2.8873 0
      vertex -5.40177 -2.8873 10
    endloop
  endfacet
  facet normal 0.857729 0.514102 0
    outer loop
      vertex -5.40177 -2.8873 0
      vertex -5.09275 -3.40287 10
      vertex -5.09275 -3.40287 0
    endloop
  endfacet
  facet normal 0.33689 -0.941544 0
    outer loop
      vertex -2.34394 5.65876 0
      vertex -1.77799 5.86126 10
      vertex -2.34394 5.65876 10
    endloop
  endfacet
  facet normal 0.33689 -0.941544 0
    outer loop
      vertex -1.77799 5.86126 10
      vertex -2.34394 5.65876 0
      vertex -1.77799 5.86126 0
    endloop
  endfacet
  facet normal -0.595698 0.803209 0
    outer loop
      vertex 3.88566 -4.73469 0
      vertex 3.40287 -5.09275 10
      vertex 3.88566 -4.73469 10
    endloop
  endfacet
  facet normal -0.595698 0.803209 0
    outer loop
      vertex 3.40287 -5.09275 10
      vertex 3.88566 -4.73469 0
      vertex 3.40287 -5.09275 0
    endloop
  endfacet
  facet normal -0.998796 0.0490619 0
    outer loop
      vertex 6.09551 -0.600354 0
      vertex 6.125 0 10
      vertex 6.125 0 0
    endloop
  endfacet
  facet normal -0.998796 0.0490619 0
    outer loop
      vertex 6.125 0 10
      vertex 6.09551 -0.600354 0
      vertex 6.09551 -0.600354 10
    endloop
  endfacet
  facet normal 0.903989 -0.427555 0
    outer loop
      vertex -5.65876 2.34394 10
      vertex -5.40177 2.8873 0
      vertex -5.40177 2.8873 10
    endloop
  endfacet
  facet normal 0.903989 -0.427555 0
    outer loop
      vertex -5.40177 2.8873 0
      vertex -5.65876 2.34394 10
      vertex -5.65876 2.34394 0
    endloop
  endfacet
  facet normal 0.803209 0.595698 0
    outer loop
      vertex -4.73469 -3.88566 10
      vertex -5.09275 -3.40287 0
      vertex -5.09275 -3.40287 10
    endloop
  endfacet
  facet normal 0.803209 0.595698 0
    outer loop
      vertex -5.09275 -3.40287 0
      vertex -4.73469 -3.88566 10
      vertex -4.73469 -3.88566 0
    endloop
  endfacet
  facet normal 0.989176 0.146732 0
    outer loop
      vertex -6.00731 -1.19493 10
      vertex -6.07331 -0.75 0
      vertex -6.07331 -0.75 10
    endloop
  endfacet
  facet normal 0.989176 0.146732 0
    outer loop
      vertex -6.07331 -0.75 0
      vertex -6.00731 -1.19493 10
      vertex -6.00731 -1.19493 0
    endloop
  endfacet
  facet normal 0.671559 0.740951 -0
    outer loop
      vertex -3.88566 -4.73469 0
      vertex -4.33103 -4.33103 10
      vertex -3.88566 -4.73469 10
    endloop
  endfacet
  facet normal 0.671559 0.740951 0
    outer loop
      vertex -4.33103 -4.33103 10
      vertex -3.88566 -4.73469 0
      vertex -4.33103 -4.33103 0
    endloop
  endfacet
  facet normal 0.0490619 0.998796 -0
    outer loop
      vertex 0 -6.125 0
      vertex -0.600354 -6.09551 10
      vertex 0 -6.125 10
    endloop
  endfacet
  facet normal 0.0490619 0.998796 0
    outer loop
      vertex -0.600354 -6.09551 10
      vertex 0 -6.125 0
      vertex -0.600354 -6.09551 0
    endloop
  endfacet
  facet normal -0.671559 0.740951 0
    outer loop
      vertex 4.33103 -4.33103 0
      vertex 3.88566 -4.73469 10
      vertex 4.33103 -4.33103 10
    endloop
  endfacet
  facet normal -0.671559 0.740951 0
    outer loop
      vertex 3.88566 -4.73469 10
      vertex 4.33103 -4.33103 0
      vertex 3.88566 -4.73469 0
    endloop
  endfacet
  facet normal 0 -1 0
    outer loop
      vertex -16 0.75 10
      vertex -11 0.75 6.65
      vertex -6.07331 0.75 10
    endloop
  endfacet
  facet normal 0 -1 0
    outer loop
      vertex -16 0.75 10
      vertex -11.1617 0.75 6.64205
      vertex -11 0.75 6.65
    endloop
  endfacet
  facet normal 0 -1 0
    outer loop
      vertex -16 0.75 10
      vertex -11.3219 0.75 6.6183
      vertex -11.1617 0.75 6.64205
    endloop
  endfacet
  facet normal 0 -1 0
    outer loop
      vertex -16 0.75 10
      vertex -11.479 0.75 6.57895
      vertex -11.3219 0.75 6.6183
    endloop
  endfacet
  facet normal 0 -1 0
    outer loop
      vertex -16 0.75 10
      vertex -11.6314 0.75 6.5244
      vertex -11.479 0.75 6.57895
    endloop
  endfacet
  facet normal 0 -1 0
    outer loop
      vertex -16 0.75 10
      vertex -11.7778 0.75 6.45517
      vertex -11.6314 0.75 6.5244
    endloop
  endfacet
  facet normal 0 -1 0
    outer loop
      vertex -16 0.75 10
      vertex -11.9167 0.75 6.37192
      vertex -11.7778 0.75 6.45517
    endloop
  endfacet
  facet normal 0 -1 0
    outer loop
      vertex -16 0.75 10
      vertex -12.0467 0.75 6.27547
      vertex -11.9167 0.75 6.37192
    endloop
  endfacet
  facet normal 0 -1 0
    outer loop
      vertex -16 0.75 10
      vertex -12.1667 0.75 6.16673
      vertex -12.0467 0.75 6.27547
    endloop
  endfacet
  facet normal 0 -1 0
    outer loop
      vertex -16 0.75 10
      vertex -12.2755 0.75 6.04675
      vertex -12.1667 0.75 6.16673
    endloop
  endfacet
  facet normal 0 -1 0
    outer loop
      vertex -16 0.75 10
      vertex -12.3719 0.75 5.91669
      vertex -12.2755 0.75 6.04675
    endloop
  endfacet
  facet normal 0 -1 0
    outer loop
      vertex -16 0.75 10
      vertex -12.4552 0.75 5.7778
      vertex -12.3719 0.75 5.91669
    endloop
  endfacet
  facet normal 0 -1 0
    outer loop
      vertex -16 0.75 10
      vertex -12.5244 0.75 5.63143
      vertex -12.4552 0.75 5.7778
    endloop
  endfacet
  facet normal 0 -1 0
    outer loop
      vertex -16 0.75 10
      vertex -12.579 0.75 5.47897
      vertex -12.5244 0.75 5.63143
    endloop
  endfacet
  facet normal 0 -1 0
    outer loop
      vertex -16 0.75 10
      vertex -12.6183 0.75 5.3219
      vertex -12.579 0.75 5.47897
    endloop
  endfacet
  facet normal 0 -1 0
    outer loop
      vertex -16 0.75 10
      vertex -12.6421 0.75 5.16173
      vertex -12.6183 0.75 5.3219
    endloop
  endfacet
  facet normal 0 -1 0
    outer loop
      vertex -16 0.75 10
      vertex -12.65 0.75 5
      vertex -12.6421 0.75 5.16173
    endloop
  endfacet
  facet normal 0 -1 0
    outer loop
      vertex -16 0.75 0
      vertex -12.65 0.75 5
      vertex -16 0.75 10
    endloop
  endfacet
  facet normal 0 -1 -0
    outer loop
      vertex -12.65 0.75 5
      vertex -16 0.75 0
      vertex -12.6421 0.75 4.83827
    endloop
  endfacet
  facet normal 0 -1 -0
    outer loop
      vertex -12.6421 0.75 4.83827
      vertex -16 0.75 0
      vertex -12.6183 0.75 4.6781
    endloop
  endfacet
  facet normal 0 -1 -0
    outer loop
      vertex -12.6183 0.75 4.6781
      vertex -16 0.75 0
      vertex -12.579 0.75 4.52103
    endloop
  endfacet
  facet normal 0 -1 -0
    outer loop
      vertex -12.579 0.75 4.52103
      vertex -16 0.75 0
      vertex -12.5244 0.75 4.36857
    endloop
  endfacet
  facet normal 0 -1 -0
    outer loop
      vertex -12.5244 0.75 4.36857
      vertex -16 0.75 0
      vertex -12.4552 0.75 4.22219
    endloop
  endfacet
  facet normal 0 -1 -0
    outer loop
      vertex -11.1617 0.75 3.35794
      vertex -16 0.75 0
      vertex -11 0.75 3.35
    endloop
  endfacet
  facet normal 0 -1 -0
    outer loop
      vertex -11.3219 0.75 3.3817
      vertex -16 0.75 0
      vertex -11.1617 0.75 3.35794
    endloop
  endfacet
  facet normal 0 -1 -0
    outer loop
      vertex -11.479 0.75 3.42105
      vertex -16 0.75 0
      vertex -11.3219 0.75 3.3817
    endloop
  endfacet
  facet normal 0 -1 -0
    outer loop
      vertex -11.6314 0.75 3.4756
      vertex -16 0.75 0
      vertex -11.479 0.75 3.42105
    endloop
  endfacet
  facet normal 0 -1 -0
    outer loop
      vertex -11.7778 0.75 3.54483
      vertex -16 0.75 0
      vertex -11.6314 0.75 3.4756
    endloop
  endfacet
  facet normal 0 -1 -0
    outer loop
      vertex -11.9167 0.75 3.62807
      vertex -16 0.75 0
      vertex -11.7778 0.75 3.54483
    endloop
  endfacet
  facet normal 0 -1 -0
    outer loop
      vertex -12.0467 0.75 3.72453
      vertex -16 0.75 0
      vertex -11.9167 0.75 3.62807
    endloop
  endfacet
  facet normal 0 -1 -0
    outer loop
      vertex -12.1667 0.75 3.83327
      vertex -16 0.75 0
      vertex -12.0467 0.75 3.72453
    endloop
  endfacet
  facet normal 0 -1 -0
    outer loop
      vertex -12.2755 0.75 3.95325
      vertex -16 0.75 0
      vertex -12.1667 0.75 3.83327
    endloop
  endfacet
  facet normal 0 -1 -0
    outer loop
      vertex -12.3719 0.75 4.08331
      vertex -16 0.75 0
      vertex -12.2755 0.75 3.95325
    endloop
  endfacet
  facet normal 0 -1 -0
    outer loop
      vertex -12.4552 0.75 4.22219
      vertex -16 0.75 0
      vertex -12.3719 0.75 4.08331
    endloop
  endfacet
  facet normal 0 -1 0
    outer loop
      vertex -10.8383 0.75 6.64205
      vertex -6.07331 0.75 10
      vertex -11 0.75 6.65
    endloop
  endfacet
  facet normal 0 -1 0
    outer loop
      vertex -10.6781 0.75 6.6183
      vertex -6.07331 0.75 10
      vertex -10.8383 0.75 6.64205
    endloop
  endfacet
  facet normal 0 -1 0
    outer loop
      vertex -10.521 0.75 6.57895
      vertex -6.07331 0.75 10
      vertex -10.6781 0.75 6.6183
    endloop
  endfacet
  facet normal 0 -1 0
    outer loop
      vertex -10.3686 0.75 6.5244
      vertex -6.07331 0.75 10
      vertex -10.521 0.75 6.57895
    endloop
  endfacet
  facet normal 0 -1 0
    outer loop
      vertex -10.2222 0.75 6.45517
      vertex -6.07331 0.75 10
      vertex -10.3686 0.75 6.5244
    endloop
  endfacet
  facet normal 0 -1 0
    outer loop
      vertex -10.0833 0.75 6.37192
      vertex -6.07331 0.75 10
      vertex -10.2222 0.75 6.45517
    endloop
  endfacet
  facet normal 0 -1 0
    outer loop
      vertex -9.95325 0.75 6.27547
      vertex -6.07331 0.75 10
      vertex -10.0833 0.75 6.37192
    endloop
  endfacet
  facet normal 0 -1 0
    outer loop
      vertex -9.83327 0.75 6.16673
      vertex -6.07331 0.75 10
      vertex -9.95325 0.75 6.27547
    endloop
  endfacet
  facet normal 0 -1 0
    outer loop
      vertex -9.72453 0.75 6.04675
      vertex -6.07331 0.75 10
      vertex -9.83327 0.75 6.16673
    endloop
  endfacet
  facet normal 0 -1 0
    outer loop
      vertex -9.62807 0.75 5.91669
      vertex -6.07331 0.75 10
      vertex -9.72453 0.75 6.04675
    endloop
  endfacet
  facet normal 0 -1 0
    outer loop
      vertex -9.54483 0.75 5.7778
      vertex -6.07331 0.75 10
      vertex -9.62807 0.75 5.91669
    endloop
  endfacet
  facet normal 0 -1 0
    outer loop
      vertex -9.4756 0.75 5.63143
      vertex -6.07331 0.75 10
      vertex -9.54483 0.75 5.7778
    endloop
  endfacet
  facet normal 0 -1 0
    outer loop
      vertex -9.42105 0.75 5.47897
      vertex -6.07331 0.75 10
      vertex -9.4756 0.75 5.63143
    endloop
  endfacet
  facet normal 0 -1 0
    outer loop
      vertex -9.3817 0.75 5.3219
      vertex -6.07331 0.75 10
      vertex -9.42105 0.75 5.47897
    endloop
  endfacet
  facet normal 0 -1 0
    outer loop
      vertex -9.35794 0.75 5.16173
      vertex -6.07331 0.75 10
      vertex -9.3817 0.75 5.3219
    endloop
  endfacet
  facet normal 0 -1 0
    outer loop
      vertex -9.35 0.75 5
      vertex -6.07331 0.75 10
      vertex -9.35794 0.75 5.16173
    endloop
  endfacet
  facet normal 0 -1 0
    outer loop
      vertex -6.07331 0.75 0
      vertex -9.35 0.75 5
      vertex -9.35794 0.75 4.83827
    endloop
  endfacet
  facet normal 0 -1 0
    outer loop
      vertex -6.07331 0.75 0
      vertex -9.35794 0.75 4.83827
      vertex -9.3817 0.75 4.6781
    endloop
  endfacet
  facet normal 0 -1 0
    outer loop
      vertex -6.07331 0.75 0
      vertex -9.3817 0.75 4.6781
      vertex -9.42105 0.75 4.52103
    endloop
  endfacet
  facet normal 0 -1 0
    outer loop
      vertex -6.07331 0.75 0
      vertex -9.42105 0.75 4.52103
      vertex -9.4756 0.75 4.36857
    endloop
  endfacet
  facet normal 0 -1 0
    outer loop
      vertex -6.07331 0.75 0
      vertex -9.4756 0.75 4.36857
      vertex -9.54483 0.75 4.22219
    endloop
  endfacet
  facet normal 0 -1 0
    outer loop
      vertex -6.07331 0.75 0
      vertex -9.54483 0.75 4.22219
      vertex -9.62807 0.75 4.08331
    endloop
  endfacet
  facet normal 0 -1 0
    outer loop
      vertex -6.07331 0.75 0
      vertex -11 0.75 3.35
      vertex -16 0.75 0
    endloop
  endfacet
  facet normal 0 -1 0
    outer loop
      vertex -11 0.75 3.35
      vertex -6.07331 0.75 0
      vertex -10.8383 0.75 3.35794
    endloop
  endfacet
  facet normal 0 -1 0
    outer loop
      vertex -10.8383 0.75 3.35794
      vertex -6.07331 0.75 0
      vertex -10.6781 0.75 3.3817
    endloop
  endfacet
  facet normal 0 -1 0
    outer loop
      vertex -10.6781 0.75 3.3817
      vertex -6.07331 0.75 0
      vertex -10.521 0.75 3.42105
    endloop
  endfacet
  facet normal 0 -1 0
    outer loop
      vertex -10.521 0.75 3.42105
      vertex -6.07331 0.75 0
      vertex -10.3686 0.75 3.4756
    endloop
  endfacet
  facet normal 0 -1 0
    outer loop
      vertex -10.3686 0.75 3.4756
      vertex -6.07331 0.75 0
      vertex -10.2222 0.75 3.54483
    endloop
  endfacet
  facet normal 0 -1 0
    outer loop
      vertex -9.35 0.75 5
      vertex -6.07331 0.75 0
      vertex -6.07331 0.75 10
    endloop
  endfacet
  facet normal 0 -1 0
    outer loop
      vertex -9.72453 0.75 3.95325
      vertex -6.07331 0.75 0
      vertex -9.62807 0.75 4.08331
    endloop
  endfacet
  facet normal 0 -1 0
    outer loop
      vertex -9.83327 0.75 3.83327
      vertex -6.07331 0.75 0
      vertex -9.72453 0.75 3.95325
    endloop
  endfacet
  facet normal 0 -1 0
    outer loop
      vertex -9.95325 0.75 3.72453
      vertex -6.07331 0.75 0
      vertex -9.83327 0.75 3.83327
    endloop
  endfacet
  facet normal 0 -1 0
    outer loop
      vertex -10.0833 0.75 3.62807
      vertex -6.07331 0.75 0
      vertex -9.95325 0.75 3.72453
    endloop
  endfacet
  facet normal 0 -1 0
    outer loop
      vertex -10.2222 0.75 3.54483
      vertex -6.07331 0.75 0
      vertex -10.0833 0.75 3.62807
    endloop
  endfacet
  facet normal 0 1 0
    outer loop
      vertex -6.07331 -0.75 10
      vertex -11 -0.75 6.65
      vertex -16 -0.75 10
    endloop
  endfacet
  facet normal 0 1 0
    outer loop
      vertex -6.07331 -0.75 10
      vertex -10.8383 -0.75 6.64205
      vertex -11 -0.75 6.65
    endloop
  endfacet
  facet normal 0 1 0
    outer loop
      vertex -6.07331 -0.75 10
      vertex -10.6781 -0.75 6.6183
      vertex -10.8383 -0.75 6.64205
    endloop
  endfacet
  facet normal 0 1 0
    outer loop
      vertex -6.07331 -0.75 10
      vertex -10.521 -0.75 6.57895
      vertex -10.6781 -0.75 6.6183
    endloop
  endfacet
  facet normal 0 1 0
    outer loop
      vertex -6.07331 -0.75 10
      vertex -10.3686 -0.75 6.5244
      vertex -10.521 -0.75 6.57895
    endloop
  endfacet
  facet normal 0 1 0
    outer loop
      vertex -6.07331 -0.75 10
      vertex -10.2222 -0.75 6.45517
      vertex -10.3686 -0.75 6.5244
    endloop
  endfacet
  facet normal 0 1 0
    outer loop
      vertex -6.07331 -0.75 10
      vertex -10.0833 -0.75 6.37192
      vertex -10.2222 -0.75 6.45517
    endloop
  endfacet
  facet normal 0 1 0
    outer loop
      vertex -6.07331 -0.75 10
      vertex -9.95325 -0.75 6.27547
      vertex -10.0833 -0.75 6.37192
    endloop
  endfacet
  facet normal 0 1 0
    outer loop
      vertex -6.07331 -0.75 10
      vertex -9.83327 -0.75 6.16673
      vertex -9.95325 -0.75 6.27547
    endloop
  endfacet
  facet normal 0 1 0
    outer loop
      vertex -6.07331 -0.75 10
      vertex -9.72453 -0.75 6.04675
      vertex -9.83327 -0.75 6.16673
    endloop
  endfacet
  facet normal 0 1 0
    outer loop
      vertex -6.07331 -0.75 10
      vertex -9.62807 -0.75 5.91669
      vertex -9.72453 -0.75 6.04675
    endloop
  endfacet
  facet normal 0 1 0
    outer loop
      vertex -6.07331 -0.75 10
      vertex -9.54483 -0.75 5.7778
      vertex -9.62807 -0.75 5.91669
    endloop
  endfacet
  facet normal 0 1 0
    outer loop
      vertex -6.07331 -0.75 10
      vertex -9.4756 -0.75 5.63143
      vertex -9.54483 -0.75 5.7778
    endloop
  endfacet
  facet normal 0 1 0
    outer loop
      vertex -6.07331 -0.75 10
      vertex -9.42105 -0.75 5.47897
      vertex -9.4756 -0.75 5.63143
    endloop
  endfacet
  facet normal 0 1 0
    outer loop
      vertex -6.07331 -0.75 10
      vertex -9.3817 -0.75 5.3219
      vertex -9.42105 -0.75 5.47897
    endloop
  endfacet
  facet normal 0 1 0
    outer loop
      vertex -6.07331 -0.75 10
      vertex -9.35794 -0.75 5.16173
      vertex -9.3817 -0.75 5.3219
    endloop
  endfacet
  facet normal 0 1 0
    outer loop
      vertex -6.07331 -0.75 10
      vertex -9.35 -0.75 5
      vertex -9.35794 -0.75 5.16173
    endloop
  endfacet
  facet normal 0 1 -0
    outer loop
      vertex -6.07331 -0.75 0
      vertex -9.35 -0.75 5
      vertex -6.07331 -0.75 10
    endloop
  endfacet
  facet normal 0 1 0
    outer loop
      vertex -9.35 -0.75 5
      vertex -6.07331 -0.75 0
      vertex -9.35794 -0.75 4.83827
    endloop
  endfacet
  facet normal 0 1 0
    outer loop
      vertex -9.35794 -0.75 4.83827
      vertex -6.07331 -0.75 0
      vertex -9.3817 -0.75 4.6781
    endloop
  endfacet
  facet normal 0 1 0
    outer loop
      vertex -9.3817 -0.75 4.6781
      vertex -6.07331 -0.75 0
      vertex -9.42105 -0.75 4.52103
    endloop
  endfacet
  facet normal 0 1 0
    outer loop
      vertex -9.42105 -0.75 4.52103
      vertex -6.07331 -0.75 0
      vertex -9.4756 -0.75 4.36857
    endloop
  endfacet
  facet normal 0 1 0
    outer loop
      vertex -9.4756 -0.75 4.36857
      vertex -6.07331 -0.75 0
      vertex -9.54483 -0.75 4.22219
    endloop
  endfacet
  facet normal 0 1 0
    outer loop
      vertex -10.8383 -0.75 3.35794
      vertex -6.07331 -0.75 0
      vertex -11 -0.75 3.35
    endloop
  endfacet
  facet normal 0 1 0
    outer loop
      vertex -10.6781 -0.75 3.3817
      vertex -6.07331 -0.75 0
      vertex -10.8383 -0.75 3.35794
    endloop
  endfacet
  facet normal 0 1 0
    outer loop
      vertex -10.521 -0.75 3.42105
      vertex -6.07331 -0.75 0
      vertex -10.6781 -0.75 3.3817
    endloop
  endfacet
  facet normal 0 1 0
    outer loop
      vertex -10.3686 -0.75 3.4756
      vertex -6.07331 -0.75 0
      vertex -10.521 -0.75 3.42105
    endloop
  endfacet
  facet normal 0 1 0
    outer loop
      vertex -10.2222 -0.75 3.54483
      vertex -6.07331 -0.75 0
      vertex -10.3686 -0.75 3.4756
    endloop
  endfacet
  facet normal 0 1 0
    outer loop
      vertex -10.0833 -0.75 3.62807
      vertex -6.07331 -0.75 0
      vertex -10.2222 -0.75 3.54483
    endloop
  endfacet
  facet normal 0 1 0
    outer loop
      vertex -9.95325 -0.75 3.72453
      vertex -6.07331 -0.75 0
      vertex -10.0833 -0.75 3.62807
    endloop
  endfacet
  facet normal 0 1 0
    outer loop
      vertex -9.83327 -0.75 3.83327
      vertex -6.07331 -0.75 0
      vertex -9.95325 -0.75 3.72453
    endloop
  endfacet
  facet normal 0 1 0
    outer loop
      vertex -9.72453 -0.75 3.95325
      vertex -6.07331 -0.75 0
      vertex -9.83327 -0.75 3.83327
    endloop
  endfacet
  facet normal 0 1 0
    outer loop
      vertex -9.62807 -0.75 4.08331
      vertex -6.07331 -0.75 0
      vertex -9.72453 -0.75 3.95325
    endloop
  endfacet
  facet normal 0 1 0
    outer loop
      vertex -9.54483 -0.75 4.22219
      vertex -6.07331 -0.75 0
      vertex -9.62807 -0.75 4.08331
    endloop
  endfacet
  facet normal 0 1 -0
    outer loop
      vertex -11.1617 -0.75 6.64205
      vertex -16 -0.75 10
      vertex -11 -0.75 6.65
    endloop
  endfacet
  facet normal 0 1 -0
    outer loop
      vertex -11.3219 -0.75 6.6183
      vertex -16 -0.75 10
      vertex -11.1617 -0.75 6.64205
    endloop
  endfacet
  facet normal 0 1 -0
    outer loop
      vertex -11.479 -0.75 6.57895
      vertex -16 -0.75 10
      vertex -11.3219 -0.75 6.6183
    endloop
  endfacet
  facet normal 0 1 -0
    outer loop
      vertex -11.6314 -0.75 6.5244
      vertex -16 -0.75 10
      vertex -11.479 -0.75 6.57895
    endloop
  endfacet
  facet normal 0 1 -0
    outer loop
      vertex -11.7778 -0.75 6.45517
      vertex -16 -0.75 10
      vertex -11.6314 -0.75 6.5244
    endloop
  endfacet
  facet normal 0 1 -0
    outer loop
      vertex -11.9167 -0.75 6.37192
      vertex -16 -0.75 10
      vertex -11.7778 -0.75 6.45517
    endloop
  endfacet
  facet normal 0 1 -0
    outer loop
      vertex -12.0467 -0.75 6.27547
      vertex -16 -0.75 10
      vertex -11.9167 -0.75 6.37192
    endloop
  endfacet
  facet normal 0 1 -0
    outer loop
      vertex -12.1667 -0.75 6.16673
      vertex -16 -0.75 10
      vertex -12.0467 -0.75 6.27547
    endloop
  endfacet
  facet normal 0 1 -0
    outer loop
      vertex -12.2755 -0.75 6.04675
      vertex -16 -0.75 10
      vertex -12.1667 -0.75 6.16673
    endloop
  endfacet
  facet normal 0 1 -0
    outer loop
      vertex -12.3719 -0.75 5.91669
      vertex -16 -0.75 10
      vertex -12.2755 -0.75 6.04675
    endloop
  endfacet
  facet normal 0 1 -0
    outer loop
      vertex -12.4552 -0.75 5.7778
      vertex -16 -0.75 10
      vertex -12.3719 -0.75 5.91669
    endloop
  endfacet
  facet normal 0 1 -0
    outer loop
      vertex -12.5244 -0.75 5.63143
      vertex -16 -0.75 10
      vertex -12.4552 -0.75 5.7778
    endloop
  endfacet
  facet normal 0 1 -0
    outer loop
      vertex -12.579 -0.75 5.47897
      vertex -16 -0.75 10
      vertex -12.5244 -0.75 5.63143
    endloop
  endfacet
  facet normal 0 1 -0
    outer loop
      vertex -12.6183 -0.75 5.3219
      vertex -16 -0.75 10
      vertex -12.579 -0.75 5.47897
    endloop
  endfacet
  facet normal 0 1 -0
    outer loop
      vertex -12.6421 -0.75 5.16173
      vertex -16 -0.75 10
      vertex -12.6183 -0.75 5.3219
    endloop
  endfacet
  facet normal 0 1 -0
    outer loop
      vertex -12.65 -0.75 5
      vertex -16 -0.75 10
      vertex -12.6421 -0.75 5.16173
    endloop
  endfacet
  facet normal 0 1 0
    outer loop
      vertex -16 -0.75 0
      vertex -12.65 -0.75 5
      vertex -12.6421 -0.75 4.83827
    endloop
  endfacet
  facet normal 0 1 0
    outer loop
      vertex -16 -0.75 0
      vertex -12.6421 -0.75 4.83827
      vertex -12.6183 -0.75 4.6781
    endloop
  endfacet
  facet normal 0 1 0
    outer loop
      vertex -16 -0.75 0
      vertex -12.6183 -0.75 4.6781
      vertex -12.579 -0.75 4.52103
    endloop
  endfacet
  facet normal 0 1 0
    outer loop
      vertex -16 -0.75 0
      vertex -12.579 -0.75 4.52103
      vertex -12.5244 -0.75 4.36857
    endloop
  endfacet
  facet normal 0 1 0
    outer loop
      vertex -16 -0.75 0
      vertex -12.5244 -0.75 4.36857
      vertex -12.4552 -0.75 4.22219
    endloop
  endfacet
  facet normal 0 1 0
    outer loop
      vertex -16 -0.75 0
      vertex -12.4552 -0.75 4.22219
      vertex -12.3719 -0.75 4.08331
    endloop
  endfacet
  facet normal 0 1 0
    outer loop
      vertex -16 -0.75 0
      vertex -11 -0.75 3.35
      vertex -6.07331 -0.75 0
    endloop
  endfacet
  facet normal 0 1 0
    outer loop
      vertex -11 -0.75 3.35
      vertex -16 -0.75 0
      vertex -11.1617 -0.75 3.35794
    endloop
  endfacet
  facet normal 0 1 0
    outer loop
      vertex -11.1617 -0.75 3.35794
      vertex -16 -0.75 0
      vertex -11.3219 -0.75 3.3817
    endloop
  endfacet
  facet normal 0 1 0
    outer loop
      vertex -11.3219 -0.75 3.3817
      vertex -16 -0.75 0
      vertex -11.479 -0.75 3.42105
    endloop
  endfacet
  facet normal 0 1 0
    outer loop
      vertex -11.479 -0.75 3.42105
      vertex -16 -0.75 0
      vertex -11.6314 -0.75 3.4756
    endloop
  endfacet
  facet normal 0 1 0
    outer loop
      vertex -11.6314 -0.75 3.4756
      vertex -16 -0.75 0
      vertex -11.7778 -0.75 3.54483
    endloop
  endfacet
  facet normal 0 1 0
    outer loop
      vertex -12.65 -0.75 5
      vertex -16 -0.75 0
      vertex -16 -0.75 10
    endloop
  endfacet
  facet normal 0 1 0
    outer loop
      vertex -12.2755 -0.75 3.95325
      vertex -16 -0.75 0
      vertex -12.3719 -0.75 4.08331
    endloop
  endfacet
  facet normal 0 1 0
    outer loop
      vertex -12.1667 -0.75 3.83327
      vertex -16 -0.75 0
      vertex -12.2755 -0.75 3.95325
    endloop
  endfacet
  facet normal 0 1 0
    outer loop
      vertex -12.0467 -0.75 3.72453
      vertex -16 -0.75 0
      vertex -12.1667 -0.75 3.83327
    endloop
  endfacet
  facet normal 0 1 0
    outer loop
      vertex -11.9167 -0.75 3.62807
      vertex -16 -0.75 0
      vertex -12.0467 -0.75 3.72453
    endloop
  endfacet
  facet normal 0 1 0
    outer loop
      vertex -11.7778 -0.75 3.54483
      vertex -16 -0.75 0
      vertex -11.9167 -0.75 3.62807
    endloop
  endfacet
  facet normal -0.671547 0 -0.740962
    outer loop
      vertex -9.95325 -5 6.27547
      vertex -9.83327 -0.75 6.16673
      vertex -9.83327 -5 6.16673
    endloop
  endfacet
  facet normal -0.671547 0 -0.740962
    outer loop
      vertex -9.83327 -0.75 6.16673
      vertex -9.95325 -5 6.27547
      vertex -9.95325 -0.75 6.27547
    endloop
  endfacet
  facet normal -0.671547 0 -0.740962
    outer loop
      vertex -9.95325 0.75 6.27547
      vertex -9.83327 5 6.16673
      vertex -9.83327 0.75 6.16673
    endloop
  endfacet
  facet normal -0.671547 0 -0.740962
    outer loop
      vertex -9.83327 5 6.16673
      vertex -9.95325 0.75 6.27547
      vertex -9.95325 5 6.27547
    endloop
  endfacet
  facet normal -0.989176 0 -0.146737
    outer loop
      vertex -9.35794 -5 5.16173
      vertex -9.3817 -0.75 5.3219
      vertex -9.35794 -0.75 5.16173
    endloop
  endfacet
  facet normal -0.989176 -0 -0.146737
    outer loop
      vertex -9.3817 -0.75 5.3219
      vertex -9.35794 -5 5.16173
      vertex -9.3817 -5 5.3219
    endloop
  endfacet
  facet normal -0.989176 0 -0.146737
    outer loop
      vertex -9.35794 0.75 5.16173
      vertex -9.3817 5 5.3219
      vertex -9.35794 5 5.16173
    endloop
  endfacet
  facet normal -0.989176 -0 -0.146737
    outer loop
      vertex -9.3817 5 5.3219
      vertex -9.35794 0.75 5.16173
      vertex -9.3817 0.75 5.3219
    endloop
  endfacet
  facet normal -0.998797 0 -0.0490351
    outer loop
      vertex -9.35 -5 5
      vertex -9.35794 -0.75 5.16173
      vertex -9.35 -0.75 5
    endloop
  endfacet
  facet normal -0.998797 -0 -0.0490351
    outer loop
      vertex -9.35794 -0.75 5.16173
      vertex -9.35 -5 5
      vertex -9.35794 -5 5.16173
    endloop
  endfacet
  facet normal -0.998797 0 -0.0490351
    outer loop
      vertex -9.35 0.75 5
      vertex -9.35794 5 5.16173
      vertex -9.35 5 5
    endloop
  endfacet
  facet normal -0.998797 -0 -0.0490351
    outer loop
      vertex -9.35794 5 5.16173
      vertex -9.35 0.75 5
      vertex -9.35794 0.75 5.16173
    endloop
  endfacet
  facet normal 0.242971 0 -0.970033
    outer loop
      vertex -11.479 0.75 6.57895
      vertex -11.3219 5 6.6183
      vertex -11.3219 0.75 6.6183
    endloop
  endfacet
  facet normal 0.242971 0 -0.970033
    outer loop
      vertex -11.3219 5 6.6183
      vertex -11.479 0.75 6.57895
      vertex -11.479 5 6.57895
    endloop
  endfacet
  facet normal 0.242971 0 -0.970033
    outer loop
      vertex -11.479 -5 6.57895
      vertex -11.3219 -0.75 6.6183
      vertex -11.3219 -5 6.6183
    endloop
  endfacet
  facet normal 0.242971 0 -0.970033
    outer loop
      vertex -11.3219 -0.75 6.6183
      vertex -11.479 -5 6.57895
      vertex -11.479 -0.75 6.57895
    endloop
  endfacet
  facet normal 0.904067 -0 0.427391
    outer loop
      vertex -12.5244 -5 4.36857
      vertex -12.4552 -0.75 4.22219
      vertex -12.5244 -0.75 4.36857
    endloop
  endfacet
  facet normal 0.904067 0 0.427391
    outer loop
      vertex -12.4552 -0.75 4.22219
      vertex -12.5244 -5 4.36857
      vertex -12.4552 -5 4.22219
    endloop
  endfacet
  facet normal 0.904067 -0 0.427391
    outer loop
      vertex -12.5244 0.75 4.36857
      vertex -12.4552 5 4.22219
      vertex -12.5244 5 4.36857
    endloop
  endfacet
  facet normal 0.904067 0 0.427391
    outer loop
      vertex -12.4552 5 4.22219
      vertex -12.5244 0.75 4.36857
      vertex -12.4552 0.75 4.22219
    endloop
  endfacet
  facet normal -0.514087 0 -0.857738
    outer loop
      vertex -10.2222 -5 6.45517
      vertex -10.0833 -0.75 6.37192
      vertex -10.0833 -5 6.37192
    endloop
  endfacet
  facet normal -0.514087 0 -0.857738
    outer loop
      vertex -10.0833 -0.75 6.37192
      vertex -10.2222 -5 6.45517
      vertex -10.2222 -0.75 6.45517
    endloop
  endfacet
  facet normal -0.514087 0 -0.857738
    outer loop
      vertex -10.2222 0.75 6.45517
      vertex -10.0833 5 6.37192
      vertex -10.0833 0.75 6.37192
    endloop
  endfacet
  facet normal -0.514087 0 -0.857738
    outer loop
      vertex -10.0833 5 6.37192
      vertex -10.2222 0.75 6.45517
      vertex -10.2222 5 6.45517
    endloop
  endfacet
  facet normal -0.970022 0 -0.243015
    outer loop
      vertex -9.3817 -5 5.3219
      vertex -9.42105 -0.75 5.47897
      vertex -9.3817 -0.75 5.3219
    endloop
  endfacet
  facet normal -0.970022 -0 -0.243015
    outer loop
      vertex -9.42105 -0.75 5.47897
      vertex -9.3817 -5 5.3219
      vertex -9.42105 -5 5.47897
    endloop
  endfacet
  facet normal -0.970022 0 -0.243015
    outer loop
      vertex -9.3817 0.75 5.3219
      vertex -9.42105 5 5.47897
      vertex -9.3817 5 5.3219
    endloop
  endfacet
  facet normal -0.970022 -0 -0.243015
    outer loop
      vertex -9.42105 5 5.47897
      vertex -9.3817 0.75 5.3219
      vertex -9.42105 0.75 5.47897
    endloop
  endfacet
  facet normal 0.671486 0 -0.741018
    outer loop
      vertex -12.1667 -5 6.16673
      vertex -12.0467 -0.75 6.27547
      vertex -12.0467 -5 6.27547
    endloop
  endfacet
  facet normal 0.671486 0 -0.741018
    outer loop
      vertex -12.0467 -0.75 6.27547
      vertex -12.1667 -5 6.16673
      vertex -12.1667 -0.75 6.16673
    endloop
  endfacet
  facet normal 0.671486 0 -0.741018
    outer loop
      vertex -12.1667 0.75 6.16673
      vertex -12.0467 5 6.27547
      vertex -12.0467 0.75 6.27547
    endloop
  endfacet
  facet normal 0.671486 0 -0.741018
    outer loop
      vertex -12.0467 5 6.27547
      vertex -12.1667 0.75 6.16673
      vertex -12.1667 5 6.16673
    endloop
  endfacet
  facet normal 0.970095 0 -0.242725
    outer loop
      vertex -12.579 -5 5.47897
      vertex -12.6183 -0.75 5.3219
      vertex -12.579 -0.75 5.47897
    endloop
  endfacet
  facet normal 0.970095 0 -0.242725
    outer loop
      vertex -12.6183 -0.75 5.3219
      vertex -12.579 -5 5.47897
      vertex -12.6183 -5 5.3219
    endloop
  endfacet
  facet normal 0.970095 0 -0.242725
    outer loop
      vertex -12.579 0.75 5.47897
      vertex -12.6183 5 5.3219
      vertex -12.579 5 5.47897
    endloop
  endfacet
  facet normal 0.970095 0 -0.242725
    outer loop
      vertex -12.6183 5 5.3219
      vertex -12.579 0.75 5.47897
      vertex -12.6183 0.75 5.3219
    endloop
  endfacet
  facet normal 0.514087 0 -0.857738
    outer loop
      vertex -11.9167 -5 6.37192
      vertex -11.7778 -0.75 6.45517
      vertex -11.7778 -5 6.45517
    endloop
  endfacet
  facet normal 0.514087 0 -0.857738
    outer loop
      vertex -11.7778 -0.75 6.45517
      vertex -11.9167 -5 6.37192
      vertex -11.9167 -0.75 6.37192
    endloop
  endfacet
  facet normal 0.514087 0 -0.857738
    outer loop
      vertex -11.9167 0.75 6.37192
      vertex -11.7778 5 6.45517
      vertex -11.7778 0.75 6.45517
    endloop
  endfacet
  facet normal 0.514087 0 -0.857738
    outer loop
      vertex -11.7778 5 6.45517
      vertex -11.9167 0.75 6.37192
      vertex -11.9167 5 6.37192
    endloop
  endfacet
  facet normal -0.14671 0 0.98918
    outer loop
      vertex -10.8383 -0.75 3.35794
      vertex -10.6781 -5 3.3817
      vertex -10.6781 -0.75 3.3817
    endloop
  endfacet
  facet normal -0.14671 0 0.98918
    outer loop
      vertex -10.6781 -5 3.3817
      vertex -10.8383 -0.75 3.35794
      vertex -10.8383 -5 3.35794
    endloop
  endfacet
  facet normal -0.14671 0 0.98918
    outer loop
      vertex -10.8383 5 3.35794
      vertex -10.6781 0.75 3.3817
      vertex -10.6781 5 3.3817
    endloop
  endfacet
  facet normal -0.14671 0 0.98918
    outer loop
      vertex -10.6781 0.75 3.3817
      vertex -10.8383 5 3.35794
      vertex -10.8383 0.75 3.35794
    endloop
  endfacet
  facet normal 0.941448 -0 0.337158
    outer loop
      vertex -12.579 -5 4.52103
      vertex -12.5244 -0.75 4.36857
      vertex -12.579 -0.75 4.52103
    endloop
  endfacet
  facet normal 0.941448 0 0.337158
    outer loop
      vertex -12.5244 -0.75 4.36857
      vertex -12.579 -5 4.52103
      vertex -12.5244 -5 4.36857
    endloop
  endfacet
  facet normal 0.941448 -0 0.337158
    outer loop
      vertex -12.579 0.75 4.52103
      vertex -12.5244 5 4.36857
      vertex -12.579 5 4.52103
    endloop
  endfacet
  facet normal 0.941448 0 0.337158
    outer loop
      vertex -12.5244 5 4.36857
      vertex -12.579 0.75 4.52103
      vertex -12.5244 0.75 4.36857
    endloop
  endfacet
  facet normal -0.514042 0 0.857765
    outer loop
      vertex -10.2222 -0.75 3.54483
      vertex -10.0833 -5 3.62807
      vertex -10.0833 -0.75 3.62807
    endloop
  endfacet
  facet normal -0.514042 0 0.857765
    outer loop
      vertex -10.0833 -5 3.62807
      vertex -10.2222 -0.75 3.54483
      vertex -10.2222 -5 3.54483
    endloop
  endfacet
  facet normal -0.514042 0 0.857765
    outer loop
      vertex -10.2222 5 3.54483
      vertex -10.0833 0.75 3.62807
      vertex -10.0833 5 3.62807
    endloop
  endfacet
  facet normal -0.514042 0 0.857765
    outer loop
      vertex -10.0833 0.75 3.62807
      vertex -10.2222 5 3.54483
      vertex -10.2222 0.75 3.54483
    endloop
  endfacet
  facet normal -0.0491058 0 -0.998794
    outer loop
      vertex -11 0.75 6.65
      vertex -10.8383 5 6.64205
      vertex -10.8383 0.75 6.64205
    endloop
  endfacet
  facet normal -0.0491058 0 -0.998794
    outer loop
      vertex -10.8383 5 6.64205
      vertex -11 0.75 6.65
      vertex -11 5 6.65
    endloop
  endfacet
  facet normal -0.0491058 0 -0.998794
    outer loop
      vertex -11 -5 6.65
      vertex -10.8383 -0.75 6.64205
      vertex -10.8383 -5 6.64205
    endloop
  endfacet
  facet normal -0.0491058 0 -0.998794
    outer loop
      vertex -10.8383 -0.75 6.64205
      vertex -11 -5 6.65
      vertex -11 -0.75 6.65
    endloop
  endfacet
  facet normal -0.903984 0 -0.427566
    outer loop
      vertex -9.4756 -5 5.63143
      vertex -9.54483 -0.75 5.7778
      vertex -9.4756 -0.75 5.63143
    endloop
  endfacet
  facet normal -0.903984 -0 -0.427566
    outer loop
      vertex -9.54483 -0.75 5.7778
      vertex -9.4756 -5 5.63143
      vertex -9.54483 -5 5.7778
    endloop
  endfacet
  facet normal -0.903984 0 -0.427566
    outer loop
      vertex -9.4756 0.75 5.63143
      vertex -9.54483 5 5.7778
      vertex -9.4756 5 5.63143
    endloop
  endfacet
  facet normal -0.903984 -0 -0.427566
    outer loop
      vertex -9.54483 5 5.7778
      vertex -9.4756 0.75 5.63143
      vertex -9.54483 0.75 5.7778
    endloop
  endfacet
  facet normal 0.904056 0 -0.427414
    outer loop
      vertex -12.4552 -5 5.7778
      vertex -12.5244 -0.75 5.63143
      vertex -12.4552 -0.75 5.7778
    endloop
  endfacet
  facet normal 0.904056 0 -0.427414
    outer loop
      vertex -12.5244 -0.75 5.63143
      vertex -12.4552 -5 5.7778
      vertex -12.5244 -5 5.63143
    endloop
  endfacet
  facet normal 0.904056 0 -0.427414
    outer loop
      vertex -12.4552 0.75 5.7778
      vertex -12.5244 5 5.63143
      vertex -12.4552 5 5.7778
    endloop
  endfacet
  facet normal 0.904056 0 -0.427414
    outer loop
      vertex -12.5244 5 5.63143
      vertex -12.4552 0.75 5.7778
      vertex -12.5244 0.75 5.63143
    endloop
  endfacet
  facet normal 0.803382 0 -0.595464
    outer loop
      vertex -12.2755 -5 6.04675
      vertex -12.3719 -0.75 5.91669
      vertex -12.2755 -0.75 6.04675
    endloop
  endfacet
  facet normal 0.803382 0 -0.595464
    outer loop
      vertex -12.3719 -0.75 5.91669
      vertex -12.2755 -5 6.04675
      vertex -12.3719 -5 5.91669
    endloop
  endfacet
  facet normal 0.803382 0 -0.595464
    outer loop
      vertex -12.2755 0.75 6.04675
      vertex -12.3719 5 5.91669
      vertex -12.2755 5 6.04675
    endloop
  endfacet
  facet normal 0.803382 0 -0.595464
    outer loop
      vertex -12.3719 5 5.91669
      vertex -12.2755 0.75 6.04675
      vertex -12.3719 0.75 5.91669
    endloop
  endfacet
  facet normal -0.803205 0 0.595703
    outer loop
      vertex -9.72453 -5 3.95325
      vertex -9.62807 -0.75 4.08331
      vertex -9.72453 -0.75 3.95325
    endloop
  endfacet
  facet normal -0.803205 0 0.595703
    outer loop
      vertex -9.62807 -0.75 4.08331
      vertex -9.72453 -5 3.95325
      vertex -9.62807 -5 4.08331
    endloop
  endfacet
  facet normal -0.803205 0 0.595703
    outer loop
      vertex -9.72453 0.75 3.95325
      vertex -9.62807 5 4.08331
      vertex -9.72453 5 3.95325
    endloop
  endfacet
  facet normal -0.803205 0 0.595703
    outer loop
      vertex -9.62807 5 4.08331
      vertex -9.72453 0.75 3.95325
      vertex -9.62807 0.75 4.08331
    endloop
  endfacet
  facet normal -0.146649 0 -0.989189
    outer loop
      vertex -10.8383 0.75 6.64205
      vertex -10.6781 5 6.6183
      vertex -10.6781 0.75 6.6183
    endloop
  endfacet
  facet normal -0.146649 0 -0.989189
    outer loop
      vertex -10.6781 5 6.6183
      vertex -10.8383 0.75 6.64205
      vertex -10.8383 5 6.64205
    endloop
  endfacet
  facet normal -0.146649 0 -0.989189
    outer loop
      vertex -10.8383 -5 6.64205
      vertex -10.6781 -0.75 6.6183
      vertex -10.6781 -5 6.6183
    endloop
  endfacet
  facet normal -0.146649 0 -0.989189
    outer loop
      vertex -10.6781 -0.75 6.6183
      vertex -10.8383 -5 6.64205
      vertex -10.8383 -0.75 6.64205
    endloop
  endfacet
  facet normal -0.337002 0 0.941504
    outer loop
      vertex -10.521 -0.75 3.42105
      vertex -10.3686 -5 3.4756
      vertex -10.3686 -0.75 3.4756
    endloop
  endfacet
  facet normal -0.337002 0 0.941504
    outer loop
      vertex -10.3686 -5 3.4756
      vertex -10.521 -0.75 3.42105
      vertex -10.521 -5 3.42105
    endloop
  endfacet
  facet normal -0.337002 0 0.941504
    outer loop
      vertex -10.521 5 3.42105
      vertex -10.3686 0.75 3.4756
      vertex -10.3686 5 3.4756
    endloop
  endfacet
  facet normal -0.337002 0 0.941504
    outer loop
      vertex -10.3686 0.75 3.4756
      vertex -10.521 5 3.42105
      vertex -10.521 0.75 3.42105
    endloop
  endfacet
  facet normal -0.803205 0 -0.595703
    outer loop
      vertex -9.62807 -5 5.91669
      vertex -9.72453 -0.75 6.04675
      vertex -9.62807 -0.75 5.91669
    endloop
  endfacet
  facet normal -0.803205 -0 -0.595703
    outer loop
      vertex -9.72453 -0.75 6.04675
      vertex -9.62807 -5 5.91669
      vertex -9.72453 -5 6.04675
    endloop
  endfacet
  facet normal -0.803205 0 -0.595703
    outer loop
      vertex -9.62807 0.75 5.91669
      vertex -9.72453 5 6.04675
      vertex -9.62807 5 5.91669
    endloop
  endfacet
  facet normal -0.803205 -0 -0.595703
    outer loop
      vertex -9.72453 5 6.04675
      vertex -9.62807 0.75 5.91669
      vertex -9.72453 0.75 6.04675
    endloop
  endfacet
  facet normal 0.98914 0 -0.146978
    outer loop
      vertex -12.6183 -5 5.3219
      vertex -12.6421 -0.75 5.16173
      vertex -12.6183 -0.75 5.3219
    endloop
  endfacet
  facet normal 0.98914 0 -0.146978
    outer loop
      vertex -12.6421 -0.75 5.16173
      vertex -12.6183 -5 5.3219
      vertex -12.6421 -5 5.16173
    endloop
  endfacet
  facet normal 0.98914 0 -0.146978
    outer loop
      vertex -12.6183 0.75 5.3219
      vertex -12.6421 5 5.16173
      vertex -12.6183 5 5.3219
    endloop
  endfacet
  facet normal 0.98914 0 -0.146978
    outer loop
      vertex -12.6421 5 5.16173
      vertex -12.6183 0.75 5.3219
      vertex -12.6421 0.75 5.16173
    endloop
  endfacet
  facet normal 0.857569 -0 0.514369
    outer loop
      vertex -12.4552 -5 4.22219
      vertex -12.3719 -0.75 4.08331
      vertex -12.4552 -0.75 4.22219
    endloop
  endfacet
  facet normal 0.857569 0 0.514369
    outer loop
      vertex -12.3719 -0.75 4.08331
      vertex -12.4552 -5 4.22219
      vertex -12.3719 -5 4.08331
    endloop
  endfacet
  facet normal 0.857569 -0 0.514369
    outer loop
      vertex -12.4552 0.75 4.22219
      vertex -12.3719 5 4.08331
      vertex -12.4552 5 4.22219
    endloop
  endfacet
  facet normal 0.857569 0 0.514369
    outer loop
      vertex -12.3719 5 4.08331
      vertex -12.4552 0.75 4.22219
      vertex -12.3719 0.75 4.08331
    endloop
  endfacet
  facet normal -0.857733 0 0.514096
    outer loop
      vertex -9.62807 -5 4.08331
      vertex -9.54483 -0.75 4.22219
      vertex -9.62807 -0.75 4.08331
    endloop
  endfacet
  facet normal -0.857733 0 0.514096
    outer loop
      vertex -9.54483 -0.75 4.22219
      vertex -9.62807 -5 4.08331
      vertex -9.54483 -5 4.22219
    endloop
  endfacet
  facet normal -0.857733 0 0.514096
    outer loop
      vertex -9.62807 0.75 4.08331
      vertex -9.54483 5 4.22219
      vertex -9.62807 5 4.08331
    endloop
  endfacet
  facet normal -0.857733 0 0.514096
    outer loop
      vertex -9.54483 5 4.22219
      vertex -9.62807 0.75 4.08331
      vertex -9.54483 0.75 4.22219
    endloop
  endfacet
  facet normal 0.98914 -0 0.146978
    outer loop
      vertex -12.6421 -5 4.83827
      vertex -12.6183 -0.75 4.6781
      vertex -12.6421 -0.75 4.83827
    endloop
  endfacet
  facet normal 0.98914 0 0.146978
    outer loop
      vertex -12.6183 -0.75 4.6781
      vertex -12.6421 -5 4.83827
      vertex -12.6183 -5 4.6781
    endloop
  endfacet
  facet normal 0.98914 -0 0.146978
    outer loop
      vertex -12.6421 0.75 4.83827
      vertex -12.6183 5 4.6781
      vertex -12.6421 5 4.83827
    endloop
  endfacet
  facet normal 0.98914 0 0.146978
    outer loop
      vertex -12.6183 5 4.6781
      vertex -12.6421 0.75 4.83827
      vertex -12.6183 0.75 4.6781
    endloop
  endfacet
  facet normal 0.427494 0 -0.904018
    outer loop
      vertex -11.7778 -5 6.45517
      vertex -11.6314 -0.75 6.5244
      vertex -11.6314 -5 6.5244
    endloop
  endfacet
  facet normal 0.427494 0 -0.904018
    outer loop
      vertex -11.6314 -0.75 6.5244
      vertex -11.7778 -5 6.45517
      vertex -11.7778 -0.75 6.45517
    endloop
  endfacet
  facet normal 0.427494 0 -0.904018
    outer loop
      vertex -11.7778 0.75 6.45517
      vertex -11.6314 5 6.5244
      vertex -11.6314 0.75 6.5244
    endloop
  endfacet
  facet normal 0.427494 0 -0.904018
    outer loop
      vertex -11.6314 5 6.5244
      vertex -11.7778 0.75 6.45517
      vertex -11.7778 5 6.45517
    endloop
  endfacet
  facet normal 0.857586 0 -0.514341
    outer loop
      vertex -12.3719 -5 5.91669
      vertex -12.4552 -0.75 5.7778
      vertex -12.3719 -0.75 5.91669
    endloop
  endfacet
  facet normal 0.857586 0 -0.514341
    outer loop
      vertex -12.4552 -0.75 5.7778
      vertex -12.3719 -5 5.91669
      vertex -12.4552 -5 5.7778
    endloop
  endfacet
  facet normal 0.857586 0 -0.514341
    outer loop
      vertex -12.3719 0.75 5.91669
      vertex -12.4552 5 5.7778
      vertex -12.3719 5 5.91669
    endloop
  endfacet
  facet normal 0.857586 0 -0.514341
    outer loop
      vertex -12.4552 5 5.7778
      vertex -12.3719 0.75 5.91669
      vertex -12.4552 0.75 5.7778
    endloop
  endfacet
  facet normal -0.998797 0 0.0490351
    outer loop
      vertex -9.35794 -5 4.83827
      vertex -9.35 -0.75 5
      vertex -9.35794 -0.75 4.83827
    endloop
  endfacet
  facet normal -0.998797 0 0.0490351
    outer loop
      vertex -9.35 -0.75 5
      vertex -9.35794 -5 4.83827
      vertex -9.35 -5 5
    endloop
  endfacet
  facet normal -0.998797 0 0.0490351
    outer loop
      vertex -9.35794 0.75 4.83827
      vertex -9.35 5 5
      vertex -9.35794 5 4.83827
    endloop
  endfacet
  facet normal -0.998797 0 0.0490351
    outer loop
      vertex -9.35 5 5
      vertex -9.35794 0.75 4.83827
      vertex -9.35 0.75 5
    endloop
  endfacet
  facet normal -0.941546 0 0.336884
    outer loop
      vertex -9.4756 -5 4.36857
      vertex -9.42105 -0.75 4.52103
      vertex -9.4756 -0.75 4.36857
    endloop
  endfacet
  facet normal -0.941546 0 0.336884
    outer loop
      vertex -9.42105 -0.75 4.52103
      vertex -9.4756 -5 4.36857
      vertex -9.42105 -5 4.52103
    endloop
  endfacet
  facet normal -0.941546 0 0.336884
    outer loop
      vertex -9.4756 0.75 4.36857
      vertex -9.42105 5 4.52103
      vertex -9.4756 5 4.36857
    endloop
  endfacet
  facet normal -0.941546 0 0.336884
    outer loop
      vertex -9.42105 5 4.52103
      vertex -9.4756 0.75 4.36857
      vertex -9.42105 0.75 4.52103
    endloop
  endfacet
  facet normal -0.242971 0 0.970033
    outer loop
      vertex -10.6781 -0.75 3.3817
      vertex -10.521 -5 3.42105
      vertex -10.521 -0.75 3.42105
    endloop
  endfacet
  facet normal -0.242971 0 0.970033
    outer loop
      vertex -10.521 -5 3.42105
      vertex -10.6781 -0.75 3.3817
      vertex -10.6781 -5 3.3817
    endloop
  endfacet
  facet normal -0.242971 0 0.970033
    outer loop
      vertex -10.6781 5 3.3817
      vertex -10.521 0.75 3.42105
      vertex -10.521 5 3.42105
    endloop
  endfacet
  facet normal -0.242971 0 0.970033
    outer loop
      vertex -10.521 0.75 3.42105
      vertex -10.6781 5 3.3817
      vertex -10.6781 0.75 3.3817
    endloop
  endfacet
  facet normal -0.857749 0 -0.514069
    outer loop
      vertex -9.54483 -5 5.7778
      vertex -9.62807 -0.75 5.91669
      vertex -9.54483 -0.75 5.7778
    endloop
  endfacet
  facet normal -0.857749 -0 -0.514069
    outer loop
      vertex -9.62807 -0.75 5.91669
      vertex -9.54483 -5 5.7778
      vertex -9.62807 -5 5.91669
    endloop
  endfacet
  facet normal -0.857749 0 -0.514069
    outer loop
      vertex -9.54483 0.75 5.7778
      vertex -9.62807 5 5.91669
      vertex -9.54483 5 5.7778
    endloop
  endfacet
  facet normal -0.857749 -0 -0.514069
    outer loop
      vertex -9.62807 5 5.91669
      vertex -9.54483 0.75 5.7778
      vertex -9.62807 0.75 5.91669
    endloop
  endfacet
  facet normal -0.941546 0 -0.336884
    outer loop
      vertex -9.42105 -5 5.47897
      vertex -9.4756 -0.75 5.63143
      vertex -9.42105 -0.75 5.47897
    endloop
  endfacet
  facet normal -0.941546 -0 -0.336884
    outer loop
      vertex -9.4756 -0.75 5.63143
      vertex -9.42105 -5 5.47897
      vertex -9.4756 -5 5.63143
    endloop
  endfacet
  facet normal -0.941546 0 -0.336884
    outer loop
      vertex -9.42105 0.75 5.47897
      vertex -9.4756 5 5.63143
      vertex -9.42105 5 5.47897
    endloop
  endfacet
  facet normal -0.941546 -0 -0.336884
    outer loop
      vertex -9.4756 5 5.63143
      vertex -9.42105 0.75 5.47897
      vertex -9.4756 0.75 5.63143
    endloop
  endfacet
  facet normal -0.989176 0 0.146737
    outer loop
      vertex -9.3817 -5 4.6781
      vertex -9.35794 -0.75 4.83827
      vertex -9.3817 -0.75 4.6781
    endloop
  endfacet
  facet normal -0.989176 0 0.146737
    outer loop
      vertex -9.35794 -0.75 4.83827
      vertex -9.3817 -5 4.6781
      vertex -9.35794 -5 4.83827
    endloop
  endfacet
  facet normal -0.989176 0 0.146737
    outer loop
      vertex -9.3817 0.75 4.6781
      vertex -9.35794 5 4.83827
      vertex -9.3817 5 4.6781
    endloop
  endfacet
  facet normal -0.989176 0 0.146737
    outer loop
      vertex -9.35794 5 4.83827
      vertex -9.3817 0.75 4.6781
      vertex -9.35794 0.75 4.83827
    endloop
  endfacet
  facet normal 0.59588 0 0.803073
    outer loop
      vertex -12.0467 -0.75 3.72453
      vertex -11.9167 -5 3.62807
      vertex -11.9167 -0.75 3.62807
    endloop
  endfacet
  facet normal 0.59588 0 0.803073
    outer loop
      vertex -11.9167 -5 3.62807
      vertex -12.0467 -0.75 3.72453
      vertex -12.0467 -5 3.72453
    endloop
  endfacet
  facet normal 0.59588 0 0.803073
    outer loop
      vertex -12.0467 5 3.72453
      vertex -11.9167 0.75 3.62807
      vertex -11.9167 5 3.62807
    endloop
  endfacet
  facet normal 0.59588 0 0.803073
    outer loop
      vertex -11.9167 0.75 3.62807
      vertex -12.0467 5 3.72453
      vertex -12.0467 0.75 3.72453
    endloop
  endfacet
  facet normal -0.970022 0 0.243015
    outer loop
      vertex -9.42105 -5 4.52103
      vertex -9.3817 -0.75 4.6781
      vertex -9.42105 -0.75 4.52103
    endloop
  endfacet
  facet normal -0.970022 0 0.243015
    outer loop
      vertex -9.3817 -0.75 4.6781
      vertex -9.42105 -5 4.52103
      vertex -9.3817 -5 4.6781
    endloop
  endfacet
  facet normal -0.970022 0 0.243015
    outer loop
      vertex -9.42105 0.75 4.52103
      vertex -9.3817 5 4.6781
      vertex -9.42105 5 4.52103
    endloop
  endfacet
  facet normal -0.970022 0 0.243015
    outer loop
      vertex -9.3817 5 4.6781
      vertex -9.42105 0.75 4.52103
      vertex -9.3817 0.75 4.6781
    endloop
  endfacet
  facet normal 0.337002 0 0.941504
    outer loop
      vertex -11.6314 -0.75 3.4756
      vertex -11.479 -5 3.42105
      vertex -11.479 -0.75 3.42105
    endloop
  endfacet
  facet normal 0.337002 0 0.941504
    outer loop
      vertex -11.479 -5 3.42105
      vertex -11.6314 -0.75 3.4756
      vertex -11.6314 -5 3.4756
    endloop
  endfacet
  facet normal 0.337002 0 0.941504
    outer loop
      vertex -11.6314 5 3.4756
      vertex -11.479 0.75 3.42105
      vertex -11.479 5 3.42105
    endloop
  endfacet
  facet normal 0.337002 0 0.941504
    outer loop
      vertex -11.479 0.75 3.42105
      vertex -11.6314 5 3.4756
      vertex -11.6314 0.75 3.4756
    endloop
  endfacet
  facet normal -0.337002 0 -0.941504
    outer loop
      vertex -10.521 -5 6.57895
      vertex -10.3686 -0.75 6.5244
      vertex -10.3686 -5 6.5244
    endloop
  endfacet
  facet normal -0.337002 0 -0.941504
    outer loop
      vertex -10.3686 -0.75 6.5244
      vertex -10.521 -5 6.57895
      vertex -10.521 -0.75 6.57895
    endloop
  endfacet
  facet normal -0.337002 0 -0.941504
    outer loop
      vertex -10.521 0.75 6.57895
      vertex -10.3686 5 6.5244
      vertex -10.3686 0.75 6.5244
    endloop
  endfacet
  facet normal -0.337002 0 -0.941504
    outer loop
      vertex -10.3686 5 6.5244
      vertex -10.521 0.75 6.57895
      vertex -10.521 5 6.57895
    endloop
  endfacet
  facet normal -0.595693 0 -0.803212
    outer loop
      vertex -10.0833 -5 6.37192
      vertex -9.95325 -0.75 6.27547
      vertex -9.95325 -5 6.27547
    endloop
  endfacet
  facet normal -0.595693 0 -0.803212
    outer loop
      vertex -9.95325 -0.75 6.27547
      vertex -10.0833 -5 6.37192
      vertex -10.0833 -0.75 6.37192
    endloop
  endfacet
  facet normal -0.595693 0 -0.803212
    outer loop
      vertex -10.0833 0.75 6.37192
      vertex -9.95325 5 6.27547
      vertex -9.95325 0.75 6.27547
    endloop
  endfacet
  facet normal -0.595693 0 -0.803212
    outer loop
      vertex -9.95325 5 6.27547
      vertex -10.0833 0.75 6.37192
      vertex -10.0833 5 6.37192
    endloop
  endfacet
  facet normal 0.514042 0 0.857765
    outer loop
      vertex -11.9167 -0.75 3.62807
      vertex -11.7778 -5 3.54483
      vertex -11.7778 -0.75 3.54483
    endloop
  endfacet
  facet normal 0.514042 0 0.857765
    outer loop
      vertex -11.7778 -5 3.54483
      vertex -11.9167 -0.75 3.62807
      vertex -11.9167 -5 3.62807
    endloop
  endfacet
  facet normal 0.514042 0 0.857765
    outer loop
      vertex -11.9167 5 3.62807
      vertex -11.7778 0.75 3.54483
      vertex -11.7778 5 3.54483
    endloop
  endfacet
  facet normal 0.514042 0 0.857765
    outer loop
      vertex -11.7778 0.75 3.54483
      vertex -11.9167 5 3.62807
      vertex -11.9167 0.75 3.62807
    endloop
  endfacet
  facet normal -0.427494 0 -0.904018
    outer loop
      vertex -10.3686 -5 6.5244
      vertex -10.2222 -0.75 6.45517
      vertex -10.2222 -5 6.45517
    endloop
  endfacet
  facet normal -0.427494 0 -0.904018
    outer loop
      vertex -10.2222 -0.75 6.45517
      vertex -10.3686 -5 6.5244
      vertex -10.3686 -0.75 6.5244
    endloop
  endfacet
  facet normal -0.427494 0 -0.904018
    outer loop
      vertex -10.3686 0.75 6.5244
      vertex -10.2222 5 6.45517
      vertex -10.2222 0.75 6.45517
    endloop
  endfacet
  facet normal -0.427494 0 -0.904018
    outer loop
      vertex -10.2222 5 6.45517
      vertex -10.3686 0.75 6.5244
      vertex -10.3686 5 6.5244
    endloop
  endfacet
  facet normal 0.59584 0 -0.803103
    outer loop
      vertex -12.0467 -5 6.27547
      vertex -11.9167 -0.75 6.37192
      vertex -11.9167 -5 6.37192
    endloop
  endfacet
  facet normal 0.59584 0 -0.803103
    outer loop
      vertex -11.9167 -0.75 6.37192
      vertex -12.0467 -5 6.27547
      vertex -12.0467 -0.75 6.27547
    endloop
  endfacet
  facet normal 0.59584 0 -0.803103
    outer loop
      vertex -12.0467 0.75 6.27547
      vertex -11.9167 5 6.37192
      vertex -11.9167 0.75 6.37192
    endloop
  endfacet
  facet normal 0.59584 0 -0.803103
    outer loop
      vertex -11.9167 5 6.37192
      vertex -12.0467 0.75 6.27547
      vertex -12.0467 5 6.27547
    endloop
  endfacet
  facet normal 0.998809 -0 0.0487887
    outer loop
      vertex -12.65 -5 5
      vertex -12.6421 -0.75 4.83827
      vertex -12.65 -0.75 5
    endloop
  endfacet
  facet normal 0.998809 0 0.0487887
    outer loop
      vertex -12.6421 -0.75 4.83827
      vertex -12.65 -5 5
      vertex -12.6421 -5 4.83827
    endloop
  endfacet
  facet normal 0.998809 -0 0.0487887
    outer loop
      vertex -12.65 0.75 5
      vertex -12.6421 5 4.83827
      vertex -12.65 5 5
    endloop
  endfacet
  facet normal 0.998809 0 0.0487887
    outer loop
      vertex -12.6421 5 4.83827
      vertex -12.65 0.75 5
      vertex -12.6421 0.75 4.83827
    endloop
  endfacet
  facet normal 0.803382 -0 0.595464
    outer loop
      vertex -12.3719 -5 4.08331
      vertex -12.2755 -0.75 3.95325
      vertex -12.3719 -0.75 4.08331
    endloop
  endfacet
  facet normal 0.803382 0 0.595464
    outer loop
      vertex -12.2755 -0.75 3.95325
      vertex -12.3719 -5 4.08331
      vertex -12.2755 -5 3.95325
    endloop
  endfacet
  facet normal 0.803382 -0 0.595464
    outer loop
      vertex -12.3719 0.75 4.08331
      vertex -12.2755 5 3.95325
      vertex -12.3719 5 4.08331
    endloop
  endfacet
  facet normal 0.803382 0 0.595464
    outer loop
      vertex -12.2755 5 3.95325
      vertex -12.3719 0.75 4.08331
      vertex -12.2755 0.75 3.95325
    endloop
  endfacet
  facet normal 0.0490442 0 0.998797
    outer loop
      vertex -11.1617 5 3.35794
      vertex -11 0.75 3.35
      vertex -11 5 3.35
    endloop
  endfacet
  facet normal 0.0490442 0 0.998797
    outer loop
      vertex -11 0.75 3.35
      vertex -11.1617 5 3.35794
      vertex -11.1617 0.75 3.35794
    endloop
  endfacet
  facet normal 0.0490442 0 0.998797
    outer loop
      vertex -11.1617 -0.75 3.35794
      vertex -11 -5 3.35
      vertex -11 -0.75 3.35
    endloop
  endfacet
  facet normal 0.0490442 0 0.998797
    outer loop
      vertex -11 -5 3.35
      vertex -11.1617 -0.75 3.35794
      vertex -11.1617 -5 3.35794
    endloop
  endfacet
  facet normal 0.740778 0 -0.67175
    outer loop
      vertex -12.1667 -5 6.16673
      vertex -12.2755 -0.75 6.04675
      vertex -12.1667 -0.75 6.16673
    endloop
  endfacet
  facet normal 0.740778 0 -0.67175
    outer loop
      vertex -12.2755 -0.75 6.04675
      vertex -12.1667 -5 6.16673
      vertex -12.2755 -5 6.04675
    endloop
  endfacet
  facet normal 0.740778 0 -0.67175
    outer loop
      vertex -12.1667 0.75 6.16673
      vertex -12.2755 5 6.04675
      vertex -12.1667 5 6.16673
    endloop
  endfacet
  facet normal 0.740778 0 -0.67175
    outer loop
      vertex -12.2755 5 6.04675
      vertex -12.1667 0.75 6.16673
      vertex -12.2755 0.75 6.04675
    endloop
  endfacet
  facet normal -0.0490442 0 0.998797
    outer loop
      vertex -11 5 3.35
      vertex -10.8383 0.75 3.35794
      vertex -10.8383 5 3.35794
    endloop
  endfacet
  facet normal -0.0490442 0 0.998797
    outer loop
      vertex -10.8383 0.75 3.35794
      vertex -11 5 3.35
      vertex -11 0.75 3.35
    endloop
  endfacet
  facet normal -0.0490442 0 0.998797
    outer loop
      vertex -11 -0.75 3.35
      vertex -10.8383 -5 3.35794
      vertex -10.8383 -0.75 3.35794
    endloop
  endfacet
  facet normal -0.0490442 0 0.998797
    outer loop
      vertex -10.8383 -5 3.35794
      vertex -11 -0.75 3.35
      vertex -11 -5 3.35
    endloop
  endfacet
  facet normal 0.146649 0 -0.989189
    outer loop
      vertex -11.3219 0.75 6.6183
      vertex -11.1617 5 6.64205
      vertex -11.1617 0.75 6.64205
    endloop
  endfacet
  facet normal 0.146649 0 -0.989189
    outer loop
      vertex -11.1617 5 6.64205
      vertex -11.3219 0.75 6.6183
      vertex -11.3219 5 6.6183
    endloop
  endfacet
  facet normal 0.146649 0 -0.989189
    outer loop
      vertex -11.3219 -5 6.6183
      vertex -11.1617 -0.75 6.64205
      vertex -11.1617 -5 6.64205
    endloop
  endfacet
  facet normal 0.146649 0 -0.989189
    outer loop
      vertex -11.1617 -0.75 6.64205
      vertex -11.3219 -5 6.6183
      vertex -11.3219 -0.75 6.6183
    endloop
  endfacet
  facet normal 0.337002 0 -0.941504
    outer loop
      vertex -11.6314 -5 6.5244
      vertex -11.479 -0.75 6.57895
      vertex -11.479 -5 6.57895
    endloop
  endfacet
  facet normal 0.337002 0 -0.941504
    outer loop
      vertex -11.479 -0.75 6.57895
      vertex -11.6314 -5 6.5244
      vertex -11.6314 -0.75 6.5244
    endloop
  endfacet
  facet normal 0.337002 0 -0.941504
    outer loop
      vertex -11.6314 0.75 6.5244
      vertex -11.479 5 6.57895
      vertex -11.479 0.75 6.57895
    endloop
  endfacet
  facet normal 0.337002 0 -0.941504
    outer loop
      vertex -11.479 5 6.57895
      vertex -11.6314 0.75 6.5244
      vertex -11.6314 5 6.5244
    endloop
  endfacet
  facet normal 0.242971 0 0.970033
    outer loop
      vertex -11.479 -0.75 3.42105
      vertex -11.3219 -5 3.3817
      vertex -11.3219 -0.75 3.3817
    endloop
  endfacet
  facet normal 0.242971 0 0.970033
    outer loop
      vertex -11.3219 -5 3.3817
      vertex -11.479 -0.75 3.42105
      vertex -11.479 -5 3.42105
    endloop
  endfacet
  facet normal 0.242971 0 0.970033
    outer loop
      vertex -11.479 5 3.42105
      vertex -11.3219 0.75 3.3817
      vertex -11.3219 5 3.3817
    endloop
  endfacet
  facet normal 0.242971 0 0.970033
    outer loop
      vertex -11.3219 0.75 3.3817
      vertex -11.479 5 3.42105
      vertex -11.479 0.75 3.42105
    endloop
  endfacet
  facet normal -0.671547 0 0.740962
    outer loop
      vertex -9.95325 -0.75 3.72453
      vertex -9.83327 -5 3.83327
      vertex -9.83327 -0.75 3.83327
    endloop
  endfacet
  facet normal -0.671547 0 0.740962
    outer loop
      vertex -9.83327 -5 3.83327
      vertex -9.95325 -0.75 3.72453
      vertex -9.95325 -5 3.72453
    endloop
  endfacet
  facet normal -0.671547 0 0.740962
    outer loop
      vertex -9.95325 5 3.72453
      vertex -9.83327 0.75 3.83327
      vertex -9.83327 5 3.83327
    endloop
  endfacet
  facet normal -0.671547 0 0.740962
    outer loop
      vertex -9.83327 0.75 3.83327
      vertex -9.95325 5 3.72453
      vertex -9.95325 0.75 3.72453
    endloop
  endfacet
  facet normal 0.740778 -0 0.67175
    outer loop
      vertex -12.2755 -5 3.95325
      vertex -12.1667 -0.75 3.83327
      vertex -12.2755 -0.75 3.95325
    endloop
  endfacet
  facet normal 0.740778 0 0.67175
    outer loop
      vertex -12.1667 -0.75 3.83327
      vertex -12.2755 -5 3.95325
      vertex -12.1667 -5 3.83327
    endloop
  endfacet
  facet normal 0.740778 -0 0.67175
    outer loop
      vertex -12.2755 0.75 3.95325
      vertex -12.1667 5 3.83327
      vertex -12.2755 5 3.95325
    endloop
  endfacet
  facet normal 0.740778 0 0.67175
    outer loop
      vertex -12.1667 5 3.83327
      vertex -12.2755 0.75 3.95325
      vertex -12.1667 0.75 3.83327
    endloop
  endfacet
  facet normal 0.671486 0 0.741018
    outer loop
      vertex -12.1667 -0.75 3.83327
      vertex -12.0467 -5 3.72453
      vertex -12.0467 -0.75 3.72453
    endloop
  endfacet
  facet normal 0.671486 0 0.741018
    outer loop
      vertex -12.0467 -5 3.72453
      vertex -12.1667 -0.75 3.83327
      vertex -12.1667 -5 3.83327
    endloop
  endfacet
  facet normal 0.671486 0 0.741018
    outer loop
      vertex -12.1667 5 3.83327
      vertex -12.0467 0.75 3.72453
      vertex -12.0467 5 3.72453
    endloop
  endfacet
  facet normal 0.671486 0 0.741018
    outer loop
      vertex -12.0467 0.75 3.72453
      vertex -12.1667 5 3.83327
      vertex -12.1667 0.75 3.83327
    endloop
  endfacet
  facet normal 0.970095 -0 0.242725
    outer loop
      vertex -12.6183 -5 4.6781
      vertex -12.579 -0.75 4.52103
      vertex -12.6183 -0.75 4.6781
    endloop
  endfacet
  facet normal 0.970095 0 0.242725
    outer loop
      vertex -12.579 -0.75 4.52103
      vertex -12.6183 -5 4.6781
      vertex -12.579 -5 4.52103
    endloop
  endfacet
  facet normal 0.970095 -0 0.242725
    outer loop
      vertex -12.6183 0.75 4.6781
      vertex -12.579 5 4.52103
      vertex -12.6183 5 4.6781
    endloop
  endfacet
  facet normal 0.970095 0 0.242725
    outer loop
      vertex -12.579 5 4.52103
      vertex -12.6183 0.75 4.6781
      vertex -12.579 0.75 4.52103
    endloop
  endfacet
  facet normal 0.427494 0 0.904018
    outer loop
      vertex -11.7778 -0.75 3.54483
      vertex -11.6314 -5 3.4756
      vertex -11.6314 -0.75 3.4756
    endloop
  endfacet
  facet normal 0.427494 0 0.904018
    outer loop
      vertex -11.6314 -5 3.4756
      vertex -11.7778 -0.75 3.54483
      vertex -11.7778 -5 3.54483
    endloop
  endfacet
  facet normal 0.427494 0 0.904018
    outer loop
      vertex -11.7778 5 3.54483
      vertex -11.6314 0.75 3.4756
      vertex -11.6314 5 3.4756
    endloop
  endfacet
  facet normal 0.427494 0 0.904018
    outer loop
      vertex -11.6314 0.75 3.4756
      vertex -11.7778 5 3.54483
      vertex -11.7778 0.75 3.54483
    endloop
  endfacet
  facet normal -0.427494 0 0.904018
    outer loop
      vertex -10.3686 -0.75 3.4756
      vertex -10.2222 -5 3.54483
      vertex -10.2222 -0.75 3.54483
    endloop
  endfacet
  facet normal -0.427494 0 0.904018
    outer loop
      vertex -10.2222 -5 3.54483
      vertex -10.3686 -0.75 3.4756
      vertex -10.3686 -5 3.4756
    endloop
  endfacet
  facet normal -0.427494 0 0.904018
    outer loop
      vertex -10.3686 5 3.4756
      vertex -10.2222 0.75 3.54483
      vertex -10.2222 5 3.54483
    endloop
  endfacet
  facet normal -0.427494 0 0.904018
    outer loop
      vertex -10.2222 0.75 3.54483
      vertex -10.3686 5 3.4756
      vertex -10.3686 0.75 3.4756
    endloop
  endfacet
  facet normal 0.0491058 0 -0.998794
    outer loop
      vertex -11.1617 0.75 6.64205
      vertex -11 5 6.65
      vertex -11 0.75 6.65
    endloop
  endfacet
  facet normal 0.0491058 0 -0.998794
    outer loop
      vertex -11 5 6.65
      vertex -11.1617 0.75 6.64205
      vertex -11.1617 5 6.64205
    endloop
  endfacet
  facet normal 0.0491058 0 -0.998794
    outer loop
      vertex -11.1617 -5 6.64205
      vertex -11 -0.75 6.65
      vertex -11 -5 6.65
    endloop
  endfacet
  facet normal 0.0491058 0 -0.998794
    outer loop
      vertex -11 -0.75 6.65
      vertex -11.1617 -5 6.64205
      vertex -11.1617 -0.75 6.64205
    endloop
  endfacet
  facet normal -0.903995 0 0.427542
    outer loop
      vertex -9.54483 -5 4.22219
      vertex -9.4756 -0.75 4.36857
      vertex -9.54483 -0.75 4.22219
    endloop
  endfacet
  facet normal -0.903995 0 0.427542
    outer loop
      vertex -9.4756 -0.75 4.36857
      vertex -9.54483 -5 4.22219
      vertex -9.4756 -5 4.36857
    endloop
  endfacet
  facet normal -0.903995 0 0.427542
    outer loop
      vertex -9.54483 0.75 4.22219
      vertex -9.4756 5 4.36857
      vertex -9.54483 5 4.22219
    endloop
  endfacet
  facet normal -0.903995 0 0.427542
    outer loop
      vertex -9.4756 5 4.36857
      vertex -9.54483 0.75 4.22219
      vertex -9.4756 0.75 4.36857
    endloop
  endfacet
  facet normal -0.740962 0 -0.671547
    outer loop
      vertex -9.72453 -5 6.04675
      vertex -9.83327 -0.75 6.16673
      vertex -9.72453 -0.75 6.04675
    endloop
  endfacet
  facet normal -0.740962 -0 -0.671547
    outer loop
      vertex -9.83327 -0.75 6.16673
      vertex -9.72453 -5 6.04675
      vertex -9.83327 -5 6.16673
    endloop
  endfacet
  facet normal -0.740962 0 -0.671547
    outer loop
      vertex -9.72453 0.75 6.04675
      vertex -9.83327 5 6.16673
      vertex -9.72453 5 6.04675
    endloop
  endfacet
  facet normal -0.740962 -0 -0.671547
    outer loop
      vertex -9.83327 5 6.16673
      vertex -9.72453 0.75 6.04675
      vertex -9.83327 0.75 6.16673
    endloop
  endfacet
  facet normal -0.242971 0 -0.970033
    outer loop
      vertex -10.6781 0.75 6.6183
      vertex -10.521 5 6.57895
      vertex -10.521 0.75 6.57895
    endloop
  endfacet
  facet normal -0.242971 0 -0.970033
    outer loop
      vertex -10.521 5 6.57895
      vertex -10.6781 0.75 6.6183
      vertex -10.6781 5 6.6183
    endloop
  endfacet
  facet normal -0.242971 0 -0.970033
    outer loop
      vertex -10.6781 -5 6.6183
      vertex -10.521 -0.75 6.57895
      vertex -10.521 -5 6.57895
    endloop
  endfacet
  facet normal -0.242971 0 -0.970033
    outer loop
      vertex -10.521 -0.75 6.57895
      vertex -10.6781 -5 6.6183
      vertex -10.6781 -0.75 6.6183
    endloop
  endfacet
  facet normal -0.595733 0 0.803183
    outer loop
      vertex -10.0833 -0.75 3.62807
      vertex -9.95325 -5 3.72453
      vertex -9.95325 -0.75 3.72453
    endloop
  endfacet
  facet normal -0.595733 0 0.803183
    outer loop
      vertex -9.95325 -5 3.72453
      vertex -10.0833 -0.75 3.62807
      vertex -10.0833 -5 3.62807
    endloop
  endfacet
  facet normal -0.595733 0 0.803183
    outer loop
      vertex -10.0833 5 3.62807
      vertex -9.95325 0.75 3.72453
      vertex -9.95325 5 3.72453
    endloop
  endfacet
  facet normal -0.595733 0 0.803183
    outer loop
      vertex -9.95325 0.75 3.72453
      vertex -10.0833 5 3.62807
      vertex -10.0833 0.75 3.62807
    endloop
  endfacet
  facet normal 0.941448 0 -0.337158
    outer loop
      vertex -12.5244 -5 5.63143
      vertex -12.579 -0.75 5.47897
      vertex -12.5244 -0.75 5.63143
    endloop
  endfacet
  facet normal 0.941448 0 -0.337158
    outer loop
      vertex -12.579 -0.75 5.47897
      vertex -12.5244 -5 5.63143
      vertex -12.579 -5 5.47897
    endloop
  endfacet
  facet normal 0.941448 0 -0.337158
    outer loop
      vertex -12.5244 0.75 5.63143
      vertex -12.579 5 5.47897
      vertex -12.5244 5 5.63143
    endloop
  endfacet
  facet normal 0.941448 0 -0.337158
    outer loop
      vertex -12.579 5 5.47897
      vertex -12.5244 0.75 5.63143
      vertex -12.579 0.75 5.47897
    endloop
  endfacet
  facet normal 0.14671 0 0.98918
    outer loop
      vertex -11.3219 -0.75 3.3817
      vertex -11.1617 -5 3.35794
      vertex -11.1617 -0.75 3.35794
    endloop
  endfacet
  facet normal 0.14671 0 0.98918
    outer loop
      vertex -11.1617 -5 3.35794
      vertex -11.3219 -0.75 3.3817
      vertex -11.3219 -5 3.3817
    endloop
  endfacet
  facet normal 0.14671 0 0.98918
    outer loop
      vertex -11.3219 5 3.3817
      vertex -11.1617 0.75 3.35794
      vertex -11.1617 5 3.35794
    endloop
  endfacet
  facet normal 0.14671 0 0.98918
    outer loop
      vertex -11.1617 0.75 3.35794
      vertex -11.3219 5 3.3817
      vertex -11.3219 0.75 3.3817
    endloop
  endfacet
  facet normal 0.998809 0 -0.0487887
    outer loop
      vertex -12.6421 -5 5.16173
      vertex -12.65 -0.75 5
      vertex -12.6421 -0.75 5.16173
    endloop
  endfacet
  facet normal 0.998809 0 -0.0487887
    outer loop
      vertex -12.65 -0.75 5
      vertex -12.6421 -5 5.16173
      vertex -12.65 -5 5
    endloop
  endfacet
  facet normal 0.998809 0 -0.0487887
    outer loop
      vertex -12.6421 0.75 5.16173
      vertex -12.65 5 5
      vertex -12.6421 5 5.16173
    endloop
  endfacet
  facet normal 0.998809 0 -0.0487887
    outer loop
      vertex -12.65 5 5
      vertex -12.6421 0.75 5.16173
      vertex -12.65 0.75 5
    endloop
  endfacet
  facet normal -0.740962 0 0.671547
    outer loop
      vertex -9.83327 -5 3.83327
      vertex -9.72453 -0.75 3.95325
      vertex -9.83327 -0.75 3.83327
    endloop
  endfacet
  facet normal -0.740962 0 0.671547
    outer loop
      vertex -9.72453 -0.75 3.95325
      vertex -9.83327 -5 3.83327
      vertex -9.72453 -5 3.95325
    endloop
  endfacet
  facet normal -0.740962 0 0.671547
    outer loop
      vertex -9.83327 0.75 3.83327
      vertex -9.72453 5 3.95325
      vertex -9.83327 5 3.83327
    endloop
  endfacet
  facet normal -0.740962 0 0.671547
    outer loop
      vertex -9.72453 5 3.95325
      vertex -9.83327 0.75 3.83327
      vertex -9.72453 0.75 3.95325
    endloop
  endfacet
endsolid OpenSCAD_Model
