solid OpenSCAD_Model
  facet normal 0.965914 0.258865 0
    outer loop
      vertex 22.301 -0.75 8
      vertex 22.1 0 0
      vertex 22.1 0 8
    endloop
  endfacet
  facet normal 0.965914 0.258865 0
    outer loop
      vertex 22.1 0 0
      vertex 22.301 -0.75 8
      vertex 22.301 -0.75 0
    endloop
  endfacet
  facet normal 0.707133 -0.707081 0
    outer loop
      vertex 22.301 0.75 8
      vertex 22.85 1.29904 0
      vertex 22.85 1.29904 8
    endloop
  endfacet
  facet normal 0.707133 -0.707081 0
    outer loop
      vertex 22.85 1.29904 0
      vertex 22.301 0.75 8
      vertex 22.301 0.75 0
    endloop
  endfacet
  facet normal 0.258933 -0.965895 0
    outer loop
      vertex 22.85 1.29904 0
      vertex 22.9565 1.32759 8
      vertex 22.85 1.29904 8
    endloop
  endfacet
  facet normal 0.258933 -0.965895 0
    outer loop
      vertex 22.9565 1.32759 8
      vertex 22.85 1.29904 0
      vertex 22.9565 1.32759 0
    endloop
  endfacet
  facet normal 0.965914 -0.258865 0
    outer loop
      vertex 22.1 0 8
      vertex 22.301 0.75 0
      vertex 22.301 0.75 8
    endloop
  endfacet
  facet normal 0.965914 -0.258865 0
    outer loop
      vertex 22.301 0.75 0
      vertex 22.1 0 8
      vertex 22.1 0 0
    endloop
  endfacet
  facet normal 0.707133 0.707081 0
    outer loop
      vertex 22.85 -1.29904 8
      vertex 22.301 -0.75 0
      vertex 22.301 -0.75 8
    endloop
  endfacet
  facet normal 0.707133 0.707081 0
    outer loop
      vertex 22.301 -0.75 0
      vertex 22.85 -1.29904 8
      vertex 22.85 -1.29904 0
    endloop
  endfacet
  facet normal 0.258933 0.965895 -0
    outer loop
      vertex 22.9565 -1.32759 0
      vertex 22.85 -1.29904 8
      vertex 22.9565 -1.32759 8
    endloop
  endfacet
  facet normal 0.258933 0.965895 0
    outer loop
      vertex 22.85 -1.29904 8
      vertex 22.9565 -1.32759 0
      vertex 22.85 -1.29904 0
    endloop
  endfacet
  facet normal 0.90633 0.42257 0
    outer loop
      vertex 22.0924 3.13391 8
      vertex 21.7643 3.83762 0
      vertex 21.7643 3.83762 8
    endloop
  endfacet
  facet normal 0.90633 0.42257 0
    outer loop
      vertex 21.7643 3.83762 0
      vertex 22.0924 3.13391 8
      vertex 22.0924 3.13391 0
    endloop
  endfacet
  facet normal 0.996203 -0.087062 0
    outer loop
      vertex 21.7643 3.83762 8
      vertex 21.8319 4.61113 0
      vertex 21.8319 4.61113 8
    endloop
  endfacet
  facet normal 0.996203 -0.087062 0
    outer loop
      vertex 21.8319 4.61113 0
      vertex 21.7643 3.83762 8
      vertex 21.7643 3.83762 0
    endloop
  endfacet
  facet normal 0.422593 -0.906319 0
    outer loop
      vertex 22.2773 5.24716 0
      vertex 22.3707 5.29071 8
      vertex 22.2773 5.24716 8
    endloop
  endfacet
  facet normal 0.422593 -0.906319 0
    outer loop
      vertex 22.3707 5.29071 8
      vertex 22.2773 5.24716 0
      vertex 22.3707 5.29071 0
    endloop
  endfacet
  facet normal 0.819124 -0.573617 0
    outer loop
      vertex 21.8319 4.61113 8
      vertex 22.2773 5.24716 0
      vertex 22.2773 5.24716 8
    endloop
  endfacet
  facet normal 0.819124 -0.573617 0
    outer loop
      vertex 22.2773 5.24716 0
      vertex 21.8319 4.61113 8
      vertex 21.8319 4.61113 0
    endloop
  endfacet
  facet normal 0.573592 0.819141 -0
    outer loop
      vertex 22.7284 2.68856 0
      vertex 22.0924 3.13391 8
      vertex 22.7284 2.68856 8
    endloop
  endfacet
  facet normal 0.573592 0.819141 0
    outer loop
      vertex 22.0924 3.13391 8
      vertex 22.7284 2.68856 0
      vertex 22.0924 3.13391 0
    endloop
  endfacet
  facet normal 0.0871901 0.996192 -0
    outer loop
      vertex 22.835 2.67923 0
      vertex 22.7284 2.68856 8
      vertex 22.835 2.67923 8
    endloop
  endfacet
  facet normal 0.0871901 0.996192 0
    outer loop
      vertex 22.7284 2.68856 8
      vertex 22.835 2.67923 0
      vertex 22.7284 2.68856 0
    endloop
  endfacet
  facet normal 0.819124 0.573617 0
    outer loop
      vertex 21.2126 6.92261 8
      vertex 20.7672 7.55864 0
      vertex 20.7672 7.55864 8
    endloop
  endfacet
  facet normal 0.819124 0.573617 0
    outer loop
      vertex 20.7672 7.55864 0
      vertex 21.2126 6.92261 8
      vertex 21.2126 6.92261 0
    endloop
  endfacet
  facet normal 0.422628 0.906303 -0
    outer loop
      vertex 21.9163 6.59446 0
      vertex 21.2126 6.92261 8
      vertex 21.9163 6.59446 8
    endloop
  endfacet
  facet normal 0.422628 0.906303 0
    outer loop
      vertex 21.2126 6.92261 8
      vertex 21.9163 6.59446 0
      vertex 21.2126 6.92261 0
    endloop
  endfacet
  facet normal 0.906281 -0.422676 0
    outer loop
      vertex 20.6995 8.33215 8
      vertex 21.0277 9.03586 0
      vertex 21.0277 9.03586 8
    endloop
  endfacet
  facet normal 0.906281 -0.422676 0
    outer loop
      vertex 21.0277 9.03586 0
      vertex 20.6995 8.33215 8
      vertex 20.6995 8.33215 0
    endloop
  endfacet
  facet normal 0.996192 0.0871898 0
    outer loop
      vertex 20.7672 7.55864 8
      vertex 20.6995 8.33215 0
      vertex 20.6995 8.33215 8
    endloop
  endfacet
  facet normal 0.996192 0.0871898 0
    outer loop
      vertex 20.6995 8.33215 0
      vertex 20.7672 7.55864 8
      vertex 20.7672 7.55864 0
    endloop
  endfacet
  facet normal 0.573776 -0.819012 0
    outer loop
      vertex 21.0277 9.03586 0
      vertex 21.1153 9.09723 8
      vertex 21.0277 9.03586 8
    endloop
  endfacet
  facet normal 0.573776 -0.819012 0
    outer loop
      vertex 21.1153 9.09723 8
      vertex 21.0277 9.03586 0
      vertex 21.1153 9.09723 0
    endloop
  endfacet
  facet normal -0.0872874 0.996183 0
    outer loop
      vertex 22.0189 6.60345 0
      vertex 21.9163 6.59446 8
      vertex 22.0189 6.60345 8
    endloop
  endfacet
  facet normal -0.0872874 0.996183 0
    outer loop
      vertex 21.9163 6.59446 8
      vertex 22.0189 6.60345 0
      vertex 21.9163 6.59446 0
    endloop
  endfacet
  facet normal 0.965914 0.258865 0
    outer loop
      vertex 19.1392 11.05 8
      vertex 18.9382 11.8 0
      vertex 18.9382 11.8 8
    endloop
  endfacet
  facet normal 0.965914 0.258865 0
    outer loop
      vertex 18.9382 11.8 0
      vertex 19.1392 11.05 8
      vertex 19.1392 11.05 0
    endloop
  endfacet
  facet normal -0.258509 0.966009 0
    outer loop
      vertex 20.5447 10.3285 0
      vertex 20.4382 10.3 8
      vertex 20.5447 10.3285 8
    endloop
  endfacet
  facet normal -0.258509 0.966009 0
    outer loop
      vertex 20.4382 10.3 8
      vertex 20.5447 10.3285 0
      vertex 20.4382 10.3 0
    endloop
  endfacet
  facet normal 0.707107 -0.707107 0
    outer loop
      vertex 19.1392 12.55 0
      vertex 19.2172 12.628 8
      vertex 19.1392 12.55 8
    endloop
  endfacet
  facet normal 0.707107 -0.707107 0
    outer loop
      vertex 19.2172 12.628 8
      vertex 19.1392 12.55 0
      vertex 19.2172 12.628 0
    endloop
  endfacet
  facet normal 0.258865 0.965914 -0
    outer loop
      vertex 20.4382 10.3 0
      vertex 19.6882 10.501 8
      vertex 20.4382 10.3 8
    endloop
  endfacet
  facet normal 0.258865 0.965914 0
    outer loop
      vertex 19.6882 10.501 8
      vertex 20.4382 10.3 0
      vertex 19.6882 10.501 0
    endloop
  endfacet
  facet normal 0.707107 0.707107 0
    outer loop
      vertex 19.6882 10.501 8
      vertex 19.1392 11.05 0
      vertex 19.1392 11.05 8
    endloop
  endfacet
  facet normal 0.707107 0.707107 0
    outer loop
      vertex 19.1392 11.05 0
      vertex 19.6882 10.501 8
      vertex 19.6882 10.501 0
    endloop
  endfacet
  facet normal 0.965914 -0.258865 0
    outer loop
      vertex 18.9382 11.8 8
      vertex 19.1392 12.55 0
      vertex 19.1392 12.55 8
    endloop
  endfacet
  facet normal 0.965914 -0.258865 0
    outer loop
      vertex 19.1392 12.55 0
      vertex 18.9382 11.8 8
      vertex 18.9382 11.8 0
    endloop
  endfacet
  facet normal 0.573635 0.819111 -0
    outer loop
      vertex 17.5656 13.7602 0
      vertex 16.9296 14.2056 8
      vertex 17.5656 13.7602 8
    endloop
  endfacet
  facet normal 0.573635 0.819111 0
    outer loop
      vertex 16.9296 14.2056 8
      vertex 17.5656 13.7602 0
      vertex 16.9296 14.2056 0
    endloop
  endfacet
  facet normal 0.906279 0.422681 0
    outer loop
      vertex 16.9296 14.2056 8
      vertex 16.6014 14.9093 0
      vertex 16.6014 14.9093 8
    endloop
  endfacet
  facet normal 0.906279 0.422681 0
    outer loop
      vertex 16.6014 14.9093 0
      vertex 16.9296 14.2056 8
      vertex 16.9296 14.2056 0
    endloop
  endfacet
  facet normal -0.422374 0.906422 0
    outer loop
      vertex 18.4361 13.7378 0
      vertex 18.3391 13.6926 8
      vertex 18.4361 13.7378 8
    endloop
  endfacet
  facet normal -0.422374 0.906422 0
    outer loop
      vertex 18.3391 13.6926 8
      vertex 18.4361 13.7378 0
      vertex 18.3391 13.6926 0
    endloop
  endfacet
  facet normal 0.996192 -0.0871909 0
    outer loop
      vertex 16.6014 14.9093 8
      vertex 16.6691 15.6828 0
      vertex 16.6691 15.6828 8
    endloop
  endfacet
  facet normal 0.996192 -0.0871909 0
    outer loop
      vertex 16.6691 15.6828 0
      vertex 16.6014 14.9093 8
      vertex 16.6014 14.9093 0
    endloop
  endfacet
  facet normal 0.819141 -0.573593 0
    outer loop
      vertex 16.6691 15.6828 8
      vertex 16.7282 15.7672 0
      vertex 16.7282 15.7672 8
    endloop
  endfacet
  facet normal 0.819141 -0.573593 0
    outer loop
      vertex 16.7282 15.7672 0
      vertex 16.6691 15.6828 8
      vertex 16.6691 15.6828 0
    endloop
  endfacet
  facet normal 0.0870631 0.996203 -0
    outer loop
      vertex 18.3391 13.6926 0
      vertex 17.5656 13.7602 8
      vertex 18.3391 13.6926 8
    endloop
  endfacet
  facet normal 0.0870631 0.996203 0
    outer loop
      vertex 17.5656 13.7602 8
      vertex 18.3391 13.6926 0
      vertex 17.5656 13.7602 0
    endloop
  endfacet
  facet normal 0.906422 -0.422374 0
    outer loop
      vertex 13.6926 18.3391 8
      vertex 13.7378 18.4361 0
      vertex 13.7378 18.4361 8
    endloop
  endfacet
  facet normal 0.906422 -0.422374 0
    outer loop
      vertex 13.7378 18.4361 0
      vertex 13.6926 18.3391 8
      vertex 13.6926 18.3391 0
    endloop
  endfacet
  facet normal 0.422681 0.906279 -0
    outer loop
      vertex 14.9093 16.6014 0
      vertex 14.2056 16.9296 8
      vertex 14.9093 16.6014 8
    endloop
  endfacet
  facet normal 0.422681 0.906279 0
    outer loop
      vertex 14.2056 16.9296 8
      vertex 14.9093 16.6014 0
      vertex 14.2056 16.9296 0
    endloop
  endfacet
  facet normal -0.573593 0.819141 0
    outer loop
      vertex 15.7672 16.7282 0
      vertex 15.6828 16.6691 8
      vertex 15.7672 16.7282 8
    endloop
  endfacet
  facet normal -0.573593 0.819141 0
    outer loop
      vertex 15.6828 16.6691 8
      vertex 15.7672 16.7282 0
      vertex 15.6828 16.6691 0
    endloop
  endfacet
  facet normal -0.0871909 0.996192 0
    outer loop
      vertex 15.6828 16.6691 0
      vertex 14.9093 16.6014 8
      vertex 15.6828 16.6691 8
    endloop
  endfacet
  facet normal -0.0871909 0.996192 0
    outer loop
      vertex 14.9093 16.6014 8
      vertex 15.6828 16.6691 0
      vertex 14.9093 16.6014 0
    endloop
  endfacet
  facet normal 0.819111 0.573635 0
    outer loop
      vertex 14.2056 16.9296 8
      vertex 13.7602 17.5656 0
      vertex 13.7602 17.5656 8
    endloop
  endfacet
  facet normal 0.819111 0.573635 0
    outer loop
      vertex 13.7602 17.5656 0
      vertex 14.2056 16.9296 8
      vertex 14.2056 16.9296 0
    endloop
  endfacet
  facet normal 0.996203 0.0870631 0
    outer loop
      vertex 13.7602 17.5656 8
      vertex 13.6926 18.3391 0
      vertex 13.6926 18.3391 8
    endloop
  endfacet
  facet normal 0.996203 0.0870631 0
    outer loop
      vertex 13.6926 18.3391 0
      vertex 13.7602 17.5656 8
      vertex 13.7602 17.5656 0
    endloop
  endfacet
  facet normal 0.965914 0.258865 0
    outer loop
      vertex 10.501 19.6882 8
      vertex 10.3 20.4382 0
      vertex 10.3 20.4382 8
    endloop
  endfacet
  facet normal 0.965914 0.258865 0
    outer loop
      vertex 10.3 20.4382 0
      vertex 10.501 19.6882 8
      vertex 10.501 19.6882 0
    endloop
  endfacet
  facet normal 0.707107 0.707107 0
    outer loop
      vertex 11.05 19.1392 8
      vertex 10.501 19.6882 0
      vertex 10.501 19.6882 8
    endloop
  endfacet
  facet normal 0.707107 0.707107 0
    outer loop
      vertex 10.501 19.6882 0
      vertex 11.05 19.1392 8
      vertex 11.05 19.1392 0
    endloop
  endfacet
  facet normal -0.707107 0.707107 0
    outer loop
      vertex 12.55 19.1392 0
      vertex 12.628 19.2172 8
      vertex 12.628 19.2172 0
    endloop
  endfacet
  facet normal -0.707107 0.707107 0
    outer loop
      vertex 12.628 19.2172 8
      vertex 12.55 19.1392 0
      vertex 12.55 19.1392 8
    endloop
  endfacet
  facet normal 0.966009 -0.258509 0
    outer loop
      vertex 10.3 20.4382 8
      vertex 10.3285 20.5447 0
      vertex 10.3285 20.5447 8
    endloop
  endfacet
  facet normal 0.966009 -0.258509 0
    outer loop
      vertex 10.3285 20.5447 0
      vertex 10.3 20.4382 8
      vertex 10.3 20.4382 0
    endloop
  endfacet
  facet normal -0.258865 0.965914 0
    outer loop
      vertex 12.55 19.1392 0
      vertex 11.8 18.9382 8
      vertex 12.55 19.1392 8
    endloop
  endfacet
  facet normal -0.258865 0.965914 0
    outer loop
      vertex 11.8 18.9382 8
      vertex 12.55 19.1392 0
      vertex 11.8 18.9382 0
    endloop
  endfacet
  facet normal 0.258865 0.965914 -0
    outer loop
      vertex 11.8 18.9382 0
      vertex 11.05 19.1392 8
      vertex 11.8 18.9382 8
    endloop
  endfacet
  facet normal 0.258865 0.965914 0
    outer loop
      vertex 11.05 19.1392 8
      vertex 11.8 18.9382 0
      vertex 11.05 19.1392 0
    endloop
  endfacet
  facet normal 0.906303 0.422628 0
    outer loop
      vertex 6.92261 21.2126 8
      vertex 6.59446 21.9163 0
      vertex 6.59446 21.9163 8
    endloop
  endfacet
  facet normal 0.906303 0.422628 0
    outer loop
      vertex 6.59446 21.9163 0
      vertex 6.92261 21.2126 8
      vertex 6.92261 21.2126 0
    endloop
  endfacet
  facet normal 0.0871898 0.996192 -0
    outer loop
      vertex 8.33215 20.6995 0
      vertex 7.55864 20.7672 8
      vertex 8.33215 20.6995 8
    endloop
  endfacet
  facet normal 0.0871898 0.996192 0
    outer loop
      vertex 7.55864 20.7672 8
      vertex 8.33215 20.6995 0
      vertex 7.55864 20.7672 0
    endloop
  endfacet
  facet normal 0.996183 -0.0872874 0
    outer loop
      vertex 6.59446 21.9163 8
      vertex 6.60345 22.0189 0
      vertex 6.60345 22.0189 8
    endloop
  endfacet
  facet normal 0.996183 -0.0872874 0
    outer loop
      vertex 6.60345 22.0189 0
      vertex 6.59446 21.9163 8
      vertex 6.59446 21.9163 0
    endloop
  endfacet
  facet normal 0.573617 0.819124 -0
    outer loop
      vertex 7.55864 20.7672 0
      vertex 6.92261 21.2126 8
      vertex 7.55864 20.7672 8
    endloop
  endfacet
  facet normal 0.573617 0.819124 0
    outer loop
      vertex 6.92261 21.2126 8
      vertex 7.55864 20.7672 0
      vertex 6.92261 21.2126 0
    endloop
  endfacet
  facet normal -0.422676 0.906281 0
    outer loop
      vertex 9.03586 21.0277 0
      vertex 8.33215 20.6995 8
      vertex 9.03586 21.0277 8
    endloop
  endfacet
  facet normal -0.422676 0.906281 0
    outer loop
      vertex 8.33215 20.6995 8
      vertex 9.03586 21.0277 0
      vertex 8.33215 20.6995 0
    endloop
  endfacet
  facet normal -0.819012 0.573776 0
    outer loop
      vertex 9.03586 21.0277 0
      vertex 9.09723 21.1153 8
      vertex 9.09723 21.1153 0
    endloop
  endfacet
  facet normal -0.819012 0.573776 0
    outer loop
      vertex 9.09723 21.1153 8
      vertex 9.03586 21.0277 0
      vertex 9.03586 21.0277 8
    endloop
  endfacet
  facet normal 0.996192 0.0871901 0
    outer loop
      vertex 2.68856 22.7284 8
      vertex 2.67923 22.835 0
      vertex 2.67923 22.835 8
    endloop
  endfacet
  facet normal 0.996192 0.0871901 0
    outer loop
      vertex 2.67923 22.835 0
      vertex 2.68856 22.7284 8
      vertex 2.68856 22.7284 0
    endloop
  endfacet
  facet normal 0.819141 0.573592 0
    outer loop
      vertex 3.13391 22.0924 8
      vertex 2.68856 22.7284 0
      vertex 2.68856 22.7284 8
    endloop
  endfacet
  facet normal 0.819141 0.573592 0
    outer loop
      vertex 2.68856 22.7284 0
      vertex 3.13391 22.0924 8
      vertex 3.13391 22.0924 0
    endloop
  endfacet
  facet normal -0.573617 0.819124 0
    outer loop
      vertex 5.24716 22.2773 0
      vertex 4.61113 21.8319 8
      vertex 5.24716 22.2773 8
    endloop
  endfacet
  facet normal -0.573617 0.819124 0
    outer loop
      vertex 4.61113 21.8319 8
      vertex 5.24716 22.2773 0
      vertex 4.61113 21.8319 0
    endloop
  endfacet
  facet normal -0.906319 0.422593 0
    outer loop
      vertex 5.24716 22.2773 0
      vertex 5.29071 22.3707 8
      vertex 5.29071 22.3707 0
    endloop
  endfacet
  facet normal -0.906319 0.422593 0
    outer loop
      vertex 5.29071 22.3707 8
      vertex 5.24716 22.2773 0
      vertex 5.24716 22.2773 8
    endloop
  endfacet
  facet normal 0.42257 0.90633 -0
    outer loop
      vertex 3.83762 21.7643 0
      vertex 3.13391 22.0924 8
      vertex 3.83762 21.7643 8
    endloop
  endfacet
  facet normal 0.42257 0.90633 0
    outer loop
      vertex 3.13391 22.0924 8
      vertex 3.83762 21.7643 0
      vertex 3.13391 22.0924 0
    endloop
  endfacet
  facet normal -0.087062 0.996203 0
    outer loop
      vertex 4.61113 21.8319 0
      vertex 3.83762 21.7643 8
      vertex 4.61113 21.8319 8
    endloop
  endfacet
  facet normal -0.087062 0.996203 0
    outer loop
      vertex 3.83762 21.7643 8
      vertex 4.61113 21.8319 0
      vertex 3.83762 21.7643 0
    endloop
  endfacet
  facet normal 0.707081 0.707133 0
    outer loop
      vertex -0.75 22.301 8
      vertex -1.29904 22.85 0
      vertex -1.29904 22.85 8
    endloop
  endfacet
  facet normal 0.707081 0.707133 0
    outer loop
      vertex -1.29904 22.85 0
      vertex -0.75 22.301 8
      vertex -0.75 22.301 0
    endloop
  endfacet
  facet normal -0.258865 0.965914 0
    outer loop
      vertex 0.75 22.301 0
      vertex 0 22.1 8
      vertex 0.75 22.301 8
    endloop
  endfacet
  facet normal -0.258865 0.965914 0
    outer loop
      vertex 0 22.1 8
      vertex 0.75 22.301 0
      vertex 0 22.1 0
    endloop
  endfacet
  facet normal 0.965895 0.258933 0
    outer loop
      vertex -1.29904 22.85 8
      vertex -1.32759 22.9565 0
      vertex -1.32759 22.9565 8
    endloop
  endfacet
  facet normal 0.965895 0.258933 0
    outer loop
      vertex -1.32759 22.9565 0
      vertex -1.29904 22.85 8
      vertex -1.29904 22.85 0
    endloop
  endfacet
  facet normal 0.258865 0.965914 -0
    outer loop
      vertex 0 22.1 0
      vertex -0.75 22.301 8
      vertex 0 22.1 8
    endloop
  endfacet
  facet normal 0.258865 0.965914 0
    outer loop
      vertex -0.75 22.301 8
      vertex 0 22.1 0
      vertex -0.75 22.301 0
    endloop
  endfacet
  facet normal -0.707081 0.707133 0
    outer loop
      vertex 0.75 22.301 0
      vertex 1.29904 22.85 8
      vertex 1.29904 22.85 0
    endloop
  endfacet
  facet normal -0.707081 0.707133 0
    outer loop
      vertex 1.29904 22.85 8
      vertex 0.75 22.301 0
      vertex 0.75 22.301 8
    endloop
  endfacet
  facet normal -0.965895 0.258933 0
    outer loop
      vertex 1.29904 22.85 0
      vertex 1.32759 22.9565 8
      vertex 1.32759 22.9565 0
    endloop
  endfacet
  facet normal -0.965895 0.258933 0
    outer loop
      vertex 1.32759 22.9565 8
      vertex 1.29904 22.85 0
      vertex 1.29904 22.85 8
    endloop
  endfacet
  facet normal -0.42257 0.90633 0
    outer loop
      vertex -3.13391 22.0924 0
      vertex -3.83762 21.7643 8
      vertex -3.13391 22.0924 8
    endloop
  endfacet
  facet normal -0.42257 0.90633 0
    outer loop
      vertex -3.83762 21.7643 8
      vertex -3.13391 22.0924 0
      vertex -3.83762 21.7643 0
    endloop
  endfacet
  facet normal 0.087062 0.996203 -0
    outer loop
      vertex -3.83762 21.7643 0
      vertex -4.61113 21.8319 8
      vertex -3.83762 21.7643 8
    endloop
  endfacet
  facet normal 0.087062 0.996203 0
    outer loop
      vertex -4.61113 21.8319 8
      vertex -3.83762 21.7643 0
      vertex -4.61113 21.8319 0
    endloop
  endfacet
  facet normal 0.573617 0.819124 -0
    outer loop
      vertex -4.61113 21.8319 0
      vertex -5.24716 22.2773 8
      vertex -4.61113 21.8319 8
    endloop
  endfacet
  facet normal 0.573617 0.819124 0
    outer loop
      vertex -5.24716 22.2773 8
      vertex -4.61113 21.8319 0
      vertex -5.24716 22.2773 0
    endloop
  endfacet
  facet normal 0.906319 0.422593 0
    outer loop
      vertex -5.24716 22.2773 8
      vertex -5.29071 22.3707 0
      vertex -5.29071 22.3707 8
    endloop
  endfacet
  facet normal 0.906319 0.422593 0
    outer loop
      vertex -5.29071 22.3707 0
      vertex -5.24716 22.2773 8
      vertex -5.24716 22.2773 0
    endloop
  endfacet
  facet normal -0.819141 0.573592 0
    outer loop
      vertex -3.13391 22.0924 0
      vertex -2.68856 22.7284 8
      vertex -2.68856 22.7284 0
    endloop
  endfacet
  facet normal -0.819141 0.573592 0
    outer loop
      vertex -2.68856 22.7284 8
      vertex -3.13391 22.0924 0
      vertex -3.13391 22.0924 8
    endloop
  endfacet
  facet normal -0.996192 0.0871901 0
    outer loop
      vertex -2.68856 22.7284 0
      vertex -2.67923 22.835 8
      vertex -2.67923 22.835 0
    endloop
  endfacet
  facet normal -0.996192 0.0871901 0
    outer loop
      vertex -2.67923 22.835 8
      vertex -2.68856 22.7284 0
      vertex -2.68856 22.7284 8
    endloop
  endfacet
  facet normal -0.573617 0.819124 0
    outer loop
      vertex -6.92261 21.2126 0
      vertex -7.55864 20.7672 8
      vertex -6.92261 21.2126 8
    endloop
  endfacet
  facet normal -0.573617 0.819124 0
    outer loop
      vertex -7.55864 20.7672 8
      vertex -6.92261 21.2126 0
      vertex -7.55864 20.7672 0
    endloop
  endfacet
  facet normal -0.906303 0.422628 0
    outer loop
      vertex -6.92261 21.2126 0
      vertex -6.59446 21.9163 8
      vertex -6.59446 21.9163 0
    endloop
  endfacet
  facet normal -0.906303 0.422628 0
    outer loop
      vertex -6.59446 21.9163 8
      vertex -6.92261 21.2126 0
      vertex -6.92261 21.2126 8
    endloop
  endfacet
  facet normal -0.996183 -0.0872874 0
    outer loop
      vertex -6.59446 21.9163 0
      vertex -6.60345 22.0189 8
      vertex -6.60345 22.0189 0
    endloop
  endfacet
  facet normal -0.996183 -0.0872874 0
    outer loop
      vertex -6.60345 22.0189 8
      vertex -6.59446 21.9163 0
      vertex -6.59446 21.9163 8
    endloop
  endfacet
  facet normal 0.422676 0.906281 -0
    outer loop
      vertex -8.33215 20.6995 0
      vertex -9.03586 21.0277 8
      vertex -8.33215 20.6995 8
    endloop
  endfacet
  facet normal 0.422676 0.906281 0
    outer loop
      vertex -9.03586 21.0277 8
      vertex -8.33215 20.6995 0
      vertex -9.03586 21.0277 0
    endloop
  endfacet
  facet normal -0.0871898 0.996192 0
    outer loop
      vertex -7.55864 20.7672 0
      vertex -8.33215 20.6995 8
      vertex -7.55864 20.7672 8
    endloop
  endfacet
  facet normal -0.0871898 0.996192 0
    outer loop
      vertex -8.33215 20.6995 8
      vertex -7.55864 20.7672 0
      vertex -8.33215 20.6995 0
    endloop
  endfacet
  facet normal 0.819012 0.573776 0
    outer loop
      vertex -9.03586 21.0277 8
      vertex -9.09723 21.1153 0
      vertex -9.09723 21.1153 8
    endloop
  endfacet
  facet normal 0.819012 0.573776 0
    outer loop
      vertex -9.09723 21.1153 0
      vertex -9.03586 21.0277 8
      vertex -9.03586 21.0277 0
    endloop
  endfacet
  facet normal -0.258865 0.965914 0
    outer loop
      vertex -11.05 19.1392 0
      vertex -11.8 18.9382 8
      vertex -11.05 19.1392 8
    endloop
  endfacet
  facet normal -0.258865 0.965914 0
    outer loop
      vertex -11.8 18.9382 8
      vertex -11.05 19.1392 0
      vertex -11.8 18.9382 0
    endloop
  endfacet
  facet normal -0.966009 -0.258509 0
    outer loop
      vertex -10.3 20.4382 0
      vertex -10.3285 20.5447 8
      vertex -10.3285 20.5447 0
    endloop
  endfacet
  facet normal -0.966009 -0.258509 0
    outer loop
      vertex -10.3285 20.5447 8
      vertex -10.3 20.4382 0
      vertex -10.3 20.4382 8
    endloop
  endfacet
  facet normal 0.707107 0.707107 0
    outer loop
      vertex -12.55 19.1392 8
      vertex -12.628 19.2172 0
      vertex -12.628 19.2172 8
    endloop
  endfacet
  facet normal 0.707107 0.707107 0
    outer loop
      vertex -12.628 19.2172 0
      vertex -12.55 19.1392 8
      vertex -12.55 19.1392 0
    endloop
  endfacet
  facet normal 0.258865 0.965914 -0
    outer loop
      vertex -11.8 18.9382 0
      vertex -12.55 19.1392 8
      vertex -11.8 18.9382 8
    endloop
  endfacet
  facet normal 0.258865 0.965914 0
    outer loop
      vertex -12.55 19.1392 8
      vertex -11.8 18.9382 0
      vertex -12.55 19.1392 0
    endloop
  endfacet
  facet normal -0.965914 0.258865 0
    outer loop
      vertex -10.501 19.6882 0
      vertex -10.3 20.4382 8
      vertex -10.3 20.4382 0
    endloop
  endfacet
  facet normal -0.965914 0.258865 0
    outer loop
      vertex -10.3 20.4382 8
      vertex -10.501 19.6882 0
      vertex -10.501 19.6882 8
    endloop
  endfacet
  facet normal -0.707107 0.707107 0
    outer loop
      vertex -11.05 19.1392 0
      vertex -10.501 19.6882 8
      vertex -10.501 19.6882 0
    endloop
  endfacet
  facet normal -0.707107 0.707107 0
    outer loop
      vertex -10.501 19.6882 8
      vertex -11.05 19.1392 0
      vertex -11.05 19.1392 8
    endloop
  endfacet
  facet normal -0.819111 0.573635 0
    outer loop
      vertex -14.2056 16.9296 0
      vertex -13.7602 17.5656 8
      vertex -13.7602 17.5656 0
    endloop
  endfacet
  facet normal -0.819111 0.573635 0
    outer loop
      vertex -13.7602 17.5656 8
      vertex -14.2056 16.9296 0
      vertex -14.2056 16.9296 8
    endloop
  endfacet
  facet normal -0.422681 0.906279 0
    outer loop
      vertex -14.2056 16.9296 0
      vertex -14.9093 16.6014 8
      vertex -14.2056 16.9296 8
    endloop
  endfacet
  facet normal -0.422681 0.906279 0
    outer loop
      vertex -14.9093 16.6014 8
      vertex -14.2056 16.9296 0
      vertex -14.9093 16.6014 0
    endloop
  endfacet
  facet normal -0.906422 -0.422374 0
    outer loop
      vertex -13.6926 18.3391 0
      vertex -13.7378 18.4361 8
      vertex -13.7378 18.4361 0
    endloop
  endfacet
  facet normal -0.906422 -0.422374 0
    outer loop
      vertex -13.7378 18.4361 8
      vertex -13.6926 18.3391 0
      vertex -13.6926 18.3391 8
    endloop
  endfacet
  facet normal 0.0871909 0.996192 -0
    outer loop
      vertex -14.9093 16.6014 0
      vertex -15.6828 16.6691 8
      vertex -14.9093 16.6014 8
    endloop
  endfacet
  facet normal 0.0871909 0.996192 0
    outer loop
      vertex -15.6828 16.6691 8
      vertex -14.9093 16.6014 0
      vertex -15.6828 16.6691 0
    endloop
  endfacet
  facet normal 0.573593 0.819141 -0
    outer loop
      vertex -15.6828 16.6691 0
      vertex -15.7672 16.7282 8
      vertex -15.6828 16.6691 8
    endloop
  endfacet
  facet normal 0.573593 0.819141 0
    outer loop
      vertex -15.7672 16.7282 8
      vertex -15.6828 16.6691 0
      vertex -15.7672 16.7282 0
    endloop
  endfacet
  facet normal -0.996203 0.0870631 0
    outer loop
      vertex -13.7602 17.5656 0
      vertex -13.6926 18.3391 8
      vertex -13.6926 18.3391 0
    endloop
  endfacet
  facet normal -0.996203 0.0870631 0
    outer loop
      vertex -13.6926 18.3391 8
      vertex -13.7602 17.5656 0
      vertex -13.7602 17.5656 8
    endloop
  endfacet
  facet normal 0.422374 0.906422 -0
    outer loop
      vertex -18.3391 13.6926 0
      vertex -18.4361 13.7378 8
      vertex -18.3391 13.6926 8
    endloop
  endfacet
  facet normal 0.422374 0.906422 0
    outer loop
      vertex -18.4361 13.7378 8
      vertex -18.3391 13.6926 0
      vertex -18.4361 13.7378 0
    endloop
  endfacet
  facet normal -0.906279 0.422681 0
    outer loop
      vertex -16.9296 14.2056 0
      vertex -16.6014 14.9093 8
      vertex -16.6014 14.9093 0
    endloop
  endfacet
  facet normal -0.906279 0.422681 0
    outer loop
      vertex -16.6014 14.9093 8
      vertex -16.9296 14.2056 0
      vertex -16.9296 14.2056 8
    endloop
  endfacet
  facet normal -0.819141 -0.573593 0
    outer loop
      vertex -16.6691 15.6828 0
      vertex -16.7282 15.7672 8
      vertex -16.7282 15.7672 0
    endloop
  endfacet
  facet normal -0.819141 -0.573593 0
    outer loop
      vertex -16.7282 15.7672 8
      vertex -16.6691 15.6828 0
      vertex -16.6691 15.6828 8
    endloop
  endfacet
  facet normal -0.996192 -0.0871909 0
    outer loop
      vertex -16.6014 14.9093 0
      vertex -16.6691 15.6828 8
      vertex -16.6691 15.6828 0
    endloop
  endfacet
  facet normal -0.996192 -0.0871909 0
    outer loop
      vertex -16.6691 15.6828 8
      vertex -16.6014 14.9093 0
      vertex -16.6014 14.9093 8
    endloop
  endfacet
  facet normal -0.573635 0.819111 0
    outer loop
      vertex -16.9296 14.2056 0
      vertex -17.5656 13.7602 8
      vertex -16.9296 14.2056 8
    endloop
  endfacet
  facet normal -0.573635 0.819111 0
    outer loop
      vertex -17.5656 13.7602 8
      vertex -16.9296 14.2056 0
      vertex -17.5656 13.7602 0
    endloop
  endfacet
  facet normal -0.0870631 0.996203 0
    outer loop
      vertex -17.5656 13.7602 0
      vertex -18.3391 13.6926 8
      vertex -17.5656 13.7602 8
    endloop
  endfacet
  facet normal -0.0870631 0.996203 0
    outer loop
      vertex -18.3391 13.6926 8
      vertex -17.5656 13.7602 0
      vertex -18.3391 13.6926 0
    endloop
  endfacet
  facet normal -0.258865 0.965914 0
    outer loop
      vertex -19.6882 10.501 0
      vertex -20.4382 10.3 8
      vertex -19.6882 10.501 8
    endloop
  endfacet
  facet normal -0.258865 0.965914 0
    outer loop
      vertex -20.4382 10.3 8
      vertex -19.6882 10.501 0
      vertex -20.4382 10.3 0
    endloop
  endfacet
  facet normal 0.258509 0.966009 -0
    outer loop
      vertex -20.4382 10.3 0
      vertex -20.5447 10.3285 8
      vertex -20.4382 10.3 8
    endloop
  endfacet
  facet normal 0.258509 0.966009 0
    outer loop
      vertex -20.5447 10.3285 8
      vertex -20.4382 10.3 0
      vertex -20.5447 10.3285 0
    endloop
  endfacet
  facet normal -0.707107 0.707107 0
    outer loop
      vertex -19.6882 10.501 0
      vertex -19.1392 11.05 8
      vertex -19.1392 11.05 0
    endloop
  endfacet
  facet normal -0.707107 0.707107 0
    outer loop
      vertex -19.1392 11.05 8
      vertex -19.6882 10.501 0
      vertex -19.6882 10.501 8
    endloop
  endfacet
  facet normal -0.707107 -0.707107 0
    outer loop
      vertex -19.2172 12.628 0
      vertex -19.1392 12.55 8
      vertex -19.2172 12.628 8
    endloop
  endfacet
  facet normal -0.707107 -0.707107 -0
    outer loop
      vertex -19.1392 12.55 8
      vertex -19.2172 12.628 0
      vertex -19.1392 12.55 0
    endloop
  endfacet
  facet normal -0.965914 -0.258865 0
    outer loop
      vertex -18.9382 11.8 0
      vertex -19.1392 12.55 8
      vertex -19.1392 12.55 0
    endloop
  endfacet
  facet normal -0.965914 -0.258865 0
    outer loop
      vertex -19.1392 12.55 8
      vertex -18.9382 11.8 0
      vertex -18.9382 11.8 8
    endloop
  endfacet
  facet normal -0.965914 0.258865 0
    outer loop
      vertex -19.1392 11.05 0
      vertex -18.9382 11.8 8
      vertex -18.9382 11.8 0
    endloop
  endfacet
  facet normal -0.965914 0.258865 0
    outer loop
      vertex -18.9382 11.8 8
      vertex -19.1392 11.05 0
      vertex -19.1392 11.05 8
    endloop
  endfacet
  facet normal -0.422628 0.906303 0
    outer loop
      vertex -21.2126 6.92261 0
      vertex -21.9163 6.59446 8
      vertex -21.2126 6.92261 8
    endloop
  endfacet
  facet normal -0.422628 0.906303 0
    outer loop
      vertex -21.9163 6.59446 8
      vertex -21.2126 6.92261 0
      vertex -21.9163 6.59446 0
    endloop
  endfacet
  facet normal -0.996192 0.0871898 0
    outer loop
      vertex -20.7672 7.55864 0
      vertex -20.6995 8.33215 8
      vertex -20.6995 8.33215 0
    endloop
  endfacet
  facet normal -0.996192 0.0871898 0
    outer loop
      vertex -20.6995 8.33215 8
      vertex -20.7672 7.55864 0
      vertex -20.7672 7.55864 8
    endloop
  endfacet
  facet normal 0.0872874 0.996183 -0
    outer loop
      vertex -21.9163 6.59446 0
      vertex -22.0189 6.60345 8
      vertex -21.9163 6.59446 8
    endloop
  endfacet
  facet normal 0.0872874 0.996183 0
    outer loop
      vertex -22.0189 6.60345 8
      vertex -21.9163 6.59446 0
      vertex -22.0189 6.60345 0
    endloop
  endfacet
  facet normal -0.819124 0.573617 0
    outer loop
      vertex -21.2126 6.92261 0
      vertex -20.7672 7.55864 8
      vertex -20.7672 7.55864 0
    endloop
  endfacet
  facet normal -0.819124 0.573617 0
    outer loop
      vertex -20.7672 7.55864 8
      vertex -21.2126 6.92261 0
      vertex -21.2126 6.92261 8
    endloop
  endfacet
  facet normal -0.906281 -0.422676 0
    outer loop
      vertex -20.6995 8.33215 0
      vertex -21.0277 9.03586 8
      vertex -21.0277 9.03586 0
    endloop
  endfacet
  facet normal -0.906281 -0.422676 0
    outer loop
      vertex -21.0277 9.03586 8
      vertex -20.6995 8.33215 0
      vertex -20.6995 8.33215 8
    endloop
  endfacet
  facet normal -0.573776 -0.819012 0
    outer loop
      vertex -21.1153 9.09723 0
      vertex -21.0277 9.03586 8
      vertex -21.1153 9.09723 8
    endloop
  endfacet
  facet normal -0.573776 -0.819012 -0
    outer loop
      vertex -21.0277 9.03586 8
      vertex -21.1153 9.09723 0
      vertex -21.0277 9.03586 0
    endloop
  endfacet
  facet normal -0.0871901 0.996192 0
    outer loop
      vertex -22.7284 2.68856 0
      vertex -22.835 2.67923 8
      vertex -22.7284 2.68856 8
    endloop
  endfacet
  facet normal -0.0871901 0.996192 0
    outer loop
      vertex -22.835 2.67923 8
      vertex -22.7284 2.68856 0
      vertex -22.835 2.67923 0
    endloop
  endfacet
  facet normal -0.573592 0.819141 0
    outer loop
      vertex -22.0924 3.13391 0
      vertex -22.7284 2.68856 8
      vertex -22.0924 3.13391 8
    endloop
  endfacet
  facet normal -0.573592 0.819141 0
    outer loop
      vertex -22.7284 2.68856 8
      vertex -22.0924 3.13391 0
      vertex -22.7284 2.68856 0
    endloop
  endfacet
  facet normal -0.422593 -0.906319 0
    outer loop
      vertex -22.3707 5.29071 0
      vertex -22.2773 5.24716 8
      vertex -22.3707 5.29071 8
    endloop
  endfacet
  facet normal -0.422593 -0.906319 -0
    outer loop
      vertex -22.2773 5.24716 8
      vertex -22.3707 5.29071 0
      vertex -22.2773 5.24716 0
    endloop
  endfacet
  facet normal -0.90633 0.42257 0
    outer loop
      vertex -22.0924 3.13391 0
      vertex -21.7643 3.83762 8
      vertex -21.7643 3.83762 0
    endloop
  endfacet
  facet normal -0.90633 0.42257 0
    outer loop
      vertex -21.7643 3.83762 8
      vertex -22.0924 3.13391 0
      vertex -22.0924 3.13391 8
    endloop
  endfacet
  facet normal -0.819124 -0.573617 0
    outer loop
      vertex -21.8319 4.61113 0
      vertex -22.2773 5.24716 8
      vertex -22.2773 5.24716 0
    endloop
  endfacet
  facet normal -0.819124 -0.573617 0
    outer loop
      vertex -22.2773 5.24716 8
      vertex -21.8319 4.61113 0
      vertex -21.8319 4.61113 8
    endloop
  endfacet
  facet normal -0.996203 -0.087062 0
    outer loop
      vertex -21.7643 3.83762 0
      vertex -21.8319 4.61113 8
      vertex -21.8319 4.61113 0
    endloop
  endfacet
  facet normal -0.996203 -0.087062 0
    outer loop
      vertex -21.8319 4.61113 8
      vertex -21.7643 3.83762 0
      vertex -21.7643 3.83762 8
    endloop
  endfacet
  facet normal -0.707133 0.707081 0
    outer loop
      vertex -22.85 -1.29904 0
      vertex -22.301 -0.75 8
      vertex -22.301 -0.75 0
    endloop
  endfacet
  facet normal -0.707133 0.707081 0
    outer loop
      vertex -22.301 -0.75 8
      vertex -22.85 -1.29904 0
      vertex -22.85 -1.29904 8
    endloop
  endfacet
  facet normal -0.965914 -0.258865 0
    outer loop
      vertex -22.1 0 0
      vertex -22.301 0.75 8
      vertex -22.301 0.75 0
    endloop
  endfacet
  facet normal -0.965914 -0.258865 0
    outer loop
      vertex -22.301 0.75 8
      vertex -22.1 0 0
      vertex -22.1 0 8
    endloop
  endfacet
  facet normal -0.258933 0.965895 0
    outer loop
      vertex -22.85 -1.29904 0
      vertex -22.9565 -1.32759 8
      vertex -22.85 -1.29904 8
    endloop
  endfacet
  facet normal -0.258933 0.965895 0
    outer loop
      vertex -22.9565 -1.32759 8
      vertex -22.85 -1.29904 0
      vertex -22.9565 -1.32759 0
    endloop
  endfacet
  facet normal -0.965914 0.258865 0
    outer loop
      vertex -22.301 -0.75 0
      vertex -22.1 0 8
      vertex -22.1 0 0
    endloop
  endfacet
  facet normal -0.965914 0.258865 0
    outer loop
      vertex -22.1 0 8
      vertex -22.301 -0.75 0
      vertex -22.301 -0.75 8
    endloop
  endfacet
  facet normal -0.707133 -0.707081 0
    outer loop
      vertex -22.301 0.75 0
      vertex -22.85 1.29904 8
      vertex -22.85 1.29904 0
    endloop
  endfacet
  facet normal -0.707133 -0.707081 0
    outer loop
      vertex -22.85 1.29904 8
      vertex -22.301 0.75 0
      vertex -22.301 0.75 8
    endloop
  endfacet
  facet normal -0.258933 -0.965895 0
    outer loop
      vertex -22.9565 1.32759 0
      vertex -22.85 1.29904 8
      vertex -22.9565 1.32759 8
    endloop
  endfacet
  facet normal -0.258933 -0.965895 -0
    outer loop
      vertex -22.85 1.29904 8
      vertex -22.9565 1.32759 0
      vertex -22.85 1.29904 0
    endloop
  endfacet
  facet normal -0.90633 -0.42257 0
    outer loop
      vertex -21.7643 -3.83762 0
      vertex -22.0924 -3.13391 8
      vertex -22.0924 -3.13391 0
    endloop
  endfacet
  facet normal -0.90633 -0.42257 0
    outer loop
      vertex -22.0924 -3.13391 8
      vertex -21.7643 -3.83762 0
      vertex -21.7643 -3.83762 8
    endloop
  endfacet
  facet normal -0.996203 0.087062 0
    outer loop
      vertex -21.8319 -4.61113 0
      vertex -21.7643 -3.83762 8
      vertex -21.7643 -3.83762 0
    endloop
  endfacet
  facet normal -0.996203 0.087062 0
    outer loop
      vertex -21.7643 -3.83762 8
      vertex -21.8319 -4.61113 0
      vertex -21.8319 -4.61113 8
    endloop
  endfacet
  facet normal -0.819124 0.573617 0
    outer loop
      vertex -22.2773 -5.24716 0
      vertex -21.8319 -4.61113 8
      vertex -21.8319 -4.61113 0
    endloop
  endfacet
  facet normal -0.819124 0.573617 0
    outer loop
      vertex -21.8319 -4.61113 8
      vertex -22.2773 -5.24716 0
      vertex -22.2773 -5.24716 8
    endloop
  endfacet
  facet normal -0.422593 0.906319 0
    outer loop
      vertex -22.2773 -5.24716 0
      vertex -22.3707 -5.29071 8
      vertex -22.2773 -5.24716 8
    endloop
  endfacet
  facet normal -0.422593 0.906319 0
    outer loop
      vertex -22.3707 -5.29071 8
      vertex -22.2773 -5.24716 0
      vertex -22.3707 -5.29071 0
    endloop
  endfacet
  facet normal -0.573592 -0.819141 0
    outer loop
      vertex -22.7284 -2.68856 0
      vertex -22.0924 -3.13391 8
      vertex -22.7284 -2.68856 8
    endloop
  endfacet
  facet normal -0.573592 -0.819141 -0
    outer loop
      vertex -22.0924 -3.13391 8
      vertex -22.7284 -2.68856 0
      vertex -22.0924 -3.13391 0
    endloop
  endfacet
  facet normal -0.0871901 -0.996192 0
    outer loop
      vertex -22.835 -2.67923 0
      vertex -22.7284 -2.68856 8
      vertex -22.835 -2.67923 8
    endloop
  endfacet
  facet normal -0.0871901 -0.996192 -0
    outer loop
      vertex -22.7284 -2.68856 8
      vertex -22.835 -2.67923 0
      vertex -22.7284 -2.68856 0
    endloop
  endfacet
  facet normal -0.819124 -0.573617 0
    outer loop
      vertex -20.7672 -7.55864 0
      vertex -21.2126 -6.92261 8
      vertex -21.2126 -6.92261 0
    endloop
  endfacet
  facet normal -0.819124 -0.573617 0
    outer loop
      vertex -21.2126 -6.92261 8
      vertex -20.7672 -7.55864 0
      vertex -20.7672 -7.55864 8
    endloop
  endfacet
  facet normal -0.422628 -0.906303 0
    outer loop
      vertex -21.9163 -6.59446 0
      vertex -21.2126 -6.92261 8
      vertex -21.9163 -6.59446 8
    endloop
  endfacet
  facet normal -0.422628 -0.906303 -0
    outer loop
      vertex -21.2126 -6.92261 8
      vertex -21.9163 -6.59446 0
      vertex -21.2126 -6.92261 0
    endloop
  endfacet
  facet normal 0.0872874 -0.996183 0
    outer loop
      vertex -22.0189 -6.60345 0
      vertex -21.9163 -6.59446 8
      vertex -22.0189 -6.60345 8
    endloop
  endfacet
  facet normal 0.0872874 -0.996183 0
    outer loop
      vertex -21.9163 -6.59446 8
      vertex -22.0189 -6.60345 0
      vertex -21.9163 -6.59446 0
    endloop
  endfacet
  facet normal -0.996192 -0.0871898 0
    outer loop
      vertex -20.6995 -8.33215 0
      vertex -20.7672 -7.55864 8
      vertex -20.7672 -7.55864 0
    endloop
  endfacet
  facet normal -0.996192 -0.0871898 0
    outer loop
      vertex -20.7672 -7.55864 8
      vertex -20.6995 -8.33215 0
      vertex -20.6995 -8.33215 8
    endloop
  endfacet
  facet normal -0.906281 0.422676 0
    outer loop
      vertex -21.0277 -9.03586 0
      vertex -20.6995 -8.33215 8
      vertex -20.6995 -8.33215 0
    endloop
  endfacet
  facet normal -0.906281 0.422676 0
    outer loop
      vertex -20.6995 -8.33215 8
      vertex -21.0277 -9.03586 0
      vertex -21.0277 -9.03586 8
    endloop
  endfacet
  facet normal -0.573776 0.819012 0
    outer loop
      vertex -21.0277 -9.03586 0
      vertex -21.1153 -9.09723 8
      vertex -21.0277 -9.03586 8
    endloop
  endfacet
  facet normal -0.573776 0.819012 0
    outer loop
      vertex -21.1153 -9.09723 8
      vertex -21.0277 -9.03586 0
      vertex -21.1153 -9.09723 0
    endloop
  endfacet
  facet normal 0.258509 -0.966009 0
    outer loop
      vertex -20.5447 -10.3285 0
      vertex -20.4382 -10.3 8
      vertex -20.5447 -10.3285 8
    endloop
  endfacet
  facet normal 0.258509 -0.966009 0
    outer loop
      vertex -20.4382 -10.3 8
      vertex -20.5447 -10.3285 0
      vertex -20.4382 -10.3 0
    endloop
  endfacet
  facet normal -0.707107 0.707107 0
    outer loop
      vertex -19.1392 -12.55 0
      vertex -19.2172 -12.628 8
      vertex -19.1392 -12.55 8
    endloop
  endfacet
  facet normal -0.707107 0.707107 0
    outer loop
      vertex -19.2172 -12.628 8
      vertex -19.1392 -12.55 0
      vertex -19.2172 -12.628 0
    endloop
  endfacet
  facet normal -0.965914 0.258865 0
    outer loop
      vertex -19.1392 -12.55 0
      vertex -18.9382 -11.8 8
      vertex -18.9382 -11.8 0
    endloop
  endfacet
  facet normal -0.965914 0.258865 0
    outer loop
      vertex -18.9382 -11.8 8
      vertex -19.1392 -12.55 0
      vertex -19.1392 -12.55 8
    endloop
  endfacet
  facet normal -0.965914 -0.258865 0
    outer loop
      vertex -18.9382 -11.8 0
      vertex -19.1392 -11.05 8
      vertex -19.1392 -11.05 0
    endloop
  endfacet
  facet normal -0.965914 -0.258865 0
    outer loop
      vertex -19.1392 -11.05 8
      vertex -18.9382 -11.8 0
      vertex -18.9382 -11.8 8
    endloop
  endfacet
  facet normal -0.707107 -0.707107 0
    outer loop
      vertex -19.1392 -11.05 0
      vertex -19.6882 -10.501 8
      vertex -19.6882 -10.501 0
    endloop
  endfacet
  facet normal -0.707107 -0.707107 0
    outer loop
      vertex -19.6882 -10.501 8
      vertex -19.1392 -11.05 0
      vertex -19.1392 -11.05 8
    endloop
  endfacet
  facet normal -0.258865 -0.965914 0
    outer loop
      vertex -20.4382 -10.3 0
      vertex -19.6882 -10.501 8
      vertex -20.4382 -10.3 8
    endloop
  endfacet
  facet normal -0.258865 -0.965914 -0
    outer loop
      vertex -19.6882 -10.501 8
      vertex -20.4382 -10.3 0
      vertex -19.6882 -10.501 0
    endloop
  endfacet
  facet normal -0.573635 -0.819111 0
    outer loop
      vertex -17.5656 -13.7602 0
      vertex -16.9296 -14.2056 8
      vertex -17.5656 -13.7602 8
    endloop
  endfacet
  facet normal -0.573635 -0.819111 -0
    outer loop
      vertex -16.9296 -14.2056 8
      vertex -17.5656 -13.7602 0
      vertex -16.9296 -14.2056 0
    endloop
  endfacet
  facet normal 0.422374 -0.906422 0
    outer loop
      vertex -18.4361 -13.7378 0
      vertex -18.3391 -13.6926 8
      vertex -18.4361 -13.7378 8
    endloop
  endfacet
  facet normal 0.422374 -0.906422 0
    outer loop
      vertex -18.3391 -13.6926 8
      vertex -18.4361 -13.7378 0
      vertex -18.3391 -13.6926 0
    endloop
  endfacet
  facet normal -0.996192 0.0871909 0
    outer loop
      vertex -16.6691 -15.6828 0
      vertex -16.6014 -14.9093 8
      vertex -16.6014 -14.9093 0
    endloop
  endfacet
  facet normal -0.996192 0.0871909 0
    outer loop
      vertex -16.6014 -14.9093 8
      vertex -16.6691 -15.6828 0
      vertex -16.6691 -15.6828 8
    endloop
  endfacet
  facet normal -0.819141 0.573593 0
    outer loop
      vertex -16.7282 -15.7672 0
      vertex -16.6691 -15.6828 8
      vertex -16.6691 -15.6828 0
    endloop
  endfacet
  facet normal -0.819141 0.573593 0
    outer loop
      vertex -16.6691 -15.6828 8
      vertex -16.7282 -15.7672 0
      vertex -16.7282 -15.7672 8
    endloop
  endfacet
  facet normal -0.906279 -0.422681 0
    outer loop
      vertex -16.6014 -14.9093 0
      vertex -16.9296 -14.2056 8
      vertex -16.9296 -14.2056 0
    endloop
  endfacet
  facet normal -0.906279 -0.422681 0
    outer loop
      vertex -16.9296 -14.2056 8
      vertex -16.6014 -14.9093 0
      vertex -16.6014 -14.9093 8
    endloop
  endfacet
  facet normal -0.0870631 -0.996203 0
    outer loop
      vertex -18.3391 -13.6926 0
      vertex -17.5656 -13.7602 8
      vertex -18.3391 -13.6926 8
    endloop
  endfacet
  facet normal -0.0870631 -0.996203 -0
    outer loop
      vertex -17.5656 -13.7602 8
      vertex -18.3391 -13.6926 0
      vertex -17.5656 -13.7602 0
    endloop
  endfacet
  facet normal -0.906422 0.422374 0
    outer loop
      vertex -13.7378 -18.4361 0
      vertex -13.6926 -18.3391 8
      vertex -13.6926 -18.3391 0
    endloop
  endfacet
  facet normal -0.906422 0.422374 0
    outer loop
      vertex -13.6926 -18.3391 8
      vertex -13.7378 -18.4361 0
      vertex -13.7378 -18.4361 8
    endloop
  endfacet
  facet normal -0.422681 -0.906279 0
    outer loop
      vertex -14.9093 -16.6014 0
      vertex -14.2056 -16.9296 8
      vertex -14.9093 -16.6014 8
    endloop
  endfacet
  facet normal -0.422681 -0.906279 -0
    outer loop
      vertex -14.2056 -16.9296 8
      vertex -14.9093 -16.6014 0
      vertex -14.2056 -16.9296 0
    endloop
  endfacet
  facet normal 0.573593 -0.819141 0
    outer loop
      vertex -15.7672 -16.7282 0
      vertex -15.6828 -16.6691 8
      vertex -15.7672 -16.7282 8
    endloop
  endfacet
  facet normal 0.573593 -0.819141 0
    outer loop
      vertex -15.6828 -16.6691 8
      vertex -15.7672 -16.7282 0
      vertex -15.6828 -16.6691 0
    endloop
  endfacet
  facet normal 0.0871909 -0.996192 0
    outer loop
      vertex -15.6828 -16.6691 0
      vertex -14.9093 -16.6014 8
      vertex -15.6828 -16.6691 8
    endloop
  endfacet
  facet normal 0.0871909 -0.996192 0
    outer loop
      vertex -14.9093 -16.6014 8
      vertex -15.6828 -16.6691 0
      vertex -14.9093 -16.6014 0
    endloop
  endfacet
  facet normal -0.996203 -0.0870631 0
    outer loop
      vertex -13.6926 -18.3391 0
      vertex -13.7602 -17.5656 8
      vertex -13.7602 -17.5656 0
    endloop
  endfacet
  facet normal -0.996203 -0.0870631 0
    outer loop
      vertex -13.7602 -17.5656 8
      vertex -13.6926 -18.3391 0
      vertex -13.6926 -18.3391 8
    endloop
  endfacet
  facet normal -0.819111 -0.573635 0
    outer loop
      vertex -13.7602 -17.5656 0
      vertex -14.2056 -16.9296 8
      vertex -14.2056 -16.9296 0
    endloop
  endfacet
  facet normal -0.819111 -0.573635 0
    outer loop
      vertex -14.2056 -16.9296 8
      vertex -13.7602 -17.5656 0
      vertex -13.7602 -17.5656 8
    endloop
  endfacet
  facet normal -0.965914 -0.258865 0
    outer loop
      vertex -10.3 -20.4382 0
      vertex -10.501 -19.6882 8
      vertex -10.501 -19.6882 0
    endloop
  endfacet
  facet normal -0.965914 -0.258865 0
    outer loop
      vertex -10.501 -19.6882 8
      vertex -10.3 -20.4382 0
      vertex -10.3 -20.4382 8
    endloop
  endfacet
  facet normal -0.966009 0.258509 0
    outer loop
      vertex -10.3285 -20.5447 0
      vertex -10.3 -20.4382 8
      vertex -10.3 -20.4382 0
    endloop
  endfacet
  facet normal -0.966009 0.258509 0
    outer loop
      vertex -10.3 -20.4382 8
      vertex -10.3285 -20.5447 0
      vertex -10.3285 -20.5447 8
    endloop
  endfacet
  facet normal 0.707107 -0.707107 0
    outer loop
      vertex -12.628 -19.2172 8
      vertex -12.55 -19.1392 0
      vertex -12.55 -19.1392 8
    endloop
  endfacet
  facet normal 0.707107 -0.707107 0
    outer loop
      vertex -12.55 -19.1392 0
      vertex -12.628 -19.2172 8
      vertex -12.628 -19.2172 0
    endloop
  endfacet
  facet normal -0.707107 -0.707107 0
    outer loop
      vertex -10.501 -19.6882 0
      vertex -11.05 -19.1392 8
      vertex -11.05 -19.1392 0
    endloop
  endfacet
  facet normal -0.707107 -0.707107 0
    outer loop
      vertex -11.05 -19.1392 8
      vertex -10.501 -19.6882 0
      vertex -10.501 -19.6882 8
    endloop
  endfacet
  facet normal 0.258865 -0.965914 0
    outer loop
      vertex -12.55 -19.1392 0
      vertex -11.8 -18.9382 8
      vertex -12.55 -19.1392 8
    endloop
  endfacet
  facet normal 0.258865 -0.965914 0
    outer loop
      vertex -11.8 -18.9382 8
      vertex -12.55 -19.1392 0
      vertex -11.8 -18.9382 0
    endloop
  endfacet
  facet normal -0.258865 -0.965914 0
    outer loop
      vertex -11.8 -18.9382 0
      vertex -11.05 -19.1392 8
      vertex -11.8 -18.9382 8
    endloop
  endfacet
  facet normal -0.258865 -0.965914 -0
    outer loop
      vertex -11.05 -19.1392 8
      vertex -11.8 -18.9382 0
      vertex -11.05 -19.1392 0
    endloop
  endfacet
  facet normal -0.0871898 -0.996192 0
    outer loop
      vertex -8.33215 -20.6995 0
      vertex -7.55864 -20.7672 8
      vertex -8.33215 -20.6995 8
    endloop
  endfacet
  facet normal -0.0871898 -0.996192 -0
    outer loop
      vertex -7.55864 -20.7672 8
      vertex -8.33215 -20.6995 0
      vertex -7.55864 -20.7672 0
    endloop
  endfacet
  facet normal -0.906303 -0.422628 0
    outer loop
      vertex -6.59446 -21.9163 0
      vertex -6.92261 -21.2126 8
      vertex -6.92261 -21.2126 0
    endloop
  endfacet
  facet normal -0.906303 -0.422628 0
    outer loop
      vertex -6.92261 -21.2126 8
      vertex -6.59446 -21.9163 0
      vertex -6.59446 -21.9163 8
    endloop
  endfacet
  facet normal -0.996183 0.0872874 0
    outer loop
      vertex -6.60345 -22.0189 0
      vertex -6.59446 -21.9163 8
      vertex -6.59446 -21.9163 0
    endloop
  endfacet
  facet normal -0.996183 0.0872874 0
    outer loop
      vertex -6.59446 -21.9163 8
      vertex -6.60345 -22.0189 0
      vertex -6.60345 -22.0189 8
    endloop
  endfacet
  facet normal -0.573617 -0.819124 0
    outer loop
      vertex -7.55864 -20.7672 0
      vertex -6.92261 -21.2126 8
      vertex -7.55864 -20.7672 8
    endloop
  endfacet
  facet normal -0.573617 -0.819124 -0
    outer loop
      vertex -6.92261 -21.2126 8
      vertex -7.55864 -20.7672 0
      vertex -6.92261 -21.2126 0
    endloop
  endfacet
  facet normal 0.422676 -0.906281 0
    outer loop
      vertex -9.03586 -21.0277 0
      vertex -8.33215 -20.6995 8
      vertex -9.03586 -21.0277 8
    endloop
  endfacet
  facet normal 0.422676 -0.906281 0
    outer loop
      vertex -8.33215 -20.6995 8
      vertex -9.03586 -21.0277 0
      vertex -8.33215 -20.6995 0
    endloop
  endfacet
  facet normal 0.819012 -0.573776 0
    outer loop
      vertex -9.09723 -21.1153 8
      vertex -9.03586 -21.0277 0
      vertex -9.03586 -21.0277 8
    endloop
  endfacet
  facet normal 0.819012 -0.573776 0
    outer loop
      vertex -9.03586 -21.0277 0
      vertex -9.09723 -21.1153 8
      vertex -9.09723 -21.1153 0
    endloop
  endfacet
  facet normal -0.996192 -0.0871901 0
    outer loop
      vertex -2.67923 -22.835 0
      vertex -2.68856 -22.7284 8
      vertex -2.68856 -22.7284 0
    endloop
  endfacet
  facet normal -0.996192 -0.0871901 0
    outer loop
      vertex -2.68856 -22.7284 8
      vertex -2.67923 -22.835 0
      vertex -2.67923 -22.835 8
    endloop
  endfacet
  facet normal -0.819141 -0.573592 0
    outer loop
      vertex -2.68856 -22.7284 0
      vertex -3.13391 -22.0924 8
      vertex -3.13391 -22.0924 0
    endloop
  endfacet
  facet normal -0.819141 -0.573592 0
    outer loop
      vertex -3.13391 -22.0924 8
      vertex -2.68856 -22.7284 0
      vertex -2.68856 -22.7284 8
    endloop
  endfacet
  facet normal 0.906319 -0.422593 0
    outer loop
      vertex -5.29071 -22.3707 8
      vertex -5.24716 -22.2773 0
      vertex -5.24716 -22.2773 8
    endloop
  endfacet
  facet normal 0.906319 -0.422593 0
    outer loop
      vertex -5.24716 -22.2773 0
      vertex -5.29071 -22.3707 8
      vertex -5.29071 -22.3707 0
    endloop
  endfacet
  facet normal -0.42257 -0.90633 0
    outer loop
      vertex -3.83762 -21.7643 0
      vertex -3.13391 -22.0924 8
      vertex -3.83762 -21.7643 8
    endloop
  endfacet
  facet normal -0.42257 -0.90633 -0
    outer loop
      vertex -3.13391 -22.0924 8
      vertex -3.83762 -21.7643 0
      vertex -3.13391 -22.0924 0
    endloop
  endfacet
  facet normal 0.573617 -0.819124 0
    outer loop
      vertex -5.24716 -22.2773 0
      vertex -4.61113 -21.8319 8
      vertex -5.24716 -22.2773 8
    endloop
  endfacet
  facet normal 0.573617 -0.819124 0
    outer loop
      vertex -4.61113 -21.8319 8
      vertex -5.24716 -22.2773 0
      vertex -4.61113 -21.8319 0
    endloop
  endfacet
  facet normal 0.087062 -0.996203 0
    outer loop
      vertex -4.61113 -21.8319 0
      vertex -3.83762 -21.7643 8
      vertex -4.61113 -21.8319 8
    endloop
  endfacet
  facet normal 0.087062 -0.996203 0
    outer loop
      vertex -3.83762 -21.7643 8
      vertex -4.61113 -21.8319 0
      vertex -3.83762 -21.7643 0
    endloop
  endfacet
  facet normal 0.258865 -0.965914 0
    outer loop
      vertex -0.75 -22.301 0
      vertex 0 -22.1 8
      vertex -0.75 -22.301 8
    endloop
  endfacet
  facet normal 0.258865 -0.965914 0
    outer loop
      vertex 0 -22.1 8
      vertex -0.75 -22.301 0
      vertex 0 -22.1 0
    endloop
  endfacet
  facet normal -0.707081 -0.707133 0
    outer loop
      vertex 1.29904 -22.85 0
      vertex 0.75 -22.301 8
      vertex 0.75 -22.301 0
    endloop
  endfacet
  facet normal -0.707081 -0.707133 0
    outer loop
      vertex 0.75 -22.301 8
      vertex 1.29904 -22.85 0
      vertex 1.29904 -22.85 8
    endloop
  endfacet
  facet normal -0.965895 -0.258933 0
    outer loop
      vertex 1.32759 -22.9565 0
      vertex 1.29904 -22.85 8
      vertex 1.29904 -22.85 0
    endloop
  endfacet
  facet normal -0.965895 -0.258933 0
    outer loop
      vertex 1.29904 -22.85 8
      vertex 1.32759 -22.9565 0
      vertex 1.32759 -22.9565 8
    endloop
  endfacet
  facet normal -0.258865 -0.965914 0
    outer loop
      vertex 0 -22.1 0
      vertex 0.75 -22.301 8
      vertex 0 -22.1 8
    endloop
  endfacet
  facet normal -0.258865 -0.965914 -0
    outer loop
      vertex 0.75 -22.301 8
      vertex 0 -22.1 0
      vertex 0.75 -22.301 0
    endloop
  endfacet
  facet normal 0.707081 -0.707133 0
    outer loop
      vertex -1.29904 -22.85 8
      vertex -0.75 -22.301 0
      vertex -0.75 -22.301 8
    endloop
  endfacet
  facet normal 0.707081 -0.707133 0
    outer loop
      vertex -0.75 -22.301 0
      vertex -1.29904 -22.85 8
      vertex -1.29904 -22.85 0
    endloop
  endfacet
  facet normal 0.965895 -0.258933 0
    outer loop
      vertex -1.32759 -22.9565 8
      vertex -1.29904 -22.85 0
      vertex -1.29904 -22.85 8
    endloop
  endfacet
  facet normal 0.965895 -0.258933 0
    outer loop
      vertex -1.29904 -22.85 0
      vertex -1.32759 -22.9565 8
      vertex -1.32759 -22.9565 0
    endloop
  endfacet
  facet normal 0.42257 -0.90633 0
    outer loop
      vertex 3.13391 -22.0924 0
      vertex 3.83762 -21.7643 8
      vertex 3.13391 -22.0924 8
    endloop
  endfacet
  facet normal 0.42257 -0.90633 0
    outer loop
      vertex 3.83762 -21.7643 8
      vertex 3.13391 -22.0924 0
      vertex 3.83762 -21.7643 0
    endloop
  endfacet
  facet normal -0.087062 -0.996203 0
    outer loop
      vertex 3.83762 -21.7643 0
      vertex 4.61113 -21.8319 8
      vertex 3.83762 -21.7643 8
    endloop
  endfacet
  facet normal -0.087062 -0.996203 -0
    outer loop
      vertex 4.61113 -21.8319 8
      vertex 3.83762 -21.7643 0
      vertex 4.61113 -21.8319 0
    endloop
  endfacet
  facet normal -0.906319 -0.422593 0
    outer loop
      vertex 5.29071 -22.3707 0
      vertex 5.24716 -22.2773 8
      vertex 5.24716 -22.2773 0
    endloop
  endfacet
  facet normal -0.906319 -0.422593 0
    outer loop
      vertex 5.24716 -22.2773 8
      vertex 5.29071 -22.3707 0
      vertex 5.29071 -22.3707 8
    endloop
  endfacet
  facet normal -0.573617 -0.819124 0
    outer loop
      vertex 4.61113 -21.8319 0
      vertex 5.24716 -22.2773 8
      vertex 4.61113 -21.8319 8
    endloop
  endfacet
  facet normal -0.573617 -0.819124 -0
    outer loop
      vertex 5.24716 -22.2773 8
      vertex 4.61113 -21.8319 0
      vertex 5.24716 -22.2773 0
    endloop
  endfacet
  facet normal 0.819141 -0.573592 0
    outer loop
      vertex 2.68856 -22.7284 8
      vertex 3.13391 -22.0924 0
      vertex 3.13391 -22.0924 8
    endloop
  endfacet
  facet normal 0.819141 -0.573592 0
    outer loop
      vertex 3.13391 -22.0924 0
      vertex 2.68856 -22.7284 8
      vertex 2.68856 -22.7284 0
    endloop
  endfacet
  facet normal 0.996192 -0.0871901 0
    outer loop
      vertex 2.67923 -22.835 8
      vertex 2.68856 -22.7284 0
      vertex 2.68856 -22.7284 8
    endloop
  endfacet
  facet normal 0.996192 -0.0871901 0
    outer loop
      vertex 2.68856 -22.7284 0
      vertex 2.67923 -22.835 8
      vertex 2.67923 -22.835 0
    endloop
  endfacet
  facet normal 0.573617 -0.819124 0
    outer loop
      vertex 6.92261 -21.2126 0
      vertex 7.55864 -20.7672 8
      vertex 6.92261 -21.2126 8
    endloop
  endfacet
  facet normal 0.573617 -0.819124 0
    outer loop
      vertex 7.55864 -20.7672 8
      vertex 6.92261 -21.2126 0
      vertex 7.55864 -20.7672 0
    endloop
  endfacet
  facet normal 0.906303 -0.422628 0
    outer loop
      vertex 6.59446 -21.9163 8
      vertex 6.92261 -21.2126 0
      vertex 6.92261 -21.2126 8
    endloop
  endfacet
  facet normal 0.906303 -0.422628 0
    outer loop
      vertex 6.92261 -21.2126 0
      vertex 6.59446 -21.9163 8
      vertex 6.59446 -21.9163 0
    endloop
  endfacet
  facet normal 0.0871898 -0.996192 0
    outer loop
      vertex 7.55864 -20.7672 0
      vertex 8.33215 -20.6995 8
      vertex 7.55864 -20.7672 8
    endloop
  endfacet
  facet normal 0.0871898 -0.996192 0
    outer loop
      vertex 8.33215 -20.6995 8
      vertex 7.55864 -20.7672 0
      vertex 8.33215 -20.6995 0
    endloop
  endfacet
  facet normal -0.422676 -0.906281 0
    outer loop
      vertex 8.33215 -20.6995 0
      vertex 9.03586 -21.0277 8
      vertex 8.33215 -20.6995 8
    endloop
  endfacet
  facet normal -0.422676 -0.906281 -0
    outer loop
      vertex 9.03586 -21.0277 8
      vertex 8.33215 -20.6995 0
      vertex 9.03586 -21.0277 0
    endloop
  endfacet
  facet normal -0.819012 -0.573776 0
    outer loop
      vertex 9.09723 -21.1153 0
      vertex 9.03586 -21.0277 8
      vertex 9.03586 -21.0277 0
    endloop
  endfacet
  facet normal -0.819012 -0.573776 0
    outer loop
      vertex 9.03586 -21.0277 8
      vertex 9.09723 -21.1153 0
      vertex 9.09723 -21.1153 8
    endloop
  endfacet
  facet normal 0.996183 0.0872874 0
    outer loop
      vertex 6.60345 -22.0189 8
      vertex 6.59446 -21.9163 0
      vertex 6.59446 -21.9163 8
    endloop
  endfacet
  facet normal 0.996183 0.0872874 0
    outer loop
      vertex 6.59446 -21.9163 0
      vertex 6.60345 -22.0189 8
      vertex 6.60345 -22.0189 0
    endloop
  endfacet
  facet normal 0.966009 0.258509 0
    outer loop
      vertex 10.3285 -20.5447 8
      vertex 10.3 -20.4382 0
      vertex 10.3 -20.4382 8
    endloop
  endfacet
  facet normal 0.966009 0.258509 0
    outer loop
      vertex 10.3 -20.4382 0
      vertex 10.3285 -20.5447 8
      vertex 10.3285 -20.5447 0
    endloop
  endfacet
  facet normal -0.707107 -0.707107 0
    outer loop
      vertex 12.628 -19.2172 0
      vertex 12.55 -19.1392 8
      vertex 12.55 -19.1392 0
    endloop
  endfacet
  facet normal -0.707107 -0.707107 0
    outer loop
      vertex 12.55 -19.1392 8
      vertex 12.628 -19.2172 0
      vertex 12.628 -19.2172 8
    endloop
  endfacet
  facet normal 0.258865 -0.965914 0
    outer loop
      vertex 11.05 -19.1392 0
      vertex 11.8 -18.9382 8
      vertex 11.05 -19.1392 8
    endloop
  endfacet
  facet normal 0.258865 -0.965914 0
    outer loop
      vertex 11.8 -18.9382 8
      vertex 11.05 -19.1392 0
      vertex 11.8 -18.9382 0
    endloop
  endfacet
  facet normal 0.707107 -0.707107 0
    outer loop
      vertex 10.501 -19.6882 8
      vertex 11.05 -19.1392 0
      vertex 11.05 -19.1392 8
    endloop
  endfacet
  facet normal 0.707107 -0.707107 0
    outer loop
      vertex 11.05 -19.1392 0
      vertex 10.501 -19.6882 8
      vertex 10.501 -19.6882 0
    endloop
  endfacet
  facet normal -0.258865 -0.965914 0
    outer loop
      vertex 11.8 -18.9382 0
      vertex 12.55 -19.1392 8
      vertex 11.8 -18.9382 8
    endloop
  endfacet
  facet normal -0.258865 -0.965914 -0
    outer loop
      vertex 12.55 -19.1392 8
      vertex 11.8 -18.9382 0
      vertex 12.55 -19.1392 0
    endloop
  endfacet
  facet normal 0.965914 -0.258865 0
    outer loop
      vertex 10.3 -20.4382 8
      vertex 10.501 -19.6882 0
      vertex 10.501 -19.6882 8
    endloop
  endfacet
  facet normal 0.965914 -0.258865 0
    outer loop
      vertex 10.501 -19.6882 0
      vertex 10.3 -20.4382 8
      vertex 10.3 -20.4382 0
    endloop
  endfacet
  facet normal 0.819111 -0.573635 0
    outer loop
      vertex 13.7602 -17.5656 8
      vertex 14.2056 -16.9296 0
      vertex 14.2056 -16.9296 8
    endloop
  endfacet
  facet normal 0.819111 -0.573635 0
    outer loop
      vertex 14.2056 -16.9296 0
      vertex 13.7602 -17.5656 8
      vertex 13.7602 -17.5656 0
    endloop
  endfacet
  facet normal 0.906422 0.422374 0
    outer loop
      vertex 13.7378 -18.4361 8
      vertex 13.6926 -18.3391 0
      vertex 13.6926 -18.3391 8
    endloop
  endfacet
  facet normal 0.906422 0.422374 0
    outer loop
      vertex 13.6926 -18.3391 0
      vertex 13.7378 -18.4361 8
      vertex 13.7378 -18.4361 0
    endloop
  endfacet
  facet normal -0.0871909 -0.996192 0
    outer loop
      vertex 14.9093 -16.6014 0
      vertex 15.6828 -16.6691 8
      vertex 14.9093 -16.6014 8
    endloop
  endfacet
  facet normal -0.0871909 -0.996192 -0
    outer loop
      vertex 15.6828 -16.6691 8
      vertex 14.9093 -16.6014 0
      vertex 15.6828 -16.6691 0
    endloop
  endfacet
  facet normal -0.573593 -0.819141 0
    outer loop
      vertex 15.6828 -16.6691 0
      vertex 15.7672 -16.7282 8
      vertex 15.6828 -16.6691 8
    endloop
  endfacet
  facet normal -0.573593 -0.819141 -0
    outer loop
      vertex 15.7672 -16.7282 8
      vertex 15.6828 -16.6691 0
      vertex 15.7672 -16.7282 0
    endloop
  endfacet
  facet normal 0.422681 -0.906279 0
    outer loop
      vertex 14.2056 -16.9296 0
      vertex 14.9093 -16.6014 8
      vertex 14.2056 -16.9296 8
    endloop
  endfacet
  facet normal 0.422681 -0.906279 0
    outer loop
      vertex 14.9093 -16.6014 8
      vertex 14.2056 -16.9296 0
      vertex 14.9093 -16.6014 0
    endloop
  endfacet
  facet normal 0.996203 -0.0870631 0
    outer loop
      vertex 13.6926 -18.3391 8
      vertex 13.7602 -17.5656 0
      vertex 13.7602 -17.5656 8
    endloop
  endfacet
  facet normal 0.996203 -0.0870631 0
    outer loop
      vertex 13.7602 -17.5656 0
      vertex 13.6926 -18.3391 8
      vertex 13.6926 -18.3391 0
    endloop
  endfacet
  facet normal -0.422374 -0.906422 0
    outer loop
      vertex 18.3391 -13.6926 0
      vertex 18.4361 -13.7378 8
      vertex 18.3391 -13.6926 8
    endloop
  endfacet
  facet normal -0.422374 -0.906422 -0
    outer loop
      vertex 18.4361 -13.7378 8
      vertex 18.3391 -13.6926 0
      vertex 18.4361 -13.7378 0
    endloop
  endfacet
  facet normal 0.906279 -0.422681 0
    outer loop
      vertex 16.6014 -14.9093 8
      vertex 16.9296 -14.2056 0
      vertex 16.9296 -14.2056 8
    endloop
  endfacet
  facet normal 0.906279 -0.422681 0
    outer loop
      vertex 16.9296 -14.2056 0
      vertex 16.6014 -14.9093 8
      vertex 16.6014 -14.9093 0
    endloop
  endfacet
  facet normal 0.819141 0.573593 0
    outer loop
      vertex 16.7282 -15.7672 8
      vertex 16.6691 -15.6828 0
      vertex 16.6691 -15.6828 8
    endloop
  endfacet
  facet normal 0.819141 0.573593 0
    outer loop
      vertex 16.6691 -15.6828 0
      vertex 16.7282 -15.7672 8
      vertex 16.7282 -15.7672 0
    endloop
  endfacet
  facet normal 0.996192 0.0871909 0
    outer loop
      vertex 16.6691 -15.6828 8
      vertex 16.6014 -14.9093 0
      vertex 16.6014 -14.9093 8
    endloop
  endfacet
  facet normal 0.996192 0.0871909 0
    outer loop
      vertex 16.6014 -14.9093 0
      vertex 16.6691 -15.6828 8
      vertex 16.6691 -15.6828 0
    endloop
  endfacet
  facet normal 0.0870631 -0.996203 0
    outer loop
      vertex 17.5656 -13.7602 0
      vertex 18.3391 -13.6926 8
      vertex 17.5656 -13.7602 8
    endloop
  endfacet
  facet normal 0.0870631 -0.996203 0
    outer loop
      vertex 18.3391 -13.6926 8
      vertex 17.5656 -13.7602 0
      vertex 18.3391 -13.6926 0
    endloop
  endfacet
  facet normal 0.573635 -0.819111 0
    outer loop
      vertex 16.9296 -14.2056 0
      vertex 17.5656 -13.7602 8
      vertex 16.9296 -14.2056 8
    endloop
  endfacet
  facet normal 0.573635 -0.819111 0
    outer loop
      vertex 17.5656 -13.7602 8
      vertex 16.9296 -14.2056 0
      vertex 17.5656 -13.7602 0
    endloop
  endfacet
  facet normal 0.258865 -0.965914 0
    outer loop
      vertex 19.6882 -10.501 0
      vertex 20.4382 -10.3 8
      vertex 19.6882 -10.501 8
    endloop
  endfacet
  facet normal 0.258865 -0.965914 0
    outer loop
      vertex 20.4382 -10.3 8
      vertex 19.6882 -10.501 0
      vertex 20.4382 -10.3 0
    endloop
  endfacet
  facet normal 0.707107 0.707107 -0
    outer loop
      vertex 19.2172 -12.628 0
      vertex 19.1392 -12.55 8
      vertex 19.2172 -12.628 8
    endloop
  endfacet
  facet normal 0.707107 0.707107 0
    outer loop
      vertex 19.1392 -12.55 8
      vertex 19.2172 -12.628 0
      vertex 19.1392 -12.55 0
    endloop
  endfacet
  facet normal 0.707107 -0.707107 0
    outer loop
      vertex 19.1392 -11.05 8
      vertex 19.6882 -10.501 0
      vertex 19.6882 -10.501 8
    endloop
  endfacet
  facet normal 0.707107 -0.707107 0
    outer loop
      vertex 19.6882 -10.501 0
      vertex 19.1392 -11.05 8
      vertex 19.1392 -11.05 0
    endloop
  endfacet
  facet normal -0.258509 -0.966009 0
    outer loop
      vertex 20.4382 -10.3 0
      vertex 20.5447 -10.3285 8
      vertex 20.4382 -10.3 8
    endloop
  endfacet
  facet normal -0.258509 -0.966009 -0
    outer loop
      vertex 20.5447 -10.3285 8
      vertex 20.4382 -10.3 0
      vertex 20.5447 -10.3285 0
    endloop
  endfacet
  facet normal 0.965914 0.258865 0
    outer loop
      vertex 19.1392 -12.55 8
      vertex 18.9382 -11.8 0
      vertex 18.9382 -11.8 8
    endloop
  endfacet
  facet normal 0.965914 0.258865 0
    outer loop
      vertex 18.9382 -11.8 0
      vertex 19.1392 -12.55 8
      vertex 19.1392 -12.55 0
    endloop
  endfacet
  facet normal 0.965914 -0.258865 0
    outer loop
      vertex 18.9382 -11.8 8
      vertex 19.1392 -11.05 0
      vertex 19.1392 -11.05 8
    endloop
  endfacet
  facet normal 0.965914 -0.258865 0
    outer loop
      vertex 19.1392 -11.05 0
      vertex 18.9382 -11.8 8
      vertex 18.9382 -11.8 0
    endloop
  endfacet
  facet normal 0.996192 -0.0871898 0
    outer loop
      vertex 20.6995 -8.33215 8
      vertex 20.7672 -7.55864 0
      vertex 20.7672 -7.55864 8
    endloop
  endfacet
  facet normal 0.996192 -0.0871898 0
    outer loop
      vertex 20.7672 -7.55864 0
      vertex 20.6995 -8.33215 8
      vertex 20.6995 -8.33215 0
    endloop
  endfacet
  facet normal 0.422628 -0.906303 0
    outer loop
      vertex 21.2126 -6.92261 0
      vertex 21.9163 -6.59446 8
      vertex 21.2126 -6.92261 8
    endloop
  endfacet
  facet normal 0.422628 -0.906303 0
    outer loop
      vertex 21.9163 -6.59446 8
      vertex 21.2126 -6.92261 0
      vertex 21.9163 -6.59446 0
    endloop
  endfacet
  facet normal -0.0872874 -0.996183 0
    outer loop
      vertex 21.9163 -6.59446 0
      vertex 22.0189 -6.60345 8
      vertex 21.9163 -6.59446 8
    endloop
  endfacet
  facet normal -0.0872874 -0.996183 -0
    outer loop
      vertex 22.0189 -6.60345 8
      vertex 21.9163 -6.59446 0
      vertex 22.0189 -6.60345 0
    endloop
  endfacet
  facet normal 0.819124 -0.573617 0
    outer loop
      vertex 20.7672 -7.55864 8
      vertex 21.2126 -6.92261 0
      vertex 21.2126 -6.92261 8
    endloop
  endfacet
  facet normal 0.819124 -0.573617 0
    outer loop
      vertex 21.2126 -6.92261 0
      vertex 20.7672 -7.55864 8
      vertex 20.7672 -7.55864 0
    endloop
  endfacet
  facet normal 0.906281 0.422676 0
    outer loop
      vertex 21.0277 -9.03586 8
      vertex 20.6995 -8.33215 0
      vertex 20.6995 -8.33215 8
    endloop
  endfacet
  facet normal 0.906281 0.422676 0
    outer loop
      vertex 20.6995 -8.33215 0
      vertex 21.0277 -9.03586 8
      vertex 21.0277 -9.03586 0
    endloop
  endfacet
  facet normal 0.573776 0.819012 -0
    outer loop
      vertex 21.1153 -9.09723 0
      vertex 21.0277 -9.03586 8
      vertex 21.1153 -9.09723 8
    endloop
  endfacet
  facet normal 0.573776 0.819012 0
    outer loop
      vertex 21.0277 -9.03586 8
      vertex 21.1153 -9.09723 0
      vertex 21.0277 -9.03586 0
    endloop
  endfacet
  facet normal 0.0871901 -0.996192 0
    outer loop
      vertex 22.7284 -2.68856 0
      vertex 22.835 -2.67923 8
      vertex 22.7284 -2.68856 8
    endloop
  endfacet
  facet normal 0.0871901 -0.996192 0
    outer loop
      vertex 22.835 -2.67923 8
      vertex 22.7284 -2.68856 0
      vertex 22.835 -2.67923 0
    endloop
  endfacet
  facet normal 0.573592 -0.819141 0
    outer loop
      vertex 22.0924 -3.13391 0
      vertex 22.7284 -2.68856 8
      vertex 22.0924 -3.13391 8
    endloop
  endfacet
  facet normal 0.573592 -0.819141 0
    outer loop
      vertex 22.7284 -2.68856 8
      vertex 22.0924 -3.13391 0
      vertex 22.7284 -2.68856 0
    endloop
  endfacet
  facet normal 0.819124 0.573617 0
    outer loop
      vertex 22.2773 -5.24716 8
      vertex 21.8319 -4.61113 0
      vertex 21.8319 -4.61113 8
    endloop
  endfacet
  facet normal 0.819124 0.573617 0
    outer loop
      vertex 21.8319 -4.61113 0
      vertex 22.2773 -5.24716 8
      vertex 22.2773 -5.24716 0
    endloop
  endfacet
  facet normal 0.422593 0.906319 -0
    outer loop
      vertex 22.3707 -5.29071 0
      vertex 22.2773 -5.24716 8
      vertex 22.3707 -5.29071 8
    endloop
  endfacet
  facet normal 0.422593 0.906319 0
    outer loop
      vertex 22.2773 -5.24716 8
      vertex 22.3707 -5.29071 0
      vertex 22.2773 -5.24716 0
    endloop
  endfacet
  facet normal 0.90633 -0.42257 0
    outer loop
      vertex 21.7643 -3.83762 8
      vertex 22.0924 -3.13391 0
      vertex 22.0924 -3.13391 8
    endloop
  endfacet
  facet normal 0.90633 -0.42257 0
    outer loop
      vertex 22.0924 -3.13391 0
      vertex 21.7643 -3.83762 8
      vertex 21.7643 -3.83762 0
    endloop
  endfacet
  facet normal 0.996203 0.087062 0
    outer loop
      vertex 21.8319 -4.61113 8
      vertex 21.7643 -3.83762 0
      vertex 21.7643 -3.83762 8
    endloop
  endfacet
  facet normal 0.996203 0.087062 0
    outer loop
      vertex 21.7643 -3.83762 0
      vertex 21.8319 -4.61113 8
      vertex 21.8319 -4.61113 0
    endloop
  endfacet
  facet normal 0.995178 0.0980813 0
    outer loop
      vertex 22.9508 1.50427 8
      vertex 22.835 2.67923 0
      vertex 22.835 2.67923 8
    endloop
  endfacet
  facet normal 0.995178 0.0980813 0
    outer loop
      vertex 22.835 2.67923 0
      vertex 22.9508 1.50427 8
      vertex 22.9508 1.50427 0
    endloop
  endfacet
  facet normal 0.99948 0.0322449 0
    outer loop
      vertex 22.9565 1.32759 8
      vertex 22.9508 1.50427 0
      vertex 22.9508 1.50427 8
    endloop
  endfacet
  facet normal 0.99948 0.0322449 0
    outer loop
      vertex 22.9508 1.50427 0
      vertex 22.9565 1.32759 8
      vertex 22.9565 1.32759 0
    endloop
  endfacet
  facet normal 0.849045 0.52832 0
    outer loop
      vertex 19.2172 12.628 8
      vertex 19.1238 12.7781 0
      vertex 19.1238 12.7781 8
    endloop
  endfacet
  facet normal 0.849045 0.52832 0
    outer loop
      vertex 19.1238 12.7781 0
      vertex 19.2172 12.628 8
      vertex 19.2172 12.628 0
    endloop
  endfacet
  facet normal -0.290338 0.956924 0
    outer loop
      vertex -5.95284 22.2163 0
      vertex -6.60345 22.0189 8
      vertex -5.95284 22.2163 8
    endloop
  endfacet
  facet normal -0.290338 0.956924 0
    outer loop
      vertex -6.60345 22.0189 8
      vertex -5.95284 22.2163 0
      vertex -6.60345 22.0189 0
    endloop
  endfacet
  facet normal -0.582471 -0.812851 0
    outer loop
      vertex -13.7378 -18.4361 0
      vertex -12.7781 -19.1238 8
      vertex -13.7378 -18.4361 8
    endloop
  endfacet
  facet normal -0.582471 -0.812851 -0
    outer loop
      vertex -12.7781 -19.1238 8
      vertex -13.7378 -18.4361 0
      vertex -12.7781 -19.1238 0
    endloop
  endfacet
  facet normal -0.412676 -0.910878 0
    outer loop
      vertex -10.1726 -20.6281 0
      vertex -9.09723 -21.1153 8
      vertex -10.1726 -20.6281 8
    endloop
  endfacet
  facet normal -0.412676 -0.910878 -0
    outer loop
      vertex -9.09723 -21.1153 8
      vertex -10.1726 -20.6281 0
      vertex -9.09723 -21.1153 0
    endloop
  endfacet
  facet normal 0 0 1
    outer loop
      vertex 6.60345 22.0189 8
      vertex 5.95284 22.2163 8
      vertex 6.59446 21.9163 8
    endloop
  endfacet
  facet normal 0 0 1
    outer loop
      vertex 10.3285 20.5447 8
      vertex 10.1726 20.6281 8
      vertex 10.3 20.4382 8
    endloop
  endfacet
  facet normal 0 0 1
    outer loop
      vertex 12.7781 19.1238 8
      vertex 13.6926 18.3391 8
      vertex 13.7378 18.4361 8
    endloop
  endfacet
  facet normal 0 0 1
    outer loop
      vertex 13.6926 18.3391 8
      vertex 12.55 19.1392 8
      vertex 13.7602 17.5656 8
    endloop
  endfacet
  facet normal -0 0 1
    outer loop
      vertex 12.55 19.1392 8
      vertex 12.7781 19.1238 8
      vertex 12.628 19.2172 8
    endloop
  endfacet
  facet normal 0 0 1
    outer loop
      vertex 13.7602 17.5656 8
      vertex 12.55 19.1392 8
      vertex 11.8 18.9382 8
    endloop
  endfacet
  facet normal 0 0 1
    outer loop
      vertex 13.7602 17.5656 8
      vertex 12.0535 14.6872 8
      vertex 13.435 13.435 8
    endloop
  endfacet
  facet normal 0 0 1
    outer loop
      vertex 10.5558 15.7979 8
      vertex 13.7602 17.5656 8
      vertex 11.8 18.9382 8
    endloop
  endfacet
  facet normal 0 0 1
    outer loop
      vertex 10.5558 15.7979 8
      vertex 11.8 18.9382 8
      vertex 11.05 19.1392 8
    endloop
  endfacet
  facet normal 0 0 1
    outer loop
      vertex 13.7602 17.5656 8
      vertex 10.5558 15.7979 8
      vertex 12.0535 14.6872 8
    endloop
  endfacet
  facet normal 0 0 1
    outer loop
      vertex 8.95654 16.7565 8
      vertex 11.05 19.1392 8
      vertex 10.501 19.6882 8
    endloop
  endfacet
  facet normal 0 0 1
    outer loop
      vertex 8.33215 20.6995 8
      vertex 10.501 19.6882 8
      vertex 10.3 20.4382 8
    endloop
  endfacet
  facet normal 0 0 1
    outer loop
      vertex 9.03586 21.0277 8
      vertex 10.3 20.4382 8
      vertex 10.1726 20.6281 8
    endloop
  endfacet
  facet normal -0 0 1
    outer loop
      vertex 9.03586 21.0277 8
      vertex 10.1726 20.6281 8
      vertex 9.09723 21.1153 8
    endloop
  endfacet
  facet normal 0 0 1
    outer loop
      vertex 10.3 20.4382 8
      vertex 9.03586 21.0277 8
      vertex 8.33215 20.6995 8
    endloop
  endfacet
  facet normal 0 0 1
    outer loop
      vertex 11.05 19.1392 8
      vertex 8.95654 16.7565 8
      vertex 10.5558 15.7979 8
    endloop
  endfacet
  facet normal 0 0 1
    outer loop
      vertex 7.27098 17.5537 8
      vertex 10.501 19.6882 8
      vertex 8.33215 20.6995 8
    endloop
  endfacet
  facet normal 0 0 1
    outer loop
      vertex 7.27098 17.5537 8
      vertex 8.33215 20.6995 8
      vertex 7.55864 20.7672 8
    endloop
  endfacet
  facet normal 0 0 1
    outer loop
      vertex 10.501 19.6882 8
      vertex 7.27098 17.5537 8
      vertex 8.95654 16.7565 8
    endloop
  endfacet
  facet normal 0 0 1
    outer loop
      vertex 5.51541 18.1819 8
      vertex 7.55864 20.7672 8
      vertex 6.92261 21.2126 8
    endloop
  endfacet
  facet normal 0 0 1
    outer loop
      vertex 5.95284 22.2163 8
      vertex 6.92261 21.2126 8
      vertex 6.59446 21.9163 8
    endloop
  endfacet
  facet normal 0 0 1
    outer loop
      vertex 6.92261 21.2126 8
      vertex 5.95284 22.2163 8
      vertex 4.61113 21.8319 8
    endloop
  endfacet
  facet normal 0 0 1
    outer loop
      vertex 7.55864 20.7672 8
      vertex 5.51541 18.1819 8
      vertex 7.27098 17.5537 8
    endloop
  endfacet
  facet normal -0 0 1
    outer loop
      vertex 5.24716 22.2773 8
      vertex 5.95284 22.2163 8
      vertex 5.29071 22.3707 8
    endloop
  endfacet
  facet normal 0 0 1
    outer loop
      vertex 4.61113 21.8319 8
      vertex 5.95284 22.2163 8
      vertex 5.24716 22.2773 8
    endloop
  endfacet
  facet normal 0 0 1
    outer loop
      vertex 6.92261 21.2126 8
      vertex 4.61113 21.8319 8
      vertex 5.51541 18.1819 8
    endloop
  endfacet
  facet normal 0 0 1
    outer loop
      vertex 3.70672 18.6349 8
      vertex 4.61113 21.8319 8
      vertex 3.83762 21.7643 8
    endloop
  endfacet
  facet normal 0 0 1
    outer loop
      vertex 4.61113 21.8319 8
      vertex 3.70672 18.6349 8
      vertex 5.51541 18.1819 8
    endloop
  endfacet
  facet normal 0 0 1
    outer loop
      vertex 1.86232 18.9085 8
      vertex 3.83762 21.7643 8
      vertex 3.13391 22.0924 8
    endloop
  endfacet
  facet normal -0 0 1
    outer loop
      vertex 0.75 22.301 8
      vertex 3.13391 22.0924 8
      vertex 2.68856 22.7284 8
    endloop
  endfacet
  facet normal 0 0 1
    outer loop
      vertex 3.83762 21.7643 8
      vertex 1.86232 18.9085 8
      vertex 3.70672 18.6349 8
    endloop
  endfacet
  facet normal 0 0 1
    outer loop
      vertex 1.50427 22.9508 8
      vertex 2.68856 22.7284 8
      vertex 2.67923 22.835 8
    endloop
  endfacet
  facet normal 0 0 1
    outer loop
      vertex 2.68856 22.7284 8
      vertex 1.50427 22.9508 8
      vertex 1.29904 22.85 8
    endloop
  endfacet
  facet normal 0 0 1
    outer loop
      vertex 1.29904 22.85 8
      vertex 1.50427 22.9508 8
      vertex 1.32759 22.9565 8
    endloop
  endfacet
  facet normal 0 0 1
    outer loop
      vertex 2.68856 22.7284 8
      vertex 1.29904 22.85 8
      vertex 0.75 22.301 8
    endloop
  endfacet
  facet normal 0 0 1
    outer loop
      vertex 3.13391 22.0924 8
      vertex 0.75 22.301 8
      vertex 1.86232 18.9085 8
    endloop
  endfacet
  facet normal 0 0 1
    outer loop
      vertex 0 19 8
      vertex 0.75 22.301 8
      vertex 0 22.1 8
    endloop
  endfacet
  facet normal 0 0 1
    outer loop
      vertex 0.75 22.301 8
      vertex 0 19 8
      vertex 1.86232 18.9085 8
    endloop
  endfacet
  facet normal 0 0 1
    outer loop
      vertex -0.75 22.301 8
      vertex 0 19 8
      vertex 0 22.1 8
    endloop
  endfacet
  facet normal 0 0 1
    outer loop
      vertex -3.13391 22.0924 8
      vertex -0.75 22.301 8
      vertex -1.29904 22.85 8
    endloop
  endfacet
  facet normal -0 0 1
    outer loop
      vertex -1.50427 22.9508 8
      vertex -1.29904 22.85 8
      vertex -1.32759 22.9565 8
    endloop
  endfacet
  facet normal 0 0 1
    outer loop
      vertex -2.68856 22.7284 8
      vertex -1.29904 22.85 8
      vertex -1.50427 22.9508 8
    endloop
  endfacet
  facet normal 0 0 1
    outer loop
      vertex -0.75 22.301 8
      vertex -1.86232 18.9085 8
      vertex 0 19 8
    endloop
  endfacet
  facet normal 0 0 1
    outer loop
      vertex -2.68856 22.7284 8
      vertex -1.50427 22.9508 8
      vertex -2.67923 22.835 8
    endloop
  endfacet
  facet normal 0 0 1
    outer loop
      vertex -1.29904 22.85 8
      vertex -2.68856 22.7284 8
      vertex -3.13391 22.0924 8
    endloop
  endfacet
  facet normal 0 0 1
    outer loop
      vertex -0.75 22.301 8
      vertex -3.13391 22.0924 8
      vertex -1.86232 18.9085 8
    endloop
  endfacet
  facet normal -0 0 1
    outer loop
      vertex -3.83762 21.7643 8
      vertex -1.86232 18.9085 8
      vertex -3.13391 22.0924 8
    endloop
  endfacet
  facet normal 0 0 1
    outer loop
      vertex -1.86232 18.9085 8
      vertex -3.83762 21.7643 8
      vertex -3.70672 18.6349 8
    endloop
  endfacet
  facet normal 0 0 1
    outer loop
      vertex -4.61113 21.8319 8
      vertex -3.70672 18.6349 8
      vertex -3.83762 21.7643 8
    endloop
  endfacet
  facet normal -0 0 1
    outer loop
      vertex -5.95284 22.2163 8
      vertex -4.61113 21.8319 8
      vertex -5.24716 22.2773 8
    endloop
  endfacet
  facet normal 0 0 1
    outer loop
      vertex -5.95284 22.2163 8
      vertex -5.24716 22.2773 8
      vertex -5.29071 22.3707 8
    endloop
  endfacet
  facet normal 0 0 1
    outer loop
      vertex -4.61113 21.8319 8
      vertex -6.92261 21.2126 8
      vertex -5.51541 18.1819 8
    endloop
  endfacet
  facet normal 0 0 1
    outer loop
      vertex -4.61113 21.8319 8
      vertex -5.51541 18.1819 8
      vertex -3.70672 18.6349 8
    endloop
  endfacet
  facet normal 0 0 1
    outer loop
      vertex -4.61113 21.8319 8
      vertex -5.95284 22.2163 8
      vertex -6.92261 21.2126 8
    endloop
  endfacet
  facet normal 0 0 1
    outer loop
      vertex 16.6691 -15.6828 8
      vertex 16.2635 -16.2635 8
      vertex 16.7282 -15.7672 8
    endloop
  endfacet
  facet normal 0 0 1
    outer loop
      vertex 16.2635 -16.2635 8
      vertex 16.6691 -15.6828 8
      vertex 16.6014 -14.9093 8
    endloop
  endfacet
  facet normal 0 0 1
    outer loop
      vertex 16.6691 15.6828 8
      vertex 16.2635 16.2635 8
      vertex 16.6014 14.9093 8
    endloop
  endfacet
  facet normal 0 0 1
    outer loop
      vertex 16.2635 16.2635 8
      vertex 16.6691 15.6828 8
      vertex 16.7282 15.7672 8
    endloop
  endfacet
  facet normal -0 0 1
    outer loop
      vertex 18.3812 -1.27277 8
      vertex 22.0924 -3.13391 8
      vertex 18.4945 -1.03325 8
    endloop
  endfacet
  facet normal -0 0 1
    outer loop
      vertex 18.245 -1.50004 8
      vertex 22.0924 -3.13391 8
      vertex 18.3812 -1.27277 8
    endloop
  endfacet
  facet normal 0 0 1
    outer loop
      vertex 22.0924 -3.13391 8
      vertex 18.245 -1.50004 8
      vertex 18.5615 -4 8
    endloop
  endfacet
  facet normal -0 0 1
    outer loop
      vertex 18.0871 -1.71286 8
      vertex 18.5615 -4 8
      vertex 18.245 -1.50004 8
    endloop
  endfacet
  facet normal -0 0 1
    outer loop
      vertex 17.9092 -1.90919 8
      vertex 18.5615 -4 8
      vertex 18.0871 -1.71286 8
    endloop
  endfacet
  facet normal -0 0 1
    outer loop
      vertex 17.7129 -2.08713 8
      vertex 18.5615 -4 8
      vertex 17.9092 -1.90919 8
    endloop
  endfacet
  facet normal -0 0 1
    outer loop
      vertex 17.5 -2.24497 8
      vertex 18.5615 -4 8
      vertex 17.7129 -2.08713 8
    endloop
  endfacet
  facet normal -0 0 1
    outer loop
      vertex 17.2728 -2.38119 8
      vertex 18.5615 -4 8
      vertex 17.5 -2.24497 8
    endloop
  endfacet
  facet normal -0 0 1
    outer loop
      vertex 17.0332 -2.49447 8
      vertex 18.5615 -4 8
      vertex 17.2728 -2.38119 8
    endloop
  endfacet
  facet normal -0 0 1
    outer loop
      vertex 16.7838 -2.58374 8
      vertex 18.5615 -4 8
      vertex 17.0332 -2.49447 8
    endloop
  endfacet
  facet normal -0 0 1
    outer loop
      vertex 16.5267 -2.64812 8
      vertex 18.5615 -4 8
      vertex 16.7838 -2.58374 8
    endloop
  endfacet
  facet normal -0 0 1
    outer loop
      vertex 16.2646 -2.687 8
      vertex 18.5615 -4 8
      vertex 16.5267 -2.64812 8
    endloop
  endfacet
  facet normal -0 0 1
    outer loop
      vertex 16 -2.7 8
      vertex 18.5615 -4 8
      vertex 16.2646 -2.687 8
    endloop
  endfacet
  facet normal 0 0 1
    outer loop
      vertex 15.7354 -2.687 8
      vertex 18.5615 -4 8
      vertex 16 -2.7 8
    endloop
  endfacet
  facet normal 0 0 1
    outer loop
      vertex 15.4733 -2.64812 8
      vertex 18.5615 -4 8
      vertex 15.7354 -2.687 8
    endloop
  endfacet
  facet normal 0 0 1
    outer loop
      vertex 15.2162 -2.58374 8
      vertex 18.5615 -4 8
      vertex 15.4733 -2.64812 8
    endloop
  endfacet
  facet normal 0 0 1
    outer loop
      vertex 6.91822 -4 8
      vertex 15.2162 -2.58374 8
      vertex 14.9668 -2.49447 8
    endloop
  endfacet
  facet normal -0 0 1
    outer loop
      vertex 8 0 8
      vertex 13.313 -0.264646 8
      vertex 13.3 0 8
    endloop
  endfacet
  facet normal 0 0 1
    outer loop
      vertex 7.96148 -0.784137 8
      vertex 13.313 -0.264646 8
      vertex 8 0 8
    endloop
  endfacet
  facet normal 0 0 1
    outer loop
      vertex 13.313 -0.264646 8
      vertex 7.96148 -0.784137 8
      vertex 13.3519 -0.526743 8
    endloop
  endfacet
  facet normal 0 0 1
    outer loop
      vertex 13.3519 -0.526743 8
      vertex 7.96148 -0.784137 8
      vertex 13.4163 -0.783768 8
    endloop
  endfacet
  facet normal 0 0 1
    outer loop
      vertex 7.84628 -1.56072 8
      vertex 13.4163 -0.783768 8
      vertex 7.96148 -0.784137 8
    endloop
  endfacet
  facet normal 0 0 1
    outer loop
      vertex 13.4163 -0.783768 8
      vertex 7.84628 -1.56072 8
      vertex 13.5055 -1.03325 8
    endloop
  endfacet
  facet normal 0 0 1
    outer loop
      vertex 13.5055 -1.03325 8
      vertex 7.84628 -1.56072 8
      vertex 13.6188 -1.27277 8
    endloop
  endfacet
  facet normal 0 0 1
    outer loop
      vertex 7.65552 -2.32228 8
      vertex 13.6188 -1.27277 8
      vertex 7.84628 -1.56072 8
    endloop
  endfacet
  facet normal 0 0 1
    outer loop
      vertex 13.6188 -1.27277 8
      vertex 7.65552 -2.32228 8
      vertex 13.755 -1.50004 8
    endloop
  endfacet
  facet normal 0 0 1
    outer loop
      vertex 13.755 -1.50004 8
      vertex 7.65552 -2.32228 8
      vertex 13.9129 -1.71286 8
    endloop
  endfacet
  facet normal 0 0 1
    outer loop
      vertex 7.39104 -3.06147 8
      vertex 13.9129 -1.71286 8
      vertex 7.65552 -2.32228 8
    endloop
  endfacet
  facet normal 0 0 1
    outer loop
      vertex 13.9129 -1.71286 8
      vertex 7.39104 -3.06147 8
      vertex 14.0908 -1.90919 8
    endloop
  endfacet
  facet normal 0 0 1
    outer loop
      vertex 14.0908 -1.90919 8
      vertex 7.39104 -3.06147 8
      vertex 14.2871 -2.08713 8
    endloop
  endfacet
  facet normal 0 0 1
    outer loop
      vertex 7.05537 -3.77117 8
      vertex 14.2871 -2.08713 8
      vertex 7.39104 -3.06147 8
    endloop
  endfacet
  facet normal 0 0 1
    outer loop
      vertex 14.2871 -2.08713 8
      vertex 7.05537 -3.77117 8
      vertex 14.5 -2.24497 8
    endloop
  endfacet
  facet normal 0 0 1
    outer loop
      vertex 6.91822 -4 8
      vertex 14.5 -2.24497 8
      vertex 7.05537 -3.77117 8
    endloop
  endfacet
  facet normal 0 0 1
    outer loop
      vertex 14.5 -2.24497 8
      vertex 6.91822 -4 8
      vertex 14.7272 -2.38119 8
    endloop
  endfacet
  facet normal 0 0 1
    outer loop
      vertex 14.7272 -2.38119 8
      vertex 6.91822 -4 8
      vertex 14.9668 -2.49447 8
    endloop
  endfacet
  facet normal 0 0 1
    outer loop
      vertex 15.2162 -2.58374 8
      vertex 6.91822 -4 8
      vertex 18.5615 -4 8
    endloop
  endfacet
  facet normal 0 0 1
    outer loop
      vertex 19.1238 12.7781 8
      vertex 19.1392 12.55 8
      vertex 19.2172 12.628 8
    endloop
  endfacet
  facet normal 0 0 1
    outer loop
      vertex 18.3391 13.6926 8
      vertex 19.1392 12.55 8
      vertex 19.1238 12.7781 8
    endloop
  endfacet
  facet normal 0 0 1
    outer loop
      vertex 21.7643 -3.83762 8
      vertex 18.5615 -4 8
      vertex 21.8319 -4.61113 8
    endloop
  endfacet
  facet normal 0 0 1
    outer loop
      vertex 19.1392 11.05 8
      vertex 18.687 0.264646 8
      vertex 18.7 0 8
    endloop
  endfacet
  facet normal 0 0 1
    outer loop
      vertex 19.1392 11.05 8
      vertex 18.5615 4 8
      vertex 18.687 0.264646 8
    endloop
  endfacet
  facet normal 0 0 1
    outer loop
      vertex 18.687 0.264646 8
      vertex 18.5615 4 8
      vertex 18.6481 0.526743 8
    endloop
  endfacet
  facet normal 0 0 1
    outer loop
      vertex 18.6481 0.526743 8
      vertex 18.5615 4 8
      vertex 18.5837 0.783768 8
    endloop
  endfacet
  facet normal -0 0 1
    outer loop
      vertex 18.3391 13.6926 8
      vertex 19.1238 12.7781 8
      vertex 18.4361 13.7378 8
    endloop
  endfacet
  facet normal 0 0 1
    outer loop
      vertex 19.1392 12.55 8
      vertex 18.3391 13.6926 8
      vertex 18.9382 11.8 8
    endloop
  endfacet
  facet normal 0 0 1
    outer loop
      vertex 17.5656 13.7602 8
      vertex 18.9382 11.8 8
      vertex 18.3391 13.6926 8
    endloop
  endfacet
  facet normal 0 0 1
    outer loop
      vertex 19.1392 11.05 8
      vertex 18.1819 5.51541 8
      vertex 18.5615 4 8
    endloop
  endfacet
  facet normal 0 0 1
    outer loop
      vertex 18.9382 11.8 8
      vertex 17.5656 13.7602 8
      vertex 15.7979 10.5558 8
    endloop
  endfacet
  facet normal 0 0 1
    outer loop
      vertex 19.1392 11.05 8
      vertex 17.5537 7.27098 8
      vertex 18.1819 5.51541 8
    endloop
  endfacet
  facet normal 0 0 1
    outer loop
      vertex 14.6872 12.0535 8
      vertex 17.5656 13.7602 8
      vertex 16.9296 14.2056 8
    endloop
  endfacet
  facet normal 0 0 1
    outer loop
      vertex 19.1392 11.05 8
      vertex 16.7565 8.95654 8
      vertex 17.5537 7.27098 8
    endloop
  endfacet
  facet normal 0 0 1
    outer loop
      vertex 13.435 13.435 8
      vertex 16.9296 14.2056 8
      vertex 16.6014 14.9093 8
    endloop
  endfacet
  facet normal 0 0 1
    outer loop
      vertex 14.9093 16.6014 8
      vertex 16.6014 14.9093 8
      vertex 16.2635 16.2635 8
    endloop
  endfacet
  facet normal 0 0 1
    outer loop
      vertex 19.1392 11.05 8
      vertex 15.7979 10.5558 8
      vertex 16.7565 8.95654 8
    endloop
  endfacet
  facet normal -0 0 1
    outer loop
      vertex 15.6828 16.6691 8
      vertex 16.2635 16.2635 8
      vertex 15.7672 16.7282 8
    endloop
  endfacet
  facet normal -0 0 1
    outer loop
      vertex 14.9093 16.6014 8
      vertex 16.2635 16.2635 8
      vertex 15.6828 16.6691 8
    endloop
  endfacet
  facet normal 0 0 1
    outer loop
      vertex 16.6014 14.9093 8
      vertex 14.9093 16.6014 8
      vertex 13.435 13.435 8
    endloop
  endfacet
  facet normal 0 0 1
    outer loop
      vertex 17.5656 13.7602 8
      vertex 14.6872 12.0535 8
      vertex 15.7979 10.5558 8
    endloop
  endfacet
  facet normal 0 0 1
    outer loop
      vertex 13.435 13.435 8
      vertex 14.9093 16.6014 8
      vertex 14.2056 16.9296 8
    endloop
  endfacet
  facet normal 0 0 1
    outer loop
      vertex 13.435 13.435 8
      vertex 14.2056 16.9296 8
      vertex 13.7602 17.5656 8
    endloop
  endfacet
  facet normal 0 0 1
    outer loop
      vertex 16.9296 14.2056 8
      vertex 13.435 13.435 8
      vertex 14.6872 12.0535 8
    endloop
  endfacet
  facet normal 0 0 1
    outer loop
      vertex 12.55 19.1392 8
      vertex 13.6926 18.3391 8
      vertex 12.7781 19.1238 8
    endloop
  endfacet
  facet normal 0 0 1
    outer loop
      vertex 21.0277 9.03586 8
      vertex 20.4382 10.3 8
      vertex 20.6995 8.33215 8
    endloop
  endfacet
  facet normal 0 0 1
    outer loop
      vertex 20.4382 10.3 8
      vertex 21.0277 9.03586 8
      vertex 20.6281 10.1726 8
    endloop
  endfacet
  facet normal 0 0 1
    outer loop
      vertex 20.6281 10.1726 8
      vertex 21.0277 9.03586 8
      vertex 21.1153 9.09723 8
    endloop
  endfacet
  facet normal 0 0 1
    outer loop
      vertex 22.2163 5.95284 8
      vertex 22.2773 5.24716 8
      vertex 22.3707 5.29071 8
    endloop
  endfacet
  facet normal -0 0 1
    outer loop
      vertex 21.9163 6.59446 8
      vertex 22.2163 5.95284 8
      vertex 22.0189 6.60345 8
    endloop
  endfacet
  facet normal 0 0 1
    outer loop
      vertex 21.2126 6.92261 8
      vertex 22.2163 5.95284 8
      vertex 21.9163 6.59446 8
    endloop
  endfacet
  facet normal 0 0 1
    outer loop
      vertex 22.2163 5.95284 8
      vertex 21.8319 4.61113 8
      vertex 22.2773 5.24716 8
    endloop
  endfacet
  facet normal 0 0 1
    outer loop
      vertex 22.2163 5.95284 8
      vertex 21.2126 6.92261 8
      vertex 21.8319 4.61113 8
    endloop
  endfacet
  facet normal 0 0 1
    outer loop
      vertex 20.7672 7.55864 8
      vertex 21.7643 3.83762 8
      vertex 21.2126 6.92261 8
    endloop
  endfacet
  facet normal 0 0 1
    outer loop
      vertex 21.8319 4.61113 8
      vertex 21.2126 6.92261 8
      vertex 21.7643 3.83762 8
    endloop
  endfacet
  facet normal 0 0 1
    outer loop
      vertex 22.9508 1.50427 8
      vertex 22.85 1.29904 8
      vertex 22.9565 1.32759 8
    endloop
  endfacet
  facet normal 0 0 1
    outer loop
      vertex 22.7284 2.68856 8
      vertex 22.9508 1.50427 8
      vertex 22.835 2.67923 8
    endloop
  endfacet
  facet normal 0 0 1
    outer loop
      vertex 22.9508 1.50427 8
      vertex 22.7284 2.68856 8
      vertex 22.85 1.29904 8
    endloop
  endfacet
  facet normal 0 0 1
    outer loop
      vertex 22.7284 2.68856 8
      vertex 22.301 0.75 8
      vertex 22.85 1.29904 8
    endloop
  endfacet
  facet normal 0 0 1
    outer loop
      vertex 22.0924 3.13391 8
      vertex 22.301 0.75 8
      vertex 22.7284 2.68856 8
    endloop
  endfacet
  facet normal 0 0 1
    outer loop
      vertex 18.7 0 8
      vertex 22.301 0.75 8
      vertex 22.0924 3.13391 8
    endloop
  endfacet
  facet normal 0 0 1
    outer loop
      vertex 22.85 -1.29904 8
      vertex 22.9508 -1.50427 8
      vertex 22.9565 -1.32759 8
    endloop
  endfacet
  facet normal 0 0 1
    outer loop
      vertex 22.7284 -2.68856 8
      vertex 22.9508 -1.50427 8
      vertex 22.85 -1.29904 8
    endloop
  endfacet
  facet normal 0 0 1
    outer loop
      vertex 22.9508 -1.50427 8
      vertex 22.7284 -2.68856 8
      vertex 22.835 -2.67923 8
    endloop
  endfacet
  facet normal 0 0 1
    outer loop
      vertex 22.301 -0.75 8
      vertex 22.7284 -2.68856 8
      vertex 22.85 -1.29904 8
    endloop
  endfacet
  facet normal 0 0 1
    outer loop
      vertex 18.687 -0.264646 8
      vertex 22.1 0 8
      vertex 18.7 0 8
    endloop
  endfacet
  facet normal 0 0 1
    outer loop
      vertex 22.301 -0.75 8
      vertex 22.0924 -3.13391 8
      vertex 22.7284 -2.68856 8
    endloop
  endfacet
  facet normal 0 0 1
    outer loop
      vertex 18.7 0 8
      vertex 22.0924 3.13391 8
      vertex 21.7643 3.83762 8
    endloop
  endfacet
  facet normal 0 0 1
    outer loop
      vertex 22.301 0.75 8
      vertex 18.7 0 8
      vertex 22.1 0 8
    endloop
  endfacet
  facet normal 0 0 1
    outer loop
      vertex 18.6481 -0.526743 8
      vertex 22.1 0 8
      vertex 18.687 -0.264646 8
    endloop
  endfacet
  facet normal 0 0 1
    outer loop
      vertex 22.2773 -5.24716 8
      vertex 22.2163 -5.95284 8
      vertex 22.3707 -5.29071 8
    endloop
  endfacet
  facet normal 0 0 1
    outer loop
      vertex 21.8319 -4.61113 8
      vertex 22.2163 -5.95284 8
      vertex 22.2773 -5.24716 8
    endloop
  endfacet
  facet normal 0 0 1
    outer loop
      vertex 22.2163 -5.95284 8
      vertex 21.9163 -6.59446 8
      vertex 22.0189 -6.60345 8
    endloop
  endfacet
  facet normal 0 0 1
    outer loop
      vertex 21.2126 -6.92261 8
      vertex 22.2163 -5.95284 8
      vertex 21.8319 -4.61113 8
    endloop
  endfacet
  facet normal 0 0 1
    outer loop
      vertex 22.301 -0.75 8
      vertex 18.4945 -1.03325 8
      vertex 22.0924 -3.13391 8
    endloop
  endfacet
  facet normal 0 0 1
    outer loop
      vertex 22.2163 -5.95284 8
      vertex 21.2126 -6.92261 8
      vertex 21.9163 -6.59446 8
    endloop
  endfacet
  facet normal 0 0 1
    outer loop
      vertex 18.7 0 8
      vertex 21.7643 3.83762 8
      vertex 20.7672 7.55864 8
    endloop
  endfacet
  facet normal 0 0 1
    outer loop
      vertex 22.1 0 8
      vertex 18.6481 -0.526743 8
      vertex 22.301 -0.75 8
    endloop
  endfacet
  facet normal 0 0 1
    outer loop
      vertex 22.0924 -3.13391 8
      vertex 18.5615 -4 8
      vertex 21.7643 -3.83762 8
    endloop
  endfacet
  facet normal 0 0 1
    outer loop
      vertex 18.7 0 8
      vertex 20.7672 7.55864 8
      vertex 20.6995 8.33215 8
    endloop
  endfacet
  facet normal 0 0 1
    outer loop
      vertex 18.5837 -0.783768 8
      vertex 22.301 -0.75 8
      vertex 18.6481 -0.526743 8
    endloop
  endfacet
  facet normal 0 0 1
    outer loop
      vertex 21.0277 -9.03586 8
      vertex 20.6281 -10.1726 8
      vertex 21.1153 -9.09723 8
    endloop
  endfacet
  facet normal 0 0 1
    outer loop
      vertex 20.4382 -10.3 8
      vertex 21.0277 -9.03586 8
      vertex 20.6995 -8.33215 8
    endloop
  endfacet
  facet normal 0 0 1
    outer loop
      vertex 19.1392 11.05 8
      vertex 20.6995 8.33215 8
      vertex 19.6882 10.501 8
    endloop
  endfacet
  facet normal -0 0 1
    outer loop
      vertex 20.4382 10.3 8
      vertex 20.6281 10.1726 8
      vertex 20.5447 10.3285 8
    endloop
  endfacet
  facet normal 0 0 1
    outer loop
      vertex 20.6995 8.33215 8
      vertex 20.4382 10.3 8
      vertex 19.6882 10.501 8
    endloop
  endfacet
  facet normal 0 0 1
    outer loop
      vertex 18.7 0 8
      vertex 20.6995 8.33215 8
      vertex 19.1392 11.05 8
    endloop
  endfacet
  facet normal 0 0 1
    outer loop
      vertex 20.6281 -10.1726 8
      vertex 20.4382 -10.3 8
      vertex 20.5447 -10.3285 8
    endloop
  endfacet
  facet normal 0 -0 1
    outer loop
      vertex 20.4382 -10.3 8
      vertex 20.6995 -8.33215 8
      vertex 19.6882 -10.501 8
    endloop
  endfacet
  facet normal 0 0 1
    outer loop
      vertex 21.0277 -9.03586 8
      vertex 20.4382 -10.3 8
      vertex 20.6281 -10.1726 8
    endloop
  endfacet
  facet normal 0 0 1
    outer loop
      vertex 18.4945 -1.03325 8
      vertex 22.301 -0.75 8
      vertex 18.5837 -0.783768 8
    endloop
  endfacet
  facet normal 0 0 1
    outer loop
      vertex 20.6995 -8.33215 8
      vertex 19.1392 -11.05 8
      vertex 19.6882 -10.501 8
    endloop
  endfacet
  facet normal 0 0 1
    outer loop
      vertex 15.7979 10.5558 8
      vertex 19.1392 11.05 8
      vertex 18.9382 11.8 8
    endloop
  endfacet
  facet normal 0 0 1
    outer loop
      vertex 20.7672 -7.55864 8
      vertex 19.1392 -11.05 8
      vertex 20.6995 -8.33215 8
    endloop
  endfacet
  facet normal 0 0 1
    outer loop
      vertex 19.1392 -12.55 8
      vertex 19.1238 -12.7781 8
      vertex 19.2172 -12.628 8
    endloop
  endfacet
  facet normal 0 0 1
    outer loop
      vertex 18.3391 -13.6926 8
      vertex 19.1392 -12.55 8
      vertex 18.9382 -11.8 8
    endloop
  endfacet
  facet normal 0 0 1
    outer loop
      vertex 21.2126 -6.92261 8
      vertex 18.1819 -5.51541 8
      vertex 20.7672 -7.55864 8
    endloop
  endfacet
  facet normal 0 0 1
    outer loop
      vertex 18.1819 -5.51541 8
      vertex 21.8319 -4.61113 8
      vertex 18.5615 -4 8
    endloop
  endfacet
  facet normal 0 0 1
    outer loop
      vertex 21.8319 -4.61113 8
      vertex 18.1819 -5.51541 8
      vertex 21.2126 -6.92261 8
    endloop
  endfacet
  facet normal -0 0 1
    outer loop
      vertex 17.5537 -7.27098 8
      vertex 20.7672 -7.55864 8
      vertex 18.1819 -5.51541 8
    endloop
  endfacet
  facet normal 0 0 1
    outer loop
      vertex 19.1392 -12.55 8
      vertex 18.3391 -13.6926 8
      vertex 19.1238 -12.7781 8
    endloop
  endfacet
  facet normal 0 0 1
    outer loop
      vertex 20.7672 -7.55864 8
      vertex 17.5537 -7.27098 8
      vertex 19.1392 -11.05 8
    endloop
  endfacet
  facet normal -0 0 1
    outer loop
      vertex 16.7565 -8.95654 8
      vertex 19.1392 -11.05 8
      vertex 17.5537 -7.27098 8
    endloop
  endfacet
  facet normal -0 0 1
    outer loop
      vertex 15.7979 -10.5558 8
      vertex 19.1392 -11.05 8
      vertex 16.7565 -8.95654 8
    endloop
  endfacet
  facet normal 0 0 1
    outer loop
      vertex 19.1392 -11.05 8
      vertex 15.7979 -10.5558 8
      vertex 18.9382 -11.8 8
    endloop
  endfacet
  facet normal 0 0 1
    outer loop
      vertex 19.1238 -12.7781 8
      vertex 18.3391 -13.6926 8
      vertex 18.4361 -13.7378 8
    endloop
  endfacet
  facet normal 0 -0 1
    outer loop
      vertex 17.5656 -13.7602 8
      vertex 18.9382 -11.8 8
      vertex 15.7979 -10.5558 8
    endloop
  endfacet
  facet normal 0 0 1
    outer loop
      vertex 18.9382 -11.8 8
      vertex 17.5656 -13.7602 8
      vertex 18.3391 -13.6926 8
    endloop
  endfacet
  facet normal -0 0 1
    outer loop
      vertex 14.6872 -12.0535 8
      vertex 17.5656 -13.7602 8
      vertex 15.7979 -10.5558 8
    endloop
  endfacet
  facet normal 0 0 1
    outer loop
      vertex 17.5656 -13.7602 8
      vertex 14.6872 -12.0535 8
      vertex 16.9296 -14.2056 8
    endloop
  endfacet
  facet normal -0 0 1
    outer loop
      vertex 13.435 -13.435 8
      vertex 16.9296 -14.2056 8
      vertex 14.6872 -12.0535 8
    endloop
  endfacet
  facet normal 0 0 1
    outer loop
      vertex 16.9296 -14.2056 8
      vertex 13.435 -13.435 8
      vertex 16.6014 -14.9093 8
    endloop
  endfacet
  facet normal 0 -0 1
    outer loop
      vertex 14.9093 -16.6014 8
      vertex 16.6014 -14.9093 8
      vertex 13.435 -13.435 8
    endloop
  endfacet
  facet normal 0 0 1
    outer loop
      vertex 16.2635 -16.2635 8
      vertex 15.6828 -16.6691 8
      vertex 15.7672 -16.7282 8
    endloop
  endfacet
  facet normal 0 0 1
    outer loop
      vertex 16.6014 -14.9093 8
      vertex 14.9093 -16.6014 8
      vertex 16.2635 -16.2635 8
    endloop
  endfacet
  facet normal 0 0 1
    outer loop
      vertex 16.2635 -16.2635 8
      vertex 14.9093 -16.6014 8
      vertex 15.6828 -16.6691 8
    endloop
  endfacet
  facet normal 0 0 1
    outer loop
      vertex 14.9093 -16.6014 8
      vertex 13.435 -13.435 8
      vertex 14.2056 -16.9296 8
    endloop
  endfacet
  facet normal 0 0 1
    outer loop
      vertex 14.2056 -16.9296 8
      vertex 12.0535 -14.6872 8
      vertex 13.7602 -17.5656 8
    endloop
  endfacet
  facet normal -0 0 1
    outer loop
      vertex 12.0535 -14.6872 8
      vertex 14.2056 -16.9296 8
      vertex 13.435 -13.435 8
    endloop
  endfacet
  facet normal 0 0 1
    outer loop
      vertex 18.5615 4 8
      vertex 18.4945 1.03325 8
      vertex 18.5837 0.783768 8
    endloop
  endfacet
  facet normal 0 0 1
    outer loop
      vertex 18.5615 4 8
      vertex 18.3812 1.27277 8
      vertex 18.4945 1.03325 8
    endloop
  endfacet
  facet normal 0 0 1
    outer loop
      vertex 18.5615 4 8
      vertex 18.245 1.50004 8
      vertex 18.3812 1.27277 8
    endloop
  endfacet
  facet normal 0 0 1
    outer loop
      vertex 18.5615 4 8
      vertex 18.0871 1.71286 8
      vertex 18.245 1.50004 8
    endloop
  endfacet
  facet normal 0 0 1
    outer loop
      vertex 18.5615 4 8
      vertex 17.9092 1.90919 8
      vertex 18.0871 1.71286 8
    endloop
  endfacet
  facet normal 0 0 1
    outer loop
      vertex 18.5615 4 8
      vertex 17.7129 2.08713 8
      vertex 17.9092 1.90919 8
    endloop
  endfacet
  facet normal 0 0 1
    outer loop
      vertex 18.5615 4 8
      vertex 17.5 2.24497 8
      vertex 17.7129 2.08713 8
    endloop
  endfacet
  facet normal 0 0 1
    outer loop
      vertex 18.5615 4 8
      vertex 17.2728 2.38119 8
      vertex 17.5 2.24497 8
    endloop
  endfacet
  facet normal 0 0 1
    outer loop
      vertex 18.5615 4 8
      vertex 17.0332 2.49447 8
      vertex 17.2728 2.38119 8
    endloop
  endfacet
  facet normal 0 0 1
    outer loop
      vertex 18.5615 4 8
      vertex 16.7838 2.58374 8
      vertex 17.0332 2.49447 8
    endloop
  endfacet
  facet normal 0 0 1
    outer loop
      vertex 18.5615 4 8
      vertex 16.5267 2.64812 8
      vertex 16.7838 2.58374 8
    endloop
  endfacet
  facet normal 0 0 1
    outer loop
      vertex 18.5615 4 8
      vertex 16.2646 2.687 8
      vertex 16.5267 2.64812 8
    endloop
  endfacet
  facet normal 0 0 1
    outer loop
      vertex 18.5615 4 8
      vertex 16 2.7 8
      vertex 16.2646 2.687 8
    endloop
  endfacet
  facet normal 0 0 1
    outer loop
      vertex 18.5615 4 8
      vertex 15.7354 2.687 8
      vertex 16 2.7 8
    endloop
  endfacet
  facet normal 0 0 1
    outer loop
      vertex 18.5615 4 8
      vertex 15.4733 2.64812 8
      vertex 15.7354 2.687 8
    endloop
  endfacet
  facet normal 0 0 1
    outer loop
      vertex 18.5615 4 8
      vertex 15.2162 2.58374 8
      vertex 15.4733 2.64812 8
    endloop
  endfacet
  facet normal -0 0 1
    outer loop
      vertex 6.91822 4 8
      vertex 15.2162 2.58374 8
      vertex 18.5615 4 8
    endloop
  endfacet
  facet normal 0 0 1
    outer loop
      vertex 13.313 0.264646 8
      vertex 8 0 8
      vertex 13.3 0 8
    endloop
  endfacet
  facet normal 0 0 1
    outer loop
      vertex 7.96148 0.784137 8
      vertex 13.313 0.264646 8
      vertex 13.3519 0.526743 8
    endloop
  endfacet
  facet normal 0 0 1
    outer loop
      vertex 7.96148 0.784137 8
      vertex 13.3519 0.526743 8
      vertex 13.4163 0.783768 8
    endloop
  endfacet
  facet normal 0 0 1
    outer loop
      vertex 7.84628 1.56072 8
      vertex 13.4163 0.783768 8
      vertex 13.5055 1.03325 8
    endloop
  endfacet
  facet normal 0 0 1
    outer loop
      vertex 7.84628 1.56072 8
      vertex 13.5055 1.03325 8
      vertex 13.6188 1.27277 8
    endloop
  endfacet
  facet normal 0 0 1
    outer loop
      vertex 7.65552 2.32228 8
      vertex 13.6188 1.27277 8
      vertex 13.755 1.50004 8
    endloop
  endfacet
  facet normal 0 0 1
    outer loop
      vertex 7.65552 2.32228 8
      vertex 13.755 1.50004 8
      vertex 13.9129 1.71286 8
    endloop
  endfacet
  facet normal 0 0 1
    outer loop
      vertex 7.39104 3.06147 8
      vertex 13.9129 1.71286 8
      vertex 14.0908 1.90919 8
    endloop
  endfacet
  facet normal 0 0 1
    outer loop
      vertex 7.39104 3.06147 8
      vertex 14.0908 1.90919 8
      vertex 14.2871 2.08713 8
    endloop
  endfacet
  facet normal 0 0 1
    outer loop
      vertex 7.05537 3.77117 8
      vertex 14.2871 2.08713 8
      vertex 14.5 2.24497 8
    endloop
  endfacet
  facet normal 0 0 1
    outer loop
      vertex 6.91822 4 8
      vertex 14.5 2.24497 8
      vertex 14.7272 2.38119 8
    endloop
  endfacet
  facet normal 0 0 1
    outer loop
      vertex 6.91822 4 8
      vertex 14.7272 2.38119 8
      vertex 14.9668 2.49447 8
    endloop
  endfacet
  facet normal 0 0 1
    outer loop
      vertex 15.2162 2.58374 8
      vertex 6.91822 4 8
      vertex 14.9668 2.49447 8
    endloop
  endfacet
  facet normal 0 0 1
    outer loop
      vertex 13.313 0.264646 8
      vertex 7.96148 0.784137 8
      vertex 8 0 8
    endloop
  endfacet
  facet normal 0 0 1
    outer loop
      vertex 13.4163 0.783768 8
      vertex 7.84628 1.56072 8
      vertex 7.96148 0.784137 8
    endloop
  endfacet
  facet normal 0 0 1
    outer loop
      vertex 13.6188 1.27277 8
      vertex 7.65552 2.32228 8
      vertex 7.84628 1.56072 8
    endloop
  endfacet
  facet normal 0 0 1
    outer loop
      vertex 13.9129 1.71286 8
      vertex 7.39104 3.06147 8
      vertex 7.65552 2.32228 8
    endloop
  endfacet
  facet normal 0 0 1
    outer loop
      vertex 14.2871 2.08713 8
      vertex 7.05537 3.77117 8
      vertex 7.39104 3.06147 8
    endloop
  endfacet
  facet normal 0 0 1
    outer loop
      vertex 14.5 2.24497 8
      vertex 6.91822 4 8
      vertex 7.05537 3.77117 8
    endloop
  endfacet
  facet normal 0 0 1
    outer loop
      vertex 13.6926 -18.3391 8
      vertex 12.7781 -19.1238 8
      vertex 13.7378 -18.4361 8
    endloop
  endfacet
  facet normal -0 0 1
    outer loop
      vertex 10.5558 -15.7979 8
      vertex 13.7602 -17.5656 8
      vertex 12.0535 -14.6872 8
    endloop
  endfacet
  facet normal 0 -0 1
    outer loop
      vertex 11.8 -18.9382 8
      vertex 13.7602 -17.5656 8
      vertex 10.5558 -15.7979 8
    endloop
  endfacet
  facet normal 0 0 1
    outer loop
      vertex 12.7781 -19.1238 8
      vertex 12.55 -19.1392 8
      vertex 12.628 -19.2172 8
    endloop
  endfacet
  facet normal 0 -0 1
    outer loop
      vertex 12.55 -19.1392 8
      vertex 13.6926 -18.3391 8
      vertex 11.8 -18.9382 8
    endloop
  endfacet
  facet normal 0 0 1
    outer loop
      vertex 13.6926 -18.3391 8
      vertex 12.55 -19.1392 8
      vertex 12.7781 -19.1238 8
    endloop
  endfacet
  facet normal 0 0 1
    outer loop
      vertex 13.7602 -17.5656 8
      vertex 11.8 -18.9382 8
      vertex 13.6926 -18.3391 8
    endloop
  endfacet
  facet normal 0 0 1
    outer loop
      vertex 11.8 -18.9382 8
      vertex 10.5558 -15.7979 8
      vertex 11.05 -19.1392 8
    endloop
  endfacet
  facet normal -0 0 1
    outer loop
      vertex 8.95654 -16.7565 8
      vertex 11.05 -19.1392 8
      vertex 10.5558 -15.7979 8
    endloop
  endfacet
  facet normal 0 0 1
    outer loop
      vertex 11.05 -19.1392 8
      vertex 8.95654 -16.7565 8
      vertex 10.501 -19.6882 8
    endloop
  endfacet
  facet normal -0 0 1
    outer loop
      vertex 7.27098 -17.5537 8
      vertex 10.501 -19.6882 8
      vertex 8.95654 -16.7565 8
    endloop
  endfacet
  facet normal 0 0 1
    outer loop
      vertex 10.501 -19.6882 8
      vertex 8.33215 -20.6995 8
      vertex 10.3 -20.4382 8
    endloop
  endfacet
  facet normal 0 0 1
    outer loop
      vertex 10.1726 -20.6281 8
      vertex 9.03586 -21.0277 8
      vertex 9.09723 -21.1153 8
    endloop
  endfacet
  facet normal 0 -0 1
    outer loop
      vertex 9.03586 -21.0277 8
      vertex 10.3 -20.4382 8
      vertex 8.33215 -20.6995 8
    endloop
  endfacet
  facet normal 0 0 1
    outer loop
      vertex 10.3 -20.4382 8
      vertex 9.03586 -21.0277 8
      vertex 10.1726 -20.6281 8
    endloop
  endfacet
  facet normal 0 0 1
    outer loop
      vertex 10.501 -19.6882 8
      vertex 7.27098 -17.5537 8
      vertex 8.33215 -20.6995 8
    endloop
  endfacet
  facet normal 0 0 1
    outer loop
      vertex 8.33215 -20.6995 8
      vertex 7.27098 -17.5537 8
      vertex 7.55864 -20.7672 8
    endloop
  endfacet
  facet normal -0 0 1
    outer loop
      vertex 5.51541 -18.1819 8
      vertex 7.55864 -20.7672 8
      vertex 7.27098 -17.5537 8
    endloop
  endfacet
  facet normal 0 0 1
    outer loop
      vertex 7.55864 -20.7672 8
      vertex 5.51541 -18.1819 8
      vertex 6.92261 -21.2126 8
    endloop
  endfacet
  facet normal 0 0 1
    outer loop
      vertex 4.61113 -21.8319 8
      vertex 6.92261 -21.2126 8
      vertex 5.51541 -18.1819 8
    endloop
  endfacet
  facet normal 0 -0 1
    outer loop
      vertex 5.95284 -22.2163 8
      vertex 6.92261 -21.2126 8
      vertex 4.61113 -21.8319 8
    endloop
  endfacet
  facet normal 0 0 1
    outer loop
      vertex 6.92261 -21.2126 8
      vertex 5.95284 -22.2163 8
      vertex 6.59446 -21.9163 8
    endloop
  endfacet
  facet normal 0 0 1
    outer loop
      vertex 5.95284 -22.2163 8
      vertex 5.24716 -22.2773 8
      vertex 5.29071 -22.3707 8
    endloop
  endfacet
  facet normal 0 0 1
    outer loop
      vertex 5.95284 -22.2163 8
      vertex 4.61113 -21.8319 8
      vertex 5.24716 -22.2773 8
    endloop
  endfacet
  facet normal -0 0 1
    outer loop
      vertex 3.70672 -18.6349 8
      vertex 4.61113 -21.8319 8
      vertex 5.51541 -18.1819 8
    endloop
  endfacet
  facet normal 0 0 1
    outer loop
      vertex 4.61113 -21.8319 8
      vertex 3.70672 -18.6349 8
      vertex 3.83762 -21.7643 8
    endloop
  endfacet
  facet normal -0 0 1
    outer loop
      vertex 1.86232 -18.9085 8
      vertex 3.83762 -21.7643 8
      vertex 3.70672 -18.6349 8
    endloop
  endfacet
  facet normal 0 0 1
    outer loop
      vertex 3.83762 -21.7643 8
      vertex 1.86232 -18.9085 8
      vertex 3.13391 -22.0924 8
    endloop
  endfacet
  facet normal 0 0 1
    outer loop
      vertex 0.75 -22.301 8
      vertex 3.13391 -22.0924 8
      vertex 1.86232 -18.9085 8
    endloop
  endfacet
  facet normal 0 0 1
    outer loop
      vertex 3.13391 -22.0924 8
      vertex 0.75 -22.301 8
      vertex 2.68856 -22.7284 8
    endloop
  endfacet
  facet normal 0 -0 1
    outer loop
      vertex 1.29904 -22.85 8
      vertex 2.68856 -22.7284 8
      vertex 0.75 -22.301 8
    endloop
  endfacet
  facet normal 0 -0 1
    outer loop
      vertex 1.50427 -22.9508 8
      vertex 2.68856 -22.7284 8
      vertex 1.29904 -22.85 8
    endloop
  endfacet
  facet normal 0 0 1
    outer loop
      vertex 1.50427 -22.9508 8
      vertex 1.29904 -22.85 8
      vertex 1.32759 -22.9565 8
    endloop
  endfacet
  facet normal 0 0 1
    outer loop
      vertex 2.68856 -22.7284 8
      vertex 1.50427 -22.9508 8
      vertex 2.67923 -22.835 8
    endloop
  endfacet
  facet normal -0 0 1
    outer loop
      vertex 0 -19 8
      vertex 0.75 -22.301 8
      vertex 1.86232 -18.9085 8
    endloop
  endfacet
  facet normal 0 0 1
    outer loop
      vertex 0 -19 8
      vertex 0 -22.1 8
      vertex 0.75 -22.301 8
    endloop
  endfacet
  facet normal 0 0 1
    outer loop
      vertex 0 -19 8
      vertex -0.75 -22.301 8
      vertex 0 -22.1 8
    endloop
  endfacet
  facet normal 0 0 1
    outer loop
      vertex -1.86232 -18.9085 8
      vertex -0.75 -22.301 8
      vertex 0 -19 8
    endloop
  endfacet
  facet normal 0 0 1
    outer loop
      vertex -1.29904 -22.85 8
      vertex -1.50427 -22.9508 8
      vertex -1.32759 -22.9565 8
    endloop
  endfacet
  facet normal -0 0 1
    outer loop
      vertex -3.13391 -22.0924 8
      vertex -0.75 -22.301 8
      vertex -1.86232 -18.9085 8
    endloop
  endfacet
  facet normal 0 0 1
    outer loop
      vertex -0.75 -22.301 8
      vertex -3.13391 -22.0924 8
      vertex -1.29904 -22.85 8
    endloop
  endfacet
  facet normal -0 -0 1
    outer loop
      vertex -2.68856 -22.7284 8
      vertex -1.29904 -22.85 8
      vertex -3.13391 -22.0924 8
    endloop
  endfacet
  facet normal 0 0 1
    outer loop
      vertex -1.50427 -22.9508 8
      vertex -2.68856 -22.7284 8
      vertex -2.67923 -22.835 8
    endloop
  endfacet
  facet normal 0 0 1
    outer loop
      vertex -1.29904 -22.85 8
      vertex -2.68856 -22.7284 8
      vertex -1.50427 -22.9508 8
    endloop
  endfacet
  facet normal 0 0 1
    outer loop
      vertex -3.83762 -21.7643 8
      vertex -1.86232 -18.9085 8
      vertex -3.70672 -18.6349 8
    endloop
  endfacet
  facet normal 0 0 1
    outer loop
      vertex -1.86232 -18.9085 8
      vertex -3.83762 -21.7643 8
      vertex -3.13391 -22.0924 8
    endloop
  endfacet
  facet normal 0 0 1
    outer loop
      vertex -3.70672 -18.6349 8
      vertex -4.61113 -21.8319 8
      vertex -3.83762 -21.7643 8
    endloop
  endfacet
  facet normal 0 0 1
    outer loop
      vertex -5.51541 -18.1819 8
      vertex -4.61113 -21.8319 8
      vertex -3.70672 -18.6349 8
    endloop
  endfacet
  facet normal -0 0 1
    outer loop
      vertex -6.92261 -21.2126 8
      vertex -4.61113 -21.8319 8
      vertex -5.51541 -18.1819 8
    endloop
  endfacet
  facet normal 0 0 1
    outer loop
      vertex -4.61113 -21.8319 8
      vertex -5.95284 -22.2163 8
      vertex -5.24716 -22.2773 8
    endloop
  endfacet
  facet normal 0 0 1
    outer loop
      vertex -6.92261 -21.2126 8
      vertex -5.51541 -18.1819 8
      vertex -5.81634 -18.0742 8
    endloop
  endfacet
  facet normal 0 0 1
    outer loop
      vertex -5.24716 -22.2773 8
      vertex -5.95284 -22.2163 8
      vertex -5.29071 -22.3707 8
    endloop
  endfacet
  facet normal 0 0 1
    outer loop
      vertex 10.3285 -20.5447 8
      vertex 10.3 -20.4382 8
      vertex 10.1726 -20.6281 8
    endloop
  endfacet
  facet normal 0 0 1
    outer loop
      vertex -18.9085 1.86232 8
      vertex -22.301 0.75 8
      vertex -19 0 8
    endloop
  endfacet
  facet normal 0 0 1
    outer loop
      vertex -22.301 -0.75 8
      vertex -19 0 8
      vertex -22.1 0 8
    endloop
  endfacet
  facet normal 0 0 1
    outer loop
      vertex -19 0 8
      vertex -22.0924 -3.13391 8
      vertex -21.7643 -3.83762 8
    endloop
  endfacet
  facet normal 0 0 1
    outer loop
      vertex -19 0 8
      vertex -22.301 0.75 8
      vertex -22.1 0 8
    endloop
  endfacet
  facet normal -0 0 1
    outer loop
      vertex -22.7284 2.68856 8
      vertex -22.301 0.75 8
      vertex -22.0924 3.13391 8
    endloop
  endfacet
  facet normal 0 0 1
    outer loop
      vertex -22.9508 1.50427 8
      vertex -22.7284 2.68856 8
      vertex -22.835 2.67923 8
    endloop
  endfacet
  facet normal 0 0 1
    outer loop
      vertex -22.7284 2.68856 8
      vertex -22.85 1.29904 8
      vertex -22.301 0.75 8
    endloop
  endfacet
  facet normal 0 0 1
    outer loop
      vertex -22.7284 2.68856 8
      vertex -22.9508 1.50427 8
      vertex -22.85 1.29904 8
    endloop
  endfacet
  facet normal 0 0 1
    outer loop
      vertex -22.85 1.29904 8
      vertex -22.9508 1.50427 8
      vertex -22.9565 1.32759 8
    endloop
  endfacet
  facet normal -0 0 1
    outer loop
      vertex -22.0924 3.13391 8
      vertex -18.9085 1.86232 8
      vertex -21.7643 3.83762 8
    endloop
  endfacet
  facet normal 0 0 1
    outer loop
      vertex -19 0 8
      vertex -20.7672 -7.55864 8
      vertex -20.6995 -8.33215 8
    endloop
  endfacet
  facet normal 0 0 1
    outer loop
      vertex -21.7643 3.83762 8
      vertex -20.7672 7.55864 8
      vertex -21.2126 6.92261 8
    endloop
  endfacet
  facet normal 0 0 1
    outer loop
      vertex -22.301 0.75 8
      vertex -18.9085 1.86232 8
      vertex -22.0924 3.13391 8
    endloop
  endfacet
  facet normal 0 0 1
    outer loop
      vertex -19 0 8
      vertex -21.7643 -3.83762 8
      vertex -20.7672 -7.55864 8
    endloop
  endfacet
  facet normal 0 0 1
    outer loop
      vertex -21.2126 6.92261 8
      vertex -21.8319 4.61113 8
      vertex -21.7643 3.83762 8
    endloop
  endfacet
  facet normal 0 0 1
    outer loop
      vertex -22.2163 5.95284 8
      vertex -21.2126 6.92261 8
      vertex -21.9163 6.59446 8
    endloop
  endfacet
  facet normal 0 0 1
    outer loop
      vertex -22.2163 5.95284 8
      vertex -21.9163 6.59446 8
      vertex -22.0189 6.60345 8
    endloop
  endfacet
  facet normal 0 0 1
    outer loop
      vertex -21.2126 6.92261 8
      vertex -22.2163 5.95284 8
      vertex -21.8319 4.61113 8
    endloop
  endfacet
  facet normal 0 0 1
    outer loop
      vertex -22.2163 5.95284 8
      vertex -22.2773 5.24716 8
      vertex -21.8319 4.61113 8
    endloop
  endfacet
  facet normal 0 -0 1
    outer loop
      vertex -22.2773 5.24716 8
      vertex -22.2163 5.95284 8
      vertex -22.3707 5.29071 8
    endloop
  endfacet
  facet normal -0 0 1
    outer loop
      vertex -21.0277 -9.03586 8
      vertex -20.4382 -10.3 8
      vertex -20.6995 -8.33215 8
    endloop
  endfacet
  facet normal 0 0 1
    outer loop
      vertex -20.4382 -10.3 8
      vertex -21.0277 -9.03586 8
      vertex -20.6281 -10.1726 8
    endloop
  endfacet
  facet normal 0 0 1
    outer loop
      vertex -20.6281 -10.1726 8
      vertex -21.0277 -9.03586 8
      vertex -21.1153 -9.09723 8
    endloop
  endfacet
  facet normal 0 0 1
    outer loop
      vertex -20.7672 -7.55864 8
      vertex -21.7643 -3.83762 8
      vertex -21.2126 -6.92261 8
    endloop
  endfacet
  facet normal -0 0 1
    outer loop
      vertex -21.8319 -4.61113 8
      vertex -21.2126 -6.92261 8
      vertex -21.7643 -3.83762 8
    endloop
  endfacet
  facet normal -0 0 1
    outer loop
      vertex -22.2163 -5.95284 8
      vertex -21.2126 -6.92261 8
      vertex -21.8319 -4.61113 8
    endloop
  endfacet
  facet normal 0 0 1
    outer loop
      vertex -21.2126 -6.92261 8
      vertex -22.2163 -5.95284 8
      vertex -21.9163 -6.59446 8
    endloop
  endfacet
  facet normal 0 0 1
    outer loop
      vertex -21.9163 -6.59446 8
      vertex -22.2163 -5.95284 8
      vertex -22.0189 -6.60345 8
    endloop
  endfacet
  facet normal -0 0 1
    outer loop
      vertex -22.2773 -5.24716 8
      vertex -22.2163 -5.95284 8
      vertex -21.8319 -4.61113 8
    endloop
  endfacet
  facet normal 0 0 1
    outer loop
      vertex -22.2163 -5.95284 8
      vertex -22.2773 -5.24716 8
      vertex -22.3707 -5.29071 8
    endloop
  endfacet
  facet normal 0 0 1
    outer loop
      vertex -19 0 8
      vertex -22.301 -0.75 8
      vertex -22.0924 -3.13391 8
    endloop
  endfacet
  facet normal 0 0 1
    outer loop
      vertex -22.301 -0.75 8
      vertex -22.7284 -2.68856 8
      vertex -22.0924 -3.13391 8
    endloop
  endfacet
  facet normal -0 0 1
    outer loop
      vertex -22.85 -1.29904 8
      vertex -22.7284 -2.68856 8
      vertex -22.301 -0.75 8
    endloop
  endfacet
  facet normal -0 0 1
    outer loop
      vertex -22.9508 -1.50427 8
      vertex -22.7284 -2.68856 8
      vertex -22.85 -1.29904 8
    endloop
  endfacet
  facet normal 0 0 1
    outer loop
      vertex -22.7284 -2.68856 8
      vertex -22.9508 -1.50427 8
      vertex -22.835 -2.67923 8
    endloop
  endfacet
  facet normal 0 -0 1
    outer loop
      vertex -22.9508 -1.50427 8
      vertex -22.85 -1.29904 8
      vertex -22.9565 -1.32759 8
    endloop
  endfacet
  facet normal 0 0 1
    outer loop
      vertex -20.6995 -8.33215 8
      vertex -18.9085 -1.86232 8
      vertex -19 0 8
    endloop
  endfacet
  facet normal 0 0 1
    outer loop
      vertex -18.1819 5.51541 8
      vertex -21.7643 3.83762 8
      vertex -18.6349 3.70672 8
    endloop
  endfacet
  facet normal 0 0 1
    outer loop
      vertex -18.9085 -1.86232 8
      vertex -19.1392 -11.05 8
      vertex -18.9382 -11.8 8
    endloop
  endfacet
  facet normal 0 0 1
    outer loop
      vertex -20.6995 8.33215 8
      vertex -19.1392 11.05 8
      vertex -19.6882 10.501 8
    endloop
  endfacet
  facet normal 0 0 1
    outer loop
      vertex -18.6349 3.70672 8
      vertex -21.7643 3.83762 8
      vertex -18.9085 1.86232 8
    endloop
  endfacet
  facet normal 0 0 1
    outer loop
      vertex -20.6995 8.33215 8
      vertex -19.6882 10.501 8
      vertex -20.4382 10.3 8
    endloop
  endfacet
  facet normal -0 0 1
    outer loop
      vertex -20.6995 -8.33215 8
      vertex -19.1392 -11.05 8
      vertex -18.9085 -1.86232 8
    endloop
  endfacet
  facet normal 0 0 1
    outer loop
      vertex -20.6281 10.1726 8
      vertex -20.4382 10.3 8
      vertex -20.5447 10.3285 8
    endloop
  endfacet
  facet normal 0 0 1
    outer loop
      vertex -19.1392 -11.05 8
      vertex -20.6995 -8.33215 8
      vertex -19.6882 -10.501 8
    endloop
  endfacet
  facet normal 0 0 1
    outer loop
      vertex -21.0277 9.03586 8
      vertex -20.4382 10.3 8
      vertex -20.6281 10.1726 8
    endloop
  endfacet
  facet normal 0 0 1
    outer loop
      vertex -20.6995 -8.33215 8
      vertex -20.4382 -10.3 8
      vertex -19.6882 -10.501 8
    endloop
  endfacet
  facet normal 0 0 1
    outer loop
      vertex -20.4382 -10.3 8
      vertex -20.6281 -10.1726 8
      vertex -20.5447 -10.3285 8
    endloop
  endfacet
  facet normal 0 0 1
    outer loop
      vertex -20.4382 10.3 8
      vertex -21.0277 9.03586 8
      vertex -20.6995 8.33215 8
    endloop
  endfacet
  facet normal 0 -0 1
    outer loop
      vertex -21.0277 9.03586 8
      vertex -20.6281 10.1726 8
      vertex -21.1153 9.09723 8
    endloop
  endfacet
  facet normal 0 0 1
    outer loop
      vertex -16.2635 16.2635 8
      vertex -16.6691 15.6828 8
      vertex -16.6014 14.9093 8
    endloop
  endfacet
  facet normal 0 -0 1
    outer loop
      vertex -16.6691 15.6828 8
      vertex -16.2635 16.2635 8
      vertex -16.7282 15.7672 8
    endloop
  endfacet
  facet normal 0 0 1
    outer loop
      vertex -11.8 -18.9382 8
      vertex -13.7602 -17.5656 8
      vertex -13.6926 -18.3391 8
    endloop
  endfacet
  facet normal 0 0 1
    outer loop
      vertex -12.7395 -14.0654 8
      vertex -14.2056 -16.9296 8
      vertex -13.7602 -17.5656 8
    endloop
  endfacet
  facet normal 0 0 1
    outer loop
      vertex -16.9296 -14.2056 8
      vertex -13.435 -13.435 8
      vertex -14.6872 -12.0535 8
    endloop
  endfacet
  facet normal 0 0 1
    outer loop
      vertex -12.7395 -14.0654 8
      vertex -14.9093 -16.6014 8
      vertex -14.2056 -16.9296 8
    endloop
  endfacet
  facet normal 0 0 1
    outer loop
      vertex -13.435 -13.435 8
      vertex -16.6014 -14.9093 8
      vertex -14.9093 -16.6014 8
    endloop
  endfacet
  facet normal -0 -0 1
    outer loop
      vertex -16.2635 -16.2635 8
      vertex -14.9093 -16.6014 8
      vertex -16.6014 -14.9093 8
    endloop
  endfacet
  facet normal 0 0 1
    outer loop
      vertex -17.5656 -13.7602 8
      vertex -14.6872 -12.0535 8
      vertex -15.7979 -10.5558 8
    endloop
  endfacet
  facet normal 0 0 1
    outer loop
      vertex -14.9093 -16.6014 8
      vertex -16.2635 -16.2635 8
      vertex -15.6828 -16.6691 8
    endloop
  endfacet
  facet normal 0 0 1
    outer loop
      vertex -15.6828 -16.6691 8
      vertex -16.2635 -16.2635 8
      vertex -15.7672 -16.7282 8
    endloop
  endfacet
  facet normal 0 0 1
    outer loop
      vertex -18.9382 -11.8 8
      vertex -15.7979 -10.5558 8
      vertex -16.7565 -8.95654 8
    endloop
  endfacet
  facet normal 0 0 1
    outer loop
      vertex -13.435 -13.435 8
      vertex -16.9296 -14.2056 8
      vertex -16.6014 -14.9093 8
    endloop
  endfacet
  facet normal 0 0 1
    outer loop
      vertex -18.9382 -11.8 8
      vertex -16.7565 -8.95654 8
      vertex -17.5537 -7.27098 8
    endloop
  endfacet
  facet normal 0 0 1
    outer loop
      vertex -14.6872 -12.0535 8
      vertex -17.5656 -13.7602 8
      vertex -16.9296 -14.2056 8
    endloop
  endfacet
  facet normal 0 0 1
    outer loop
      vertex -18.9382 -11.8 8
      vertex -17.5537 -7.27098 8
      vertex -18.1819 -5.51541 8
    endloop
  endfacet
  facet normal 0 0 1
    outer loop
      vertex -15.7979 -10.5558 8
      vertex -18.9382 -11.8 8
      vertex -17.5656 -13.7602 8
    endloop
  endfacet
  facet normal 0 0 1
    outer loop
      vertex -17.5656 -13.7602 8
      vertex -18.9382 -11.8 8
      vertex -18.3391 -13.6926 8
    endloop
  endfacet
  facet normal 0 0 1
    outer loop
      vertex -18.9382 -11.8 8
      vertex -18.1819 -5.51541 8
      vertex -18.6349 -3.70672 8
    endloop
  endfacet
  facet normal 0 0 1
    outer loop
      vertex -18.9382 -11.8 8
      vertex -18.6349 -3.70672 8
      vertex -18.9085 -1.86232 8
    endloop
  endfacet
  facet normal -0 0 1
    outer loop
      vertex -19.1392 -12.55 8
      vertex -18.3391 -13.6926 8
      vertex -18.9382 -11.8 8
    endloop
  endfacet
  facet normal -0 -0 1
    outer loop
      vertex -19.1238 -12.7781 8
      vertex -18.3391 -13.6926 8
      vertex -19.1392 -12.55 8
    endloop
  endfacet
  facet normal 0 0 1
    outer loop
      vertex -18.3391 -13.6926 8
      vertex -19.1238 -12.7781 8
      vertex -18.4361 -13.7378 8
    endloop
  endfacet
  facet normal 0 0 1
    outer loop
      vertex -19.1238 -12.7781 8
      vertex -19.1392 -12.55 8
      vertex -19.2172 -12.628 8
    endloop
  endfacet
  facet normal 0 0 1
    outer loop
      vertex -10.1726 20.6281 8
      vertex -10.3285 20.5447 8
      vertex -10.3 20.4382 8
    endloop
  endfacet
  facet normal 0 0 1
    outer loop
      vertex -3.77117 -7.05537 8
      vertex -12.7395 -14.0654 8
      vertex -5.81634 -18.0742 8
    endloop
  endfacet
  facet normal 0 0 1
    outer loop
      vertex -4.61113 -21.8319 8
      vertex -6.92261 -21.2126 8
      vertex -6.59446 -21.9163 8
    endloop
  endfacet
  facet normal 0 0 1
    outer loop
      vertex -12.7395 -14.0654 8
      vertex -6.65176 -4.44456 8
      vertex -6.9233 -3.99151 8
    endloop
  endfacet
  facet normal 0 0 1
    outer loop
      vertex -5.81634 -18.0742 8
      vertex -7.55864 -20.7672 8
      vertex -6.92261 -21.2126 8
    endloop
  endfacet
  facet normal 0 -0 1
    outer loop
      vertex -11.05 -19.1392 8
      vertex -5.81634 -18.0742 8
      vertex -12.7395 -14.0654 8
    endloop
  endfacet
  facet normal 0 -0 1
    outer loop
      vertex -10.501 -19.6882 8
      vertex -5.81634 -18.0742 8
      vertex -11.05 -19.1392 8
    endloop
  endfacet
  facet normal 0 0 1
    outer loop
      vertex -5.81634 -18.0742 8
      vertex -8.33215 -20.6995 8
      vertex -7.55864 -20.7672 8
    endloop
  endfacet
  facet normal -0 -0 1
    outer loop
      vertex -10.3 -20.4382 8
      vertex -9.03586 -21.0277 8
      vertex -10.501 -19.6882 8
    endloop
  endfacet
  facet normal -0 -0 1
    outer loop
      vertex -10.1726 -20.6281 8
      vertex -9.03586 -21.0277 8
      vertex -10.3 -20.4382 8
    endloop
  endfacet
  facet normal 0 0 1
    outer loop
      vertex -9.03586 -21.0277 8
      vertex -10.1726 -20.6281 8
      vertex -9.09723 -21.1153 8
    endloop
  endfacet
  facet normal 0 0 1
    outer loop
      vertex -8.33215 -20.6995 8
      vertex -10.501 -19.6882 8
      vertex -9.03586 -21.0277 8
    endloop
  endfacet
  facet normal 0 0 1
    outer loop
      vertex -5.81634 -18.0742 8
      vertex -10.501 -19.6882 8
      vertex -8.33215 -20.6995 8
    endloop
  endfacet
  facet normal 0 0 1
    outer loop
      vertex -11.05 -19.1392 8
      vertex -12.7395 -14.0654 8
      vertex -11.8 -18.9382 8
    endloop
  endfacet
  facet normal -0 0 1
    outer loop
      vertex -13.7602 -17.5656 8
      vertex -11.8 -18.9382 8
      vertex -12.7395 -14.0654 8
    endloop
  endfacet
  facet normal 0 0 1
    outer loop
      vertex -11.8 -18.9382 8
      vertex -13.6926 -18.3391 8
      vertex -12.55 -19.1392 8
    endloop
  endfacet
  facet normal 0 0 1
    outer loop
      vertex -12.55 -19.1392 8
      vertex -12.7781 -19.1238 8
      vertex -12.628 -19.2172 8
    endloop
  endfacet
  facet normal 0 0 1
    outer loop
      vertex -14.9093 -16.6014 8
      vertex -12.7395 -14.0654 8
      vertex -13.435 -13.435 8
    endloop
  endfacet
  facet normal 0 0 1
    outer loop
      vertex -12.55 -19.1392 8
      vertex -13.6926 -18.3391 8
      vertex -12.7781 -19.1238 8
    endloop
  endfacet
  facet normal 0 0 1
    outer loop
      vertex -12.7781 -19.1238 8
      vertex -13.6926 -18.3391 8
      vertex -13.7378 -18.4361 8
    endloop
  endfacet
  facet normal 0 0 1
    outer loop
      vertex -0.784137 -7.96148 8
      vertex -5.81634 -18.0742 8
      vertex -6.86853e-07 -8 8
    endloop
  endfacet
  facet normal 0 0 1
    outer loop
      vertex -1.56072 -7.84628 8
      vertex -5.81634 -18.0742 8
      vertex -0.784137 -7.96148 8
    endloop
  endfacet
  facet normal 0 0 1
    outer loop
      vertex -2.32228 -7.65552 8
      vertex -5.81634 -18.0742 8
      vertex -1.56072 -7.84628 8
    endloop
  endfacet
  facet normal 0 0 1
    outer loop
      vertex -3.06147 -7.39104 8
      vertex -5.81634 -18.0742 8
      vertex -2.32228 -7.65552 8
    endloop
  endfacet
  facet normal 0 0 1
    outer loop
      vertex -3.77117 -7.05537 8
      vertex -5.81634 -18.0742 8
      vertex -3.06147 -7.39104 8
    endloop
  endfacet
  facet normal 0 0 1
    outer loop
      vertex -12.7395 -14.0654 8
      vertex -3.77117 -7.05537 8
      vertex -4.44456 -6.65176 8
    endloop
  endfacet
  facet normal 0 0 1
    outer loop
      vertex -12.7395 -14.0654 8
      vertex -4.44456 -6.65176 8
      vertex -5.07515 -6.18408 8
    endloop
  endfacet
  facet normal 0 0 1
    outer loop
      vertex -12.7395 -14.0654 8
      vertex -5.07515 -6.18408 8
      vertex -5.65685 -5.65685 8
    endloop
  endfacet
  facet normal 0 0 1
    outer loop
      vertex -12.7395 -14.0654 8
      vertex -5.65685 -5.65685 8
      vertex -6.18408 -5.07515 8
    endloop
  endfacet
  facet normal 0 0 1
    outer loop
      vertex -12.7395 -14.0654 8
      vertex -6.18408 -5.07515 8
      vertex -6.65176 -4.44456 8
    endloop
  endfacet
  facet normal 0 0 1
    outer loop
      vertex -4.61113 -21.8319 8
      vertex -6.59446 -21.9163 8
      vertex -5.95284 -22.2163 8
    endloop
  endfacet
  facet normal 0 0 1
    outer loop
      vertex -5.95284 -22.2163 8
      vertex -6.59446 -21.9163 8
      vertex -6.60345 -22.0189 8
    endloop
  endfacet
  facet normal 0 0 1
    outer loop
      vertex -5.81634 18.0742 8
      vertex -6.65176 4.44456 8
      vertex -6.18408 5.07515 8
    endloop
  endfacet
  facet normal -0 0 1
    outer loop
      vertex -7.55864 20.7672 8
      vertex -5.81634 18.0742 8
      vertex -6.92261 21.2126 8
    endloop
  endfacet
  facet normal -0 0 1
    outer loop
      vertex -8.33215 20.6995 8
      vertex -5.81634 18.0742 8
      vertex -7.55864 20.7672 8
    endloop
  endfacet
  facet normal 0 0 1
    outer loop
      vertex -5.81634 18.0742 8
      vertex -12.7395 14.0654 8
      vertex -6.65176 4.44456 8
    endloop
  endfacet
  facet normal -0 0 1
    outer loop
      vertex -10.501 19.6882 8
      vertex -5.81634 18.0742 8
      vertex -8.33215 20.6995 8
    endloop
  endfacet
  facet normal 0 0 1
    outer loop
      vertex -10.501 19.6882 8
      vertex -8.33215 20.6995 8
      vertex -9.03586 21.0277 8
    endloop
  endfacet
  facet normal 0 0 1
    outer loop
      vertex -10.1726 20.6281 8
      vertex -9.03586 21.0277 8
      vertex -9.09723 21.1153 8
    endloop
  endfacet
  facet normal 0 0 1
    outer loop
      vertex -9.03586 21.0277 8
      vertex -10.1726 20.6281 8
      vertex -10.3 20.4382 8
    endloop
  endfacet
  facet normal 0 0 1
    outer loop
      vertex -9.03586 21.0277 8
      vertex -10.3 20.4382 8
      vertex -10.501 19.6882 8
    endloop
  endfacet
  facet normal 0 0 1
    outer loop
      vertex -5.81634 18.0742 8
      vertex -10.501 19.6882 8
      vertex -11.05 19.1392 8
    endloop
  endfacet
  facet normal 0 0 1
    outer loop
      vertex -5.81634 18.0742 8
      vertex -11.05 19.1392 8
      vertex -12.7395 14.0654 8
    endloop
  endfacet
  facet normal 0 0 1
    outer loop
      vertex -12.7395 14.0654 8
      vertex -11.05 19.1392 8
      vertex -11.8 18.9382 8
    endloop
  endfacet
  facet normal 0 0 1
    outer loop
      vertex -13.7602 17.5656 8
      vertex -11.8 18.9382 8
      vertex -12.55 19.1392 8
    endloop
  endfacet
  facet normal 0 0 1
    outer loop
      vertex -12.7781 19.1238 8
      vertex -12.55 19.1392 8
      vertex -12.628 19.2172 8
    endloop
  endfacet
  facet normal 0 0 1
    outer loop
      vertex -6.65176 4.44456 8
      vertex -12.7395 14.0654 8
      vertex -6.9233 3.99151 8
    endloop
  endfacet
  facet normal 0 0 1
    outer loop
      vertex -13.6926 18.3391 8
      vertex -12.55 19.1392 8
      vertex -12.7781 19.1238 8
    endloop
  endfacet
  facet normal 0 0 1
    outer loop
      vertex -11.8 18.9382 8
      vertex -13.7602 17.5656 8
      vertex -12.7395 14.0654 8
    endloop
  endfacet
  facet normal 0 0 1
    outer loop
      vertex -12.55 19.1392 8
      vertex -13.6926 18.3391 8
      vertex -13.7602 17.5656 8
    endloop
  endfacet
  facet normal 0 -0 1
    outer loop
      vertex -13.6926 18.3391 8
      vertex -12.7781 19.1238 8
      vertex -13.7378 18.4361 8
    endloop
  endfacet
  facet normal 0 0 1
    outer loop
      vertex -10.1726 -20.6281 8
      vertex -10.3 -20.4382 8
      vertex -10.3285 -20.5447 8
    endloop
  endfacet
  facet normal -0 0 1
    outer loop
      vertex -14.2056 16.9296 8
      vertex -12.7395 14.0654 8
      vertex -13.7602 17.5656 8
    endloop
  endfacet
  facet normal -0 0 1
    outer loop
      vertex -14.9093 16.6014 8
      vertex -12.7395 14.0654 8
      vertex -14.2056 16.9296 8
    endloop
  endfacet
  facet normal 0 0 1
    outer loop
      vertex -12.7395 14.0654 8
      vertex -14.9093 16.6014 8
      vertex -13.435 13.435 8
    endloop
  endfacet
  facet normal -0 0 1
    outer loop
      vertex -16.6014 14.9093 8
      vertex -13.435 13.435 8
      vertex -14.9093 16.6014 8
    endloop
  endfacet
  facet normal 0 0 1
    outer loop
      vertex -16.2635 16.2635 8
      vertex -14.9093 16.6014 8
      vertex -15.6828 16.6691 8
    endloop
  endfacet
  facet normal 0 0 1
    outer loop
      vertex -16.2635 16.2635 8
      vertex -15.6828 16.6691 8
      vertex -15.7672 16.7282 8
    endloop
  endfacet
  facet normal -0 0 1
    outer loop
      vertex -16.9296 14.2056 8
      vertex -13.435 13.435 8
      vertex -16.6014 14.9093 8
    endloop
  endfacet
  facet normal 0 0 1
    outer loop
      vertex -14.9093 16.6014 8
      vertex -16.2635 16.2635 8
      vertex -16.6014 14.9093 8
    endloop
  endfacet
  facet normal 0 0 1
    outer loop
      vertex -13.435 13.435 8
      vertex -16.9296 14.2056 8
      vertex -14.6872 12.0535 8
    endloop
  endfacet
  facet normal -0 0 1
    outer loop
      vertex -17.5656 13.7602 8
      vertex -14.6872 12.0535 8
      vertex -16.9296 14.2056 8
    endloop
  endfacet
  facet normal 0 0 1
    outer loop
      vertex -14.6872 12.0535 8
      vertex -17.5656 13.7602 8
      vertex -15.7979 10.5558 8
    endloop
  endfacet
  facet normal -0 0 1
    outer loop
      vertex -18.9382 11.8 8
      vertex -15.7979 10.5558 8
      vertex -17.5656 13.7602 8
    endloop
  endfacet
  facet normal -0 0 1
    outer loop
      vertex -19.1392 11.05 8
      vertex -15.7979 10.5558 8
      vertex -18.9382 11.8 8
    endloop
  endfacet
  facet normal 0 0 1
    outer loop
      vertex -15.7979 10.5558 8
      vertex -19.1392 11.05 8
      vertex -16.7565 8.95654 8
    endloop
  endfacet
  facet normal 0 0 1
    outer loop
      vertex -18.9382 11.8 8
      vertex -17.5656 13.7602 8
      vertex -18.3391 13.6926 8
    endloop
  endfacet
  facet normal 0 0 1
    outer loop
      vertex -19.1238 12.7781 8
      vertex -18.3391 13.6926 8
      vertex -18.4361 13.7378 8
    endloop
  endfacet
  facet normal 0 0 1
    outer loop
      vertex -20.6995 8.33215 8
      vertex -16.7565 8.95654 8
      vertex -19.1392 11.05 8
    endloop
  endfacet
  facet normal 0 0 1
    outer loop
      vertex -16.7565 8.95654 8
      vertex -20.6995 8.33215 8
      vertex -17.5537 7.27098 8
    endloop
  endfacet
  facet normal -0 0 1
    outer loop
      vertex -20.7672 7.55864 8
      vertex -17.5537 7.27098 8
      vertex -20.6995 8.33215 8
    endloop
  endfacet
  facet normal 0 0 1
    outer loop
      vertex -18.3391 13.6926 8
      vertex -19.1238 12.7781 8
      vertex -19.1392 12.55 8
    endloop
  endfacet
  facet normal 0 0 1
    outer loop
      vertex -18.3391 13.6926 8
      vertex -19.1392 12.55 8
      vertex -18.9382 11.8 8
    endloop
  endfacet
  facet normal 0 -0 1
    outer loop
      vertex -19.1392 12.55 8
      vertex -19.1238 12.7781 8
      vertex -19.2172 12.628 8
    endloop
  endfacet
  facet normal -0 0 1
    outer loop
      vertex -16.6691 -15.6828 8
      vertex -16.2635 -16.2635 8
      vertex -16.6014 -14.9093 8
    endloop
  endfacet
  facet normal 0 0 1
    outer loop
      vertex -16.2635 -16.2635 8
      vertex -16.6691 -15.6828 8
      vertex -16.7282 -15.7672 8
    endloop
  endfacet
  facet normal 0 0 1
    outer loop
      vertex -17.5537 7.27098 8
      vertex -20.7672 7.55864 8
      vertex -18.1819 5.51541 8
    endloop
  endfacet
  facet normal 0 0 1
    outer loop
      vertex -21.7643 3.83762 8
      vertex -18.1819 5.51541 8
      vertex -20.7672 7.55864 8
    endloop
  endfacet
  facet normal 0 0 1
    outer loop
      vertex 6.60345 -22.0189 8
      vertex 6.59446 -21.9163 8
      vertex 5.95284 -22.2163 8
    endloop
  endfacet
  facet normal 0 0 1
    outer loop
      vertex -5.81634 18.0742 8
      vertex -0.784137 7.96148 8
      vertex -6.86853e-07 8 8
    endloop
  endfacet
  facet normal 0 0 1
    outer loop
      vertex -5.81634 18.0742 8
      vertex -1.56072 7.84628 8
      vertex -0.784137 7.96148 8
    endloop
  endfacet
  facet normal 0 0 1
    outer loop
      vertex -5.81634 18.0742 8
      vertex -2.32228 7.65552 8
      vertex -1.56072 7.84628 8
    endloop
  endfacet
  facet normal 0 0 1
    outer loop
      vertex -5.81634 18.0742 8
      vertex -3.06147 7.39104 8
      vertex -2.32228 7.65552 8
    endloop
  endfacet
  facet normal 0 0 1
    outer loop
      vertex -5.81634 18.0742 8
      vertex -3.77117 7.05537 8
      vertex -3.06147 7.39104 8
    endloop
  endfacet
  facet normal 0 0 1
    outer loop
      vertex -5.81634 18.0742 8
      vertex -4.44456 6.65176 8
      vertex -3.77117 7.05537 8
    endloop
  endfacet
  facet normal 0 0 1
    outer loop
      vertex -5.81634 18.0742 8
      vertex -5.07515 6.18408 8
      vertex -4.44456 6.65176 8
    endloop
  endfacet
  facet normal 0 0 1
    outer loop
      vertex -5.81634 18.0742 8
      vertex -5.65685 5.65685 8
      vertex -5.07515 6.18408 8
    endloop
  endfacet
  facet normal 0 0 1
    outer loop
      vertex -6.92261 21.2126 8
      vertex -5.95284 22.2163 8
      vertex -6.59446 21.9163 8
    endloop
  endfacet
  facet normal 0 0 1
    outer loop
      vertex -5.51541 18.1819 8
      vertex -6.92261 21.2126 8
      vertex -5.81634 18.0742 8
    endloop
  endfacet
  facet normal 0 0 1
    outer loop
      vertex -5.81634 18.0742 8
      vertex -6.18408 5.07515 8
      vertex -5.65685 5.65685 8
    endloop
  endfacet
  facet normal 0 -0 1
    outer loop
      vertex -6.59446 21.9163 8
      vertex -5.95284 22.2163 8
      vertex -6.60345 22.0189 8
    endloop
  endfacet
  facet normal -0.683486 0.729964 0
    outer loop
      vertex -15.7672 16.7282 0
      vertex -16.2635 16.2635 8
      vertex -15.7672 16.7282 8
    endloop
  endfacet
  facet normal -0.683486 0.729964 0
    outer loop
      vertex -16.2635 16.2635 8
      vertex -15.7672 16.7282 0
      vertex -16.2635 16.2635 0
    endloop
  endfacet
  facet normal 0.973873 0.227094 0
    outer loop
      vertex 22.3707 5.29071 8
      vertex 22.2163 5.95284 0
      vertex 22.2163 5.95284 8
    endloop
  endfacet
  facet normal 0.973873 0.227094 0
    outer loop
      vertex 22.2163 5.95284 0
      vertex 22.3707 5.29071 8
      vertex 22.3707 5.29071 0
    endloop
  endfacet
  facet normal 0 0 -1
    outer loop
      vertex 2.16182 1.44448 0
      vertex 13.755 1.50004 0
      vertex 2.29299 1.22563 0
    endloop
  endfacet
  facet normal 0 0 -1
    outer loop
      vertex 5.95284 -22.2163 0
      vertex 6.59446 -21.9163 0
      vertex 6.60345 -22.0189 0
    endloop
  endfacet
  facet normal 0 0 -1
    outer loop
      vertex 13.4163 -0.783768 0
      vertex 2.6 0 0
      vertex 13.3519 -0.526743 0
    endloop
  endfacet
  facet normal 0 0 -1
    outer loop
      vertex 10.1726 -20.6281 0
      vertex 10.3 -20.4382 0
      vertex 10.3285 -20.5447 0
    endloop
  endfacet
  facet normal 0 0 -1
    outer loop
      vertex 13.7602 -17.5656 0
      vertex 13.5055 -1.03325 0
      vertex 13.6188 -1.27277 0
    endloop
  endfacet
  facet normal 0 0 -1
    outer loop
      vertex 11.05 -19.1392 0
      vertex 13.7602 -17.5656 0
      vertex 11.8 -18.9382 0
    endloop
  endfacet
  facet normal -0 0 -1
    outer loop
      vertex 13.7602 -17.5656 0
      vertex 11.05 -19.1392 0
      vertex 13.5055 -1.03325 0
    endloop
  endfacet
  facet normal 0 0 -1
    outer loop
      vertex 8.33215 -20.6995 0
      vertex 11.05 -19.1392 0
      vertex 10.501 -19.6882 0
    endloop
  endfacet
  facet normal 0 0 -1
    outer loop
      vertex 7.55864 -20.7672 0
      vertex 11.05 -19.1392 0
      vertex 8.33215 -20.6995 0
    endloop
  endfacet
  facet normal 0 0 -1
    outer loop
      vertex 12.55 -19.1392 0
      vertex 13.6926 -18.3391 0
      vertex 12.7781 -19.1238 0
    endloop
  endfacet
  facet normal 0 0 -1
    outer loop
      vertex 12.7781 -19.1238 0
      vertex 13.6926 -18.3391 0
      vertex 13.7378 -18.4361 0
    endloop
  endfacet
  facet normal 0 0 -1
    outer loop
      vertex 19.1392 -11.05 0
      vertex 16.2646 -2.687 0
      vertex 16.5267 -2.64812 0
    endloop
  endfacet
  facet normal 0 0 -1
    outer loop
      vertex 16.2635 -16.2635 0
      vertex 16.6691 -15.6828 0
      vertex 16.7282 -15.7672 0
    endloop
  endfacet
  facet normal 0 0 -1
    outer loop
      vertex 16.2635 -16.2635 0
      vertex 16.6014 -14.9093 0
      vertex 16.6691 -15.6828 0
    endloop
  endfacet
  facet normal 0 0 -1
    outer loop
      vertex 14.9093 -16.6014 0
      vertex 16.6014 -14.9093 0
      vertex 16.2635 -16.2635 0
    endloop
  endfacet
  facet normal 0 0 -1
    outer loop
      vertex 16.9296 -14.2056 0
      vertex 16 -2.7 0
      vertex 16.2646 -2.687 0
    endloop
  endfacet
  facet normal 0 0 -1
    outer loop
      vertex 15.6828 -16.6691 0
      vertex 16.2635 -16.2635 0
      vertex 15.7672 -16.7282 0
    endloop
  endfacet
  facet normal 0 0 -1
    outer loop
      vertex 14.9093 -16.6014 0
      vertex 16.2635 -16.2635 0
      vertex 15.6828 -16.6691 0
    endloop
  endfacet
  facet normal 0 0 -1
    outer loop
      vertex 14.2056 -16.9296 0
      vertex 16.6014 -14.9093 0
      vertex 14.9093 -16.6014 0
    endloop
  endfacet
  facet normal 0 0 -1
    outer loop
      vertex 16.9296 -14.2056 0
      vertex 15.7354 -2.687 0
      vertex 16 -2.7 0
    endloop
  endfacet
  facet normal 0 0 -1
    outer loop
      vertex 16.9296 -14.2056 0
      vertex 15.4733 -2.64812 0
      vertex 15.7354 -2.687 0
    endloop
  endfacet
  facet normal 0 0 -1
    outer loop
      vertex 16.9296 -14.2056 0
      vertex 15.2162 -2.58374 0
      vertex 15.4733 -2.64812 0
    endloop
  endfacet
  facet normal 0 0 -1
    outer loop
      vertex 16.9296 -14.2056 0
      vertex 14.9668 -2.49447 0
      vertex 15.2162 -2.58374 0
    endloop
  endfacet
  facet normal 0 0 -1
    outer loop
      vertex 16.9296 -14.2056 0
      vertex 14.7272 -2.38119 0
      vertex 14.9668 -2.49447 0
    endloop
  endfacet
  facet normal -0 0 -1
    outer loop
      vertex 16.9296 -14.2056 0
      vertex 14.2056 -16.9296 0
      vertex 14.5 -2.24497 0
    endloop
  endfacet
  facet normal 0 0 -1
    outer loop
      vertex 16.9296 -14.2056 0
      vertex 14.5 -2.24497 0
      vertex 14.7272 -2.38119 0
    endloop
  endfacet
  facet normal -0 0 -1
    outer loop
      vertex 14.5 -2.24497 0
      vertex 14.2056 -16.9296 0
      vertex 14.2871 -2.08713 0
    endloop
  endfacet
  facet normal 0 0 -1
    outer loop
      vertex 14.2056 -16.9296 0
      vertex 14.0908 -1.90919 0
      vertex 14.2871 -2.08713 0
    endloop
  endfacet
  facet normal 0 0 -1
    outer loop
      vertex 14.2056 -16.9296 0
      vertex 13.9129 -1.71286 0
      vertex 14.0908 -1.90919 0
    endloop
  endfacet
  facet normal 0 0 -1
    outer loop
      vertex 13.7602 -17.5656 0
      vertex 13.9129 -1.71286 0
      vertex 14.2056 -16.9296 0
    endloop
  endfacet
  facet normal 0 0 -1
    outer loop
      vertex 13.7602 -17.5656 0
      vertex 13.755 -1.50004 0
      vertex 13.9129 -1.71286 0
    endloop
  endfacet
  facet normal 0 0 -1
    outer loop
      vertex 11.8 -18.9382 0
      vertex 13.7602 -17.5656 0
      vertex 13.6926 -18.3391 0
    endloop
  endfacet
  facet normal 0 0 -1
    outer loop
      vertex 13.7602 -17.5656 0
      vertex 13.6188 -1.27277 0
      vertex 13.755 -1.50004 0
    endloop
  endfacet
  facet normal 0 0 -1
    outer loop
      vertex 19.1238 -12.7781 0
      vertex 19.1392 -12.55 0
      vertex 19.2172 -12.628 0
    endloop
  endfacet
  facet normal 0 0 -1
    outer loop
      vertex 18.3391 -13.6926 0
      vertex 19.1392 -12.55 0
      vertex 19.1238 -12.7781 0
    endloop
  endfacet
  facet normal 0 0 -1
    outer loop
      vertex 18.245 1.50004 0
      vertex 22.0924 3.13391 0
      vertex 18.3812 1.27277 0
    endloop
  endfacet
  facet normal 0 0 -1
    outer loop
      vertex 19.1392 -11.05 0
      vertex 18.687 -0.264646 0
      vertex 18.7 0 0
    endloop
  endfacet
  facet normal 0 0 -1
    outer loop
      vertex 19.1392 -11.05 0
      vertex 18.6481 -0.526743 0
      vertex 18.687 -0.264646 0
    endloop
  endfacet
  facet normal 0 0 -1
    outer loop
      vertex 19.1392 -11.05 0
      vertex 18.5837 -0.783768 0
      vertex 18.6481 -0.526743 0
    endloop
  endfacet
  facet normal 0 0 -1
    outer loop
      vertex 19.1392 -11.05 0
      vertex 18.4945 -1.03325 0
      vertex 18.5837 -0.783768 0
    endloop
  endfacet
  facet normal 0 0 -1
    outer loop
      vertex 18.3391 -13.6926 0
      vertex 19.1238 -12.7781 0
      vertex 18.4361 -13.7378 0
    endloop
  endfacet
  facet normal -0 0 -1
    outer loop
      vertex 19.1392 -12.55 0
      vertex 18.3391 -13.6926 0
      vertex 18.9382 -11.8 0
    endloop
  endfacet
  facet normal 0 0 -1
    outer loop
      vertex 19.1392 -11.05 0
      vertex 18.3812 -1.27277 0
      vertex 18.4945 -1.03325 0
    endloop
  endfacet
  facet normal 0 0 -1
    outer loop
      vertex 17.5656 -13.7602 0
      vertex 18.9382 -11.8 0
      vertex 18.3391 -13.6926 0
    endloop
  endfacet
  facet normal 0 0 -1
    outer loop
      vertex 19.1392 -11.05 0
      vertex 18.245 -1.50004 0
      vertex 18.3812 -1.27277 0
    endloop
  endfacet
  facet normal 0 0 -1
    outer loop
      vertex 19.1392 -11.05 0
      vertex 18.0871 -1.71286 0
      vertex 18.245 -1.50004 0
    endloop
  endfacet
  facet normal 0 0 -1
    outer loop
      vertex 19.1392 -11.05 0
      vertex 17.9092 -1.90919 0
      vertex 18.0871 -1.71286 0
    endloop
  endfacet
  facet normal 0 0 -1
    outer loop
      vertex 19.1392 -11.05 0
      vertex 17.7129 -2.08713 0
      vertex 17.9092 -1.90919 0
    endloop
  endfacet
  facet normal 0 0 -1
    outer loop
      vertex 16.9296 -14.2056 0
      vertex 18.9382 -11.8 0
      vertex 17.5656 -13.7602 0
    endloop
  endfacet
  facet normal 0 0 -1
    outer loop
      vertex 19.1392 -11.05 0
      vertex 17.5 -2.24497 0
      vertex 17.7129 -2.08713 0
    endloop
  endfacet
  facet normal 0 0 -1
    outer loop
      vertex 19.1392 -11.05 0
      vertex 17.2728 -2.38119 0
      vertex 17.5 -2.24497 0
    endloop
  endfacet
  facet normal 0 0 -1
    outer loop
      vertex 19.1392 -11.05 0
      vertex 17.0332 -2.49447 0
      vertex 17.2728 -2.38119 0
    endloop
  endfacet
  facet normal 0 0 -1
    outer loop
      vertex 16.2646 -2.687 0
      vertex 19.1392 -11.05 0
      vertex 16.9296 -14.2056 0
    endloop
  endfacet
  facet normal 0 0 -1
    outer loop
      vertex 19.1392 -11.05 0
      vertex 16.7838 -2.58374 0
      vertex 17.0332 -2.49447 0
    endloop
  endfacet
  facet normal 0 0 -1
    outer loop
      vertex 14.2056 -16.9296 0
      vertex 16.9296 -14.2056 0
      vertex 16.6014 -14.9093 0
    endloop
  endfacet
  facet normal 0 0 -1
    outer loop
      vertex 19.1392 -11.05 0
      vertex 16.5267 -2.64812 0
      vertex 16.7838 -2.58374 0
    endloop
  endfacet
  facet normal -0 0 -1
    outer loop
      vertex 21.0277 -9.03586 0
      vertex 20.4382 -10.3 0
      vertex 20.6995 -8.33215 0
    endloop
  endfacet
  facet normal 0 0 -1
    outer loop
      vertex 20.4382 -10.3 0
      vertex 21.0277 -9.03586 0
      vertex 20.6281 -10.1726 0
    endloop
  endfacet
  facet normal 0 0 -1
    outer loop
      vertex 20.6281 -10.1726 0
      vertex 21.0277 -9.03586 0
      vertex 21.1153 -9.09723 0
    endloop
  endfacet
  facet normal 0 0 -1
    outer loop
      vertex 22.2163 -5.95284 0
      vertex 22.2773 -5.24716 0
      vertex 22.3707 -5.29071 0
    endloop
  endfacet
  facet normal 0 0 -1
    outer loop
      vertex 21.9163 -6.59446 0
      vertex 22.2163 -5.95284 0
      vertex 22.0189 -6.60345 0
    endloop
  endfacet
  facet normal 0 0 -1
    outer loop
      vertex 21.2126 -6.92261 0
      vertex 22.2163 -5.95284 0
      vertex 21.9163 -6.59446 0
    endloop
  endfacet
  facet normal 0 0 -1
    outer loop
      vertex 22.2163 -5.95284 0
      vertex 21.8319 -4.61113 0
      vertex 22.2773 -5.24716 0
    endloop
  endfacet
  facet normal -0 0 -1
    outer loop
      vertex 22.2163 -5.95284 0
      vertex 21.2126 -6.92261 0
      vertex 21.8319 -4.61113 0
    endloop
  endfacet
  facet normal 0 0 -1
    outer loop
      vertex 20.7672 -7.55864 0
      vertex 21.7643 -3.83762 0
      vertex 21.2126 -6.92261 0
    endloop
  endfacet
  facet normal -0 0 -1
    outer loop
      vertex 21.8319 -4.61113 0
      vertex 21.2126 -6.92261 0
      vertex 21.7643 -3.83762 0
    endloop
  endfacet
  facet normal 0 0 -1
    outer loop
      vertex 22.9508 -1.50427 0
      vertex 22.85 -1.29904 0
      vertex 22.9565 -1.32759 0
    endloop
  endfacet
  facet normal 0 0 -1
    outer loop
      vertex 22.7284 -2.68856 0
      vertex 22.9508 -1.50427 0
      vertex 22.835 -2.67923 0
    endloop
  endfacet
  facet normal -0 0 -1
    outer loop
      vertex 22.9508 -1.50427 0
      vertex 22.7284 -2.68856 0
      vertex 22.85 -1.29904 0
    endloop
  endfacet
  facet normal 0 0 -1
    outer loop
      vertex 22.7284 -2.68856 0
      vertex 22.301 -0.75 0
      vertex 22.85 -1.29904 0
    endloop
  endfacet
  facet normal 0 0 -1
    outer loop
      vertex 22.0924 -3.13391 0
      vertex 22.301 -0.75 0
      vertex 22.7284 -2.68856 0
    endloop
  endfacet
  facet normal 0 0 -1
    outer loop
      vertex 18.7 0 0
      vertex 22.301 -0.75 0
      vertex 22.0924 -3.13391 0
    endloop
  endfacet
  facet normal 0 0 -1
    outer loop
      vertex 22.85 1.29904 0
      vertex 22.9508 1.50427 0
      vertex 22.9565 1.32759 0
    endloop
  endfacet
  facet normal 0 0 -1
    outer loop
      vertex 22.7284 2.68856 0
      vertex 22.9508 1.50427 0
      vertex 22.85 1.29904 0
    endloop
  endfacet
  facet normal 0 0 -1
    outer loop
      vertex 22.9508 1.50427 0
      vertex 22.7284 2.68856 0
      vertex 22.835 2.67923 0
    endloop
  endfacet
  facet normal 0 0 -1
    outer loop
      vertex 22.301 0.75 0
      vertex 22.7284 2.68856 0
      vertex 22.85 1.29904 0
    endloop
  endfacet
  facet normal 0 0 -1
    outer loop
      vertex 18.687 0.264646 0
      vertex 22.1 0 0
      vertex 18.7 0 0
    endloop
  endfacet
  facet normal 0 0 -1
    outer loop
      vertex 22.301 0.75 0
      vertex 22.0924 3.13391 0
      vertex 22.7284 2.68856 0
    endloop
  endfacet
  facet normal 0 0 -1
    outer loop
      vertex 18.7 0 0
      vertex 22.0924 -3.13391 0
      vertex 21.7643 -3.83762 0
    endloop
  endfacet
  facet normal 0 0 -1
    outer loop
      vertex 22.301 -0.75 0
      vertex 18.7 0 0
      vertex 22.1 0 0
    endloop
  endfacet
  facet normal 0 0 -1
    outer loop
      vertex 18.6481 0.526743 0
      vertex 22.1 0 0
      vertex 18.687 0.264646 0
    endloop
  endfacet
  facet normal 0 0 -1
    outer loop
      vertex 22.2773 5.24716 0
      vertex 22.2163 5.95284 0
      vertex 22.3707 5.29071 0
    endloop
  endfacet
  facet normal 0 0 -1
    outer loop
      vertex 21.8319 4.61113 0
      vertex 22.2163 5.95284 0
      vertex 22.2773 5.24716 0
    endloop
  endfacet
  facet normal 0 0 -1
    outer loop
      vertex 22.2163 5.95284 0
      vertex 21.9163 6.59446 0
      vertex 22.0189 6.60345 0
    endloop
  endfacet
  facet normal 0 0 -1
    outer loop
      vertex 21.2126 6.92261 0
      vertex 22.2163 5.95284 0
      vertex 21.8319 4.61113 0
    endloop
  endfacet
  facet normal 0 0 -1
    outer loop
      vertex 22.301 0.75 0
      vertex 18.4945 1.03325 0
      vertex 22.0924 3.13391 0
    endloop
  endfacet
  facet normal 0 0 -1
    outer loop
      vertex 22.2163 5.95284 0
      vertex 21.2126 6.92261 0
      vertex 21.9163 6.59446 0
    endloop
  endfacet
  facet normal 0 0 -1
    outer loop
      vertex 18.7 0 0
      vertex 21.7643 -3.83762 0
      vertex 20.7672 -7.55864 0
    endloop
  endfacet
  facet normal 0 0 -1
    outer loop
      vertex 22.1 0 0
      vertex 18.6481 0.526743 0
      vertex 22.301 0.75 0
    endloop
  endfacet
  facet normal 0 0 -1
    outer loop
      vertex 18.3812 1.27277 0
      vertex 22.0924 3.13391 0
      vertex 18.4945 1.03325 0
    endloop
  endfacet
  facet normal 0 0 -1
    outer loop
      vertex 18.7 0 0
      vertex 20.7672 -7.55864 0
      vertex 20.6995 -8.33215 0
    endloop
  endfacet
  facet normal 0 0 -1
    outer loop
      vertex 18.5837 0.783768 0
      vertex 22.301 0.75 0
      vertex 18.6481 0.526743 0
    endloop
  endfacet
  facet normal 0 0 -1
    outer loop
      vertex 21.0277 9.03586 0
      vertex 20.6281 10.1726 0
      vertex 21.1153 9.09723 0
    endloop
  endfacet
  facet normal 0 0 -1
    outer loop
      vertex 20.4382 10.3 0
      vertex 21.0277 9.03586 0
      vertex 20.6995 8.33215 0
    endloop
  endfacet
  facet normal 0 0 -1
    outer loop
      vertex 19.1392 -11.05 0
      vertex 20.6995 -8.33215 0
      vertex 19.6882 -10.501 0
    endloop
  endfacet
  facet normal 0 0 -1
    outer loop
      vertex 20.4382 -10.3 0
      vertex 20.6281 -10.1726 0
      vertex 20.5447 -10.3285 0
    endloop
  endfacet
  facet normal 0 0 -1
    outer loop
      vertex 20.6995 -8.33215 0
      vertex 20.4382 -10.3 0
      vertex 19.6882 -10.501 0
    endloop
  endfacet
  facet normal 0 0 -1
    outer loop
      vertex 18.7 0 0
      vertex 20.6995 -8.33215 0
      vertex 19.1392 -11.05 0
    endloop
  endfacet
  facet normal 0 0 -1
    outer loop
      vertex 20.6281 10.1726 0
      vertex 20.4382 10.3 0
      vertex 20.5447 10.3285 0
    endloop
  endfacet
  facet normal -0 -0 -1
    outer loop
      vertex 20.4382 10.3 0
      vertex 20.6995 8.33215 0
      vertex 19.6882 10.501 0
    endloop
  endfacet
  facet normal 0 0 -1
    outer loop
      vertex 21.0277 9.03586 0
      vertex 20.4382 10.3 0
      vertex 20.6281 10.1726 0
    endloop
  endfacet
  facet normal 0 0 -1
    outer loop
      vertex 18.4945 1.03325 0
      vertex 22.301 0.75 0
      vertex 18.5837 0.783768 0
    endloop
  endfacet
  facet normal 0 0 -1
    outer loop
      vertex 20.6995 8.33215 0
      vertex 19.1392 11.05 0
      vertex 19.6882 10.501 0
    endloop
  endfacet
  facet normal 0 0 -1
    outer loop
      vertex 16.9296 -14.2056 0
      vertex 19.1392 -11.05 0
      vertex 18.9382 -11.8 0
    endloop
  endfacet
  facet normal 0 0 -1
    outer loop
      vertex 20.7672 7.55864 0
      vertex 19.1392 11.05 0
      vertex 20.6995 8.33215 0
    endloop
  endfacet
  facet normal 0 0 -1
    outer loop
      vertex 19.1392 12.55 0
      vertex 19.1238 12.7781 0
      vertex 19.2172 12.628 0
    endloop
  endfacet
  facet normal 0 0 -1
    outer loop
      vertex 18.3391 13.6926 0
      vertex 19.1392 12.55 0
      vertex 18.9382 11.8 0
    endloop
  endfacet
  facet normal -0 0 -1
    outer loop
      vertex 22.0924 3.13391 0
      vertex 18.245 1.50004 0
      vertex 21.7643 3.83762 0
    endloop
  endfacet
  facet normal 0 0 -1
    outer loop
      vertex 18.0871 1.71286 0
      vertex 21.7643 3.83762 0
      vertex 18.245 1.50004 0
    endloop
  endfacet
  facet normal 0 0 -1
    outer loop
      vertex 17.9092 1.90919 0
      vertex 21.7643 3.83762 0
      vertex 18.0871 1.71286 0
    endloop
  endfacet
  facet normal 0 0 -1
    outer loop
      vertex 17.7129 2.08713 0
      vertex 21.7643 3.83762 0
      vertex 17.9092 1.90919 0
    endloop
  endfacet
  facet normal 0 0 -1
    outer loop
      vertex 19.1392 12.55 0
      vertex 18.3391 13.6926 0
      vertex 19.1238 12.7781 0
    endloop
  endfacet
  facet normal 0 0 -1
    outer loop
      vertex 17.5 2.24497 0
      vertex 21.7643 3.83762 0
      vertex 17.7129 2.08713 0
    endloop
  endfacet
  facet normal -0 0 -1
    outer loop
      vertex 21.7643 3.83762 0
      vertex 17.5 2.24497 0
      vertex 21.8319 4.61113 0
    endloop
  endfacet
  facet normal 0 0 -1
    outer loop
      vertex 17.2728 2.38119 0
      vertex 21.8319 4.61113 0
      vertex 17.5 2.24497 0
    endloop
  endfacet
  facet normal -0 0 -1
    outer loop
      vertex 21.8319 4.61113 0
      vertex 17.2728 2.38119 0
      vertex 21.2126 6.92261 0
    endloop
  endfacet
  facet normal 0 0 -1
    outer loop
      vertex 17.0332 2.49447 0
      vertex 21.2126 6.92261 0
      vertex 17.2728 2.38119 0
    endloop
  endfacet
  facet normal -0 0 -1
    outer loop
      vertex 21.2126 6.92261 0
      vertex 17.0332 2.49447 0
      vertex 20.7672 7.55864 0
    endloop
  endfacet
  facet normal 0 0 -1
    outer loop
      vertex 16.7838 2.58374 0
      vertex 20.7672 7.55864 0
      vertex 17.0332 2.49447 0
    endloop
  endfacet
  facet normal 0 0 -1
    outer loop
      vertex 19.1238 12.7781 0
      vertex 18.3391 13.6926 0
      vertex 18.4361 13.7378 0
    endloop
  endfacet
  facet normal 0 0 -1
    outer loop
      vertex 16.5267 2.64812 0
      vertex 20.7672 7.55864 0
      vertex 16.7838 2.58374 0
    endloop
  endfacet
  facet normal 0 0 -1
    outer loop
      vertex 16.2646 2.687 0
      vertex 20.7672 7.55864 0
      vertex 16.5267 2.64812 0
    endloop
  endfacet
  facet normal 0 0 -1
    outer loop
      vertex 16 2.7 0
      vertex 20.7672 7.55864 0
      vertex 16.2646 2.687 0
    endloop
  endfacet
  facet normal -0 0 -1
    outer loop
      vertex 20.7672 7.55864 0
      vertex 16 2.7 0
      vertex 19.1392 11.05 0
    endloop
  endfacet
  facet normal 0 0 -1
    outer loop
      vertex 18.9382 11.8 0
      vertex 17.5656 13.7602 0
      vertex 18.3391 13.6926 0
    endloop
  endfacet
  facet normal 0 0 -1
    outer loop
      vertex 15.7354 2.687 0
      vertex 19.1392 11.05 0
      vertex 16 2.7 0
    endloop
  endfacet
  facet normal 0 0 -1
    outer loop
      vertex 15.4733 2.64812 0
      vertex 19.1392 11.05 0
      vertex 15.7354 2.687 0
    endloop
  endfacet
  facet normal 0 0 -1
    outer loop
      vertex 15.2162 2.58374 0
      vertex 19.1392 11.05 0
      vertex 15.4733 2.64812 0
    endloop
  endfacet
  facet normal 0 0 -1
    outer loop
      vertex 16.6691 15.6828 0
      vertex 16.2635 16.2635 0
      vertex 16.7282 15.7672 0
    endloop
  endfacet
  facet normal 0 0 -1
    outer loop
      vertex 16.6014 14.9093 0
      vertex 16.2635 16.2635 0
      vertex 16.6691 15.6828 0
    endloop
  endfacet
  facet normal 0 0 -1
    outer loop
      vertex 14.9668 2.49447 0
      vertex 19.1392 11.05 0
      vertex 15.2162 2.58374 0
    endloop
  endfacet
  facet normal 0 0 -1
    outer loop
      vertex 19.1392 11.05 0
      vertex 16.9296 14.2056 0
      vertex 18.9382 11.8 0
    endloop
  endfacet
  facet normal 0 0 -1
    outer loop
      vertex 18.9382 11.8 0
      vertex 16.9296 14.2056 0
      vertex 17.5656 13.7602 0
    endloop
  endfacet
  facet normal -0 0 -1
    outer loop
      vertex 19.1392 11.05 0
      vertex 14.9668 2.49447 0
      vertex 16.9296 14.2056 0
    endloop
  endfacet
  facet normal 0 0 -1
    outer loop
      vertex 16.2635 16.2635 0
      vertex 15.6828 16.6691 0
      vertex 15.7672 16.7282 0
    endloop
  endfacet
  facet normal 0 0 -1
    outer loop
      vertex 16.6014 14.9093 0
      vertex 14.9093 16.6014 0
      vertex 16.2635 16.2635 0
    endloop
  endfacet
  facet normal 0 0 -1
    outer loop
      vertex 14.7272 2.38119 0
      vertex 16.9296 14.2056 0
      vertex 14.9668 2.49447 0
    endloop
  endfacet
  facet normal 0 0 -1
    outer loop
      vertex 14.5 2.24497 0
      vertex 16.9296 14.2056 0
      vertex 14.7272 2.38119 0
    endloop
  endfacet
  facet normal 0 0 -1
    outer loop
      vertex 16.2635 16.2635 0
      vertex 14.9093 16.6014 0
      vertex 15.6828 16.6691 0
    endloop
  endfacet
  facet normal 0 0 -1
    outer loop
      vertex 14.2056 16.9296 0
      vertex 16.9296 14.2056 0
      vertex 14.5 2.24497 0
    endloop
  endfacet
  facet normal 0 0 -1
    outer loop
      vertex 16.9296 14.2056 0
      vertex 14.2056 16.9296 0
      vertex 16.6014 14.9093 0
    endloop
  endfacet
  facet normal 0 0 -1
    outer loop
      vertex 14.2056 16.9296 0
      vertex 14.5 2.24497 0
      vertex 14.2871 2.08713 0
    endloop
  endfacet
  facet normal 0 0 -1
    outer loop
      vertex 16.6014 14.9093 0
      vertex 14.2056 16.9296 0
      vertex 14.9093 16.6014 0
    endloop
  endfacet
  facet normal 0 0 -1
    outer loop
      vertex 14.0908 1.90919 0
      vertex 14.2056 16.9296 0
      vertex 14.2871 2.08713 0
    endloop
  endfacet
  facet normal 0 0 -1
    outer loop
      vertex 2.40209 0.994976 0
      vertex 13.5055 1.03325 0
      vertex 2.48804 0.75474 0
    endloop
  endfacet
  facet normal -0 0 -1
    outer loop
      vertex 13.5055 1.03325 0
      vertex 2.40209 0.994976 0
      vertex 13.6188 1.27277 0
    endloop
  endfacet
  facet normal -0 0 -1
    outer loop
      vertex 13.4163 0.783768 0
      vertex 2.48804 0.75474 0
      vertex 13.5055 1.03325 0
    endloop
  endfacet
  facet normal 0 0 -1
    outer loop
      vertex 14.2056 16.9296 0
      vertex 11.05 19.1392 0
      vertex 13.7602 17.5656 0
    endloop
  endfacet
  facet normal 0 0 -1
    outer loop
      vertex 2.48804 0.75474 0
      vertex 13.4163 0.783768 0
      vertex 2.55004 0.507235 0
    endloop
  endfacet
  facet normal -0 0 -1
    outer loop
      vertex 13.3519 0.526743 0
      vertex 2.55004 0.507235 0
      vertex 13.4163 0.783768 0
    endloop
  endfacet
  facet normal 0 0 -1
    outer loop
      vertex 2.55004 0.507235 0
      vertex 13.3519 0.526743 0
      vertex 2.58748 0.254844 0
    endloop
  endfacet
  facet normal -0 0 -1
    outer loop
      vertex 13.313 0.264646 0
      vertex 2.58748 0.254844 0
      vertex 13.3519 0.526743 0
    endloop
  endfacet
  facet normal 0 0 -1
    outer loop
      vertex 2.58748 0.254844 0
      vertex 13.313 0.264646 0
      vertex 2.6 0 0
    endloop
  endfacet
  facet normal 0 0 -1
    outer loop
      vertex 2.6 0 0
      vertex 13.313 0.264646 0
      vertex 13.3 0 0
    endloop
  endfacet
  facet normal 0 0 -1
    outer loop
      vertex 2.6 0 0
      vertex 11.05 -19.1392 0
      vertex 7.55864 -20.7672 0
    endloop
  endfacet
  facet normal 0 0 -1
    outer loop
      vertex 13.6926 18.3391 0
      vertex 12.7781 19.1238 0
      vertex 13.7378 18.4361 0
    endloop
  endfacet
  facet normal 0 0 -1
    outer loop
      vertex 2.6 0 0
      vertex 7.55864 -20.7672 0
      vertex 6.92261 -21.2126 0
    endloop
  endfacet
  facet normal 0 0 -1
    outer loop
      vertex 12.55 -19.1392 0
      vertex 12.7781 -19.1238 0
      vertex 12.628 -19.2172 0
    endloop
  endfacet
  facet normal 0 0 -1
    outer loop
      vertex 13.6926 -18.3391 0
      vertex 12.55 -19.1392 0
      vertex 11.8 -18.9382 0
    endloop
  endfacet
  facet normal 0 0 -1
    outer loop
      vertex 13.7602 17.5656 0
      vertex 11.8 18.9382 0
      vertex 13.6926 18.3391 0
    endloop
  endfacet
  facet normal 0 0 -1
    outer loop
      vertex 12.7781 19.1238 0
      vertex 12.55 19.1392 0
      vertex 12.628 19.2172 0
    endloop
  endfacet
  facet normal 0 -0 -1
    outer loop
      vertex 12.55 19.1392 0
      vertex 13.6926 18.3391 0
      vertex 11.8 18.9382 0
    endloop
  endfacet
  facet normal 0 0 -1
    outer loop
      vertex 13.6926 18.3391 0
      vertex 12.55 19.1392 0
      vertex 12.7781 19.1238 0
    endloop
  endfacet
  facet normal 0 0 -1
    outer loop
      vertex 11.05 -19.1392 0
      vertex 2.6 0 0
      vertex 13.5055 -1.03325 0
    endloop
  endfacet
  facet normal 0 0 -1
    outer loop
      vertex 13.7602 17.5656 0
      vertex 11.05 19.1392 0
      vertex 11.8 18.9382 0
    endloop
  endfacet
  facet normal -0 0 -1
    outer loop
      vertex 10.3 -20.4382 0
      vertex 8.33215 -20.6995 0
      vertex 10.501 -19.6882 0
    endloop
  endfacet
  facet normal 0 0 -1
    outer loop
      vertex 2.29299 1.22563 0
      vertex 13.6188 1.27277 0
      vertex 2.40209 0.994976 0
    endloop
  endfacet
  facet normal 0 0 -1
    outer loop
      vertex 8.33215 -20.6995 0
      vertex 10.3 -20.4382 0
      vertex 10.1726 -20.6281 0
    endloop
  endfacet
  facet normal 0 0 -1
    outer loop
      vertex 13.5055 -1.03325 0
      vertex 2.6 0 0
      vertex 13.4163 -0.783768 0
    endloop
  endfacet
  facet normal 0 0 -1
    outer loop
      vertex 10.3 20.4382 0
      vertex 10.1726 20.6281 0
      vertex 10.3285 20.5447 0
    endloop
  endfacet
  facet normal 0 0 -1
    outer loop
      vertex 2.6 0 0
      vertex 6.92261 -21.2126 0
      vertex 5.95284 -22.2163 0
    endloop
  endfacet
  facet normal 0 0 -1
    outer loop
      vertex 9.03586 -21.0277 0
      vertex 10.1726 -20.6281 0
      vertex 9.09723 -21.1153 0
    endloop
  endfacet
  facet normal 0 0 -1
    outer loop
      vertex 8.33215 -20.6995 0
      vertex 10.1726 -20.6281 0
      vertex 9.03586 -21.0277 0
    endloop
  endfacet
  facet normal 0 0 -1
    outer loop
      vertex 10.501 19.6882 0
      vertex 8.33215 20.6995 0
      vertex 10.3 20.4382 0
    endloop
  endfacet
  facet normal 0 0 -1
    outer loop
      vertex 10.1726 20.6281 0
      vertex 9.03586 21.0277 0
      vertex 9.09723 21.1153 0
    endloop
  endfacet
  facet normal 0 -0 -1
    outer loop
      vertex 9.03586 21.0277 0
      vertex 10.3 20.4382 0
      vertex 8.33215 20.6995 0
    endloop
  endfacet
  facet normal 0 0 -1
    outer loop
      vertex 10.3 20.4382 0
      vertex 9.03586 21.0277 0
      vertex 10.1726 20.6281 0
    endloop
  endfacet
  facet normal -0 0 -1
    outer loop
      vertex 13.6188 1.27277 0
      vertex 2.29299 1.22563 0
      vertex 13.755 1.50004 0
    endloop
  endfacet
  facet normal 0 0 -1
    outer loop
      vertex 10.501 19.6882 0
      vertex 7.55864 20.7672 0
      vertex 8.33215 20.6995 0
    endloop
  endfacet
  facet normal 0 0 -1
    outer loop
      vertex 13.3519 -0.526743 0
      vertex 2.6 0 0
      vertex 13.313 -0.264646 0
    endloop
  endfacet
  facet normal 0 0 -1
    outer loop
      vertex 11.05 19.1392 0
      vertex 7.55864 20.7672 0
      vertex 10.501 19.6882 0
    endloop
  endfacet
  facet normal 0 0 -1
    outer loop
      vertex 5.95284 -22.2163 0
      vertex 6.92261 -21.2126 0
      vertex 6.59446 -21.9163 0
    endloop
  endfacet
  facet normal 0 0 -1
    outer loop
      vertex 13.313 -0.264646 0
      vertex 2.6 0 0
      vertex 13.3 0 0
    endloop
  endfacet
  facet normal 0 0 -1
    outer loop
      vertex 6.59446 21.9163 0
      vertex 5.95284 22.2163 0
      vertex 6.60345 22.0189 0
    endloop
  endfacet
  facet normal 0 0 -1
    outer loop
      vertex 2.00983 1.64942 0
      vertex 13.755 1.50004 0
      vertex 2.16182 1.44448 0
    endloop
  endfacet
  facet normal 0 0 -1
    outer loop
      vertex 5.24716 -22.2773 0
      vertex 5.95284 -22.2163 0
      vertex 5.29071 -22.3707 0
    endloop
  endfacet
  facet normal 0 0 -1
    outer loop
      vertex 13.755 1.50004 0
      vertex 2.00983 1.64942 0
      vertex 13.9129 1.71286 0
    endloop
  endfacet
  facet normal 0 0 -1
    outer loop
      vertex 4.61113 -21.8319 0
      vertex 5.95284 -22.2163 0
      vertex 5.24716 -22.2773 0
    endloop
  endfacet
  facet normal 0 0 -1
    outer loop
      vertex 1.83848 1.83848 0
      vertex 13.9129 1.71286 0
      vertex 2.00983 1.64942 0
    endloop
  endfacet
  facet normal 0 0 -1
    outer loop
      vertex 1.64942 -2.00983 0
      vertex 5.95284 -22.2163 0
      vertex 4.61113 -21.8319 0
    endloop
  endfacet
  facet normal 0 0 -1
    outer loop
      vertex 13.9129 1.71286 0
      vertex 1.83848 1.83848 0
      vertex 14.0908 1.90919 0
    endloop
  endfacet
  facet normal 0 0 -1
    outer loop
      vertex 0.994976 -2.40209 0
      vertex 4.61113 -21.8319 0
      vertex 3.83762 -21.7643 0
    endloop
  endfacet
  facet normal 0 0 -1
    outer loop
      vertex 1.64942 2.00983 0
      vertex 14.0908 1.90919 0
      vertex 1.83848 1.83848 0
    endloop
  endfacet
  facet normal 0 0 -1
    outer loop
      vertex 0 -22.1 0
      vertex 3.83762 -21.7643 0
      vertex 3.13391 -22.0924 0
    endloop
  endfacet
  facet normal 0 0 -1
    outer loop
      vertex 5.95284 22.2163 0
      vertex 5.24716 22.2773 0
      vertex 5.29071 22.3707 0
    endloop
  endfacet
  facet normal 0 0 -1
    outer loop
      vertex 0.75 -22.301 0
      vertex 3.13391 -22.0924 0
      vertex 2.68856 -22.7284 0
    endloop
  endfacet
  facet normal 0 0 -1
    outer loop
      vertex 14.0908 1.90919 0
      vertex 1.64942 2.00983 0
      vertex 14.2056 16.9296 0
    endloop
  endfacet
  facet normal 0 0 -1
    outer loop
      vertex 1.50427 -22.9508 0
      vertex 2.68856 -22.7284 0
      vertex 2.67923 -22.835 0
    endloop
  endfacet
  facet normal 0 0 -1
    outer loop
      vertex 1.44448 2.16182 0
      vertex 14.2056 16.9296 0
      vertex 1.64942 2.00983 0
    endloop
  endfacet
  facet normal -0 0 -1
    outer loop
      vertex 14.2056 16.9296 0
      vertex 1.44448 2.16182 0
      vertex 11.05 19.1392 0
    endloop
  endfacet
  facet normal 0 0 -1
    outer loop
      vertex 5.95284 -22.2163 0
      vertex 2.58748 -0.254844 0
      vertex 2.6 0 0
    endloop
  endfacet
  facet normal 0 0 -1
    outer loop
      vertex 5.95284 -22.2163 0
      vertex 2.55004 -0.507235 0
      vertex 2.58748 -0.254844 0
    endloop
  endfacet
  facet normal 0 0 -1
    outer loop
      vertex 5.95284 -22.2163 0
      vertex 2.48804 -0.75474 0
      vertex 2.55004 -0.507235 0
    endloop
  endfacet
  facet normal 0 0 -1
    outer loop
      vertex 5.95284 -22.2163 0
      vertex 2.40209 -0.994976 0
      vertex 2.48804 -0.75474 0
    endloop
  endfacet
  facet normal 0 0 -1
    outer loop
      vertex 5.95284 -22.2163 0
      vertex 2.29299 -1.22563 0
      vertex 2.40209 -0.994976 0
    endloop
  endfacet
  facet normal 0 0 -1
    outer loop
      vertex 5.95284 -22.2163 0
      vertex 2.16182 -1.44448 0
      vertex 2.29299 -1.22563 0
    endloop
  endfacet
  facet normal 0 0 -1
    outer loop
      vertex 5.95284 -22.2163 0
      vertex 2.00983 -1.64942 0
      vertex 2.16182 -1.44448 0
    endloop
  endfacet
  facet normal 0 0 -1
    outer loop
      vertex 5.95284 -22.2163 0
      vertex 1.83848 -1.83848 0
      vertex 2.00983 -1.64942 0
    endloop
  endfacet
  facet normal 0 0 -1
    outer loop
      vertex 5.95284 -22.2163 0
      vertex 1.64942 -2.00983 0
      vertex 1.83848 -1.83848 0
    endloop
  endfacet
  facet normal 0 0 -1
    outer loop
      vertex 2.68856 -22.7284 0
      vertex 1.50427 -22.9508 0
      vertex 1.29904 -22.85 0
    endloop
  endfacet
  facet normal 0 0 -1
    outer loop
      vertex 0 -22.1 0
      vertex 3.13391 -22.0924 0
      vertex 0.75 -22.301 0
    endloop
  endfacet
  facet normal 0 0 -1
    outer loop
      vertex 1.29904 -22.85 0
      vertex 1.50427 -22.9508 0
      vertex 1.32759 -22.9565 0
    endloop
  endfacet
  facet normal -0 0 -1
    outer loop
      vertex 2.68856 -22.7284 0
      vertex 1.29904 -22.85 0
      vertex 0.75 -22.301 0
    endloop
  endfacet
  facet normal 0 0 -1
    outer loop
      vertex 4.61113 -21.8319 0
      vertex 1.44448 -2.16182 0
      vertex 1.64942 -2.00983 0
    endloop
  endfacet
  facet normal 0 0 -1
    outer loop
      vertex 4.61113 -21.8319 0
      vertex 1.22563 -2.29299 0
      vertex 1.44448 -2.16182 0
    endloop
  endfacet
  facet normal 0 0 -1
    outer loop
      vertex 4.61113 -21.8319 0
      vertex 0.994976 -2.40209 0
      vertex 1.22563 -2.29299 0
    endloop
  endfacet
  facet normal 0 0 -1
    outer loop
      vertex 3.83762 -21.7643 0
      vertex 0.75474 -2.48804 0
      vertex 0.994976 -2.40209 0
    endloop
  endfacet
  facet normal 0 0 -1
    outer loop
      vertex 3.83762 -21.7643 0
      vertex 0.507235 -2.55004 0
      vertex 0.75474 -2.48804 0
    endloop
  endfacet
  facet normal -0 0 -1
    outer loop
      vertex 3.83762 -21.7643 0
      vertex 0 -22.1 0
      vertex 0.254844 -2.58748 0
    endloop
  endfacet
  facet normal 0 0 -1
    outer loop
      vertex 3.83762 -21.7643 0
      vertex 0.254844 -2.58748 0
      vertex 0.507235 -2.55004 0
    endloop
  endfacet
  facet normal 0 0 -1
    outer loop
      vertex 0 -22.1 0
      vertex 0 -2.6 0
      vertex 0.254844 -2.58748 0
    endloop
  endfacet
  facet normal 0 0 -1
    outer loop
      vertex 0 -22.1 0
      vertex -0.254844 -2.58748 0
      vertex 0 -2.6 0
    endloop
  endfacet
  facet normal 0 0 -1
    outer loop
      vertex -3.83762 -21.7643 0
      vertex -0.254844 -2.58748 0
      vertex 0 -22.1 0
    endloop
  endfacet
  facet normal 0 0 -1
    outer loop
      vertex -3.83762 -21.7643 0
      vertex 0 -22.1 0
      vertex -0.75 -22.301 0
    endloop
  endfacet
  facet normal -0 0 -1
    outer loop
      vertex -0.254844 -2.58748 0
      vertex -3.83762 -21.7643 0
      vertex -0.507235 -2.55004 0
    endloop
  endfacet
  facet normal -0 0 -1
    outer loop
      vertex -0.507235 -2.55004 0
      vertex -3.83762 -21.7643 0
      vertex -0.75474 -2.48804 0
    endloop
  endfacet
  facet normal 0 0 -1
    outer loop
      vertex -7.55864 -20.7672 0
      vertex -0.75474 -2.48804 0
      vertex -3.83762 -21.7643 0
    endloop
  endfacet
  facet normal 0 0 -1
    outer loop
      vertex -3.13391 -22.0924 0
      vertex -0.75 -22.301 0
      vertex -1.29904 -22.85 0
    endloop
  endfacet
  facet normal 0 0 -1
    outer loop
      vertex -1.50427 -22.9508 0
      vertex -1.29904 -22.85 0
      vertex -1.32759 -22.9565 0
    endloop
  endfacet
  facet normal 0 0 -1
    outer loop
      vertex -3.83762 -21.7643 0
      vertex -0.75 -22.301 0
      vertex -3.13391 -22.0924 0
    endloop
  endfacet
  facet normal 0 0 -1
    outer loop
      vertex -2.68856 -22.7284 0
      vertex -1.29904 -22.85 0
      vertex -1.50427 -22.9508 0
    endloop
  endfacet
  facet normal -0 0 -1
    outer loop
      vertex -0.75474 -2.48804 0
      vertex -7.55864 -20.7672 0
      vertex -0.994976 -2.40209 0
    endloop
  endfacet
  facet normal -0 0 -1
    outer loop
      vertex -0.994976 -2.40209 0
      vertex -7.55864 -20.7672 0
      vertex -1.22563 -2.29299 0
    endloop
  endfacet
  facet normal 0 0 -1
    outer loop
      vertex -11.05 -19.1392 0
      vertex -1.22563 -2.29299 0
      vertex -7.55864 -20.7672 0
    endloop
  endfacet
  facet normal -0 0 -1
    outer loop
      vertex -1.22563 -2.29299 0
      vertex -11.05 -19.1392 0
      vertex -1.44448 -2.16182 0
    endloop
  endfacet
  facet normal 0 0 -1
    outer loop
      vertex -14.2056 -16.9296 0
      vertex -1.44448 -2.16182 0
      vertex -11.05 -19.1392 0
    endloop
  endfacet
  facet normal -0 0 -1
    outer loop
      vertex -1.44448 -2.16182 0
      vertex -14.2056 -16.9296 0
      vertex -1.64942 -2.00983 0
    endloop
  endfacet
  facet normal -0 0 -1
    outer loop
      vertex -1.64942 -2.00983 0
      vertex -14.2056 -16.9296 0
      vertex -1.83848 -1.83848 0
    endloop
  endfacet
  facet normal 0 0 -1
    outer loop
      vertex -16.9296 -14.2056 0
      vertex -1.83848 -1.83848 0
      vertex -14.2056 -16.9296 0
    endloop
  endfacet
  facet normal -0 0 -1
    outer loop
      vertex -1.83848 -1.83848 0
      vertex -16.9296 -14.2056 0
      vertex -2.00983 -1.64942 0
    endloop
  endfacet
  facet normal -0 0 -1
    outer loop
      vertex -2.00983 -1.64942 0
      vertex -16.9296 -14.2056 0
      vertex -2.16182 -1.44448 0
    endloop
  endfacet
  facet normal 0 0 -1
    outer loop
      vertex -2.68856 -22.7284 0
      vertex -1.50427 -22.9508 0
      vertex -2.67923 -22.835 0
    endloop
  endfacet
  facet normal 0 0 -1
    outer loop
      vertex -22.1 0 0
      vertex -21.7643 -3.83762 0
      vertex -22.0924 -3.13391 0
    endloop
  endfacet
  facet normal 0 0 -1
    outer loop
      vertex -21.7643 -3.83762 0
      vertex -22.1 0 0
      vertex -21.7643 3.83762 0
    endloop
  endfacet
  facet normal 0 0 -1
    outer loop
      vertex -21.7643 3.83762 0
      vertex -22.1 0 0
      vertex -22.0924 3.13391 0
    endloop
  endfacet
  facet normal 0 0 -1
    outer loop
      vertex -22.0924 -3.13391 0
      vertex -22.301 -0.75 0
      vertex -22.1 0 0
    endloop
  endfacet
  facet normal 0 0 -1
    outer loop
      vertex -22.7284 -2.68856 0
      vertex -22.301 -0.75 0
      vertex -22.0924 -3.13391 0
    endloop
  endfacet
  facet normal 0 0 -1
    outer loop
      vertex -22.9508 -1.50427 0
      vertex -22.7284 -2.68856 0
      vertex -22.835 -2.67923 0
    endloop
  endfacet
  facet normal 0 0 -1
    outer loop
      vertex -22.7284 -2.68856 0
      vertex -22.85 -1.29904 0
      vertex -22.301 -0.75 0
    endloop
  endfacet
  facet normal 0 0 -1
    outer loop
      vertex -22.7284 -2.68856 0
      vertex -22.9508 -1.50427 0
      vertex -22.85 -1.29904 0
    endloop
  endfacet
  facet normal 0 0 -1
    outer loop
      vertex -22.85 -1.29904 0
      vertex -22.9508 -1.50427 0
      vertex -22.9565 -1.32759 0
    endloop
  endfacet
  facet normal -0 0 -1
    outer loop
      vertex -2.58748 -0.254844 0
      vertex -21.7643 -3.83762 0
      vertex -2.6 0 0
    endloop
  endfacet
  facet normal 0 0 -1
    outer loop
      vertex -2.6 0 0
      vertex -20.7672 7.55864 0
      vertex -20.6995 8.33215 0
    endloop
  endfacet
  facet normal 0 0 -1
    outer loop
      vertex -21.7643 -3.83762 0
      vertex -20.7672 -7.55864 0
      vertex -21.2126 -6.92261 0
    endloop
  endfacet
  facet normal 0 0 -1
    outer loop
      vertex -21.7643 3.83762 0
      vertex -2.6 0 0
      vertex -21.7643 -3.83762 0
    endloop
  endfacet
  facet normal 0 0 -1
    outer loop
      vertex -2.6 0 0
      vertex -21.7643 3.83762 0
      vertex -20.7672 7.55864 0
    endloop
  endfacet
  facet normal 0 0 -1
    outer loop
      vertex -21.2126 -6.92261 0
      vertex -21.8319 -4.61113 0
      vertex -21.7643 -3.83762 0
    endloop
  endfacet
  facet normal 0 0 -1
    outer loop
      vertex -22.2163 -5.95284 0
      vertex -21.2126 -6.92261 0
      vertex -21.9163 -6.59446 0
    endloop
  endfacet
  facet normal 0 0 -1
    outer loop
      vertex -22.2163 -5.95284 0
      vertex -21.9163 -6.59446 0
      vertex -22.0189 -6.60345 0
    endloop
  endfacet
  facet normal 0 0 -1
    outer loop
      vertex -21.2126 -6.92261 0
      vertex -22.2163 -5.95284 0
      vertex -21.8319 -4.61113 0
    endloop
  endfacet
  facet normal 0 0 -1
    outer loop
      vertex -22.2163 -5.95284 0
      vertex -22.2773 -5.24716 0
      vertex -21.8319 -4.61113 0
    endloop
  endfacet
  facet normal 0 -0 -1
    outer loop
      vertex -22.2773 -5.24716 0
      vertex -22.2163 -5.95284 0
      vertex -22.3707 -5.29071 0
    endloop
  endfacet
  facet normal 0 0 -1
    outer loop
      vertex -20.7672 -7.55864 0
      vertex -19.1392 -11.05 0
      vertex -20.6995 -8.33215 0
    endloop
  endfacet
  facet normal 0 0 -1
    outer loop
      vertex -2.6 0 0
      vertex -19.1392 11.05 0
      vertex -18.9382 11.8 0
    endloop
  endfacet
  facet normal 0 0 -1
    outer loop
      vertex -20.6995 -8.33215 0
      vertex -19.1392 -11.05 0
      vertex -19.6882 -10.501 0
    endloop
  endfacet
  facet normal -0 0 -1
    outer loop
      vertex -2.55004 -0.507235 0
      vertex -21.7643 -3.83762 0
      vertex -2.58748 -0.254844 0
    endloop
  endfacet
  facet normal 0 0 -1
    outer loop
      vertex -20.6995 -8.33215 0
      vertex -19.6882 -10.501 0
      vertex -20.4382 -10.3 0
    endloop
  endfacet
  facet normal 0 0 -1
    outer loop
      vertex -2.6 0 0
      vertex -20.6995 8.33215 0
      vertex -19.1392 11.05 0
    endloop
  endfacet
  facet normal 0 0 -1
    outer loop
      vertex -20.6281 -10.1726 0
      vertex -20.4382 -10.3 0
      vertex -20.5447 -10.3285 0
    endloop
  endfacet
  facet normal 0 0 -1
    outer loop
      vertex -19.1392 11.05 0
      vertex -20.6995 8.33215 0
      vertex -19.6882 10.501 0
    endloop
  endfacet
  facet normal 0 0 -1
    outer loop
      vertex -21.0277 -9.03586 0
      vertex -20.4382 -10.3 0
      vertex -20.6281 -10.1726 0
    endloop
  endfacet
  facet normal 0 0 -1
    outer loop
      vertex -19.6882 10.501 0
      vertex -20.6995 8.33215 0
      vertex -20.4382 10.3 0
    endloop
  endfacet
  facet normal 0 0 -1
    outer loop
      vertex -21.0277 9.03586 0
      vertex -20.4382 10.3 0
      vertex -20.6995 8.33215 0
    endloop
  endfacet
  facet normal 0 0 -1
    outer loop
      vertex -20.4382 -10.3 0
      vertex -21.0277 -9.03586 0
      vertex -20.6995 -8.33215 0
    endloop
  endfacet
  facet normal 0 -0 -1
    outer loop
      vertex -21.0277 -9.03586 0
      vertex -20.6281 -10.1726 0
      vertex -21.1153 -9.09723 0
    endloop
  endfacet
  facet normal 0 0 -1
    outer loop
      vertex -19.1392 -11.05 0
      vertex -16.9296 -14.2056 0
      vertex -18.9382 -11.8 0
    endloop
  endfacet
  facet normal 0 0 -1
    outer loop
      vertex -2.6 0 0
      vertex -16.9296 14.2056 0
      vertex -16.6014 14.9093 0
    endloop
  endfacet
  facet normal 0 0 -1
    outer loop
      vertex -18.9382 -11.8 0
      vertex -16.9296 -14.2056 0
      vertex -17.5656 -13.7602 0
    endloop
  endfacet
  facet normal -0 0 -1
    outer loop
      vertex -2.48804 -0.75474 0
      vertex -21.7643 -3.83762 0
      vertex -2.55004 -0.507235 0
    endloop
  endfacet
  facet normal 0 0 -1
    outer loop
      vertex -18.9382 -11.8 0
      vertex -17.5656 -13.7602 0
      vertex -18.3391 -13.6926 0
    endloop
  endfacet
  facet normal 0 0 -1
    outer loop
      vertex -2.6 0 0
      vertex -18.9382 11.8 0
      vertex -16.9296 14.2056 0
    endloop
  endfacet
  facet normal 0 0 -1
    outer loop
      vertex -19.1238 -12.7781 0
      vertex -18.3391 -13.6926 0
      vertex -18.4361 -13.7378 0
    endloop
  endfacet
  facet normal 0 0 -1
    outer loop
      vertex -16.9296 14.2056 0
      vertex -18.9382 11.8 0
      vertex -17.5656 13.7602 0
    endloop
  endfacet
  facet normal 0 0 -1
    outer loop
      vertex -17.5656 13.7602 0
      vertex -18.9382 11.8 0
      vertex -18.3391 13.6926 0
    endloop
  endfacet
  facet normal 0 0 -1
    outer loop
      vertex -18.3391 -13.6926 0
      vertex -19.1238 -12.7781 0
      vertex -19.1392 -12.55 0
    endloop
  endfacet
  facet normal 0 0 -1
    outer loop
      vertex -18.3391 -13.6926 0
      vertex -19.1392 -12.55 0
      vertex -18.9382 -11.8 0
    endloop
  endfacet
  facet normal 0 -0 -1
    outer loop
      vertex -19.1392 -12.55 0
      vertex -19.1238 -12.7781 0
      vertex -19.2172 -12.628 0
    endloop
  endfacet
  facet normal -0 0 -1
    outer loop
      vertex -2.40209 -0.994976 0
      vertex -20.7672 -7.55864 0
      vertex -2.48804 -0.75474 0
    endloop
  endfacet
  facet normal 0 0 -1
    outer loop
      vertex -2.6 0 0
      vertex -13.7602 17.5656 0
      vertex -13.6926 18.3391 0
    endloop
  endfacet
  facet normal 0 0 -1
    outer loop
      vertex -16.9296 -14.2056 0
      vertex -14.2056 -16.9296 0
      vertex -16.6014 -14.9093 0
    endloop
  endfacet
  facet normal 0 0 -1
    outer loop
      vertex -2.6 0 0
      vertex -14.2056 16.9296 0
      vertex -13.7602 17.5656 0
    endloop
  endfacet
  facet normal 0 0 -1
    outer loop
      vertex -16.6014 -14.9093 0
      vertex -14.2056 -16.9296 0
      vertex -14.9093 -16.6014 0
    endloop
  endfacet
  facet normal 0 0 -1
    outer loop
      vertex -21.7643 -3.83762 0
      vertex -2.48804 -0.75474 0
      vertex -20.7672 -7.55864 0
    endloop
  endfacet
  facet normal 0 0 -1
    outer loop
      vertex -16.2635 -16.2635 0
      vertex -14.9093 -16.6014 0
      vertex -15.6828 -16.6691 0
    endloop
  endfacet
  facet normal 0 0 -1
    outer loop
      vertex -2.6 0 0
      vertex -16.6014 14.9093 0
      vertex -14.2056 16.9296 0
    endloop
  endfacet
  facet normal 0 0 -1
    outer loop
      vertex -16.2635 -16.2635 0
      vertex -15.6828 -16.6691 0
      vertex -15.7672 -16.7282 0
    endloop
  endfacet
  facet normal 0 0 -1
    outer loop
      vertex -14.2056 16.9296 0
      vertex -16.6014 14.9093 0
      vertex -14.9093 16.6014 0
    endloop
  endfacet
  facet normal 0 0 -1
    outer loop
      vertex -14.9093 -16.6014 0
      vertex -16.2635 -16.2635 0
      vertex -16.6014 -14.9093 0
    endloop
  endfacet
  facet normal 0 -0 -1
    outer loop
      vertex -16.2635 16.2635 0
      vertex -14.9093 16.6014 0
      vertex -16.6014 14.9093 0
    endloop
  endfacet
  facet normal -0 0 -1
    outer loop
      vertex -14.9093 16.6014 0
      vertex -16.2635 16.2635 0
      vertex -15.6828 16.6691 0
    endloop
  endfacet
  facet normal 0 0 -1
    outer loop
      vertex -16.2635 -16.2635 0
      vertex -16.6691 -15.6828 0
      vertex -16.6014 -14.9093 0
    endloop
  endfacet
  facet normal 0 -0 -1
    outer loop
      vertex -16.6691 -15.6828 0
      vertex -16.2635 -16.2635 0
      vertex -16.7282 -15.7672 0
    endloop
  endfacet
  facet normal 0 0 -1
    outer loop
      vertex -20.7672 -7.55864 0
      vertex -2.40209 -0.994976 0
      vertex -19.1392 -11.05 0
    endloop
  endfacet
  facet normal 0 0 -1
    outer loop
      vertex -2.6 0 0
      vertex -10.501 19.6882 0
      vertex -10.3 20.4382 0
    endloop
  endfacet
  facet normal 0 0 -1
    outer loop
      vertex -13.7602 -17.5656 0
      vertex -11.05 -19.1392 0
      vertex -11.8 -18.9382 0
    endloop
  endfacet
  facet normal 0 0 -1
    outer loop
      vertex -2.6 0 0
      vertex -11.05 19.1392 0
      vertex -10.501 19.6882 0
    endloop
  endfacet
  facet normal 0 0 -1
    outer loop
      vertex -13.7602 -17.5656 0
      vertex -11.8 -18.9382 0
      vertex -13.6926 -18.3391 0
    endloop
  endfacet
  facet normal 0 0 -1
    outer loop
      vertex -2.6 0 0
      vertex -11.8 18.9382 0
      vertex -11.05 19.1392 0
    endloop
  endfacet
  facet normal 0 0 -1
    outer loop
      vertex -13.6926 -18.3391 0
      vertex -11.8 -18.9382 0
      vertex -12.55 -19.1392 0
    endloop
  endfacet
  facet normal 0 0 -1
    outer loop
      vertex -14.2056 -16.9296 0
      vertex -11.05 -19.1392 0
      vertex -13.7602 -17.5656 0
    endloop
  endfacet
  facet normal 0 0 -1
    outer loop
      vertex -12.7781 -19.1238 0
      vertex -12.55 -19.1392 0
      vertex -12.628 -19.2172 0
    endloop
  endfacet
  facet normal 0 0 -1
    outer loop
      vertex -2.6 0 0
      vertex -13.6926 18.3391 0
      vertex -11.8 18.9382 0
    endloop
  endfacet
  facet normal 0 0 -1
    outer loop
      vertex -12.55 -19.1392 0
      vertex -12.7781 -19.1238 0
      vertex -13.6926 -18.3391 0
    endloop
  endfacet
  facet normal -0 0 -1
    outer loop
      vertex -11.8 18.9382 0
      vertex -13.6926 18.3391 0
      vertex -12.55 19.1392 0
    endloop
  endfacet
  facet normal 0 -0 -1
    outer loop
      vertex -12.7781 19.1238 0
      vertex -12.55 19.1392 0
      vertex -13.6926 18.3391 0
    endloop
  endfacet
  facet normal 0 -0 -1
    outer loop
      vertex -13.6926 -18.3391 0
      vertex -12.7781 -19.1238 0
      vertex -13.7378 -18.4361 0
    endloop
  endfacet
  facet normal -0 0 -1
    outer loop
      vertex -2.29299 -1.22563 0
      vertex -19.1392 -11.05 0
      vertex -2.40209 -0.994976 0
    endloop
  endfacet
  facet normal 0 0 -1
    outer loop
      vertex -2.6 0 0
      vertex -6.92261 21.2126 0
      vertex -6.59446 21.9163 0
    endloop
  endfacet
  facet normal 0 0 -1
    outer loop
      vertex -10.501 -19.6882 0
      vertex -7.55864 -20.7672 0
      vertex -8.33215 -20.6995 0
    endloop
  endfacet
  facet normal 0 0 -1
    outer loop
      vertex -2.6 0 0
      vertex -7.55864 20.7672 0
      vertex -6.92261 21.2126 0
    endloop
  endfacet
  facet normal 0 0 -1
    outer loop
      vertex -10.501 -19.6882 0
      vertex -8.33215 -20.6995 0
      vertex -10.3 -20.4382 0
    endloop
  endfacet
  facet normal 0 0 -1
    outer loop
      vertex -2.6 0 0
      vertex -8.33215 20.6995 0
      vertex -7.55864 20.7672 0
    endloop
  endfacet
  facet normal 0 0 -1
    outer loop
      vertex -10.3 -20.4382 0
      vertex -8.33215 -20.6995 0
      vertex -9.03586 -21.0277 0
    endloop
  endfacet
  facet normal 0 0 -1
    outer loop
      vertex -11.05 -19.1392 0
      vertex -7.55864 -20.7672 0
      vertex -10.501 -19.6882 0
    endloop
  endfacet
  facet normal 0 0 -1
    outer loop
      vertex -10.1726 -20.6281 0
      vertex -9.03586 -21.0277 0
      vertex -9.09723 -21.1153 0
    endloop
  endfacet
  facet normal 0 0 -1
    outer loop
      vertex -2.6 0 0
      vertex -10.3 20.4382 0
      vertex -8.33215 20.6995 0
    endloop
  endfacet
  facet normal 0 0 -1
    outer loop
      vertex -9.03586 -21.0277 0
      vertex -10.1726 -20.6281 0
      vertex -10.3 -20.4382 0
    endloop
  endfacet
  facet normal -0 0 -1
    outer loop
      vertex -8.33215 20.6995 0
      vertex -10.3 20.4382 0
      vertex -9.03586 21.0277 0
    endloop
  endfacet
  facet normal 0 -0 -1
    outer loop
      vertex -10.1726 20.6281 0
      vertex -9.03586 21.0277 0
      vertex -10.3 20.4382 0
    endloop
  endfacet
  facet normal 0 -0 -1
    outer loop
      vertex -10.3 -20.4382 0
      vertex -10.1726 -20.6281 0
      vertex -10.3285 -20.5447 0
    endloop
  endfacet
  facet normal 0 0 -1
    outer loop
      vertex -4.61113 21.8319 0
      vertex -6.59446 21.9163 0
      vertex -5.95284 22.2163 0
    endloop
  endfacet
  facet normal 0 0 -1
    outer loop
      vertex -5.95284 22.2163 0
      vertex -6.59446 21.9163 0
      vertex -6.60345 22.0189 0
    endloop
  endfacet
  facet normal -0 0 -1
    outer loop
      vertex -9.03586 21.0277 0
      vertex -10.1726 20.6281 0
      vertex -9.09723 21.1153 0
    endloop
  endfacet
  facet normal 0 0 -1
    outer loop
      vertex -10.1726 20.6281 0
      vertex -10.3 20.4382 0
      vertex -10.3285 20.5447 0
    endloop
  endfacet
  facet normal -0 0 -1
    outer loop
      vertex -12.55 19.1392 0
      vertex -12.7781 19.1238 0
      vertex -12.628 19.2172 0
    endloop
  endfacet
  facet normal 0 0 -1
    outer loop
      vertex -12.7781 19.1238 0
      vertex -13.6926 18.3391 0
      vertex -13.7378 18.4361 0
    endloop
  endfacet
  facet normal -0 0 -1
    outer loop
      vertex -15.6828 16.6691 0
      vertex -16.2635 16.2635 0
      vertex -15.7672 16.7282 0
    endloop
  endfacet
  facet normal 0 0 -1
    outer loop
      vertex -16.6691 15.6828 0
      vertex -16.2635 16.2635 0
      vertex -16.6014 14.9093 0
    endloop
  endfacet
  facet normal 0 0 -1
    outer loop
      vertex -16.2635 16.2635 0
      vertex -16.6691 15.6828 0
      vertex -16.7282 15.7672 0
    endloop
  endfacet
  facet normal 0 0 -1
    outer loop
      vertex -19.1392 12.55 0
      vertex -18.3391 13.6926 0
      vertex -18.9382 11.8 0
    endloop
  endfacet
  facet normal 0 -0 -1
    outer loop
      vertex -19.1238 12.7781 0
      vertex -18.3391 13.6926 0
      vertex -19.1392 12.55 0
    endloop
  endfacet
  facet normal -0 0 -1
    outer loop
      vertex -18.3391 13.6926 0
      vertex -19.1238 12.7781 0
      vertex -18.4361 13.7378 0
    endloop
  endfacet
  facet normal 0 0 -1
    outer loop
      vertex -19.1238 12.7781 0
      vertex -19.1392 12.55 0
      vertex -19.2172 12.628 0
    endloop
  endfacet
  facet normal -0 0 -1
    outer loop
      vertex -20.4382 10.3 0
      vertex -20.6281 10.1726 0
      vertex -20.5447 10.3285 0
    endloop
  endfacet
  facet normal 0 0 -1
    outer loop
      vertex -20.4382 10.3 0
      vertex -21.0277 9.03586 0
      vertex -20.6281 10.1726 0
    endloop
  endfacet
  facet normal 0 0 -1
    outer loop
      vertex -20.6281 10.1726 0
      vertex -21.0277 9.03586 0
      vertex -21.1153 9.09723 0
    endloop
  endfacet
  facet normal 0 0 -1
    outer loop
      vertex -20.7672 7.55864 0
      vertex -21.7643 3.83762 0
      vertex -21.2126 6.92261 0
    endloop
  endfacet
  facet normal 0 0 -1
    outer loop
      vertex -21.8319 4.61113 0
      vertex -21.2126 6.92261 0
      vertex -21.7643 3.83762 0
    endloop
  endfacet
  facet normal 0 0 -1
    outer loop
      vertex -22.2163 5.95284 0
      vertex -21.2126 6.92261 0
      vertex -21.8319 4.61113 0
    endloop
  endfacet
  facet normal 0 0 -1
    outer loop
      vertex -21.2126 6.92261 0
      vertex -22.2163 5.95284 0
      vertex -21.9163 6.59446 0
    endloop
  endfacet
  facet normal -0 0 -1
    outer loop
      vertex -21.9163 6.59446 0
      vertex -22.2163 5.95284 0
      vertex -22.0189 6.60345 0
    endloop
  endfacet
  facet normal 0 0 -1
    outer loop
      vertex -22.2773 5.24716 0
      vertex -22.2163 5.95284 0
      vertex -21.8319 4.61113 0
    endloop
  endfacet
  facet normal 0 0 -1
    outer loop
      vertex -22.2163 5.95284 0
      vertex -22.2773 5.24716 0
      vertex -22.3707 5.29071 0
    endloop
  endfacet
  facet normal 0 0 -1
    outer loop
      vertex -22.301 0.75 0
      vertex -22.0924 3.13391 0
      vertex -22.1 0 0
    endloop
  endfacet
  facet normal 0 0 -1
    outer loop
      vertex -22.301 0.75 0
      vertex -22.7284 2.68856 0
      vertex -22.0924 3.13391 0
    endloop
  endfacet
  facet normal 0 0 -1
    outer loop
      vertex -22.85 1.29904 0
      vertex -22.7284 2.68856 0
      vertex -22.301 0.75 0
    endloop
  endfacet
  facet normal 0 0 -1
    outer loop
      vertex -22.9508 1.50427 0
      vertex -22.7284 2.68856 0
      vertex -22.85 1.29904 0
    endloop
  endfacet
  facet normal 0 0 -1
    outer loop
      vertex -22.7284 2.68856 0
      vertex -22.9508 1.50427 0
      vertex -22.835 2.67923 0
    endloop
  endfacet
  facet normal 0 -0 -1
    outer loop
      vertex -22.9508 1.50427 0
      vertex -22.85 1.29904 0
      vertex -22.9565 1.32759 0
    endloop
  endfacet
  facet normal 0 0 -1
    outer loop
      vertex 1.22563 2.29299 0
      vertex 11.05 19.1392 0
      vertex 1.44448 2.16182 0
    endloop
  endfacet
  facet normal -0 0 -1
    outer loop
      vertex 11.05 19.1392 0
      vertex 1.22563 2.29299 0
      vertex 7.55864 20.7672 0
    endloop
  endfacet
  facet normal -0 0 -1
    outer loop
      vertex 5.95284 22.2163 0
      vertex 4.61113 21.8319 0
      vertex 5.24716 22.2773 0
    endloop
  endfacet
  facet normal 0 0 -1
    outer loop
      vertex 0.994976 2.40209 0
      vertex 7.55864 20.7672 0
      vertex 1.22563 2.29299 0
    endloop
  endfacet
  facet normal 0 0 -1
    outer loop
      vertex 6.92261 21.2126 0
      vertex 5.95284 22.2163 0
      vertex 6.59446 21.9163 0
    endloop
  endfacet
  facet normal 0 0 -1
    outer loop
      vertex 0.75474 2.48804 0
      vertex 7.55864 20.7672 0
      vertex 0.994976 2.40209 0
    endloop
  endfacet
  facet normal 0 -0 -1
    outer loop
      vertex 5.95284 22.2163 0
      vertex 6.92261 21.2126 0
      vertex 4.61113 21.8319 0
    endloop
  endfacet
  facet normal 0 -0 -1
    outer loop
      vertex 3.83762 21.7643 0
      vertex 7.55864 20.7672 0
      vertex 0.75474 2.48804 0
    endloop
  endfacet
  facet normal 0 0 -1
    outer loop
      vertex 6.92261 21.2126 0
      vertex 3.83762 21.7643 0
      vertex 4.61113 21.8319 0
    endloop
  endfacet
  facet normal 0 0 -1
    outer loop
      vertex 7.55864 20.7672 0
      vertex 3.83762 21.7643 0
      vertex 6.92261 21.2126 0
    endloop
  endfacet
  facet normal 0 0 -1
    outer loop
      vertex 0.507235 2.55004 0
      vertex 3.83762 21.7643 0
      vertex 0.75474 2.48804 0
    endloop
  endfacet
  facet normal 0 -0 -1
    outer loop
      vertex 1.50427 22.9508 0
      vertex 2.68856 22.7284 0
      vertex 1.29904 22.85 0
    endloop
  endfacet
  facet normal -0 0 -1
    outer loop
      vertex 1.50427 22.9508 0
      vertex 1.29904 22.85 0
      vertex 1.32759 22.9565 0
    endloop
  endfacet
  facet normal 0 0 -1
    outer loop
      vertex 0.254844 2.58748 0
      vertex 3.83762 21.7643 0
      vertex 0.507235 2.55004 0
    endloop
  endfacet
  facet normal 0 -0 -1
    outer loop
      vertex 1.29904 22.85 0
      vertex 2.68856 22.7284 0
      vertex 0.75 22.301 0
    endloop
  endfacet
  facet normal 0 0 -1
    outer loop
      vertex 3.13391 22.0924 0
      vertex 0.75 22.301 0
      vertex 2.68856 22.7284 0
    endloop
  endfacet
  facet normal 0 0 -1
    outer loop
      vertex 2.68856 22.7284 0
      vertex 1.50427 22.9508 0
      vertex 2.67923 22.835 0
    endloop
  endfacet
  facet normal 0 0 -1
    outer loop
      vertex 0 22.1 0
      vertex 3.83762 21.7643 0
      vertex 0.254844 2.58748 0
    endloop
  endfacet
  facet normal 0 0 -1
    outer loop
      vertex 3.83762 21.7643 0
      vertex 0 22.1 0
      vertex 3.13391 22.0924 0
    endloop
  endfacet
  facet normal 0 0 -1
    outer loop
      vertex 0 22.1 0
      vertex 0.254844 2.58748 0
      vertex 0 2.6 0
    endloop
  endfacet
  facet normal 0 0 -1
    outer loop
      vertex 3.13391 22.0924 0
      vertex 0 22.1 0
      vertex 0.75 22.301 0
    endloop
  endfacet
  facet normal 0 0 -1
    outer loop
      vertex -0.254844 2.58748 0
      vertex 0 22.1 0
      vertex 0 2.6 0
    endloop
  endfacet
  facet normal 0 0 -1
    outer loop
      vertex -3.83762 21.7643 0
      vertex -0.254844 2.58748 0
      vertex -0.507235 2.55004 0
    endloop
  endfacet
  facet normal 0 0 -1
    outer loop
      vertex -0.254844 2.58748 0
      vertex -3.83762 21.7643 0
      vertex 0 22.1 0
    endloop
  endfacet
  facet normal 0 0 -1
    outer loop
      vertex -3.83762 21.7643 0
      vertex -0.507235 2.55004 0
      vertex -0.75474 2.48804 0
    endloop
  endfacet
  facet normal 0 0 -1
    outer loop
      vertex -3.83762 21.7643 0
      vertex -0.75474 2.48804 0
      vertex -0.994976 2.40209 0
    endloop
  endfacet
  facet normal 0 0 -1
    outer loop
      vertex -4.61113 21.8319 0
      vertex -0.994976 2.40209 0
      vertex -1.22563 2.29299 0
    endloop
  endfacet
  facet normal -0 0 -1
    outer loop
      vertex 0 22.1 0
      vertex -3.83762 21.7643 0
      vertex -0.75 22.301 0
    endloop
  endfacet
  facet normal -0 0 -1
    outer loop
      vertex -0.75 22.301 0
      vertex -3.13391 22.0924 0
      vertex -1.29904 22.85 0
    endloop
  endfacet
  facet normal 0 0 -1
    outer loop
      vertex -6.59446 21.9163 0
      vertex -1.22563 2.29299 0
      vertex -1.44448 2.16182 0
    endloop
  endfacet
  facet normal 0 -0 -1
    outer loop
      vertex -2.68856 22.7284 0
      vertex -1.29904 22.85 0
      vertex -3.13391 22.0924 0
    endloop
  endfacet
  facet normal 0 0 -1
    outer loop
      vertex -6.59446 21.9163 0
      vertex -1.44448 2.16182 0
      vertex -1.64942 2.00983 0
    endloop
  endfacet
  facet normal 0 0 -1
    outer loop
      vertex -6.59446 21.9163 0
      vertex -1.64942 2.00983 0
      vertex -1.83848 1.83848 0
    endloop
  endfacet
  facet normal 0 0 -1
    outer loop
      vertex -6.59446 21.9163 0
      vertex -1.83848 1.83848 0
      vertex -2.00983 1.64942 0
    endloop
  endfacet
  facet normal 0 0 -1
    outer loop
      vertex -6.59446 21.9163 0
      vertex -2.00983 1.64942 0
      vertex -2.16182 1.44448 0
    endloop
  endfacet
  facet normal 0 0 -1
    outer loop
      vertex -6.59446 21.9163 0
      vertex -2.16182 1.44448 0
      vertex -2.29299 1.22563 0
    endloop
  endfacet
  facet normal 0 0 -1
    outer loop
      vertex -6.59446 21.9163 0
      vertex -2.29299 1.22563 0
      vertex -2.40209 0.994976 0
    endloop
  endfacet
  facet normal 0 0 -1
    outer loop
      vertex -6.59446 21.9163 0
      vertex -2.40209 0.994976 0
      vertex -2.48804 0.75474 0
    endloop
  endfacet
  facet normal 0 0 -1
    outer loop
      vertex -6.59446 21.9163 0
      vertex -2.48804 0.75474 0
      vertex -2.55004 0.507235 0
    endloop
  endfacet
  facet normal 0 0 -1
    outer loop
      vertex -6.59446 21.9163 0
      vertex -2.55004 0.507235 0
      vertex -2.58748 0.254844 0
    endloop
  endfacet
  facet normal 0 0 -1
    outer loop
      vertex -6.59446 21.9163 0
      vertex -2.58748 0.254844 0
      vertex -2.6 0 0
    endloop
  endfacet
  facet normal 0 0 -1
    outer loop
      vertex -1.29904 22.85 0
      vertex -1.50427 22.9508 0
      vertex -1.32759 22.9565 0
    endloop
  endfacet
  facet normal 0 0 -1
    outer loop
      vertex -1.29904 -22.85 0
      vertex -2.68856 -22.7284 0
      vertex -3.13391 -22.0924 0
    endloop
  endfacet
  facet normal 0 0 -1
    outer loop
      vertex -19.1392 -11.05 0
      vertex -2.16182 -1.44448 0
      vertex -16.9296 -14.2056 0
    endloop
  endfacet
  facet normal 0 0 -1
    outer loop
      vertex -1.50427 22.9508 0
      vertex -2.68856 22.7284 0
      vertex -2.67923 22.835 0
    endloop
  endfacet
  facet normal -0 0 -1
    outer loop
      vertex -2.16182 -1.44448 0
      vertex -19.1392 -11.05 0
      vertex -2.29299 -1.22563 0
    endloop
  endfacet
  facet normal -0 0 -1
    outer loop
      vertex -1.29904 22.85 0
      vertex -2.68856 22.7284 0
      vertex -1.50427 22.9508 0
    endloop
  endfacet
  facet normal 0 0 -1
    outer loop
      vertex -6.92261 -21.2126 0
      vertex -3.83762 -21.7643 0
      vertex -4.61113 -21.8319 0
    endloop
  endfacet
  facet normal 0 0 -1
    outer loop
      vertex -0.75 22.301 0
      vertex -3.83762 21.7643 0
      vertex -3.13391 22.0924 0
    endloop
  endfacet
  facet normal 0 0 -1
    outer loop
      vertex -5.95284 -22.2163 0
      vertex -6.92261 -21.2126 0
      vertex -4.61113 -21.8319 0
    endloop
  endfacet
  facet normal 0 0 -1
    outer loop
      vertex -0.994976 2.40209 0
      vertex -4.61113 21.8319 0
      vertex -3.83762 21.7643 0
    endloop
  endfacet
  facet normal 0 0 -1
    outer loop
      vertex -5.95284 -22.2163 0
      vertex -4.61113 -21.8319 0
      vertex -5.24716 -22.2773 0
    endloop
  endfacet
  facet normal 0 0 -1
    outer loop
      vertex -7.55864 -20.7672 0
      vertex -3.83762 -21.7643 0
      vertex -6.92261 -21.2126 0
    endloop
  endfacet
  facet normal 0 0 -1
    outer loop
      vertex -5.95284 -22.2163 0
      vertex -5.24716 -22.2773 0
      vertex -5.29071 -22.3707 0
    endloop
  endfacet
  facet normal 0 0 -1
    outer loop
      vertex -1.22563 2.29299 0
      vertex -6.59446 21.9163 0
      vertex -4.61113 21.8319 0
    endloop
  endfacet
  facet normal 0 0 -1
    outer loop
      vertex -6.92261 -21.2126 0
      vertex -5.95284 -22.2163 0
      vertex -6.59446 -21.9163 0
    endloop
  endfacet
  facet normal 0 0 -1
    outer loop
      vertex -4.61113 21.8319 0
      vertex -5.95284 22.2163 0
      vertex -5.24716 22.2773 0
    endloop
  endfacet
  facet normal -0 0 -1
    outer loop
      vertex -5.24716 22.2773 0
      vertex -5.95284 22.2163 0
      vertex -5.29071 22.3707 0
    endloop
  endfacet
  facet normal 0 -0 -1
    outer loop
      vertex -6.59446 -21.9163 0
      vertex -5.95284 -22.2163 0
      vertex -6.60345 -22.0189 0
    endloop
  endfacet
  facet normal -0.52832 -0.849045 0
    outer loop
      vertex -12.7781 -19.1238 0
      vertex -12.628 -19.2172 8
      vertex -12.7781 -19.1238 8
    endloop
  endfacet
  facet normal -0.52832 -0.849045 -0
    outer loop
      vertex -12.628 -19.2172 8
      vertex -12.7781 -19.1238 0
      vertex -12.628 -19.2172 0
    endloop
  endfacet
  facet normal -0.973873 -0.227094 0
    outer loop
      vertex -22.2163 -5.95284 0
      vertex -22.3707 -5.29071 8
      vertex -22.3707 -5.29071 0
    endloop
  endfacet
  facet normal -0.973873 -0.227094 0
    outer loop
      vertex -22.3707 -5.29071 8
      vertex -22.2163 -5.95284 0
      vertex -22.2163 -5.95284 8
    endloop
  endfacet
  facet normal 0.956924 -0.290338 0
    outer loop
      vertex 22.0189 -6.60345 8
      vertex 22.2163 -5.95284 0
      vertex 22.2163 -5.95284 8
    endloop
  endfacet
  facet normal 0.956924 -0.290338 0
    outer loop
      vertex 22.2163 -5.95284 0
      vertex 22.0189 -6.60345 8
      vertex 22.0189 -6.60345 0
    endloop
  endfacet
  facet normal 0.849045 -0.52832 0
    outer loop
      vertex 19.1238 -12.7781 8
      vertex 19.2172 -12.628 0
      vertex 19.2172 -12.628 8
    endloop
  endfacet
  facet normal 0.849045 -0.52832 0
    outer loop
      vertex 19.2172 -12.628 0
      vertex 19.1238 -12.7781 8
      vertex 19.1238 -12.7781 0
    endloop
  endfacet
  facet normal -0.227094 0.973873 0
    outer loop
      vertex -5.29071 22.3707 0
      vertex -5.95284 22.2163 8
      vertex -5.29071 22.3707 8
    endloop
  endfacet
  facet normal -0.227094 0.973873 0
    outer loop
      vertex -5.95284 22.2163 8
      vertex -5.29071 22.3707 0
      vertex -5.95284 22.2163 0
    endloop
  endfacet
  facet normal 0.99948 -0.0322449 0
    outer loop
      vertex 22.9508 -1.50427 8
      vertex 22.9565 -1.32759 0
      vertex 22.9565 -1.32759 8
    endloop
  endfacet
  facet normal 0.99948 -0.0322449 0
    outer loop
      vertex 22.9565 -1.32759 0
      vertex 22.9508 -1.50427 8
      vertex 22.9508 -1.50427 0
    endloop
  endfacet
  facet normal 0.582471 0.812851 -0
    outer loop
      vertex 13.7378 18.4361 0
      vertex 12.7781 19.1238 8
      vertex 13.7378 18.4361 8
    endloop
  endfacet
  facet normal 0.582471 0.812851 0
    outer loop
      vertex 12.7781 19.1238 8
      vertex 13.7378 18.4361 0
      vertex 12.7781 19.1238 0
    endloop
  endfacet
  facet normal 0.956924 0.290338 0
    outer loop
      vertex 22.2163 5.95284 8
      vertex 22.0189 6.60345 0
      vertex 22.0189 6.60345 8
    endloop
  endfacet
  facet normal 0.956924 0.290338 0
    outer loop
      vertex 22.0189 6.60345 0
      vertex 22.2163 5.95284 8
      vertex 22.2163 5.95284 0
    endloop
  endfacet
  facet normal -0.956924 0.290338 0
    outer loop
      vertex -22.2163 5.95284 0
      vertex -22.0189 6.60345 8
      vertex -22.0189 6.60345 0
    endloop
  endfacet
  facet normal -0.956924 0.290338 0
    outer loop
      vertex -22.0189 6.60345 8
      vertex -22.2163 5.95284 0
      vertex -22.2163 5.95284 8
    endloop
  endfacet
  facet normal 0.683486 -0.729964 0
    outer loop
      vertex 15.7672 -16.7282 0
      vertex 16.2635 -16.2635 8
      vertex 15.7672 -16.7282 8
    endloop
  endfacet
  facet normal 0.683486 -0.729964 0
    outer loop
      vertex 16.2635 -16.2635 8
      vertex 15.7672 -16.7282 0
      vertex 16.2635 -16.2635 0
    endloop
  endfacet
  facet normal 0.0980813 -0.995178 0
    outer loop
      vertex 1.50427 -22.9508 0
      vertex 2.67923 -22.835 8
      vertex 1.50427 -22.9508 8
    endloop
  endfacet
  facet normal 0.0980813 -0.995178 0
    outer loop
      vertex 2.67923 -22.835 8
      vertex 1.50427 -22.9508 0
      vertex 2.67923 -22.835 0
    endloop
  endfacet
  facet normal -0.729964 -0.683486 0
    outer loop
      vertex -16.2635 -16.2635 0
      vertex -16.7282 -15.7672 8
      vertex -16.7282 -15.7672 0
    endloop
  endfacet
  facet normal -0.729964 -0.683486 0
    outer loop
      vertex -16.7282 -15.7672 8
      vertex -16.2635 -16.2635 0
      vertex -16.2635 -16.2635 8
    endloop
  endfacet
  facet normal -0.956924 -0.290338 0
    outer loop
      vertex -22.0189 -6.60345 0
      vertex -22.2163 -5.95284 8
      vertex -22.2163 -5.95284 0
    endloop
  endfacet
  facet normal -0.956924 -0.290338 0
    outer loop
      vertex -22.2163 -5.95284 8
      vertex -22.0189 -6.60345 0
      vertex -22.0189 -6.60345 8
    endloop
  endfacet
  facet normal 0.0322449 -0.99948 0
    outer loop
      vertex 1.32759 -22.9565 0
      vertex 1.50427 -22.9508 8
      vertex 1.32759 -22.9565 8
    endloop
  endfacet
  facet normal 0.0322449 -0.99948 0
    outer loop
      vertex 1.50427 -22.9508 8
      vertex 1.32759 -22.9565 0
      vertex 1.50427 -22.9508 0
    endloop
  endfacet
  facet normal -0.881757 0.471703 0
    outer loop
      vertex -20.6281 10.1726 0
      vertex -20.5447 10.3285 8
      vertex -20.5447 10.3285 0
    endloop
  endfacet
  facet normal -0.881757 0.471703 0
    outer loop
      vertex -20.5447 10.3285 8
      vertex -20.6281 10.1726 0
      vertex -20.6281 10.1726 8
    endloop
  endfacet
  facet normal 0.683486 0.729964 -0
    outer loop
      vertex 16.2635 16.2635 0
      vertex 15.7672 16.7282 8
      vertex 16.2635 16.2635 8
    endloop
  endfacet
  facet normal 0.683486 0.729964 0
    outer loop
      vertex 15.7672 16.7282 8
      vertex 16.2635 16.2635 0
      vertex 15.7672 16.7282 0
    endloop
  endfacet
  facet normal -0.995178 0.0980813 0
    outer loop
      vertex -22.9508 1.50427 0
      vertex -22.835 2.67923 8
      vertex -22.835 2.67923 0
    endloop
  endfacet
  facet normal -0.995178 0.0980813 0
    outer loop
      vertex -22.835 2.67923 8
      vertex -22.9508 1.50427 0
      vertex -22.9508 1.50427 8
    endloop
  endfacet
  facet normal 0.290338 0.956924 -0
    outer loop
      vertex 6.60345 22.0189 0
      vertex 5.95284 22.2163 8
      vertex 6.60345 22.0189 8
    endloop
  endfacet
  facet normal 0.290338 0.956924 0
    outer loop
      vertex 5.95284 22.2163 8
      vertex 6.60345 22.0189 0
      vertex 5.95284 22.2163 0
    endloop
  endfacet
  facet normal -0.412676 0.910878 0
    outer loop
      vertex -9.09723 21.1153 0
      vertex -10.1726 20.6281 8
      vertex -9.09723 21.1153 8
    endloop
  endfacet
  facet normal -0.412676 0.910878 0
    outer loop
      vertex -10.1726 20.6281 8
      vertex -9.09723 21.1153 0
      vertex -10.1726 20.6281 0
    endloop
  endfacet
  facet normal 0.471703 0.881757 -0
    outer loop
      vertex 10.3285 20.5447 0
      vertex 10.1726 20.6281 8
      vertex 10.3285 20.5447 8
    endloop
  endfacet
  facet normal 0.471703 0.881757 0
    outer loop
      vertex 10.1726 20.6281 8
      vertex 10.3285 20.5447 0
      vertex 10.1726 20.6281 0
    endloop
  endfacet
  facet normal -0.812851 -0.582471 0
    outer loop
      vertex -18.4361 -13.7378 0
      vertex -19.1238 -12.7781 8
      vertex -19.1238 -12.7781 0
    endloop
  endfacet
  facet normal -0.812851 -0.582471 0
    outer loop
      vertex -19.1238 -12.7781 8
      vertex -18.4361 -13.7378 0
      vertex -18.4361 -13.7378 8
    endloop
  endfacet
  facet normal -0.973873 0.227094 0
    outer loop
      vertex -22.3707 5.29071 0
      vertex -22.2163 5.95284 8
      vertex -22.2163 5.95284 0
    endloop
  endfacet
  facet normal -0.973873 0.227094 0
    outer loop
      vertex -22.2163 5.95284 8
      vertex -22.3707 5.29071 0
      vertex -22.3707 5.29071 8
    endloop
  endfacet
  facet normal -0.582471 0.812851 0
    outer loop
      vertex -12.7781 19.1238 0
      vertex -13.7378 18.4361 8
      vertex -12.7781 19.1238 8
    endloop
  endfacet
  facet normal -0.582471 0.812851 0
    outer loop
      vertex -13.7378 18.4361 8
      vertex -12.7781 19.1238 0
      vertex -13.7378 18.4361 0
    endloop
  endfacet
  facet normal 0.412676 0.910878 -0
    outer loop
      vertex 10.1726 20.6281 0
      vertex 9.09723 21.1153 8
      vertex 10.1726 20.6281 8
    endloop
  endfacet
  facet normal 0.412676 0.910878 0
    outer loop
      vertex 9.09723 21.1153 8
      vertex 10.1726 20.6281 0
      vertex 9.09723 21.1153 0
    endloop
  endfacet
  facet normal 0.471703 -0.881757 0
    outer loop
      vertex 10.1726 -20.6281 0
      vertex 10.3285 -20.5447 8
      vertex 10.1726 -20.6281 8
    endloop
  endfacet
  facet normal 0.471703 -0.881757 0
    outer loop
      vertex 10.3285 -20.5447 8
      vertex 10.1726 -20.6281 0
      vertex 10.3285 -20.5447 0
    endloop
  endfacet
  facet normal 0.881757 0.471703 0
    outer loop
      vertex 20.6281 10.1726 8
      vertex 20.5447 10.3285 0
      vertex 20.5447 10.3285 8
    endloop
  endfacet
  facet normal 0.881757 0.471703 0
    outer loop
      vertex 20.5447 10.3285 0
      vertex 20.6281 10.1726 8
      vertex 20.6281 10.1726 0
    endloop
  endfacet
  facet normal 0.0322449 0.99948 -0
    outer loop
      vertex 1.50427 22.9508 0
      vertex 1.32759 22.9565 8
      vertex 1.50427 22.9508 8
    endloop
  endfacet
  facet normal 0.0322449 0.99948 0
    outer loop
      vertex 1.32759 22.9565 8
      vertex 1.50427 22.9508 0
      vertex 1.32759 22.9565 0
    endloop
  endfacet
  facet normal 0.290338 -0.956924 0
    outer loop
      vertex 5.95284 -22.2163 0
      vertex 6.60345 -22.0189 8
      vertex 5.95284 -22.2163 8
    endloop
  endfacet
  facet normal 0.290338 -0.956924 0
    outer loop
      vertex 6.60345 -22.0189 8
      vertex 5.95284 -22.2163 0
      vertex 6.60345 -22.0189 0
    endloop
  endfacet
  facet normal 0.729964 0.683486 0
    outer loop
      vertex 16.7282 15.7672 8
      vertex 16.2635 16.2635 0
      vertex 16.2635 16.2635 8
    endloop
  endfacet
  facet normal 0.729964 0.683486 0
    outer loop
      vertex 16.2635 16.2635 0
      vertex 16.7282 15.7672 8
      vertex 16.7282 15.7672 0
    endloop
  endfacet
  facet normal -0.227094 -0.973873 0
    outer loop
      vertex -5.95284 -22.2163 0
      vertex -5.29071 -22.3707 8
      vertex -5.95284 -22.2163 8
    endloop
  endfacet
  facet normal -0.227094 -0.973873 -0
    outer loop
      vertex -5.29071 -22.3707 8
      vertex -5.95284 -22.2163 0
      vertex -5.29071 -22.3707 0
    endloop
  endfacet
  facet normal -0.729964 0.683486 0
    outer loop
      vertex -16.7282 15.7672 0
      vertex -16.2635 16.2635 8
      vertex -16.2635 16.2635 0
    endloop
  endfacet
  facet normal -0.729964 0.683486 0
    outer loop
      vertex -16.2635 16.2635 8
      vertex -16.7282 15.7672 0
      vertex -16.7282 15.7672 8
    endloop
  endfacet
  facet normal 0.412676 -0.910878 0
    outer loop
      vertex 9.09723 -21.1153 0
      vertex 10.1726 -20.6281 8
      vertex 9.09723 -21.1153 8
    endloop
  endfacet
  facet normal 0.412676 -0.910878 0
    outer loop
      vertex 10.1726 -20.6281 8
      vertex 9.09723 -21.1153 0
      vertex 10.1726 -20.6281 0
    endloop
  endfacet
  facet normal -0.0322449 0.99948 0
    outer loop
      vertex -1.32759 22.9565 0
      vertex -1.50427 22.9508 8
      vertex -1.32759 22.9565 8
    endloop
  endfacet
  facet normal -0.0322449 0.99948 0
    outer loop
      vertex -1.50427 22.9508 8
      vertex -1.32759 22.9565 0
      vertex -1.50427 22.9508 0
    endloop
  endfacet
  facet normal 0.812851 -0.582471 0
    outer loop
      vertex 18.4361 -13.7378 8
      vertex 19.1238 -12.7781 0
      vertex 19.1238 -12.7781 8
    endloop
  endfacet
  facet normal 0.812851 -0.582471 0
    outer loop
      vertex 19.1238 -12.7781 0
      vertex 18.4361 -13.7378 8
      vertex 18.4361 -13.7378 0
    endloop
  endfacet
  facet normal 0.52832 -0.849045 0
    outer loop
      vertex 12.628 -19.2172 0
      vertex 12.7781 -19.1238 8
      vertex 12.628 -19.2172 8
    endloop
  endfacet
  facet normal 0.52832 -0.849045 0
    outer loop
      vertex 12.7781 -19.1238 8
      vertex 12.628 -19.2172 0
      vertex 12.7781 -19.1238 0
    endloop
  endfacet
  facet normal -0.99948 -0.0322449 0
    outer loop
      vertex -22.9508 -1.50427 0
      vertex -22.9565 -1.32759 8
      vertex -22.9565 -1.32759 0
    endloop
  endfacet
  facet normal -0.99948 -0.0322449 0
    outer loop
      vertex -22.9565 -1.32759 8
      vertex -22.9508 -1.50427 0
      vertex -22.9508 -1.50427 8
    endloop
  endfacet
  facet normal -0.0322449 -0.99948 0
    outer loop
      vertex -1.50427 -22.9508 0
      vertex -1.32759 -22.9565 8
      vertex -1.50427 -22.9508 8
    endloop
  endfacet
  facet normal -0.0322449 -0.99948 -0
    outer loop
      vertex -1.32759 -22.9565 8
      vertex -1.50427 -22.9508 0
      vertex -1.32759 -22.9565 0
    endloop
  endfacet
  facet normal 0.227094 -0.973873 0
    outer loop
      vertex 5.29071 -22.3707 0
      vertex 5.95284 -22.2163 8
      vertex 5.29071 -22.3707 8
    endloop
  endfacet
  facet normal 0.227094 -0.973873 0
    outer loop
      vertex 5.95284 -22.2163 8
      vertex 5.29071 -22.3707 0
      vertex 5.95284 -22.2163 0
    endloop
  endfacet
  facet normal 0.227094 0.973873 -0
    outer loop
      vertex 5.95284 22.2163 0
      vertex 5.29071 22.3707 8
      vertex 5.95284 22.2163 8
    endloop
  endfacet
  facet normal 0.227094 0.973873 0
    outer loop
      vertex 5.29071 22.3707 8
      vertex 5.95284 22.2163 0
      vertex 5.29071 22.3707 0
    endloop
  endfacet
  facet normal 0.995178 -0.0980813 0
    outer loop
      vertex 22.835 -2.67923 8
      vertex 22.9508 -1.50427 0
      vertex 22.9508 -1.50427 8
    endloop
  endfacet
  facet normal 0.995178 -0.0980813 0
    outer loop
      vertex 22.9508 -1.50427 0
      vertex 22.835 -2.67923 8
      vertex 22.835 -2.67923 0
    endloop
  endfacet
  facet normal -0.471703 0.881757 0
    outer loop
      vertex -10.1726 20.6281 0
      vertex -10.3285 20.5447 8
      vertex -10.1726 20.6281 8
    endloop
  endfacet
  facet normal -0.471703 0.881757 0
    outer loop
      vertex -10.3285 20.5447 8
      vertex -10.1726 20.6281 0
      vertex -10.3285 20.5447 0
    endloop
  endfacet
  facet normal 0.729964 -0.683486 0
    outer loop
      vertex 16.2635 -16.2635 8
      vertex 16.7282 -15.7672 0
      vertex 16.7282 -15.7672 8
    endloop
  endfacet
  facet normal 0.729964 -0.683486 0
    outer loop
      vertex 16.7282 -15.7672 0
      vertex 16.2635 -16.2635 8
      vertex 16.2635 -16.2635 0
    endloop
  endfacet
  facet normal 0.910878 0.412676 0
    outer loop
      vertex 21.1153 9.09723 8
      vertex 20.6281 10.1726 0
      vertex 20.6281 10.1726 8
    endloop
  endfacet
  facet normal 0.910878 0.412676 0
    outer loop
      vertex 20.6281 10.1726 0
      vertex 21.1153 9.09723 8
      vertex 21.1153 9.09723 0
    endloop
  endfacet
  facet normal -0.849045 0.52832 0
    outer loop
      vertex -19.2172 12.628 0
      vertex -19.1238 12.7781 8
      vertex -19.1238 12.7781 0
    endloop
  endfacet
  facet normal -0.849045 0.52832 0
    outer loop
      vertex -19.1238 12.7781 8
      vertex -19.2172 12.628 0
      vertex -19.2172 12.628 8
    endloop
  endfacet
  facet normal -0.0980813 0.995178 0
    outer loop
      vertex -1.50427 22.9508 0
      vertex -2.67923 22.835 8
      vertex -1.50427 22.9508 8
    endloop
  endfacet
  facet normal -0.0980813 0.995178 0
    outer loop
      vertex -2.67923 22.835 8
      vertex -1.50427 22.9508 0
      vertex -2.67923 22.835 0
    endloop
  endfacet
  facet normal -0.290338 -0.956924 0
    outer loop
      vertex -6.60345 -22.0189 0
      vertex -5.95284 -22.2163 8
      vertex -6.60345 -22.0189 8
    endloop
  endfacet
  facet normal -0.290338 -0.956924 -0
    outer loop
      vertex -5.95284 -22.2163 8
      vertex -6.60345 -22.0189 0
      vertex -5.95284 -22.2163 0
    endloop
  endfacet
  facet normal 0.52832 0.849045 -0
    outer loop
      vertex 12.7781 19.1238 0
      vertex 12.628 19.2172 8
      vertex 12.7781 19.1238 8
    endloop
  endfacet
  facet normal 0.52832 0.849045 0
    outer loop
      vertex 12.628 19.2172 8
      vertex 12.7781 19.1238 0
      vertex 12.628 19.2172 0
    endloop
  endfacet
  facet normal -0.683486 -0.729964 0
    outer loop
      vertex -16.2635 -16.2635 0
      vertex -15.7672 -16.7282 8
      vertex -16.2635 -16.2635 8
    endloop
  endfacet
  facet normal -0.683486 -0.729964 -0
    outer loop
      vertex -15.7672 -16.7282 8
      vertex -16.2635 -16.2635 0
      vertex -15.7672 -16.7282 0
    endloop
  endfacet
  facet normal 0.881757 -0.471703 0
    outer loop
      vertex 20.5447 -10.3285 8
      vertex 20.6281 -10.1726 0
      vertex 20.6281 -10.1726 8
    endloop
  endfacet
  facet normal 0.881757 -0.471703 0
    outer loop
      vertex 20.6281 -10.1726 0
      vertex 20.5447 -10.3285 8
      vertex 20.5447 -10.3285 0
    endloop
  endfacet
  facet normal -0.52832 0.849045 0
    outer loop
      vertex -12.628 19.2172 0
      vertex -12.7781 19.1238 8
      vertex -12.628 19.2172 8
    endloop
  endfacet
  facet normal -0.52832 0.849045 0
    outer loop
      vertex -12.7781 19.1238 8
      vertex -12.628 19.2172 0
      vertex -12.7781 19.1238 0
    endloop
  endfacet
  facet normal 0.582471 -0.812851 0
    outer loop
      vertex 12.7781 -19.1238 0
      vertex 13.7378 -18.4361 8
      vertex 12.7781 -19.1238 8
    endloop
  endfacet
  facet normal 0.582471 -0.812851 0
    outer loop
      vertex 13.7378 -18.4361 8
      vertex 12.7781 -19.1238 0
      vertex 13.7378 -18.4361 0
    endloop
  endfacet
  facet normal 0.812851 0.582471 0
    outer loop
      vertex 19.1238 12.7781 8
      vertex 18.4361 13.7378 0
      vertex 18.4361 13.7378 8
    endloop
  endfacet
  facet normal 0.812851 0.582471 0
    outer loop
      vertex 18.4361 13.7378 0
      vertex 19.1238 12.7781 8
      vertex 19.1238 12.7781 0
    endloop
  endfacet
  facet normal -0.471703 -0.881757 0
    outer loop
      vertex -10.3285 -20.5447 0
      vertex -10.1726 -20.6281 8
      vertex -10.3285 -20.5447 8
    endloop
  endfacet
  facet normal -0.471703 -0.881757 -0
    outer loop
      vertex -10.1726 -20.6281 8
      vertex -10.3285 -20.5447 0
      vertex -10.1726 -20.6281 0
    endloop
  endfacet
  facet normal -0.995178 -0.0980813 0
    outer loop
      vertex -22.835 -2.67923 0
      vertex -22.9508 -1.50427 8
      vertex -22.9508 -1.50427 0
    endloop
  endfacet
  facet normal -0.995178 -0.0980813 0
    outer loop
      vertex -22.9508 -1.50427 8
      vertex -22.835 -2.67923 0
      vertex -22.835 -2.67923 8
    endloop
  endfacet
  facet normal -0.849045 -0.52832 0
    outer loop
      vertex -19.1238 -12.7781 0
      vertex -19.2172 -12.628 8
      vertex -19.2172 -12.628 0
    endloop
  endfacet
  facet normal -0.849045 -0.52832 0
    outer loop
      vertex -19.2172 -12.628 8
      vertex -19.1238 -12.7781 0
      vertex -19.1238 -12.7781 8
    endloop
  endfacet
  facet normal -0.99948 0.0322449 0
    outer loop
      vertex -22.9565 1.32759 0
      vertex -22.9508 1.50427 8
      vertex -22.9508 1.50427 0
    endloop
  endfacet
  facet normal -0.99948 0.0322449 0
    outer loop
      vertex -22.9508 1.50427 8
      vertex -22.9565 1.32759 0
      vertex -22.9565 1.32759 8
    endloop
  endfacet
  facet normal -0.910878 -0.412676 0
    outer loop
      vertex -20.6281 -10.1726 0
      vertex -21.1153 -9.09723 8
      vertex -21.1153 -9.09723 0
    endloop
  endfacet
  facet normal -0.910878 -0.412676 0
    outer loop
      vertex -21.1153 -9.09723 8
      vertex -20.6281 -10.1726 0
      vertex -20.6281 -10.1726 8
    endloop
  endfacet
  facet normal 0.0980813 0.995178 -0
    outer loop
      vertex 2.67923 22.835 0
      vertex 1.50427 22.9508 8
      vertex 2.67923 22.835 8
    endloop
  endfacet
  facet normal 0.0980813 0.995178 0
    outer loop
      vertex 1.50427 22.9508 8
      vertex 2.67923 22.835 0
      vertex 1.50427 22.9508 0
    endloop
  endfacet
  facet normal 0.973873 -0.227094 0
    outer loop
      vertex 22.2163 -5.95284 8
      vertex 22.3707 -5.29071 0
      vertex 22.3707 -5.29071 8
    endloop
  endfacet
  facet normal 0.973873 -0.227094 0
    outer loop
      vertex 22.3707 -5.29071 0
      vertex 22.2163 -5.95284 8
      vertex 22.2163 -5.95284 0
    endloop
  endfacet
  facet normal -0.812851 0.582471 0
    outer loop
      vertex -19.1238 12.7781 0
      vertex -18.4361 13.7378 8
      vertex -18.4361 13.7378 0
    endloop
  endfacet
  facet normal -0.812851 0.582471 0
    outer loop
      vertex -18.4361 13.7378 8
      vertex -19.1238 12.7781 0
      vertex -19.1238 12.7781 8
    endloop
  endfacet
  facet normal -0.881757 -0.471703 0
    outer loop
      vertex -20.5447 -10.3285 0
      vertex -20.6281 -10.1726 8
      vertex -20.6281 -10.1726 0
    endloop
  endfacet
  facet normal -0.881757 -0.471703 0
    outer loop
      vertex -20.6281 -10.1726 8
      vertex -20.5447 -10.3285 0
      vertex -20.5447 -10.3285 8
    endloop
  endfacet
  facet normal -0.910878 0.412676 0
    outer loop
      vertex -21.1153 9.09723 0
      vertex -20.6281 10.1726 8
      vertex -20.6281 10.1726 0
    endloop
  endfacet
  facet normal -0.910878 0.412676 0
    outer loop
      vertex -20.6281 10.1726 8
      vertex -21.1153 9.09723 0
      vertex -21.1153 9.09723 8
    endloop
  endfacet
  facet normal -0.0980813 -0.995178 0
    outer loop
      vertex -2.67923 -22.835 0
      vertex -1.50427 -22.9508 8
      vertex -2.67923 -22.835 8
    endloop
  endfacet
  facet normal -0.0980813 -0.995178 -0
    outer loop
      vertex -1.50427 -22.9508 8
      vertex -2.67923 -22.835 0
      vertex -1.50427 -22.9508 0
    endloop
  endfacet
  facet normal 0.910878 -0.412676 0
    outer loop
      vertex 20.6281 -10.1726 8
      vertex 21.1153 -9.09723 0
      vertex 21.1153 -9.09723 8
    endloop
  endfacet
  facet normal 0.910878 -0.412676 0
    outer loop
      vertex 21.1153 -9.09723 0
      vertex 20.6281 -10.1726 8
      vertex 20.6281 -10.1726 0
    endloop
  endfacet
  facet normal 0.989167 0.146795 0
    outer loop
      vertex 7.84628 1.56072 16
      vertex 7.85167 1.5244 12.6314
      vertex 7.84628 1.56072 12.5299
    endloop
  endfacet
  facet normal 0.989175 0.146741 5.94271e-07
    outer loop
      vertex 7.84628 1.56072 16
      vertex 7.86194 1.45517 12.7778
      vertex 7.85167 1.5244 12.6314
    endloop
  endfacet
  facet normal 0.989175 0.146743 5.33207e-07
    outer loop
      vertex 7.84628 1.56072 16
      vertex 7.87429 1.37192 12.9167
      vertex 7.86194 1.45517 12.7778
    endloop
  endfacet
  facet normal 0.989172 0.14676 -5.02378e-07
    outer loop
      vertex 7.84628 1.56072 16
      vertex 7.8886 1.27547 13.0467
      vertex 7.87429 1.37192 12.9167
    endloop
  endfacet
  facet normal 0.989176 0.146732 2.21093e-06
    outer loop
      vertex 7.84628 1.56072 16
      vertex 7.90473 1.16673 13.1667
      vertex 7.8886 1.27547 13.0467
    endloop
  endfacet
  facet normal 0.989184 0.14668 9.6873e-06
    outer loop
      vertex 7.84628 1.56072 16
      vertex 7.92252 1.04675 13.2755
      vertex 7.90473 1.16673 13.1667
    endloop
  endfacet
  facet normal 0.989179 0.146715 2.98023e-06
    outer loop
      vertex 7.84628 1.56072 16
      vertex 7.94181 0.916691 13.3719
      vertex 7.92252 1.04675 13.2755
    endloop
  endfacet
  facet normal 0.989176 0.146736 -0
    outer loop
      vertex 7.96148 0.784137 13.4514
      vertex 7.84628 1.56072 16
      vertex 7.96148 0.784137 16
    endloop
  endfacet
  facet normal 0.98917 0.146778 -1.2791e-05
    outer loop
      vertex 7.84628 1.56072 16
      vertex 7.96148 0.784137 13.4514
      vertex 7.94181 0.916691 13.3719
    endloop
  endfacet
  facet normal 0.989167 0.146795 0
    outer loop
      vertex 7.85167 1.5244 11.3686
      vertex 7.84628 1.56072 8
      vertex 7.84628 1.56072 11.4701
    endloop
  endfacet
  facet normal 0.989175 0.146741 -5.94271e-07
    outer loop
      vertex 7.86194 1.45517 11.2222
      vertex 7.84628 1.56072 8
      vertex 7.85167 1.5244 11.3686
    endloop
  endfacet
  facet normal 0.989175 0.146743 -5.33207e-07
    outer loop
      vertex 7.87429 1.37192 11.0833
      vertex 7.84628 1.56072 8
      vertex 7.86194 1.45517 11.2222
    endloop
  endfacet
  facet normal 0.989172 0.14676 5.02378e-07
    outer loop
      vertex 7.8886 1.27547 10.9533
      vertex 7.84628 1.56072 8
      vertex 7.87429 1.37192 11.0833
    endloop
  endfacet
  facet normal 0.989176 0.146732 -2.21093e-06
    outer loop
      vertex 7.90473 1.16673 10.8333
      vertex 7.84628 1.56072 8
      vertex 7.8886 1.27547 10.9533
    endloop
  endfacet
  facet normal 0.989184 0.14668 -9.6873e-06
    outer loop
      vertex 7.92252 1.04675 10.7245
      vertex 7.84628 1.56072 8
      vertex 7.90473 1.16673 10.8333
    endloop
  endfacet
  facet normal 0.989179 0.146715 -2.98023e-06
    outer loop
      vertex 7.94181 0.916691 10.6281
      vertex 7.84628 1.56072 8
      vertex 7.92252 1.04675 10.7245
    endloop
  endfacet
  facet normal 0.98917 0.146778 1.2791e-05
    outer loop
      vertex 7.96148 0.784137 10.5486
      vertex 7.84628 1.56072 8
      vertex 7.94181 0.916691 10.6281
    endloop
  endfacet
  facet normal 0.989176 0.146736 0
    outer loop
      vertex 7.84628 1.56072 8
      vertex 7.96148 0.784137 10.5486
      vertex 7.96148 0.784137 8
    endloop
  endfacet
  facet normal 0.998804 0.0488914 0
    outer loop
      vertex 7.96148 0.784137 16
      vertex 7.96179 0.777804 13.4552
      vertex 7.96148 0.784137 13.4514
    endloop
  endfacet
  facet normal 0.998796 0.0490604 -4.21545e-07
    outer loop
      vertex 7.96148 0.784137 16
      vertex 7.96898 0.631427 13.5244
      vertex 7.96179 0.777804 13.4552
    endloop
  endfacet
  facet normal 0.998795 0.0490691 -9.59025e-07
    outer loop
      vertex 7.96148 0.784137 16
      vertex 7.97647 0.47897 13.579
      vertex 7.96898 0.631427 13.5244
    endloop
  endfacet
  facet normal 0.998794 0.0490893 -3.51369e-06
    outer loop
      vertex 7.96148 0.784137 16
      vertex 7.98419 0.321898 13.6183
      vertex 7.97647 0.47897 13.579
    endloop
  endfacet
  facet normal 0.998798 0.0490155 1.08466e-05
    outer loop
      vertex 7.96148 0.784137 16
      vertex 7.99205 0.161728 13.6421
      vertex 7.98419 0.321898 13.6183
    endloop
  endfacet
  facet normal 0.998796 0.0490649 -2.22921e-06
    outer loop
      vertex 8 0 16
      vertex 7.99205 0.161728 13.6421
      vertex 7.96148 0.784137 16
    endloop
  endfacet
  facet normal 0.998794 0.0490973 0
    outer loop
      vertex 7.99205 0.161728 13.6421
      vertex 8 0 16
      vertex 8 0 13.65
    endloop
  endfacet
  facet normal 0.998804 0.0488914 0
    outer loop
      vertex 7.96179 0.777804 10.5448
      vertex 7.96148 0.784137 8
      vertex 7.96148 0.784137 10.5486
    endloop
  endfacet
  facet normal 0.998796 0.0490604 4.21545e-07
    outer loop
      vertex 7.96898 0.631427 10.4756
      vertex 7.96148 0.784137 8
      vertex 7.96179 0.777804 10.5448
    endloop
  endfacet
  facet normal 0.998795 0.0490691 9.59025e-07
    outer loop
      vertex 7.97647 0.47897 10.421
      vertex 7.96148 0.784137 8
      vertex 7.96898 0.631427 10.4756
    endloop
  endfacet
  facet normal 0.998794 0.0490893 3.51369e-06
    outer loop
      vertex 7.98419 0.321898 10.3817
      vertex 7.96148 0.784137 8
      vertex 7.97647 0.47897 10.421
    endloop
  endfacet
  facet normal 0.998798 0.0490155 -1.08466e-05
    outer loop
      vertex 7.99205 0.161728 10.3579
      vertex 7.96148 0.784137 8
      vertex 7.98419 0.321898 10.3817
    endloop
  endfacet
  facet normal 0.998794 0.0490973 -0
    outer loop
      vertex 8 0 8
      vertex 7.99205 0.161728 10.3579
      vertex 8 0 10.35
    endloop
  endfacet
  facet normal 0.998796 0.0490649 2.22921e-06
    outer loop
      vertex 7.99205 0.161728 10.3579
      vertex 8 0 8
      vertex 7.96148 0.784137 8
    endloop
  endfacet
  facet normal 0.998794 -0.0490973 0
    outer loop
      vertex 8 0 16
      vertex 7.99205 -0.161728 13.6421
      vertex 8 0 13.65
    endloop
  endfacet
  facet normal 0.998796 -0.0490649 -2.22921e-06
    outer loop
      vertex 7.96148 -0.784137 16
      vertex 7.99205 -0.161728 13.6421
      vertex 8 0 16
    endloop
  endfacet
  facet normal 0.998798 -0.0490155 1.08466e-05
    outer loop
      vertex 7.99205 -0.161728 13.6421
      vertex 7.96148 -0.784137 16
      vertex 7.98419 -0.321898 13.6183
    endloop
  endfacet
  facet normal 0.998794 -0.0490893 -3.51369e-06
    outer loop
      vertex 7.98419 -0.321898 13.6183
      vertex 7.96148 -0.784137 16
      vertex 7.97647 -0.47897 13.579
    endloop
  endfacet
  facet normal 0.998795 -0.0490691 -9.59025e-07
    outer loop
      vertex 7.97647 -0.47897 13.579
      vertex 7.96148 -0.784137 16
      vertex 7.96898 -0.631427 13.5244
    endloop
  endfacet
  facet normal 0.998796 -0.0490604 -4.21545e-07
    outer loop
      vertex 7.96898 -0.631427 13.5244
      vertex 7.96148 -0.784137 16
      vertex 7.96179 -0.777804 13.4552
    endloop
  endfacet
  facet normal 0.998804 -0.0488914 0
    outer loop
      vertex 7.96179 -0.777804 13.4552
      vertex 7.96148 -0.784137 16
      vertex 7.96148 -0.784137 13.4514
    endloop
  endfacet
  facet normal 0.998794 -0.0490973 0
    outer loop
      vertex 7.99205 -0.161728 10.3579
      vertex 8 0 8
      vertex 8 0 10.35
    endloop
  endfacet
  facet normal 0.998798 -0.0490155 -1.08466e-05
    outer loop
      vertex 7.96148 -0.784137 8
      vertex 7.99205 -0.161728 10.3579
      vertex 7.98419 -0.321898 10.3817
    endloop
  endfacet
  facet normal 0.998794 -0.0490893 3.51369e-06
    outer loop
      vertex 7.96148 -0.784137 8
      vertex 7.98419 -0.321898 10.3817
      vertex 7.97647 -0.47897 10.421
    endloop
  endfacet
  facet normal 0.998795 -0.0490691 9.59025e-07
    outer loop
      vertex 7.96148 -0.784137 8
      vertex 7.97647 -0.47897 10.421
      vertex 7.96898 -0.631427 10.4756
    endloop
  endfacet
  facet normal 0.998796 -0.0490604 4.21545e-07
    outer loop
      vertex 7.96148 -0.784137 8
      vertex 7.96898 -0.631427 10.4756
      vertex 7.96179 -0.777804 10.5448
    endloop
  endfacet
  facet normal 0.998804 -0.0488914 0
    outer loop
      vertex 7.96148 -0.784137 8
      vertex 7.96179 -0.777804 10.5448
      vertex 7.96148 -0.784137 10.5486
    endloop
  endfacet
  facet normal 0.998796 -0.0490649 2.22921e-06
    outer loop
      vertex 7.99205 -0.161728 10.3579
      vertex 7.96148 -0.784137 8
      vertex 8 0 8
    endloop
  endfacet
  facet normal 0.427562 -0.903986 0
    outer loop
      vertex 3.06147 -7.39104 3
      vertex 3.77117 -7.05537 16
      vertex 3.06147 -7.39104 16
    endloop
  endfacet
  facet normal 0.427562 -0.903986 0
    outer loop
      vertex 3.77117 -7.05537 16
      vertex 3.06147 -7.39104 3
      vertex 3.77117 -7.05537 3
    endloop
  endfacet
  facet normal 0.595701 -0.803206 0
    outer loop
      vertex 4.44456 -6.65176 3
      vertex 5.07515 -6.18408 16
      vertex 4.44456 -6.65176 16
    endloop
  endfacet
  facet normal 0.595701 -0.803206 0
    outer loop
      vertex 5.07515 -6.18408 16
      vertex 4.44456 -6.65176 3
      vertex 5.07515 -6.18408 3
    endloop
  endfacet
  facet normal 0.803206 0.595701 0
    outer loop
      vertex 6.65176 4.44456 16
      vertex 6.18408 5.07515 3
      vertex 6.18408 5.07515 16
    endloop
  endfacet
  facet normal 0.803206 0.595701 0
    outer loop
      vertex 6.18408 5.07515 3
      vertex 6.65176 4.44456 16
      vertex 6.65176 4.44456 3
    endloop
  endfacet
  facet normal -0.941547 0.336883 0
    outer loop
      vertex -7.65552 2.32228 3
      vertex -7.39104 3.06147 16
      vertex -7.39104 3.06147 3
    endloop
  endfacet
  facet normal -0.941547 0.336883 0
    outer loop
      vertex -7.39104 3.06147 16
      vertex -7.65552 2.32228 3
      vertex -7.65552 2.32228 16
    endloop
  endfacet
  facet normal 0.671564 0.740946 -0
    outer loop
      vertex 5.65685 5.65685 3
      vertex 5.07515 6.18408 16
      vertex 5.65685 5.65685 16
    endloop
  endfacet
  facet normal 0.671564 0.740946 0
    outer loop
      vertex 5.07515 6.18408 16
      vertex 5.65685 5.65685 3
      vertex 5.07515 6.18408 3
    endloop
  endfacet
  facet normal -0.336883 0.941547 0
    outer loop
      vertex -2.32228 7.65552 8
      vertex -3.06147 7.39104 16
      vertex -2.32228 7.65552 16
    endloop
  endfacet
  facet normal -0.336883 0.941547 0
    outer loop
      vertex -3.06147 7.39104 16
      vertex -2.32228 7.65552 8
      vertex -3.06147 7.39104 8
    endloop
  endfacet
  facet normal 0.336883 0.941547 -0
    outer loop
      vertex 3.06147 7.39104 3
      vertex 2.32228 7.65552 16
      vertex 3.06147 7.39104 16
    endloop
  endfacet
  facet normal 0.336883 0.941547 0
    outer loop
      vertex 2.32228 7.65552 16
      vertex 3.06147 7.39104 3
      vertex 2.32228 7.65552 3
    endloop
  endfacet
  facet normal 0.514099 -0.857731 0
    outer loop
      vertex 3.77117 -7.05537 3
      vertex 4.44456 -6.65176 16
      vertex 3.77117 -7.05537 16
    endloop
  endfacet
  facet normal 0.514099 -0.857731 0
    outer loop
      vertex 4.44456 -6.65176 16
      vertex 3.77117 -7.05537 3
      vertex 4.44456 -6.65176 3
    endloop
  endfacet
  facet normal 0.0490649 -0.998796 0
    outer loop
      vertex 0 -8 3
      vertex 0.784137 -7.96148 16
      vertex 0 -8 16
    endloop
  endfacet
  facet normal 0.0490649 -0.998796 0
    outer loop
      vertex 0.784137 -7.96148 16
      vertex 0 -8 3
      vertex 0.784137 -7.96148 3
    endloop
  endfacet
  facet normal 0.989176 -0.146736 0
    outer loop
      vertex 7.84628 -1.56072 16
      vertex 7.96148 -0.784137 13.4514
      vertex 7.96148 -0.784137 16
    endloop
  endfacet
  facet normal 0.98917 -0.146778 -1.2791e-05
    outer loop
      vertex 7.96148 -0.784137 13.4514
      vertex 7.84628 -1.56072 16
      vertex 7.94181 -0.916691 13.3719
    endloop
  endfacet
  facet normal 0.989179 -0.146715 2.98023e-06
    outer loop
      vertex 7.94181 -0.916691 13.3719
      vertex 7.84628 -1.56072 16
      vertex 7.92252 -1.04675 13.2755
    endloop
  endfacet
  facet normal 0.989184 -0.14668 9.6873e-06
    outer loop
      vertex 7.92252 -1.04675 13.2755
      vertex 7.84628 -1.56072 16
      vertex 7.90473 -1.16673 13.1667
    endloop
  endfacet
  facet normal 0.989176 -0.146732 2.21093e-06
    outer loop
      vertex 7.90473 -1.16673 13.1667
      vertex 7.84628 -1.56072 16
      vertex 7.8886 -1.27547 13.0467
    endloop
  endfacet
  facet normal 0.989172 -0.14676 -5.02378e-07
    outer loop
      vertex 7.8886 -1.27547 13.0467
      vertex 7.84628 -1.56072 16
      vertex 7.87429 -1.37192 12.9167
    endloop
  endfacet
  facet normal 0.989175 -0.146743 5.33207e-07
    outer loop
      vertex 7.87429 -1.37192 12.9167
      vertex 7.84628 -1.56072 16
      vertex 7.86194 -1.45517 12.7778
    endloop
  endfacet
  facet normal 0.989175 -0.146741 5.94271e-07
    outer loop
      vertex 7.86194 -1.45517 12.7778
      vertex 7.84628 -1.56072 16
      vertex 7.85167 -1.5244 12.6314
    endloop
  endfacet
  facet normal 0.989167 -0.146795 0
    outer loop
      vertex 7.85167 -1.5244 12.6314
      vertex 7.84628 -1.56072 16
      vertex 7.84628 -1.56072 12.5299
    endloop
  endfacet
  facet normal 0.98917 -0.146778 1.2791e-05
    outer loop
      vertex 7.84628 -1.56072 8
      vertex 7.96148 -0.784137 10.5486
      vertex 7.94181 -0.916691 10.6281
    endloop
  endfacet
  facet normal 0.989179 -0.146715 -2.98023e-06
    outer loop
      vertex 7.84628 -1.56072 8
      vertex 7.94181 -0.916691 10.6281
      vertex 7.92252 -1.04675 10.7245
    endloop
  endfacet
  facet normal 0.989184 -0.14668 -9.6873e-06
    outer loop
      vertex 7.84628 -1.56072 8
      vertex 7.92252 -1.04675 10.7245
      vertex 7.90473 -1.16673 10.8333
    endloop
  endfacet
  facet normal 0.989176 -0.146732 -2.21093e-06
    outer loop
      vertex 7.84628 -1.56072 8
      vertex 7.90473 -1.16673 10.8333
      vertex 7.8886 -1.27547 10.9533
    endloop
  endfacet
  facet normal 0.989172 -0.14676 5.02378e-07
    outer loop
      vertex 7.84628 -1.56072 8
      vertex 7.8886 -1.27547 10.9533
      vertex 7.87429 -1.37192 11.0833
    endloop
  endfacet
  facet normal 0.989175 -0.146743 -5.33207e-07
    outer loop
      vertex 7.84628 -1.56072 8
      vertex 7.87429 -1.37192 11.0833
      vertex 7.86194 -1.45517 11.2222
    endloop
  endfacet
  facet normal 0.989175 -0.146741 -5.94271e-07
    outer loop
      vertex 7.84628 -1.56072 8
      vertex 7.86194 -1.45517 11.2222
      vertex 7.85167 -1.5244 11.3686
    endloop
  endfacet
  facet normal 0.989167 -0.146795 0
    outer loop
      vertex 7.84628 -1.56072 8
      vertex 7.85167 -1.5244 11.3686
      vertex 7.84628 -1.56072 11.4701
    endloop
  endfacet
  facet normal 0.989176 -0.146736 0
    outer loop
      vertex 7.96148 -0.784137 10.5486
      vertex 7.84628 -1.56072 8
      vertex 7.96148 -0.784137 8
    endloop
  endfacet
  facet normal -0.514099 0.857731 0
    outer loop
      vertex -3.77117 7.05537 8
      vertex -4.44456 6.65176 16
      vertex -3.77117 7.05537 16
    endloop
  endfacet
  facet normal -0.514099 0.857731 0
    outer loop
      vertex -4.44456 6.65176 16
      vertex -3.77117 7.05537 8
      vertex -4.44456 6.65176 8
    endloop
  endfacet
  facet normal 0.242979 -0.970032 0
    outer loop
      vertex 1.56072 -7.84628 3
      vertex 2.32228 -7.65552 16
      vertex 1.56072 -7.84628 16
    endloop
  endfacet
  facet normal 0.242979 -0.970032 0
    outer loop
      vertex 2.32228 -7.65552 16
      vertex 1.56072 -7.84628 3
      vertex 2.32228 -7.65552 3
    endloop
  endfacet
  facet normal -0.595701 -0.803206 0
    outer loop
      vertex -5.07515 -6.18408 8
      vertex -4.44456 -6.65176 16
      vertex -5.07515 -6.18408 16
    endloop
  endfacet
  facet normal -0.595701 -0.803206 -0
    outer loop
      vertex -4.44456 -6.65176 16
      vertex -5.07515 -6.18408 8
      vertex -4.44456 -6.65176 8
    endloop
  endfacet
  facet normal 0.146736 0.989176 -0
    outer loop
      vertex 1.56072 7.84628 3
      vertex 0.784137 7.96148 16
      vertex 1.56072 7.84628 16
    endloop
  endfacet
  facet normal 0.146736 0.989176 0
    outer loop
      vertex 0.784137 7.96148 16
      vertex 1.56072 7.84628 3
      vertex 0.784137 7.96148 3
    endloop
  endfacet
  facet normal 0.803206 -0.595701 0
    outer loop
      vertex 6.18408 -5.07515 16
      vertex 6.65176 -4.44456 3
      vertex 6.65176 -4.44456 16
    endloop
  endfacet
  facet normal 0.803206 -0.595701 0
    outer loop
      vertex 6.65176 -4.44456 3
      vertex 6.18408 -5.07515 16
      vertex 6.18408 -5.07515 3
    endloop
  endfacet
  facet normal -0.740946 0.671564 0
    outer loop
      vertex -6.18408 5.07515 8
      vertex -5.65685 5.65685 16
      vertex -5.65685 5.65685 8
    endloop
  endfacet
  facet normal -0.740946 0.671564 0
    outer loop
      vertex -5.65685 5.65685 16
      vertex -6.18408 5.07515 8
      vertex -6.18408 5.07515 16
    endloop
  endfacet
  facet normal 0.941547 -0.336883 0
    outer loop
      vertex 7.39104 -3.06147 16
      vertex 7.65552 -2.32228 8
      vertex 7.65552 -2.32228 16
    endloop
  endfacet
  facet normal 0.941547 -0.336883 0
    outer loop
      vertex 7.65552 -2.32228 8
      vertex 7.39104 -3.06147 16
      vertex 7.39104 -3.06147 8
    endloop
  endfacet
  facet normal 0.514099 0.857731 -0
    outer loop
      vertex 4.44456 6.65176 3
      vertex 3.77117 7.05537 16
      vertex 4.44456 6.65176 16
    endloop
  endfacet
  facet normal 0.514099 0.857731 0
    outer loop
      vertex 3.77117 7.05537 16
      vertex 4.44456 6.65176 3
      vertex 3.77117 7.05537 3
    endloop
  endfacet
  facet normal 0.595701 0.803206 -0
    outer loop
      vertex 5.07515 6.18408 3
      vertex 4.44456 6.65176 16
      vertex 5.07515 6.18408 16
    endloop
  endfacet
  facet normal 0.595701 0.803206 0
    outer loop
      vertex 4.44456 6.65176 16
      vertex 5.07515 6.18408 3
      vertex 4.44456 6.65176 3
    endloop
  endfacet
  facet normal -0.989176 -0.146736 0
    outer loop
      vertex -7.84628 -1.56072 3
      vertex -7.96148 -0.784137 16
      vertex -7.96148 -0.784137 3
    endloop
  endfacet
  facet normal -0.989176 -0.146736 0
    outer loop
      vertex -7.96148 -0.784137 16
      vertex -7.84628 -1.56072 3
      vertex -7.84628 -1.56072 16
    endloop
  endfacet
  facet normal -0.336883 -0.941547 0
    outer loop
      vertex -3.06147 -7.39104 8
      vertex -2.32228 -7.65552 16
      vertex -3.06147 -7.39104 16
    endloop
  endfacet
  facet normal -0.336883 -0.941547 -0
    outer loop
      vertex -2.32228 -7.65552 16
      vertex -3.06147 -7.39104 8
      vertex -2.32228 -7.65552 8
    endloop
  endfacet
  facet normal 0.97003 0.242984 0
    outer loop
      vertex 7.65552 2.32228 16
      vertex 7.82392 1.65 12
      vertex 7.65552 2.32228 8
    endloop
  endfacet
  facet normal 0.970039 0.242947 6.50892e-06
    outer loop
      vertex 7.65552 2.32228 16
      vertex 7.82591 1.64205 12.1617
      vertex 7.82392 1.65 12
    endloop
  endfacet
  facet normal 0.970027 0.242997 -2.93724e-06
    outer loop
      vertex 7.65552 2.32228 16
      vertex 7.83186 1.6183 12.3219
      vertex 7.82591 1.64205 12.1617
    endloop
  endfacet
  facet normal 0.97002 0.243025 -8.60042e-06
    outer loop
      vertex 7.65552 2.32228 16
      vertex 7.84172 1.57895 12.479
      vertex 7.83186 1.6183 12.3219
    endloop
  endfacet
  facet normal 0.970032 0.242979 -0
    outer loop
      vertex 7.84628 1.56072 12.5299
      vertex 7.65552 2.32228 16
      vertex 7.84628 1.56072 16
    endloop
  endfacet
  facet normal 0.970081 0.242782 4.60322e-05
    outer loop
      vertex 7.65552 2.32228 16
      vertex 7.84628 1.56072 12.5299
      vertex 7.84172 1.57895 12.479
    endloop
  endfacet
  facet normal 0.970039 0.242947 -6.50892e-06
    outer loop
      vertex 7.82591 1.64205 11.8383
      vertex 7.65552 2.32228 8
      vertex 7.82392 1.65 12
    endloop
  endfacet
  facet normal 0.970027 0.242997 2.93724e-06
    outer loop
      vertex 7.83186 1.6183 11.6781
      vertex 7.65552 2.32228 8
      vertex 7.82591 1.64205 11.8383
    endloop
  endfacet
  facet normal 0.97002 0.243025 8.60042e-06
    outer loop
      vertex 7.84172 1.57895 11.521
      vertex 7.65552 2.32228 8
      vertex 7.83186 1.6183 11.6781
    endloop
  endfacet
  facet normal 0.970081 0.242782 -4.60322e-05
    outer loop
      vertex 7.84628 1.56072 11.4701
      vertex 7.65552 2.32228 8
      vertex 7.84172 1.57895 11.521
    endloop
  endfacet
  facet normal 0.970032 0.242979 0
    outer loop
      vertex 7.65552 2.32228 8
      vertex 7.84628 1.56072 11.4701
      vertex 7.84628 1.56072 8
    endloop
  endfacet
  facet normal -0.0490649 0.998796 4.21255e-09
    outer loop
      vertex 0 8 16
      vertex -6.86853e-07 8 8
      vertex -0.784137 7.96148 16
    endloop
  endfacet
  facet normal 0 1 -0
    outer loop
      vertex 0 8 3
      vertex -6.86853e-07 8 8
      vertex 0 8 16
    endloop
  endfacet
  facet normal 0 1 0
    outer loop
      vertex -6.86853e-07 8 8
      vertex 0 8 3
      vertex -6.86853e-07 8 3
    endloop
  endfacet
  facet normal -0.0490649 0.998796 0
    outer loop
      vertex -0.784137 7.96148 16
      vertex -6.86853e-07 8 8
      vertex -0.784137 7.96148 8
    endloop
  endfacet
  facet normal -0.903986 -0.427562 0
    outer loop
      vertex -7.05537 -3.77117 3
      vertex -7.39104 -3.06147 16
      vertex -7.39104 -3.06147 3
    endloop
  endfacet
  facet normal -0.903986 -0.427562 0
    outer loop
      vertex -7.39104 -3.06147 16
      vertex -7.05537 -3.77117 3
      vertex -7.05537 -3.77117 16
    endloop
  endfacet
  facet normal -0.803206 -0.595701 0
    outer loop
      vertex -6.18408 -5.07515 8
      vertex -6.65176 -4.44456 16
      vertex -6.65176 -4.44456 8
    endloop
  endfacet
  facet normal -0.803206 -0.595701 0
    outer loop
      vertex -6.65176 -4.44456 16
      vertex -6.18408 -5.07515 8
      vertex -6.18408 -5.07515 16
    endloop
  endfacet
  facet normal 0.740946 -0.671564 0
    outer loop
      vertex 5.65685 -5.65685 16
      vertex 6.18408 -5.07515 3
      vertex 6.18408 -5.07515 16
    endloop
  endfacet
  facet normal 0.740946 -0.671564 0
    outer loop
      vertex 6.18408 -5.07515 3
      vertex 5.65685 -5.65685 16
      vertex 5.65685 -5.65685 3
    endloop
  endfacet
  facet normal -0.998796 0.0490649 0
    outer loop
      vertex -8 0 3
      vertex -7.96148 0.784137 16
      vertex -7.96148 0.784137 3
    endloop
  endfacet
  facet normal -0.998796 0.0490649 0
    outer loop
      vertex -7.96148 0.784137 16
      vertex -8 0 3
      vertex -8 0 16
    endloop
  endfacet
  facet normal -0.514099 -0.857731 0
    outer loop
      vertex -4.44456 -6.65176 8
      vertex -3.77117 -7.05537 16
      vertex -4.44456 -6.65176 16
    endloop
  endfacet
  facet normal -0.514099 -0.857731 -0
    outer loop
      vertex -3.77117 -7.05537 16
      vertex -4.44456 -6.65176 8
      vertex -3.77117 -7.05537 8
    endloop
  endfacet
  facet normal 0.941547 0.336883 0
    outer loop
      vertex 7.65552 2.32228 16
      vertex 7.39104 3.06147 8
      vertex 7.39104 3.06147 16
    endloop
  endfacet
  facet normal 0.941547 0.336883 0
    outer loop
      vertex 7.39104 3.06147 8
      vertex 7.65552 2.32228 16
      vertex 7.65552 2.32228 8
    endloop
  endfacet
  facet normal -0.857723 -0.514112 -0
    outer loop
      vertex -6.9233 -3.99151 8
      vertex -7.05537 -3.77117 3
      vertex -6.9233 -3.99151 3
    endloop
  endfacet
  facet normal -0.857723 -0.514112 0
    outer loop
      vertex -7.05537 -3.77117 3
      vertex -6.9233 -3.99151 8
      vertex -7.05537 -3.77117 16
    endloop
  endfacet
  facet normal -0.857735 -0.514092 -0
    outer loop
      vertex -6.65176 -4.44456 16
      vertex -6.9233 -3.99151 8
      vertex -6.65176 -4.44456 8
    endloop
  endfacet
  facet normal -0.857731 -0.514099 -5.07892e-07
    outer loop
      vertex -6.9233 -3.99151 8
      vertex -6.65176 -4.44456 16
      vertex -7.05537 -3.77117 16
    endloop
  endfacet
  facet normal -0.427562 -0.903986 0
    outer loop
      vertex -3.77117 -7.05537 8
      vertex -3.06147 -7.39104 16
      vertex -3.77117 -7.05537 16
    endloop
  endfacet
  facet normal -0.427562 -0.903986 -0
    outer loop
      vertex -3.06147 -7.39104 16
      vertex -3.77117 -7.05537 8
      vertex -3.06147 -7.39104 8
    endloop
  endfacet
  facet normal 0.857728 0.514104 0
    outer loop
      vertex 6.65176 4.44456 16
      vertex 6.91822 4 8
      vertex 6.65176 4.44456 3
    endloop
  endfacet
  facet normal 0.857731 0.514099 4.19988e-07
    outer loop
      vertex 7.05537 3.77117 16
      vertex 6.91822 4 8
      vertex 6.65176 4.44456 16
    endloop
  endfacet
  facet normal 0.857738 0.514088 0
    outer loop
      vertex 6.91822 4 8
      vertex 7.05537 3.77117 16
      vertex 7.05537 3.77117 8
    endloop
  endfacet
  facet normal 0.857728 0.514104 0
    outer loop
      vertex 6.65176 4.44456 3
      vertex 6.91822 4 8
      vertex 6.91822 4 3
    endloop
  endfacet
  facet normal 0.740946 0.671564 0
    outer loop
      vertex 6.18408 5.07515 16
      vertex 5.65685 5.65685 3
      vertex 5.65685 5.65685 16
    endloop
  endfacet
  facet normal 0.740946 0.671564 0
    outer loop
      vertex 5.65685 5.65685 3
      vertex 6.18408 5.07515 16
      vertex 6.18408 5.07515 3
    endloop
  endfacet
  facet normal -0.941547 -0.336883 0
    outer loop
      vertex -7.39104 -3.06147 3
      vertex -7.65552 -2.32228 16
      vertex -7.65552 -2.32228 3
    endloop
  endfacet
  facet normal -0.941547 -0.336883 0
    outer loop
      vertex -7.65552 -2.32228 16
      vertex -7.39104 -3.06147 3
      vertex -7.39104 -3.06147 16
    endloop
  endfacet
  facet normal -0.740946 -0.671564 0
    outer loop
      vertex -5.65685 -5.65685 8
      vertex -6.18408 -5.07515 16
      vertex -6.18408 -5.07515 8
    endloop
  endfacet
  facet normal -0.740946 -0.671564 0
    outer loop
      vertex -6.18408 -5.07515 16
      vertex -5.65685 -5.65685 8
      vertex -5.65685 -5.65685 16
    endloop
  endfacet
  facet normal -0.989176 0.146736 0
    outer loop
      vertex -7.96148 0.784137 3
      vertex -7.84628 1.56072 16
      vertex -7.84628 1.56072 3
    endloop
  endfacet
  facet normal -0.989176 0.146736 0
    outer loop
      vertex -7.84628 1.56072 16
      vertex -7.96148 0.784137 3
      vertex -7.96148 0.784137 16
    endloop
  endfacet
  facet normal 0.903986 0.427562 0
    outer loop
      vertex 7.39104 3.06147 16
      vertex 7.05537 3.77117 8
      vertex 7.05537 3.77117 16
    endloop
  endfacet
  facet normal 0.903986 0.427562 0
    outer loop
      vertex 7.05537 3.77117 8
      vertex 7.39104 3.06147 16
      vertex 7.39104 3.06147 8
    endloop
  endfacet
  facet normal -0 0 1
    outer loop
      vertex 2.55004 -0.507235 16
      vertex 4.5 -3.2 16
      vertex 2.58748 -0.254844 16
    endloop
  endfacet
  facet normal -0 0 1
    outer loop
      vertex 2.48804 -0.75474 16
      vertex 4.5 -3.2 16
      vertex 2.55004 -0.507235 16
    endloop
  endfacet
  facet normal -0 0 1
    outer loop
      vertex 2.40209 -0.994976 16
      vertex 4.5 -3.2 16
      vertex 2.48804 -0.75474 16
    endloop
  endfacet
  facet normal -0 0 1
    outer loop
      vertex 2.29299 -1.22563 16
      vertex 4.5 -3.2 16
      vertex 2.40209 -0.994976 16
    endloop
  endfacet
  facet normal -0 0 1
    outer loop
      vertex 2.16182 -1.44448 16
      vertex 4.5 -3.2 16
      vertex 2.29299 -1.22563 16
    endloop
  endfacet
  facet normal -0 0 1
    outer loop
      vertex 2.00983 -1.64942 16
      vertex 4.5 -3.2 16
      vertex 2.16182 -1.44448 16
    endloop
  endfacet
  facet normal -0 0 1
    outer loop
      vertex 1.83848 -1.83848 16
      vertex 4.5 -3.2 16
      vertex 2.00983 -1.64942 16
    endloop
  endfacet
  facet normal -0 0 1
    outer loop
      vertex 1.64942 -2.00983 16
      vertex 4.5 -3.2 16
      vertex 1.83848 -1.83848 16
    endloop
  endfacet
  facet normal -0 0 1
    outer loop
      vertex 1.44448 -2.16182 16
      vertex 4.5 -3.2 16
      vertex 1.64942 -2.00983 16
    endloop
  endfacet
  facet normal -0 0 1
    outer loop
      vertex 1.22563 -2.29299 16
      vertex 4.5 -3.2 16
      vertex 1.44448 -2.16182 16
    endloop
  endfacet
  facet normal 0 0 1
    outer loop
      vertex 4.5 -3.2 16
      vertex 1.22563 -2.29299 16
      vertex 3.06147 -7.39104 16
    endloop
  endfacet
  facet normal -0 0 1
    outer loop
      vertex 0.994976 -2.40209 16
      vertex 3.06147 -7.39104 16
      vertex 1.22563 -2.29299 16
    endloop
  endfacet
  facet normal 0 0 1
    outer loop
      vertex 3.06147 -7.39104 16
      vertex 0.994976 -2.40209 16
      vertex 2.32228 -7.65552 16
    endloop
  endfacet
  facet normal -0 0 1
    outer loop
      vertex 0.75474 -2.48804 16
      vertex 2.32228 -7.65552 16
      vertex 0.994976 -2.40209 16
    endloop
  endfacet
  facet normal 0 0 1
    outer loop
      vertex 2.32228 -7.65552 16
      vertex 0.75474 -2.48804 16
      vertex 1.56072 -7.84628 16
    endloop
  endfacet
  facet normal -0 0 1
    outer loop
      vertex 0.507235 -2.55004 16
      vertex 1.56072 -7.84628 16
      vertex 0.75474 -2.48804 16
    endloop
  endfacet
  facet normal 0 0 1
    outer loop
      vertex 1.56072 -7.84628 16
      vertex 0.507235 -2.55004 16
      vertex 0.784137 -7.96148 16
    endloop
  endfacet
  facet normal -0 0 1
    outer loop
      vertex 0.254844 -2.58748 16
      vertex 0.784137 -7.96148 16
      vertex 0.507235 -2.55004 16
    endloop
  endfacet
  facet normal -0 0 1
    outer loop
      vertex 0 -2.6 16
      vertex 0.784137 -7.96148 16
      vertex 0.254844 -2.58748 16
    endloop
  endfacet
  facet normal 0 0 1
    outer loop
      vertex 0 -2.6 16
      vertex 0 -8 16
      vertex 0.784137 -7.96148 16
    endloop
  endfacet
  facet normal 0 0 1
    outer loop
      vertex -0.254844 -2.58748 16
      vertex 0 -8 16
      vertex 0 -2.6 16
    endloop
  endfacet
  facet normal 0 0 1
    outer loop
      vertex -0.784137 -7.96148 16
      vertex -0.254844 -2.58748 16
      vertex -0.507235 -2.55004 16
    endloop
  endfacet
  facet normal 0 0 1
    outer loop
      vertex -1.56072 -7.84628 16
      vertex -0.507235 -2.55004 16
      vertex -0.75474 -2.48804 16
    endloop
  endfacet
  facet normal 0 0 1
    outer loop
      vertex -0.254844 -2.58748 16
      vertex -0.784137 -7.96148 16
      vertex 0 -8 16
    endloop
  endfacet
  facet normal 0 0 1
    outer loop
      vertex -2.32228 -7.65552 16
      vertex -0.75474 -2.48804 16
      vertex -0.994976 -2.40209 16
    endloop
  endfacet
  facet normal 0 0 1
    outer loop
      vertex -3.06147 -7.39104 16
      vertex -0.994976 -2.40209 16
      vertex -1.22563 -2.29299 16
    endloop
  endfacet
  facet normal 0 0 1
    outer loop
      vertex -3.77117 -7.05537 16
      vertex -1.22563 -2.29299 16
      vertex -1.44448 -2.16182 16
    endloop
  endfacet
  facet normal 0 0 1
    outer loop
      vertex -0.507235 -2.55004 16
      vertex -1.56072 -7.84628 16
      vertex -0.784137 -7.96148 16
    endloop
  endfacet
  facet normal 0 0 1
    outer loop
      vertex -4.44456 -6.65176 16
      vertex -1.44448 -2.16182 16
      vertex -1.64942 -2.00983 16
    endloop
  endfacet
  facet normal 0 0 1
    outer loop
      vertex -5.07515 -6.18408 16
      vertex -1.64942 -2.00983 16
      vertex -1.83848 -1.83848 16
    endloop
  endfacet
  facet normal 0 0 1
    outer loop
      vertex -5.65685 -5.65685 16
      vertex -1.83848 -1.83848 16
      vertex -2.00983 -1.64942 16
    endloop
  endfacet
  facet normal 0 0 1
    outer loop
      vertex -6.18408 -5.07515 16
      vertex -2.00983 -1.64942 16
      vertex -2.16182 -1.44448 16
    endloop
  endfacet
  facet normal 0 0 1
    outer loop
      vertex -6.65176 -4.44456 16
      vertex -2.16182 -1.44448 16
      vertex -2.29299 -1.22563 16
    endloop
  endfacet
  facet normal 0 0 1
    outer loop
      vertex -0.75474 -2.48804 16
      vertex -2.32228 -7.65552 16
      vertex -1.56072 -7.84628 16
    endloop
  endfacet
  facet normal 0 0 1
    outer loop
      vertex -7.05537 -3.77117 16
      vertex -2.29299 -1.22563 16
      vertex -2.40209 -0.994976 16
    endloop
  endfacet
  facet normal 0 0 1
    outer loop
      vertex -7.39104 -3.06147 16
      vertex -2.40209 -0.994976 16
      vertex -2.48804 -0.75474 16
    endloop
  endfacet
  facet normal 0 0 1
    outer loop
      vertex -7.65552 -2.32228 16
      vertex -2.48804 -0.75474 16
      vertex -2.55004 -0.507235 16
    endloop
  endfacet
  facet normal 0 0 1
    outer loop
      vertex -7.84628 -1.56072 16
      vertex -2.55004 -0.507235 16
      vertex -2.58748 -0.254844 16
    endloop
  endfacet
  facet normal 0 0 1
    outer loop
      vertex -7.96148 -0.784137 16
      vertex -2.58748 -0.254844 16
      vertex -2.6 0 16
    endloop
  endfacet
  facet normal 0 0 1
    outer loop
      vertex -2.16182 1.44448 16
      vertex -6.65176 4.44456 16
      vertex -2.29299 1.22563 16
    endloop
  endfacet
  facet normal 0 0 1
    outer loop
      vertex -0.994976 -2.40209 16
      vertex -3.06147 -7.39104 16
      vertex -2.32228 -7.65552 16
    endloop
  endfacet
  facet normal -0 0 1
    outer loop
      vertex -7.05537 3.77117 16
      vertex -2.29299 1.22563 16
      vertex -6.65176 4.44456 16
    endloop
  endfacet
  facet normal 0 0 1
    outer loop
      vertex -1.22563 -2.29299 16
      vertex -3.77117 -7.05537 16
      vertex -3.06147 -7.39104 16
    endloop
  endfacet
  facet normal 0 0 1
    outer loop
      vertex -2.29299 1.22563 16
      vertex -7.05537 3.77117 16
      vertex -2.40209 0.994976 16
    endloop
  endfacet
  facet normal 0 0 1
    outer loop
      vertex -1.44448 -2.16182 16
      vertex -4.44456 -6.65176 16
      vertex -3.77117 -7.05537 16
    endloop
  endfacet
  facet normal -0 0 1
    outer loop
      vertex -7.39104 3.06147 16
      vertex -2.40209 0.994976 16
      vertex -7.05537 3.77117 16
    endloop
  endfacet
  facet normal 0 0 1
    outer loop
      vertex -1.64942 -2.00983 16
      vertex -5.07515 -6.18408 16
      vertex -4.44456 -6.65176 16
    endloop
  endfacet
  facet normal 0 0 1
    outer loop
      vertex -2.40209 0.994976 16
      vertex -7.39104 3.06147 16
      vertex -2.48804 0.75474 16
    endloop
  endfacet
  facet normal 0 0 1
    outer loop
      vertex -1.83848 -1.83848 16
      vertex -5.65685 -5.65685 16
      vertex -5.07515 -6.18408 16
    endloop
  endfacet
  facet normal -0 0 1
    outer loop
      vertex -7.65552 2.32228 16
      vertex -2.48804 0.75474 16
      vertex -7.39104 3.06147 16
    endloop
  endfacet
  facet normal 0 0 1
    outer loop
      vertex -2.00983 -1.64942 16
      vertex -6.18408 -5.07515 16
      vertex -5.65685 -5.65685 16
    endloop
  endfacet
  facet normal 0 0 1
    outer loop
      vertex -2.48804 0.75474 16
      vertex -7.65552 2.32228 16
      vertex -2.55004 0.507235 16
    endloop
  endfacet
  facet normal 0 0 1
    outer loop
      vertex -2.16182 -1.44448 16
      vertex -6.65176 -4.44456 16
      vertex -6.18408 -5.07515 16
    endloop
  endfacet
  facet normal -0 0 1
    outer loop
      vertex -7.84628 1.56072 16
      vertex -2.55004 0.507235 16
      vertex -7.65552 2.32228 16
    endloop
  endfacet
  facet normal 0 0 1
    outer loop
      vertex -2.29299 -1.22563 16
      vertex -7.05537 -3.77117 16
      vertex -6.65176 -4.44456 16
    endloop
  endfacet
  facet normal 0 0 1
    outer loop
      vertex -2.55004 0.507235 16
      vertex -7.84628 1.56072 16
      vertex -2.58748 0.254844 16
    endloop
  endfacet
  facet normal 0 0 1
    outer loop
      vertex -2.40209 -0.994976 16
      vertex -7.39104 -3.06147 16
      vertex -7.05537 -3.77117 16
    endloop
  endfacet
  facet normal -0 0 1
    outer loop
      vertex -7.96148 0.784137 16
      vertex -2.58748 0.254844 16
      vertex -7.84628 1.56072 16
    endloop
  endfacet
  facet normal 0 0 1
    outer loop
      vertex -2.48804 -0.75474 16
      vertex -7.65552 -2.32228 16
      vertex -7.39104 -3.06147 16
    endloop
  endfacet
  facet normal 0 0 1
    outer loop
      vertex -2.58748 0.254844 16
      vertex -7.96148 0.784137 16
      vertex -2.6 0 16
    endloop
  endfacet
  facet normal 0 0 1
    outer loop
      vertex -2.55004 -0.507235 16
      vertex -7.84628 -1.56072 16
      vertex -7.65552 -2.32228 16
    endloop
  endfacet
  facet normal 0 0 1
    outer loop
      vertex -8 0 16
      vertex -2.6 0 16
      vertex -7.96148 0.784137 16
    endloop
  endfacet
  facet normal 0 0 1
    outer loop
      vertex -2.58748 -0.254844 16
      vertex -7.96148 -0.784137 16
      vertex -7.84628 -1.56072 16
    endloop
  endfacet
  facet normal 0 0 1
    outer loop
      vertex -2.6 0 16
      vertex -8 0 16
      vertex -7.96148 -0.784137 16
    endloop
  endfacet
  facet normal 0 0 1
    outer loop
      vertex 7.1 3.2 16
      vertex 8 0 16
      vertex 7.96148 0.784137 16
    endloop
  endfacet
  facet normal 0 0 1
    outer loop
      vertex 7.1 3.2 16
      vertex 7.96148 0.784137 16
      vertex 7.84628 1.56072 16
    endloop
  endfacet
  facet normal 0 0 1
    outer loop
      vertex 7.1 -3.2 16
      vertex 8 0 16
      vertex 7.1 3.2 16
    endloop
  endfacet
  facet normal 0 0 1
    outer loop
      vertex 7.1 3.2 16
      vertex 7.84628 1.56072 16
      vertex 7.65552 2.32228 16
    endloop
  endfacet
  facet normal 0 0 1
    outer loop
      vertex 8 0 16
      vertex 7.1 -3.2 16
      vertex 7.96148 -0.784137 16
    endloop
  endfacet
  facet normal 0 0 1
    outer loop
      vertex 7.1 3.2 16
      vertex 7.65552 2.32228 16
      vertex 7.39104 3.06147 16
    endloop
  endfacet
  facet normal 0 0 1
    outer loop
      vertex 7.96148 -0.784137 16
      vertex 7.1 -3.2 16
      vertex 7.84628 -1.56072 16
    endloop
  endfacet
  facet normal 0 0 1
    outer loop
      vertex 7.84628 -1.56072 16
      vertex 7.1 -3.2 16
      vertex 7.65552 -2.32228 16
    endloop
  endfacet
  facet normal 0 0 1
    outer loop
      vertex 7.05537 3.77117 16
      vertex 7.1 3.2 16
      vertex 7.39104 3.06147 16
    endloop
  endfacet
  facet normal 0 0 1
    outer loop
      vertex 4.5 3.2 16
      vertex 7.05537 3.77117 16
      vertex 6.65176 4.44456 16
    endloop
  endfacet
  facet normal 0 0 1
    outer loop
      vertex 4.5 3.2 16
      vertex 6.65176 4.44456 16
      vertex 6.18408 5.07515 16
    endloop
  endfacet
  facet normal 0 0 1
    outer loop
      vertex 4.5 3.2 16
      vertex 6.18408 5.07515 16
      vertex 5.65685 5.65685 16
    endloop
  endfacet
  facet normal 0 0 1
    outer loop
      vertex 4.5 3.2 16
      vertex 5.65685 5.65685 16
      vertex 5.07515 6.18408 16
    endloop
  endfacet
  facet normal 0 0 1
    outer loop
      vertex 7.05537 3.77117 16
      vertex 4.5 3.2 16
      vertex 7.1 3.2 16
    endloop
  endfacet
  facet normal 0 0 1
    outer loop
      vertex 3.77117 7.05537 16
      vertex 4.5 3.2 16
      vertex 4.44456 6.65176 16
    endloop
  endfacet
  facet normal 0 0 1
    outer loop
      vertex 4.44456 6.65176 16
      vertex 4.5 3.2 16
      vertex 5.07515 6.18408 16
    endloop
  endfacet
  facet normal 0 0 1
    outer loop
      vertex 7.65552 -2.32228 16
      vertex 7.1 -3.2 16
      vertex 7.39104 -3.06147 16
    endloop
  endfacet
  facet normal -0 0 1
    outer loop
      vertex 7.1 -3.2 16
      vertex 7.05537 -3.77117 16
      vertex 7.39104 -3.06147 16
    endloop
  endfacet
  facet normal -0 0 1
    outer loop
      vertex 4.5 -3.2 16
      vertex 7.05537 -3.77117 16
      vertex 7.1 -3.2 16
    endloop
  endfacet
  facet normal 0 0 1
    outer loop
      vertex 7.05537 -3.77117 16
      vertex 4.5 -3.2 16
      vertex 6.65176 -4.44456 16
    endloop
  endfacet
  facet normal 0 0 1
    outer loop
      vertex 6.65176 -4.44456 16
      vertex 4.5 -3.2 16
      vertex 6.18408 -5.07515 16
    endloop
  endfacet
  facet normal 0 0 1
    outer loop
      vertex 6.18408 -5.07515 16
      vertex 4.5 -3.2 16
      vertex 5.65685 -5.65685 16
    endloop
  endfacet
  facet normal 0 0 1
    outer loop
      vertex 5.65685 -5.65685 16
      vertex 4.5 -3.2 16
      vertex 5.07515 -6.18408 16
    endloop
  endfacet
  facet normal 0 0 1
    outer loop
      vertex 4.5 -3.2 16
      vertex 4.44456 -6.65176 16
      vertex 5.07515 -6.18408 16
    endloop
  endfacet
  facet normal 0 -0 1
    outer loop
      vertex 2.58748 0.254844 16
      vertex 4.5 3.2 16
      vertex 2.55004 0.507235 16
    endloop
  endfacet
  facet normal 0 0 1
    outer loop
      vertex 1.22563 2.29299 16
      vertex 4.5 3.2 16
      vertex 3.77117 7.05537 16
    endloop
  endfacet
  facet normal -0 0 1
    outer loop
      vertex 2.58748 -0.254844 16
      vertex 4.5 -3.2 16
      vertex 2.6 0 16
    endloop
  endfacet
  facet normal 0 0 1
    outer loop
      vertex 1.22563 2.29299 16
      vertex 3.77117 7.05537 16
      vertex 3.06147 7.39104 16
    endloop
  endfacet
  facet normal 0 0 1
    outer loop
      vertex 4.5 -3.2 16
      vertex 3.77117 -7.05537 16
      vertex 4.44456 -6.65176 16
    endloop
  endfacet
  facet normal 0 0 1
    outer loop
      vertex 4.5 -3.2 16
      vertex 3.06147 -7.39104 16
      vertex 3.77117 -7.05537 16
    endloop
  endfacet
  facet normal 0 0 1
    outer loop
      vertex 4.5 3.2 16
      vertex 2.6 0 16
      vertex 4.5 -3.2 16
    endloop
  endfacet
  facet normal 0 -0 1
    outer loop
      vertex 2.6 0 16
      vertex 4.5 3.2 16
      vertex 2.58748 0.254844 16
    endloop
  endfacet
  facet normal 0 0 1
    outer loop
      vertex 4.5 3.2 16
      vertex 2.48804 0.75474 16
      vertex 2.55004 0.507235 16
    endloop
  endfacet
  facet normal 0 0 1
    outer loop
      vertex 4.5 3.2 16
      vertex 2.40209 0.994976 16
      vertex 2.48804 0.75474 16
    endloop
  endfacet
  facet normal 0 0 1
    outer loop
      vertex 0.994976 2.40209 16
      vertex 3.06147 7.39104 16
      vertex 2.32228 7.65552 16
    endloop
  endfacet
  facet normal 0 0 1
    outer loop
      vertex 4.5 3.2 16
      vertex 2.29299 1.22563 16
      vertex 2.40209 0.994976 16
    endloop
  endfacet
  facet normal 0 0 1
    outer loop
      vertex 4.5 3.2 16
      vertex 2.16182 1.44448 16
      vertex 2.29299 1.22563 16
    endloop
  endfacet
  facet normal 0 0 1
    outer loop
      vertex 4.5 3.2 16
      vertex 2.00983 1.64942 16
      vertex 2.16182 1.44448 16
    endloop
  endfacet
  facet normal 0 0 1
    outer loop
      vertex 4.5 3.2 16
      vertex 1.83848 1.83848 16
      vertex 2.00983 1.64942 16
    endloop
  endfacet
  facet normal 0 0 1
    outer loop
      vertex 4.5 3.2 16
      vertex 1.64942 2.00983 16
      vertex 1.83848 1.83848 16
    endloop
  endfacet
  facet normal 0 0 1
    outer loop
      vertex 0.75474 2.48804 16
      vertex 2.32228 7.65552 16
      vertex 1.56072 7.84628 16
    endloop
  endfacet
  facet normal 0 0 1
    outer loop
      vertex 4.5 3.2 16
      vertex 1.44448 2.16182 16
      vertex 1.64942 2.00983 16
    endloop
  endfacet
  facet normal 0 0 1
    outer loop
      vertex 4.5 3.2 16
      vertex 1.22563 2.29299 16
      vertex 1.44448 2.16182 16
    endloop
  endfacet
  facet normal 0 0 1
    outer loop
      vertex 3.06147 7.39104 16
      vertex 0.994976 2.40209 16
      vertex 1.22563 2.29299 16
    endloop
  endfacet
  facet normal 0 0 1
    outer loop
      vertex 0.507235 2.55004 16
      vertex 1.56072 7.84628 16
      vertex 0.784137 7.96148 16
    endloop
  endfacet
  facet normal 0 0 1
    outer loop
      vertex 2.32228 7.65552 16
      vertex 0.75474 2.48804 16
      vertex 0.994976 2.40209 16
    endloop
  endfacet
  facet normal 0 0 1
    outer loop
      vertex 1.56072 7.84628 16
      vertex 0.507235 2.55004 16
      vertex 0.75474 2.48804 16
    endloop
  endfacet
  facet normal 0 0 1
    outer loop
      vertex 0.784137 7.96148 16
      vertex 0.254844 2.58748 16
      vertex 0.507235 2.55004 16
    endloop
  endfacet
  facet normal 0 0 1
    outer loop
      vertex 0 8 16
      vertex 0.254844 2.58748 16
      vertex 0.784137 7.96148 16
    endloop
  endfacet
  facet normal 0 0 1
    outer loop
      vertex 0 8 16
      vertex 0 2.6 16
      vertex 0.254844 2.58748 16
    endloop
  endfacet
  facet normal 0 0 1
    outer loop
      vertex 0 8 16
      vertex -0.254844 2.58748 16
      vertex 0 2.6 16
    endloop
  endfacet
  facet normal -0 0 1
    outer loop
      vertex -0.784137 7.96148 16
      vertex -0.254844 2.58748 16
      vertex 0 8 16
    endloop
  endfacet
  facet normal 0 0 1
    outer loop
      vertex -0.254844 2.58748 16
      vertex -0.784137 7.96148 16
      vertex -0.507235 2.55004 16
    endloop
  endfacet
  facet normal -0 0 1
    outer loop
      vertex -1.56072 7.84628 16
      vertex -0.507235 2.55004 16
      vertex -0.784137 7.96148 16
    endloop
  endfacet
  facet normal 0 0 1
    outer loop
      vertex -0.507235 2.55004 16
      vertex -1.56072 7.84628 16
      vertex -0.75474 2.48804 16
    endloop
  endfacet
  facet normal -0 0 1
    outer loop
      vertex -2.32228 7.65552 16
      vertex -0.75474 2.48804 16
      vertex -1.56072 7.84628 16
    endloop
  endfacet
  facet normal 0 0 1
    outer loop
      vertex -0.75474 2.48804 16
      vertex -2.32228 7.65552 16
      vertex -0.994976 2.40209 16
    endloop
  endfacet
  facet normal -0 0 1
    outer loop
      vertex -3.06147 7.39104 16
      vertex -0.994976 2.40209 16
      vertex -2.32228 7.65552 16
    endloop
  endfacet
  facet normal 0 0 1
    outer loop
      vertex -0.994976 2.40209 16
      vertex -3.06147 7.39104 16
      vertex -1.22563 2.29299 16
    endloop
  endfacet
  facet normal -0 0 1
    outer loop
      vertex -3.77117 7.05537 16
      vertex -1.22563 2.29299 16
      vertex -3.06147 7.39104 16
    endloop
  endfacet
  facet normal 0 0 1
    outer loop
      vertex -1.22563 2.29299 16
      vertex -3.77117 7.05537 16
      vertex -1.44448 2.16182 16
    endloop
  endfacet
  facet normal -0 0 1
    outer loop
      vertex -4.44456 6.65176 16
      vertex -1.44448 2.16182 16
      vertex -3.77117 7.05537 16
    endloop
  endfacet
  facet normal 0 0 1
    outer loop
      vertex -1.44448 2.16182 16
      vertex -4.44456 6.65176 16
      vertex -1.64942 2.00983 16
    endloop
  endfacet
  facet normal -0 0 1
    outer loop
      vertex -5.07515 6.18408 16
      vertex -1.64942 2.00983 16
      vertex -4.44456 6.65176 16
    endloop
  endfacet
  facet normal 0 0 1
    outer loop
      vertex -1.64942 2.00983 16
      vertex -5.07515 6.18408 16
      vertex -1.83848 1.83848 16
    endloop
  endfacet
  facet normal -0 0 1
    outer loop
      vertex -5.65685 5.65685 16
      vertex -1.83848 1.83848 16
      vertex -5.07515 6.18408 16
    endloop
  endfacet
  facet normal 0 0 1
    outer loop
      vertex -1.83848 1.83848 16
      vertex -5.65685 5.65685 16
      vertex -2.00983 1.64942 16
    endloop
  endfacet
  facet normal -0 0 1
    outer loop
      vertex -6.18408 5.07515 16
      vertex -2.00983 1.64942 16
      vertex -5.65685 5.65685 16
    endloop
  endfacet
  facet normal 0 0 1
    outer loop
      vertex -2.00983 1.64942 16
      vertex -6.18408 5.07515 16
      vertex -2.16182 1.44448 16
    endloop
  endfacet
  facet normal -0 0 1
    outer loop
      vertex -6.65176 4.44456 16
      vertex -2.16182 1.44448 16
      vertex -6.18408 5.07515 16
    endloop
  endfacet
  facet normal -0.0490649 -0.998796 0
    outer loop
      vertex -0.784137 -7.96148 8
      vertex 0 -8 16
      vertex -0.784137 -7.96148 16
    endloop
  endfacet
  facet normal -0.0490649 -0.998796 4.21255e-09
    outer loop
      vertex -6.86853e-07 -8 8
      vertex 0 -8 16
      vertex -0.784137 -7.96148 8
    endloop
  endfacet
  facet normal 0 -1 0
    outer loop
      vertex 0 -8 3
      vertex -6.86853e-07 -8 8
      vertex -6.86853e-07 -8 3
    endloop
  endfacet
  facet normal 0 -1 0
    outer loop
      vertex -6.86853e-07 -8 8
      vertex 0 -8 3
      vertex 0 -8 16
    endloop
  endfacet
  facet normal 0.970032 -0.242979 0
    outer loop
      vertex 7.65552 -2.32228 16
      vertex 7.84628 -1.56072 12.5299
      vertex 7.84628 -1.56072 16
    endloop
  endfacet
  facet normal 0.970081 -0.242782 4.60322e-05
    outer loop
      vertex 7.84628 -1.56072 12.5299
      vertex 7.65552 -2.32228 16
      vertex 7.84172 -1.57895 12.479
    endloop
  endfacet
  facet normal 0.97002 -0.243025 -8.60042e-06
    outer loop
      vertex 7.84172 -1.57895 12.479
      vertex 7.65552 -2.32228 16
      vertex 7.83186 -1.6183 12.3219
    endloop
  endfacet
  facet normal 0.970027 -0.242997 -2.93724e-06
    outer loop
      vertex 7.83186 -1.6183 12.3219
      vertex 7.65552 -2.32228 16
      vertex 7.82591 -1.64205 12.1617
    endloop
  endfacet
  facet normal 0.970039 -0.242947 6.50892e-06
    outer loop
      vertex 7.82591 -1.64205 12.1617
      vertex 7.65552 -2.32228 16
      vertex 7.82392 -1.65 12
    endloop
  endfacet
  facet normal 0.970081 -0.242782 -4.60322e-05
    outer loop
      vertex 7.65552 -2.32228 8
      vertex 7.84628 -1.56072 11.4701
      vertex 7.84172 -1.57895 11.521
    endloop
  endfacet
  facet normal 0.97002 -0.243025 8.60042e-06
    outer loop
      vertex 7.65552 -2.32228 8
      vertex 7.84172 -1.57895 11.521
      vertex 7.83186 -1.6183 11.6781
    endloop
  endfacet
  facet normal 0.970027 -0.242997 2.93724e-06
    outer loop
      vertex 7.65552 -2.32228 8
      vertex 7.83186 -1.6183 11.6781
      vertex 7.82591 -1.64205 11.8383
    endloop
  endfacet
  facet normal 0.970039 -0.242947 -6.50892e-06
    outer loop
      vertex 7.65552 -2.32228 8
      vertex 7.82591 -1.64205 11.8383
      vertex 7.82392 -1.65 12
    endloop
  endfacet
  facet normal 0.97003 -0.242984 0
    outer loop
      vertex 7.65552 -2.32228 8
      vertex 7.82392 -1.65 12
      vertex 7.65552 -2.32228 16
    endloop
  endfacet
  facet normal 0.970032 -0.242979 0
    outer loop
      vertex 7.84628 -1.56072 11.4701
      vertex 7.65552 -2.32228 8
      vertex 7.84628 -1.56072 8
    endloop
  endfacet
  facet normal -0.970032 -0.242979 0
    outer loop
      vertex -7.65552 -2.32228 3
      vertex -7.84628 -1.56072 16
      vertex -7.84628 -1.56072 3
    endloop
  endfacet
  facet normal -0.970032 -0.242979 0
    outer loop
      vertex -7.84628 -1.56072 16
      vertex -7.65552 -2.32228 3
      vertex -7.65552 -2.32228 16
    endloop
  endfacet
  facet normal -0.146736 -0.989176 0
    outer loop
      vertex -1.56072 -7.84628 8
      vertex -0.784137 -7.96148 16
      vertex -1.56072 -7.84628 16
    endloop
  endfacet
  facet normal -0.146736 -0.989176 -0
    outer loop
      vertex -0.784137 -7.96148 16
      vertex -1.56072 -7.84628 8
      vertex -0.784137 -7.96148 8
    endloop
  endfacet
  facet normal 0.427562 0.903986 -0
    outer loop
      vertex 3.77117 7.05537 3
      vertex 3.06147 7.39104 16
      vertex 3.77117 7.05537 16
    endloop
  endfacet
  facet normal 0.427562 0.903986 0
    outer loop
      vertex 3.06147 7.39104 16
      vertex 3.77117 7.05537 3
      vertex 3.06147 7.39104 3
    endloop
  endfacet
  facet normal 0.146736 -0.989176 0
    outer loop
      vertex 0.784137 -7.96148 3
      vertex 1.56072 -7.84628 16
      vertex 0.784137 -7.96148 16
    endloop
  endfacet
  facet normal 0.146736 -0.989176 0
    outer loop
      vertex 1.56072 -7.84628 16
      vertex 0.784137 -7.96148 3
      vertex 1.56072 -7.84628 3
    endloop
  endfacet
  facet normal 0.0490649 0.998796 -0
    outer loop
      vertex 0.784137 7.96148 3
      vertex 0 8 16
      vertex 0.784137 7.96148 16
    endloop
  endfacet
  facet normal 0.0490649 0.998796 0
    outer loop
      vertex 0 8 16
      vertex 0.784137 7.96148 3
      vertex 0 8 3
    endloop
  endfacet
  facet normal -0.671564 0.740946 0
    outer loop
      vertex -5.07515 6.18408 8
      vertex -5.65685 5.65685 16
      vertex -5.07515 6.18408 16
    endloop
  endfacet
  facet normal -0.671564 0.740946 0
    outer loop
      vertex -5.65685 5.65685 16
      vertex -5.07515 6.18408 8
      vertex -5.65685 5.65685 8
    endloop
  endfacet
  facet normal -0.998796 -0.0490649 0
    outer loop
      vertex -7.96148 -0.784137 3
      vertex -8 0 16
      vertex -8 0 3
    endloop
  endfacet
  facet normal -0.998796 -0.0490649 0
    outer loop
      vertex -8 0 16
      vertex -7.96148 -0.784137 3
      vertex -7.96148 -0.784137 16
    endloop
  endfacet
  facet normal -0.595701 0.803206 0
    outer loop
      vertex -4.44456 6.65176 8
      vertex -5.07515 6.18408 16
      vertex -4.44456 6.65176 16
    endloop
  endfacet
  facet normal -0.595701 0.803206 0
    outer loop
      vertex -5.07515 6.18408 16
      vertex -4.44456 6.65176 8
      vertex -5.07515 6.18408 8
    endloop
  endfacet
  facet normal -0.242979 -0.970032 0
    outer loop
      vertex -2.32228 -7.65552 8
      vertex -1.56072 -7.84628 16
      vertex -2.32228 -7.65552 16
    endloop
  endfacet
  facet normal -0.242979 -0.970032 -0
    outer loop
      vertex -1.56072 -7.84628 16
      vertex -2.32228 -7.65552 8
      vertex -1.56072 -7.84628 8
    endloop
  endfacet
  facet normal -0.242979 0.970032 0
    outer loop
      vertex -1.56072 7.84628 8
      vertex -2.32228 7.65552 16
      vertex -1.56072 7.84628 16
    endloop
  endfacet
  facet normal -0.242979 0.970032 0
    outer loop
      vertex -2.32228 7.65552 16
      vertex -1.56072 7.84628 8
      vertex -2.32228 7.65552 8
    endloop
  endfacet
  facet normal -0.146736 0.989176 0
    outer loop
      vertex -0.784137 7.96148 8
      vertex -1.56072 7.84628 16
      vertex -0.784137 7.96148 16
    endloop
  endfacet
  facet normal -0.146736 0.989176 0
    outer loop
      vertex -1.56072 7.84628 16
      vertex -0.784137 7.96148 8
      vertex -1.56072 7.84628 8
    endloop
  endfacet
  facet normal -0.803206 0.595701 0
    outer loop
      vertex -6.65176 4.44456 8
      vertex -6.18408 5.07515 16
      vertex -6.18408 5.07515 8
    endloop
  endfacet
  facet normal -0.803206 0.595701 0
    outer loop
      vertex -6.18408 5.07515 16
      vertex -6.65176 4.44456 8
      vertex -6.65176 4.44456 16
    endloop
  endfacet
  facet normal -0.671564 -0.740946 0
    outer loop
      vertex -5.65685 -5.65685 8
      vertex -5.07515 -6.18408 16
      vertex -5.65685 -5.65685 16
    endloop
  endfacet
  facet normal -0.671564 -0.740946 -0
    outer loop
      vertex -5.07515 -6.18408 16
      vertex -5.65685 -5.65685 8
      vertex -5.07515 -6.18408 8
    endloop
  endfacet
  facet normal 0.242979 0.970032 -0
    outer loop
      vertex 2.32228 7.65552 3
      vertex 1.56072 7.84628 16
      vertex 2.32228 7.65552 16
    endloop
  endfacet
  facet normal 0.242979 0.970032 0
    outer loop
      vertex 1.56072 7.84628 16
      vertex 2.32228 7.65552 3
      vertex 1.56072 7.84628 3
    endloop
  endfacet
  facet normal 0.671564 -0.740946 0
    outer loop
      vertex 5.07515 -6.18408 3
      vertex 5.65685 -5.65685 16
      vertex 5.07515 -6.18408 16
    endloop
  endfacet
  facet normal 0.671564 -0.740946 0
    outer loop
      vertex 5.65685 -5.65685 16
      vertex 5.07515 -6.18408 3
      vertex 5.65685 -5.65685 3
    endloop
  endfacet
  facet normal 0.336883 -0.941547 0
    outer loop
      vertex 2.32228 -7.65552 3
      vertex 3.06147 -7.39104 16
      vertex 2.32228 -7.65552 16
    endloop
  endfacet
  facet normal 0.336883 -0.941547 0
    outer loop
      vertex 3.06147 -7.39104 16
      vertex 2.32228 -7.65552 3
      vertex 3.06147 -7.39104 3
    endloop
  endfacet
  facet normal 0.903986 -0.427562 0
    outer loop
      vertex 7.05537 -3.77117 16
      vertex 7.39104 -3.06147 8
      vertex 7.39104 -3.06147 16
    endloop
  endfacet
  facet normal 0.903986 -0.427562 0
    outer loop
      vertex 7.39104 -3.06147 8
      vertex 7.05537 -3.77117 16
      vertex 7.05537 -3.77117 8
    endloop
  endfacet
  facet normal 0.857738 -0.514088 0
    outer loop
      vertex 7.05537 -3.77117 16
      vertex 6.91822 -4 8
      vertex 7.05537 -3.77117 8
    endloop
  endfacet
  facet normal 0.857731 -0.514099 4.19988e-07
    outer loop
      vertex 6.65176 -4.44456 16
      vertex 6.91822 -4 8
      vertex 7.05537 -3.77117 16
    endloop
  endfacet
  facet normal 0.857728 -0.514104 0
    outer loop
      vertex 6.65176 -4.44456 3
      vertex 6.91822 -4 8
      vertex 6.65176 -4.44456 16
    endloop
  endfacet
  facet normal 0.857728 -0.514104 0
    outer loop
      vertex 6.91822 -4 8
      vertex 6.65176 -4.44456 3
      vertex 6.91822 -4 3
    endloop
  endfacet
  facet normal -0.427562 0.903986 0
    outer loop
      vertex -3.06147 7.39104 8
      vertex -3.77117 7.05537 16
      vertex -3.06147 7.39104 16
    endloop
  endfacet
  facet normal -0.427562 0.903986 0
    outer loop
      vertex -3.77117 7.05537 16
      vertex -3.06147 7.39104 8
      vertex -3.77117 7.05537 8
    endloop
  endfacet
  facet normal -0.970032 0.242979 0
    outer loop
      vertex -7.84628 1.56072 3
      vertex -7.65552 2.32228 16
      vertex -7.65552 2.32228 3
    endloop
  endfacet
  facet normal -0.970032 0.242979 0
    outer loop
      vertex -7.65552 2.32228 16
      vertex -7.84628 1.56072 3
      vertex -7.84628 1.56072 16
    endloop
  endfacet
  facet normal -0.857723 0.514112 0
    outer loop
      vertex -6.9233 3.99151 3
      vertex -7.05537 3.77117 3
      vertex -6.9233 3.99151 8
    endloop
  endfacet
  facet normal -0.857735 0.514092 0
    outer loop
      vertex -6.9233 3.99151 8
      vertex -6.65176 4.44456 16
      vertex -6.65176 4.44456 8
    endloop
  endfacet
  facet normal -0.857731 0.514099 -5.07892e-07
    outer loop
      vertex -6.9233 3.99151 8
      vertex -7.05537 3.77117 16
      vertex -6.65176 4.44456 16
    endloop
  endfacet
  facet normal -0.857723 0.514112 0
    outer loop
      vertex -7.05537 3.77117 16
      vertex -6.9233 3.99151 8
      vertex -7.05537 3.77117 3
    endloop
  endfacet
  facet normal -0.903986 0.427562 0
    outer loop
      vertex -7.39104 3.06147 3
      vertex -7.05537 3.77117 16
      vertex -7.05537 3.77117 3
    endloop
  endfacet
  facet normal -0.903986 0.427562 0
    outer loop
      vertex -7.05537 3.77117 16
      vertex -7.39104 3.06147 3
      vertex -7.39104 3.06147 16
    endloop
  endfacet
  facet normal 0 1 -0
    outer loop
      vertex 18.5615 4 3
      vertex 6.91822 4 8
      vertex 18.5615 4 8
    endloop
  endfacet
  facet normal 0 1 0
    outer loop
      vertex 6.91822 4 8
      vertex 18.5615 4 3
      vertex 6.91822 4 3
    endloop
  endfacet
  facet normal 0 -1 0
    outer loop
      vertex 6.91822 -4 3
      vertex 18.5615 -4 8
      vertex 6.91822 -4 8
    endloop
  endfacet
  facet normal 0 -1 -0
    outer loop
      vertex 18.5615 -4 8
      vertex 6.91822 -4 3
      vertex 18.5615 -4 3
    endloop
  endfacet
  facet normal 0.866026 0.5 0
    outer loop
      vertex -6.86853e-07 8 8
      vertex -5.81634 18.0742 3
      vertex -5.81634 18.0742 8
    endloop
  endfacet
  facet normal 0.866026 0.5 0
    outer loop
      vertex -5.81634 18.0742 3
      vertex -6.86853e-07 8 8
      vertex -6.86853e-07 8 3
    endloop
  endfacet
  facet normal -0.866024 -0.500002 0
    outer loop
      vertex -6.9233 3.99151 3
      vertex -12.7395 14.0654 8
      vertex -12.7395 14.0654 3
    endloop
  endfacet
  facet normal -0.866024 -0.500002 0
    outer loop
      vertex -12.7395 14.0654 8
      vertex -6.9233 3.99151 3
      vertex -6.9233 3.99151 8
    endloop
  endfacet
  facet normal -0.866024 0.500002 0
    outer loop
      vertex -12.7395 -14.0654 3
      vertex -6.9233 -3.99151 8
      vertex -6.9233 -3.99151 3
    endloop
  endfacet
  facet normal -0.866024 0.500002 0
    outer loop
      vertex -6.9233 -3.99151 8
      vertex -12.7395 -14.0654 3
      vertex -12.7395 -14.0654 8
    endloop
  endfacet
  facet normal 0.866026 -0.5 0
    outer loop
      vertex -5.81634 -18.0742 8
      vertex -6.86853e-07 -8 3
      vertex -6.86853e-07 -8 8
    endloop
  endfacet
  facet normal 0.866026 -0.5 0
    outer loop
      vertex -6.86853e-07 -8 3
      vertex -5.81634 -18.0742 8
      vertex -5.81634 -18.0742 3
    endloop
  endfacet
  facet normal 0.67158 0.740932 -0
    outer loop
      vertex -12.7395 -14.0654 3
      vertex -13.435 -13.435 8
      vertex -12.7395 -14.0654 8
    endloop
  endfacet
  facet normal 0.67158 0.740932 0
    outer loop
      vertex -13.435 -13.435 8
      vertex -12.7395 -14.0654 3
      vertex -13.435 -13.435 3
    endloop
  endfacet
  facet normal 0.941536 -0.336912 0
    outer loop
      vertex -18.1819 5.51541 8
      vertex -17.5537 7.27098 3
      vertex -17.5537 7.27098 8
    endloop
  endfacet
  facet normal 0.941536 -0.336912 0
    outer loop
      vertex -17.5537 7.27098 3
      vertex -18.1819 5.51541 8
      vertex -18.1819 5.51541 3
    endloop
  endfacet
  facet normal -0.671583 -0.740929 0
    outer loop
      vertex 12.0535 14.6872 3
      vertex 13.435 13.435 8
      vertex 12.0535 14.6872 8
    endloop
  endfacet
  facet normal -0.671583 -0.740929 -0
    outer loop
      vertex 13.435 13.435 8
      vertex 12.0535 14.6872 3
      vertex 13.435 13.435 3
    endloop
  endfacet
  facet normal 0.146735 0.989176 -0
    outer loop
      vertex -1.86232 -18.9085 3
      vertex -3.70672 -18.6349 8
      vertex -1.86232 -18.9085 8
    endloop
  endfacet
  facet normal 0.146735 0.989176 0
    outer loop
      vertex -3.70672 -18.6349 8
      vertex -1.86232 -18.9085 3
      vertex -3.70672 -18.6349 3
    endloop
  endfacet
  facet normal -0.740929 -0.671583 0
    outer loop
      vertex 14.6872 12.0535 3
      vertex 13.435 13.435 8
      vertex 13.435 13.435 3
    endloop
  endfacet
  facet normal -0.740929 -0.671583 0
    outer loop
      vertex 13.435 13.435 8
      vertex 14.6872 12.0535 3
      vertex 14.6872 12.0535 8
    endloop
  endfacet
  facet normal -0.42755 -0.903991 0
    outer loop
      vertex 7.27098 17.5537 3
      vertex 8.95654 16.7565 8
      vertex 7.27098 17.5537 8
    endloop
  endfacet
  facet normal -0.42755 -0.903991 -0
    outer loop
      vertex 8.95654 16.7565 8
      vertex 7.27098 17.5537 3
      vertex 8.95654 16.7565 3
    endloop
  endfacet
  facet normal -0.0490731 0.998795 0
    outer loop
      vertex 1.86232 -18.9085 3
      vertex 0 -19 8
      vertex 1.86232 -18.9085 8
    endloop
  endfacet
  facet normal -0.0490731 0.998795 0
    outer loop
      vertex 0 -19 8
      vertex 1.86232 -18.9085 3
      vertex 0 -19 3
    endloop
  endfacet
  facet normal 0.740929 -0.671583 0
    outer loop
      vertex -14.6872 12.0535 8
      vertex -13.435 13.435 3
      vertex -13.435 13.435 8
    endloop
  endfacet
  facet normal 0.740929 -0.671583 0
    outer loop
      vertex -13.435 13.435 3
      vertex -14.6872 12.0535 8
      vertex -14.6872 12.0535 3
    endloop
  endfacet
  facet normal -0.903991 -0.42755 0
    outer loop
      vertex 17.5537 7.27098 3
      vertex 16.7565 8.95654 8
      vertex 16.7565 8.95654 3
    endloop
  endfacet
  facet normal -0.903991 -0.42755 0
    outer loop
      vertex 16.7565 8.95654 8
      vertex 17.5537 7.27098 3
      vertex 17.5537 7.27098 8
    endloop
  endfacet
  facet normal 0.242953 -0.970038 0
    outer loop
      vertex -5.51541 18.1819 3
      vertex -3.70672 18.6349 8
      vertex -5.51541 18.1819 8
    endloop
  endfacet
  facet normal 0.242953 -0.970038 0
    outer loop
      vertex -3.70672 18.6349 8
      vertex -5.51541 18.1819 3
      vertex -3.70672 18.6349 3
    endloop
  endfacet
  facet normal 0.803225 -0.595675 0
    outer loop
      vertex -15.7979 10.5558 8
      vertex -14.6872 12.0535 3
      vertex -14.6872 12.0535 8
    endloop
  endfacet
  facet normal 0.803225 -0.595675 0
    outer loop
      vertex -14.6872 12.0535 3
      vertex -15.7979 10.5558 8
      vertex -15.7979 10.5558 3
    endloop
  endfacet
  facet normal -0.242953 -0.970038 0
    outer loop
      vertex 3.70672 18.6349 3
      vertex 5.51541 18.1819 8
      vertex 3.70672 18.6349 8
    endloop
  endfacet
  facet normal -0.242953 -0.970038 -0
    outer loop
      vertex 5.51541 18.1819 8
      vertex 3.70672 18.6349 3
      vertex 5.51541 18.1819 3
    endloop
  endfacet
  facet normal -0.336912 -0.941536 0
    outer loop
      vertex 5.51541 18.1819 3
      vertex 7.27098 17.5537 8
      vertex 5.51541 18.1819 8
    endloop
  endfacet
  facet normal -0.336912 -0.941536 -0
    outer loop
      vertex 7.27098 17.5537 8
      vertex 5.51541 18.1819 3
      vertex 7.27098 17.5537 3
    endloop
  endfacet
  facet normal -0.941536 -0.336912 0
    outer loop
      vertex 18.1819 5.51541 3
      vertex 17.5537 7.27098 8
      vertex 17.5537 7.27098 3
    endloop
  endfacet
  facet normal -0.941536 -0.336912 0
    outer loop
      vertex 17.5537 7.27098 8
      vertex 18.1819 5.51541 3
      vertex 18.1819 5.51541 8
    endloop
  endfacet
  facet normal -0.595675 -0.803225 0
    outer loop
      vertex 10.5558 15.7979 3
      vertex 12.0535 14.6872 8
      vertex 10.5558 15.7979 8
    endloop
  endfacet
  facet normal -0.595675 -0.803225 -0
    outer loop
      vertex 12.0535 14.6872 8
      vertex 10.5558 15.7979 3
      vertex 12.0535 14.6872 3
    endloop
  endfacet
  facet normal 0.857719 0.514119 0
    outer loop
      vertex -15.7979 -10.5558 8
      vertex -16.7565 -8.95654 3
      vertex -16.7565 -8.95654 8
    endloop
  endfacet
  facet normal 0.857719 0.514119 0
    outer loop
      vertex -16.7565 -8.95654 3
      vertex -15.7979 -10.5558 8
      vertex -15.7979 -10.5558 3
    endloop
  endfacet
  facet normal -0.514119 -0.857719 0
    outer loop
      vertex 8.95654 16.7565 3
      vertex 10.5558 15.7979 8
      vertex 8.95654 16.7565 8
    endloop
  endfacet
  facet normal -0.514119 -0.857719 -0
    outer loop
      vertex 10.5558 15.7979 8
      vertex 8.95654 16.7565 3
      vertex 10.5558 15.7979 3
    endloop
  endfacet
  facet normal -0.941536 0.336912 0
    outer loop
      vertex 17.5537 -7.27098 3
      vertex 18.1819 -5.51541 8
      vertex 18.1819 -5.51541 3
    endloop
  endfacet
  facet normal -0.941536 0.336912 0
    outer loop
      vertex 18.1819 -5.51541 8
      vertex 17.5537 -7.27098 3
      vertex 17.5537 -7.27098 8
    endloop
  endfacet
  facet normal 0.857719 -0.514119 0
    outer loop
      vertex -16.7565 8.95654 8
      vertex -15.7979 10.5558 3
      vertex -15.7979 10.5558 8
    endloop
  endfacet
  facet normal 0.857719 -0.514119 0
    outer loop
      vertex -15.7979 10.5558 3
      vertex -16.7565 8.95654 8
      vertex -16.7565 8.95654 3
    endloop
  endfacet
  facet normal 0.970038 0.242953 0
    outer loop
      vertex -18.1819 -5.51541 8
      vertex -18.6349 -3.70672 3
      vertex -18.6349 -3.70672 8
    endloop
  endfacet
  facet normal 0.970038 0.242953 0
    outer loop
      vertex -18.6349 -3.70672 3
      vertex -18.1819 -5.51541 8
      vertex -18.1819 -5.51541 3
    endloop
  endfacet
  facet normal -0.0490731 -0.998795 0
    outer loop
      vertex 0 19 3
      vertex 1.86232 18.9085 8
      vertex 0 19 8
    endloop
  endfacet
  facet normal -0.0490731 -0.998795 -0
    outer loop
      vertex 1.86232 18.9085 8
      vertex 0 19 3
      vertex 1.86232 18.9085 3
    endloop
  endfacet
  facet normal -0.857719 -0.514119 0
    outer loop
      vertex 16.7565 8.95654 3
      vertex 15.7979 10.5558 8
      vertex 15.7979 10.5558 3
    endloop
  endfacet
  facet normal -0.857719 -0.514119 0
    outer loop
      vertex 15.7979 10.5558 8
      vertex 16.7565 8.95654 3
      vertex 16.7565 8.95654 8
    endloop
  endfacet
  facet normal 0.941536 0.336912 0
    outer loop
      vertex -17.5537 -7.27098 8
      vertex -18.1819 -5.51541 3
      vertex -18.1819 -5.51541 8
    endloop
  endfacet
  facet normal 0.941536 0.336912 0
    outer loop
      vertex -18.1819 -5.51541 3
      vertex -17.5537 -7.27098 8
      vertex -17.5537 -7.27098 3
    endloop
  endfacet
  facet normal 0.67158 -0.740932 0
    outer loop
      vertex -13.435 13.435 3
      vertex -12.7395 14.0654 8
      vertex -13.435 13.435 8
    endloop
  endfacet
  facet normal 0.67158 -0.740932 0
    outer loop
      vertex -12.7395 14.0654 8
      vertex -13.435 13.435 3
      vertex -12.7395 14.0654 3
    endloop
  endfacet
  facet normal -0.97003 0.242986 0
    outer loop
      vertex 18.1819 -5.51541 3
      vertex 18.5615 -4 8
      vertex 18.5615 -4 3
    endloop
  endfacet
  facet normal -0.97003 0.242986 0
    outer loop
      vertex 18.5615 -4 8
      vertex 18.1819 -5.51541 3
      vertex 18.1819 -5.51541 8
    endloop
  endfacet
  facet normal 0 0 1
    outer loop
      vertex -7.05537 3.77117 3
      vertex -16.7565 8.95654 3
      vertex -7.39104 3.06147 3
    endloop
  endfacet
  facet normal 0 0 1
    outer loop
      vertex -6.9233 3.99151 3
      vertex -16.7565 8.95654 3
      vertex -7.05537 3.77117 3
    endloop
  endfacet
  facet normal -0 0 1
    outer loop
      vertex -16.7565 8.95654 3
      vertex -6.9233 3.99151 3
      vertex -15.7979 10.5558 3
    endloop
  endfacet
  facet normal -0 0 1
    outer loop
      vertex -15.7979 10.5558 3
      vertex -6.9233 3.99151 3
      vertex -14.6872 12.0535 3
    endloop
  endfacet
  facet normal -0 0 1
    outer loop
      vertex -14.6872 12.0535 3
      vertex -6.9233 3.99151 3
      vertex -13.435 13.435 3
    endloop
  endfacet
  facet normal -0 0 1
    outer loop
      vertex -13.435 13.435 3
      vertex -6.9233 3.99151 3
      vertex -12.7395 14.0654 3
    endloop
  endfacet
  facet normal -0 0 1
    outer loop
      vertex -17.5537 7.27098 3
      vertex -7.39104 3.06147 3
      vertex -16.7565 8.95654 3
    endloop
  endfacet
  facet normal 0 0 1
    outer loop
      vertex -7.39104 3.06147 3
      vertex -17.5537 7.27098 3
      vertex -7.65552 2.32228 3
    endloop
  endfacet
  facet normal -0 0 1
    outer loop
      vertex -18.1819 5.51541 3
      vertex -7.65552 2.32228 3
      vertex -17.5537 7.27098 3
    endloop
  endfacet
  facet normal 0 0 1
    outer loop
      vertex -16.7565 -8.95654 3
      vertex -6.9233 -3.99151 3
      vertex -7.05537 -3.77117 3
    endloop
  endfacet
  facet normal 0 0 1
    outer loop
      vertex -16.7565 -8.95654 3
      vertex -7.05537 -3.77117 3
      vertex -7.39104 -3.06147 3
    endloop
  endfacet
  facet normal 0 0 1
    outer loop
      vertex -17.5537 -7.27098 3
      vertex -7.39104 -3.06147 3
      vertex -7.65552 -2.32228 3
    endloop
  endfacet
  facet normal 0 0 1
    outer loop
      vertex -7.65552 2.32228 3
      vertex -18.1819 5.51541 3
      vertex -7.84628 1.56072 3
    endloop
  endfacet
  facet normal -0 0 1
    outer loop
      vertex -18.6349 3.70672 3
      vertex -7.84628 1.56072 3
      vertex -18.1819 5.51541 3
    endloop
  endfacet
  facet normal 0 0 1
    outer loop
      vertex -7.84628 1.56072 3
      vertex -18.6349 3.70672 3
      vertex -7.96148 0.784137 3
    endloop
  endfacet
  facet normal 0 0 1
    outer loop
      vertex -6.9233 -3.99151 3
      vertex -14.6872 -12.0535 3
      vertex -13.435 -13.435 3
    endloop
  endfacet
  facet normal 0 0 1
    outer loop
      vertex -6.9233 -3.99151 3
      vertex -13.435 -13.435 3
      vertex -12.7395 -14.0654 3
    endloop
  endfacet
  facet normal -0 0 1
    outer loop
      vertex -18.9085 1.86232 3
      vertex -7.96148 0.784137 3
      vertex -18.6349 3.70672 3
    endloop
  endfacet
  facet normal 0 0 1
    outer loop
      vertex -6.9233 -3.99151 3
      vertex -15.7979 -10.5558 3
      vertex -14.6872 -12.0535 3
    endloop
  endfacet
  facet normal 0 0 1
    outer loop
      vertex -7.96148 0.784137 3
      vertex -18.9085 1.86232 3
      vertex -8 0 3
    endloop
  endfacet
  facet normal 0 0 1
    outer loop
      vertex -6.9233 -3.99151 3
      vertex -16.7565 -8.95654 3
      vertex -15.7979 -10.5558 3
    endloop
  endfacet
  facet normal 0 0 1
    outer loop
      vertex -19 0 3
      vertex -8 0 3
      vertex -18.9085 1.86232 3
    endloop
  endfacet
  facet normal 0 0 1
    outer loop
      vertex -7.39104 -3.06147 3
      vertex -17.5537 -7.27098 3
      vertex -16.7565 -8.95654 3
    endloop
  endfacet
  facet normal 0 0 1
    outer loop
      vertex -8 0 3
      vertex -19 0 3
      vertex -7.96148 -0.784137 3
    endloop
  endfacet
  facet normal 0 0 1
    outer loop
      vertex -7.65552 -2.32228 3
      vertex -18.1819 -5.51541 3
      vertex -17.5537 -7.27098 3
    endloop
  endfacet
  facet normal 0 -0 1
    outer loop
      vertex -18.9085 -1.86232 3
      vertex -7.96148 -0.784137 3
      vertex -19 0 3
    endloop
  endfacet
  facet normal 0 0 1
    outer loop
      vertex -7.65552 -2.32228 3
      vertex -18.6349 -3.70672 3
      vertex -18.1819 -5.51541 3
    endloop
  endfacet
  facet normal 0 0 1
    outer loop
      vertex -7.96148 -0.784137 3
      vertex -18.9085 -1.86232 3
      vertex -7.84628 -1.56072 3
    endloop
  endfacet
  facet normal 0 0 1
    outer loop
      vertex -7.84628 -1.56072 3
      vertex -18.6349 -3.70672 3
      vertex -7.65552 -2.32228 3
    endloop
  endfacet
  facet normal 0 -0 1
    outer loop
      vertex -18.6349 -3.70672 3
      vertex -7.84628 -1.56072 3
      vertex -18.9085 -1.86232 3
    endloop
  endfacet
  facet normal 0 0 1
    outer loop
      vertex 6.91822 4 3
      vertex 18.1819 5.51541 3
      vertex 17.5537 7.27098 3
    endloop
  endfacet
  facet normal 0 0 1
    outer loop
      vertex 6.91822 4 3
      vertex 17.5537 7.27098 3
      vertex 16.7565 8.95654 3
    endloop
  endfacet
  facet normal 0 0 1
    outer loop
      vertex 6.91822 4 3
      vertex 16.7565 8.95654 3
      vertex 15.7979 10.5558 3
    endloop
  endfacet
  facet normal 0 0 1
    outer loop
      vertex 6.65176 4.44456 3
      vertex 15.7979 10.5558 3
      vertex 14.6872 12.0535 3
    endloop
  endfacet
  facet normal 0 0 1
    outer loop
      vertex 6.18408 5.07515 3
      vertex 14.6872 12.0535 3
      vertex 13.435 13.435 3
    endloop
  endfacet
  facet normal 0 0 1
    outer loop
      vertex 5.65685 5.65685 3
      vertex 13.435 13.435 3
      vertex 12.0535 14.6872 3
    endloop
  endfacet
  facet normal 0 0 1
    outer loop
      vertex 5.07515 6.18408 3
      vertex 12.0535 14.6872 3
      vertex 10.5558 15.7979 3
    endloop
  endfacet
  facet normal 0 0 1
    outer loop
      vertex 4.44456 6.65176 3
      vertex 10.5558 15.7979 3
      vertex 8.95654 16.7565 3
    endloop
  endfacet
  facet normal 0 0 1
    outer loop
      vertex 3.77117 7.05537 3
      vertex 8.95654 16.7565 3
      vertex 7.27098 17.5537 3
    endloop
  endfacet
  facet normal 0 0 1
    outer loop
      vertex 14.6872 12.0535 3
      vertex 6.18408 5.07515 3
      vertex 6.65176 4.44456 3
    endloop
  endfacet
  facet normal 0 0 1
    outer loop
      vertex 18.1819 5.51541 3
      vertex 6.91822 4 3
      vertex 18.5615 4 3
    endloop
  endfacet
  facet normal 0 0 1
    outer loop
      vertex 15.7979 10.5558 3
      vertex 6.65176 4.44456 3
      vertex 6.91822 4 3
    endloop
  endfacet
  facet normal 0 0 1
    outer loop
      vertex 13.435 13.435 3
      vertex 5.65685 5.65685 3
      vertex 6.18408 5.07515 3
    endloop
  endfacet
  facet normal 0 0 1
    outer loop
      vertex 3.06147 7.39104 3
      vertex 7.27098 17.5537 3
      vertex 5.51541 18.1819 3
    endloop
  endfacet
  facet normal 0 0 1
    outer loop
      vertex 12.0535 14.6872 3
      vertex 5.07515 6.18408 3
      vertex 5.65685 5.65685 3
    endloop
  endfacet
  facet normal 0 0 1
    outer loop
      vertex 10.5558 15.7979 3
      vertex 4.44456 6.65176 3
      vertex 5.07515 6.18408 3
    endloop
  endfacet
  facet normal 0 0 1
    outer loop
      vertex 8.95654 16.7565 3
      vertex 3.77117 7.05537 3
      vertex 4.44456 6.65176 3
    endloop
  endfacet
  facet normal 0 0 1
    outer loop
      vertex 2.32228 7.65552 3
      vertex 5.51541 18.1819 3
      vertex 3.70672 18.6349 3
    endloop
  endfacet
  facet normal 0 0 1
    outer loop
      vertex 7.27098 17.5537 3
      vertex 3.06147 7.39104 3
      vertex 3.77117 7.05537 3
    endloop
  endfacet
  facet normal 0 0 1
    outer loop
      vertex 5.51541 18.1819 3
      vertex 2.32228 7.65552 3
      vertex 3.06147 7.39104 3
    endloop
  endfacet
  facet normal 0 0 1
    outer loop
      vertex 1.56072 7.84628 3
      vertex 3.70672 18.6349 3
      vertex 1.86232 18.9085 3
    endloop
  endfacet
  facet normal 0 0 1
    outer loop
      vertex 3.70672 18.6349 3
      vertex 1.56072 7.84628 3
      vertex 2.32228 7.65552 3
    endloop
  endfacet
  facet normal 0 0 1
    outer loop
      vertex 1.86232 18.9085 3
      vertex 0.784137 7.96148 3
      vertex 1.56072 7.84628 3
    endloop
  endfacet
  facet normal 0 0 1
    outer loop
      vertex 0 19 3
      vertex 0.784137 7.96148 3
      vertex 1.86232 18.9085 3
    endloop
  endfacet
  facet normal 0 0 1
    outer loop
      vertex 0 19 3
      vertex 0 8 3
      vertex 0.784137 7.96148 3
    endloop
  endfacet
  facet normal 0 0 1
    outer loop
      vertex 0 19 3
      vertex -6.86853e-07 8 3
      vertex 0 8 3
    endloop
  endfacet
  facet normal -0 0 1
    outer loop
      vertex -1.86232 18.9085 3
      vertex -6.86853e-07 8 3
      vertex 0 19 3
    endloop
  endfacet
  facet normal -0 0 1
    outer loop
      vertex -3.70672 18.6349 3
      vertex -6.86853e-07 8 3
      vertex -1.86232 18.9085 3
    endloop
  endfacet
  facet normal -0 0 1
    outer loop
      vertex -5.51541 18.1819 3
      vertex -6.86853e-07 8 3
      vertex -3.70672 18.6349 3
    endloop
  endfacet
  facet normal 0 0 1
    outer loop
      vertex -6.86853e-07 8 3
      vertex -5.51541 18.1819 3
      vertex -5.81634 18.0742 3
    endloop
  endfacet
  facet normal -0 0 1
    outer loop
      vertex 6.91822 -4 3
      vertex 18.1819 -5.51541 3
      vertex 18.5615 -4 3
    endloop
  endfacet
  facet normal 0 0 1
    outer loop
      vertex 18.1819 -5.51541 3
      vertex 6.91822 -4 3
      vertex 17.5537 -7.27098 3
    endloop
  endfacet
  facet normal 0 0 1
    outer loop
      vertex 17.5537 -7.27098 3
      vertex 6.91822 -4 3
      vertex 16.7565 -8.95654 3
    endloop
  endfacet
  facet normal 0 0 1
    outer loop
      vertex 16.7565 -8.95654 3
      vertex 6.91822 -4 3
      vertex 15.7979 -10.5558 3
    endloop
  endfacet
  facet normal -0 0 1
    outer loop
      vertex 6.65176 -4.44456 3
      vertex 15.7979 -10.5558 3
      vertex 6.91822 -4 3
    endloop
  endfacet
  facet normal 0 0 1
    outer loop
      vertex 15.7979 -10.5558 3
      vertex 6.65176 -4.44456 3
      vertex 14.6872 -12.0535 3
    endloop
  endfacet
  facet normal 0 0 1
    outer loop
      vertex 14.6872 -12.0535 3
      vertex 6.18408 -5.07515 3
      vertex 13.435 -13.435 3
    endloop
  endfacet
  facet normal -0 0 1
    outer loop
      vertex 5.65685 -5.65685 3
      vertex 13.435 -13.435 3
      vertex 6.18408 -5.07515 3
    endloop
  endfacet
  facet normal -0 0 1
    outer loop
      vertex 5.07515 -6.18408 3
      vertex 12.0535 -14.6872 3
      vertex 5.65685 -5.65685 3
    endloop
  endfacet
  facet normal -0 0 1
    outer loop
      vertex 6.18408 -5.07515 3
      vertex 14.6872 -12.0535 3
      vertex 6.65176 -4.44456 3
    endloop
  endfacet
  facet normal 0 0 1
    outer loop
      vertex 13.435 -13.435 3
      vertex 5.65685 -5.65685 3
      vertex 12.0535 -14.6872 3
    endloop
  endfacet
  facet normal 0 0 1
    outer loop
      vertex 12.0535 -14.6872 3
      vertex 5.07515 -6.18408 3
      vertex 10.5558 -15.7979 3
    endloop
  endfacet
  facet normal -0 0 1
    outer loop
      vertex 4.44456 -6.65176 3
      vertex 10.5558 -15.7979 3
      vertex 5.07515 -6.18408 3
    endloop
  endfacet
  facet normal 0 0 1
    outer loop
      vertex 10.5558 -15.7979 3
      vertex 4.44456 -6.65176 3
      vertex 8.95654 -16.7565 3
    endloop
  endfacet
  facet normal -0 0 1
    outer loop
      vertex 3.77117 -7.05537 3
      vertex 8.95654 -16.7565 3
      vertex 4.44456 -6.65176 3
    endloop
  endfacet
  facet normal 0 0 1
    outer loop
      vertex 8.95654 -16.7565 3
      vertex 3.77117 -7.05537 3
      vertex 7.27098 -17.5537 3
    endloop
  endfacet
  facet normal -0 0 1
    outer loop
      vertex 3.06147 -7.39104 3
      vertex 7.27098 -17.5537 3
      vertex 3.77117 -7.05537 3
    endloop
  endfacet
  facet normal 0 0 1
    outer loop
      vertex 7.27098 -17.5537 3
      vertex 3.06147 -7.39104 3
      vertex 5.51541 -18.1819 3
    endloop
  endfacet
  facet normal -0 0 1
    outer loop
      vertex 2.32228 -7.65552 3
      vertex 5.51541 -18.1819 3
      vertex 3.06147 -7.39104 3
    endloop
  endfacet
  facet normal 0 0 1
    outer loop
      vertex 5.51541 -18.1819 3
      vertex 2.32228 -7.65552 3
      vertex 3.70672 -18.6349 3
    endloop
  endfacet
  facet normal -0 0 1
    outer loop
      vertex 1.56072 -7.84628 3
      vertex 3.70672 -18.6349 3
      vertex 2.32228 -7.65552 3
    endloop
  endfacet
  facet normal 0 0 1
    outer loop
      vertex 3.70672 -18.6349 3
      vertex 1.56072 -7.84628 3
      vertex 1.86232 -18.9085 3
    endloop
  endfacet
  facet normal -0 0 1
    outer loop
      vertex 0.784137 -7.96148 3
      vertex 1.86232 -18.9085 3
      vertex 1.56072 -7.84628 3
    endloop
  endfacet
  facet normal -0 0 1
    outer loop
      vertex 0 -8 3
      vertex 1.86232 -18.9085 3
      vertex 0.784137 -7.96148 3
    endloop
  endfacet
  facet normal 0 0 1
    outer loop
      vertex 0 -8 3
      vertex 0 -19 3
      vertex 1.86232 -18.9085 3
    endloop
  endfacet
  facet normal -0 0 1
    outer loop
      vertex -6.86853e-07 -8 3
      vertex 0 -19 3
      vertex 0 -8 3
    endloop
  endfacet
  facet normal 0 0 1
    outer loop
      vertex -6.86853e-07 -8 3
      vertex -1.86232 -18.9085 3
      vertex 0 -19 3
    endloop
  endfacet
  facet normal 0 0 1
    outer loop
      vertex -6.86853e-07 -8 3
      vertex -3.70672 -18.6349 3
      vertex -1.86232 -18.9085 3
    endloop
  endfacet
  facet normal 0 0 1
    outer loop
      vertex -6.86853e-07 -8 3
      vertex -5.51541 -18.1819 3
      vertex -3.70672 -18.6349 3
    endloop
  endfacet
  facet normal 0 -0 1
    outer loop
      vertex -5.51541 -18.1819 3
      vertex -6.86853e-07 -8 3
      vertex -5.81634 -18.0742 3
    endloop
  endfacet
  facet normal 0.998795 0.0490731 0
    outer loop
      vertex -18.9085 -1.86232 8
      vertex -19 0 3
      vertex -19 0 8
    endloop
  endfacet
  facet normal 0.998795 0.0490731 0
    outer loop
      vertex -19 0 3
      vertex -18.9085 -1.86232 8
      vertex -18.9085 -1.86232 3
    endloop
  endfacet
  facet normal 0.970038 -0.242953 0
    outer loop
      vertex -18.6349 3.70672 8
      vertex -18.1819 5.51541 3
      vertex -18.1819 5.51541 8
    endloop
  endfacet
  facet normal 0.970038 -0.242953 0
    outer loop
      vertex -18.1819 5.51541 3
      vertex -18.6349 3.70672 8
      vertex -18.6349 3.70672 3
    endloop
  endfacet
  facet normal -0.42755 0.903991 0
    outer loop
      vertex 8.95654 -16.7565 3
      vertex 7.27098 -17.5537 8
      vertex 8.95654 -16.7565 8
    endloop
  endfacet
  facet normal -0.42755 0.903991 0
    outer loop
      vertex 7.27098 -17.5537 8
      vertex 8.95654 -16.7565 3
      vertex 7.27098 -17.5537 3
    endloop
  endfacet
  facet normal 0.336961 0.941519 -0
    outer loop
      vertex -5.51541 -18.1819 3
      vertex -5.81634 -18.0742 8
      vertex -5.51541 -18.1819 8
    endloop
  endfacet
  facet normal 0.336961 0.941519 0
    outer loop
      vertex -5.81634 -18.0742 8
      vertex -5.51541 -18.1819 3
      vertex -5.81634 -18.0742 3
    endloop
  endfacet
  facet normal 0.336961 -0.941519 0
    outer loop
      vertex -5.81634 18.0742 3
      vertex -5.51541 18.1819 8
      vertex -5.81634 18.0742 8
    endloop
  endfacet
  facet normal 0.336961 -0.941519 0
    outer loop
      vertex -5.51541 18.1819 8
      vertex -5.81634 18.0742 3
      vertex -5.51541 18.1819 3
    endloop
  endfacet
  facet normal -0.514119 0.857719 0
    outer loop
      vertex 10.5558 -15.7979 3
      vertex 8.95654 -16.7565 8
      vertex 10.5558 -15.7979 8
    endloop
  endfacet
  facet normal -0.514119 0.857719 0
    outer loop
      vertex 8.95654 -16.7565 8
      vertex 10.5558 -15.7979 3
      vertex 8.95654 -16.7565 3
    endloop
  endfacet
  facet normal -0.146735 0.989176 0
    outer loop
      vertex 3.70672 -18.6349 3
      vertex 1.86232 -18.9085 8
      vertex 3.70672 -18.6349 8
    endloop
  endfacet
  facet normal -0.146735 0.989176 0
    outer loop
      vertex 1.86232 -18.9085 8
      vertex 3.70672 -18.6349 3
      vertex 1.86232 -18.9085 3
    endloop
  endfacet
  facet normal -0.740929 0.671583 0
    outer loop
      vertex 13.435 -13.435 3
      vertex 14.6872 -12.0535 8
      vertex 14.6872 -12.0535 3
    endloop
  endfacet
  facet normal -0.740929 0.671583 0
    outer loop
      vertex 14.6872 -12.0535 8
      vertex 13.435 -13.435 3
      vertex 13.435 -13.435 8
    endloop
  endfacet
  facet normal -0.803225 0.595675 0
    outer loop
      vertex 14.6872 -12.0535 3
      vertex 15.7979 -10.5558 8
      vertex 15.7979 -10.5558 3
    endloop
  endfacet
  facet normal -0.803225 0.595675 0
    outer loop
      vertex 15.7979 -10.5558 8
      vertex 14.6872 -12.0535 3
      vertex 14.6872 -12.0535 8
    endloop
  endfacet
  facet normal 0.0490731 -0.998795 0
    outer loop
      vertex -1.86232 18.9085 3
      vertex 0 19 8
      vertex -1.86232 18.9085 8
    endloop
  endfacet
  facet normal 0.0490731 -0.998795 0
    outer loop
      vertex 0 19 8
      vertex -1.86232 18.9085 3
      vertex 0 19 3
    endloop
  endfacet
  facet normal 0.989176 -0.146735 0
    outer loop
      vertex -18.9085 1.86232 8
      vertex -18.6349 3.70672 3
      vertex -18.6349 3.70672 8
    endloop
  endfacet
  facet normal 0.989176 -0.146735 0
    outer loop
      vertex -18.6349 3.70672 3
      vertex -18.9085 1.86232 8
      vertex -18.9085 1.86232 3
    endloop
  endfacet
  facet normal 0.242953 0.970038 -0
    outer loop
      vertex -3.70672 -18.6349 3
      vertex -5.51541 -18.1819 8
      vertex -3.70672 -18.6349 8
    endloop
  endfacet
  facet normal 0.242953 0.970038 0
    outer loop
      vertex -5.51541 -18.1819 8
      vertex -3.70672 -18.6349 3
      vertex -5.51541 -18.1819 3
    endloop
  endfacet
  facet normal -0.97003 -0.242986 0
    outer loop
      vertex 18.5615 4 3
      vertex 18.1819 5.51541 8
      vertex 18.1819 5.51541 3
    endloop
  endfacet
  facet normal -0.97003 -0.242986 0
    outer loop
      vertex 18.1819 5.51541 8
      vertex 18.5615 4 3
      vertex 18.5615 4 8
    endloop
  endfacet
  facet normal -0.803225 -0.595675 0
    outer loop
      vertex 15.7979 10.5558 3
      vertex 14.6872 12.0535 8
      vertex 14.6872 12.0535 3
    endloop
  endfacet
  facet normal -0.803225 -0.595675 0
    outer loop
      vertex 14.6872 12.0535 8
      vertex 15.7979 10.5558 3
      vertex 15.7979 10.5558 8
    endloop
  endfacet
  facet normal 0.803225 0.595675 0
    outer loop
      vertex -14.6872 -12.0535 8
      vertex -15.7979 -10.5558 3
      vertex -15.7979 -10.5558 8
    endloop
  endfacet
  facet normal 0.803225 0.595675 0
    outer loop
      vertex -15.7979 -10.5558 3
      vertex -14.6872 -12.0535 8
      vertex -14.6872 -12.0535 3
    endloop
  endfacet
  facet normal 0.903991 0.42755 0
    outer loop
      vertex -16.7565 -8.95654 8
      vertex -17.5537 -7.27098 3
      vertex -17.5537 -7.27098 8
    endloop
  endfacet
  facet normal 0.903991 0.42755 0
    outer loop
      vertex -17.5537 -7.27098 3
      vertex -16.7565 -8.95654 8
      vertex -16.7565 -8.95654 3
    endloop
  endfacet
  facet normal -0.146735 -0.989176 0
    outer loop
      vertex 1.86232 18.9085 3
      vertex 3.70672 18.6349 8
      vertex 1.86232 18.9085 8
    endloop
  endfacet
  facet normal -0.146735 -0.989176 -0
    outer loop
      vertex 3.70672 18.6349 8
      vertex 1.86232 18.9085 3
      vertex 3.70672 18.6349 3
    endloop
  endfacet
  facet normal -0.595675 0.803225 0
    outer loop
      vertex 12.0535 -14.6872 3
      vertex 10.5558 -15.7979 8
      vertex 12.0535 -14.6872 8
    endloop
  endfacet
  facet normal -0.595675 0.803225 0
    outer loop
      vertex 10.5558 -15.7979 8
      vertex 12.0535 -14.6872 3
      vertex 10.5558 -15.7979 3
    endloop
  endfacet
  facet normal 0.146735 -0.989176 0
    outer loop
      vertex -3.70672 18.6349 3
      vertex -1.86232 18.9085 8
      vertex -3.70672 18.6349 8
    endloop
  endfacet
  facet normal 0.146735 -0.989176 0
    outer loop
      vertex -1.86232 18.9085 8
      vertex -3.70672 18.6349 3
      vertex -1.86232 18.9085 3
    endloop
  endfacet
  facet normal 0.989176 0.146735 0
    outer loop
      vertex -18.6349 -3.70672 8
      vertex -18.9085 -1.86232 3
      vertex -18.9085 -1.86232 8
    endloop
  endfacet
  facet normal 0.989176 0.146735 0
    outer loop
      vertex -18.9085 -1.86232 3
      vertex -18.6349 -3.70672 8
      vertex -18.6349 -3.70672 3
    endloop
  endfacet
  facet normal -0.336912 0.941536 0
    outer loop
      vertex 7.27098 -17.5537 3
      vertex 5.51541 -18.1819 8
      vertex 7.27098 -17.5537 8
    endloop
  endfacet
  facet normal -0.336912 0.941536 0
    outer loop
      vertex 5.51541 -18.1819 8
      vertex 7.27098 -17.5537 3
      vertex 5.51541 -18.1819 3
    endloop
  endfacet
  facet normal -0.242953 0.970038 0
    outer loop
      vertex 5.51541 -18.1819 3
      vertex 3.70672 -18.6349 8
      vertex 5.51541 -18.1819 8
    endloop
  endfacet
  facet normal -0.242953 0.970038 0
    outer loop
      vertex 3.70672 -18.6349 8
      vertex 5.51541 -18.1819 3
      vertex 3.70672 -18.6349 3
    endloop
  endfacet
  facet normal 0.740929 0.671583 0
    outer loop
      vertex -13.435 -13.435 8
      vertex -14.6872 -12.0535 3
      vertex -14.6872 -12.0535 8
    endloop
  endfacet
  facet normal 0.740929 0.671583 0
    outer loop
      vertex -14.6872 -12.0535 3
      vertex -13.435 -13.435 8
      vertex -13.435 -13.435 3
    endloop
  endfacet
  facet normal 0.903991 -0.42755 0
    outer loop
      vertex -17.5537 7.27098 8
      vertex -16.7565 8.95654 3
      vertex -16.7565 8.95654 8
    endloop
  endfacet
  facet normal 0.903991 -0.42755 0
    outer loop
      vertex -16.7565 8.95654 3
      vertex -17.5537 7.27098 8
      vertex -17.5537 7.27098 3
    endloop
  endfacet
  facet normal -0.903991 0.42755 0
    outer loop
      vertex 16.7565 -8.95654 3
      vertex 17.5537 -7.27098 8
      vertex 17.5537 -7.27098 3
    endloop
  endfacet
  facet normal -0.903991 0.42755 0
    outer loop
      vertex 17.5537 -7.27098 8
      vertex 16.7565 -8.95654 3
      vertex 16.7565 -8.95654 8
    endloop
  endfacet
  facet normal -0.857719 0.514119 0
    outer loop
      vertex 15.7979 -10.5558 3
      vertex 16.7565 -8.95654 8
      vertex 16.7565 -8.95654 3
    endloop
  endfacet
  facet normal -0.857719 0.514119 0
    outer loop
      vertex 16.7565 -8.95654 8
      vertex 15.7979 -10.5558 3
      vertex 15.7979 -10.5558 8
    endloop
  endfacet
  facet normal 0.0490731 0.998795 -0
    outer loop
      vertex 0 -19 3
      vertex -1.86232 -18.9085 8
      vertex 0 -19 8
    endloop
  endfacet
  facet normal 0.0490731 0.998795 0
    outer loop
      vertex -1.86232 -18.9085 8
      vertex 0 -19 3
      vertex -1.86232 -18.9085 3
    endloop
  endfacet
  facet normal 0.998795 -0.0490731 0
    outer loop
      vertex -19 0 8
      vertex -18.9085 1.86232 3
      vertex -18.9085 1.86232 8
    endloop
  endfacet
  facet normal 0.998795 -0.0490731 0
    outer loop
      vertex -18.9085 1.86232 3
      vertex -19 0 8
      vertex -19 0 3
    endloop
  endfacet
  facet normal -0.671583 0.740929 0
    outer loop
      vertex 13.435 -13.435 3
      vertex 12.0535 -14.6872 8
      vertex 13.435 -13.435 8
    endloop
  endfacet
  facet normal -0.671583 0.740929 0
    outer loop
      vertex 12.0535 -14.6872 8
      vertex 13.435 -13.435 3
      vertex 12.0535 -14.6872 3
    endloop
  endfacet
  facet normal -0.740967 -0.671541 0
    outer loop
      vertex 1.83848 1.83848 0
      vertex 2.0093 1.65 12
      vertex 1.83848 1.83848 16
    endloop
  endfacet
  facet normal -0.740959 -0.67155 -0
    outer loop
      vertex 2.00983 1.64942 11.9882
      vertex 1.83848 1.83848 0
      vertex 2.00983 1.64942 0
    endloop
  endfacet
  facet normal -0.738877 -0.67384 -6.58742e-05
    outer loop
      vertex 1.83848 1.83848 0
      vertex 2.00983 1.64942 11.9882
      vertex 2.0093 1.65 12
    endloop
  endfacet
  facet normal -0.739559 -0.673092 0.000133262
    outer loop
      vertex 2.00983 1.64942 12.0118
      vertex 1.83848 1.83848 16
      vertex 2.0093 1.65 12
    endloop
  endfacet
  facet normal -0.740959 -0.67155 0
    outer loop
      vertex 1.83848 1.83848 16
      vertex 2.00983 1.64942 12.0118
      vertex 2.00983 1.64942 16
    endloop
  endfacet
  facet normal -0.98919 -0.146637 0
    outer loop
      vertex 2.55004 0.507235 0
      vertex 2.55423 0.47897 10.421
      vertex 2.55004 0.507235 10.4312
    endloop
  endfacet
  facet normal -0.989176 -0.146734 -2.67423e-07
    outer loop
      vertex 2.55004 0.507235 0
      vertex 2.57753 0.321898 10.3817
      vertex 2.55423 0.47897 10.421
    endloop
  endfacet
  facet normal -0.989176 -0.146736 -0
    outer loop
      vertex 2.58748 0.254844 10.3718
      vertex 2.55004 0.507235 0
      vertex 2.58748 0.254844 0
    endloop
  endfacet
  facet normal -0.989169 -0.146781 -1.11774e-06
    outer loop
      vertex 2.55004 0.507235 0
      vertex 2.58748 0.254844 10.3718
      vertex 2.57753 0.321898 10.3817
    endloop
  endfacet
  facet normal -0.98919 -0.146637 0
    outer loop
      vertex 2.55423 0.47897 13.579
      vertex 2.55004 0.507235 16
      vertex 2.55004 0.507235 13.5688
    endloop
  endfacet
  facet normal -0.989176 -0.146734 1.14853e-06
    outer loop
      vertex 2.57753 0.321898 13.6183
      vertex 2.55004 0.507235 16
      vertex 2.55423 0.47897 13.579
    endloop
  endfacet
  facet normal -0.989169 -0.14678 4.82952e-06
    outer loop
      vertex 2.58748 0.254844 13.6282
      vertex 2.55004 0.507235 16
      vertex 2.57753 0.321898 13.6183
    endloop
  endfacet
  facet normal -0.989176 -0.146736 0
    outer loop
      vertex 2.55004 0.507235 16
      vertex 2.58748 0.254844 13.6282
      vertex 2.58748 0.254844 16
    endloop
  endfacet
  facet normal -0.998798 -0.0490196 0
    outer loop
      vertex 2.58748 0.254844 0
      vertex 2.59205 0.161728 10.3579
      vertex 2.58748 0.254844 10.3718
    endloop
  endfacet
  facet normal -0.998795 -0.0490689 -0
    outer loop
      vertex 2.6 0 10.35
      vertex 2.58748 0.254844 0
      vertex 2.6 0 0
    endloop
  endfacet
  facet normal -0.998794 -0.0490973 -7.00414e-07
    outer loop
      vertex 2.58748 0.254844 0
      vertex 2.6 0 10.35
      vertex 2.59205 0.161728 10.3579
    endloop
  endfacet
  facet normal -0.998798 -0.0490196 0
    outer loop
      vertex 2.59205 0.161728 13.6421
      vertex 2.58748 0.254844 16
      vertex 2.58748 0.254844 13.6282
    endloop
  endfacet
  facet normal -0.998794 -0.0490972 3.07224e-06
    outer loop
      vertex 2.6 0 13.65
      vertex 2.58748 0.254844 16
      vertex 2.59205 0.161728 13.6421
    endloop
  endfacet
  facet normal -0.998795 -0.0490689 0
    outer loop
      vertex 2.58748 0.254844 16
      vertex 2.6 0 13.65
      vertex 2.6 0 16
    endloop
  endfacet
  facet normal -0.970028 -0.242993 0
    outer loop
      vertex 2.48804 0.75474 0
      vertex 2.51893 0.631427 10.4756
      vertex 2.48804 0.75474 10.5339
    endloop
  endfacet
  facet normal -0.970028 -0.242992 -0
    outer loop
      vertex 2.55004 0.507235 10.4312
      vertex 2.48804 0.75474 0
      vertex 2.55004 0.507235 0
    endloop
  endfacet
  facet normal -0.970028 -0.242991 1.74113e-08
    outer loop
      vertex 2.48804 0.75474 0
      vertex 2.55004 0.507235 10.4312
      vertex 2.51893 0.631427 10.4756
    endloop
  endfacet
  facet normal -0.970028 -0.242993 0
    outer loop
      vertex 2.51893 0.631427 13.5244
      vertex 2.48804 0.75474 16
      vertex 2.48804 0.75474 13.4661
    endloop
  endfacet
  facet normal -0.970028 -0.242991 -7.26921e-08
    outer loop
      vertex 2.55004 0.507235 13.5688
      vertex 2.48804 0.75474 16
      vertex 2.51893 0.631427 13.5244
    endloop
  endfacet
  facet normal -0.970028 -0.242992 0
    outer loop
      vertex 2.48804 0.75474 16
      vertex 2.55004 0.507235 13.5688
      vertex 2.55004 0.507235 16
    endloop
  endfacet
  facet normal -0.336863 0.941554 0
    outer loop
      vertex 0.994976 -2.40209 0
      vertex 0.75474 -2.48804 16
      vertex 0.994976 -2.40209 16
    endloop
  endfacet
  facet normal -0.336863 0.941554 0
    outer loop
      vertex 0.75474 -2.48804 16
      vertex 0.994976 -2.40209 0
      vertex 0.75474 -2.48804 0
    endloop
  endfacet
  facet normal -0.67155 -0.740959 0
    outer loop
      vertex 1.64942 2.00983 0
      vertex 1.83848 1.83848 16
      vertex 1.64942 2.00983 16
    endloop
  endfacet
  facet normal -0.67155 -0.740959 -0
    outer loop
      vertex 1.83848 1.83848 16
      vertex 1.64942 2.00983 0
      vertex 1.83848 1.83848 0
    endloop
  endfacet
  facet normal -0.941547 -0.336881 0
    outer loop
      vertex 2.40209 0.994976 0
      vertex 2.4301 0.916691 10.6281
      vertex 2.40209 0.994976 10.6861
    endloop
  endfacet
  facet normal -0.941554 -0.336863 1.54459e-07
    outer loop
      vertex 2.40209 0.994976 0
      vertex 2.47979 0.777804 10.5448
      vertex 2.4301 0.916691 10.6281
    endloop
  endfacet
  facet normal -0.941554 -0.336863 -0
    outer loop
      vertex 2.48804 0.75474 10.5339
      vertex 2.40209 0.994976 0
      vertex 2.48804 0.75474 0
    endloop
  endfacet
  facet normal -0.941575 -0.336803 1.54825e-06
    outer loop
      vertex 2.40209 0.994976 0
      vertex 2.48804 0.75474 10.5339
      vertex 2.47979 0.777804 10.5448
    endloop
  endfacet
  facet normal -0.941547 -0.336881 0
    outer loop
      vertex 2.4301 0.916691 13.3719
      vertex 2.40209 0.994976 16
      vertex 2.40209 0.994976 13.3139
    endloop
  endfacet
  facet normal -0.941554 -0.336863 -6.16383e-07
    outer loop
      vertex 2.47979 0.777804 13.4552
      vertex 2.40209 0.994976 16
      vertex 2.4301 0.916691 13.3719
    endloop
  endfacet
  facet normal -0.941575 -0.336804 -6.22675e-06
    outer loop
      vertex 2.48804 0.75474 13.4661
      vertex 2.40209 0.994976 16
      vertex 2.47979 0.777804 13.4552
    endloop
  endfacet
  facet normal -0.941554 -0.336863 0
    outer loop
      vertex 2.40209 0.994976 16
      vertex 2.48804 0.75474 13.4661
      vertex 2.48804 0.75474 16
    endloop
  endfacet
  facet normal -0.0490689 0.998795 0
    outer loop
      vertex 0.254844 -2.58748 0
      vertex 0 -2.6 16
      vertex 0.254844 -2.58748 16
    endloop
  endfacet
  facet normal -0.0490689 0.998795 0
    outer loop
      vertex 0 -2.6 16
      vertex 0.254844 -2.58748 0
      vertex 0 -2.6 0
    endloop
  endfacet
  facet normal 0.59569 0.803215 -0
    outer loop
      vertex -1.44448 -2.16182 0
      vertex -1.64942 -2.00983 16
      vertex -1.44448 -2.16182 16
    endloop
  endfacet
  facet normal 0.59569 0.803215 0
    outer loop
      vertex -1.64942 -2.00983 16
      vertex -1.44448 -2.16182 0
      vertex -1.64942 -2.00983 0
    endloop
  endfacet
  facet normal 0.242992 0.970028 -0
    outer loop
      vertex -0.507235 -2.55004 0
      vertex -0.75474 -2.48804 16
      vertex -0.507235 -2.55004 16
    endloop
  endfacet
  facet normal 0.242992 0.970028 0
    outer loop
      vertex -0.75474 -2.48804 16
      vertex -0.507235 -2.55004 0
      vertex -0.75474 -2.48804 0
    endloop
  endfacet
  facet normal -0.857733 -0.514096 0
    outer loop
      vertex 2.16182 1.44448 0
      vertex 2.20531 1.37192 11.0833
      vertex 2.16182 1.44448 11.2044
    endloop
  endfacet
  facet normal -0.857728 -0.514103 -6.60943e-08
    outer loop
      vertex 2.16182 1.44448 0
      vertex 2.26312 1.27547 10.9533
      vertex 2.20531 1.37192 11.0833
    endloop
  endfacet
  facet normal -0.857735 -0.514092 -0
    outer loop
      vertex 2.29299 1.22563 10.8983
      vertex 2.16182 1.44448 0
      vertex 2.29299 1.22563 0
    endloop
  endfacet
  facet normal -0.857751 -0.514066 7.1576e-07
    outer loop
      vertex 2.16182 1.44448 0
      vertex 2.29299 1.22563 10.8983
      vertex 2.26312 1.27547 10.9533
    endloop
  endfacet
  facet normal -0.857733 -0.514096 0
    outer loop
      vertex 2.20531 1.37192 12.9167
      vertex 2.16182 1.44448 16
      vertex 2.16182 1.44448 12.7956
    endloop
  endfacet
  facet normal -0.857728 -0.514103 2.32312e-07
    outer loop
      vertex 2.26312 1.27547 13.0467
      vertex 2.16182 1.44448 16
      vertex 2.20531 1.37192 12.9167
    endloop
  endfacet
  facet normal -0.85775 -0.514068 -2.53946e-06
    outer loop
      vertex 2.29299 1.22563 13.1017
      vertex 2.16182 1.44448 16
      vertex 2.26312 1.27547 13.0467
    endloop
  endfacet
  facet normal -0.857735 -0.514092 0
    outer loop
      vertex 2.16182 1.44448 16
      vertex 2.29299 1.22563 13.1017
      vertex 2.29299 1.22563 16
    endloop
  endfacet
  facet normal 0.998795 0.0490689 0
    outer loop
      vertex -2.58748 -0.254844 16
      vertex -2.6 0 0
      vertex -2.6 0 16
    endloop
  endfacet
  facet normal 0.998795 0.0490689 0
    outer loop
      vertex -2.6 0 0
      vertex -2.58748 -0.254844 16
      vertex -2.58748 -0.254844 0
    endloop
  endfacet
  facet normal 0.903976 0.427583 0
    outer loop
      vertex -2.29299 -1.22563 16
      vertex -2.40209 -0.994976 0
      vertex -2.40209 -0.994976 16
    endloop
  endfacet
  facet normal 0.903976 0.427583 0
    outer loop
      vertex -2.40209 -0.994976 0
      vertex -2.29299 -1.22563 16
      vertex -2.29299 -1.22563 0
    endloop
  endfacet
  facet normal -0.903975 -0.427585 0
    outer loop
      vertex 2.29299 1.22563 0
      vertex 2.32085 1.16673 10.8333
      vertex 2.29299 1.22563 10.8983
    endloop
  endfacet
  facet normal -0.903979 -0.427578 4.69226e-08
    outer loop
      vertex 2.29299 1.22563 0
      vertex 2.3776 1.04675 10.7245
      vertex 2.32085 1.16673 10.8333
    endloop
  endfacet
  facet normal -0.903976 -0.427583 -0
    outer loop
      vertex 2.40209 0.994976 10.6861
      vertex 2.29299 1.22563 0
      vertex 2.40209 0.994976 0
    endloop
  endfacet
  facet normal -0.903971 -0.427594 -2.78306e-07
    outer loop
      vertex 2.29299 1.22563 0
      vertex 2.40209 0.994976 10.6861
      vertex 2.3776 1.04675 10.7245
    endloop
  endfacet
  facet normal -0.903975 -0.427585 0
    outer loop
      vertex 2.32085 1.16673 13.1667
      vertex 2.29299 1.22563 16
      vertex 2.29299 1.22563 13.1017
    endloop
  endfacet
  facet normal -0.903978 -0.427578 -1.7696e-07
    outer loop
      vertex 2.3776 1.04675 13.2755
      vertex 2.29299 1.22563 16
      vertex 2.32085 1.16673 13.1667
    endloop
  endfacet
  facet normal -0.903971 -0.427593 1.05756e-06
    outer loop
      vertex 2.40209 0.994976 13.3139
      vertex 2.29299 1.22563 16
      vertex 2.3776 1.04675 13.2755
    endloop
  endfacet
  facet normal -0.903976 -0.427583 0
    outer loop
      vertex 2.29299 1.22563 16
      vertex 2.40209 0.994976 13.3139
      vertex 2.40209 0.994976 16
    endloop
  endfacet
  facet normal -0.970028 0.242992 0
    outer loop
      vertex 2.48804 -0.75474 0
      vertex 2.55004 -0.507235 10.4312
      vertex 2.55004 -0.507235 0
    endloop
  endfacet
  facet normal -0.970028 0.242991 1.74113e-08
    outer loop
      vertex 2.55004 -0.507235 10.4312
      vertex 2.48804 -0.75474 0
      vertex 2.51893 -0.631427 10.4756
    endloop
  endfacet
  facet normal -0.970028 0.242993 0
    outer loop
      vertex 2.51893 -0.631427 10.4756
      vertex 2.48804 -0.75474 0
      vertex 2.48804 -0.75474 10.5339
    endloop
  endfacet
  facet normal -0.970028 0.242991 -7.26921e-08
    outer loop
      vertex 2.48804 -0.75474 16
      vertex 2.55004 -0.507235 13.5688
      vertex 2.51893 -0.631427 13.5244
    endloop
  endfacet
  facet normal -0.970028 0.242993 0
    outer loop
      vertex 2.48804 -0.75474 16
      vertex 2.51893 -0.631427 13.5244
      vertex 2.48804 -0.75474 13.4661
    endloop
  endfacet
  facet normal -0.970028 0.242992 0
    outer loop
      vertex 2.55004 -0.507235 13.5688
      vertex 2.48804 -0.75474 16
      vertex 2.55004 -0.507235 16
    endloop
  endfacet
  facet normal 0.514092 -0.857735 0
    outer loop
      vertex -1.44448 2.16182 0
      vertex -1.22563 2.29299 16
      vertex -1.44448 2.16182 16
    endloop
  endfacet
  facet normal 0.514092 -0.857735 0
    outer loop
      vertex -1.22563 2.29299 16
      vertex -1.44448 2.16182 0
      vertex -1.22563 2.29299 0
    endloop
  endfacet
  facet normal 0.970028 0.242992 0
    outer loop
      vertex -2.48804 -0.75474 16
      vertex -2.55004 -0.507235 0
      vertex -2.55004 -0.507235 16
    endloop
  endfacet
  facet normal 0.970028 0.242992 0
    outer loop
      vertex -2.55004 -0.507235 0
      vertex -2.48804 -0.75474 16
      vertex -2.48804 -0.75474 0
    endloop
  endfacet
  facet normal -0.242992 -0.970028 0
    outer loop
      vertex 0.507235 2.55004 0
      vertex 0.75474 2.48804 16
      vertex 0.507235 2.55004 16
    endloop
  endfacet
  facet normal -0.242992 -0.970028 -0
    outer loop
      vertex 0.75474 2.48804 16
      vertex 0.507235 2.55004 0
      vertex 0.75474 2.48804 0
    endloop
  endfacet
  facet normal -0.941554 0.336863 0
    outer loop
      vertex 2.40209 -0.994976 0
      vertex 2.48804 -0.75474 10.5339
      vertex 2.48804 -0.75474 0
    endloop
  endfacet
  facet normal -0.941575 0.336803 1.54825e-06
    outer loop
      vertex 2.48804 -0.75474 10.5339
      vertex 2.40209 -0.994976 0
      vertex 2.47979 -0.777804 10.5448
    endloop
  endfacet
  facet normal -0.941554 0.336863 1.54459e-07
    outer loop
      vertex 2.47979 -0.777804 10.5448
      vertex 2.40209 -0.994976 0
      vertex 2.4301 -0.916691 10.6281
    endloop
  endfacet
  facet normal -0.941547 0.336881 0
    outer loop
      vertex 2.4301 -0.916691 10.6281
      vertex 2.40209 -0.994976 0
      vertex 2.40209 -0.994976 10.6861
    endloop
  endfacet
  facet normal -0.941575 0.336804 -6.22675e-06
    outer loop
      vertex 2.40209 -0.994976 16
      vertex 2.48804 -0.75474 13.4661
      vertex 2.47979 -0.777804 13.4552
    endloop
  endfacet
  facet normal -0.941554 0.336863 -6.16383e-07
    outer loop
      vertex 2.40209 -0.994976 16
      vertex 2.47979 -0.777804 13.4552
      vertex 2.4301 -0.916691 13.3719
    endloop
  endfacet
  facet normal -0.941547 0.336881 0
    outer loop
      vertex 2.40209 -0.994976 16
      vertex 2.4301 -0.916691 13.3719
      vertex 2.40209 -0.994976 13.3139
    endloop
  endfacet
  facet normal -0.941554 0.336863 0
    outer loop
      vertex 2.48804 -0.75474 13.4661
      vertex 2.40209 -0.994976 16
      vertex 2.48804 -0.75474 16
    endloop
  endfacet
  facet normal -0.989176 0.146736 0
    outer loop
      vertex 2.55004 -0.507235 0
      vertex 2.58748 -0.254844 10.3718
      vertex 2.58748 -0.254844 0
    endloop
  endfacet
  facet normal -0.989169 0.146781 -1.11774e-06
    outer loop
      vertex 2.58748 -0.254844 10.3718
      vertex 2.55004 -0.507235 0
      vertex 2.57753 -0.321898 10.3817
    endloop
  endfacet
  facet normal -0.989176 0.146734 -2.67423e-07
    outer loop
      vertex 2.57753 -0.321898 10.3817
      vertex 2.55004 -0.507235 0
      vertex 2.55423 -0.47897 10.421
    endloop
  endfacet
  facet normal -0.98919 0.146637 0
    outer loop
      vertex 2.55423 -0.47897 10.421
      vertex 2.55004 -0.507235 0
      vertex 2.55004 -0.507235 10.4312
    endloop
  endfacet
  facet normal -0.989169 0.14678 4.82952e-06
    outer loop
      vertex 2.55004 -0.507235 16
      vertex 2.58748 -0.254844 13.6282
      vertex 2.57753 -0.321898 13.6183
    endloop
  endfacet
  facet normal -0.989176 0.146734 1.14853e-06
    outer loop
      vertex 2.55004 -0.507235 16
      vertex 2.57753 -0.321898 13.6183
      vertex 2.55423 -0.47897 13.579
    endloop
  endfacet
  facet normal -0.98919 0.146637 0
    outer loop
      vertex 2.55004 -0.507235 16
      vertex 2.55423 -0.47897 13.579
      vertex 2.55004 -0.507235 13.5688
    endloop
  endfacet
  facet normal -0.989176 0.146736 0
    outer loop
      vertex 2.58748 -0.254844 13.6282
      vertex 2.55004 -0.507235 16
      vertex 2.58748 -0.254844 16
    endloop
  endfacet
  facet normal -0.146736 -0.989176 0
    outer loop
      vertex 0.254844 2.58748 0
      vertex 0.507235 2.55004 16
      vertex 0.254844 2.58748 16
    endloop
  endfacet
  facet normal -0.146736 -0.989176 -0
    outer loop
      vertex 0.507235 2.55004 16
      vertex 0.254844 2.58748 0
      vertex 0.507235 2.55004 0
    endloop
  endfacet
  facet normal 0.427583 -0.903976 0
    outer loop
      vertex -1.22563 2.29299 0
      vertex -0.994976 2.40209 16
      vertex -1.22563 2.29299 16
    endloop
  endfacet
  facet normal 0.427583 -0.903976 0
    outer loop
      vertex -0.994976 2.40209 16
      vertex -1.22563 2.29299 0
      vertex -0.994976 2.40209 0
    endloop
  endfacet
  facet normal 0.146736 -0.989176 0
    outer loop
      vertex -0.507235 2.55004 0
      vertex -0.254844 2.58748 16
      vertex -0.507235 2.55004 16
    endloop
  endfacet
  facet normal 0.146736 -0.989176 0
    outer loop
      vertex -0.254844 2.58748 16
      vertex -0.507235 2.55004 0
      vertex -0.254844 2.58748 0
    endloop
  endfacet
  facet normal -0.427583 0.903976 0
    outer loop
      vertex 1.22563 -2.29299 0
      vertex 0.994976 -2.40209 16
      vertex 1.22563 -2.29299 16
    endloop
  endfacet
  facet normal -0.427583 0.903976 0
    outer loop
      vertex 0.994976 -2.40209 16
      vertex 1.22563 -2.29299 0
      vertex 0.994976 -2.40209 0
    endloop
  endfacet
  facet normal 0.67155 -0.740959 0
    outer loop
      vertex -1.83848 1.83848 0
      vertex -1.64942 2.00983 16
      vertex -1.83848 1.83848 16
    endloop
  endfacet
  facet normal 0.67155 -0.740959 0
    outer loop
      vertex -1.64942 2.00983 16
      vertex -1.83848 1.83848 0
      vertex -1.64942 2.00983 0
    endloop
  endfacet
  facet normal -0.857735 0.514092 0
    outer loop
      vertex 2.16182 -1.44448 0
      vertex 2.29299 -1.22563 10.8983
      vertex 2.29299 -1.22563 0
    endloop
  endfacet
  facet normal -0.857751 0.514066 7.1576e-07
    outer loop
      vertex 2.29299 -1.22563 10.8983
      vertex 2.16182 -1.44448 0
      vertex 2.26312 -1.27547 10.9533
    endloop
  endfacet
  facet normal -0.857728 0.514103 -6.60943e-08
    outer loop
      vertex 2.26312 -1.27547 10.9533
      vertex 2.16182 -1.44448 0
      vertex 2.20531 -1.37192 11.0833
    endloop
  endfacet
  facet normal -0.857733 0.514096 0
    outer loop
      vertex 2.20531 -1.37192 11.0833
      vertex 2.16182 -1.44448 0
      vertex 2.16182 -1.44448 11.2044
    endloop
  endfacet
  facet normal -0.85775 0.514068 -2.53946e-06
    outer loop
      vertex 2.16182 -1.44448 16
      vertex 2.29299 -1.22563 13.1017
      vertex 2.26312 -1.27547 13.0467
    endloop
  endfacet
  facet normal -0.857728 0.514103 2.32312e-07
    outer loop
      vertex 2.16182 -1.44448 16
      vertex 2.26312 -1.27547 13.0467
      vertex 2.20531 -1.37192 12.9167
    endloop
  endfacet
  facet normal -0.857733 0.514096 0
    outer loop
      vertex 2.16182 -1.44448 16
      vertex 2.20531 -1.37192 12.9167
      vertex 2.16182 -1.44448 12.7956
    endloop
  endfacet
  facet normal -0.857735 0.514092 0
    outer loop
      vertex 2.29299 -1.22563 13.1017
      vertex 2.16182 -1.44448 16
      vertex 2.29299 -1.22563 16
    endloop
  endfacet
  facet normal 0.59569 -0.803215 0
    outer loop
      vertex -1.64942 2.00983 0
      vertex -1.44448 2.16182 16
      vertex -1.64942 2.00983 16
    endloop
  endfacet
  facet normal 0.59569 -0.803215 0
    outer loop
      vertex -1.44448 2.16182 16
      vertex -1.64942 2.00983 0
      vertex -1.44448 2.16182 0
    endloop
  endfacet
  facet normal -0.903976 0.427583 0
    outer loop
      vertex 2.29299 -1.22563 0
      vertex 2.40209 -0.994976 10.6861
      vertex 2.40209 -0.994976 0
    endloop
  endfacet
  facet normal -0.903971 0.427594 -2.78306e-07
    outer loop
      vertex 2.40209 -0.994976 10.6861
      vertex 2.29299 -1.22563 0
      vertex 2.3776 -1.04675 10.7245
    endloop
  endfacet
  facet normal -0.903979 0.427578 4.69226e-08
    outer loop
      vertex 2.3776 -1.04675 10.7245
      vertex 2.29299 -1.22563 0
      vertex 2.32085 -1.16673 10.8333
    endloop
  endfacet
  facet normal -0.903975 0.427585 0
    outer loop
      vertex 2.32085 -1.16673 10.8333
      vertex 2.29299 -1.22563 0
      vertex 2.29299 -1.22563 10.8983
    endloop
  endfacet
  facet normal -0.903971 0.427593 1.05756e-06
    outer loop
      vertex 2.29299 -1.22563 16
      vertex 2.40209 -0.994976 13.3139
      vertex 2.3776 -1.04675 13.2755
    endloop
  endfacet
  facet normal -0.903978 0.427578 -1.7696e-07
    outer loop
      vertex 2.29299 -1.22563 16
      vertex 2.3776 -1.04675 13.2755
      vertex 2.32085 -1.16673 13.1667
    endloop
  endfacet
  facet normal -0.903975 0.427585 0
    outer loop
      vertex 2.29299 -1.22563 16
      vertex 2.32085 -1.16673 13.1667
      vertex 2.29299 -1.22563 13.1017
    endloop
  endfacet
  facet normal -0.903976 0.427583 0
    outer loop
      vertex 2.40209 -0.994976 13.3139
      vertex 2.29299 -1.22563 16
      vertex 2.40209 -0.994976 16
    endloop
  endfacet
  facet normal -0.998795 0.0490689 0
    outer loop
      vertex 2.58748 -0.254844 0
      vertex 2.6 0 10.35
      vertex 2.6 0 0
    endloop
  endfacet
  facet normal -0.998794 0.0490973 -7.00414e-07
    outer loop
      vertex 2.6 0 10.35
      vertex 2.58748 -0.254844 0
      vertex 2.59205 -0.161728 10.3579
    endloop
  endfacet
  facet normal -0.998798 0.0490196 0
    outer loop
      vertex 2.59205 -0.161728 10.3579
      vertex 2.58748 -0.254844 0
      vertex 2.58748 -0.254844 10.3718
    endloop
  endfacet
  facet normal -0.998794 0.0490973 0
    outer loop
      vertex 2.59205 -0.161728 13.6421
      vertex 2.6 0 16
      vertex 2.6 0 13.65
    endloop
  endfacet
  facet normal -0.998798 0.0490196 0
    outer loop
      vertex 2.58748 -0.254844 16
      vertex 2.59205 -0.161728 13.6421
      vertex 2.58748 -0.254844 13.6282
    endloop
  endfacet
  facet normal -0.998795 0.0490689 1.95345e-06
    outer loop
      vertex 2.59205 -0.161728 13.6421
      vertex 2.58748 -0.254844 16
      vertex 2.6 0 16
    endloop
  endfacet
  facet normal 0.740959 -0.67155 0
    outer loop
      vertex -2.00983 1.64942 16
      vertex -1.83848 1.83848 0
      vertex -1.83848 1.83848 16
    endloop
  endfacet
  facet normal 0.740959 -0.67155 0
    outer loop
      vertex -1.83848 1.83848 0
      vertex -2.00983 1.64942 16
      vertex -2.00983 1.64942 0
    endloop
  endfacet
  facet normal 0.941554 0.336863 0
    outer loop
      vertex -2.40209 -0.994976 16
      vertex -2.48804 -0.75474 0
      vertex -2.48804 -0.75474 16
    endloop
  endfacet
  facet normal 0.941554 0.336863 0
    outer loop
      vertex -2.48804 -0.75474 0
      vertex -2.40209 -0.994976 16
      vertex -2.40209 -0.994976 0
    endloop
  endfacet
  facet normal -0.514092 -0.857735 0
    outer loop
      vertex 1.22563 2.29299 0
      vertex 1.44448 2.16182 16
      vertex 1.22563 2.29299 16
    endloop
  endfacet
  facet normal -0.514092 -0.857735 -0
    outer loop
      vertex 1.44448 2.16182 16
      vertex 1.22563 2.29299 0
      vertex 1.44448 2.16182 0
    endloop
  endfacet
  facet normal -0.59569 -0.803215 0
    outer loop
      vertex 1.44448 2.16182 0
      vertex 1.64942 2.00983 16
      vertex 1.44448 2.16182 16
    endloop
  endfacet
  facet normal -0.59569 -0.803215 -0
    outer loop
      vertex 1.64942 2.00983 16
      vertex 1.44448 2.16182 0
      vertex 1.64942 2.00983 0
    endloop
  endfacet
  facet normal -0.146736 0.989176 0
    outer loop
      vertex 0.507235 -2.55004 0
      vertex 0.254844 -2.58748 16
      vertex 0.507235 -2.55004 16
    endloop
  endfacet
  facet normal -0.146736 0.989176 0
    outer loop
      vertex 0.254844 -2.58748 16
      vertex 0.507235 -2.55004 0
      vertex 0.254844 -2.58748 0
    endloop
  endfacet
  facet normal -0.740959 0.67155 0
    outer loop
      vertex 1.83848 -1.83848 0
      vertex 2.00983 -1.64942 11.9882
      vertex 2.00983 -1.64942 0
    endloop
  endfacet
  facet normal -0.738877 0.67384 -6.58742e-05
    outer loop
      vertex 2.00983 -1.64942 11.9882
      vertex 1.83848 -1.83848 0
      vertex 2.0093 -1.65 12
    endloop
  endfacet
  facet normal -0.739559 0.673092 0.000133262
    outer loop
      vertex 1.83848 -1.83848 16
      vertex 2.00983 -1.64942 12.0118
      vertex 2.0093 -1.65 12
    endloop
  endfacet
  facet normal -0.740967 0.671541 0
    outer loop
      vertex 1.83848 -1.83848 16
      vertex 2.0093 -1.65 12
      vertex 1.83848 -1.83848 0
    endloop
  endfacet
  facet normal -0.740959 0.67155 0
    outer loop
      vertex 2.00983 -1.64942 12.0118
      vertex 1.83848 -1.83848 16
      vertex 2.00983 -1.64942 16
    endloop
  endfacet
  facet normal -0.803215 0.59569 0
    outer loop
      vertex 2.00983 -1.64942 0
      vertex 2.16182 -1.44448 11.2044
      vertex 2.16182 -1.44448 0
    endloop
  endfacet
  facet normal -0.803146 0.595782 -2.61007e-06
    outer loop
      vertex 2.16182 -1.44448 11.2044
      vertex 2.00983 -1.64942 0
      vertex 2.15389 -1.45517 11.2222
    endloop
  endfacet
  facet normal -0.803232 0.595667 4.7754e-07
    outer loop
      vertex 2.15389 -1.45517 11.2222
      vertex 2.00983 -1.64942 0
      vertex 2.10255 -1.5244 11.3686
    endloop
  endfacet
  facet normal -0.803187 0.595726 -5.44329e-07
    outer loop
      vertex 2.10255 -1.5244 11.3686
      vertex 2.00983 -1.64942 0
      vertex 2.06209 -1.57895 11.521
    endloop
  endfacet
  facet normal -0.803246 0.595648 2.01321e-07
    outer loop
      vertex 2.06209 -1.57895 11.521
      vertex 2.00983 -1.64942 0
      vertex 2.03291 -1.6183 11.6781
    endloop
  endfacet
  facet normal -0.803115 0.595824 -5.24525e-07
    outer loop
      vertex 2.03291 -1.6183 11.6781
      vertex 2.00983 -1.64942 0
      vertex 2.01529 -1.64205 11.8383
    endloop
  endfacet
  facet normal -0.803519 0.59528 0
    outer loop
      vertex 2.01529 -1.64205 11.8383
      vertex 2.00983 -1.64942 0
      vertex 2.00983 -1.64942 11.9882
    endloop
  endfacet
  facet normal -0.803151 0.595775 8.49917e-06
    outer loop
      vertex 2.00983 -1.64942 16
      vertex 2.16182 -1.44448 12.7956
      vertex 2.15389 -1.45517 12.7778
    endloop
  endfacet
  facet normal -0.803231 0.595668 -1.52911e-06
    outer loop
      vertex 2.00983 -1.64942 16
      vertex 2.15389 -1.45517 12.7778
      vertex 2.10255 -1.5244 12.6314
    endloop
  endfacet
  facet normal -0.803189 0.595724 1.7156e-06
    outer loop
      vertex 2.00983 -1.64942 16
      vertex 2.10255 -1.5244 12.6314
      vertex 2.06209 -1.57895 12.479
    endloop
  endfacet
  facet normal -0.803245 0.595649 -6.24892e-07
    outer loop
      vertex 2.00983 -1.64942 16
      vertex 2.06209 -1.57895 12.479
      vertex 2.03291 -1.6183 12.3219
    endloop
  endfacet
  facet normal -0.803119 0.595819 1.6038e-06
    outer loop
      vertex 2.00983 -1.64942 16
      vertex 2.03291 -1.6183 12.3219
      vertex 2.01529 -1.64205 12.1617
    endloop
  endfacet
  facet normal -0.803215 0.59569 0
    outer loop
      vertex 2.16182 -1.44448 12.7956
      vertex 2.00983 -1.64942 16
      vertex 2.16182 -1.44448 16
    endloop
  endfacet
  facet normal -0.803519 0.59528 0
    outer loop
      vertex 2.00983 -1.64942 16
      vertex 2.01529 -1.64205 12.1617
      vertex 2.00983 -1.64942 12.0118
    endloop
  endfacet
  facet normal -0.242992 0.970028 0
    outer loop
      vertex 0.75474 -2.48804 0
      vertex 0.507235 -2.55004 16
      vertex 0.75474 -2.48804 16
    endloop
  endfacet
  facet normal -0.242992 0.970028 0
    outer loop
      vertex 0.507235 -2.55004 16
      vertex 0.75474 -2.48804 0
      vertex 0.507235 -2.55004 0
    endloop
  endfacet
  facet normal 0.242992 -0.970028 0
    outer loop
      vertex -0.75474 2.48804 0
      vertex -0.507235 2.55004 16
      vertex -0.75474 2.48804 16
    endloop
  endfacet
  facet normal 0.242992 -0.970028 0
    outer loop
      vertex -0.507235 2.55004 16
      vertex -0.75474 2.48804 0
      vertex -0.507235 2.55004 0
    endloop
  endfacet
  facet normal -0.803519 -0.59528 0
    outer loop
      vertex 2.00983 1.64942 0
      vertex 2.01529 1.64205 11.8383
      vertex 2.00983 1.64942 11.9882
    endloop
  endfacet
  facet normal -0.803115 -0.595824 -5.24525e-07
    outer loop
      vertex 2.00983 1.64942 0
      vertex 2.03291 1.6183 11.6781
      vertex 2.01529 1.64205 11.8383
    endloop
  endfacet
  facet normal -0.803246 -0.595648 2.01321e-07
    outer loop
      vertex 2.00983 1.64942 0
      vertex 2.06209 1.57895 11.521
      vertex 2.03291 1.6183 11.6781
    endloop
  endfacet
  facet normal -0.803187 -0.595726 -5.44329e-07
    outer loop
      vertex 2.00983 1.64942 0
      vertex 2.10255 1.5244 11.3686
      vertex 2.06209 1.57895 11.521
    endloop
  endfacet
  facet normal -0.803232 -0.595667 4.7754e-07
    outer loop
      vertex 2.00983 1.64942 0
      vertex 2.15389 1.45517 11.2222
      vertex 2.10255 1.5244 11.3686
    endloop
  endfacet
  facet normal -0.803215 -0.59569 -0
    outer loop
      vertex 2.16182 1.44448 11.2044
      vertex 2.00983 1.64942 0
      vertex 2.16182 1.44448 0
    endloop
  endfacet
  facet normal -0.803146 -0.595782 -2.61007e-06
    outer loop
      vertex 2.00983 1.64942 0
      vertex 2.16182 1.44448 11.2044
      vertex 2.15389 1.45517 11.2222
    endloop
  endfacet
  facet normal -0.803519 -0.59528 0
    outer loop
      vertex 2.01529 1.64205 12.1617
      vertex 2.00983 1.64942 16
      vertex 2.00983 1.64942 12.0118
    endloop
  endfacet
  facet normal -0.803119 -0.595819 1.6038e-06
    outer loop
      vertex 2.03291 1.6183 12.3219
      vertex 2.00983 1.64942 16
      vertex 2.01529 1.64205 12.1617
    endloop
  endfacet
  facet normal -0.803245 -0.595649 -6.24892e-07
    outer loop
      vertex 2.06209 1.57895 12.479
      vertex 2.00983 1.64942 16
      vertex 2.03291 1.6183 12.3219
    endloop
  endfacet
  facet normal -0.803189 -0.595724 1.7156e-06
    outer loop
      vertex 2.10255 1.5244 12.6314
      vertex 2.00983 1.64942 16
      vertex 2.06209 1.57895 12.479
    endloop
  endfacet
  facet normal -0.803231 -0.595668 -1.52911e-06
    outer loop
      vertex 2.15389 1.45517 12.7778
      vertex 2.00983 1.64942 16
      vertex 2.10255 1.5244 12.6314
    endloop
  endfacet
  facet normal -0.803151 -0.595775 8.49917e-06
    outer loop
      vertex 2.16182 1.44448 12.7956
      vertex 2.00983 1.64942 16
      vertex 2.15389 1.45517 12.7778
    endloop
  endfacet
  facet normal -0.803215 -0.59569 0
    outer loop
      vertex 2.00983 1.64942 16
      vertex 2.16182 1.44448 12.7956
      vertex 2.16182 1.44448 16
    endloop
  endfacet
  facet normal -0.0490689 -0.998795 0
    outer loop
      vertex 0 2.6 0
      vertex 0.254844 2.58748 16
      vertex 0 2.6 16
    endloop
  endfacet
  facet normal -0.0490689 -0.998795 -0
    outer loop
      vertex 0.254844 2.58748 16
      vertex 0 2.6 0
      vertex 0.254844 2.58748 0
    endloop
  endfacet
  facet normal 0.857735 -0.514092 0
    outer loop
      vertex -2.29299 1.22563 16
      vertex -2.16182 1.44448 0
      vertex -2.16182 1.44448 16
    endloop
  endfacet
  facet normal 0.857735 -0.514092 0
    outer loop
      vertex -2.16182 1.44448 0
      vertex -2.29299 1.22563 16
      vertex -2.29299 1.22563 0
    endloop
  endfacet
  facet normal -0.427583 -0.903976 0
    outer loop
      vertex 0.994976 2.40209 0
      vertex 1.22563 2.29299 16
      vertex 0.994976 2.40209 16
    endloop
  endfacet
  facet normal -0.427583 -0.903976 -0
    outer loop
      vertex 1.22563 2.29299 16
      vertex 0.994976 2.40209 0
      vertex 1.22563 2.29299 0
    endloop
  endfacet
  facet normal 0.857735 0.514092 0
    outer loop
      vertex -2.16182 -1.44448 16
      vertex -2.29299 -1.22563 0
      vertex -2.29299 -1.22563 16
    endloop
  endfacet
  facet normal 0.857735 0.514092 0
    outer loop
      vertex -2.29299 -1.22563 0
      vertex -2.16182 -1.44448 16
      vertex -2.16182 -1.44448 0
    endloop
  endfacet
  facet normal 0.427583 0.903976 -0
    outer loop
      vertex -0.994976 -2.40209 0
      vertex -1.22563 -2.29299 16
      vertex -0.994976 -2.40209 16
    endloop
  endfacet
  facet normal 0.427583 0.903976 0
    outer loop
      vertex -1.22563 -2.29299 16
      vertex -0.994976 -2.40209 0
      vertex -1.22563 -2.29299 0
    endloop
  endfacet
  facet normal 0.740959 0.67155 0
    outer loop
      vertex -1.83848 -1.83848 16
      vertex -2.00983 -1.64942 0
      vertex -2.00983 -1.64942 16
    endloop
  endfacet
  facet normal 0.740959 0.67155 0
    outer loop
      vertex -2.00983 -1.64942 0
      vertex -1.83848 -1.83848 16
      vertex -1.83848 -1.83848 0
    endloop
  endfacet
  facet normal 0.336863 -0.941554 0
    outer loop
      vertex -0.994976 2.40209 0
      vertex -0.75474 2.48804 16
      vertex -0.994976 2.40209 16
    endloop
  endfacet
  facet normal 0.336863 -0.941554 0
    outer loop
      vertex -0.75474 2.48804 16
      vertex -0.994976 2.40209 0
      vertex -0.75474 2.48804 0
    endloop
  endfacet
  facet normal 0.514092 0.857735 -0
    outer loop
      vertex -1.22563 -2.29299 0
      vertex -1.44448 -2.16182 16
      vertex -1.22563 -2.29299 16
    endloop
  endfacet
  facet normal 0.514092 0.857735 0
    outer loop
      vertex -1.44448 -2.16182 16
      vertex -1.22563 -2.29299 0
      vertex -1.44448 -2.16182 0
    endloop
  endfacet
  facet normal -0.59569 0.803215 0
    outer loop
      vertex 1.64942 -2.00983 0
      vertex 1.44448 -2.16182 16
      vertex 1.64942 -2.00983 16
    endloop
  endfacet
  facet normal -0.59569 0.803215 0
    outer loop
      vertex 1.44448 -2.16182 16
      vertex 1.64942 -2.00983 0
      vertex 1.44448 -2.16182 0
    endloop
  endfacet
  facet normal 0.0490689 -0.998795 0
    outer loop
      vertex -0.254844 2.58748 0
      vertex 0 2.6 16
      vertex -0.254844 2.58748 16
    endloop
  endfacet
  facet normal 0.0490689 -0.998795 0
    outer loop
      vertex 0 2.6 16
      vertex -0.254844 2.58748 0
      vertex 0 2.6 0
    endloop
  endfacet
  facet normal 0.941554 -0.336863 0
    outer loop
      vertex -2.48804 0.75474 16
      vertex -2.40209 0.994976 0
      vertex -2.40209 0.994976 16
    endloop
  endfacet
  facet normal 0.941554 -0.336863 0
    outer loop
      vertex -2.40209 0.994976 0
      vertex -2.48804 0.75474 16
      vertex -2.48804 0.75474 0
    endloop
  endfacet
  facet normal 0.989176 0.146736 0
    outer loop
      vertex -2.55004 -0.507235 16
      vertex -2.58748 -0.254844 0
      vertex -2.58748 -0.254844 16
    endloop
  endfacet
  facet normal 0.989176 0.146736 0
    outer loop
      vertex -2.58748 -0.254844 0
      vertex -2.55004 -0.507235 16
      vertex -2.55004 -0.507235 0
    endloop
  endfacet
  facet normal -0.336863 -0.941554 0
    outer loop
      vertex 0.75474 2.48804 0
      vertex 0.994976 2.40209 16
      vertex 0.75474 2.48804 16
    endloop
  endfacet
  facet normal -0.336863 -0.941554 -0
    outer loop
      vertex 0.994976 2.40209 16
      vertex 0.75474 2.48804 0
      vertex 0.994976 2.40209 0
    endloop
  endfacet
  facet normal 0.803215 0.59569 0
    outer loop
      vertex -2.00983 -1.64942 16
      vertex -2.16182 -1.44448 0
      vertex -2.16182 -1.44448 16
    endloop
  endfacet
  facet normal 0.803215 0.59569 0
    outer loop
      vertex -2.16182 -1.44448 0
      vertex -2.00983 -1.64942 16
      vertex -2.00983 -1.64942 0
    endloop
  endfacet
  facet normal 0.970028 -0.242992 0
    outer loop
      vertex -2.55004 0.507235 16
      vertex -2.48804 0.75474 0
      vertex -2.48804 0.75474 16
    endloop
  endfacet
  facet normal 0.970028 -0.242992 0
    outer loop
      vertex -2.48804 0.75474 0
      vertex -2.55004 0.507235 16
      vertex -2.55004 0.507235 0
    endloop
  endfacet
  facet normal 0.903976 -0.427583 0
    outer loop
      vertex -2.40209 0.994976 16
      vertex -2.29299 1.22563 0
      vertex -2.29299 1.22563 16
    endloop
  endfacet
  facet normal 0.903976 -0.427583 0
    outer loop
      vertex -2.29299 1.22563 0
      vertex -2.40209 0.994976 16
      vertex -2.40209 0.994976 0
    endloop
  endfacet
  facet normal -0.514092 0.857735 0
    outer loop
      vertex 1.44448 -2.16182 0
      vertex 1.22563 -2.29299 16
      vertex 1.44448 -2.16182 16
    endloop
  endfacet
  facet normal -0.514092 0.857735 0
    outer loop
      vertex 1.22563 -2.29299 16
      vertex 1.44448 -2.16182 0
      vertex 1.22563 -2.29299 0
    endloop
  endfacet
  facet normal 0.67155 0.740959 -0
    outer loop
      vertex -1.64942 -2.00983 0
      vertex -1.83848 -1.83848 16
      vertex -1.64942 -2.00983 16
    endloop
  endfacet
  facet normal 0.67155 0.740959 0
    outer loop
      vertex -1.83848 -1.83848 16
      vertex -1.64942 -2.00983 0
      vertex -1.83848 -1.83848 0
    endloop
  endfacet
  facet normal 0.803215 -0.59569 0
    outer loop
      vertex -2.16182 1.44448 16
      vertex -2.00983 1.64942 0
      vertex -2.00983 1.64942 16
    endloop
  endfacet
  facet normal 0.803215 -0.59569 0
    outer loop
      vertex -2.00983 1.64942 0
      vertex -2.16182 1.44448 16
      vertex -2.16182 1.44448 0
    endloop
  endfacet
  facet normal 0.0490689 0.998795 -0
    outer loop
      vertex 0 -2.6 0
      vertex -0.254844 -2.58748 16
      vertex 0 -2.6 16
    endloop
  endfacet
  facet normal 0.0490689 0.998795 0
    outer loop
      vertex -0.254844 -2.58748 16
      vertex 0 -2.6 0
      vertex -0.254844 -2.58748 0
    endloop
  endfacet
  facet normal 0.146736 0.989176 -0
    outer loop
      vertex -0.254844 -2.58748 0
      vertex -0.507235 -2.55004 16
      vertex -0.254844 -2.58748 16
    endloop
  endfacet
  facet normal 0.146736 0.989176 0
    outer loop
      vertex -0.507235 -2.55004 16
      vertex -0.254844 -2.58748 0
      vertex -0.507235 -2.55004 0
    endloop
  endfacet
  facet normal 0.989176 -0.146736 0
    outer loop
      vertex -2.58748 0.254844 16
      vertex -2.55004 0.507235 0
      vertex -2.55004 0.507235 16
    endloop
  endfacet
  facet normal 0.989176 -0.146736 0
    outer loop
      vertex -2.55004 0.507235 0
      vertex -2.58748 0.254844 16
      vertex -2.58748 0.254844 0
    endloop
  endfacet
  facet normal 0.998795 -0.0490689 0
    outer loop
      vertex -2.6 0 16
      vertex -2.58748 0.254844 0
      vertex -2.58748 0.254844 16
    endloop
  endfacet
  facet normal 0.998795 -0.0490689 0
    outer loop
      vertex -2.58748 0.254844 0
      vertex -2.6 0 16
      vertex -2.6 0 0
    endloop
  endfacet
  facet normal 0.336863 0.941554 -0
    outer loop
      vertex -0.75474 -2.48804 0
      vertex -0.994976 -2.40209 16
      vertex -0.75474 -2.48804 16
    endloop
  endfacet
  facet normal 0.336863 0.941554 0
    outer loop
      vertex -0.994976 -2.40209 16
      vertex -0.75474 -2.48804 0
      vertex -0.994976 -2.40209 0
    endloop
  endfacet
  facet normal -0.67155 0.740959 0
    outer loop
      vertex 1.83848 -1.83848 0
      vertex 1.64942 -2.00983 16
      vertex 1.83848 -1.83848 16
    endloop
  endfacet
  facet normal -0.67155 0.740959 0
    outer loop
      vertex 1.64942 -2.00983 16
      vertex 1.83848 -1.83848 0
      vertex 1.64942 -2.00983 0
    endloop
  endfacet
  facet normal 0 -0.242722 0.970096
    outer loop
      vertex 4.5 0.47897 10.421
      vertex 2.57753 0.321898 10.3817
      vertex 4.5 0.321898 10.3817
    endloop
  endfacet
  facet normal 0 -0.242722 0.970096
    outer loop
      vertex 2.57753 0.321898 10.3817
      vertex 4.5 0.47897 10.421
      vertex 2.55423 0.47897 10.421
    endloop
  endfacet
  facet normal 0 -0.242722 0.970096
    outer loop
      vertex 7.1 0.321898 10.3817
      vertex 7.97647 0.47897 10.421
      vertex 7.1 0.47897 10.421
    endloop
  endfacet
  facet normal 0 -0.242722 0.970096
    outer loop
      vertex 7.97647 0.47897 10.421
      vertex 7.1 0.321898 10.3817
      vertex 7.98419 0.321898 10.3817
    endloop
  endfacet
  facet normal -0 0.904018 0.427494
    outer loop
      vertex 2.15389 -1.45517 11.2222
      vertex 4.5 -1.5244 11.3686
      vertex 4.5 -1.45517 11.2222
    endloop
  endfacet
  facet normal 0 0.904018 0.427494
    outer loop
      vertex 4.5 -1.5244 11.3686
      vertex 2.15389 -1.45517 11.2222
      vertex 2.10255 -1.5244 11.3686
    endloop
  endfacet
  facet normal -0 0.904018 0.427494
    outer loop
      vertex 7.1 -1.45517 11.2222
      vertex 7.85167 -1.5244 11.3686
      vertex 7.86194 -1.45517 11.2222
    endloop
  endfacet
  facet normal 0 0.904018 0.427494
    outer loop
      vertex 7.85167 -1.5244 11.3686
      vertex 7.1 -1.45517 11.2222
      vertex 7.1 -1.5244 11.3686
    endloop
  endfacet
  facet normal 0 0.94144 0.33718
    outer loop
      vertex 7.84628 -1.56072 11.4701
      vertex 7.1 -1.57895 11.521
      vertex 7.84172 -1.57895 11.521
    endloop
  endfacet
  facet normal -0 0.941536 0.336912
    outer loop
      vertex 7.1 -1.5244 11.3686
      vertex 7.84628 -1.56072 11.4701
      vertex 7.85167 -1.5244 11.3686
    endloop
  endfacet
  facet normal -1.3717e-05 0.941504 0.337002
    outer loop
      vertex 7.84628 -1.56072 11.4701
      vertex 7.1 -1.5244 11.3686
      vertex 7.1 -1.57895 11.521
    endloop
  endfacet
  facet normal -0 0.941504 0.337002
    outer loop
      vertex 2.10255 -1.5244 11.3686
      vertex 4.5 -1.57895 11.521
      vertex 4.5 -1.5244 11.3686
    endloop
  endfacet
  facet normal 0 0.941504 0.337002
    outer loop
      vertex 4.5 -1.57895 11.521
      vertex 2.10255 -1.5244 11.3686
      vertex 2.06209 -1.57895 11.521
    endloop
  endfacet
  facet normal 0 -0.94144 0.33718
    outer loop
      vertex 7.1 1.57895 11.521
      vertex 7.84628 1.56072 11.4701
      vertex 7.84172 1.57895 11.521
    endloop
  endfacet
  facet normal -1.3717e-05 -0.941504 0.337002
    outer loop
      vertex 7.1 1.5244 11.3686
      vertex 7.84628 1.56072 11.4701
      vertex 7.1 1.57895 11.521
    endloop
  endfacet
  facet normal 0 -0.941536 0.336912
    outer loop
      vertex 7.84628 1.56072 11.4701
      vertex 7.1 1.5244 11.3686
      vertex 7.85167 1.5244 11.3686
    endloop
  endfacet
  facet normal 0 -0.941504 0.337002
    outer loop
      vertex 2.10255 1.5244 11.3686
      vertex 4.5 1.57895 11.521
      vertex 2.06209 1.57895 11.521
    endloop
  endfacet
  facet normal 0 -0.941504 0.337002
    outer loop
      vertex 4.5 1.57895 11.521
      vertex 2.10255 1.5244 11.3686
      vertex 4.5 1.5244 11.3686
    endloop
  endfacet
  facet normal 0 -0.595467 0.80338
    outer loop
      vertex 4.5 1.04675 10.7245
      vertex 2.4301 0.916691 10.6281
      vertex 4.5 0.916691 10.6281
    endloop
  endfacet
  facet normal -1.57708e-05 -0.595305 0.8035
    outer loop
      vertex 4.5 1.04675 10.7245
      vertex 2.40209 0.994976 10.6861
      vertex 2.4301 0.916691 10.6281
    endloop
  endfacet
  facet normal 0 -0.595717 0.803194
    outer loop
      vertex 2.40209 0.994976 10.6861
      vertex 4.5 1.04675 10.7245
      vertex 2.3776 1.04675 10.7245
    endloop
  endfacet
  facet normal 0 -0.595467 0.80338
    outer loop
      vertex 7.1 0.916691 10.6281
      vertex 7.92252 1.04675 10.7245
      vertex 7.1 1.04675 10.7245
    endloop
  endfacet
  facet normal 0 -0.595467 0.80338
    outer loop
      vertex 7.92252 1.04675 10.7245
      vertex 7.1 0.916691 10.6281
      vertex 7.94181 0.916691 10.6281
    endloop
  endfacet
  facet normal -0 0.989189 0.146649
    outer loop
      vertex 2.03291 -1.6183 11.6781
      vertex 4.5 -1.64205 11.8383
      vertex 4.5 -1.6183 11.6781
    endloop
  endfacet
  facet normal 0 0.989189 0.146649
    outer loop
      vertex 4.5 -1.64205 11.8383
      vertex 2.03291 -1.6183 11.6781
      vertex 2.01529 -1.64205 11.8383
    endloop
  endfacet
  facet normal -0 0.989189 0.146649
    outer loop
      vertex 7.1 -1.6183 11.6781
      vertex 7.82591 -1.64205 11.8383
      vertex 7.83186 -1.6183 11.6781
    endloop
  endfacet
  facet normal 0 0.989189 0.146649
    outer loop
      vertex 7.82591 -1.64205 11.8383
      vertex 7.1 -1.6183 11.6781
      vertex 7.1 -1.64205 11.8383
    endloop
  endfacet
  facet normal 0 -0.0487893 0.998809
    outer loop
      vertex 4.5 0.161728 10.3579
      vertex 2.6 0 10.35
      vertex 4.5 0 10.35
    endloop
  endfacet
  facet normal 0 -0.0487893 0.998809
    outer loop
      vertex 2.6 0 10.35
      vertex 4.5 0.161728 10.3579
      vertex 2.59205 0.161728 10.3579
    endloop
  endfacet
  facet normal 0 -0.0487893 0.998809
    outer loop
      vertex 7.1 0 10.35
      vertex 7.99205 0.161728 10.3579
      vertex 7.1 0.161728 10.3579
    endloop
  endfacet
  facet normal 0 -0.0487893 0.998809
    outer loop
      vertex 7.99205 0.161728 10.3579
      vertex 7.1 0 10.35
      vertex 8 0 10.35
    endloop
  endfacet
  facet normal 0 0.998794 -0.0491058
    outer loop
      vertex 4.5 -1.65 12
      vertex 2.01529 -1.64205 12.1617
      vertex 4.5 -1.64205 12.1617
    endloop
  endfacet
  facet normal -6.42069e-08 0.998794 -0.0491068
    outer loop
      vertex 2.01529 -1.64205 12.1617
      vertex 4.5 -1.65 12
      vertex 2.00983 -1.64942 12.0118
    endloop
  endfacet
  facet normal 0 0.998794 -0.0490933
    outer loop
      vertex 2.00983 -1.64942 12.0118
      vertex 4.5 -1.65 12
      vertex 2.0093 -1.65 12
    endloop
  endfacet
  facet normal 0 0.998794 -0.0491058
    outer loop
      vertex 7.82392 -1.65 12
      vertex 7.1 -1.64205 12.1617
      vertex 7.82591 -1.64205 12.1617
    endloop
  endfacet
  facet normal 0 0.998794 -0.0491058
    outer loop
      vertex 7.1 -1.64205 12.1617
      vertex 7.82392 -1.65 12
      vertex 7.1 -1.65 12
    endloop
  endfacet
  facet normal 0 -0.427398 0.904064
    outer loop
      vertex 4.5 0.777804 10.5448
      vertex 2.51893 0.631427 10.4756
      vertex 4.5 0.631427 10.4756
    endloop
  endfacet
  facet normal 1.88758e-06 -0.427419 0.904054
    outer loop
      vertex 4.5 0.777804 10.5448
      vertex 2.48804 0.75474 10.5339
      vertex 2.51893 0.631427 10.4756
    endloop
  endfacet
  facet normal 0 -0.427284 0.904117
    outer loop
      vertex 2.48804 0.75474 10.5339
      vertex 4.5 0.777804 10.5448
      vertex 2.47979 0.777804 10.5448
    endloop
  endfacet
  facet normal 0 -0.427398 0.904064
    outer loop
      vertex 7.1 0.631427 10.4756
      vertex 7.96179 0.777804 10.5448
      vertex 7.1 0.777804 10.5448
    endloop
  endfacet
  facet normal 0 -0.427398 0.904064
    outer loop
      vertex 7.96179 0.777804 10.5448
      vertex 7.1 0.631427 10.4756
      vertex 7.96898 0.631427 10.4756
    endloop
  endfacet
  facet normal 0 -0.85728 0.51485
    outer loop
      vertex 2.16182 1.44448 11.2044
      vertex 4.5 1.45517 11.2222
      vertex 2.15389 1.45517 11.2222
    endloop
  endfacet
  facet normal 9.03642e-06 -0.857804 0.513977
    outer loop
      vertex 2.20531 1.37192 11.0833
      vertex 4.5 1.45517 11.2222
      vertex 2.16182 1.44448 11.2044
    endloop
  endfacet
  facet normal 0 -0.857738 0.514087
    outer loop
      vertex 4.5 1.45517 11.2222
      vertex 2.20531 1.37192 11.0833
      vertex 4.5 1.37192 11.0833
    endloop
  endfacet
  facet normal 0 -0.857738 0.514087
    outer loop
      vertex 7.1 1.37192 11.0833
      vertex 7.86194 1.45517 11.2222
      vertex 7.1 1.45517 11.2222
    endloop
  endfacet
  facet normal 0 -0.857738 0.514087
    outer loop
      vertex 7.86194 1.45517 11.2222
      vertex 7.1 1.37192 11.0833
      vertex 7.87429 1.37192 11.0833
    endloop
  endfacet
  facet normal 0 0.989189 -0.146649
    outer loop
      vertex 4.5 -1.64205 12.1617
      vertex 2.03291 -1.6183 12.3219
      vertex 4.5 -1.6183 12.3219
    endloop
  endfacet
  facet normal 0 0.989189 -0.146649
    outer loop
      vertex 2.03291 -1.6183 12.3219
      vertex 4.5 -1.64205 12.1617
      vertex 2.01529 -1.64205 12.1617
    endloop
  endfacet
  facet normal 0 0.989189 -0.146649
    outer loop
      vertex 7.82591 -1.64205 12.1617
      vertex 7.1 -1.6183 12.3219
      vertex 7.83186 -1.6183 12.3219
    endloop
  endfacet
  facet normal 0 0.989189 -0.146649
    outer loop
      vertex 7.1 -1.6183 12.3219
      vertex 7.82591 -1.64205 12.1617
      vertex 7.1 -1.64205 12.1617
    endloop
  endfacet
  facet normal 0 -0.595467 -0.80338
    outer loop
      vertex 2.4301 0.916691 13.3719
      vertex 4.5 1.04675 13.2755
      vertex 4.5 0.916691 13.3719
    endloop
  endfacet
  facet normal -1.57708e-05 -0.595305 -0.8035
    outer loop
      vertex 2.40209 0.994976 13.3139
      vertex 4.5 1.04675 13.2755
      vertex 2.4301 0.916691 13.3719
    endloop
  endfacet
  facet normal -0 -0.595717 -0.803194
    outer loop
      vertex 4.5 1.04675 13.2755
      vertex 2.40209 0.994976 13.3139
      vertex 2.3776 1.04675 13.2755
    endloop
  endfacet
  facet normal 0 -0.595467 -0.80338
    outer loop
      vertex 7.1 0.916691 13.3719
      vertex 7.92252 1.04675 13.2755
      vertex 7.94181 0.916691 13.3719
    endloop
  endfacet
  facet normal -0 -0.595467 -0.80338
    outer loop
      vertex 7.92252 1.04675 13.2755
      vertex 7.1 0.916691 13.3719
      vertex 7.1 1.04675 13.2755
    endloop
  endfacet
  facet normal 0 -0.146978 -0.98914
    outer loop
      vertex 2.59205 0.161728 13.6421
      vertex 4.5 0.321898 13.6183
      vertex 4.5 0.161728 13.6421
    endloop
  endfacet
  facet normal 5.65629e-05 -0.147638 -0.989042
    outer loop
      vertex 2.58748 0.254844 13.6282
      vertex 4.5 0.321898 13.6183
      vertex 2.59205 0.161728 13.6421
    endloop
  endfacet
  facet normal -0 -0.146059 -0.989276
    outer loop
      vertex 4.5 0.321898 13.6183
      vertex 2.58748 0.254844 13.6282
      vertex 2.57753 0.321898 13.6183
    endloop
  endfacet
  facet normal 0 -0.146978 -0.98914
    outer loop
      vertex 7.1 0.161728 13.6421
      vertex 7.98419 0.321898 13.6183
      vertex 7.99205 0.161728 13.6421
    endloop
  endfacet
  facet normal -0 -0.146978 -0.98914
    outer loop
      vertex 7.98419 0.321898 13.6183
      vertex 7.1 0.161728 13.6421
      vertex 7.1 0.321898 13.6183
    endloop
  endfacet
  facet normal 0 0.741018 -0.671486
    outer loop
      vertex 4.5 -1.27547 13.0467
      vertex 2.32085 -1.16673 13.1667
      vertex 4.5 -1.16673 13.1667
    endloop
  endfacet
  facet normal 5.11092e-07 0.741022 -0.67148
    outer loop
      vertex 2.32085 -1.16673 13.1667
      vertex 4.5 -1.27547 13.0467
      vertex 2.29299 -1.22563 13.1017
    endloop
  endfacet
  facet normal 0 0.741012 -0.671492
    outer loop
      vertex 2.29299 -1.22563 13.1017
      vertex 4.5 -1.27547 13.0467
      vertex 2.26312 -1.27547 13.0467
    endloop
  endfacet
  facet normal 0 0.741018 -0.671486
    outer loop
      vertex 7.8886 -1.27547 13.0467
      vertex 7.1 -1.16673 13.1667
      vertex 7.90473 -1.16673 13.1667
    endloop
  endfacet
  facet normal 0 0.741018 -0.671486
    outer loop
      vertex 7.1 -1.16673 13.1667
      vertex 7.8886 -1.27547 13.0467
      vertex 7.1 -1.27547 13.0467
    endloop
  endfacet
  facet normal 0 0.337164 -0.941446
    outer loop
      vertex 4.5 -0.631427 13.5244
      vertex 2.55423 -0.47897 13.579
      vertex 4.5 -0.47897 13.579
    endloop
  endfacet
  facet normal 0.000199374 0.339418 -0.940636
    outer loop
      vertex 4.5 -0.631427 13.5244
      vertex 2.55004 -0.507235 13.5688
      vertex 2.55423 -0.47897 13.579
    endloop
  endfacet
  facet normal 0 0.336644 -0.941632
    outer loop
      vertex 2.55004 -0.507235 13.5688
      vertex 4.5 -0.631427 13.5244
      vertex 2.51893 -0.631427 13.5244
    endloop
  endfacet
  facet normal 0 0.337164 -0.941446
    outer loop
      vertex 7.1 -0.47897 13.579
      vertex 7.96898 -0.631427 13.5244
      vertex 7.1 -0.631427 13.5244
    endloop
  endfacet
  facet normal 0 0.337164 -0.941446
    outer loop
      vertex 7.96898 -0.631427 13.5244
      vertex 7.1 -0.47897 13.579
      vertex 7.97647 -0.47897 13.579
    endloop
  endfacet
  facet normal 0 0.85728 0.51485
    outer loop
      vertex 4.5 -1.45517 11.2222
      vertex 2.16182 -1.44448 11.2044
      vertex 2.15389 -1.45517 11.2222
    endloop
  endfacet
  facet normal -0 0.857738 0.514087
    outer loop
      vertex 2.20531 -1.37192 11.0833
      vertex 4.5 -1.45517 11.2222
      vertex 4.5 -1.37192 11.0833
    endloop
  endfacet
  facet normal 9.03642e-06 0.857804 0.513977
    outer loop
      vertex 4.5 -1.45517 11.2222
      vertex 2.20531 -1.37192 11.0833
      vertex 2.16182 -1.44448 11.2044
    endloop
  endfacet
  facet normal -0 0.857738 0.514087
    outer loop
      vertex 7.1 -1.37192 11.0833
      vertex 7.86194 -1.45517 11.2222
      vertex 7.87429 -1.37192 11.0833
    endloop
  endfacet
  facet normal 0 0.857738 0.514087
    outer loop
      vertex 7.86194 -1.45517 11.2222
      vertex 7.1 -1.37192 11.0833
      vertex 7.1 -1.45517 11.2222
    endloop
  endfacet
  facet normal 0 0.941536 -0.336912
    outer loop
      vertex 7.84628 -1.56072 12.5299
      vertex 7.1 -1.5244 12.6314
      vertex 7.85167 -1.5244 12.6314
    endloop
  endfacet
  facet normal 0 0.94144 -0.33718
    outer loop
      vertex 7.1 -1.57895 12.479
      vertex 7.84628 -1.56072 12.5299
      vertex 7.84172 -1.57895 12.479
    endloop
  endfacet
  facet normal -1.3717e-05 0.941504 -0.337002
    outer loop
      vertex 7.84628 -1.56072 12.5299
      vertex 7.1 -1.57895 12.479
      vertex 7.1 -1.5244 12.6314
    endloop
  endfacet
  facet normal 0 0.941504 -0.337002
    outer loop
      vertex 4.5 -1.57895 12.479
      vertex 2.10255 -1.5244 12.6314
      vertex 4.5 -1.5244 12.6314
    endloop
  endfacet
  facet normal 0 0.941504 -0.337002
    outer loop
      vertex 2.10255 -1.5244 12.6314
      vertex 4.5 -1.57895 12.479
      vertex 2.06209 -1.57895 12.479
    endloop
  endfacet
  facet normal -0 0.67175 0.740778
    outer loop
      vertex 2.3776 -1.04675 10.7245
      vertex 4.5 -1.16673 10.8333
      vertex 4.5 -1.04675 10.7245
    endloop
  endfacet
  facet normal 0 0.67175 0.740778
    outer loop
      vertex 4.5 -1.16673 10.8333
      vertex 2.3776 -1.04675 10.7245
      vertex 2.32085 -1.16673 10.8333
    endloop
  endfacet
  facet normal -0 0.67175 0.740778
    outer loop
      vertex 7.1 -1.04675 10.7245
      vertex 7.90473 -1.16673 10.8333
      vertex 7.92252 -1.04675 10.7245
    endloop
  endfacet
  facet normal 0 0.67175 0.740778
    outer loop
      vertex 7.90473 -1.16673 10.8333
      vertex 7.1 -1.04675 10.7245
      vertex 7.1 -1.16673 10.8333
    endloop
  endfacet
  facet normal 0 -0.337164 -0.941446
    outer loop
      vertex 2.55423 0.47897 13.579
      vertex 4.5 0.631427 13.5244
      vertex 4.5 0.47897 13.579
    endloop
  endfacet
  facet normal 0.000199374 -0.339418 -0.940636
    outer loop
      vertex 2.55004 0.507235 13.5688
      vertex 4.5 0.631427 13.5244
      vertex 2.55423 0.47897 13.579
    endloop
  endfacet
  facet normal -0 -0.336644 -0.941632
    outer loop
      vertex 4.5 0.631427 13.5244
      vertex 2.55004 0.507235 13.5688
      vertex 2.51893 0.631427 13.5244
    endloop
  endfacet
  facet normal 0 -0.337164 -0.941446
    outer loop
      vertex 7.1 0.47897 13.579
      vertex 7.96898 0.631427 13.5244
      vertex 7.97647 0.47897 13.579
    endloop
  endfacet
  facet normal -0 -0.337164 -0.941446
    outer loop
      vertex 7.96898 0.631427 13.5244
      vertex 7.1 0.47897 13.579
      vertex 7.1 0.631427 13.5244
    endloop
  endfacet
  facet normal 0 0.803103 -0.59584
    outer loop
      vertex 4.5 -1.37192 12.9167
      vertex 2.26312 -1.27547 13.0467
      vertex 4.5 -1.27547 13.0467
    endloop
  endfacet
  facet normal 0 0.803103 -0.59584
    outer loop
      vertex 2.26312 -1.27547 13.0467
      vertex 4.5 -1.37192 12.9167
      vertex 2.20531 -1.37192 12.9167
    endloop
  endfacet
  facet normal 0 0.803103 -0.59584
    outer loop
      vertex 7.87429 -1.37192 12.9167
      vertex 7.1 -1.27547 13.0467
      vertex 7.8886 -1.27547 13.0467
    endloop
  endfacet
  facet normal 0 0.803103 -0.59584
    outer loop
      vertex 7.1 -1.27547 13.0467
      vertex 7.87429 -1.37192 12.9167
      vertex 7.1 -1.37192 12.9167
    endloop
  endfacet
  facet normal 0 -0.904018 0.427494
    outer loop
      vertex 2.15389 1.45517 11.2222
      vertex 4.5 1.5244 11.3686
      vertex 2.10255 1.5244 11.3686
    endloop
  endfacet
  facet normal 0 -0.904018 0.427494
    outer loop
      vertex 4.5 1.5244 11.3686
      vertex 2.15389 1.45517 11.2222
      vertex 4.5 1.45517 11.2222
    endloop
  endfacet
  facet normal 0 -0.904018 0.427494
    outer loop
      vertex 7.1 1.45517 11.2222
      vertex 7.85167 1.5244 11.3686
      vertex 7.1 1.5244 11.3686
    endloop
  endfacet
  facet normal 0 -0.904018 0.427494
    outer loop
      vertex 7.85167 1.5244 11.3686
      vertex 7.1 1.45517 11.2222
      vertex 7.86194 1.45517 11.2222
    endloop
  endfacet
  facet normal -0 0.242722 0.970096
    outer loop
      vertex 2.57753 -0.321898 10.3817
      vertex 4.5 -0.47897 10.421
      vertex 4.5 -0.321898 10.3817
    endloop
  endfacet
  facet normal 0 0.242722 0.970096
    outer loop
      vertex 4.5 -0.47897 10.421
      vertex 2.57753 -0.321898 10.3817
      vertex 2.55423 -0.47897 10.421
    endloop
  endfacet
  facet normal -0 0.242722 0.970096
    outer loop
      vertex 7.1 -0.321898 10.3817
      vertex 7.97647 -0.47897 10.421
      vertex 7.98419 -0.321898 10.3817
    endloop
  endfacet
  facet normal 0 0.242722 0.970096
    outer loop
      vertex 7.97647 -0.47897 10.421
      vertex 7.1 -0.321898 10.3817
      vertex 7.1 -0.47897 10.421
    endloop
  endfacet
  facet normal 9.03642e-06 -0.857804 -0.513977
    outer loop
      vertex 4.5 1.45517 12.7778
      vertex 2.20531 1.37192 12.9167
      vertex 2.16182 1.44448 12.7956
    endloop
  endfacet
  facet normal -0 -0.85728 -0.51485
    outer loop
      vertex 4.5 1.45517 12.7778
      vertex 2.16182 1.44448 12.7956
      vertex 2.15389 1.45517 12.7778
    endloop
  endfacet
  facet normal 0 -0.857738 -0.514087
    outer loop
      vertex 2.20531 1.37192 12.9167
      vertex 4.5 1.45517 12.7778
      vertex 4.5 1.37192 12.9167
    endloop
  endfacet
  facet normal -0 -0.857738 -0.514087
    outer loop
      vertex 7.86194 1.45517 12.7778
      vertex 7.1 1.37192 12.9167
      vertex 7.1 1.45517 12.7778
    endloop
  endfacet
  facet normal 0 -0.857738 -0.514087
    outer loop
      vertex 7.1 1.37192 12.9167
      vertex 7.86194 1.45517 12.7778
      vertex 7.87429 1.37192 12.9167
    endloop
  endfacet
  facet normal 0 -0.941536 -0.336912
    outer loop
      vertex 7.1 1.5244 12.6314
      vertex 7.84628 1.56072 12.5299
      vertex 7.85167 1.5244 12.6314
    endloop
  endfacet
  facet normal -1.3717e-05 -0.941504 -0.337002
    outer loop
      vertex 7.1 1.57895 12.479
      vertex 7.84628 1.56072 12.5299
      vertex 7.1 1.5244 12.6314
    endloop
  endfacet
  facet normal 0 -0.94144 -0.33718
    outer loop
      vertex 7.84628 1.56072 12.5299
      vertex 7.1 1.57895 12.479
      vertex 7.84172 1.57895 12.479
    endloop
  endfacet
  facet normal -0 -0.941504 -0.337002
    outer loop
      vertex 4.5 1.57895 12.479
      vertex 2.10255 1.5244 12.6314
      vertex 2.06209 1.57895 12.479
    endloop
  endfacet
  facet normal 0 -0.941504 -0.337002
    outer loop
      vertex 2.10255 1.5244 12.6314
      vertex 4.5 1.57895 12.479
      vertex 4.5 1.5244 12.6314
    endloop
  endfacet
  facet normal 0 0.0487893 -0.998809
    outer loop
      vertex 4.5 -0.161728 13.6421
      vertex 2.6 0 13.65
      vertex 4.5 0 13.65
    endloop
  endfacet
  facet normal 0 0.0487893 -0.998809
    outer loop
      vertex 2.6 0 13.65
      vertex 4.5 -0.161728 13.6421
      vertex 2.59205 -0.161728 13.6421
    endloop
  endfacet
  facet normal 0 0.0487893 -0.998809
    outer loop
      vertex 7.1 0 13.65
      vertex 7.99205 -0.161728 13.6421
      vertex 7.1 -0.161728 13.6421
    endloop
  endfacet
  facet normal 0 0.0487893 -0.998809
    outer loop
      vertex 7.99205 -0.161728 13.6421
      vertex 7.1 0 13.65
      vertex 8 0 13.65
    endloop
  endfacet
  facet normal -0 -0.803103 -0.59584
    outer loop
      vertex 4.5 1.37192 12.9167
      vertex 2.26312 1.27547 13.0467
      vertex 2.20531 1.37192 12.9167
    endloop
  endfacet
  facet normal 0 -0.803103 -0.59584
    outer loop
      vertex 2.26312 1.27547 13.0467
      vertex 4.5 1.37192 12.9167
      vertex 4.5 1.27547 13.0467
    endloop
  endfacet
  facet normal -0 -0.803103 -0.59584
    outer loop
      vertex 7.87429 1.37192 12.9167
      vertex 7.1 1.27547 13.0467
      vertex 7.1 1.37192 12.9167
    endloop
  endfacet
  facet normal 0 -0.803103 -0.59584
    outer loop
      vertex 7.1 1.27547 13.0467
      vertex 7.87429 1.37192 12.9167
      vertex 7.8886 1.27547 13.0467
    endloop
  endfacet
  facet normal 0 -0.146978 0.98914
    outer loop
      vertex 4.5 0.321898 10.3817
      vertex 2.59205 0.161728 10.3579
      vertex 4.5 0.161728 10.3579
    endloop
  endfacet
  facet normal 5.65629e-05 -0.147638 0.989042
    outer loop
      vertex 4.5 0.321898 10.3817
      vertex 2.58748 0.254844 10.3718
      vertex 2.59205 0.161728 10.3579
    endloop
  endfacet
  facet normal 0 -0.146059 0.989276
    outer loop
      vertex 2.58748 0.254844 10.3718
      vertex 4.5 0.321898 10.3817
      vertex 2.57753 0.321898 10.3817
    endloop
  endfacet
  facet normal 0 -0.146978 0.98914
    outer loop
      vertex 7.1 0.161728 10.3579
      vertex 7.98419 0.321898 10.3817
      vertex 7.1 0.321898 10.3817
    endloop
  endfacet
  facet normal 0 -0.146978 0.98914
    outer loop
      vertex 7.98419 0.321898 10.3817
      vertex 7.1 0.161728 10.3579
      vertex 7.99205 0.161728 10.3579
    endloop
  endfacet
  facet normal 0 -0.242722 -0.970096
    outer loop
      vertex 2.57753 0.321898 13.6183
      vertex 4.5 0.47897 13.579
      vertex 4.5 0.321898 13.6183
    endloop
  endfacet
  facet normal -0 -0.242722 -0.970096
    outer loop
      vertex 4.5 0.47897 13.579
      vertex 2.57753 0.321898 13.6183
      vertex 2.55423 0.47897 13.579
    endloop
  endfacet
  facet normal 0 -0.242722 -0.970096
    outer loop
      vertex 7.1 0.321898 13.6183
      vertex 7.97647 0.47897 13.579
      vertex 7.98419 0.321898 13.6183
    endloop
  endfacet
  facet normal -0 -0.242722 -0.970096
    outer loop
      vertex 7.97647 0.47897 13.579
      vertex 7.1 0.321898 13.6183
      vertex 7.1 0.47897 13.579
    endloop
  endfacet
  facet normal 0 -0.741012 0.671492
    outer loop
      vertex 2.29299 1.22563 10.8983
      vertex 4.5 1.27547 10.9533
      vertex 2.26312 1.27547 10.9533
    endloop
  endfacet
  facet normal 5.11092e-07 -0.741022 0.67148
    outer loop
      vertex 2.32085 1.16673 10.8333
      vertex 4.5 1.27547 10.9533
      vertex 2.29299 1.22563 10.8983
    endloop
  endfacet
  facet normal 0 -0.741018 0.671486
    outer loop
      vertex 4.5 1.27547 10.9533
      vertex 2.32085 1.16673 10.8333
      vertex 4.5 1.16673 10.8333
    endloop
  endfacet
  facet normal 0 -0.741018 0.671486
    outer loop
      vertex 7.1 1.16673 10.8333
      vertex 7.8886 1.27547 10.9533
      vertex 7.1 1.27547 10.9533
    endloop
  endfacet
  facet normal 0 -0.741018 0.671486
    outer loop
      vertex 7.8886 1.27547 10.9533
      vertex 7.1 1.16673 10.8333
      vertex 7.90473 1.16673 10.8333
    endloop
  endfacet
  facet normal 0 0.857738 -0.514087
    outer loop
      vertex 4.5 -1.45517 12.7778
      vertex 2.20531 -1.37192 12.9167
      vertex 4.5 -1.37192 12.9167
    endloop
  endfacet
  facet normal 9.03642e-06 0.857804 -0.513977
    outer loop
      vertex 2.20531 -1.37192 12.9167
      vertex 4.5 -1.45517 12.7778
      vertex 2.16182 -1.44448 12.7956
    endloop
  endfacet
  facet normal 0 0.85728 -0.51485
    outer loop
      vertex 2.16182 -1.44448 12.7956
      vertex 4.5 -1.45517 12.7778
      vertex 2.15389 -1.45517 12.7778
    endloop
  endfacet
  facet normal 0 0.857738 -0.514087
    outer loop
      vertex 7.86194 -1.45517 12.7778
      vertex 7.1 -1.37192 12.9167
      vertex 7.87429 -1.37192 12.9167
    endloop
  endfacet
  facet normal 0 0.857738 -0.514087
    outer loop
      vertex 7.1 -1.37192 12.9167
      vertex 7.86194 -1.45517 12.7778
      vertex 7.1 -1.45517 12.7778
    endloop
  endfacet
  facet normal -0 0.146978 0.98914
    outer loop
      vertex 2.59205 -0.161728 10.3579
      vertex 4.5 -0.321898 10.3817
      vertex 4.5 -0.161728 10.3579
    endloop
  endfacet
  facet normal 5.65629e-05 0.147638 0.989042
    outer loop
      vertex 2.58748 -0.254844 10.3718
      vertex 4.5 -0.321898 10.3817
      vertex 2.59205 -0.161728 10.3579
    endloop
  endfacet
  facet normal 0 0.146059 0.989276
    outer loop
      vertex 4.5 -0.321898 10.3817
      vertex 2.58748 -0.254844 10.3718
      vertex 2.57753 -0.321898 10.3817
    endloop
  endfacet
  facet normal -0 0.146978 0.98914
    outer loop
      vertex 7.1 -0.161728 10.3579
      vertex 7.98419 -0.321898 10.3817
      vertex 7.99205 -0.161728 10.3579
    endloop
  endfacet
  facet normal 0 0.146978 0.98914
    outer loop
      vertex 7.98419 -0.321898 10.3817
      vertex 7.1 -0.161728 10.3579
      vertex 7.1 -0.321898 10.3817
    endloop
  endfacet
  facet normal -0 0.0487893 0.998809
    outer loop
      vertex 2.6 0 10.35
      vertex 4.5 -0.161728 10.3579
      vertex 4.5 0 10.35
    endloop
  endfacet
  facet normal 0 0.0487893 0.998809
    outer loop
      vertex 4.5 -0.161728 10.3579
      vertex 2.6 0 10.35
      vertex 2.59205 -0.161728 10.3579
    endloop
  endfacet
  facet normal -0 0.0487893 0.998809
    outer loop
      vertex 7.1 0 10.35
      vertex 7.99205 -0.161728 10.3579
      vertex 8 0 10.35
    endloop
  endfacet
  facet normal 0 0.0487893 0.998809
    outer loop
      vertex 7.99205 -0.161728 10.3579
      vertex 7.1 0 10.35
      vertex 7.1 -0.161728 10.3579
    endloop
  endfacet
  facet normal -0 0.337164 0.941446
    outer loop
      vertex 2.55423 -0.47897 10.421
      vertex 4.5 -0.631427 10.4756
      vertex 4.5 -0.47897 10.421
    endloop
  endfacet
  facet normal 0.000199374 0.339418 0.940636
    outer loop
      vertex 2.55004 -0.507235 10.4312
      vertex 4.5 -0.631427 10.4756
      vertex 2.55423 -0.47897 10.421
    endloop
  endfacet
  facet normal 0 0.336644 0.941632
    outer loop
      vertex 4.5 -0.631427 10.4756
      vertex 2.55004 -0.507235 10.4312
      vertex 2.51893 -0.631427 10.4756
    endloop
  endfacet
  facet normal -0 0.337164 0.941446
    outer loop
      vertex 7.1 -0.47897 10.421
      vertex 7.96898 -0.631427 10.4756
      vertex 7.97647 -0.47897 10.421
    endloop
  endfacet
  facet normal 0 0.337164 0.941446
    outer loop
      vertex 7.96898 -0.631427 10.4756
      vertex 7.1 -0.47897 10.421
      vertex 7.1 -0.631427 10.4756
    endloop
  endfacet
  facet normal -0 -0.989189 -0.146649
    outer loop
      vertex 4.5 1.64205 12.1617
      vertex 2.03291 1.6183 12.3219
      vertex 2.01529 1.64205 12.1617
    endloop
  endfacet
  facet normal 0 -0.989189 -0.146649
    outer loop
      vertex 2.03291 1.6183 12.3219
      vertex 4.5 1.64205 12.1617
      vertex 4.5 1.6183 12.3219
    endloop
  endfacet
  facet normal -0 -0.989189 -0.146649
    outer loop
      vertex 7.82591 1.64205 12.1617
      vertex 7.1 1.6183 12.3219
      vertex 7.1 1.64205 12.1617
    endloop
  endfacet
  facet normal 0 -0.989189 -0.146649
    outer loop
      vertex 7.1 1.6183 12.3219
      vertex 7.82591 1.64205 12.1617
      vertex 7.83186 1.6183 12.3219
    endloop
  endfacet
  facet normal -0 0.514516 0.857481
    outer loop
      vertex 7.1 -0.777804 10.5448
      vertex 7.96148 -0.784137 10.5486
      vertex 7.96179 -0.777804 10.5448
    endloop
  endfacet
  facet normal -1.73817e-06 0.514342 0.857585
    outer loop
      vertex 7.96148 -0.784137 10.5486
      vertex 7.1 -0.777804 10.5448
      vertex 7.94181 -0.916691 10.6281
    endloop
  endfacet
  facet normal 0 0.51435 0.857581
    outer loop
      vertex 7.94181 -0.916691 10.6281
      vertex 7.1 -0.777804 10.5448
      vertex 7.1 -0.916691 10.6281
    endloop
  endfacet
  facet normal -0 0.51435 0.857581
    outer loop
      vertex 2.47979 -0.777804 10.5448
      vertex 4.5 -0.916691 10.6281
      vertex 4.5 -0.777804 10.5448
    endloop
  endfacet
  facet normal 0 0.51435 0.857581
    outer loop
      vertex 4.5 -0.916691 10.6281
      vertex 2.47979 -0.777804 10.5448
      vertex 2.4301 -0.916691 10.6281
    endloop
  endfacet
  facet normal 0 -0.337164 0.941446
    outer loop
      vertex 4.5 0.631427 10.4756
      vertex 2.55423 0.47897 10.421
      vertex 4.5 0.47897 10.421
    endloop
  endfacet
  facet normal 0.000199374 -0.339418 0.940636
    outer loop
      vertex 4.5 0.631427 10.4756
      vertex 2.55004 0.507235 10.4312
      vertex 2.55423 0.47897 10.421
    endloop
  endfacet
  facet normal 0 -0.336644 0.941632
    outer loop
      vertex 2.55004 0.507235 10.4312
      vertex 4.5 0.631427 10.4756
      vertex 2.51893 0.631427 10.4756
    endloop
  endfacet
  facet normal 0 -0.337164 0.941446
    outer loop
      vertex 7.1 0.47897 10.421
      vertex 7.96898 0.631427 10.4756
      vertex 7.1 0.631427 10.4756
    endloop
  endfacet
  facet normal 0 -0.337164 0.941446
    outer loop
      vertex 7.96898 0.631427 10.4756
      vertex 7.1 0.47897 10.421
      vertex 7.97647 0.47897 10.421
    endloop
  endfacet
  facet normal -1.73817e-06 0.514342 -0.857585
    outer loop
      vertex 7.1 -0.777804 13.4552
      vertex 7.96148 -0.784137 13.4514
      vertex 7.94181 -0.916691 13.3719
    endloop
  endfacet
  facet normal 0 0.51435 -0.857581
    outer loop
      vertex 7.1 -0.777804 13.4552
      vertex 7.94181 -0.916691 13.3719
      vertex 7.1 -0.916691 13.3719
    endloop
  endfacet
  facet normal 0 0.514516 -0.857481
    outer loop
      vertex 7.96148 -0.784137 13.4514
      vertex 7.1 -0.777804 13.4552
      vertex 7.96179 -0.777804 13.4552
    endloop
  endfacet
  facet normal 0 0.51435 -0.857581
    outer loop
      vertex 4.5 -0.916691 13.3719
      vertex 2.47979 -0.777804 13.4552
      vertex 4.5 -0.777804 13.4552
    endloop
  endfacet
  facet normal 0 0.51435 -0.857581
    outer loop
      vertex 2.47979 -0.777804 13.4552
      vertex 4.5 -0.916691 13.3719
      vertex 2.4301 -0.916691 13.3719
    endloop
  endfacet
  facet normal 0 -0.67175 -0.740778
    outer loop
      vertex 2.3776 1.04675 13.2755
      vertex 4.5 1.16673 13.1667
      vertex 4.5 1.04675 13.2755
    endloop
  endfacet
  facet normal -0 -0.67175 -0.740778
    outer loop
      vertex 4.5 1.16673 13.1667
      vertex 2.3776 1.04675 13.2755
      vertex 2.32085 1.16673 13.1667
    endloop
  endfacet
  facet normal 0 -0.67175 -0.740778
    outer loop
      vertex 7.1 1.04675 13.2755
      vertex 7.90473 1.16673 13.1667
      vertex 7.92252 1.04675 13.2755
    endloop
  endfacet
  facet normal -0 -0.67175 -0.740778
    outer loop
      vertex 7.90473 1.16673 13.1667
      vertex 7.1 1.04675 13.2755
      vertex 7.1 1.16673 13.1667
    endloop
  endfacet
  facet normal -0 0.970033 0.242971
    outer loop
      vertex 2.06209 -1.57895 11.521
      vertex 4.5 -1.6183 11.6781
      vertex 4.5 -1.57895 11.521
    endloop
  endfacet
  facet normal 0 0.970033 0.242971
    outer loop
      vertex 4.5 -1.6183 11.6781
      vertex 2.06209 -1.57895 11.521
      vertex 2.03291 -1.6183 11.6781
    endloop
  endfacet
  facet normal -0 0.970033 0.242971
    outer loop
      vertex 7.1 -1.57895 11.521
      vertex 7.83186 -1.6183 11.6781
      vertex 7.84172 -1.57895 11.521
    endloop
  endfacet
  facet normal 0 0.970033 0.242971
    outer loop
      vertex 7.83186 -1.6183 11.6781
      vertex 7.1 -1.57895 11.521
      vertex 7.1 -1.6183 11.6781
    endloop
  endfacet
  facet normal 0 -0.803103 0.59584
    outer loop
      vertex 2.26312 1.27547 10.9533
      vertex 4.5 1.37192 11.0833
      vertex 2.20531 1.37192 11.0833
    endloop
  endfacet
  facet normal 0 -0.803103 0.59584
    outer loop
      vertex 4.5 1.37192 11.0833
      vertex 2.26312 1.27547 10.9533
      vertex 4.5 1.27547 10.9533
    endloop
  endfacet
  facet normal 0 -0.803103 0.59584
    outer loop
      vertex 7.1 1.27547 10.9533
      vertex 7.87429 1.37192 11.0833
      vertex 7.1 1.37192 11.0833
    endloop
  endfacet
  facet normal 0 -0.803103 0.59584
    outer loop
      vertex 7.87429 1.37192 11.0833
      vertex 7.1 1.27547 10.9533
      vertex 7.8886 1.27547 10.9533
    endloop
  endfacet
  facet normal 0 -0.998794 0.0490933
    outer loop
      vertex 2.00983 1.64942 11.9882
      vertex 4.5 1.65 12
      vertex 2.0093 1.65 12
    endloop
  endfacet
  facet normal -6.42069e-08 -0.998794 0.0491068
    outer loop
      vertex 2.01529 1.64205 11.8383
      vertex 4.5 1.65 12
      vertex 2.00983 1.64942 11.9882
    endloop
  endfacet
  facet normal 0 -0.998794 0.0491058
    outer loop
      vertex 4.5 1.65 12
      vertex 2.01529 1.64205 11.8383
      vertex 4.5 1.64205 11.8383
    endloop
  endfacet
  facet normal 0 -0.998794 0.0491058
    outer loop
      vertex 7.1 1.64205 11.8383
      vertex 7.82392 1.65 12
      vertex 7.1 1.65 12
    endloop
  endfacet
  facet normal 0 -0.998794 0.0491058
    outer loop
      vertex 7.82392 1.65 12
      vertex 7.1 1.64205 11.8383
      vertex 7.82591 1.64205 11.8383
    endloop
  endfacet
  facet normal -1.73817e-06 -0.514342 0.857585
    outer loop
      vertex 7.1 0.777804 10.5448
      vertex 7.96148 0.784137 10.5486
      vertex 7.94181 0.916691 10.6281
    endloop
  endfacet
  facet normal 0 -0.51435 0.857581
    outer loop
      vertex 7.1 0.777804 10.5448
      vertex 7.94181 0.916691 10.6281
      vertex 7.1 0.916691 10.6281
    endloop
  endfacet
  facet normal 0 -0.514516 0.857481
    outer loop
      vertex 7.96148 0.784137 10.5486
      vertex 7.1 0.777804 10.5448
      vertex 7.96179 0.777804 10.5448
    endloop
  endfacet
  facet normal 0 -0.51435 0.857581
    outer loop
      vertex 4.5 0.916691 10.6281
      vertex 2.47979 0.777804 10.5448
      vertex 4.5 0.777804 10.5448
    endloop
  endfacet
  facet normal 0 -0.51435 0.857581
    outer loop
      vertex 2.47979 0.777804 10.5448
      vertex 4.5 0.916691 10.6281
      vertex 2.4301 0.916691 10.6281
    endloop
  endfacet
  facet normal 5.11092e-07 -0.741022 -0.67148
    outer loop
      vertex 4.5 1.27547 13.0467
      vertex 2.32085 1.16673 13.1667
      vertex 2.29299 1.22563 13.1017
    endloop
  endfacet
  facet normal -0 -0.741012 -0.671492
    outer loop
      vertex 4.5 1.27547 13.0467
      vertex 2.29299 1.22563 13.1017
      vertex 2.26312 1.27547 13.0467
    endloop
  endfacet
  facet normal 0 -0.741018 -0.671486
    outer loop
      vertex 2.32085 1.16673 13.1667
      vertex 4.5 1.27547 13.0467
      vertex 4.5 1.16673 13.1667
    endloop
  endfacet
  facet normal -0 -0.741018 -0.671486
    outer loop
      vertex 7.8886 1.27547 13.0467
      vertex 7.1 1.16673 13.1667
      vertex 7.1 1.27547 13.0467
    endloop
  endfacet
  facet normal 0 -0.741018 -0.671486
    outer loop
      vertex 7.1 1.16673 13.1667
      vertex 7.8886 1.27547 13.0467
      vertex 7.90473 1.16673 13.1667
    endloop
  endfacet
  facet normal -0 -0.904018 -0.427494
    outer loop
      vertex 4.5 1.5244 12.6314
      vertex 2.15389 1.45517 12.7778
      vertex 2.10255 1.5244 12.6314
    endloop
  endfacet
  facet normal 0 -0.904018 -0.427494
    outer loop
      vertex 2.15389 1.45517 12.7778
      vertex 4.5 1.5244 12.6314
      vertex 4.5 1.45517 12.7778
    endloop
  endfacet
  facet normal -0 -0.904018 -0.427494
    outer loop
      vertex 7.85167 1.5244 12.6314
      vertex 7.1 1.45517 12.7778
      vertex 7.1 1.5244 12.6314
    endloop
  endfacet
  facet normal 0 -0.904018 -0.427494
    outer loop
      vertex 7.1 1.45517 12.7778
      vertex 7.85167 1.5244 12.6314
      vertex 7.86194 1.45517 12.7778
    endloop
  endfacet
  facet normal -0 0.595467 0.80338
    outer loop
      vertex 2.4301 -0.916691 10.6281
      vertex 4.5 -1.04675 10.7245
      vertex 4.5 -0.916691 10.6281
    endloop
  endfacet
  facet normal -1.57708e-05 0.595305 0.8035
    outer loop
      vertex 2.40209 -0.994976 10.6861
      vertex 4.5 -1.04675 10.7245
      vertex 2.4301 -0.916691 10.6281
    endloop
  endfacet
  facet normal 0 0.595717 0.803194
    outer loop
      vertex 4.5 -1.04675 10.7245
      vertex 2.40209 -0.994976 10.6861
      vertex 2.3776 -1.04675 10.7245
    endloop
  endfacet
  facet normal -0 0.595467 0.80338
    outer loop
      vertex 7.1 -0.916691 10.6281
      vertex 7.92252 -1.04675 10.7245
      vertex 7.94181 -0.916691 10.6281
    endloop
  endfacet
  facet normal 0 0.595467 0.80338
    outer loop
      vertex 7.92252 -1.04675 10.7245
      vertex 7.1 -0.916691 10.6281
      vertex 7.1 -1.04675 10.7245
    endloop
  endfacet
  facet normal 0 -0.67175 0.740778
    outer loop
      vertex 4.5 1.16673 10.8333
      vertex 2.3776 1.04675 10.7245
      vertex 4.5 1.04675 10.7245
    endloop
  endfacet
  facet normal 0 -0.67175 0.740778
    outer loop
      vertex 2.3776 1.04675 10.7245
      vertex 4.5 1.16673 10.8333
      vertex 2.32085 1.16673 10.8333
    endloop
  endfacet
  facet normal 0 -0.67175 0.740778
    outer loop
      vertex 7.1 1.04675 10.7245
      vertex 7.90473 1.16673 10.8333
      vertex 7.1 1.16673 10.8333
    endloop
  endfacet
  facet normal 0 -0.67175 0.740778
    outer loop
      vertex 7.90473 1.16673 10.8333
      vertex 7.1 1.04675 10.7245
      vertex 7.92252 1.04675 10.7245
    endloop
  endfacet
  facet normal -0 -0.970033 -0.242971
    outer loop
      vertex 4.5 1.6183 12.3219
      vertex 2.06209 1.57895 12.479
      vertex 2.03291 1.6183 12.3219
    endloop
  endfacet
  facet normal 0 -0.970033 -0.242971
    outer loop
      vertex 2.06209 1.57895 12.479
      vertex 4.5 1.6183 12.3219
      vertex 4.5 1.57895 12.479
    endloop
  endfacet
  facet normal -0 -0.970033 -0.242971
    outer loop
      vertex 7.83186 1.6183 12.3219
      vertex 7.1 1.57895 12.479
      vertex 7.1 1.6183 12.3219
    endloop
  endfacet
  facet normal 0 -0.970033 -0.242971
    outer loop
      vertex 7.1 1.57895 12.479
      vertex 7.83186 1.6183 12.3219
      vertex 7.84172 1.57895 12.479
    endloop
  endfacet
  facet normal 0 0.595467 -0.80338
    outer loop
      vertex 4.5 -1.04675 13.2755
      vertex 2.4301 -0.916691 13.3719
      vertex 4.5 -0.916691 13.3719
    endloop
  endfacet
  facet normal -1.57708e-05 0.595305 -0.8035
    outer loop
      vertex 4.5 -1.04675 13.2755
      vertex 2.40209 -0.994976 13.3139
      vertex 2.4301 -0.916691 13.3719
    endloop
  endfacet
  facet normal 0 0.595717 -0.803194
    outer loop
      vertex 2.40209 -0.994976 13.3139
      vertex 4.5 -1.04675 13.2755
      vertex 2.3776 -1.04675 13.2755
    endloop
  endfacet
  facet normal 0 0.595467 -0.80338
    outer loop
      vertex 7.1 -0.916691 13.3719
      vertex 7.92252 -1.04675 13.2755
      vertex 7.1 -1.04675 13.2755
    endloop
  endfacet
  facet normal 0 0.595467 -0.80338
    outer loop
      vertex 7.92252 -1.04675 13.2755
      vertex 7.1 -0.916691 13.3719
      vertex 7.94181 -0.916691 13.3719
    endloop
  endfacet
  facet normal 0 0.242722 -0.970096
    outer loop
      vertex 4.5 -0.47897 13.579
      vertex 2.57753 -0.321898 13.6183
      vertex 4.5 -0.321898 13.6183
    endloop
  endfacet
  facet normal 0 0.242722 -0.970096
    outer loop
      vertex 2.57753 -0.321898 13.6183
      vertex 4.5 -0.47897 13.579
      vertex 2.55423 -0.47897 13.579
    endloop
  endfacet
  facet normal 0 0.242722 -0.970096
    outer loop
      vertex 7.1 -0.321898 13.6183
      vertex 7.97647 -0.47897 13.579
      vertex 7.1 -0.47897 13.579
    endloop
  endfacet
  facet normal 0 0.242722 -0.970096
    outer loop
      vertex 7.97647 -0.47897 13.579
      vertex 7.1 -0.321898 13.6183
      vertex 7.98419 -0.321898 13.6183
    endloop
  endfacet
  facet normal 0 0.67175 -0.740778
    outer loop
      vertex 4.5 -1.16673 13.1667
      vertex 2.3776 -1.04675 13.2755
      vertex 4.5 -1.04675 13.2755
    endloop
  endfacet
  facet normal 0 0.67175 -0.740778
    outer loop
      vertex 2.3776 -1.04675 13.2755
      vertex 4.5 -1.16673 13.1667
      vertex 2.32085 -1.16673 13.1667
    endloop
  endfacet
  facet normal 0 0.67175 -0.740778
    outer loop
      vertex 7.1 -1.04675 13.2755
      vertex 7.90473 -1.16673 13.1667
      vertex 7.1 -1.16673 13.1667
    endloop
  endfacet
  facet normal 0 0.67175 -0.740778
    outer loop
      vertex 7.90473 -1.16673 13.1667
      vertex 7.1 -1.04675 13.2755
      vertex 7.92252 -1.04675 13.2755
    endloop
  endfacet
  facet normal -6.42069e-08 -0.998794 -0.0491068
    outer loop
      vertex 4.5 1.65 12
      vertex 2.01529 1.64205 12.1617
      vertex 2.00983 1.64942 12.0118
    endloop
  endfacet
  facet normal -0 -0.998794 -0.0490933
    outer loop
      vertex 4.5 1.65 12
      vertex 2.00983 1.64942 12.0118
      vertex 2.0093 1.65 12
    endloop
  endfacet
  facet normal 0 -0.998794 -0.0491058
    outer loop
      vertex 2.01529 1.64205 12.1617
      vertex 4.5 1.65 12
      vertex 4.5 1.64205 12.1617
    endloop
  endfacet
  facet normal -0 -0.998794 -0.0491058
    outer loop
      vertex 7.82392 1.65 12
      vertex 7.1 1.64205 12.1617
      vertex 7.1 1.65 12
    endloop
  endfacet
  facet normal 0 -0.998794 -0.0491058
    outer loop
      vertex 7.1 1.64205 12.1617
      vertex 7.82392 1.65 12
      vertex 7.82591 1.64205 12.1617
    endloop
  endfacet
  facet normal 0 0.970033 -0.242971
    outer loop
      vertex 4.5 -1.6183 12.3219
      vertex 2.06209 -1.57895 12.479
      vertex 4.5 -1.57895 12.479
    endloop
  endfacet
  facet normal 0 0.970033 -0.242971
    outer loop
      vertex 2.06209 -1.57895 12.479
      vertex 4.5 -1.6183 12.3219
      vertex 2.03291 -1.6183 12.3219
    endloop
  endfacet
  facet normal 0 0.970033 -0.242971
    outer loop
      vertex 7.83186 -1.6183 12.3219
      vertex 7.1 -1.57895 12.479
      vertex 7.84172 -1.57895 12.479
    endloop
  endfacet
  facet normal 0 0.970033 -0.242971
    outer loop
      vertex 7.1 -1.57895 12.479
      vertex 7.83186 -1.6183 12.3219
      vertex 7.1 -1.6183 12.3219
    endloop
  endfacet
  facet normal 0 -0.970033 0.242971
    outer loop
      vertex 2.06209 1.57895 11.521
      vertex 4.5 1.6183 11.6781
      vertex 2.03291 1.6183 11.6781
    endloop
  endfacet
  facet normal 0 -0.970033 0.242971
    outer loop
      vertex 4.5 1.6183 11.6781
      vertex 2.06209 1.57895 11.521
      vertex 4.5 1.57895 11.521
    endloop
  endfacet
  facet normal 0 -0.970033 0.242971
    outer loop
      vertex 7.1 1.57895 11.521
      vertex 7.83186 1.6183 11.6781
      vertex 7.1 1.6183 11.6781
    endloop
  endfacet
  facet normal 0 -0.970033 0.242971
    outer loop
      vertex 7.83186 1.6183 11.6781
      vertex 7.1 1.57895 11.521
      vertex 7.84172 1.57895 11.521
    endloop
  endfacet
  facet normal 0 0.998794 0.0490933
    outer loop
      vertex 4.5 -1.65 12
      vertex 2.00983 -1.64942 11.9882
      vertex 2.0093 -1.65 12
    endloop
  endfacet
  facet normal -0 0.998794 0.0491058
    outer loop
      vertex 2.01529 -1.64205 11.8383
      vertex 4.5 -1.65 12
      vertex 4.5 -1.64205 11.8383
    endloop
  endfacet
  facet normal -6.42069e-08 0.998794 0.0491068
    outer loop
      vertex 4.5 -1.65 12
      vertex 2.01529 -1.64205 11.8383
      vertex 2.00983 -1.64942 11.9882
    endloop
  endfacet
  facet normal -0 0.998794 0.0491058
    outer loop
      vertex 7.1 -1.64205 11.8383
      vertex 7.82392 -1.65 12
      vertex 7.82591 -1.64205 11.8383
    endloop
  endfacet
  facet normal 0 0.998794 0.0491058
    outer loop
      vertex 7.82392 -1.65 12
      vertex 7.1 -1.64205 11.8383
      vertex 7.1 -1.65 12
    endloop
  endfacet
  facet normal 0 -0.989189 0.146649
    outer loop
      vertex 2.03291 1.6183 11.6781
      vertex 4.5 1.64205 11.8383
      vertex 2.01529 1.64205 11.8383
    endloop
  endfacet
  facet normal 0 -0.989189 0.146649
    outer loop
      vertex 4.5 1.64205 11.8383
      vertex 2.03291 1.6183 11.6781
      vertex 4.5 1.6183 11.6781
    endloop
  endfacet
  facet normal 0 -0.989189 0.146649
    outer loop
      vertex 7.1 1.6183 11.6781
      vertex 7.82591 1.64205 11.8383
      vertex 7.1 1.64205 11.8383
    endloop
  endfacet
  facet normal 0 -0.989189 0.146649
    outer loop
      vertex 7.82591 1.64205 11.8383
      vertex 7.1 1.6183 11.6781
      vertex 7.83186 1.6183 11.6781
    endloop
  endfacet
  facet normal -0 0.803103 0.59584
    outer loop
      vertex 2.26312 -1.27547 10.9533
      vertex 4.5 -1.37192 11.0833
      vertex 4.5 -1.27547 10.9533
    endloop
  endfacet
  facet normal 0 0.803103 0.59584
    outer loop
      vertex 4.5 -1.37192 11.0833
      vertex 2.26312 -1.27547 10.9533
      vertex 2.20531 -1.37192 11.0833
    endloop
  endfacet
  facet normal -0 0.803103 0.59584
    outer loop
      vertex 7.1 -1.27547 10.9533
      vertex 7.87429 -1.37192 11.0833
      vertex 7.8886 -1.27547 10.9533
    endloop
  endfacet
  facet normal 0 0.803103 0.59584
    outer loop
      vertex 7.87429 -1.37192 11.0833
      vertex 7.1 -1.27547 10.9533
      vertex 7.1 -1.37192 11.0833
    endloop
  endfacet
  facet normal 0 0.146978 -0.98914
    outer loop
      vertex 4.5 -0.321898 13.6183
      vertex 2.59205 -0.161728 13.6421
      vertex 4.5 -0.161728 13.6421
    endloop
  endfacet
  facet normal 5.65629e-05 0.147638 -0.989042
    outer loop
      vertex 4.5 -0.321898 13.6183
      vertex 2.58748 -0.254844 13.6282
      vertex 2.59205 -0.161728 13.6421
    endloop
  endfacet
  facet normal 0 0.146059 -0.989276
    outer loop
      vertex 2.58748 -0.254844 13.6282
      vertex 4.5 -0.321898 13.6183
      vertex 2.57753 -0.321898 13.6183
    endloop
  endfacet
  facet normal 0 0.146978 -0.98914
    outer loop
      vertex 7.1 -0.161728 13.6421
      vertex 7.98419 -0.321898 13.6183
      vertex 7.1 -0.321898 13.6183
    endloop
  endfacet
  facet normal 0 0.146978 -0.98914
    outer loop
      vertex 7.98419 -0.321898 13.6183
      vertex 7.1 -0.161728 13.6421
      vertex 7.99205 -0.161728 13.6421
    endloop
  endfacet
  facet normal 0 -0.514516 -0.857481
    outer loop
      vertex 7.1 0.777804 13.4552
      vertex 7.96148 0.784137 13.4514
      vertex 7.96179 0.777804 13.4552
    endloop
  endfacet
  facet normal -1.73817e-06 -0.514342 -0.857585
    outer loop
      vertex 7.96148 0.784137 13.4514
      vertex 7.1 0.777804 13.4552
      vertex 7.94181 0.916691 13.3719
    endloop
  endfacet
  facet normal -0 -0.51435 -0.857581
    outer loop
      vertex 7.94181 0.916691 13.3719
      vertex 7.1 0.777804 13.4552
      vertex 7.1 0.916691 13.3719
    endloop
  endfacet
  facet normal 0 -0.51435 -0.857581
    outer loop
      vertex 2.47979 0.777804 13.4552
      vertex 4.5 0.916691 13.3719
      vertex 4.5 0.777804 13.4552
    endloop
  endfacet
  facet normal -0 -0.51435 -0.857581
    outer loop
      vertex 4.5 0.916691 13.3719
      vertex 2.47979 0.777804 13.4552
      vertex 2.4301 0.916691 13.3719
    endloop
  endfacet
  facet normal 0 -0.427398 -0.904064
    outer loop
      vertex 2.51893 0.631427 13.5244
      vertex 4.5 0.777804 13.4552
      vertex 4.5 0.631427 13.5244
    endloop
  endfacet
  facet normal 1.88758e-06 -0.427419 -0.904054
    outer loop
      vertex 2.48804 0.75474 13.4661
      vertex 4.5 0.777804 13.4552
      vertex 2.51893 0.631427 13.5244
    endloop
  endfacet
  facet normal -0 -0.427284 -0.904117
    outer loop
      vertex 4.5 0.777804 13.4552
      vertex 2.48804 0.75474 13.4661
      vertex 2.47979 0.777804 13.4552
    endloop
  endfacet
  facet normal 0 -0.427398 -0.904064
    outer loop
      vertex 7.1 0.631427 13.5244
      vertex 7.96179 0.777804 13.4552
      vertex 7.96898 0.631427 13.5244
    endloop
  endfacet
  facet normal -0 -0.427398 -0.904064
    outer loop
      vertex 7.96179 0.777804 13.4552
      vertex 7.1 0.631427 13.5244
      vertex 7.1 0.777804 13.4552
    endloop
  endfacet
  facet normal -0 0.427398 0.904064
    outer loop
      vertex 2.51893 -0.631427 10.4756
      vertex 4.5 -0.777804 10.5448
      vertex 4.5 -0.631427 10.4756
    endloop
  endfacet
  facet normal 1.88758e-06 0.427419 0.904054
    outer loop
      vertex 2.48804 -0.75474 10.5339
      vertex 4.5 -0.777804 10.5448
      vertex 2.51893 -0.631427 10.4756
    endloop
  endfacet
  facet normal 0 0.427284 0.904117
    outer loop
      vertex 4.5 -0.777804 10.5448
      vertex 2.48804 -0.75474 10.5339
      vertex 2.47979 -0.777804 10.5448
    endloop
  endfacet
  facet normal -0 0.427398 0.904064
    outer loop
      vertex 7.1 -0.631427 10.4756
      vertex 7.96179 -0.777804 10.5448
      vertex 7.96898 -0.631427 10.4756
    endloop
  endfacet
  facet normal 0 0.427398 0.904064
    outer loop
      vertex 7.96179 -0.777804 10.5448
      vertex 7.1 -0.631427 10.4756
      vertex 7.1 -0.777804 10.5448
    endloop
  endfacet
  facet normal 0 0.741012 0.671492
    outer loop
      vertex 4.5 -1.27547 10.9533
      vertex 2.29299 -1.22563 10.8983
      vertex 2.26312 -1.27547 10.9533
    endloop
  endfacet
  facet normal -0 0.741018 0.671486
    outer loop
      vertex 2.32085 -1.16673 10.8333
      vertex 4.5 -1.27547 10.9533
      vertex 4.5 -1.16673 10.8333
    endloop
  endfacet
  facet normal 5.11092e-07 0.741022 0.67148
    outer loop
      vertex 4.5 -1.27547 10.9533
      vertex 2.32085 -1.16673 10.8333
      vertex 2.29299 -1.22563 10.8983
    endloop
  endfacet
  facet normal -0 0.741018 0.671486
    outer loop
      vertex 7.1 -1.16673 10.8333
      vertex 7.8886 -1.27547 10.9533
      vertex 7.90473 -1.16673 10.8333
    endloop
  endfacet
  facet normal 0 0.741018 0.671486
    outer loop
      vertex 7.8886 -1.27547 10.9533
      vertex 7.1 -1.16673 10.8333
      vertex 7.1 -1.27547 10.9533
    endloop
  endfacet
  facet normal 0 -0.0487893 -0.998809
    outer loop
      vertex 2.6 0 13.65
      vertex 4.5 0.161728 13.6421
      vertex 4.5 0 13.65
    endloop
  endfacet
  facet normal -0 -0.0487893 -0.998809
    outer loop
      vertex 4.5 0.161728 13.6421
      vertex 2.6 0 13.65
      vertex 2.59205 0.161728 13.6421
    endloop
  endfacet
  facet normal 0 -0.0487893 -0.998809
    outer loop
      vertex 7.1 0 13.65
      vertex 7.99205 0.161728 13.6421
      vertex 8 0 13.65
    endloop
  endfacet
  facet normal -0 -0.0487893 -0.998809
    outer loop
      vertex 7.99205 0.161728 13.6421
      vertex 7.1 0 13.65
      vertex 7.1 0.161728 13.6421
    endloop
  endfacet
  facet normal 0 0.427398 -0.904064
    outer loop
      vertex 4.5 -0.777804 13.4552
      vertex 2.51893 -0.631427 13.5244
      vertex 4.5 -0.631427 13.5244
    endloop
  endfacet
  facet normal 1.88758e-06 0.427419 -0.904054
    outer loop
      vertex 4.5 -0.777804 13.4552
      vertex 2.48804 -0.75474 13.4661
      vertex 2.51893 -0.631427 13.5244
    endloop
  endfacet
  facet normal 0 0.427284 -0.904117
    outer loop
      vertex 2.48804 -0.75474 13.4661
      vertex 4.5 -0.777804 13.4552
      vertex 2.47979 -0.777804 13.4552
    endloop
  endfacet
  facet normal 0 0.427398 -0.904064
    outer loop
      vertex 7.1 -0.631427 13.5244
      vertex 7.96179 -0.777804 13.4552
      vertex 7.1 -0.777804 13.4552
    endloop
  endfacet
  facet normal 0 0.427398 -0.904064
    outer loop
      vertex 7.96179 -0.777804 13.4552
      vertex 7.1 -0.631427 13.5244
      vertex 7.96898 -0.631427 13.5244
    endloop
  endfacet
  facet normal 0 0.904018 -0.427494
    outer loop
      vertex 4.5 -1.5244 12.6314
      vertex 2.15389 -1.45517 12.7778
      vertex 4.5 -1.45517 12.7778
    endloop
  endfacet
  facet normal 0 0.904018 -0.427494
    outer loop
      vertex 2.15389 -1.45517 12.7778
      vertex 4.5 -1.5244 12.6314
      vertex 2.10255 -1.5244 12.6314
    endloop
  endfacet
  facet normal 0 0.904018 -0.427494
    outer loop
      vertex 7.85167 -1.5244 12.6314
      vertex 7.1 -1.45517 12.7778
      vertex 7.86194 -1.45517 12.7778
    endloop
  endfacet
  facet normal 0 0.904018 -0.427494
    outer loop
      vertex 7.1 -1.45517 12.7778
      vertex 7.85167 -1.5244 12.6314
      vertex 7.1 -1.5244 12.6314
    endloop
  endfacet
  facet normal -1 0 0
    outer loop
      vertex 7.1 1.64205 11.8383
      vertex 7.1 3.2 16
      vertex 7.1 3.2 5.8
    endloop
  endfacet
  facet normal -1 0 0
    outer loop
      vertex 7.1 3.2 16
      vertex 7.1 1.64205 11.8383
      vertex 7.1 1.65 12
    endloop
  endfacet
  facet normal -1 0 0
    outer loop
      vertex 7.1 3.2 5.8
      vertex 7.1 1.6183 11.6781
      vertex 7.1 1.64205 11.8383
    endloop
  endfacet
  facet normal -1 0 0
    outer loop
      vertex 7.1 3.2 5.8
      vertex 7.1 1.57895 11.521
      vertex 7.1 1.6183 11.6781
    endloop
  endfacet
  facet normal -1 0 0
    outer loop
      vertex 7.1 3.2 5.8
      vertex 7.1 1.5244 11.3686
      vertex 7.1 1.57895 11.521
    endloop
  endfacet
  facet normal -1 0 0
    outer loop
      vertex 7.1 3.2 5.8
      vertex 7.1 1.45517 11.2222
      vertex 7.1 1.5244 11.3686
    endloop
  endfacet
  facet normal -1 0 0
    outer loop
      vertex 7.1 3.2 5.8
      vertex 7.1 1.37192 11.0833
      vertex 7.1 1.45517 11.2222
    endloop
  endfacet
  facet normal -1 0 0
    outer loop
      vertex 7.1 3.2 5.8
      vertex 7.1 1.27547 10.9533
      vertex 7.1 1.37192 11.0833
    endloop
  endfacet
  facet normal -1 0 0
    outer loop
      vertex 7.1 3.2 5.8
      vertex 7.1 1.16673 10.8333
      vertex 7.1 1.27547 10.9533
    endloop
  endfacet
  facet normal -1 0 0
    outer loop
      vertex 7.1 3.2 5.8
      vertex 7.1 1.04675 10.7245
      vertex 7.1 1.16673 10.8333
    endloop
  endfacet
  facet normal -1 0 0
    outer loop
      vertex 7.1 3.2 5.8
      vertex 7.1 0.916691 10.6281
      vertex 7.1 1.04675 10.7245
    endloop
  endfacet
  facet normal -1 0 0
    outer loop
      vertex 7.1 3.2 5.8
      vertex 7.1 0.777804 10.5448
      vertex 7.1 0.916691 10.6281
    endloop
  endfacet
  facet normal -1 0 0
    outer loop
      vertex 7.1 3.2 5.8
      vertex 7.1 0.631427 10.4756
      vertex 7.1 0.777804 10.5448
    endloop
  endfacet
  facet normal -1 0 0
    outer loop
      vertex 7.1 3.2 5.8
      vertex 7.1 0.47897 10.421
      vertex 7.1 0.631427 10.4756
    endloop
  endfacet
  facet normal -1 0 0
    outer loop
      vertex 7.1 3.2 5.8
      vertex 7.1 0.321898 10.3817
      vertex 7.1 0.47897 10.421
    endloop
  endfacet
  facet normal -1 0 0
    outer loop
      vertex 7.1 3.2 5.8
      vertex 7.1 0.161728 10.3579
      vertex 7.1 0.321898 10.3817
    endloop
  endfacet
  facet normal -1 0 0
    outer loop
      vertex 7.1 3.2 5.8
      vertex 7.1 0 10.35
      vertex 7.1 0.161728 10.3579
    endloop
  endfacet
  facet normal -1 0 0
    outer loop
      vertex 7.1 -3.2 5.8
      vertex 7.1 0 10.35
      vertex 7.1 3.2 5.8
    endloop
  endfacet
  facet normal -1 -0 0
    outer loop
      vertex 7.1 0 10.35
      vertex 7.1 -3.2 5.8
      vertex 7.1 -0.161728 10.3579
    endloop
  endfacet
  facet normal -1 -0 0
    outer loop
      vertex 7.1 -0.161728 10.3579
      vertex 7.1 -3.2 5.8
      vertex 7.1 -0.321898 10.3817
    endloop
  endfacet
  facet normal -1 -0 0
    outer loop
      vertex 7.1 -0.321898 10.3817
      vertex 7.1 -3.2 5.8
      vertex 7.1 -0.47897 10.421
    endloop
  endfacet
  facet normal -1 -0 0
    outer loop
      vertex 7.1 -0.47897 10.421
      vertex 7.1 -3.2 5.8
      vertex 7.1 -0.631427 10.4756
    endloop
  endfacet
  facet normal -1 -0 0
    outer loop
      vertex 7.1 -0.631427 10.4756
      vertex 7.1 -3.2 5.8
      vertex 7.1 -0.777804 10.5448
    endloop
  endfacet
  facet normal -1 -0 0
    outer loop
      vertex 7.1 -0.777804 10.5448
      vertex 7.1 -3.2 5.8
      vertex 7.1 -0.916691 10.6281
    endloop
  endfacet
  facet normal -1 -0 0
    outer loop
      vertex 7.1 -0.916691 10.6281
      vertex 7.1 -3.2 5.8
      vertex 7.1 -1.04675 10.7245
    endloop
  endfacet
  facet normal -1 -0 0
    outer loop
      vertex 7.1 -1.04675 10.7245
      vertex 7.1 -3.2 5.8
      vertex 7.1 -1.16673 10.8333
    endloop
  endfacet
  facet normal -1 0 0
    outer loop
      vertex 7.1 -3.2 16
      vertex 7.1 -1.64205 11.8383
      vertex 7.1 -3.2 5.8
    endloop
  endfacet
  facet normal -1 -0 0
    outer loop
      vertex 7.1 -1.6183 11.6781
      vertex 7.1 -3.2 5.8
      vertex 7.1 -1.64205 11.8383
    endloop
  endfacet
  facet normal -1 -0 0
    outer loop
      vertex 7.1 -1.57895 11.521
      vertex 7.1 -3.2 5.8
      vertex 7.1 -1.6183 11.6781
    endloop
  endfacet
  facet normal -1 -0 0
    outer loop
      vertex 7.1 -1.5244 11.3686
      vertex 7.1 -3.2 5.8
      vertex 7.1 -1.57895 11.521
    endloop
  endfacet
  facet normal -1 -0 0
    outer loop
      vertex 7.1 -1.45517 11.2222
      vertex 7.1 -3.2 5.8
      vertex 7.1 -1.5244 11.3686
    endloop
  endfacet
  facet normal -1 -0 0
    outer loop
      vertex 7.1 -1.37192 11.0833
      vertex 7.1 -3.2 5.8
      vertex 7.1 -1.45517 11.2222
    endloop
  endfacet
  facet normal -1 -0 0
    outer loop
      vertex 7.1 -1.27547 10.9533
      vertex 7.1 -3.2 5.8
      vertex 7.1 -1.37192 11.0833
    endloop
  endfacet
  facet normal -1 -0 0
    outer loop
      vertex 7.1 -1.16673 10.8333
      vertex 7.1 -3.2 5.8
      vertex 7.1 -1.27547 10.9533
    endloop
  endfacet
  facet normal -1 0 0
    outer loop
      vertex 7.1 1.64205 12.1617
      vertex 7.1 3.2 16
      vertex 7.1 1.65 12
    endloop
  endfacet
  facet normal -1 0 0
    outer loop
      vertex 7.1 1.6183 12.3219
      vertex 7.1 3.2 16
      vertex 7.1 1.64205 12.1617
    endloop
  endfacet
  facet normal -1 0 0
    outer loop
      vertex 7.1 1.57895 12.479
      vertex 7.1 3.2 16
      vertex 7.1 1.6183 12.3219
    endloop
  endfacet
  facet normal -1 0 0
    outer loop
      vertex 7.1 1.5244 12.6314
      vertex 7.1 3.2 16
      vertex 7.1 1.57895 12.479
    endloop
  endfacet
  facet normal -1 0 0
    outer loop
      vertex 7.1 1.45517 12.7778
      vertex 7.1 3.2 16
      vertex 7.1 1.5244 12.6314
    endloop
  endfacet
  facet normal -1 0 0
    outer loop
      vertex 7.1 1.37192 12.9167
      vertex 7.1 3.2 16
      vertex 7.1 1.45517 12.7778
    endloop
  endfacet
  facet normal -1 0 0
    outer loop
      vertex 7.1 1.27547 13.0467
      vertex 7.1 3.2 16
      vertex 7.1 1.37192 12.9167
    endloop
  endfacet
  facet normal -1 0 0
    outer loop
      vertex 7.1 1.16673 13.1667
      vertex 7.1 3.2 16
      vertex 7.1 1.27547 13.0467
    endloop
  endfacet
  facet normal -1 0 0
    outer loop
      vertex 7.1 1.04675 13.2755
      vertex 7.1 3.2 16
      vertex 7.1 1.16673 13.1667
    endloop
  endfacet
  facet normal -1 0 0
    outer loop
      vertex 7.1 0.916691 13.3719
      vertex 7.1 3.2 16
      vertex 7.1 1.04675 13.2755
    endloop
  endfacet
  facet normal -1 0 0
    outer loop
      vertex 7.1 0.777804 13.4552
      vertex 7.1 3.2 16
      vertex 7.1 0.916691 13.3719
    endloop
  endfacet
  facet normal -1 0 0
    outer loop
      vertex 7.1 0.631427 13.5244
      vertex 7.1 3.2 16
      vertex 7.1 0.777804 13.4552
    endloop
  endfacet
  facet normal -1 0 0
    outer loop
      vertex 7.1 0.47897 13.579
      vertex 7.1 3.2 16
      vertex 7.1 0.631427 13.5244
    endloop
  endfacet
  facet normal -1 0 0
    outer loop
      vertex 7.1 0.321898 13.6183
      vertex 7.1 3.2 16
      vertex 7.1 0.47897 13.579
    endloop
  endfacet
  facet normal -1 0 0
    outer loop
      vertex 7.1 0.161728 13.6421
      vertex 7.1 3.2 16
      vertex 7.1 0.321898 13.6183
    endloop
  endfacet
  facet normal -1 0 0
    outer loop
      vertex 7.1 0 13.65
      vertex 7.1 3.2 16
      vertex 7.1 0.161728 13.6421
    endloop
  endfacet
  facet normal -1 0 0
    outer loop
      vertex 7.1 -3.2 16
      vertex 7.1 0 13.65
      vertex 7.1 -0.161728 13.6421
    endloop
  endfacet
  facet normal -1 0 0
    outer loop
      vertex 7.1 -3.2 16
      vertex 7.1 -0.161728 13.6421
      vertex 7.1 -0.321898 13.6183
    endloop
  endfacet
  facet normal -1 0 0
    outer loop
      vertex 7.1 -3.2 16
      vertex 7.1 -0.321898 13.6183
      vertex 7.1 -0.47897 13.579
    endloop
  endfacet
  facet normal -1 0 0
    outer loop
      vertex 7.1 -3.2 16
      vertex 7.1 -0.47897 13.579
      vertex 7.1 -0.631427 13.5244
    endloop
  endfacet
  facet normal -1 0 0
    outer loop
      vertex 7.1 -3.2 16
      vertex 7.1 -0.631427 13.5244
      vertex 7.1 -0.777804 13.4552
    endloop
  endfacet
  facet normal -1 0 0
    outer loop
      vertex 7.1 -3.2 16
      vertex 7.1 -0.777804 13.4552
      vertex 7.1 -0.916691 13.3719
    endloop
  endfacet
  facet normal -1 0 0
    outer loop
      vertex 7.1 -1.64205 11.8383
      vertex 7.1 -3.2 16
      vertex 7.1 -1.65 12
    endloop
  endfacet
  facet normal -1 0 0
    outer loop
      vertex 7.1 -1.65 12
      vertex 7.1 -3.2 16
      vertex 7.1 -1.64205 12.1617
    endloop
  endfacet
  facet normal -1 0 0
    outer loop
      vertex 7.1 0 13.65
      vertex 7.1 -3.2 16
      vertex 7.1 3.2 16
    endloop
  endfacet
  facet normal -1 0 0
    outer loop
      vertex 7.1 -1.04675 13.2755
      vertex 7.1 -3.2 16
      vertex 7.1 -0.916691 13.3719
    endloop
  endfacet
  facet normal -1 0 0
    outer loop
      vertex 7.1 -1.16673 13.1667
      vertex 7.1 -3.2 16
      vertex 7.1 -1.04675 13.2755
    endloop
  endfacet
  facet normal -1 0 0
    outer loop
      vertex 7.1 -1.27547 13.0467
      vertex 7.1 -3.2 16
      vertex 7.1 -1.16673 13.1667
    endloop
  endfacet
  facet normal -1 0 0
    outer loop
      vertex 7.1 -1.37192 12.9167
      vertex 7.1 -3.2 16
      vertex 7.1 -1.27547 13.0467
    endloop
  endfacet
  facet normal -1 0 0
    outer loop
      vertex 7.1 -1.45517 12.7778
      vertex 7.1 -3.2 16
      vertex 7.1 -1.37192 12.9167
    endloop
  endfacet
  facet normal -1 0 0
    outer loop
      vertex 7.1 -1.5244 12.6314
      vertex 7.1 -3.2 16
      vertex 7.1 -1.45517 12.7778
    endloop
  endfacet
  facet normal -1 0 0
    outer loop
      vertex 7.1 -1.57895 12.479
      vertex 7.1 -3.2 16
      vertex 7.1 -1.5244 12.6314
    endloop
  endfacet
  facet normal -1 0 0
    outer loop
      vertex 7.1 -1.6183 12.3219
      vertex 7.1 -3.2 16
      vertex 7.1 -1.57895 12.479
    endloop
  endfacet
  facet normal -1 0 0
    outer loop
      vertex 7.1 -1.64205 12.1617
      vertex 7.1 -3.2 16
      vertex 7.1 -1.6183 12.3219
    endloop
  endfacet
  facet normal -0 0 1
    outer loop
      vertex 4.5 3.2 5.8
      vertex 7.1 -3.2 5.8
      vertex 7.1 3.2 5.8
    endloop
  endfacet
  facet normal 0 0 1
    outer loop
      vertex 7.1 -3.2 5.8
      vertex 4.5 3.2 5.8
      vertex 4.5 -3.2 5.8
    endloop
  endfacet
  facet normal 1 0 0
    outer loop
      vertex 4.5 1.64205 11.8383
      vertex 4.5 3.2 16
      vertex 4.5 1.65 12
    endloop
  endfacet
  facet normal 1 0 0
    outer loop
      vertex 4.5 3.2 16
      vertex 4.5 1.64205 12.1617
      vertex 4.5 1.65 12
    endloop
  endfacet
  facet normal 1 0 0
    outer loop
      vertex 4.5 3.2 16
      vertex 4.5 1.6183 12.3219
      vertex 4.5 1.64205 12.1617
    endloop
  endfacet
  facet normal 1 0 0
    outer loop
      vertex 4.5 3.2 16
      vertex 4.5 1.57895 12.479
      vertex 4.5 1.6183 12.3219
    endloop
  endfacet
  facet normal 1 0 0
    outer loop
      vertex 4.5 3.2 16
      vertex 4.5 1.5244 12.6314
      vertex 4.5 1.57895 12.479
    endloop
  endfacet
  facet normal 1 0 0
    outer loop
      vertex 4.5 3.2 16
      vertex 4.5 1.45517 12.7778
      vertex 4.5 1.5244 12.6314
    endloop
  endfacet
  facet normal 1 0 0
    outer loop
      vertex 4.5 3.2 16
      vertex 4.5 1.37192 12.9167
      vertex 4.5 1.45517 12.7778
    endloop
  endfacet
  facet normal 1 0 0
    outer loop
      vertex 4.5 3.2 16
      vertex 4.5 1.27547 13.0467
      vertex 4.5 1.37192 12.9167
    endloop
  endfacet
  facet normal 1 0 0
    outer loop
      vertex 4.5 3.2 16
      vertex 4.5 1.16673 13.1667
      vertex 4.5 1.27547 13.0467
    endloop
  endfacet
  facet normal 1 0 0
    outer loop
      vertex 4.5 3.2 16
      vertex 4.5 1.04675 13.2755
      vertex 4.5 1.16673 13.1667
    endloop
  endfacet
  facet normal 1 0 0
    outer loop
      vertex 4.5 3.2 16
      vertex 4.5 0.916691 13.3719
      vertex 4.5 1.04675 13.2755
    endloop
  endfacet
  facet normal 1 0 0
    outer loop
      vertex 4.5 3.2 16
      vertex 4.5 0.777804 13.4552
      vertex 4.5 0.916691 13.3719
    endloop
  endfacet
  facet normal 1 0 0
    outer loop
      vertex 4.5 3.2 16
      vertex 4.5 0.631427 13.5244
      vertex 4.5 0.777804 13.4552
    endloop
  endfacet
  facet normal 1 0 0
    outer loop
      vertex 4.5 3.2 16
      vertex 4.5 0.47897 13.579
      vertex 4.5 0.631427 13.5244
    endloop
  endfacet
  facet normal 1 0 0
    outer loop
      vertex 4.5 3.2 16
      vertex 4.5 0.321898 13.6183
      vertex 4.5 0.47897 13.579
    endloop
  endfacet
  facet normal 1 0 0
    outer loop
      vertex 4.5 3.2 16
      vertex 4.5 0.161728 13.6421
      vertex 4.5 0.321898 13.6183
    endloop
  endfacet
  facet normal 1 0 0
    outer loop
      vertex 4.5 3.2 16
      vertex 4.5 0 13.65
      vertex 4.5 0.161728 13.6421
    endloop
  endfacet
  facet normal 1 -0 0
    outer loop
      vertex 4.5 -3.2 16
      vertex 4.5 0 13.65
      vertex 4.5 3.2 16
    endloop
  endfacet
  facet normal 1 0 0
    outer loop
      vertex 4.5 0 13.65
      vertex 4.5 -3.2 16
      vertex 4.5 -0.161728 13.6421
    endloop
  endfacet
  facet normal 1 0 0
    outer loop
      vertex 4.5 -0.161728 13.6421
      vertex 4.5 -3.2 16
      vertex 4.5 -0.321898 13.6183
    endloop
  endfacet
  facet normal 1 0 0
    outer loop
      vertex 4.5 -0.321898 13.6183
      vertex 4.5 -3.2 16
      vertex 4.5 -0.47897 13.579
    endloop
  endfacet
  facet normal 1 0 0
    outer loop
      vertex 4.5 -0.47897 13.579
      vertex 4.5 -3.2 16
      vertex 4.5 -0.631427 13.5244
    endloop
  endfacet
  facet normal 1 0 0
    outer loop
      vertex 4.5 -0.631427 13.5244
      vertex 4.5 -3.2 16
      vertex 4.5 -0.777804 13.4552
    endloop
  endfacet
  facet normal 1 0 0
    outer loop
      vertex 4.5 -1.64205 12.1617
      vertex 4.5 -3.2 16
      vertex 4.5 -1.65 12
    endloop
  endfacet
  facet normal 1 0 0
    outer loop
      vertex 4.5 -1.6183 12.3219
      vertex 4.5 -3.2 16
      vertex 4.5 -1.64205 12.1617
    endloop
  endfacet
  facet normal 1 0 0
    outer loop
      vertex 4.5 -1.57895 12.479
      vertex 4.5 -3.2 16
      vertex 4.5 -1.6183 12.3219
    endloop
  endfacet
  facet normal 1 0 0
    outer loop
      vertex 4.5 -1.5244 12.6314
      vertex 4.5 -3.2 16
      vertex 4.5 -1.57895 12.479
    endloop
  endfacet
  facet normal 1 0 0
    outer loop
      vertex 4.5 -1.45517 12.7778
      vertex 4.5 -3.2 16
      vertex 4.5 -1.5244 12.6314
    endloop
  endfacet
  facet normal 1 0 0
    outer loop
      vertex 4.5 -1.37192 12.9167
      vertex 4.5 -3.2 16
      vertex 4.5 -1.45517 12.7778
    endloop
  endfacet
  facet normal 1 0 0
    outer loop
      vertex 4.5 -1.27547 13.0467
      vertex 4.5 -3.2 16
      vertex 4.5 -1.37192 12.9167
    endloop
  endfacet
  facet normal 1 0 0
    outer loop
      vertex 4.5 -1.16673 13.1667
      vertex 4.5 -3.2 16
      vertex 4.5 -1.27547 13.0467
    endloop
  endfacet
  facet normal 1 0 0
    outer loop
      vertex 4.5 -1.04675 13.2755
      vertex 4.5 -3.2 16
      vertex 4.5 -1.16673 13.1667
    endloop
  endfacet
  facet normal 1 0 0
    outer loop
      vertex 4.5 -0.916691 13.3719
      vertex 4.5 -3.2 16
      vertex 4.5 -1.04675 13.2755
    endloop
  endfacet
  facet normal 1 0 0
    outer loop
      vertex 4.5 -0.777804 13.4552
      vertex 4.5 -3.2 16
      vertex 4.5 -0.916691 13.3719
    endloop
  endfacet
  facet normal 1 0 0
    outer loop
      vertex 4.5 3.2 16
      vertex 4.5 1.64205 11.8383
      vertex 4.5 3.2 5.8
    endloop
  endfacet
  facet normal 1 -0 0
    outer loop
      vertex 4.5 1.6183 11.6781
      vertex 4.5 3.2 5.8
      vertex 4.5 1.64205 11.8383
    endloop
  endfacet
  facet normal 1 -0 0
    outer loop
      vertex 4.5 1.57895 11.521
      vertex 4.5 3.2 5.8
      vertex 4.5 1.6183 11.6781
    endloop
  endfacet
  facet normal 1 -0 0
    outer loop
      vertex 4.5 1.5244 11.3686
      vertex 4.5 3.2 5.8
      vertex 4.5 1.57895 11.521
    endloop
  endfacet
  facet normal 1 -0 0
    outer loop
      vertex 4.5 1.45517 11.2222
      vertex 4.5 3.2 5.8
      vertex 4.5 1.5244 11.3686
    endloop
  endfacet
  facet normal 1 -0 0
    outer loop
      vertex 4.5 1.37192 11.0833
      vertex 4.5 3.2 5.8
      vertex 4.5 1.45517 11.2222
    endloop
  endfacet
  facet normal 1 -0 0
    outer loop
      vertex 4.5 1.27547 10.9533
      vertex 4.5 3.2 5.8
      vertex 4.5 1.37192 11.0833
    endloop
  endfacet
  facet normal 1 -0 0
    outer loop
      vertex 4.5 1.16673 10.8333
      vertex 4.5 3.2 5.8
      vertex 4.5 1.27547 10.9533
    endloop
  endfacet
  facet normal 1 -0 0
    outer loop
      vertex 4.5 1.04675 10.7245
      vertex 4.5 3.2 5.8
      vertex 4.5 1.16673 10.8333
    endloop
  endfacet
  facet normal 1 -0 0
    outer loop
      vertex 4.5 0.916691 10.6281
      vertex 4.5 3.2 5.8
      vertex 4.5 1.04675 10.7245
    endloop
  endfacet
  facet normal 1 -0 0
    outer loop
      vertex 4.5 0.777804 10.5448
      vertex 4.5 3.2 5.8
      vertex 4.5 0.916691 10.6281
    endloop
  endfacet
  facet normal 1 -0 0
    outer loop
      vertex 4.5 0.631427 10.4756
      vertex 4.5 3.2 5.8
      vertex 4.5 0.777804 10.5448
    endloop
  endfacet
  facet normal 1 -0 0
    outer loop
      vertex 4.5 0.47897 10.421
      vertex 4.5 3.2 5.8
      vertex 4.5 0.631427 10.4756
    endloop
  endfacet
  facet normal 1 -0 0
    outer loop
      vertex 4.5 0.321898 10.3817
      vertex 4.5 3.2 5.8
      vertex 4.5 0.47897 10.421
    endloop
  endfacet
  facet normal 1 -0 0
    outer loop
      vertex 4.5 0.161728 10.3579
      vertex 4.5 3.2 5.8
      vertex 4.5 0.321898 10.3817
    endloop
  endfacet
  facet normal 1 -0 0
    outer loop
      vertex 4.5 0 10.35
      vertex 4.5 3.2 5.8
      vertex 4.5 0.161728 10.3579
    endloop
  endfacet
  facet normal 1 0 0
    outer loop
      vertex 4.5 -3.2 5.8
      vertex 4.5 0 10.35
      vertex 4.5 -0.161728 10.3579
    endloop
  endfacet
  facet normal 1 0 0
    outer loop
      vertex 4.5 -3.2 5.8
      vertex 4.5 -0.161728 10.3579
      vertex 4.5 -0.321898 10.3817
    endloop
  endfacet
  facet normal 1 0 0
    outer loop
      vertex 4.5 -3.2 5.8
      vertex 4.5 -0.321898 10.3817
      vertex 4.5 -0.47897 10.421
    endloop
  endfacet
  facet normal 1 0 0
    outer loop
      vertex 4.5 -3.2 5.8
      vertex 4.5 -0.47897 10.421
      vertex 4.5 -0.631427 10.4756
    endloop
  endfacet
  facet normal 1 0 0
    outer loop
      vertex 4.5 -3.2 5.8
      vertex 4.5 -0.631427 10.4756
      vertex 4.5 -0.777804 10.5448
    endloop
  endfacet
  facet normal 1 0 0
    outer loop
      vertex 4.5 -3.2 5.8
      vertex 4.5 -0.777804 10.5448
      vertex 4.5 -0.916691 10.6281
    endloop
  endfacet
  facet normal 1 0 0
    outer loop
      vertex 4.5 -3.2 5.8
      vertex 4.5 -0.916691 10.6281
      vertex 4.5 -1.04675 10.7245
    endloop
  endfacet
  facet normal 1 0 0
    outer loop
      vertex 4.5 -3.2 5.8
      vertex 4.5 -1.04675 10.7245
      vertex 4.5 -1.16673 10.8333
    endloop
  endfacet
  facet normal 1 0 0
    outer loop
      vertex 4.5 -3.2 5.8
      vertex 4.5 -1.16673 10.8333
      vertex 4.5 -1.27547 10.9533
    endloop
  endfacet
  facet normal 1 0 0
    outer loop
      vertex 4.5 -3.2 16
      vertex 4.5 -1.64205 11.8383
      vertex 4.5 -1.65 12
    endloop
  endfacet
  facet normal 1 0 0
    outer loop
      vertex 4.5 -3.2 5.8
      vertex 4.5 -1.64205 11.8383
      vertex 4.5 -3.2 16
    endloop
  endfacet
  facet normal 1 0 0
    outer loop
      vertex 4.5 -1.64205 11.8383
      vertex 4.5 -3.2 5.8
      vertex 4.5 -1.6183 11.6781
    endloop
  endfacet
  facet normal 1 0 0
    outer loop
      vertex 4.5 -1.6183 11.6781
      vertex 4.5 -3.2 5.8
      vertex 4.5 -1.57895 11.521
    endloop
  endfacet
  facet normal 1 0 0
    outer loop
      vertex 4.5 0 10.35
      vertex 4.5 -3.2 5.8
      vertex 4.5 3.2 5.8
    endloop
  endfacet
  facet normal 1 0 0
    outer loop
      vertex 4.5 -1.37192 11.0833
      vertex 4.5 -3.2 5.8
      vertex 4.5 -1.27547 10.9533
    endloop
  endfacet
  facet normal 1 0 0
    outer loop
      vertex 4.5 -1.45517 11.2222
      vertex 4.5 -3.2 5.8
      vertex 4.5 -1.37192 11.0833
    endloop
  endfacet
  facet normal 1 0 0
    outer loop
      vertex 4.5 -1.5244 11.3686
      vertex 4.5 -3.2 5.8
      vertex 4.5 -1.45517 11.2222
    endloop
  endfacet
  facet normal 1 0 0
    outer loop
      vertex 4.5 -1.57895 11.521
      vertex 4.5 -3.2 5.8
      vertex 4.5 -1.5244 11.3686
    endloop
  endfacet
  facet normal 0 -1 0
    outer loop
      vertex 4.5 3.2 5.8
      vertex 7.1 3.2 16
      vertex 4.5 3.2 16
    endloop
  endfacet
  facet normal 0 -1 -0
    outer loop
      vertex 7.1 3.2 16
      vertex 4.5 3.2 5.8
      vertex 7.1 3.2 5.8
    endloop
  endfacet
  facet normal 0 1 -0
    outer loop
      vertex 7.1 -3.2 5.8
      vertex 4.5 -3.2 16
      vertex 7.1 -3.2 16
    endloop
  endfacet
  facet normal 0 1 0
    outer loop
      vertex 4.5 -3.2 16
      vertex 7.1 -3.2 5.8
      vertex 4.5 -3.2 5.8
    endloop
  endfacet
  facet normal 0.671609 0.740906 -0
    outer loop
      vertex 14.2871 -2.08713 0
      vertex 14.0908 -1.90919 8
      vertex 14.2871 -2.08713 8
    endloop
  endfacet
  facet normal 0.671609 0.740906 0
    outer loop
      vertex 14.0908 -1.90919 8
      vertex 14.2871 -2.08713 0
      vertex 14.0908 -1.90919 0
    endloop
  endfacet
  facet normal 0.941623 -0.336669 0
    outer loop
      vertex 13.4163 0.783768 8
      vertex 13.5055 1.03325 0
      vertex 13.5055 1.03325 8
    endloop
  endfacet
  facet normal 0.941623 -0.336669 0
    outer loop
      vertex 13.5055 1.03325 0
      vertex 13.4163 0.783768 8
      vertex 13.4163 0.783768 0
    endloop
  endfacet
  facet normal -0.989165 -0.14681 0
    outer loop
      vertex 18.687 0.264646 0
      vertex 18.6481 0.526743 8
      vertex 18.6481 0.526743 0
    endloop
  endfacet
  facet normal -0.989165 -0.14681 0
    outer loop
      vertex 18.6481 0.526743 8
      vertex 18.687 0.264646 0
      vertex 18.687 0.264646 8
    endloop
  endfacet
  facet normal -0.998796 -0.0490631 0
    outer loop
      vertex 18.7 0 0
      vertex 18.687 0.264646 8
      vertex 18.687 0.264646 0
    endloop
  endfacet
  facet normal -0.998796 -0.0490631 0
    outer loop
      vertex 18.687 0.264646 8
      vertex 18.7 0 0
      vertex 18.7 0 8
    endloop
  endfacet
  facet normal 0.514218 0.857659 -0
    outer loop
      vertex 14.7272 -2.38119 0
      vertex 14.5 -2.24497 8
      vertex 14.7272 -2.38119 8
    endloop
  endfacet
  facet normal 0.514218 0.857659 0
    outer loop
      vertex 14.5 -2.24497 8
      vertex 14.7272 -2.38119 0
      vertex 14.5 -2.24497 0
    endloop
  endfacet
  facet normal -0.671609 -0.740906 0
    outer loop
      vertex 17.7129 2.08713 0
      vertex 17.9092 1.90919 8
      vertex 17.7129 2.08713 8
    endloop
  endfacet
  facet normal -0.671609 -0.740906 -0
    outer loop
      vertex 17.9092 1.90919 8
      vertex 17.7129 2.08713 0
      vertex 17.9092 1.90919 0
    endloop
  endfacet
  facet normal 0.146735 0.989176 -0
    outer loop
      vertex 15.7354 -2.687 0
      vertex 15.4733 -2.64812 8
      vertex 15.7354 -2.687 8
    endloop
  endfacet
  facet normal 0.146735 0.989176 0
    outer loop
      vertex 15.4733 -2.64812 8
      vertex 15.7354 -2.687 0
      vertex 15.4733 -2.64812 0
    endloop
  endfacet
  facet normal -0.741032 -0.67147 0
    outer loop
      vertex 18.0871 1.71286 0
      vertex 17.9092 1.90919 8
      vertex 17.9092 1.90919 0
    endloop
  endfacet
  facet normal -0.741032 -0.67147 0
    outer loop
      vertex 17.9092 1.90919 8
      vertex 18.0871 1.71286 0
      vertex 18.0871 1.71286 8
    endloop
  endfacet
  facet normal -0.427424 -0.904051 0
    outer loop
      vertex 17.0332 2.49447 0
      vertex 17.2728 2.38119 8
      vertex 17.0332 2.49447 8
    endloop
  endfacet
  facet normal -0.427424 -0.904051 -0
    outer loop
      vertex 17.2728 2.38119 8
      vertex 17.0332 2.49447 0
      vertex 17.2728 2.38119 0
    endloop
  endfacet
  facet normal -0.0490716 0.998795 0
    outer loop
      vertex 16.2646 -2.687 0
      vertex 16 -2.7 8
      vertex 16.2646 -2.687 8
    endloop
  endfacet
  facet normal -0.0490716 0.998795 0
    outer loop
      vertex 16 -2.7 8
      vertex 16.2646 -2.687 0
      vertex 16 -2.7 0
    endloop
  endfacet
  facet normal -0.989165 0.14681 0
    outer loop
      vertex 18.6481 -0.526743 0
      vertex 18.687 -0.264646 8
      vertex 18.687 -0.264646 0
    endloop
  endfacet
  facet normal -0.989165 0.14681 0
    outer loop
      vertex 18.687 -0.264646 8
      vertex 18.6481 -0.526743 0
      vertex 18.6481 -0.526743 8
    endloop
  endfacet
  facet normal -0.903967 -0.427603 0
    outer loop
      vertex 18.4945 1.03325 0
      vertex 18.3812 1.27277 8
      vertex 18.3812 1.27277 0
    endloop
  endfacet
  facet normal -0.903967 -0.427603 0
    outer loop
      vertex 18.3812 1.27277 8
      vertex 18.4945 1.03325 0
      vertex 18.4945 1.03325 8
    endloop
  endfacet
  facet normal 0.242908 -0.970049 0
    outer loop
      vertex 15.2162 2.58374 0
      vertex 15.4733 2.64812 8
      vertex 15.2162 2.58374 8
    endloop
  endfacet
  facet normal 0.242908 -0.970049 0
    outer loop
      vertex 15.4733 2.64812 8
      vertex 15.2162 2.58374 0
      vertex 15.4733 2.64812 0
    endloop
  endfacet
  facet normal 0.803096 -0.59585 0
    outer loop
      vertex 13.755 1.50004 8
      vertex 13.9129 1.71286 0
      vertex 13.9129 1.71286 8
    endloop
  endfacet
  facet normal 0.803096 -0.59585 0
    outer loop
      vertex 13.9129 1.71286 0
      vertex 13.755 1.50004 8
      vertex 13.755 1.50004 0
    endloop
  endfacet
  facet normal -0.242908 -0.970049 0
    outer loop
      vertex 16.5267 2.64812 0
      vertex 16.7838 2.58374 8
      vertex 16.5267 2.64812 8
    endloop
  endfacet
  facet normal -0.242908 -0.970049 -0
    outer loop
      vertex 16.7838 2.58374 8
      vertex 16.5267 2.64812 0
      vertex 16.7838 2.58374 0
    endloop
  endfacet
  facet normal -0.337001 -0.941504 0
    outer loop
      vertex 16.7838 2.58374 0
      vertex 17.0332 2.49447 8
      vertex 16.7838 2.58374 8
    endloop
  endfacet
  facet normal -0.337001 -0.941504 -0
    outer loop
      vertex 17.0332 2.49447 8
      vertex 16.7838 2.58374 0
      vertex 17.0332 2.49447 0
    endloop
  endfacet
  facet normal -0.941623 -0.336669 0
    outer loop
      vertex 18.5837 0.783768 0
      vertex 18.4945 1.03325 8
      vertex 18.4945 1.03325 0
    endloop
  endfacet
  facet normal -0.941623 -0.336669 0
    outer loop
      vertex 18.4945 1.03325 8
      vertex 18.5837 0.783768 0
      vertex 18.5837 0.783768 8
    endloop
  endfacet
  facet normal -0.59556 -0.803311 0
    outer loop
      vertex 17.5 2.24497 0
      vertex 17.7129 2.08713 8
      vertex 17.5 2.24497 8
    endloop
  endfacet
  facet normal -0.59556 -0.803311 -0
    outer loop
      vertex 17.7129 2.08713 8
      vertex 17.5 2.24497 0
      vertex 17.7129 2.08713 0
    endloop
  endfacet
  facet normal 0.857763 0.514046 0
    outer loop
      vertex 13.755 -1.50004 8
      vertex 13.6188 -1.27277 0
      vertex 13.6188 -1.27277 8
    endloop
  endfacet
  facet normal 0.857763 0.514046 0
    outer loop
      vertex 13.6188 -1.27277 0
      vertex 13.755 -1.50004 8
      vertex 13.755 -1.50004 0
    endloop
  endfacet
  facet normal -0.514218 -0.857659 0
    outer loop
      vertex 17.2728 2.38119 0
      vertex 17.5 2.24497 8
      vertex 17.2728 2.38119 8
    endloop
  endfacet
  facet normal -0.514218 -0.857659 -0
    outer loop
      vertex 17.5 2.24497 8
      vertex 17.2728 2.38119 0
      vertex 17.5 2.24497 0
    endloop
  endfacet
  facet normal -0.941623 0.336669 0
    outer loop
      vertex 18.4945 -1.03325 0
      vertex 18.5837 -0.783768 8
      vertex 18.5837 -0.783768 0
    endloop
  endfacet
  facet normal -0.941623 0.336669 0
    outer loop
      vertex 18.5837 -0.783768 8
      vertex 18.4945 -1.03325 0
      vertex 18.4945 -1.03325 8
    endloop
  endfacet
  facet normal 0.857763 -0.514046 0
    outer loop
      vertex 13.6188 1.27277 8
      vertex 13.755 1.50004 0
      vertex 13.755 1.50004 8
    endloop
  endfacet
  facet normal 0.857763 -0.514046 0
    outer loop
      vertex 13.755 1.50004 0
      vertex 13.6188 1.27277 8
      vertex 13.6188 1.27277 0
    endloop
  endfacet
  facet normal 0.970015 0.243046 0
    outer loop
      vertex 13.4163 -0.783768 8
      vertex 13.3519 -0.526743 0
      vertex 13.3519 -0.526743 8
    endloop
  endfacet
  facet normal 0.970015 0.243046 0
    outer loop
      vertex 13.3519 -0.526743 0
      vertex 13.4163 -0.783768 8
      vertex 13.4163 -0.783768 0
    endloop
  endfacet
  facet normal -0.0490716 -0.998795 0
    outer loop
      vertex 16 2.7 0
      vertex 16.2646 2.687 8
      vertex 16 2.7 8
    endloop
  endfacet
  facet normal -0.0490716 -0.998795 -0
    outer loop
      vertex 16.2646 2.687 8
      vertex 16 2.7 0
      vertex 16.2646 2.687 0
    endloop
  endfacet
  facet normal -0.857763 -0.514046 0
    outer loop
      vertex 18.3812 1.27277 0
      vertex 18.245 1.50004 8
      vertex 18.245 1.50004 0
    endloop
  endfacet
  facet normal -0.857763 -0.514046 0
    outer loop
      vertex 18.245 1.50004 8
      vertex 18.3812 1.27277 0
      vertex 18.3812 1.27277 8
    endloop
  endfacet
  facet normal 0.941623 0.336669 0
    outer loop
      vertex 13.5055 -1.03325 8
      vertex 13.4163 -0.783768 0
      vertex 13.4163 -0.783768 8
    endloop
  endfacet
  facet normal 0.941623 0.336669 0
    outer loop
      vertex 13.4163 -0.783768 0
      vertex 13.5055 -1.03325 8
      vertex 13.5055 -1.03325 0
    endloop
  endfacet
  facet normal 0.671609 -0.740906 0
    outer loop
      vertex 14.0908 1.90919 0
      vertex 14.2871 2.08713 8
      vertex 14.0908 1.90919 8
    endloop
  endfacet
  facet normal 0.671609 -0.740906 0
    outer loop
      vertex 14.2871 2.08713 8
      vertex 14.0908 1.90919 0
      vertex 14.2871 2.08713 0
    endloop
  endfacet
  facet normal -0.970015 0.243046 0
    outer loop
      vertex 18.5837 -0.783768 0
      vertex 18.6481 -0.526743 8
      vertex 18.6481 -0.526743 0
    endloop
  endfacet
  facet normal -0.970015 0.243046 0
    outer loop
      vertex 18.6481 -0.526743 8
      vertex 18.5837 -0.783768 0
      vertex 18.5837 -0.783768 8
    endloop
  endfacet
  facet normal 0.514218 -0.857659 0
    outer loop
      vertex 14.5 2.24497 0
      vertex 14.7272 2.38119 8
      vertex 14.5 2.24497 8
    endloop
  endfacet
  facet normal 0.514218 -0.857659 0
    outer loop
      vertex 14.7272 2.38119 8
      vertex 14.5 2.24497 0
      vertex 14.7272 2.38119 0
    endloop
  endfacet
  facet normal 0.998796 0.0490631 0
    outer loop
      vertex 13.313 -0.264646 8
      vertex 13.3 0 0
      vertex 13.3 0 8
    endloop
  endfacet
  facet normal 0.998796 0.0490631 0
    outer loop
      vertex 13.3 0 0
      vertex 13.313 -0.264646 8
      vertex 13.313 -0.264646 0
    endloop
  endfacet
  facet normal 0.970015 -0.243046 0
    outer loop
      vertex 13.3519 0.526743 8
      vertex 13.4163 0.783768 0
      vertex 13.4163 0.783768 8
    endloop
  endfacet
  facet normal 0.970015 -0.243046 0
    outer loop
      vertex 13.4163 0.783768 0
      vertex 13.3519 0.526743 8
      vertex 13.3519 0.526743 0
    endloop
  endfacet
  facet normal -0.427424 0.904051 0
    outer loop
      vertex 17.2728 -2.38119 0
      vertex 17.0332 -2.49447 8
      vertex 17.2728 -2.38119 8
    endloop
  endfacet
  facet normal -0.427424 0.904051 0
    outer loop
      vertex 17.0332 -2.49447 8
      vertex 17.2728 -2.38119 0
      vertex 17.0332 -2.49447 0
    endloop
  endfacet
  facet normal 0.337001 0.941504 -0
    outer loop
      vertex 15.2162 -2.58374 0
      vertex 14.9668 -2.49447 8
      vertex 15.2162 -2.58374 8
    endloop
  endfacet
  facet normal 0.337001 0.941504 0
    outer loop
      vertex 14.9668 -2.49447 8
      vertex 15.2162 -2.58374 0
      vertex 14.9668 -2.49447 0
    endloop
  endfacet
  facet normal 0.337001 -0.941504 0
    outer loop
      vertex 14.9668 2.49447 0
      vertex 15.2162 2.58374 8
      vertex 14.9668 2.49447 8
    endloop
  endfacet
  facet normal 0.337001 -0.941504 0
    outer loop
      vertex 15.2162 2.58374 8
      vertex 14.9668 2.49447 0
      vertex 15.2162 2.58374 0
    endloop
  endfacet
  facet normal -0.514218 0.857659 0
    outer loop
      vertex 17.5 -2.24497 0
      vertex 17.2728 -2.38119 8
      vertex 17.5 -2.24497 8
    endloop
  endfacet
  facet normal -0.514218 0.857659 0
    outer loop
      vertex 17.2728 -2.38119 8
      vertex 17.5 -2.24497 0
      vertex 17.2728 -2.38119 0
    endloop
  endfacet
  facet normal -0.146735 0.989176 0
    outer loop
      vertex 16.5267 -2.64812 0
      vertex 16.2646 -2.687 8
      vertex 16.5267 -2.64812 8
    endloop
  endfacet
  facet normal -0.146735 0.989176 0
    outer loop
      vertex 16.2646 -2.687 8
      vertex 16.5267 -2.64812 0
      vertex 16.2646 -2.687 0
    endloop
  endfacet
  facet normal -0.741032 0.67147 0
    outer loop
      vertex 17.9092 -1.90919 0
      vertex 18.0871 -1.71286 8
      vertex 18.0871 -1.71286 0
    endloop
  endfacet
  facet normal -0.741032 0.67147 0
    outer loop
      vertex 18.0871 -1.71286 8
      vertex 17.9092 -1.90919 0
      vertex 17.9092 -1.90919 8
    endloop
  endfacet
  facet normal -0.803096 0.59585 0
    outer loop
      vertex 18.0871 -1.71286 0
      vertex 18.245 -1.50004 8
      vertex 18.245 -1.50004 0
    endloop
  endfacet
  facet normal -0.803096 0.59585 0
    outer loop
      vertex 18.245 -1.50004 8
      vertex 18.0871 -1.71286 0
      vertex 18.0871 -1.71286 8
    endloop
  endfacet
  facet normal 0.0490716 -0.998795 0
    outer loop
      vertex 15.7354 2.687 0
      vertex 16 2.7 8
      vertex 15.7354 2.687 8
    endloop
  endfacet
  facet normal 0.0490716 -0.998795 0
    outer loop
      vertex 16 2.7 8
      vertex 15.7354 2.687 0
      vertex 16 2.7 0
    endloop
  endfacet
  facet normal 0.427424 -0.904051 0
    outer loop
      vertex 14.7272 2.38119 0
      vertex 14.9668 2.49447 8
      vertex 14.7272 2.38119 8
    endloop
  endfacet
  facet normal 0.427424 -0.904051 0
    outer loop
      vertex 14.9668 2.49447 8
      vertex 14.7272 2.38119 0
      vertex 14.9668 2.49447 0
    endloop
  endfacet
  facet normal 0.59556 -0.803311 0
    outer loop
      vertex 14.2871 2.08713 0
      vertex 14.5 2.24497 8
      vertex 14.2871 2.08713 8
    endloop
  endfacet
  facet normal 0.59556 -0.803311 0
    outer loop
      vertex 14.5 2.24497 8
      vertex 14.2871 2.08713 0
      vertex 14.5 2.24497 0
    endloop
  endfacet
  facet normal 0.989165 -0.14681 0
    outer loop
      vertex 13.313 0.264646 8
      vertex 13.3519 0.526743 0
      vertex 13.3519 0.526743 8
    endloop
  endfacet
  facet normal 0.989165 -0.14681 0
    outer loop
      vertex 13.3519 0.526743 0
      vertex 13.313 0.264646 8
      vertex 13.313 0.264646 0
    endloop
  endfacet
  facet normal 0.242908 0.970049 -0
    outer loop
      vertex 15.4733 -2.64812 0
      vertex 15.2162 -2.58374 8
      vertex 15.4733 -2.64812 8
    endloop
  endfacet
  facet normal 0.242908 0.970049 0
    outer loop
      vertex 15.2162 -2.58374 8
      vertex 15.4733 -2.64812 0
      vertex 15.2162 -2.58374 0
    endloop
  endfacet
  facet normal -0.970015 -0.243046 0
    outer loop
      vertex 18.6481 0.526743 0
      vertex 18.5837 0.783768 8
      vertex 18.5837 0.783768 0
    endloop
  endfacet
  facet normal -0.970015 -0.243046 0
    outer loop
      vertex 18.5837 0.783768 8
      vertex 18.6481 0.526743 0
      vertex 18.6481 0.526743 8
    endloop
  endfacet
  facet normal -0.803096 -0.59585 0
    outer loop
      vertex 18.245 1.50004 0
      vertex 18.0871 1.71286 8
      vertex 18.0871 1.71286 0
    endloop
  endfacet
  facet normal -0.803096 -0.59585 0
    outer loop
      vertex 18.0871 1.71286 8
      vertex 18.245 1.50004 0
      vertex 18.245 1.50004 8
    endloop
  endfacet
  facet normal 0.803096 0.59585 0
    outer loop
      vertex 13.9129 -1.71286 8
      vertex 13.755 -1.50004 0
      vertex 13.755 -1.50004 8
    endloop
  endfacet
  facet normal 0.803096 0.59585 0
    outer loop
      vertex 13.755 -1.50004 0
      vertex 13.9129 -1.71286 8
      vertex 13.9129 -1.71286 0
    endloop
  endfacet
  facet normal 0.903967 0.427603 0
    outer loop
      vertex 13.6188 -1.27277 8
      vertex 13.5055 -1.03325 0
      vertex 13.5055 -1.03325 8
    endloop
  endfacet
  facet normal 0.903967 0.427603 0
    outer loop
      vertex 13.5055 -1.03325 0
      vertex 13.6188 -1.27277 8
      vertex 13.6188 -1.27277 0
    endloop
  endfacet
  facet normal -0.146735 -0.989176 0
    outer loop
      vertex 16.2646 2.687 0
      vertex 16.5267 2.64812 8
      vertex 16.2646 2.687 8
    endloop
  endfacet
  facet normal -0.146735 -0.989176 -0
    outer loop
      vertex 16.5267 2.64812 8
      vertex 16.2646 2.687 0
      vertex 16.5267 2.64812 0
    endloop
  endfacet
  facet normal 0.427424 0.904051 -0
    outer loop
      vertex 14.9668 -2.49447 0
      vertex 14.7272 -2.38119 8
      vertex 14.9668 -2.49447 8
    endloop
  endfacet
  facet normal 0.427424 0.904051 0
    outer loop
      vertex 14.7272 -2.38119 8
      vertex 14.9668 -2.49447 0
      vertex 14.7272 -2.38119 0
    endloop
  endfacet
  facet normal -0.59556 0.803311 0
    outer loop
      vertex 17.7129 -2.08713 0
      vertex 17.5 -2.24497 8
      vertex 17.7129 -2.08713 8
    endloop
  endfacet
  facet normal -0.59556 0.803311 0
    outer loop
      vertex 17.5 -2.24497 8
      vertex 17.7129 -2.08713 0
      vertex 17.5 -2.24497 0
    endloop
  endfacet
  facet normal -0.998796 0.0490631 0
    outer loop
      vertex 18.687 -0.264646 0
      vertex 18.7 0 8
      vertex 18.7 0 0
    endloop
  endfacet
  facet normal -0.998796 0.0490631 0
    outer loop
      vertex 18.7 0 8
      vertex 18.687 -0.264646 0
      vertex 18.687 -0.264646 8
    endloop
  endfacet
  facet normal 0.146735 -0.989176 0
    outer loop
      vertex 15.4733 2.64812 0
      vertex 15.7354 2.687 8
      vertex 15.4733 2.64812 8
    endloop
  endfacet
  facet normal 0.146735 -0.989176 0
    outer loop
      vertex 15.7354 2.687 8
      vertex 15.4733 2.64812 0
      vertex 15.7354 2.687 0
    endloop
  endfacet
  facet normal 0.989165 0.14681 0
    outer loop
      vertex 13.3519 -0.526743 8
      vertex 13.313 -0.264646 0
      vertex 13.313 -0.264646 8
    endloop
  endfacet
  facet normal 0.989165 0.14681 0
    outer loop
      vertex 13.313 -0.264646 0
      vertex 13.3519 -0.526743 8
      vertex 13.3519 -0.526743 0
    endloop
  endfacet
  facet normal -0.337001 0.941504 0
    outer loop
      vertex 17.0332 -2.49447 0
      vertex 16.7838 -2.58374 8
      vertex 17.0332 -2.49447 8
    endloop
  endfacet
  facet normal -0.337001 0.941504 0
    outer loop
      vertex 16.7838 -2.58374 8
      vertex 17.0332 -2.49447 0
      vertex 16.7838 -2.58374 0
    endloop
  endfacet
  facet normal -0.242908 0.970049 0
    outer loop
      vertex 16.7838 -2.58374 0
      vertex 16.5267 -2.64812 8
      vertex 16.7838 -2.58374 8
    endloop
  endfacet
  facet normal -0.242908 0.970049 0
    outer loop
      vertex 16.5267 -2.64812 8
      vertex 16.7838 -2.58374 0
      vertex 16.5267 -2.64812 0
    endloop
  endfacet
  facet normal 0.903967 -0.427603 0
    outer loop
      vertex 13.5055 1.03325 8
      vertex 13.6188 1.27277 0
      vertex 13.6188 1.27277 8
    endloop
  endfacet
  facet normal 0.903967 -0.427603 0
    outer loop
      vertex 13.6188 1.27277 0
      vertex 13.5055 1.03325 8
      vertex 13.5055 1.03325 0
    endloop
  endfacet
  facet normal 0.741032 0.67147 0
    outer loop
      vertex 14.0908 -1.90919 8
      vertex 13.9129 -1.71286 0
      vertex 13.9129 -1.71286 8
    endloop
  endfacet
  facet normal 0.741032 0.67147 0
    outer loop
      vertex 13.9129 -1.71286 0
      vertex 14.0908 -1.90919 8
      vertex 14.0908 -1.90919 0
    endloop
  endfacet
  facet normal 0.59556 0.803311 -0
    outer loop
      vertex 14.5 -2.24497 0
      vertex 14.2871 -2.08713 8
      vertex 14.5 -2.24497 8
    endloop
  endfacet
  facet normal 0.59556 0.803311 0
    outer loop
      vertex 14.2871 -2.08713 8
      vertex 14.5 -2.24497 0
      vertex 14.2871 -2.08713 0
    endloop
  endfacet
  facet normal -0.903967 0.427603 0
    outer loop
      vertex 18.3812 -1.27277 0
      vertex 18.4945 -1.03325 8
      vertex 18.4945 -1.03325 0
    endloop
  endfacet
  facet normal -0.903967 0.427603 0
    outer loop
      vertex 18.4945 -1.03325 8
      vertex 18.3812 -1.27277 0
      vertex 18.3812 -1.27277 8
    endloop
  endfacet
  facet normal -0.857763 0.514046 0
    outer loop
      vertex 18.245 -1.50004 0
      vertex 18.3812 -1.27277 8
      vertex 18.3812 -1.27277 0
    endloop
  endfacet
  facet normal -0.857763 0.514046 0
    outer loop
      vertex 18.3812 -1.27277 8
      vertex 18.245 -1.50004 0
      vertex 18.245 -1.50004 8
    endloop
  endfacet
  facet normal 0.741032 -0.67147 0
    outer loop
      vertex 13.9129 1.71286 8
      vertex 14.0908 1.90919 0
      vertex 14.0908 1.90919 8
    endloop
  endfacet
  facet normal 0.741032 -0.67147 0
    outer loop
      vertex 14.0908 1.90919 0
      vertex 13.9129 1.71286 8
      vertex 13.9129 1.71286 0
    endloop
  endfacet
  facet normal 0.0490716 0.998795 -0
    outer loop
      vertex 16 -2.7 0
      vertex 15.7354 -2.687 8
      vertex 16 -2.7 8
    endloop
  endfacet
  facet normal 0.0490716 0.998795 0
    outer loop
      vertex 15.7354 -2.687 8
      vertex 16 -2.7 0
      vertex 15.7354 -2.687 0
    endloop
  endfacet
  facet normal 0.998796 -0.0490631 0
    outer loop
      vertex 13.3 0 8
      vertex 13.313 0.264646 0
      vertex 13.313 0.264646 8
    endloop
  endfacet
  facet normal 0.998796 -0.0490631 0
    outer loop
      vertex 13.313 0.264646 0
      vertex 13.3 0 8
      vertex 13.3 0 0
    endloop
  endfacet
  facet normal -0.671609 0.740906 0
    outer loop
      vertex 17.9092 -1.90919 0
      vertex 17.7129 -2.08713 8
      vertex 17.9092 -1.90919 8
    endloop
  endfacet
  facet normal -0.671609 0.740906 0
    outer loop
      vertex 17.7129 -2.08713 8
      vertex 17.9092 -1.90919 0
      vertex 17.7129 -2.08713 0
    endloop
  endfacet
endsolid OpenSCAD_Model
