solid OpenSCAD_Model
  facet normal 0.707107 0 -0.707107
    outer loop
      vertex -50.2156 19.1894 53.4464
      vertex -50 30 53.662
      vertex -50 19.2 53.662
    endloop
  endfacet
  facet normal 0.707107 0 -0.707107
    outer loop
      vertex -50.4292 19.1577 53.2328
      vertex -50 30 53.662
      vertex -50.2156 19.1894 53.4464
    endloop
  endfacet
  facet normal 0.707107 0 -0.707107
    outer loop
      vertex -50.6386 19.1053 53.0234
      vertex -50 30 53.662
      vertex -50.4292 19.1577 53.2328
    endloop
  endfacet
  facet normal 0.707107 6.65506e-17 -0.707107
    outer loop
      vertex -50 30 53.662
      vertex -50.6386 19.1053 53.0234
      vertex -54.331 30 49.331
    endloop
  endfacet
  facet normal 0.707107 4.10903e-16 -0.707107
    outer loop
      vertex -50.8419 19.0325 52.8201
      vertex -54.331 30 49.331
      vertex -50.6386 19.1053 53.0234
    endloop
  endfacet
  facet normal 0.706949 -0.000100196 -0.707264
    outer loop
      vertex -51.0371 18.9402 52.625
      vertex -54.331 30 49.331
      vertex -50.8419 19.0325 52.8201
    endloop
  endfacet
  facet normal 0.707108 -5.42508e-06 -0.707105
    outer loop
      vertex -51.2223 18.8292 52.4398
      vertex -54.331 30 49.331
      vertex -51.0371 18.9402 52.625
    endloop
  endfacet
  facet normal 0.707109 -5.24701e-06 -0.707105
    outer loop
      vertex -51.3957 18.7006 52.2664
      vertex -54.331 30 49.331
      vertex -51.2223 18.8292 52.4398
    endloop
  endfacet
  facet normal 0.707288 8.78878e-05 -0.706926
    outer loop
      vertex -51.5556 18.5556 52.1064
      vertex -54.331 30 49.331
      vertex -51.3957 18.7006 52.2664
    endloop
  endfacet
  facet normal 0.707107 3.54595e-16 -0.707107
    outer loop
      vertex -51.7006 18.3957 51.9614
      vertex -54.331 30 49.331
      vertex -51.5556 18.5556 52.1064
    endloop
  endfacet
  facet normal 0.707107 3.42476e-16 -0.707107
    outer loop
      vertex -51.8292 18.2223 51.8328
      vertex -54.331 30 49.331
      vertex -51.7006 18.3957 51.9614
    endloop
  endfacet
  facet normal 0.707107 3.10355e-16 -0.707107
    outer loop
      vertex -51.9402 18.0371 51.7218
      vertex -54.331 30 49.331
      vertex -51.8292 18.2223 51.8328
    endloop
  endfacet
  facet normal 0.707107 2.99853e-16 -0.707107
    outer loop
      vertex -52.0325 17.8419 51.6295
      vertex -54.331 30 49.331
      vertex -51.9402 18.0371 51.7218
    endloop
  endfacet
  facet normal 0.706789 -0.000120232 -0.707425
    outer loop
      vertex -52.1053 17.6386 51.5568
      vertex -54.331 30 49.331
      vertex -52.0325 17.8419 51.6295
    endloop
  endfacet
  facet normal 0.707505 0.000137896 -0.706708
    outer loop
      vertex -52.1577 17.4292 51.5043
      vertex -54.331 30 49.331
      vertex -52.1053 17.6386 51.5568
    endloop
  endfacet
  facet normal 0.707107 1.81995e-16 -0.707107
    outer loop
      vertex -52.1894 17.2156 51.4726
      vertex -54.331 30 49.331
      vertex -52.1577 17.4292 51.5043
    endloop
  endfacet
  facet normal 0.707107 -1.79258e-14 -0.707107
    outer loop
      vertex -52.2 17 51.462
      vertex -54.331 30 49.331
      vertex -52.1894 17.2156 51.4726
    endloop
  endfacet
  facet normal 0.707107 1.78765e-14 -0.707107
    outer loop
      vertex -54.331 4 49.331
      vertex -52.2 17 51.462
      vertex -52.1894 16.7844 51.4726
    endloop
  endfacet
  facet normal 0.707107 0 -0.707107
    outer loop
      vertex -54.331 4 49.331
      vertex -52.1894 16.7844 51.4726
      vertex -52.1577 16.5708 51.5043
    endloop
  endfacet
  facet normal 0.707107 0 -0.707107
    outer loop
      vertex -50 4 53.662
      vertex -50.2156 14.8106 53.4464
      vertex -50 14.8 53.662
    endloop
  endfacet
  facet normal 0.707107 0 -0.707107
    outer loop
      vertex -50 4 53.662
      vertex -50.4292 14.8423 53.2328
      vertex -50.2156 14.8106 53.4464
    endloop
  endfacet
  facet normal 0.707107 0 -0.707107
    outer loop
      vertex -50 4 53.662
      vertex -50.6386 14.8947 53.0234
      vertex -50.4292 14.8423 53.2328
    endloop
  endfacet
  facet normal 0.707107 -7.98607e-17 -0.707107
    outer loop
      vertex -54.331 4 49.331
      vertex -50.6386 14.8947 53.0234
      vertex -50 4 53.662
    endloop
  endfacet
  facet normal 0.707107 -4.10903e-16 -0.707107
    outer loop
      vertex -50.6386 14.8947 53.0234
      vertex -54.331 4 49.331
      vertex -50.8419 14.9675 52.8201
    endloop
  endfacet
  facet normal 0.706949 0.000100196 -0.707264
    outer loop
      vertex -50.8419 14.9675 52.8201
      vertex -54.331 4 49.331
      vertex -51.0371 15.0598 52.625
    endloop
  endfacet
  facet normal 0.707108 5.42508e-06 -0.707105
    outer loop
      vertex -51.0371 15.0598 52.625
      vertex -54.331 4 49.331
      vertex -51.2223 15.1708 52.4398
    endloop
  endfacet
  facet normal 0.707109 5.24701e-06 -0.707105
    outer loop
      vertex -51.2223 15.1708 52.4398
      vertex -54.331 4 49.331
      vertex -51.3957 15.2994 52.2664
    endloop
  endfacet
  facet normal 0.707288 -8.78878e-05 -0.706926
    outer loop
      vertex -51.3957 15.2994 52.2664
      vertex -54.331 4 49.331
      vertex -51.5556 15.4444 52.1064
    endloop
  endfacet
  facet normal 0.707107 -3.54595e-16 -0.707107
    outer loop
      vertex -51.5556 15.4444 52.1064
      vertex -54.331 4 49.331
      vertex -51.7006 15.6043 51.9614
    endloop
  endfacet
  facet normal 0.707107 -3.22331e-16 -0.707107
    outer loop
      vertex -51.7006 15.6043 51.9614
      vertex -54.331 4 49.331
      vertex -51.8292 15.7777 51.8328
    endloop
  endfacet
  facet normal 0.707107 -3.10355e-16 -0.707107
    outer loop
      vertex -51.8292 15.7777 51.8328
      vertex -54.331 4 49.331
      vertex -51.9402 15.9629 51.7218
    endloop
  endfacet
  facet normal 0.707107 -2.8736e-16 -0.707107
    outer loop
      vertex -51.9402 15.9629 51.7218
      vertex -54.331 4 49.331
      vertex -52.0325 16.1581 51.6295
    endloop
  endfacet
  facet normal 0.706789 0.000120232 -0.707425
    outer loop
      vertex -52.0325 16.1581 51.6295
      vertex -54.331 4 49.331
      vertex -52.1053 16.3614 51.5568
    endloop
  endfacet
  facet normal 0.707107 0 -0.707107
    outer loop
      vertex -52.2 17 51.462
      vertex -54.331 4 49.331
      vertex -54.331 30 49.331
    endloop
  endfacet
  facet normal 0.707505 -0.000137896 -0.706708
    outer loop
      vertex -52.1053 16.3614 51.5568
      vertex -54.331 4 49.331
      vertex -52.1577 16.5708 51.5043
    endloop
  endfacet
  facet normal -0.0490829 0 0.998795
    outer loop
      vertex -50 30 38.875
      vertex -49.3997 4 38.9045
      vertex -49.3997 30 38.9045
    endloop
  endfacet
  facet normal -0.0490829 0 0.998795
    outer loop
      vertex -49.3997 4 38.9045
      vertex -50 30 38.875
      vertex -50 4 38.875
    endloop
  endfacet
  facet normal -0.242888 0 0.970054
    outer loop
      vertex -48.8051 30 38.9927
      vertex -48.222 4 39.1387
      vertex -48.222 30 39.1387
    endloop
  endfacet
  facet normal -0.242888 0 0.970054
    outer loop
      vertex -48.222 4 39.1387
      vertex -48.8051 30 38.9927
      vertex -48.8051 4 38.9927
    endloop
  endfacet
  facet normal -0.14673 0 0.989177
    outer loop
      vertex -49.3997 30 38.9045
      vertex -48.8051 4 38.9927
      vertex -48.8051 30 38.9927
    endloop
  endfacet
  facet normal -0.14673 0 0.989177
    outer loop
      vertex -48.8051 4 38.9927
      vertex -49.3997 30 38.9045
      vertex -49.3997 4 38.9045
    endloop
  endfacet
  facet normal 0.903995 -0 0.427543
    outer loop
      vertex -55.6588 4 42.6561
      vertex -55.4018 30 42.1127
      vertex -55.6588 30 42.6561
    endloop
  endfacet
  facet normal 0.903995 0 0.427543
    outer loop
      vertex -55.4018 30 42.1127
      vertex -55.6588 4 42.6561
      vertex -55.4018 4 42.1127
    endloop
  endfacet
  facet normal -0.707107 6.65506e-17 -0.707107
    outer loop
      vertex -49.3614 19.1053 53.0234
      vertex -50 30 53.662
      vertex -45.669 30 49.331
    endloop
  endfacet
  facet normal -0.707107 -0 -0.707107
    outer loop
      vertex -50 30 53.662
      vertex -49.7844 19.1894 53.4464
      vertex -50 19.2 53.662
    endloop
  endfacet
  facet normal -0.707107 0 -0.707107
    outer loop
      vertex -50 30 53.662
      vertex -49.5708 19.1577 53.2328
      vertex -49.7844 19.1894 53.4464
    endloop
  endfacet
  facet normal -0.707107 0 -0.707107
    outer loop
      vertex -50 30 53.662
      vertex -49.3614 19.1053 53.0234
      vertex -49.5708 19.1577 53.2328
    endloop
  endfacet
  facet normal -0.707107 5.05727e-16 -0.707107
    outer loop
      vertex -45.669 30 49.331
      vertex -49.1581 19.0325 52.8201
      vertex -49.3614 19.1053 53.0234
    endloop
  endfacet
  facet normal -0.706949 -0.000100196 -0.707264
    outer loop
      vertex -45.669 30 49.331
      vertex -48.9629 18.9402 52.625
      vertex -49.1581 19.0325 52.8201
    endloop
  endfacet
  facet normal -0.707108 -5.42508e-06 -0.707105
    outer loop
      vertex -45.669 30 49.331
      vertex -48.7777 18.8292 52.4398
      vertex -48.9629 18.9402 52.625
    endloop
  endfacet
  facet normal -0.707109 -5.24701e-06 -0.707105
    outer loop
      vertex -45.669 30 49.331
      vertex -48.6043 18.7006 52.2664
      vertex -48.7777 18.8292 52.4398
    endloop
  endfacet
  facet normal -0.707288 8.78878e-05 -0.706926
    outer loop
      vertex -45.669 30 49.331
      vertex -48.4444 18.5556 52.1064
      vertex -48.6043 18.7006 52.2664
    endloop
  endfacet
  facet normal -0.707107 5.97213e-16 -0.707107
    outer loop
      vertex -45.669 30 49.331
      vertex -48.2994 18.3957 51.9614
      vertex -48.4444 18.5556 52.1064
    endloop
  endfacet
  facet normal -0.707107 6.44661e-16 -0.707107
    outer loop
      vertex -45.669 30 49.331
      vertex -48.1708 18.2223 51.8328
      vertex -48.2994 18.3957 51.9614
    endloop
  endfacet
  facet normal -0.707107 3.54691e-16 -0.707107
    outer loop
      vertex -45.669 30 49.331
      vertex -48.0598 18.0371 51.7218
      vertex -48.1708 18.2223 51.8328
    endloop
  endfacet
  facet normal -0.707107 3.99805e-16 -0.707107
    outer loop
      vertex -45.669 30 49.331
      vertex -47.9675 17.8419 51.6295
      vertex -48.0598 18.0371 51.7218
    endloop
  endfacet
  facet normal -0.706789 -0.000120232 -0.707425
    outer loop
      vertex -45.669 30 49.331
      vertex -47.8947 17.6386 51.5568
      vertex -47.9675 17.8419 51.6295
    endloop
  endfacet
  facet normal -0.707505 0.000137896 -0.706708
    outer loop
      vertex -45.669 30 49.331
      vertex -47.8423 17.4292 51.5043
      vertex -47.8947 17.6386 51.5568
    endloop
  endfacet
  facet normal -0.707107 0 -0.707107
    outer loop
      vertex -45.669 30 49.331
      vertex -47.8106 17.2156 51.4726
      vertex -47.8423 17.4292 51.5043
    endloop
  endfacet
  facet normal -0.707107 -1.78765e-14 -0.707107
    outer loop
      vertex -45.669 30 49.331
      vertex -47.8 17 51.462
      vertex -47.8106 17.2156 51.4726
    endloop
  endfacet
  facet normal -0.707107 0 -0.707107
    outer loop
      vertex -45.669 4 49.331
      vertex -47.8 17 51.462
      vertex -45.669 30 49.331
    endloop
  endfacet
  facet normal -0.707107 1.79258e-14 -0.707107
    outer loop
      vertex -47.8 17 51.462
      vertex -45.669 4 49.331
      vertex -47.8106 16.7844 51.4726
    endloop
  endfacet
  facet normal -0.707107 -1.81995e-16 -0.707107
    outer loop
      vertex -47.8106 16.7844 51.4726
      vertex -45.669 4 49.331
      vertex -47.8423 16.5708 51.5043
    endloop
  endfacet
  facet normal -0.707505 -0.000137896 -0.706708
    outer loop
      vertex -45.669 4 49.331
      vertex -47.8947 16.3614 51.5568
      vertex -47.8423 16.5708 51.5043
    endloop
  endfacet
  facet normal -0.706789 0.000120232 -0.707425
    outer loop
      vertex -45.669 4 49.331
      vertex -47.9675 16.1581 51.6295
      vertex -47.8947 16.3614 51.5568
    endloop
  endfacet
  facet normal -0.707107 -3.99805e-16 -0.707107
    outer loop
      vertex -45.669 4 49.331
      vertex -48.0598 15.9629 51.7218
      vertex -47.9675 16.1581 51.6295
    endloop
  endfacet
  facet normal -0.707107 -3.54691e-16 -0.707107
    outer loop
      vertex -45.669 4 49.331
      vertex -48.1708 15.7777 51.8328
      vertex -48.0598 15.9629 51.7218
    endloop
  endfacet
  facet normal -0.707107 -6.44661e-16 -0.707107
    outer loop
      vertex -45.669 4 49.331
      vertex -48.2994 15.6043 51.9614
      vertex -48.1708 15.7777 51.8328
    endloop
  endfacet
  facet normal -0.707107 -5.97213e-16 -0.707107
    outer loop
      vertex -45.669 4 49.331
      vertex -48.4444 15.4444 52.1064
      vertex -48.2994 15.6043 51.9614
    endloop
  endfacet
  facet normal -0.707288 -8.78878e-05 -0.706926
    outer loop
      vertex -45.669 4 49.331
      vertex -48.6043 15.2994 52.2664
      vertex -48.4444 15.4444 52.1064
    endloop
  endfacet
  facet normal -0.707109 5.24701e-06 -0.707105
    outer loop
      vertex -45.669 4 49.331
      vertex -48.7777 15.1708 52.4398
      vertex -48.6043 15.2994 52.2664
    endloop
  endfacet
  facet normal -0.707108 5.42508e-06 -0.707105
    outer loop
      vertex -45.669 4 49.331
      vertex -48.9629 15.0598 52.625
      vertex -48.7777 15.1708 52.4398
    endloop
  endfacet
  facet normal -0.706949 0.000100196 -0.707264
    outer loop
      vertex -45.669 4 49.331
      vertex -49.1581 14.9675 52.8201
      vertex -48.9629 15.0598 52.625
    endloop
  endfacet
  facet normal -0.707107 -5.05727e-16 -0.707107
    outer loop
      vertex -45.669 4 49.331
      vertex -49.3614 14.8947 53.0234
      vertex -49.1581 14.9675 52.8201
    endloop
  endfacet
  facet normal -0.707107 -6.65506e-17 -0.707107
    outer loop
      vertex -50 4 53.662
      vertex -49.3614 14.8947 53.0234
      vertex -45.669 4 49.331
    endloop
  endfacet
  facet normal -0.707107 0 -0.707107
    outer loop
      vertex -49.3614 14.8947 53.0234
      vertex -50 4 53.662
      vertex -49.5708 14.8423 53.2328
    endloop
  endfacet
  facet normal -0.707107 0 -0.707107
    outer loop
      vertex -49.5708 14.8423 53.2328
      vertex -50 4 53.662
      vertex -49.7844 14.8106 53.4464
    endloop
  endfacet
  facet normal -0.707107 0 -0.707107
    outer loop
      vertex -49.7844 14.8106 53.4464
      vertex -50 4 53.662
      vertex -50 14.8 53.662
    endloop
  endfacet
  facet normal -0.803262 0 0.595625
    outer loop
      vertex -45.2653 4 41.1143
      vertex -44.9073 30 41.5971
      vertex -45.2653 30 41.1143
    endloop
  endfacet
  facet normal -0.803262 0 0.595625
    outer loop
      vertex -44.9073 30 41.5971
      vertex -45.2653 4 41.1143
      vertex -44.9073 4 41.5971
    endloop
  endfacet
  facet normal 0.998795 0 -0.0490829
    outer loop
      vertex -56.0955 4 45.6003
      vertex -56.125 30 45
      vertex -56.0955 30 45.6003
    endloop
  endfacet
  facet normal 0.998795 0 -0.0490829
    outer loop
      vertex -56.125 30 45
      vertex -56.0955 4 45.6003
      vertex -56.125 4 45
    endloop
  endfacet
  facet normal 0.989177 -0 0.14673
    outer loop
      vertex -56.0955 4 44.3997
      vertex -56.0073 30 43.8051
      vertex -56.0955 30 44.3997
    endloop
  endfacet
  facet normal 0.989177 0 0.14673
    outer loop
      vertex -56.0073 30 43.8051
      vertex -56.0955 4 44.3997
      vertex -56.0073 4 43.8051
    endloop
  endfacet
  facet normal 0.970054 0 -0.242888
    outer loop
      vertex -55.8613 4 46.778
      vertex -56.0073 30 46.1949
      vertex -55.8613 30 46.778
    endloop
  endfacet
  facet normal 0.970054 0 -0.242888
    outer loop
      vertex -56.0073 30 46.1949
      vertex -55.8613 4 46.778
      vertex -56.0073 4 46.1949
    endloop
  endfacet
  facet normal 0.903995 0 -0.427543
    outer loop
      vertex -55.4018 4 47.8873
      vertex -55.6588 30 47.3439
      vertex -55.4018 30 47.8873
    endloop
  endfacet
  facet normal 0.903995 0 -0.427543
    outer loop
      vertex -55.6588 30 47.3439
      vertex -55.4018 4 47.8873
      vertex -55.6588 4 47.3439
    endloop
  endfacet
  facet normal -0.998795 0 -0.0490829
    outer loop
      vertex -43.875 4 45
      vertex -43.9045 30 45.6003
      vertex -43.875 30 45
    endloop
  endfacet
  facet normal -0.998795 -0 -0.0490829
    outer loop
      vertex -43.9045 30 45.6003
      vertex -43.875 4 45
      vertex -43.9045 4 45.6003
    endloop
  endfacet
  facet normal 0.998795 -0 0.0490829
    outer loop
      vertex -56.125 4 45
      vertex -56.0955 30 44.3997
      vertex -56.125 30 45
    endloop
  endfacet
  facet normal 0.998795 0 0.0490829
    outer loop
      vertex -56.0955 30 44.3997
      vertex -56.125 4 45
      vertex -56.0955 4 44.3997
    endloop
  endfacet
  facet normal 0.989177 0 -0.14673
    outer loop
      vertex -56.0073 4 46.1949
      vertex -56.0955 30 45.6003
      vertex -56.0073 30 46.1949
    endloop
  endfacet
  facet normal 0.989177 0 -0.14673
    outer loop
      vertex -56.0955 30 45.6003
      vertex -56.0073 4 46.1949
      vertex -56.0955 4 45.6003
    endloop
  endfacet
  facet normal 0.970054 -0 0.242888
    outer loop
      vertex -56.0073 4 43.8051
      vertex -55.8613 30 43.222
      vertex -56.0073 30 43.8051
    endloop
  endfacet
  facet normal 0.970054 0 0.242888
    outer loop
      vertex -55.8613 30 43.222
      vertex -56.0073 4 43.8051
      vertex -55.8613 4 43.222
    endloop
  endfacet
  facet normal 0.671654 0 0.740865
    outer loop
      vertex -54.331 30 40.669
      vertex -53.8857 4 40.2653
      vertex -53.8857 30 40.2653
    endloop
  endfacet
  facet normal 0.671654 0 0.740865
    outer loop
      vertex -53.8857 4 40.2653
      vertex -54.331 30 40.669
      vertex -54.331 4 40.669
    endloop
  endfacet
  facet normal 0.740865 -0 0.671654
    outer loop
      vertex -54.7347 4 41.1143
      vertex -54.331 30 40.669
      vertex -54.7347 30 41.1143
    endloop
  endfacet
  facet normal 0.740865 0 0.671654
    outer loop
      vertex -54.331 30 40.669
      vertex -54.7347 4 41.1143
      vertex -54.331 4 40.669
    endloop
  endfacet
  facet normal 0.857684 0 -0.514178
    outer loop
      vertex -55.0927 4 48.4029
      vertex -55.4018 30 47.8873
      vertex -55.0927 30 48.4029
    endloop
  endfacet
  facet normal 0.857684 0 -0.514178
    outer loop
      vertex -55.4018 30 47.8873
      vertex -55.0927 4 48.4029
      vertex -55.4018 4 47.8873
    endloop
  endfacet
  facet normal -0.998795 0 0.0490829
    outer loop
      vertex -43.9045 4 44.3997
      vertex -43.875 30 45
      vertex -43.9045 30 44.3997
    endloop
  endfacet
  facet normal -0.998795 0 0.0490829
    outer loop
      vertex -43.875 30 45
      vertex -43.9045 4 44.3997
      vertex -43.875 4 45
    endloop
  endfacet
  facet normal 0.857684 -0 0.514178
    outer loop
      vertex -55.4018 4 42.1127
      vertex -55.0927 30 41.5971
      vertex -55.4018 30 42.1127
    endloop
  endfacet
  facet normal 0.857684 0 0.514178
    outer loop
      vertex -55.0927 30 41.5971
      vertex -55.4018 4 42.1127
      vertex -55.0927 4 41.5971
    endloop
  endfacet
  facet normal -0.857684 0 -0.514178
    outer loop
      vertex -44.5982 4 47.8873
      vertex -44.9073 30 48.4029
      vertex -44.5982 30 47.8873
    endloop
  endfacet
  facet normal -0.857684 -0 -0.514178
    outer loop
      vertex -44.9073 30 48.4029
      vertex -44.5982 4 47.8873
      vertex -44.9073 4 48.4029
    endloop
  endfacet
  facet normal 0.595625 0 0.803262
    outer loop
      vertex -53.8857 30 40.2653
      vertex -53.4029 4 39.9073
      vertex -53.4029 30 39.9073
    endloop
  endfacet
  facet normal 0.595625 0 0.803262
    outer loop
      vertex -53.4029 4 39.9073
      vertex -53.8857 30 40.2653
      vertex -53.8857 4 40.2653
    endloop
  endfacet
  facet normal 0.0490829 0 0.998795
    outer loop
      vertex -50.6003 30 38.9045
      vertex -50 4 38.875
      vertex -50 30 38.875
    endloop
  endfacet
  facet normal 0.0490829 0 0.998795
    outer loop
      vertex -50 4 38.875
      vertex -50.6003 30 38.9045
      vertex -50.6003 4 38.9045
    endloop
  endfacet
  facet normal 0.803262 0 -0.595625
    outer loop
      vertex -54.7347 4 48.8857
      vertex -55.0927 30 48.4029
      vertex -54.7347 30 48.8857
    endloop
  endfacet
  facet normal 0.803262 0 -0.595625
    outer loop
      vertex -55.0927 30 48.4029
      vertex -54.7347 4 48.8857
      vertex -55.0927 4 48.4029
    endloop
  endfacet
  facet normal 0.740865 0 -0.671654
    outer loop
      vertex -54.331 4 49.331
      vertex -54.7347 30 48.8857
      vertex -54.331 30 49.331
    endloop
  endfacet
  facet normal 0.740865 0 -0.671654
    outer loop
      vertex -54.7347 30 48.8857
      vertex -54.331 4 49.331
      vertex -54.7347 4 48.8857
    endloop
  endfacet
  facet normal -0.740865 0 -0.671654
    outer loop
      vertex -45.2653 4 48.8857
      vertex -45.669 30 49.331
      vertex -45.2653 30 48.8857
    endloop
  endfacet
  facet normal -0.740865 -0 -0.671654
    outer loop
      vertex -45.669 30 49.331
      vertex -45.2653 4 48.8857
      vertex -45.669 4 49.331
    endloop
  endfacet
  facet normal -0.989177 0 -0.14673
    outer loop
      vertex -43.9045 4 45.6003
      vertex -43.9927 30 46.1949
      vertex -43.9045 30 45.6003
    endloop
  endfacet
  facet normal -0.989177 -0 -0.14673
    outer loop
      vertex -43.9927 30 46.1949
      vertex -43.9045 4 45.6003
      vertex -43.9927 4 46.1949
    endloop
  endfacet
  facet normal 0.14673 0 0.989177
    outer loop
      vertex -51.1949 30 38.9927
      vertex -50.6003 4 38.9045
      vertex -50.6003 30 38.9045
    endloop
  endfacet
  facet normal 0.14673 0 0.989177
    outer loop
      vertex -50.6003 4 38.9045
      vertex -51.1949 30 38.9927
      vertex -51.1949 4 38.9927
    endloop
  endfacet
  facet normal -0.903995 0 0.427543
    outer loop
      vertex -44.5982 4 42.1127
      vertex -44.3412 30 42.6561
      vertex -44.5982 30 42.1127
    endloop
  endfacet
  facet normal -0.903995 0 0.427543
    outer loop
      vertex -44.3412 30 42.6561
      vertex -44.5982 4 42.1127
      vertex -44.3412 4 42.6561
    endloop
  endfacet
  facet normal 0.242888 0 0.970054
    outer loop
      vertex -51.778 30 39.1387
      vertex -51.1949 4 38.9927
      vertex -51.1949 30 38.9927
    endloop
  endfacet
  facet normal 0.242888 0 0.970054
    outer loop
      vertex -51.1949 4 38.9927
      vertex -51.778 30 39.1387
      vertex -51.778 4 39.1387
    endloop
  endfacet
  facet normal 0.803262 -0 0.595625
    outer loop
      vertex -55.0927 4 41.5971
      vertex -54.7347 30 41.1143
      vertex -55.0927 30 41.5971
    endloop
  endfacet
  facet normal 0.803262 0 0.595625
    outer loop
      vertex -54.7347 30 41.1143
      vertex -55.0927 4 41.5971
      vertex -54.7347 4 41.1143
    endloop
  endfacet
  facet normal -0.941535 0 -0.336916
    outer loop
      vertex -44.1387 4 46.778
      vertex -44.3412 30 47.3439
      vertex -44.1387 30 46.778
    endloop
  endfacet
  facet normal -0.941535 -0 -0.336916
    outer loop
      vertex -44.3412 30 47.3439
      vertex -44.1387 4 46.778
      vertex -44.3412 4 47.3439
    endloop
  endfacet
  facet normal -0.941535 0 0.336916
    outer loop
      vertex -44.3412 4 42.6561
      vertex -44.1387 30 43.222
      vertex -44.3412 30 42.6561
    endloop
  endfacet
  facet normal -0.941535 0 0.336916
    outer loop
      vertex -44.1387 30 43.222
      vertex -44.3412 4 42.6561
      vertex -44.1387 4 43.222
    endloop
  endfacet
  facet normal 0.514178 0 0.857684
    outer loop
      vertex -53.4029 30 39.9073
      vertex -52.8873 4 39.5982
      vertex -52.8873 30 39.5982
    endloop
  endfacet
  facet normal 0.514178 0 0.857684
    outer loop
      vertex -52.8873 4 39.5982
      vertex -53.4029 30 39.9073
      vertex -53.4029 4 39.9073
    endloop
  endfacet
  facet normal -0.989177 0 0.14673
    outer loop
      vertex -43.9927 4 43.8051
      vertex -43.9045 30 44.3997
      vertex -43.9927 30 43.8051
    endloop
  endfacet
  facet normal -0.989177 0 0.14673
    outer loop
      vertex -43.9045 30 44.3997
      vertex -43.9927 4 43.8051
      vertex -43.9045 4 44.3997
    endloop
  endfacet
  facet normal -0.903995 0 -0.427543
    outer loop
      vertex -44.3412 4 47.3439
      vertex -44.5982 30 47.8873
      vertex -44.3412 30 47.3439
    endloop
  endfacet
  facet normal -0.903995 -0 -0.427543
    outer loop
      vertex -44.5982 30 47.8873
      vertex -44.3412 4 47.3439
      vertex -44.5982 4 47.8873
    endloop
  endfacet
  facet normal 0.336916 0 0.941535
    outer loop
      vertex -52.3439 30 39.3412
      vertex -51.778 4 39.1387
      vertex -51.778 30 39.1387
    endloop
  endfacet
  facet normal 0.336916 0 0.941535
    outer loop
      vertex -51.778 4 39.1387
      vertex -52.3439 30 39.3412
      vertex -52.3439 4 39.3412
    endloop
  endfacet
  facet normal -0.970054 0 0.242888
    outer loop
      vertex -44.1387 4 43.222
      vertex -43.9927 30 43.8051
      vertex -44.1387 30 43.222
    endloop
  endfacet
  facet normal -0.970054 0 0.242888
    outer loop
      vertex -43.9927 30 43.8051
      vertex -44.1387 4 43.222
      vertex -43.9927 4 43.8051
    endloop
  endfacet
  facet normal 0.941535 -0 0.336916
    outer loop
      vertex -55.8613 4 43.222
      vertex -55.6588 30 42.6561
      vertex -55.8613 30 43.222
    endloop
  endfacet
  facet normal 0.941535 0 0.336916
    outer loop
      vertex -55.6588 30 42.6561
      vertex -55.8613 4 43.222
      vertex -55.6588 4 42.6561
    endloop
  endfacet
  facet normal 0.941535 0 -0.336916
    outer loop
      vertex -55.6588 4 47.3439
      vertex -55.8613 30 46.778
      vertex -55.6588 30 47.3439
    endloop
  endfacet
  facet normal 0.941535 0 -0.336916
    outer loop
      vertex -55.8613 30 46.778
      vertex -55.6588 4 47.3439
      vertex -55.8613 4 46.778
    endloop
  endfacet
  facet normal -0.857684 0 0.514178
    outer loop
      vertex -44.9073 4 41.5971
      vertex -44.5982 30 42.1127
      vertex -44.9073 30 41.5971
    endloop
  endfacet
  facet normal -0.857684 0 0.514178
    outer loop
      vertex -44.5982 30 42.1127
      vertex -44.9073 4 41.5971
      vertex -44.5982 4 42.1127
    endloop
  endfacet
  facet normal -0.336916 0 0.941535
    outer loop
      vertex -48.222 30 39.1387
      vertex -47.6561 4 39.3412
      vertex -47.6561 30 39.3412
    endloop
  endfacet
  facet normal -0.336916 0 0.941535
    outer loop
      vertex -47.6561 4 39.3412
      vertex -48.222 30 39.1387
      vertex -48.222 4 39.1387
    endloop
  endfacet
  facet normal 0.427543 0 0.903995
    outer loop
      vertex -52.8873 30 39.5982
      vertex -52.3439 4 39.3412
      vertex -52.3439 30 39.3412
    endloop
  endfacet
  facet normal 0.427543 0 0.903995
    outer loop
      vertex -52.3439 4 39.3412
      vertex -52.8873 30 39.5982
      vertex -52.8873 4 39.5982
    endloop
  endfacet
  facet normal -0.671654 0 0.740865
    outer loop
      vertex -46.1143 30 40.2653
      vertex -45.669 4 40.669
      vertex -45.669 30 40.669
    endloop
  endfacet
  facet normal -0.671654 0 0.740865
    outer loop
      vertex -45.669 4 40.669
      vertex -46.1143 30 40.2653
      vertex -46.1143 4 40.2653
    endloop
  endfacet
  facet normal -0.970054 0 -0.242888
    outer loop
      vertex -43.9927 4 46.1949
      vertex -44.1387 30 46.778
      vertex -43.9927 30 46.1949
    endloop
  endfacet
  facet normal -0.970054 -0 -0.242888
    outer loop
      vertex -44.1387 30 46.778
      vertex -43.9927 4 46.1949
      vertex -44.1387 4 46.778
    endloop
  endfacet
  facet normal -0.427543 0 0.903995
    outer loop
      vertex -47.6561 30 39.3412
      vertex -47.1127 4 39.5982
      vertex -47.1127 30 39.5982
    endloop
  endfacet
  facet normal -0.427543 0 0.903995
    outer loop
      vertex -47.1127 4 39.5982
      vertex -47.6561 30 39.3412
      vertex -47.6561 4 39.3412
    endloop
  endfacet
  facet normal -0.803262 0 -0.595625
    outer loop
      vertex -44.9073 4 48.4029
      vertex -45.2653 30 48.8857
      vertex -44.9073 30 48.4029
    endloop
  endfacet
  facet normal -0.803262 -0 -0.595625
    outer loop
      vertex -45.2653 30 48.8857
      vertex -44.9073 4 48.4029
      vertex -45.2653 4 48.8857
    endloop
  endfacet
  facet normal 0 1 0
    outer loop
      vertex -45.669 4 49.331
      vertex -54.331 4 49.331
      vertex -50 4 53.662
    endloop
  endfacet
  facet normal 0 1 0
    outer loop
      vertex -45.2653 4 48.8857
      vertex -54.331 4 49.331
      vertex -45.669 4 49.331
    endloop
  endfacet
  facet normal 0 1 0
    outer loop
      vertex -45.2653 4 48.8857
      vertex -54.7347 4 48.8857
      vertex -54.331 4 49.331
    endloop
  endfacet
  facet normal 0 1 0
    outer loop
      vertex -44.9073 4 48.4029
      vertex -54.7347 4 48.8857
      vertex -45.2653 4 48.8857
    endloop
  endfacet
  facet normal 0 1 0
    outer loop
      vertex -44.9073 4 48.4029
      vertex -55.0927 4 48.4029
      vertex -54.7347 4 48.8857
    endloop
  endfacet
  facet normal 0 1 0
    outer loop
      vertex -44.5982 4 47.8873
      vertex -55.0927 4 48.4029
      vertex -44.9073 4 48.4029
    endloop
  endfacet
  facet normal 0 1 0
    outer loop
      vertex -44.5982 4 47.8873
      vertex -55.4018 4 47.8873
      vertex -55.0927 4 48.4029
    endloop
  endfacet
  facet normal 0 1 0
    outer loop
      vertex -44.3412 4 47.3439
      vertex -55.4018 4 47.8873
      vertex -44.5982 4 47.8873
    endloop
  endfacet
  facet normal 0 1 0
    outer loop
      vertex -44.3412 4 47.3439
      vertex -55.6588 4 47.3439
      vertex -55.4018 4 47.8873
    endloop
  endfacet
  facet normal 0 1 0
    outer loop
      vertex -44.1387 4 46.778
      vertex -55.6588 4 47.3439
      vertex -44.3412 4 47.3439
    endloop
  endfacet
  facet normal 0 1 0
    outer loop
      vertex -44.1387 4 46.778
      vertex -55.8613 4 46.778
      vertex -55.6588 4 47.3439
    endloop
  endfacet
  facet normal 0 1 0
    outer loop
      vertex -43.9927 4 46.1949
      vertex -55.8613 4 46.778
      vertex -44.1387 4 46.778
    endloop
  endfacet
  facet normal 0 1 0
    outer loop
      vertex -43.9927 4 46.1949
      vertex -56.0073 4 46.1949
      vertex -55.8613 4 46.778
    endloop
  endfacet
  facet normal 0 1 0
    outer loop
      vertex -43.9045 4 45.6003
      vertex -56.0073 4 46.1949
      vertex -43.9927 4 46.1949
    endloop
  endfacet
  facet normal 0 1 0
    outer loop
      vertex -43.9045 4 45.6003
      vertex -56.0955 4 45.6003
      vertex -56.0073 4 46.1949
    endloop
  endfacet
  facet normal 0 1 0
    outer loop
      vertex -43.875 4 45
      vertex -56.0955 4 45.6003
      vertex -43.9045 4 45.6003
    endloop
  endfacet
  facet normal 0 1 0
    outer loop
      vertex -43.875 4 45
      vertex -56.125 4 45
      vertex -56.0955 4 45.6003
    endloop
  endfacet
  facet normal 0 1 -0
    outer loop
      vertex -43.9045 4 44.3997
      vertex -56.125 4 45
      vertex -43.875 4 45
    endloop
  endfacet
  facet normal 0 1 0
    outer loop
      vertex -43.9045 4 44.3997
      vertex -56.0955 4 44.3997
      vertex -56.125 4 45
    endloop
  endfacet
  facet normal 0 1 -0
    outer loop
      vertex -43.9927 4 43.8051
      vertex -56.0955 4 44.3997
      vertex -43.9045 4 44.3997
    endloop
  endfacet
  facet normal 0 1 0
    outer loop
      vertex -43.9927 4 43.8051
      vertex -56.0073 4 43.8051
      vertex -56.0955 4 44.3997
    endloop
  endfacet
  facet normal 0 1 -0
    outer loop
      vertex -44.1387 4 43.222
      vertex -56.0073 4 43.8051
      vertex -43.9927 4 43.8051
    endloop
  endfacet
  facet normal 0 1 0
    outer loop
      vertex -44.1387 4 43.222
      vertex -55.8613 4 43.222
      vertex -56.0073 4 43.8051
    endloop
  endfacet
  facet normal 0 1 -0
    outer loop
      vertex -44.3412 4 42.6561
      vertex -55.8613 4 43.222
      vertex -44.1387 4 43.222
    endloop
  endfacet
  facet normal 0 1 0
    outer loop
      vertex -44.3412 4 42.6561
      vertex -55.6588 4 42.6561
      vertex -55.8613 4 43.222
    endloop
  endfacet
  facet normal 0 1 -0
    outer loop
      vertex -44.5982 4 42.1127
      vertex -55.6588 4 42.6561
      vertex -44.3412 4 42.6561
    endloop
  endfacet
  facet normal 0 1 0
    outer loop
      vertex -44.5982 4 42.1127
      vertex -55.4018 4 42.1127
      vertex -55.6588 4 42.6561
    endloop
  endfacet
  facet normal 0 1 -0
    outer loop
      vertex -44.9073 4 41.5971
      vertex -55.4018 4 42.1127
      vertex -44.5982 4 42.1127
    endloop
  endfacet
  facet normal 0 1 0
    outer loop
      vertex -44.9073 4 41.5971
      vertex -55.0927 4 41.5971
      vertex -55.4018 4 42.1127
    endloop
  endfacet
  facet normal 0 1 -0
    outer loop
      vertex -45.2653 4 41.1143
      vertex -55.0927 4 41.5971
      vertex -44.9073 4 41.5971
    endloop
  endfacet
  facet normal 0 1 0
    outer loop
      vertex -45.2653 4 41.1143
      vertex -54.7347 4 41.1143
      vertex -55.0927 4 41.5971
    endloop
  endfacet
  facet normal 0 1 -0
    outer loop
      vertex -45.669 4 40.669
      vertex -54.7347 4 41.1143
      vertex -45.2653 4 41.1143
    endloop
  endfacet
  facet normal 0 1 0
    outer loop
      vertex -45.669 4 40.669
      vertex -54.331 4 40.669
      vertex -54.7347 4 41.1143
    endloop
  endfacet
  facet normal 0 1 -0
    outer loop
      vertex -46.1143 4 40.2653
      vertex -54.331 4 40.669
      vertex -45.669 4 40.669
    endloop
  endfacet
  facet normal 0 1 0
    outer loop
      vertex -46.1143 4 40.2653
      vertex -53.8857 4 40.2653
      vertex -54.331 4 40.669
    endloop
  endfacet
  facet normal 0 1 -0
    outer loop
      vertex -46.5971 4 39.9073
      vertex -53.8857 4 40.2653
      vertex -46.1143 4 40.2653
    endloop
  endfacet
  facet normal 0 1 0
    outer loop
      vertex -46.5971 4 39.9073
      vertex -53.4029 4 39.9073
      vertex -53.8857 4 40.2653
    endloop
  endfacet
  facet normal 0 1 -0
    outer loop
      vertex -47.1127 4 39.5982
      vertex -53.4029 4 39.9073
      vertex -46.5971 4 39.9073
    endloop
  endfacet
  facet normal 0 1 0
    outer loop
      vertex -47.1127 4 39.5982
      vertex -52.8873 4 39.5982
      vertex -53.4029 4 39.9073
    endloop
  endfacet
  facet normal 0 1 -0
    outer loop
      vertex -47.6561 4 39.3412
      vertex -52.8873 4 39.5982
      vertex -47.1127 4 39.5982
    endloop
  endfacet
  facet normal 0 1 0
    outer loop
      vertex -47.6561 4 39.3412
      vertex -52.3439 4 39.3412
      vertex -52.8873 4 39.5982
    endloop
  endfacet
  facet normal 0 1 -0
    outer loop
      vertex -48.222 4 39.1387
      vertex -52.3439 4 39.3412
      vertex -47.6561 4 39.3412
    endloop
  endfacet
  facet normal 0 1 0
    outer loop
      vertex -48.222 4 39.1387
      vertex -51.778 4 39.1387
      vertex -52.3439 4 39.3412
    endloop
  endfacet
  facet normal 0 1 -0
    outer loop
      vertex -48.8051 4 38.9927
      vertex -51.778 4 39.1387
      vertex -48.222 4 39.1387
    endloop
  endfacet
  facet normal 0 1 0
    outer loop
      vertex -48.8051 4 38.9927
      vertex -51.1949 4 38.9927
      vertex -51.778 4 39.1387
    endloop
  endfacet
  facet normal 0 1 -0
    outer loop
      vertex -49.3997 4 38.9045
      vertex -51.1949 4 38.9927
      vertex -48.8051 4 38.9927
    endloop
  endfacet
  facet normal 0 1 0
    outer loop
      vertex -49.3997 4 38.9045
      vertex -50.6003 4 38.9045
      vertex -51.1949 4 38.9927
    endloop
  endfacet
  facet normal -0 1 0
    outer loop
      vertex -50.6003 4 38.9045
      vertex -49.3997 4 38.9045
      vertex -50 4 38.875
    endloop
  endfacet
  facet normal -0.514178 0 0.857684
    outer loop
      vertex -47.1127 30 39.5982
      vertex -46.5971 4 39.9073
      vertex -46.5971 30 39.9073
    endloop
  endfacet
  facet normal -0.514178 0 0.857684
    outer loop
      vertex -46.5971 4 39.9073
      vertex -47.1127 30 39.5982
      vertex -47.1127 4 39.5982
    endloop
  endfacet
  facet normal -0.740865 0 0.671654
    outer loop
      vertex -45.669 4 40.669
      vertex -45.2653 30 41.1143
      vertex -45.669 30 40.669
    endloop
  endfacet
  facet normal -0.740865 0 0.671654
    outer loop
      vertex -45.2653 30 41.1143
      vertex -45.669 4 40.669
      vertex -45.2653 4 41.1143
    endloop
  endfacet
  facet normal -0.595625 0 0.803262
    outer loop
      vertex -46.5971 30 39.9073
      vertex -46.1143 4 40.2653
      vertex -46.1143 30 40.2653
    endloop
  endfacet
  facet normal -0.595625 0 0.803262
    outer loop
      vertex -46.1143 4 40.2653
      vertex -46.5971 30 39.9073
      vertex -46.5971 4 39.9073
    endloop
  endfacet
  facet normal 0.337128 0.941459 -0
    outer loop
      vertex -50.6386 14.8947 53.0234
      vertex -50.8419 14.9675 54
      vertex -50.6386 14.8947 54
    endloop
  endfacet
  facet normal 0.337128 0.941459 0
    outer loop
      vertex -50.8419 14.9675 54
      vertex -50.6386 14.8947 53.0234
      vertex -50.8419 14.9675 52.8201
    endloop
  endfacet
  facet normal 0.337128 0.941459 -0
    outer loop
      vertex -50.6386 14.8947 57.4
      vertex -50.8419 14.9675 65
      vertex -50.6386 14.8947 65
    endloop
  endfacet
  facet normal 0.337128 0.941459 0
    outer loop
      vertex -50.8419 14.9675 65
      vertex -50.6386 14.8947 57.4
      vertex -50.8419 14.9675 57.4
    endloop
  endfacet
  facet normal -0.989166 -0.1468 -0
    outer loop
      vertex -47.8106 17.2156 54
      vertex -47.8423 17.4292 51.5043
      vertex -47.8106 17.2156 51.4726
    endloop
  endfacet
  facet normal -0.989166 -0.1468 0
    outer loop
      vertex -47.8423 17.4292 51.5043
      vertex -47.8106 17.2156 54
      vertex -47.8423 17.4292 54
    endloop
  endfacet
  facet normal -0.989166 -0.1468 0
    outer loop
      vertex -47.8106 17.2156 57.4
      vertex -47.8423 17.4292 65
      vertex -47.8423 17.4292 57.4
    endloop
  endfacet
  facet normal -0.989166 -0.1468 0
    outer loop
      vertex -47.8423 17.4292 65
      vertex -47.8106 17.2156 57.4
      vertex -47.8106 17.2156 65
    endloop
  endfacet
  facet normal -0.998794 -0.0491058 -0
    outer loop
      vertex -47.8 17 54
      vertex -47.8106 17.2156 51.4726
      vertex -47.8 17 51.462
    endloop
  endfacet
  facet normal -0.998794 -0.0491058 0
    outer loop
      vertex -47.8106 17.2156 51.4726
      vertex -47.8 17 54
      vertex -47.8106 17.2156 54
    endloop
  endfacet
  facet normal -0.998794 -0.0491058 0
    outer loop
      vertex -47.8 17 57.4
      vertex -47.8106 17.2156 65
      vertex -47.8106 17.2156 57.4
    endloop
  endfacet
  facet normal -0.998794 -0.0491058 0
    outer loop
      vertex -47.8106 17.2156 65
      vertex -47.8 17 57.4
      vertex -47.8 17 65
    endloop
  endfacet
  facet normal -0.970088 -0.242754 -0
    outer loop
      vertex -47.8423 17.4292 54
      vertex -47.8947 17.6386 51.5568
      vertex -47.8423 17.4292 51.5043
    endloop
  endfacet
  facet normal -0.970088 -0.242754 0
    outer loop
      vertex -47.8947 17.6386 51.5568
      vertex -47.8423 17.4292 54
      vertex -47.8947 17.6386 54
    endloop
  endfacet
  facet normal -0.970088 -0.242754 0
    outer loop
      vertex -47.8423 17.4292 57.4
      vertex -47.8947 17.6386 65
      vertex -47.8947 17.6386 57.4
    endloop
  endfacet
  facet normal -0.970088 -0.242754 0
    outer loop
      vertex -47.8947 17.6386 65
      vertex -47.8423 17.4292 57.4
      vertex -47.8423 17.4292 65
    endloop
  endfacet
  facet normal 0.989166 -0.1468 0
    outer loop
      vertex -52.1894 17.2156 54
      vertex -52.1577 17.4292 51.5043
      vertex -52.1577 17.4292 54
    endloop
  endfacet
  facet normal 0.989166 -0.1468 0
    outer loop
      vertex -52.1577 17.4292 51.5043
      vertex -52.1894 17.2156 54
      vertex -52.1894 17.2156 51.4726
    endloop
  endfacet
  facet normal 0.989166 -0.1468 0
    outer loop
      vertex -52.1894 17.2156 65
      vertex -52.1577 17.4292 57.4
      vertex -52.1577 17.4292 65
    endloop
  endfacet
  facet normal 0.989166 -0.1468 0
    outer loop
      vertex -52.1577 17.4292 57.4
      vertex -52.1894 17.2156 65
      vertex -52.1894 17.2156 57.4
    endloop
  endfacet
  facet normal 0.242754 0.970088 -0
    outer loop
      vertex -50.4292 14.8423 53.2328
      vertex -50.6386 14.8947 54
      vertex -50.4292 14.8423 54
    endloop
  endfacet
  facet normal 0.242754 0.970088 0
    outer loop
      vertex -50.6386 14.8947 54
      vertex -50.4292 14.8423 53.2328
      vertex -50.6386 14.8947 53.0234
    endloop
  endfacet
  facet normal 0.242754 0.970088 -0
    outer loop
      vertex -50.4292 14.8423 57.4
      vertex -50.6386 14.8947 65
      vertex -50.4292 14.8423 65
    endloop
  endfacet
  facet normal 0.242754 0.970088 0
    outer loop
      vertex -50.6386 14.8947 65
      vertex -50.4292 14.8423 57.4
      vertex -50.6386 14.8947 57.4
    endloop
  endfacet
  facet normal -0.337128 -0.941459 0
    outer loop
      vertex -49.3614 19.1053 53.0234
      vertex -49.1581 19.0325 54
      vertex -49.3614 19.1053 54
    endloop
  endfacet
  facet normal -0.337128 -0.941459 -0
    outer loop
      vertex -49.1581 19.0325 54
      vertex -49.3614 19.1053 53.0234
      vertex -49.1581 19.0325 52.8201
    endloop
  endfacet
  facet normal -0.337128 -0.941459 0
    outer loop
      vertex -49.3614 19.1053 57.4
      vertex -49.1581 19.0325 65
      vertex -49.3614 19.1053 65
    endloop
  endfacet
  facet normal -0.337128 -0.941459 -0
    outer loop
      vertex -49.1581 19.0325 65
      vertex -49.3614 19.1053 57.4
      vertex -49.1581 19.0325 57.4
    endloop
  endfacet
  facet normal 0.514087 -0.857738 0
    outer loop
      vertex -51.2223 18.8292 54
      vertex -51.0371 18.9402 52.625
      vertex -51.0371 18.9402 54
    endloop
  endfacet
  facet normal 0.514087 -0.857738 0
    outer loop
      vertex -51.0371 18.9402 52.625
      vertex -51.2223 18.8292 54
      vertex -51.2223 18.8292 52.4398
    endloop
  endfacet
  facet normal 0.514087 -0.857738 0
    outer loop
      vertex -51.2223 18.8292 57.4
      vertex -51.0371 18.9402 65
      vertex -51.2223 18.8292 65
    endloop
  endfacet
  facet normal 0.514087 -0.857738 0
    outer loop
      vertex -51.0371 18.9402 65
      vertex -51.2223 18.8292 57.4
      vertex -51.0371 18.9402 57.4
    endloop
  endfacet
  facet normal 0.90403 0.427469 -0
    outer loop
      vertex -51.9402 15.9629 51.7218
      vertex -52.0325 16.1581 54
      vertex -51.9402 15.9629 54
    endloop
  endfacet
  facet normal 0.90403 0.427469 0
    outer loop
      vertex -52.0325 16.1581 54
      vertex -51.9402 15.9629 51.7218
      vertex -52.0325 16.1581 51.6295
    endloop
  endfacet
  facet normal 0.90403 0.427469 0
    outer loop
      vertex -51.9402 15.9629 65
      vertex -52.0325 16.1581 57.4
      vertex -52.0325 16.1581 65
    endloop
  endfacet
  facet normal 0.90403 0.427469 0
    outer loop
      vertex -52.0325 16.1581 57.4
      vertex -51.9402 15.9629 65
      vertex -51.9402 15.9629 57.4
    endloop
  endfacet
  facet normal 0.242754 -0.970088 0
    outer loop
      vertex -50.6386 19.1053 54
      vertex -50.4292 19.1577 53.2328
      vertex -50.4292 19.1577 54
    endloop
  endfacet
  facet normal 0.242754 -0.970088 0
    outer loop
      vertex -50.4292 19.1577 53.2328
      vertex -50.6386 19.1053 54
      vertex -50.6386 19.1053 53.0234
    endloop
  endfacet
  facet normal 0.242754 -0.970088 0
    outer loop
      vertex -50.6386 19.1053 57.4
      vertex -50.4292 19.1577 65
      vertex -50.6386 19.1053 65
    endloop
  endfacet
  facet normal 0.242754 -0.970088 0
    outer loop
      vertex -50.4292 19.1577 65
      vertex -50.6386 19.1053 57.4
      vertex -50.4292 19.1577 57.4
    endloop
  endfacet
  facet normal 0.857738 0.514087 -0
    outer loop
      vertex -51.8292 15.7777 51.8328
      vertex -51.9402 15.9629 54
      vertex -51.8292 15.7777 54
    endloop
  endfacet
  facet normal 0.857738 0.514087 0
    outer loop
      vertex -51.9402 15.9629 54
      vertex -51.8292 15.7777 51.8328
      vertex -51.9402 15.9629 51.7218
    endloop
  endfacet
  facet normal 0.857738 0.514087 0
    outer loop
      vertex -51.8292 15.7777 65
      vertex -51.9402 15.9629 57.4
      vertex -51.9402 15.9629 65
    endloop
  endfacet
  facet normal 0.857738 0.514087 0
    outer loop
      vertex -51.9402 15.9629 57.4
      vertex -51.8292 15.7777 65
      vertex -51.8292 15.7777 57.4
    endloop
  endfacet
  facet normal -0.242754 0.970088 0
    outer loop
      vertex -49.3614 14.8947 54
      vertex -49.5708 14.8423 53.2328
      vertex -49.5708 14.8423 54
    endloop
  endfacet
  facet normal -0.242754 0.970088 0
    outer loop
      vertex -49.5708 14.8423 53.2328
      vertex -49.3614 14.8947 54
      vertex -49.3614 14.8947 53.0234
    endloop
  endfacet
  facet normal -0.242754 0.970088 0
    outer loop
      vertex -49.3614 14.8947 57.4
      vertex -49.5708 14.8423 65
      vertex -49.3614 14.8947 65
    endloop
  endfacet
  facet normal -0.242754 0.970088 0
    outer loop
      vertex -49.5708 14.8423 65
      vertex -49.3614 14.8947 57.4
      vertex -49.5708 14.8423 57.4
    endloop
  endfacet
  facet normal 0.595693 0.803212 -0
    outer loop
      vertex -51.2223 15.1708 52.4398
      vertex -51.3957 15.2994 54
      vertex -51.2223 15.1708 54
    endloop
  endfacet
  facet normal 0.595693 0.803212 0
    outer loop
      vertex -51.3957 15.2994 54
      vertex -51.2223 15.1708 52.4398
      vertex -51.3957 15.2994 52.2664
    endloop
  endfacet
  facet normal 0.595693 0.803212 -0
    outer loop
      vertex -51.2223 15.1708 57.4
      vertex -51.3957 15.2994 65
      vertex -51.2223 15.1708 65
    endloop
  endfacet
  facet normal 0.595693 0.803212 0
    outer loop
      vertex -51.3957 15.2994 65
      vertex -51.2223 15.1708 57.4
      vertex -51.3957 15.2994 57.4
    endloop
  endfacet
  facet normal -0.514087 0.857738 0
    outer loop
      vertex -48.7777 15.1708 54
      vertex -48.9629 15.0598 52.625
      vertex -48.9629 15.0598 54
    endloop
  endfacet
  facet normal -0.514087 0.857738 0
    outer loop
      vertex -48.9629 15.0598 52.625
      vertex -48.7777 15.1708 54
      vertex -48.7777 15.1708 52.4398
    endloop
  endfacet
  facet normal -0.514087 0.857738 0
    outer loop
      vertex -48.7777 15.1708 57.4
      vertex -48.9629 15.0598 65
      vertex -48.7777 15.1708 65
    endloop
  endfacet
  facet normal -0.514087 0.857738 0
    outer loop
      vertex -48.9629 15.0598 65
      vertex -48.7777 15.1708 57.4
      vertex -48.9629 15.0598 57.4
    endloop
  endfacet
  facet normal -0.803212 0.595693 0
    outer loop
      vertex -48.2994 15.6043 51.9614
      vertex -48.1708 15.7777 54
      vertex -48.1708 15.7777 51.8328
    endloop
  endfacet
  facet normal -0.803212 0.595693 0
    outer loop
      vertex -48.1708 15.7777 54
      vertex -48.2994 15.6043 51.9614
      vertex -48.2994 15.6043 54
    endloop
  endfacet
  facet normal -0.803212 0.595693 0
    outer loop
      vertex -48.2994 15.6043 57.4
      vertex -48.1708 15.7777 65
      vertex -48.1708 15.7777 57.4
    endloop
  endfacet
  facet normal -0.803212 0.595693 0
    outer loop
      vertex -48.1708 15.7777 65
      vertex -48.2994 15.6043 57.4
      vertex -48.2994 15.6043 65
    endloop
  endfacet
  facet normal -0.1468 -0.989166 0
    outer loop
      vertex -49.7844 19.1894 53.4464
      vertex -49.5708 19.1577 54
      vertex -49.7844 19.1894 54
    endloop
  endfacet
  facet normal -0.1468 -0.989166 -0
    outer loop
      vertex -49.5708 19.1577 54
      vertex -49.7844 19.1894 53.4464
      vertex -49.5708 19.1577 53.2328
    endloop
  endfacet
  facet normal -0.1468 -0.989166 0
    outer loop
      vertex -49.7844 19.1894 57.4
      vertex -49.5708 19.1577 65
      vertex -49.7844 19.1894 65
    endloop
  endfacet
  facet normal -0.1468 -0.989166 -0
    outer loop
      vertex -49.5708 19.1577 65
      vertex -49.7844 19.1894 57.4
      vertex -49.5708 19.1577 57.4
    endloop
  endfacet
  facet normal 0.595693 -0.803212 0
    outer loop
      vertex -51.3957 18.7006 54
      vertex -51.2223 18.8292 52.4398
      vertex -51.2223 18.8292 54
    endloop
  endfacet
  facet normal 0.595693 -0.803212 0
    outer loop
      vertex -51.2223 18.8292 52.4398
      vertex -51.3957 18.7006 54
      vertex -51.3957 18.7006 52.2664
    endloop
  endfacet
  facet normal 0.595693 -0.803212 0
    outer loop
      vertex -51.3957 18.7006 57.4
      vertex -51.2223 18.8292 65
      vertex -51.3957 18.7006 65
    endloop
  endfacet
  facet normal 0.595693 -0.803212 0
    outer loop
      vertex -51.2223 18.8292 65
      vertex -51.3957 18.7006 57.4
      vertex -51.2223 18.8292 57.4
    endloop
  endfacet
  facet normal -0.427469 0.90403 0
    outer loop
      vertex -48.9629 15.0598 54
      vertex -49.1581 14.9675 52.8201
      vertex -49.1581 14.9675 54
    endloop
  endfacet
  facet normal -0.427469 0.90403 0
    outer loop
      vertex -49.1581 14.9675 52.8201
      vertex -48.9629 15.0598 54
      vertex -48.9629 15.0598 52.625
    endloop
  endfacet
  facet normal -0.427469 0.90403 0
    outer loop
      vertex -48.9629 15.0598 57.4
      vertex -49.1581 14.9675 65
      vertex -48.9629 15.0598 65
    endloop
  endfacet
  facet normal -0.427469 0.90403 0
    outer loop
      vertex -49.1581 14.9675 65
      vertex -48.9629 15.0598 57.4
      vertex -49.1581 14.9675 57.4
    endloop
  endfacet
  facet normal 0.803212 -0.595693 0
    outer loop
      vertex -51.8292 18.2223 54
      vertex -51.7006 18.3957 51.9614
      vertex -51.7006 18.3957 54
    endloop
  endfacet
  facet normal 0.803212 -0.595693 0
    outer loop
      vertex -51.7006 18.3957 51.9614
      vertex -51.8292 18.2223 54
      vertex -51.8292 18.2223 51.8328
    endloop
  endfacet
  facet normal 0.803212 -0.595693 0
    outer loop
      vertex -51.8292 18.2223 65
      vertex -51.7006 18.3957 57.4
      vertex -51.7006 18.3957 65
    endloop
  endfacet
  facet normal 0.803212 -0.595693 0
    outer loop
      vertex -51.7006 18.3957 57.4
      vertex -51.8292 18.2223 65
      vertex -51.8292 18.2223 57.4
    endloop
  endfacet
  facet normal -0.989166 0.1468 0
    outer loop
      vertex -47.8423 16.5708 51.5043
      vertex -47.8106 16.7844 54
      vertex -47.8106 16.7844 51.4726
    endloop
  endfacet
  facet normal -0.989166 0.1468 0
    outer loop
      vertex -47.8106 16.7844 54
      vertex -47.8423 16.5708 51.5043
      vertex -47.8423 16.5708 54
    endloop
  endfacet
  facet normal -0.989166 0.1468 0
    outer loop
      vertex -47.8423 16.5708 57.4
      vertex -47.8106 16.7844 65
      vertex -47.8106 16.7844 57.4
    endloop
  endfacet
  facet normal -0.989166 0.1468 0
    outer loop
      vertex -47.8106 16.7844 65
      vertex -47.8423 16.5708 57.4
      vertex -47.8423 16.5708 65
    endloop
  endfacet
  facet normal 0.941459 -0.337128 0
    outer loop
      vertex -52.1053 17.6386 54
      vertex -52.0325 17.8419 51.6295
      vertex -52.0325 17.8419 54
    endloop
  endfacet
  facet normal 0.941459 -0.337128 0
    outer loop
      vertex -52.0325 17.8419 51.6295
      vertex -52.1053 17.6386 54
      vertex -52.1053 17.6386 51.5568
    endloop
  endfacet
  facet normal 0.941459 -0.337128 0
    outer loop
      vertex -52.1053 17.6386 65
      vertex -52.0325 17.8419 57.4
      vertex -52.0325 17.8419 65
    endloop
  endfacet
  facet normal 0.941459 -0.337128 0
    outer loop
      vertex -52.0325 17.8419 57.4
      vertex -52.1053 17.6386 65
      vertex -52.1053 17.6386 57.4
    endloop
  endfacet
  facet normal -0.427469 -0.90403 0
    outer loop
      vertex -49.1581 19.0325 52.8201
      vertex -48.9629 18.9402 54
      vertex -49.1581 19.0325 54
    endloop
  endfacet
  facet normal -0.427469 -0.90403 -0
    outer loop
      vertex -48.9629 18.9402 54
      vertex -49.1581 19.0325 52.8201
      vertex -48.9629 18.9402 52.625
    endloop
  endfacet
  facet normal -0.427469 -0.90403 0
    outer loop
      vertex -49.1581 19.0325 57.4
      vertex -48.9629 18.9402 65
      vertex -49.1581 19.0325 65
    endloop
  endfacet
  facet normal -0.427469 -0.90403 -0
    outer loop
      vertex -48.9629 18.9402 65
      vertex -49.1581 19.0325 57.4
      vertex -48.9629 18.9402 57.4
    endloop
  endfacet
  facet normal 0.941459 0.337128 -0
    outer loop
      vertex -52.0325 16.1581 51.6295
      vertex -52.1053 16.3614 54
      vertex -52.0325 16.1581 54
    endloop
  endfacet
  facet normal 0.941459 0.337128 0
    outer loop
      vertex -52.1053 16.3614 54
      vertex -52.0325 16.1581 51.6295
      vertex -52.1053 16.3614 51.5568
    endloop
  endfacet
  facet normal 0.941459 0.337128 0
    outer loop
      vertex -52.0325 16.1581 65
      vertex -52.1053 16.3614 57.4
      vertex -52.1053 16.3614 65
    endloop
  endfacet
  facet normal 0.941459 0.337128 0
    outer loop
      vertex -52.1053 16.3614 57.4
      vertex -52.0325 16.1581 65
      vertex -52.0325 16.1581 57.4
    endloop
  endfacet
  facet normal -0.970088 0.242754 0
    outer loop
      vertex -47.8947 16.3614 51.5568
      vertex -47.8423 16.5708 54
      vertex -47.8423 16.5708 51.5043
    endloop
  endfacet
  facet normal -0.970088 0.242754 0
    outer loop
      vertex -47.8423 16.5708 54
      vertex -47.8947 16.3614 51.5568
      vertex -47.8947 16.3614 54
    endloop
  endfacet
  facet normal -0.970088 0.242754 0
    outer loop
      vertex -47.8947 16.3614 57.4
      vertex -47.8423 16.5708 65
      vertex -47.8423 16.5708 57.4
    endloop
  endfacet
  facet normal -0.970088 0.242754 0
    outer loop
      vertex -47.8423 16.5708 65
      vertex -47.8947 16.3614 57.4
      vertex -47.8947 16.3614 65
    endloop
  endfacet
  facet normal 0.0491058 -0.998794 0
    outer loop
      vertex -50.2156 19.1894 54
      vertex -50 19.2 53.662
      vertex -50 19.2 54
    endloop
  endfacet
  facet normal 0.0491058 -0.998794 0
    outer loop
      vertex -50 19.2 53.662
      vertex -50.2156 19.1894 54
      vertex -50.2156 19.1894 53.4464
    endloop
  endfacet
  facet normal 0.0491058 -0.998794 0
    outer loop
      vertex -50.2156 19.1894 57.4
      vertex -50 19.2 65
      vertex -50.2156 19.1894 65
    endloop
  endfacet
  facet normal 0.0491058 -0.998794 0
    outer loop
      vertex -50 19.2 65
      vertex -50.2156 19.1894 57.4
      vertex -50 19.2 57.4
    endloop
  endfacet
  facet normal -0.67175 -0.740778 0
    outer loop
      vertex -48.6043 18.7006 52.2664
      vertex -48.4444 18.5556 54
      vertex -48.6043 18.7006 54
    endloop
  endfacet
  facet normal -0.67175 -0.740778 -0
    outer loop
      vertex -48.4444 18.5556 54
      vertex -48.6043 18.7006 52.2664
      vertex -48.4444 18.5556 52.1064
    endloop
  endfacet
  facet normal -0.67175 -0.740778 0
    outer loop
      vertex -48.6043 18.7006 57.4
      vertex -48.4444 18.5556 65
      vertex -48.6043 18.7006 65
    endloop
  endfacet
  facet normal -0.67175 -0.740778 -0
    outer loop
      vertex -48.4444 18.5556 65
      vertex -48.6043 18.7006 57.4
      vertex -48.4444 18.5556 57.4
    endloop
  endfacet
  facet normal 0.427469 -0.90403 0
    outer loop
      vertex -51.0371 18.9402 54
      vertex -50.8419 19.0325 52.8201
      vertex -50.8419 19.0325 54
    endloop
  endfacet
  facet normal 0.427469 -0.90403 0
    outer loop
      vertex -50.8419 19.0325 52.8201
      vertex -51.0371 18.9402 54
      vertex -51.0371 18.9402 52.625
    endloop
  endfacet
  facet normal 0.427469 -0.90403 0
    outer loop
      vertex -51.0371 18.9402 57.4
      vertex -50.8419 19.0325 65
      vertex -51.0371 18.9402 65
    endloop
  endfacet
  facet normal 0.427469 -0.90403 0
    outer loop
      vertex -50.8419 19.0325 65
      vertex -51.0371 18.9402 57.4
      vertex -50.8419 19.0325 57.4
    endloop
  endfacet
  facet normal 0.67175 -0.740778 0
    outer loop
      vertex -51.5556 18.5556 54
      vertex -51.3957 18.7006 52.2664
      vertex -51.3957 18.7006 54
    endloop
  endfacet
  facet normal 0.67175 -0.740778 0
    outer loop
      vertex -51.3957 18.7006 52.2664
      vertex -51.5556 18.5556 54
      vertex -51.5556 18.5556 52.1064
    endloop
  endfacet
  facet normal 0.67175 -0.740778 0
    outer loop
      vertex -51.5556 18.5556 57.4
      vertex -51.3957 18.7006 65
      vertex -51.5556 18.5556 65
    endloop
  endfacet
  facet normal 0.67175 -0.740778 0
    outer loop
      vertex -51.3957 18.7006 65
      vertex -51.5556 18.5556 57.4
      vertex -51.3957 18.7006 57.4
    endloop
  endfacet
  facet normal -0.337128 0.941459 0
    outer loop
      vertex -49.1581 14.9675 54
      vertex -49.3614 14.8947 53.0234
      vertex -49.3614 14.8947 54
    endloop
  endfacet
  facet normal -0.337128 0.941459 0
    outer loop
      vertex -49.3614 14.8947 53.0234
      vertex -49.1581 14.9675 54
      vertex -49.1581 14.9675 52.8201
    endloop
  endfacet
  facet normal -0.337128 0.941459 0
    outer loop
      vertex -49.1581 14.9675 57.4
      vertex -49.3614 14.8947 65
      vertex -49.1581 14.9675 65
    endloop
  endfacet
  facet normal -0.337128 0.941459 0
    outer loop
      vertex -49.3614 14.8947 65
      vertex -49.1581 14.9675 57.4
      vertex -49.3614 14.8947 57.4
    endloop
  endfacet
  facet normal 0.337128 -0.941459 0
    outer loop
      vertex -50.8419 19.0325 54
      vertex -50.6386 19.1053 53.0234
      vertex -50.6386 19.1053 54
    endloop
  endfacet
  facet normal 0.337128 -0.941459 0
    outer loop
      vertex -50.6386 19.1053 53.0234
      vertex -50.8419 19.0325 54
      vertex -50.8419 19.0325 52.8201
    endloop
  endfacet
  facet normal 0.337128 -0.941459 0
    outer loop
      vertex -50.8419 19.0325 57.4
      vertex -50.6386 19.1053 65
      vertex -50.8419 19.0325 65
    endloop
  endfacet
  facet normal 0.337128 -0.941459 0
    outer loop
      vertex -50.6386 19.1053 65
      vertex -50.8419 19.0325 57.4
      vertex -50.6386 19.1053 57.4
    endloop
  endfacet
  facet normal -0.803212 -0.595693 -0
    outer loop
      vertex -48.1708 18.2223 54
      vertex -48.2994 18.3957 51.9614
      vertex -48.1708 18.2223 51.8328
    endloop
  endfacet
  facet normal -0.803212 -0.595693 0
    outer loop
      vertex -48.2994 18.3957 51.9614
      vertex -48.1708 18.2223 54
      vertex -48.2994 18.3957 54
    endloop
  endfacet
  facet normal -0.803212 -0.595693 0
    outer loop
      vertex -48.1708 18.2223 57.4
      vertex -48.2994 18.3957 65
      vertex -48.2994 18.3957 57.4
    endloop
  endfacet
  facet normal -0.803212 -0.595693 0
    outer loop
      vertex -48.2994 18.3957 65
      vertex -48.1708 18.2223 57.4
      vertex -48.1708 18.2223 65
    endloop
  endfacet
  facet normal 0.857738 -0.514087 0
    outer loop
      vertex -51.9402 18.0371 54
      vertex -51.8292 18.2223 51.8328
      vertex -51.8292 18.2223 54
    endloop
  endfacet
  facet normal 0.857738 -0.514087 0
    outer loop
      vertex -51.8292 18.2223 51.8328
      vertex -51.9402 18.0371 54
      vertex -51.9402 18.0371 51.7218
    endloop
  endfacet
  facet normal 0.857738 -0.514087 0
    outer loop
      vertex -51.9402 18.0371 65
      vertex -51.8292 18.2223 57.4
      vertex -51.8292 18.2223 65
    endloop
  endfacet
  facet normal 0.857738 -0.514087 0
    outer loop
      vertex -51.8292 18.2223 57.4
      vertex -51.9402 18.0371 65
      vertex -51.9402 18.0371 57.4
    endloop
  endfacet
  facet normal -0.998794 0.0491058 0
    outer loop
      vertex -47.8106 16.7844 51.4726
      vertex -47.8 17 54
      vertex -47.8 17 51.462
    endloop
  endfacet
  facet normal -0.998794 0.0491058 0
    outer loop
      vertex -47.8 17 54
      vertex -47.8106 16.7844 51.4726
      vertex -47.8106 16.7844 54
    endloop
  endfacet
  facet normal -0.998794 0.0491058 0
    outer loop
      vertex -47.8106 16.7844 57.4
      vertex -47.8 17 65
      vertex -47.8 17 57.4
    endloop
  endfacet
  facet normal -0.998794 0.0491058 0
    outer loop
      vertex -47.8 17 65
      vertex -47.8106 16.7844 57.4
      vertex -47.8106 16.7844 65
    endloop
  endfacet
  facet normal -0.90403 0.427469 0
    outer loop
      vertex -48.0598 15.9629 51.7218
      vertex -47.9675 16.1581 54
      vertex -47.9675 16.1581 51.6295
    endloop
  endfacet
  facet normal -0.90403 0.427469 0
    outer loop
      vertex -47.9675 16.1581 54
      vertex -48.0598 15.9629 51.7218
      vertex -48.0598 15.9629 54
    endloop
  endfacet
  facet normal -0.90403 0.427469 0
    outer loop
      vertex -48.0598 15.9629 57.4
      vertex -47.9675 16.1581 65
      vertex -47.9675 16.1581 57.4
    endloop
  endfacet
  facet normal -0.90403 0.427469 0
    outer loop
      vertex -47.9675 16.1581 65
      vertex -48.0598 15.9629 57.4
      vertex -48.0598 15.9629 65
    endloop
  endfacet
  facet normal -0.857738 -0.514087 -0
    outer loop
      vertex -48.0598 18.0371 54
      vertex -48.1708 18.2223 51.8328
      vertex -48.0598 18.0371 51.7218
    endloop
  endfacet
  facet normal -0.857738 -0.514087 0
    outer loop
      vertex -48.1708 18.2223 51.8328
      vertex -48.0598 18.0371 54
      vertex -48.1708 18.2223 54
    endloop
  endfacet
  facet normal -0.857738 -0.514087 0
    outer loop
      vertex -48.0598 18.0371 57.4
      vertex -48.1708 18.2223 65
      vertex -48.1708 18.2223 57.4
    endloop
  endfacet
  facet normal -0.857738 -0.514087 0
    outer loop
      vertex -48.1708 18.2223 65
      vertex -48.0598 18.0371 57.4
      vertex -48.0598 18.0371 65
    endloop
  endfacet
  facet normal 0.67175 0.740778 -0
    outer loop
      vertex -51.3957 15.2994 52.2664
      vertex -51.5556 15.4444 54
      vertex -51.3957 15.2994 54
    endloop
  endfacet
  facet normal 0.67175 0.740778 0
    outer loop
      vertex -51.5556 15.4444 54
      vertex -51.3957 15.2994 52.2664
      vertex -51.5556 15.4444 52.1064
    endloop
  endfacet
  facet normal 0.67175 0.740778 -0
    outer loop
      vertex -51.3957 15.2994 57.4
      vertex -51.5556 15.4444 65
      vertex -51.3957 15.2994 65
    endloop
  endfacet
  facet normal 0.67175 0.740778 0
    outer loop
      vertex -51.5556 15.4444 65
      vertex -51.3957 15.2994 57.4
      vertex -51.5556 15.4444 57.4
    endloop
  endfacet
  facet normal -0.595693 -0.803212 0
    outer loop
      vertex -48.7777 18.8292 52.4398
      vertex -48.6043 18.7006 54
      vertex -48.7777 18.8292 54
    endloop
  endfacet
  facet normal -0.595693 -0.803212 -0
    outer loop
      vertex -48.6043 18.7006 54
      vertex -48.7777 18.8292 52.4398
      vertex -48.6043 18.7006 52.2664
    endloop
  endfacet
  facet normal -0.595693 -0.803212 0
    outer loop
      vertex -48.7777 18.8292 57.4
      vertex -48.6043 18.7006 65
      vertex -48.7777 18.8292 65
    endloop
  endfacet
  facet normal -0.595693 -0.803212 -0
    outer loop
      vertex -48.6043 18.7006 65
      vertex -48.7777 18.8292 57.4
      vertex -48.6043 18.7006 57.4
    endloop
  endfacet
  facet normal 0.514087 0.857738 -0
    outer loop
      vertex -51.0371 15.0598 52.625
      vertex -51.2223 15.1708 54
      vertex -51.0371 15.0598 54
    endloop
  endfacet
  facet normal 0.514087 0.857738 0
    outer loop
      vertex -51.2223 15.1708 54
      vertex -51.0371 15.0598 52.625
      vertex -51.2223 15.1708 52.4398
    endloop
  endfacet
  facet normal 0.514087 0.857738 -0
    outer loop
      vertex -51.0371 15.0598 57.4
      vertex -51.2223 15.1708 65
      vertex -51.0371 15.0598 65
    endloop
  endfacet
  facet normal 0.514087 0.857738 0
    outer loop
      vertex -51.2223 15.1708 65
      vertex -51.0371 15.0598 57.4
      vertex -51.2223 15.1708 57.4
    endloop
  endfacet
  facet normal -0.514087 -0.857738 0
    outer loop
      vertex -48.9629 18.9402 52.625
      vertex -48.7777 18.8292 54
      vertex -48.9629 18.9402 54
    endloop
  endfacet
  facet normal -0.514087 -0.857738 -0
    outer loop
      vertex -48.7777 18.8292 54
      vertex -48.9629 18.9402 52.625
      vertex -48.7777 18.8292 52.4398
    endloop
  endfacet
  facet normal -0.514087 -0.857738 0
    outer loop
      vertex -48.9629 18.9402 57.4
      vertex -48.7777 18.8292 65
      vertex -48.9629 18.9402 65
    endloop
  endfacet
  facet normal -0.514087 -0.857738 -0
    outer loop
      vertex -48.7777 18.8292 65
      vertex -48.9629 18.9402 57.4
      vertex -48.7777 18.8292 57.4
    endloop
  endfacet
  facet normal -0.1468 0.989166 0
    outer loop
      vertex -49.5708 14.8423 54
      vertex -49.7844 14.8106 53.4464
      vertex -49.7844 14.8106 54
    endloop
  endfacet
  facet normal -0.1468 0.989166 0
    outer loop
      vertex -49.7844 14.8106 53.4464
      vertex -49.5708 14.8423 54
      vertex -49.5708 14.8423 53.2328
    endloop
  endfacet
  facet normal -0.1468 0.989166 0
    outer loop
      vertex -49.5708 14.8423 57.4
      vertex -49.7844 14.8106 65
      vertex -49.5708 14.8423 65
    endloop
  endfacet
  facet normal -0.1468 0.989166 0
    outer loop
      vertex -49.7844 14.8106 65
      vertex -49.5708 14.8423 57.4
      vertex -49.7844 14.8106 57.4
    endloop
  endfacet
  facet normal -0.941459 -0.337128 -0
    outer loop
      vertex -47.8947 17.6386 54
      vertex -47.9675 17.8419 51.6295
      vertex -47.8947 17.6386 51.5568
    endloop
  endfacet
  facet normal -0.941459 -0.337128 0
    outer loop
      vertex -47.9675 17.8419 51.6295
      vertex -47.8947 17.6386 54
      vertex -47.9675 17.8419 54
    endloop
  endfacet
  facet normal -0.941459 -0.337128 0
    outer loop
      vertex -47.8947 17.6386 57.4
      vertex -47.9675 17.8419 65
      vertex -47.9675 17.8419 57.4
    endloop
  endfacet
  facet normal -0.941459 -0.337128 0
    outer loop
      vertex -47.9675 17.8419 65
      vertex -47.8947 17.6386 57.4
      vertex -47.8947 17.6386 65
    endloop
  endfacet
  facet normal -0.857738 0.514087 0
    outer loop
      vertex -48.1708 15.7777 51.8328
      vertex -48.0598 15.9629 54
      vertex -48.0598 15.9629 51.7218
    endloop
  endfacet
  facet normal -0.857738 0.514087 0
    outer loop
      vertex -48.0598 15.9629 54
      vertex -48.1708 15.7777 51.8328
      vertex -48.1708 15.7777 54
    endloop
  endfacet
  facet normal -0.857738 0.514087 0
    outer loop
      vertex -48.1708 15.7777 57.4
      vertex -48.0598 15.9629 65
      vertex -48.0598 15.9629 57.4
    endloop
  endfacet
  facet normal -0.857738 0.514087 0
    outer loop
      vertex -48.0598 15.9629 65
      vertex -48.1708 15.7777 57.4
      vertex -48.1708 15.7777 65
    endloop
  endfacet
  facet normal 0.998794 0.0491058 -0
    outer loop
      vertex -52.1894 16.7844 51.4726
      vertex -52.2 17 54
      vertex -52.1894 16.7844 54
    endloop
  endfacet
  facet normal 0.998794 0.0491058 0
    outer loop
      vertex -52.2 17 54
      vertex -52.1894 16.7844 51.4726
      vertex -52.2 17 51.462
    endloop
  endfacet
  facet normal 0.998794 0.0491058 0
    outer loop
      vertex -52.1894 16.7844 65
      vertex -52.2 17 57.4
      vertex -52.2 17 65
    endloop
  endfacet
  facet normal 0.998794 0.0491058 0
    outer loop
      vertex -52.2 17 57.4
      vertex -52.1894 16.7844 65
      vertex -52.1894 16.7844 57.4
    endloop
  endfacet
  facet normal -0.941459 0.337128 0
    outer loop
      vertex -47.9675 16.1581 51.6295
      vertex -47.8947 16.3614 54
      vertex -47.8947 16.3614 51.5568
    endloop
  endfacet
  facet normal -0.941459 0.337128 0
    outer loop
      vertex -47.8947 16.3614 54
      vertex -47.9675 16.1581 51.6295
      vertex -47.9675 16.1581 54
    endloop
  endfacet
  facet normal -0.941459 0.337128 0
    outer loop
      vertex -47.9675 16.1581 57.4
      vertex -47.8947 16.3614 65
      vertex -47.8947 16.3614 57.4
    endloop
  endfacet
  facet normal -0.941459 0.337128 0
    outer loop
      vertex -47.8947 16.3614 65
      vertex -47.9675 16.1581 57.4
      vertex -47.9675 16.1581 65
    endloop
  endfacet
  facet normal -0.740778 -0.67175 -0
    outer loop
      vertex -48.2994 18.3957 54
      vertex -48.4444 18.5556 52.1064
      vertex -48.2994 18.3957 51.9614
    endloop
  endfacet
  facet normal -0.740778 -0.67175 0
    outer loop
      vertex -48.4444 18.5556 52.1064
      vertex -48.2994 18.3957 54
      vertex -48.4444 18.5556 54
    endloop
  endfacet
  facet normal -0.740778 -0.67175 0
    outer loop
      vertex -48.2994 18.3957 57.4
      vertex -48.4444 18.5556 65
      vertex -48.4444 18.5556 57.4
    endloop
  endfacet
  facet normal -0.740778 -0.67175 0
    outer loop
      vertex -48.4444 18.5556 65
      vertex -48.2994 18.3957 57.4
      vertex -48.2994 18.3957 65
    endloop
  endfacet
  facet normal -0.0491058 -0.998794 0
    outer loop
      vertex -50 19.2 53.662
      vertex -49.7844 19.1894 54
      vertex -50 19.2 54
    endloop
  endfacet
  facet normal -0.0491058 -0.998794 -0
    outer loop
      vertex -49.7844 19.1894 54
      vertex -50 19.2 53.662
      vertex -49.7844 19.1894 53.4464
    endloop
  endfacet
  facet normal -0.0491058 -0.998794 0
    outer loop
      vertex -50 19.2 57.4
      vertex -49.7844 19.1894 65
      vertex -50 19.2 65
    endloop
  endfacet
  facet normal -0.0491058 -0.998794 -0
    outer loop
      vertex -49.7844 19.1894 65
      vertex -50 19.2 57.4
      vertex -49.7844 19.1894 57.4
    endloop
  endfacet
  facet normal -0.90403 -0.427469 -0
    outer loop
      vertex -47.9675 17.8419 54
      vertex -48.0598 18.0371 51.7218
      vertex -47.9675 17.8419 51.6295
    endloop
  endfacet
  facet normal -0.90403 -0.427469 0
    outer loop
      vertex -48.0598 18.0371 51.7218
      vertex -47.9675 17.8419 54
      vertex -48.0598 18.0371 54
    endloop
  endfacet
  facet normal -0.90403 -0.427469 0
    outer loop
      vertex -47.9675 17.8419 57.4
      vertex -48.0598 18.0371 65
      vertex -48.0598 18.0371 57.4
    endloop
  endfacet
  facet normal -0.90403 -0.427469 0
    outer loop
      vertex -48.0598 18.0371 65
      vertex -47.9675 17.8419 57.4
      vertex -47.9675 17.8419 65
    endloop
  endfacet
  facet normal 0.1468 0.989166 -0
    outer loop
      vertex -50.2156 14.8106 53.4464
      vertex -50.4292 14.8423 54
      vertex -50.2156 14.8106 54
    endloop
  endfacet
  facet normal 0.1468 0.989166 0
    outer loop
      vertex -50.4292 14.8423 54
      vertex -50.2156 14.8106 53.4464
      vertex -50.4292 14.8423 53.2328
    endloop
  endfacet
  facet normal 0.1468 0.989166 -0
    outer loop
      vertex -50.2156 14.8106 57.4
      vertex -50.4292 14.8423 65
      vertex -50.2156 14.8106 65
    endloop
  endfacet
  facet normal 0.1468 0.989166 0
    outer loop
      vertex -50.4292 14.8423 65
      vertex -50.2156 14.8106 57.4
      vertex -50.4292 14.8423 57.4
    endloop
  endfacet
  facet normal -0.67175 0.740778 0
    outer loop
      vertex -48.4444 15.4444 54
      vertex -48.6043 15.2994 52.2664
      vertex -48.6043 15.2994 54
    endloop
  endfacet
  facet normal -0.67175 0.740778 0
    outer loop
      vertex -48.6043 15.2994 52.2664
      vertex -48.4444 15.4444 54
      vertex -48.4444 15.4444 52.1064
    endloop
  endfacet
  facet normal -0.67175 0.740778 0
    outer loop
      vertex -48.4444 15.4444 57.4
      vertex -48.6043 15.2994 65
      vertex -48.4444 15.4444 65
    endloop
  endfacet
  facet normal -0.67175 0.740778 0
    outer loop
      vertex -48.6043 15.2994 65
      vertex -48.4444 15.4444 57.4
      vertex -48.6043 15.2994 57.4
    endloop
  endfacet
  facet normal 0.0491058 0.998794 -0
    outer loop
      vertex -50 14.8 53.662
      vertex -50.2156 14.8106 54
      vertex -50 14.8 54
    endloop
  endfacet
  facet normal 0.0491058 0.998794 0
    outer loop
      vertex -50.2156 14.8106 54
      vertex -50 14.8 53.662
      vertex -50.2156 14.8106 53.4464
    endloop
  endfacet
  facet normal 0.0491058 0.998794 -0
    outer loop
      vertex -50 14.8 57.4
      vertex -50.2156 14.8106 65
      vertex -50 14.8 65
    endloop
  endfacet
  facet normal 0.0491058 0.998794 0
    outer loop
      vertex -50.2156 14.8106 65
      vertex -50 14.8 57.4
      vertex -50.2156 14.8106 57.4
    endloop
  endfacet
  facet normal 0.740778 -0.67175 0
    outer loop
      vertex -51.7006 18.3957 54
      vertex -51.5556 18.5556 52.1064
      vertex -51.5556 18.5556 54
    endloop
  endfacet
  facet normal 0.740778 -0.67175 0
    outer loop
      vertex -51.5556 18.5556 52.1064
      vertex -51.7006 18.3957 54
      vertex -51.7006 18.3957 51.9614
    endloop
  endfacet
  facet normal 0.740778 -0.67175 0
    outer loop
      vertex -51.7006 18.3957 65
      vertex -51.5556 18.5556 57.4
      vertex -51.5556 18.5556 65
    endloop
  endfacet
  facet normal 0.740778 -0.67175 0
    outer loop
      vertex -51.5556 18.5556 57.4
      vertex -51.7006 18.3957 65
      vertex -51.7006 18.3957 57.4
    endloop
  endfacet
  facet normal 0.1468 -0.989166 0
    outer loop
      vertex -50.4292 19.1577 54
      vertex -50.2156 19.1894 53.4464
      vertex -50.2156 19.1894 54
    endloop
  endfacet
  facet normal 0.1468 -0.989166 0
    outer loop
      vertex -50.2156 19.1894 53.4464
      vertex -50.4292 19.1577 54
      vertex -50.4292 19.1577 53.2328
    endloop
  endfacet
  facet normal 0.1468 -0.989166 0
    outer loop
      vertex -50.4292 19.1577 57.4
      vertex -50.2156 19.1894 65
      vertex -50.4292 19.1577 65
    endloop
  endfacet
  facet normal 0.1468 -0.989166 0
    outer loop
      vertex -50.2156 19.1894 65
      vertex -50.4292 19.1577 57.4
      vertex -50.2156 19.1894 57.4
    endloop
  endfacet
  facet normal 0.90403 -0.427469 0
    outer loop
      vertex -52.0325 17.8419 54
      vertex -51.9402 18.0371 51.7218
      vertex -51.9402 18.0371 54
    endloop
  endfacet
  facet normal 0.90403 -0.427469 0
    outer loop
      vertex -51.9402 18.0371 51.7218
      vertex -52.0325 17.8419 54
      vertex -52.0325 17.8419 51.6295
    endloop
  endfacet
  facet normal 0.90403 -0.427469 0
    outer loop
      vertex -52.0325 17.8419 65
      vertex -51.9402 18.0371 57.4
      vertex -51.9402 18.0371 65
    endloop
  endfacet
  facet normal 0.90403 -0.427469 0
    outer loop
      vertex -51.9402 18.0371 57.4
      vertex -52.0325 17.8419 65
      vertex -52.0325 17.8419 57.4
    endloop
  endfacet
  facet normal 0.970088 -0.242754 0
    outer loop
      vertex -52.1577 17.4292 54
      vertex -52.1053 17.6386 51.5568
      vertex -52.1053 17.6386 54
    endloop
  endfacet
  facet normal 0.970088 -0.242754 0
    outer loop
      vertex -52.1053 17.6386 51.5568
      vertex -52.1577 17.4292 54
      vertex -52.1577 17.4292 51.5043
    endloop
  endfacet
  facet normal 0.970088 -0.242754 0
    outer loop
      vertex -52.1577 17.4292 65
      vertex -52.1053 17.6386 57.4
      vertex -52.1053 17.6386 65
    endloop
  endfacet
  facet normal 0.970088 -0.242754 0
    outer loop
      vertex -52.1053 17.6386 57.4
      vertex -52.1577 17.4292 65
      vertex -52.1577 17.4292 57.4
    endloop
  endfacet
  facet normal -0.242754 -0.970088 0
    outer loop
      vertex -49.5708 19.1577 53.2328
      vertex -49.3614 19.1053 54
      vertex -49.5708 19.1577 54
    endloop
  endfacet
  facet normal -0.242754 -0.970088 -0
    outer loop
      vertex -49.3614 19.1053 54
      vertex -49.5708 19.1577 53.2328
      vertex -49.3614 19.1053 53.0234
    endloop
  endfacet
  facet normal -0.242754 -0.970088 0
    outer loop
      vertex -49.5708 19.1577 57.4
      vertex -49.3614 19.1053 65
      vertex -49.5708 19.1577 65
    endloop
  endfacet
  facet normal -0.242754 -0.970088 -0
    outer loop
      vertex -49.3614 19.1053 65
      vertex -49.5708 19.1577 57.4
      vertex -49.3614 19.1053 57.4
    endloop
  endfacet
  facet normal 0.970088 0.242754 -0
    outer loop
      vertex -52.1053 16.3614 51.5568
      vertex -52.1577 16.5708 54
      vertex -52.1053 16.3614 54
    endloop
  endfacet
  facet normal 0.970088 0.242754 0
    outer loop
      vertex -52.1577 16.5708 54
      vertex -52.1053 16.3614 51.5568
      vertex -52.1577 16.5708 51.5043
    endloop
  endfacet
  facet normal 0.970088 0.242754 0
    outer loop
      vertex -52.1053 16.3614 65
      vertex -52.1577 16.5708 57.4
      vertex -52.1577 16.5708 65
    endloop
  endfacet
  facet normal 0.970088 0.242754 0
    outer loop
      vertex -52.1577 16.5708 57.4
      vertex -52.1053 16.3614 65
      vertex -52.1053 16.3614 57.4
    endloop
  endfacet
  facet normal 0.427469 0.90403 -0
    outer loop
      vertex -50.8419 14.9675 52.8201
      vertex -51.0371 15.0598 54
      vertex -50.8419 14.9675 54
    endloop
  endfacet
  facet normal 0.427469 0.90403 0
    outer loop
      vertex -51.0371 15.0598 54
      vertex -50.8419 14.9675 52.8201
      vertex -51.0371 15.0598 52.625
    endloop
  endfacet
  facet normal 0.427469 0.90403 -0
    outer loop
      vertex -50.8419 14.9675 57.4
      vertex -51.0371 15.0598 65
      vertex -50.8419 14.9675 65
    endloop
  endfacet
  facet normal 0.427469 0.90403 0
    outer loop
      vertex -51.0371 15.0598 65
      vertex -50.8419 14.9675 57.4
      vertex -51.0371 15.0598 57.4
    endloop
  endfacet
  facet normal 0.740778 0.67175 -0
    outer loop
      vertex -51.5556 15.4444 52.1064
      vertex -51.7006 15.6043 54
      vertex -51.5556 15.4444 54
    endloop
  endfacet
  facet normal 0.740778 0.67175 0
    outer loop
      vertex -51.7006 15.6043 54
      vertex -51.5556 15.4444 52.1064
      vertex -51.7006 15.6043 51.9614
    endloop
  endfacet
  facet normal 0.740778 0.67175 0
    outer loop
      vertex -51.5556 15.4444 65
      vertex -51.7006 15.6043 57.4
      vertex -51.7006 15.6043 65
    endloop
  endfacet
  facet normal 0.740778 0.67175 0
    outer loop
      vertex -51.7006 15.6043 57.4
      vertex -51.5556 15.4444 65
      vertex -51.5556 15.4444 57.4
    endloop
  endfacet
  facet normal -0.0491058 0.998794 0
    outer loop
      vertex -49.7844 14.8106 54
      vertex -50 14.8 53.662
      vertex -50 14.8 54
    endloop
  endfacet
  facet normal -0.0491058 0.998794 0
    outer loop
      vertex -50 14.8 53.662
      vertex -49.7844 14.8106 54
      vertex -49.7844 14.8106 53.4464
    endloop
  endfacet
  facet normal -0.0491058 0.998794 0
    outer loop
      vertex -49.7844 14.8106 57.4
      vertex -50 14.8 65
      vertex -49.7844 14.8106 65
    endloop
  endfacet
  facet normal -0.0491058 0.998794 0
    outer loop
      vertex -50 14.8 65
      vertex -49.7844 14.8106 57.4
      vertex -50 14.8 57.4
    endloop
  endfacet
  facet normal 0.989166 0.1468 -0
    outer loop
      vertex -52.1577 16.5708 51.5043
      vertex -52.1894 16.7844 54
      vertex -52.1577 16.5708 54
    endloop
  endfacet
  facet normal 0.989166 0.1468 0
    outer loop
      vertex -52.1894 16.7844 54
      vertex -52.1577 16.5708 51.5043
      vertex -52.1894 16.7844 51.4726
    endloop
  endfacet
  facet normal 0.989166 0.1468 0
    outer loop
      vertex -52.1577 16.5708 65
      vertex -52.1894 16.7844 57.4
      vertex -52.1894 16.7844 65
    endloop
  endfacet
  facet normal 0.989166 0.1468 0
    outer loop
      vertex -52.1894 16.7844 57.4
      vertex -52.1577 16.5708 65
      vertex -52.1577 16.5708 57.4
    endloop
  endfacet
  facet normal -0.595693 0.803212 0
    outer loop
      vertex -48.6043 15.2994 54
      vertex -48.7777 15.1708 52.4398
      vertex -48.7777 15.1708 54
    endloop
  endfacet
  facet normal -0.595693 0.803212 0
    outer loop
      vertex -48.7777 15.1708 52.4398
      vertex -48.6043 15.2994 54
      vertex -48.6043 15.2994 52.2664
    endloop
  endfacet
  facet normal -0.595693 0.803212 0
    outer loop
      vertex -48.6043 15.2994 57.4
      vertex -48.7777 15.1708 65
      vertex -48.6043 15.2994 65
    endloop
  endfacet
  facet normal -0.595693 0.803212 0
    outer loop
      vertex -48.7777 15.1708 65
      vertex -48.6043 15.2994 57.4
      vertex -48.7777 15.1708 57.4
    endloop
  endfacet
  facet normal 0.803212 0.595693 -0
    outer loop
      vertex -51.7006 15.6043 51.9614
      vertex -51.8292 15.7777 54
      vertex -51.7006 15.6043 54
    endloop
  endfacet
  facet normal 0.803212 0.595693 0
    outer loop
      vertex -51.8292 15.7777 54
      vertex -51.7006 15.6043 51.9614
      vertex -51.8292 15.7777 51.8328
    endloop
  endfacet
  facet normal 0.803212 0.595693 0
    outer loop
      vertex -51.7006 15.6043 65
      vertex -51.8292 15.7777 57.4
      vertex -51.8292 15.7777 65
    endloop
  endfacet
  facet normal 0.803212 0.595693 0
    outer loop
      vertex -51.8292 15.7777 57.4
      vertex -51.7006 15.6043 65
      vertex -51.7006 15.6043 57.4
    endloop
  endfacet
  facet normal 0.998794 -0.0491058 0
    outer loop
      vertex -52.2 17 54
      vertex -52.1894 17.2156 51.4726
      vertex -52.1894 17.2156 54
    endloop
  endfacet
  facet normal 0.998794 -0.0491058 0
    outer loop
      vertex -52.1894 17.2156 51.4726
      vertex -52.2 17 54
      vertex -52.2 17 51.462
    endloop
  endfacet
  facet normal 0.998794 -0.0491058 0
    outer loop
      vertex -52.2 17 65
      vertex -52.1894 17.2156 57.4
      vertex -52.1894 17.2156 65
    endloop
  endfacet
  facet normal 0.998794 -0.0491058 0
    outer loop
      vertex -52.1894 17.2156 57.4
      vertex -52.2 17 65
      vertex -52.2 17 57.4
    endloop
  endfacet
  facet normal -0.740778 0.67175 0
    outer loop
      vertex -48.4444 15.4444 52.1064
      vertex -48.2994 15.6043 54
      vertex -48.2994 15.6043 51.9614
    endloop
  endfacet
  facet normal -0.740778 0.67175 0
    outer loop
      vertex -48.2994 15.6043 54
      vertex -48.4444 15.4444 52.1064
      vertex -48.4444 15.4444 54
    endloop
  endfacet
  facet normal -0.740778 0.67175 0
    outer loop
      vertex -48.4444 15.4444 57.4
      vertex -48.2994 15.6043 65
      vertex -48.2994 15.6043 57.4
    endloop
  endfacet
  facet normal -0.740778 0.67175 0
    outer loop
      vertex -48.2994 15.6043 65
      vertex -48.4444 15.4444 57.4
      vertex -48.4444 15.4444 65
    endloop
  endfacet
  facet normal -1 0 0
    outer loop
      vertex -46.35 13.35 54
      vertex -46.35 20.65 57.4
      vertex -46.35 20.65 54
    endloop
  endfacet
  facet normal -1 -0 0
    outer loop
      vertex -46.35 20.65 57.4
      vertex -46.35 13.35 54
      vertex -46.35 13.35 57.4
    endloop
  endfacet
  facet normal 0 0 -1
    outer loop
      vertex -46.35 13.35 57.4
      vertex -47.8 17 57.4
      vertex -46.35 20.65 57.4
    endloop
  endfacet
  facet normal 0 0 -1
    outer loop
      vertex -46.35 13.35 57.4
      vertex -47.8106 16.7844 57.4
      vertex -47.8 17 57.4
    endloop
  endfacet
  facet normal 0 0 -1
    outer loop
      vertex -46.35 13.35 57.4
      vertex -47.8423 16.5708 57.4
      vertex -47.8106 16.7844 57.4
    endloop
  endfacet
  facet normal 0 0 -1
    outer loop
      vertex -46.35 13.35 57.4
      vertex -47.8947 16.3614 57.4
      vertex -47.8423 16.5708 57.4
    endloop
  endfacet
  facet normal 0 0 -1
    outer loop
      vertex -46.35 13.35 57.4
      vertex -47.9675 16.1581 57.4
      vertex -47.8947 16.3614 57.4
    endloop
  endfacet
  facet normal 0 0 -1
    outer loop
      vertex -46.35 13.35 57.4
      vertex -48.0598 15.9629 57.4
      vertex -47.9675 16.1581 57.4
    endloop
  endfacet
  facet normal 0 0 -1
    outer loop
      vertex -46.35 13.35 57.4
      vertex -48.1708 15.7777 57.4
      vertex -48.0598 15.9629 57.4
    endloop
  endfacet
  facet normal 0 0 -1
    outer loop
      vertex -46.35 13.35 57.4
      vertex -48.2994 15.6043 57.4
      vertex -48.1708 15.7777 57.4
    endloop
  endfacet
  facet normal 0 0 -1
    outer loop
      vertex -46.35 13.35 57.4
      vertex -48.4444 15.4444 57.4
      vertex -48.2994 15.6043 57.4
    endloop
  endfacet
  facet normal 0 0 -1
    outer loop
      vertex -46.35 13.35 57.4
      vertex -48.6043 15.2994 57.4
      vertex -48.4444 15.4444 57.4
    endloop
  endfacet
  facet normal 0 0 -1
    outer loop
      vertex -46.35 13.35 57.4
      vertex -48.7777 15.1708 57.4
      vertex -48.6043 15.2994 57.4
    endloop
  endfacet
  facet normal 0 0 -1
    outer loop
      vertex -46.35 13.35 57.4
      vertex -48.9629 15.0598 57.4
      vertex -48.7777 15.1708 57.4
    endloop
  endfacet
  facet normal 0 0 -1
    outer loop
      vertex -46.35 13.35 57.4
      vertex -49.1581 14.9675 57.4
      vertex -48.9629 15.0598 57.4
    endloop
  endfacet
  facet normal 0 0 -1
    outer loop
      vertex -46.35 13.35 57.4
      vertex -49.3614 14.8947 57.4
      vertex -49.1581 14.9675 57.4
    endloop
  endfacet
  facet normal 0 0 -1
    outer loop
      vertex -46.35 13.35 57.4
      vertex -49.5708 14.8423 57.4
      vertex -49.3614 14.8947 57.4
    endloop
  endfacet
  facet normal 0 0 -1
    outer loop
      vertex -46.35 13.35 57.4
      vertex -49.7844 14.8106 57.4
      vertex -49.5708 14.8423 57.4
    endloop
  endfacet
  facet normal 0 0 -1
    outer loop
      vertex -46.35 13.35 57.4
      vertex -50 14.8 57.4
      vertex -49.7844 14.8106 57.4
    endloop
  endfacet
  facet normal 0 0 -1
    outer loop
      vertex -46.35 13.35 57.4
      vertex -50.2156 14.8106 57.4
      vertex -50 14.8 57.4
    endloop
  endfacet
  facet normal 0 0 -1
    outer loop
      vertex -46.35 13.35 57.4
      vertex -50.4292 14.8423 57.4
      vertex -50.2156 14.8106 57.4
    endloop
  endfacet
  facet normal 0 0 -1
    outer loop
      vertex -46.35 13.35 57.4
      vertex -50.6386 14.8947 57.4
      vertex -50.4292 14.8423 57.4
    endloop
  endfacet
  facet normal 0 0 -1
    outer loop
      vertex -69.9803 13.35 57.4
      vertex -50.6386 14.8947 57.4
      vertex -46.35 13.35 57.4
    endloop
  endfacet
  facet normal -0 0 -1
    outer loop
      vertex -52.1894 16.7844 57.4
      vertex -69.9803 13.35 57.4
      vertex -52.2 17 57.4
    endloop
  endfacet
  facet normal -0 0 -1
    outer loop
      vertex -52.1577 16.5708 57.4
      vertex -69.9803 13.35 57.4
      vertex -52.1894 16.7844 57.4
    endloop
  endfacet
  facet normal -0 0 -1
    outer loop
      vertex -52.1053 16.3614 57.4
      vertex -69.9803 13.35 57.4
      vertex -52.1577 16.5708 57.4
    endloop
  endfacet
  facet normal -0 0 -1
    outer loop
      vertex -52.0325 16.1581 57.4
      vertex -69.9803 13.35 57.4
      vertex -52.1053 16.3614 57.4
    endloop
  endfacet
  facet normal -0 0 -1
    outer loop
      vertex -51.9402 15.9629 57.4
      vertex -69.9803 13.35 57.4
      vertex -52.0325 16.1581 57.4
    endloop
  endfacet
  facet normal -0 0 -1
    outer loop
      vertex -51.8292 15.7777 57.4
      vertex -69.9803 13.35 57.4
      vertex -51.9402 15.9629 57.4
    endloop
  endfacet
  facet normal -0 0 -1
    outer loop
      vertex -51.7006 15.6043 57.4
      vertex -69.9803 13.35 57.4
      vertex -51.8292 15.7777 57.4
    endloop
  endfacet
  facet normal -0 0 -1
    outer loop
      vertex -51.5556 15.4444 57.4
      vertex -69.9803 13.35 57.4
      vertex -51.7006 15.6043 57.4
    endloop
  endfacet
  facet normal -0 0 -1
    outer loop
      vertex -51.3957 15.2994 57.4
      vertex -69.9803 13.35 57.4
      vertex -51.5556 15.4444 57.4
    endloop
  endfacet
  facet normal -0 0 -1
    outer loop
      vertex -51.2223 15.1708 57.4
      vertex -69.9803 13.35 57.4
      vertex -51.3957 15.2994 57.4
    endloop
  endfacet
  facet normal -0 0 -1
    outer loop
      vertex -51.0371 15.0598 57.4
      vertex -69.9803 13.35 57.4
      vertex -51.2223 15.1708 57.4
    endloop
  endfacet
  facet normal -0 0 -1
    outer loop
      vertex -50.8419 14.9675 57.4
      vertex -69.9803 13.35 57.4
      vertex -51.0371 15.0598 57.4
    endloop
  endfacet
  facet normal -0 0 -1
    outer loop
      vertex -50.6386 14.8947 57.4
      vertex -69.9803 13.35 57.4
      vertex -50.8419 14.9675 57.4
    endloop
  endfacet
  facet normal 0 0 -1
    outer loop
      vertex -47.8106 17.2156 57.4
      vertex -46.35 20.65 57.4
      vertex -47.8 17 57.4
    endloop
  endfacet
  facet normal 0 0 -1
    outer loop
      vertex -47.8423 17.4292 57.4
      vertex -46.35 20.65 57.4
      vertex -47.8106 17.2156 57.4
    endloop
  endfacet
  facet normal 0 0 -1
    outer loop
      vertex -47.8947 17.6386 57.4
      vertex -46.35 20.65 57.4
      vertex -47.8423 17.4292 57.4
    endloop
  endfacet
  facet normal 0 0 -1
    outer loop
      vertex -47.9675 17.8419 57.4
      vertex -46.35 20.65 57.4
      vertex -47.8947 17.6386 57.4
    endloop
  endfacet
  facet normal 0 0 -1
    outer loop
      vertex -48.0598 18.0371 57.4
      vertex -46.35 20.65 57.4
      vertex -47.9675 17.8419 57.4
    endloop
  endfacet
  facet normal 0 0 -1
    outer loop
      vertex -48.1708 18.2223 57.4
      vertex -46.35 20.65 57.4
      vertex -48.0598 18.0371 57.4
    endloop
  endfacet
  facet normal 0 0 -1
    outer loop
      vertex -48.2994 18.3957 57.4
      vertex -46.35 20.65 57.4
      vertex -48.1708 18.2223 57.4
    endloop
  endfacet
  facet normal 0 0 -1
    outer loop
      vertex -48.4444 18.5556 57.4
      vertex -46.35 20.65 57.4
      vertex -48.2994 18.3957 57.4
    endloop
  endfacet
  facet normal 0 0 -1
    outer loop
      vertex -48.6043 18.7006 57.4
      vertex -46.35 20.65 57.4
      vertex -48.4444 18.5556 57.4
    endloop
  endfacet
  facet normal 0 0 -1
    outer loop
      vertex -48.7777 18.8292 57.4
      vertex -46.35 20.65 57.4
      vertex -48.6043 18.7006 57.4
    endloop
  endfacet
  facet normal 0 0 -1
    outer loop
      vertex -48.9629 18.9402 57.4
      vertex -46.35 20.65 57.4
      vertex -48.7777 18.8292 57.4
    endloop
  endfacet
  facet normal 0 0 -1
    outer loop
      vertex -49.1581 19.0325 57.4
      vertex -46.35 20.65 57.4
      vertex -48.9629 18.9402 57.4
    endloop
  endfacet
  facet normal 0 0 -1
    outer loop
      vertex -49.3614 19.1053 57.4
      vertex -46.35 20.65 57.4
      vertex -49.1581 19.0325 57.4
    endloop
  endfacet
  facet normal 0 0 -1
    outer loop
      vertex -49.5708 19.1577 57.4
      vertex -46.35 20.65 57.4
      vertex -49.3614 19.1053 57.4
    endloop
  endfacet
  facet normal 0 0 -1
    outer loop
      vertex -49.7844 19.1894 57.4
      vertex -46.35 20.65 57.4
      vertex -49.5708 19.1577 57.4
    endloop
  endfacet
  facet normal 0 0 -1
    outer loop
      vertex -50 19.2 57.4
      vertex -46.35 20.65 57.4
      vertex -49.7844 19.1894 57.4
    endloop
  endfacet
  facet normal 0 0 -1
    outer loop
      vertex -50.2156 19.1894 57.4
      vertex -46.35 20.65 57.4
      vertex -50 19.2 57.4
    endloop
  endfacet
  facet normal 0 0 -1
    outer loop
      vertex -50.4292 19.1577 57.4
      vertex -46.35 20.65 57.4
      vertex -50.2156 19.1894 57.4
    endloop
  endfacet
  facet normal 0 0 -1
    outer loop
      vertex -50.6386 19.1053 57.4
      vertex -46.35 20.65 57.4
      vertex -50.4292 19.1577 57.4
    endloop
  endfacet
  facet normal 0 0 -1
    outer loop
      vertex -69.9803 20.65 57.4
      vertex -50.6386 19.1053 57.4
      vertex -50.8419 19.0325 57.4
    endloop
  endfacet
  facet normal 0 0 -1
    outer loop
      vertex -69.9803 20.65 57.4
      vertex -52.2 17 57.4
      vertex -69.9803 13.35 57.4
    endloop
  endfacet
  facet normal 0 0 -1
    outer loop
      vertex -52.2 17 57.4
      vertex -69.9803 20.65 57.4
      vertex -52.1894 17.2156 57.4
    endloop
  endfacet
  facet normal 0 0 -1
    outer loop
      vertex -52.1894 17.2156 57.4
      vertex -69.9803 20.65 57.4
      vertex -52.1577 17.4292 57.4
    endloop
  endfacet
  facet normal 0 0 -1
    outer loop
      vertex -52.1577 17.4292 57.4
      vertex -69.9803 20.65 57.4
      vertex -52.1053 17.6386 57.4
    endloop
  endfacet
  facet normal 0 0 -1
    outer loop
      vertex -52.1053 17.6386 57.4
      vertex -69.9803 20.65 57.4
      vertex -52.0325 17.8419 57.4
    endloop
  endfacet
  facet normal 0 0 -1
    outer loop
      vertex -52.0325 17.8419 57.4
      vertex -69.9803 20.65 57.4
      vertex -51.9402 18.0371 57.4
    endloop
  endfacet
  facet normal 0 0 -1
    outer loop
      vertex -51.9402 18.0371 57.4
      vertex -69.9803 20.65 57.4
      vertex -51.8292 18.2223 57.4
    endloop
  endfacet
  facet normal 0 0 -1
    outer loop
      vertex -51.8292 18.2223 57.4
      vertex -69.9803 20.65 57.4
      vertex -51.7006 18.3957 57.4
    endloop
  endfacet
  facet normal 0 0 -1
    outer loop
      vertex -51.7006 18.3957 57.4
      vertex -69.9803 20.65 57.4
      vertex -51.5556 18.5556 57.4
    endloop
  endfacet
  facet normal 0 0 -1
    outer loop
      vertex -51.5556 18.5556 57.4
      vertex -69.9803 20.65 57.4
      vertex -51.3957 18.7006 57.4
    endloop
  endfacet
  facet normal 0 0 -1
    outer loop
      vertex -51.3957 18.7006 57.4
      vertex -69.9803 20.65 57.4
      vertex -51.2223 18.8292 57.4
    endloop
  endfacet
  facet normal 0 0 -1
    outer loop
      vertex -51.2223 18.8292 57.4
      vertex -69.9803 20.65 57.4
      vertex -51.0371 18.9402 57.4
    endloop
  endfacet
  facet normal 0 0 -1
    outer loop
      vertex -51.0371 18.9402 57.4
      vertex -69.9803 20.65 57.4
      vertex -50.8419 19.0325 57.4
    endloop
  endfacet
  facet normal 0 0 -1
    outer loop
      vertex -50.6386 19.1053 57.4
      vertex -69.9803 20.65 57.4
      vertex -46.35 20.65 57.4
    endloop
  endfacet
  facet normal 0 0 1
    outer loop
      vertex -46.35 20.65 54
      vertex -47.8 17 54
      vertex -46.35 13.35 54
    endloop
  endfacet
  facet normal 0 0 1
    outer loop
      vertex -46.35 20.65 54
      vertex -47.8106 17.2156 54
      vertex -47.8 17 54
    endloop
  endfacet
  facet normal 0 0 1
    outer loop
      vertex -46.35 20.65 54
      vertex -47.8423 17.4292 54
      vertex -47.8106 17.2156 54
    endloop
  endfacet
  facet normal 0 0 1
    outer loop
      vertex -46.35 20.65 54
      vertex -47.8947 17.6386 54
      vertex -47.8423 17.4292 54
    endloop
  endfacet
  facet normal 0 0 1
    outer loop
      vertex -46.35 20.65 54
      vertex -47.9675 17.8419 54
      vertex -47.8947 17.6386 54
    endloop
  endfacet
  facet normal 0 0 1
    outer loop
      vertex -46.35 20.65 54
      vertex -48.0598 18.0371 54
      vertex -47.9675 17.8419 54
    endloop
  endfacet
  facet normal 0 0 1
    outer loop
      vertex -46.35 20.65 54
      vertex -48.1708 18.2223 54
      vertex -48.0598 18.0371 54
    endloop
  endfacet
  facet normal 0 0 1
    outer loop
      vertex -46.35 20.65 54
      vertex -48.2994 18.3957 54
      vertex -48.1708 18.2223 54
    endloop
  endfacet
  facet normal 0 0 1
    outer loop
      vertex -46.35 20.65 54
      vertex -48.4444 18.5556 54
      vertex -48.2994 18.3957 54
    endloop
  endfacet
  facet normal 0 0 1
    outer loop
      vertex -46.35 20.65 54
      vertex -48.6043 18.7006 54
      vertex -48.4444 18.5556 54
    endloop
  endfacet
  facet normal 0 0 1
    outer loop
      vertex -46.35 20.65 54
      vertex -48.7777 18.8292 54
      vertex -48.6043 18.7006 54
    endloop
  endfacet
  facet normal 0 0 1
    outer loop
      vertex -46.35 20.65 54
      vertex -48.9629 18.9402 54
      vertex -48.7777 18.8292 54
    endloop
  endfacet
  facet normal 0 0 1
    outer loop
      vertex -46.35 20.65 54
      vertex -49.1581 19.0325 54
      vertex -48.9629 18.9402 54
    endloop
  endfacet
  facet normal 0 0 1
    outer loop
      vertex -46.35 20.65 54
      vertex -49.3614 19.1053 54
      vertex -49.1581 19.0325 54
    endloop
  endfacet
  facet normal 0 0 1
    outer loop
      vertex -46.35 20.65 54
      vertex -49.5708 19.1577 54
      vertex -49.3614 19.1053 54
    endloop
  endfacet
  facet normal 0 0 1
    outer loop
      vertex -46.35 20.65 54
      vertex -49.7844 19.1894 54
      vertex -49.5708 19.1577 54
    endloop
  endfacet
  facet normal 0 0 1
    outer loop
      vertex -46.35 20.65 54
      vertex -50 19.2 54
      vertex -49.7844 19.1894 54
    endloop
  endfacet
  facet normal 0 0 1
    outer loop
      vertex -46.35 20.65 54
      vertex -50.2156 19.1894 54
      vertex -50 19.2 54
    endloop
  endfacet
  facet normal 0 0 1
    outer loop
      vertex -46.35 20.65 54
      vertex -50.4292 19.1577 54
      vertex -50.2156 19.1894 54
    endloop
  endfacet
  facet normal 0 0 1
    outer loop
      vertex -46.35 20.65 54
      vertex -50.6386 19.1053 54
      vertex -50.4292 19.1577 54
    endloop
  endfacet
  facet normal -0 0 1
    outer loop
      vertex -70 20.65 54
      vertex -50.6386 19.1053 54
      vertex -46.35 20.65 54
    endloop
  endfacet
  facet normal 0 0 1
    outer loop
      vertex -52.1894 17.2156 54
      vertex -70 20.65 54
      vertex -52.2 17 54
    endloop
  endfacet
  facet normal 0 0 1
    outer loop
      vertex -52.1577 17.4292 54
      vertex -70 20.65 54
      vertex -52.1894 17.2156 54
    endloop
  endfacet
  facet normal 0 0 1
    outer loop
      vertex -52.1053 17.6386 54
      vertex -70 20.65 54
      vertex -52.1577 17.4292 54
    endloop
  endfacet
  facet normal 0 0 1
    outer loop
      vertex -52.0325 17.8419 54
      vertex -70 20.65 54
      vertex -52.1053 17.6386 54
    endloop
  endfacet
  facet normal 0 0 1
    outer loop
      vertex -51.9402 18.0371 54
      vertex -70 20.65 54
      vertex -52.0325 17.8419 54
    endloop
  endfacet
  facet normal 0 0 1
    outer loop
      vertex -51.8292 18.2223 54
      vertex -70 20.65 54
      vertex -51.9402 18.0371 54
    endloop
  endfacet
  facet normal 0 0 1
    outer loop
      vertex -51.7006 18.3957 54
      vertex -70 20.65 54
      vertex -51.8292 18.2223 54
    endloop
  endfacet
  facet normal 0 0 1
    outer loop
      vertex -51.5556 18.5556 54
      vertex -70 20.65 54
      vertex -51.7006 18.3957 54
    endloop
  endfacet
  facet normal 0 0 1
    outer loop
      vertex -51.3957 18.7006 54
      vertex -70 20.65 54
      vertex -51.5556 18.5556 54
    endloop
  endfacet
  facet normal 0 0 1
    outer loop
      vertex -51.2223 18.8292 54
      vertex -70 20.65 54
      vertex -51.3957 18.7006 54
    endloop
  endfacet
  facet normal 0 0 1
    outer loop
      vertex -51.0371 18.9402 54
      vertex -70 20.65 54
      vertex -51.2223 18.8292 54
    endloop
  endfacet
  facet normal 0 0 1
    outer loop
      vertex -50.8419 19.0325 54
      vertex -70 20.65 54
      vertex -51.0371 18.9402 54
    endloop
  endfacet
  facet normal 0 0 1
    outer loop
      vertex -50.6386 19.1053 54
      vertex -70 20.65 54
      vertex -50.8419 19.0325 54
    endloop
  endfacet
  facet normal -0 0 1
    outer loop
      vertex -47.8106 16.7844 54
      vertex -46.35 13.35 54
      vertex -47.8 17 54
    endloop
  endfacet
  facet normal -0 0 1
    outer loop
      vertex -47.8423 16.5708 54
      vertex -46.35 13.35 54
      vertex -47.8106 16.7844 54
    endloop
  endfacet
  facet normal -0 0 1
    outer loop
      vertex -47.8947 16.3614 54
      vertex -46.35 13.35 54
      vertex -47.8423 16.5708 54
    endloop
  endfacet
  facet normal -0 0 1
    outer loop
      vertex -47.9675 16.1581 54
      vertex -46.35 13.35 54
      vertex -47.8947 16.3614 54
    endloop
  endfacet
  facet normal -0 0 1
    outer loop
      vertex -48.0598 15.9629 54
      vertex -46.35 13.35 54
      vertex -47.9675 16.1581 54
    endloop
  endfacet
  facet normal -0 0 1
    outer loop
      vertex -48.1708 15.7777 54
      vertex -46.35 13.35 54
      vertex -48.0598 15.9629 54
    endloop
  endfacet
  facet normal -0 0 1
    outer loop
      vertex -48.2994 15.6043 54
      vertex -46.35 13.35 54
      vertex -48.1708 15.7777 54
    endloop
  endfacet
  facet normal -0 0 1
    outer loop
      vertex -48.4444 15.4444 54
      vertex -46.35 13.35 54
      vertex -48.2994 15.6043 54
    endloop
  endfacet
  facet normal -0 0 1
    outer loop
      vertex -48.6043 15.2994 54
      vertex -46.35 13.35 54
      vertex -48.4444 15.4444 54
    endloop
  endfacet
  facet normal -0 0 1
    outer loop
      vertex -48.7777 15.1708 54
      vertex -46.35 13.35 54
      vertex -48.6043 15.2994 54
    endloop
  endfacet
  facet normal -0 0 1
    outer loop
      vertex -48.9629 15.0598 54
      vertex -46.35 13.35 54
      vertex -48.7777 15.1708 54
    endloop
  endfacet
  facet normal -0 0 1
    outer loop
      vertex -49.1581 14.9675 54
      vertex -46.35 13.35 54
      vertex -48.9629 15.0598 54
    endloop
  endfacet
  facet normal -0 0 1
    outer loop
      vertex -49.3614 14.8947 54
      vertex -46.35 13.35 54
      vertex -49.1581 14.9675 54
    endloop
  endfacet
  facet normal -0 0 1
    outer loop
      vertex -49.5708 14.8423 54
      vertex -46.35 13.35 54
      vertex -49.3614 14.8947 54
    endloop
  endfacet
  facet normal -0 0 1
    outer loop
      vertex -49.7844 14.8106 54
      vertex -46.35 13.35 54
      vertex -49.5708 14.8423 54
    endloop
  endfacet
  facet normal -0 0 1
    outer loop
      vertex -50 14.8 54
      vertex -46.35 13.35 54
      vertex -49.7844 14.8106 54
    endloop
  endfacet
  facet normal 0 0 1
    outer loop
      vertex -50.2156 14.8106 54
      vertex -46.35 13.35 54
      vertex -50 14.8 54
    endloop
  endfacet
  facet normal 0 0 1
    outer loop
      vertex -50.4292 14.8423 54
      vertex -46.35 13.35 54
      vertex -50.2156 14.8106 54
    endloop
  endfacet
  facet normal 0 0 1
    outer loop
      vertex -50.6386 14.8947 54
      vertex -46.35 13.35 54
      vertex -50.4292 14.8423 54
    endloop
  endfacet
  facet normal 0 0 1
    outer loop
      vertex -70 13.35 54
      vertex -50.6386 14.8947 54
      vertex -50.8419 14.9675 54
    endloop
  endfacet
  facet normal 0 0 1
    outer loop
      vertex -70 13.35 54
      vertex -52.2 17 54
      vertex -70 20.65 54
    endloop
  endfacet
  facet normal 0 0 1
    outer loop
      vertex -52.2 17 54
      vertex -70 13.35 54
      vertex -52.1894 16.7844 54
    endloop
  endfacet
  facet normal 0 0 1
    outer loop
      vertex -52.1894 16.7844 54
      vertex -70 13.35 54
      vertex -52.1577 16.5708 54
    endloop
  endfacet
  facet normal 0 0 1
    outer loop
      vertex -52.1577 16.5708 54
      vertex -70 13.35 54
      vertex -52.1053 16.3614 54
    endloop
  endfacet
  facet normal 0 0 1
    outer loop
      vertex -52.1053 16.3614 54
      vertex -70 13.35 54
      vertex -52.0325 16.1581 54
    endloop
  endfacet
  facet normal 0 0 1
    outer loop
      vertex -52.0325 16.1581 54
      vertex -70 13.35 54
      vertex -51.9402 15.9629 54
    endloop
  endfacet
  facet normal 0 0 1
    outer loop
      vertex -51.9402 15.9629 54
      vertex -70 13.35 54
      vertex -51.8292 15.7777 54
    endloop
  endfacet
  facet normal 0 0 1
    outer loop
      vertex -51.8292 15.7777 54
      vertex -70 13.35 54
      vertex -51.7006 15.6043 54
    endloop
  endfacet
  facet normal 0 0 1
    outer loop
      vertex -51.7006 15.6043 54
      vertex -70 13.35 54
      vertex -51.5556 15.4444 54
    endloop
  endfacet
  facet normal 0 0 1
    outer loop
      vertex -51.5556 15.4444 54
      vertex -70 13.35 54
      vertex -51.3957 15.2994 54
    endloop
  endfacet
  facet normal 0 0 1
    outer loop
      vertex -51.3957 15.2994 54
      vertex -70 13.35 54
      vertex -51.2223 15.1708 54
    endloop
  endfacet
  facet normal 0 0 1
    outer loop
      vertex -51.2223 15.1708 54
      vertex -70 13.35 54
      vertex -51.0371 15.0598 54
    endloop
  endfacet
  facet normal 0 0 1
    outer loop
      vertex -51.0371 15.0598 54
      vertex -70 13.35 54
      vertex -50.8419 14.9675 54
    endloop
  endfacet
  facet normal 0 0 1
    outer loop
      vertex -50.6386 14.8947 54
      vertex -70 13.35 54
      vertex -46.35 13.35 54
    endloop
  endfacet
  facet normal 0 -1 0
    outer loop
      vertex -70 20.65 57
      vertex -46.35 20.65 57.4
      vertex -69.9803 20.65 57.4
    endloop
  endfacet
  facet normal 0 -1 0
    outer loop
      vertex -46.35 20.65 54
      vertex -70 20.65 57
      vertex -70 20.65 54
    endloop
  endfacet
  facet normal 0 -1 0
    outer loop
      vertex -70 20.65 57
      vertex -46.35 20.65 54
      vertex -46.35 20.65 57.4
    endloop
  endfacet
  facet normal 0 1 0
    outer loop
      vertex -46.35 13.35 57.4
      vertex -70 13.35 57
      vertex -69.9803 13.35 57.4
    endloop
  endfacet
  facet normal 0 1 -0
    outer loop
      vertex -46.35 13.35 54
      vertex -70 13.35 57
      vertex -46.35 13.35 57.4
    endloop
  endfacet
  facet normal 0 1 0
    outer loop
      vertex -70 13.35 57
      vertex -46.35 13.35 54
      vertex -70 13.35 54
    endloop
  endfacet
  facet normal 0.707107 0 -0.707107
    outer loop
      vertex 49.7844 19.1894 53.4464
      vertex 50 30 53.662
      vertex 50 19.2 53.662
    endloop
  endfacet
  facet normal 0.707107 0 -0.707107
    outer loop
      vertex 49.5708 19.1577 53.2328
      vertex 50 30 53.662
      vertex 49.7844 19.1894 53.4464
    endloop
  endfacet
  facet normal 0.707107 0 -0.707107
    outer loop
      vertex 49.3614 19.1053 53.0234
      vertex 50 30 53.662
      vertex 49.5708 19.1577 53.2328
    endloop
  endfacet
  facet normal 0.707107 6.65506e-17 -0.707107
    outer loop
      vertex 50 30 53.662
      vertex 49.3614 19.1053 53.0234
      vertex 45.669 30 49.331
    endloop
  endfacet
  facet normal 0.707107 4.10903e-16 -0.707107
    outer loop
      vertex 49.1581 19.0325 52.8201
      vertex 45.669 30 49.331
      vertex 49.3614 19.1053 53.0234
    endloop
  endfacet
  facet normal 0.706949 -0.000100196 -0.707264
    outer loop
      vertex 48.9629 18.9402 52.625
      vertex 45.669 30 49.331
      vertex 49.1581 19.0325 52.8201
    endloop
  endfacet
  facet normal 0.707108 -5.42508e-06 -0.707105
    outer loop
      vertex 48.7777 18.8292 52.4398
      vertex 45.669 30 49.331
      vertex 48.9629 18.9402 52.625
    endloop
  endfacet
  facet normal 0.707109 -5.24701e-06 -0.707105
    outer loop
      vertex 48.6043 18.7006 52.2664
      vertex 45.669 30 49.331
      vertex 48.7777 18.8292 52.4398
    endloop
  endfacet
  facet normal 0.707288 8.78878e-05 -0.706926
    outer loop
      vertex 48.4444 18.5556 52.1064
      vertex 45.669 30 49.331
      vertex 48.6043 18.7006 52.2664
    endloop
  endfacet
  facet normal 0.707107 3.54595e-16 -0.707107
    outer loop
      vertex 48.2994 18.3957 51.9614
      vertex 45.669 30 49.331
      vertex 48.4444 18.5556 52.1064
    endloop
  endfacet
  facet normal 0.707107 3.42476e-16 -0.707107
    outer loop
      vertex 48.1708 18.2223 51.8328
      vertex 45.669 30 49.331
      vertex 48.2994 18.3957 51.9614
    endloop
  endfacet
  facet normal 0.707107 3.10355e-16 -0.707107
    outer loop
      vertex 48.0598 18.0371 51.7218
      vertex 45.669 30 49.331
      vertex 48.1708 18.2223 51.8328
    endloop
  endfacet
  facet normal 0.707107 2.99853e-16 -0.707107
    outer loop
      vertex 47.9675 17.8419 51.6295
      vertex 45.669 30 49.331
      vertex 48.0598 18.0371 51.7218
    endloop
  endfacet
  facet normal 0.706789 -0.000120232 -0.707425
    outer loop
      vertex 47.8947 17.6386 51.5568
      vertex 45.669 30 49.331
      vertex 47.9675 17.8419 51.6295
    endloop
  endfacet
  facet normal 0.707505 0.000137896 -0.706708
    outer loop
      vertex 47.8423 17.4292 51.5043
      vertex 45.669 30 49.331
      vertex 47.8947 17.6386 51.5568
    endloop
  endfacet
  facet normal 0.707107 1.81995e-16 -0.707107
    outer loop
      vertex 47.8106 17.2156 51.4726
      vertex 45.669 30 49.331
      vertex 47.8423 17.4292 51.5043
    endloop
  endfacet
  facet normal 0.707107 -1.79258e-14 -0.707107
    outer loop
      vertex 47.8 17 51.462
      vertex 45.669 30 49.331
      vertex 47.8106 17.2156 51.4726
    endloop
  endfacet
  facet normal 0.707107 1.78765e-14 -0.707107
    outer loop
      vertex 45.669 4 49.331
      vertex 47.8 17 51.462
      vertex 47.8106 16.7844 51.4726
    endloop
  endfacet
  facet normal 0.707107 0 -0.707107
    outer loop
      vertex 45.669 4 49.331
      vertex 47.8106 16.7844 51.4726
      vertex 47.8423 16.5708 51.5043
    endloop
  endfacet
  facet normal 0.707107 0 -0.707107
    outer loop
      vertex 50 4 53.662
      vertex 49.7844 14.8106 53.4464
      vertex 50 14.8 53.662
    endloop
  endfacet
  facet normal 0.707107 0 -0.707107
    outer loop
      vertex 50 4 53.662
      vertex 49.5708 14.8423 53.2328
      vertex 49.7844 14.8106 53.4464
    endloop
  endfacet
  facet normal 0.707107 0 -0.707107
    outer loop
      vertex 50 4 53.662
      vertex 49.3614 14.8947 53.0234
      vertex 49.5708 14.8423 53.2328
    endloop
  endfacet
  facet normal 0.707107 -7.98607e-17 -0.707107
    outer loop
      vertex 45.669 4 49.331
      vertex 49.3614 14.8947 53.0234
      vertex 50 4 53.662
    endloop
  endfacet
  facet normal 0.707107 -4.10903e-16 -0.707107
    outer loop
      vertex 49.3614 14.8947 53.0234
      vertex 45.669 4 49.331
      vertex 49.1581 14.9675 52.8201
    endloop
  endfacet
  facet normal 0.706949 0.000100196 -0.707264
    outer loop
      vertex 49.1581 14.9675 52.8201
      vertex 45.669 4 49.331
      vertex 48.9629 15.0598 52.625
    endloop
  endfacet
  facet normal 0.707108 5.42508e-06 -0.707105
    outer loop
      vertex 48.9629 15.0598 52.625
      vertex 45.669 4 49.331
      vertex 48.7777 15.1708 52.4398
    endloop
  endfacet
  facet normal 0.707109 5.24701e-06 -0.707105
    outer loop
      vertex 48.7777 15.1708 52.4398
      vertex 45.669 4 49.331
      vertex 48.6043 15.2994 52.2664
    endloop
  endfacet
  facet normal 0.707288 -8.78878e-05 -0.706926
    outer loop
      vertex 48.6043 15.2994 52.2664
      vertex 45.669 4 49.331
      vertex 48.4444 15.4444 52.1064
    endloop
  endfacet
  facet normal 0.707107 -3.54595e-16 -0.707107
    outer loop
      vertex 48.4444 15.4444 52.1064
      vertex 45.669 4 49.331
      vertex 48.2994 15.6043 51.9614
    endloop
  endfacet
  facet normal 0.707107 -3.22331e-16 -0.707107
    outer loop
      vertex 48.2994 15.6043 51.9614
      vertex 45.669 4 49.331
      vertex 48.1708 15.7777 51.8328
    endloop
  endfacet
  facet normal 0.707107 -3.10355e-16 -0.707107
    outer loop
      vertex 48.1708 15.7777 51.8328
      vertex 45.669 4 49.331
      vertex 48.0598 15.9629 51.7218
    endloop
  endfacet
  facet normal 0.707107 -2.8736e-16 -0.707107
    outer loop
      vertex 48.0598 15.9629 51.7218
      vertex 45.669 4 49.331
      vertex 47.9675 16.1581 51.6295
    endloop
  endfacet
  facet normal 0.706789 0.000120232 -0.707425
    outer loop
      vertex 47.9675 16.1581 51.6295
      vertex 45.669 4 49.331
      vertex 47.8947 16.3614 51.5568
    endloop
  endfacet
  facet normal 0.707107 0 -0.707107
    outer loop
      vertex 47.8 17 51.462
      vertex 45.669 4 49.331
      vertex 45.669 30 49.331
    endloop
  endfacet
  facet normal 0.707505 -0.000137896 -0.706708
    outer loop
      vertex 47.8947 16.3614 51.5568
      vertex 45.669 4 49.331
      vertex 47.8423 16.5708 51.5043
    endloop
  endfacet
  facet normal -0.0490829 0 0.998795
    outer loop
      vertex 50 30 38.875
      vertex 50.6003 4 38.9045
      vertex 50.6003 30 38.9045
    endloop
  endfacet
  facet normal -0.0490829 0 0.998795
    outer loop
      vertex 50.6003 4 38.9045
      vertex 50 30 38.875
      vertex 50 4 38.875
    endloop
  endfacet
  facet normal -0.242888 0 0.970054
    outer loop
      vertex 51.1949 30 38.9927
      vertex 51.778 4 39.1387
      vertex 51.778 30 39.1387
    endloop
  endfacet
  facet normal -0.242888 0 0.970054
    outer loop
      vertex 51.778 4 39.1387
      vertex 51.1949 30 38.9927
      vertex 51.1949 4 38.9927
    endloop
  endfacet
  facet normal -0.14673 0 0.989177
    outer loop
      vertex 50.6003 30 38.9045
      vertex 51.1949 4 38.9927
      vertex 51.1949 30 38.9927
    endloop
  endfacet
  facet normal -0.14673 0 0.989177
    outer loop
      vertex 51.1949 4 38.9927
      vertex 50.6003 30 38.9045
      vertex 50.6003 4 38.9045
    endloop
  endfacet
  facet normal 0.903995 -0 0.427543
    outer loop
      vertex 44.3412 4 42.6561
      vertex 44.5982 30 42.1127
      vertex 44.3412 30 42.6561
    endloop
  endfacet
  facet normal 0.903995 0 0.427543
    outer loop
      vertex 44.5982 30 42.1127
      vertex 44.3412 4 42.6561
      vertex 44.5982 4 42.1127
    endloop
  endfacet
  facet normal -0.707107 6.65506e-17 -0.707107
    outer loop
      vertex 50.6386 19.1053 53.0234
      vertex 50 30 53.662
      vertex 54.331 30 49.331
    endloop
  endfacet
  facet normal -0.707107 -0 -0.707107
    outer loop
      vertex 50 30 53.662
      vertex 50.2156 19.1894 53.4464
      vertex 50 19.2 53.662
    endloop
  endfacet
  facet normal -0.707107 0 -0.707107
    outer loop
      vertex 50 30 53.662
      vertex 50.4292 19.1577 53.2328
      vertex 50.2156 19.1894 53.4464
    endloop
  endfacet
  facet normal -0.707107 0 -0.707107
    outer loop
      vertex 50 30 53.662
      vertex 50.6386 19.1053 53.0234
      vertex 50.4292 19.1577 53.2328
    endloop
  endfacet
  facet normal -0.707107 5.05727e-16 -0.707107
    outer loop
      vertex 54.331 30 49.331
      vertex 50.8419 19.0325 52.8201
      vertex 50.6386 19.1053 53.0234
    endloop
  endfacet
  facet normal -0.706949 -0.000100196 -0.707264
    outer loop
      vertex 54.331 30 49.331
      vertex 51.0371 18.9402 52.625
      vertex 50.8419 19.0325 52.8201
    endloop
  endfacet
  facet normal -0.707108 -5.42508e-06 -0.707105
    outer loop
      vertex 54.331 30 49.331
      vertex 51.2223 18.8292 52.4398
      vertex 51.0371 18.9402 52.625
    endloop
  endfacet
  facet normal -0.707109 -5.24701e-06 -0.707105
    outer loop
      vertex 54.331 30 49.331
      vertex 51.3957 18.7006 52.2664
      vertex 51.2223 18.8292 52.4398
    endloop
  endfacet
  facet normal -0.707288 8.78878e-05 -0.706926
    outer loop
      vertex 54.331 30 49.331
      vertex 51.5556 18.5556 52.1064
      vertex 51.3957 18.7006 52.2664
    endloop
  endfacet
  facet normal -0.707107 5.97213e-16 -0.707107
    outer loop
      vertex 54.331 30 49.331
      vertex 51.7006 18.3957 51.9614
      vertex 51.5556 18.5556 52.1064
    endloop
  endfacet
  facet normal -0.707107 6.44661e-16 -0.707107
    outer loop
      vertex 54.331 30 49.331
      vertex 51.8292 18.2223 51.8328
      vertex 51.7006 18.3957 51.9614
    endloop
  endfacet
  facet normal -0.707107 3.54691e-16 -0.707107
    outer loop
      vertex 54.331 30 49.331
      vertex 51.9402 18.0371 51.7218
      vertex 51.8292 18.2223 51.8328
    endloop
  endfacet
  facet normal -0.707107 3.99805e-16 -0.707107
    outer loop
      vertex 54.331 30 49.331
      vertex 52.0325 17.8419 51.6295
      vertex 51.9402 18.0371 51.7218
    endloop
  endfacet
  facet normal -0.706789 -0.000120232 -0.707425
    outer loop
      vertex 54.331 30 49.331
      vertex 52.1053 17.6386 51.5568
      vertex 52.0325 17.8419 51.6295
    endloop
  endfacet
  facet normal -0.707505 0.000137896 -0.706708
    outer loop
      vertex 54.331 30 49.331
      vertex 52.1577 17.4292 51.5043
      vertex 52.1053 17.6386 51.5568
    endloop
  endfacet
  facet normal -0.707107 0 -0.707107
    outer loop
      vertex 54.331 30 49.331
      vertex 52.1894 17.2156 51.4726
      vertex 52.1577 17.4292 51.5043
    endloop
  endfacet
  facet normal -0.707107 -1.78765e-14 -0.707107
    outer loop
      vertex 54.331 30 49.331
      vertex 52.2 17 51.462
      vertex 52.1894 17.2156 51.4726
    endloop
  endfacet
  facet normal -0.707107 0 -0.707107
    outer loop
      vertex 54.331 4 49.331
      vertex 52.2 17 51.462
      vertex 54.331 30 49.331
    endloop
  endfacet
  facet normal -0.707107 1.79258e-14 -0.707107
    outer loop
      vertex 52.2 17 51.462
      vertex 54.331 4 49.331
      vertex 52.1894 16.7844 51.4726
    endloop
  endfacet
  facet normal -0.707107 -1.81995e-16 -0.707107
    outer loop
      vertex 52.1894 16.7844 51.4726
      vertex 54.331 4 49.331
      vertex 52.1577 16.5708 51.5043
    endloop
  endfacet
  facet normal -0.707505 -0.000137896 -0.706708
    outer loop
      vertex 54.331 4 49.331
      vertex 52.1053 16.3614 51.5568
      vertex 52.1577 16.5708 51.5043
    endloop
  endfacet
  facet normal -0.706789 0.000120232 -0.707425
    outer loop
      vertex 54.331 4 49.331
      vertex 52.0325 16.1581 51.6295
      vertex 52.1053 16.3614 51.5568
    endloop
  endfacet
  facet normal -0.707107 -3.99805e-16 -0.707107
    outer loop
      vertex 54.331 4 49.331
      vertex 51.9402 15.9629 51.7218
      vertex 52.0325 16.1581 51.6295
    endloop
  endfacet
  facet normal -0.707107 -3.54691e-16 -0.707107
    outer loop
      vertex 54.331 4 49.331
      vertex 51.8292 15.7777 51.8328
      vertex 51.9402 15.9629 51.7218
    endloop
  endfacet
  facet normal -0.707107 -6.44661e-16 -0.707107
    outer loop
      vertex 54.331 4 49.331
      vertex 51.7006 15.6043 51.9614
      vertex 51.8292 15.7777 51.8328
    endloop
  endfacet
  facet normal -0.707107 -5.97213e-16 -0.707107
    outer loop
      vertex 54.331 4 49.331
      vertex 51.5556 15.4444 52.1064
      vertex 51.7006 15.6043 51.9614
    endloop
  endfacet
  facet normal -0.707288 -8.78878e-05 -0.706926
    outer loop
      vertex 54.331 4 49.331
      vertex 51.3957 15.2994 52.2664
      vertex 51.5556 15.4444 52.1064
    endloop
  endfacet
  facet normal -0.707109 5.24701e-06 -0.707105
    outer loop
      vertex 54.331 4 49.331
      vertex 51.2223 15.1708 52.4398
      vertex 51.3957 15.2994 52.2664
    endloop
  endfacet
  facet normal -0.707108 5.42508e-06 -0.707105
    outer loop
      vertex 54.331 4 49.331
      vertex 51.0371 15.0598 52.625
      vertex 51.2223 15.1708 52.4398
    endloop
  endfacet
  facet normal -0.706949 0.000100196 -0.707264
    outer loop
      vertex 54.331 4 49.331
      vertex 50.8419 14.9675 52.8201
      vertex 51.0371 15.0598 52.625
    endloop
  endfacet
  facet normal -0.707107 -5.05727e-16 -0.707107
    outer loop
      vertex 54.331 4 49.331
      vertex 50.6386 14.8947 53.0234
      vertex 50.8419 14.9675 52.8201
    endloop
  endfacet
  facet normal -0.707107 -6.65506e-17 -0.707107
    outer loop
      vertex 50 4 53.662
      vertex 50.6386 14.8947 53.0234
      vertex 54.331 4 49.331
    endloop
  endfacet
  facet normal -0.707107 0 -0.707107
    outer loop
      vertex 50.6386 14.8947 53.0234
      vertex 50 4 53.662
      vertex 50.4292 14.8423 53.2328
    endloop
  endfacet
  facet normal -0.707107 0 -0.707107
    outer loop
      vertex 50.4292 14.8423 53.2328
      vertex 50 4 53.662
      vertex 50.2156 14.8106 53.4464
    endloop
  endfacet
  facet normal -0.707107 0 -0.707107
    outer loop
      vertex 50.2156 14.8106 53.4464
      vertex 50 4 53.662
      vertex 50 14.8 53.662
    endloop
  endfacet
  facet normal 0 1 0
    outer loop
      vertex 54.331 4 49.331
      vertex 45.669 4 49.331
      vertex 50 4 53.662
    endloop
  endfacet
  facet normal 0 1 0
    outer loop
      vertex 54.7347 4 48.8857
      vertex 45.669 4 49.331
      vertex 54.331 4 49.331
    endloop
  endfacet
  facet normal 0 1 0
    outer loop
      vertex 54.7347 4 48.8857
      vertex 45.2653 4 48.8857
      vertex 45.669 4 49.331
    endloop
  endfacet
  facet normal 0 1 0
    outer loop
      vertex 55.0927 4 48.4029
      vertex 45.2653 4 48.8857
      vertex 54.7347 4 48.8857
    endloop
  endfacet
  facet normal 0 1 0
    outer loop
      vertex 55.0927 4 48.4029
      vertex 44.9073 4 48.4029
      vertex 45.2653 4 48.8857
    endloop
  endfacet
  facet normal 0 1 0
    outer loop
      vertex 55.4018 4 47.8873
      vertex 44.9073 4 48.4029
      vertex 55.0927 4 48.4029
    endloop
  endfacet
  facet normal 0 1 0
    outer loop
      vertex 55.4018 4 47.8873
      vertex 44.5982 4 47.8873
      vertex 44.9073 4 48.4029
    endloop
  endfacet
  facet normal 0 1 0
    outer loop
      vertex 55.6588 4 47.3439
      vertex 44.5982 4 47.8873
      vertex 55.4018 4 47.8873
    endloop
  endfacet
  facet normal 0 1 0
    outer loop
      vertex 55.6588 4 47.3439
      vertex 44.3412 4 47.3439
      vertex 44.5982 4 47.8873
    endloop
  endfacet
  facet normal 0 1 0
    outer loop
      vertex 55.8613 4 46.778
      vertex 44.3412 4 47.3439
      vertex 55.6588 4 47.3439
    endloop
  endfacet
  facet normal 0 1 0
    outer loop
      vertex 55.8613 4 46.778
      vertex 44.1387 4 46.778
      vertex 44.3412 4 47.3439
    endloop
  endfacet
  facet normal 0 1 0
    outer loop
      vertex 56.0073 4 46.1949
      vertex 44.1387 4 46.778
      vertex 55.8613 4 46.778
    endloop
  endfacet
  facet normal 0 1 0
    outer loop
      vertex 56.0073 4 46.1949
      vertex 43.9927 4 46.1949
      vertex 44.1387 4 46.778
    endloop
  endfacet
  facet normal 0 1 0
    outer loop
      vertex 56.0955 4 45.6003
      vertex 43.9927 4 46.1949
      vertex 56.0073 4 46.1949
    endloop
  endfacet
  facet normal 0 1 0
    outer loop
      vertex 56.0955 4 45.6003
      vertex 43.9045 4 45.6003
      vertex 43.9927 4 46.1949
    endloop
  endfacet
  facet normal 0 1 0
    outer loop
      vertex 56.125 4 45
      vertex 43.9045 4 45.6003
      vertex 56.0955 4 45.6003
    endloop
  endfacet
  facet normal 0 1 0
    outer loop
      vertex 56.125 4 45
      vertex 43.875 4 45
      vertex 43.9045 4 45.6003
    endloop
  endfacet
  facet normal 0 1 -0
    outer loop
      vertex 56.0955 4 44.3997
      vertex 43.875 4 45
      vertex 56.125 4 45
    endloop
  endfacet
  facet normal 0 1 0
    outer loop
      vertex 56.0955 4 44.3997
      vertex 43.9045 4 44.3997
      vertex 43.875 4 45
    endloop
  endfacet
  facet normal 0 1 -0
    outer loop
      vertex 56.0073 4 43.8051
      vertex 43.9045 4 44.3997
      vertex 56.0955 4 44.3997
    endloop
  endfacet
  facet normal 0 1 0
    outer loop
      vertex 56.0073 4 43.8051
      vertex 43.9927 4 43.8051
      vertex 43.9045 4 44.3997
    endloop
  endfacet
  facet normal 0 1 -0
    outer loop
      vertex 55.8613 4 43.222
      vertex 43.9927 4 43.8051
      vertex 56.0073 4 43.8051
    endloop
  endfacet
  facet normal 0 1 0
    outer loop
      vertex 55.8613 4 43.222
      vertex 44.1387 4 43.222
      vertex 43.9927 4 43.8051
    endloop
  endfacet
  facet normal 0 1 -0
    outer loop
      vertex 55.6588 4 42.6561
      vertex 44.1387 4 43.222
      vertex 55.8613 4 43.222
    endloop
  endfacet
  facet normal 0 1 0
    outer loop
      vertex 55.6588 4 42.6561
      vertex 44.3412 4 42.6561
      vertex 44.1387 4 43.222
    endloop
  endfacet
  facet normal 0 1 -0
    outer loop
      vertex 55.4018 4 42.1127
      vertex 44.3412 4 42.6561
      vertex 55.6588 4 42.6561
    endloop
  endfacet
  facet normal 0 1 0
    outer loop
      vertex 55.4018 4 42.1127
      vertex 44.5982 4 42.1127
      vertex 44.3412 4 42.6561
    endloop
  endfacet
  facet normal 0 1 -0
    outer loop
      vertex 55.0927 4 41.5971
      vertex 44.5982 4 42.1127
      vertex 55.4018 4 42.1127
    endloop
  endfacet
  facet normal 0 1 0
    outer loop
      vertex 55.0927 4 41.5971
      vertex 44.9073 4 41.5971
      vertex 44.5982 4 42.1127
    endloop
  endfacet
  facet normal 0 1 -0
    outer loop
      vertex 54.7347 4 41.1143
      vertex 44.9073 4 41.5971
      vertex 55.0927 4 41.5971
    endloop
  endfacet
  facet normal 0 1 0
    outer loop
      vertex 54.7347 4 41.1143
      vertex 45.2653 4 41.1143
      vertex 44.9073 4 41.5971
    endloop
  endfacet
  facet normal 0 1 -0
    outer loop
      vertex 54.331 4 40.669
      vertex 45.2653 4 41.1143
      vertex 54.7347 4 41.1143
    endloop
  endfacet
  facet normal 0 1 0
    outer loop
      vertex 54.331 4 40.669
      vertex 45.669 4 40.669
      vertex 45.2653 4 41.1143
    endloop
  endfacet
  facet normal 0 1 -0
    outer loop
      vertex 53.8857 4 40.2653
      vertex 45.669 4 40.669
      vertex 54.331 4 40.669
    endloop
  endfacet
  facet normal 0 1 0
    outer loop
      vertex 53.8857 4 40.2653
      vertex 46.1143 4 40.2653
      vertex 45.669 4 40.669
    endloop
  endfacet
  facet normal 0 1 -0
    outer loop
      vertex 53.4029 4 39.9073
      vertex 46.1143 4 40.2653
      vertex 53.8857 4 40.2653
    endloop
  endfacet
  facet normal 0 1 0
    outer loop
      vertex 53.4029 4 39.9073
      vertex 46.5971 4 39.9073
      vertex 46.1143 4 40.2653
    endloop
  endfacet
  facet normal 0 1 -0
    outer loop
      vertex 52.8873 4 39.5982
      vertex 46.5971 4 39.9073
      vertex 53.4029 4 39.9073
    endloop
  endfacet
  facet normal 0 1 0
    outer loop
      vertex 52.8873 4 39.5982
      vertex 47.1127 4 39.5982
      vertex 46.5971 4 39.9073
    endloop
  endfacet
  facet normal 0 1 -0
    outer loop
      vertex 52.3439 4 39.3412
      vertex 47.1127 4 39.5982
      vertex 52.8873 4 39.5982
    endloop
  endfacet
  facet normal 0 1 0
    outer loop
      vertex 52.3439 4 39.3412
      vertex 47.6561 4 39.3412
      vertex 47.1127 4 39.5982
    endloop
  endfacet
  facet normal 0 1 -0
    outer loop
      vertex 51.778 4 39.1387
      vertex 47.6561 4 39.3412
      vertex 52.3439 4 39.3412
    endloop
  endfacet
  facet normal 0 1 0
    outer loop
      vertex 51.778 4 39.1387
      vertex 48.222 4 39.1387
      vertex 47.6561 4 39.3412
    endloop
  endfacet
  facet normal 0 1 -0
    outer loop
      vertex 51.1949 4 38.9927
      vertex 48.222 4 39.1387
      vertex 51.778 4 39.1387
    endloop
  endfacet
  facet normal 0 1 0
    outer loop
      vertex 51.1949 4 38.9927
      vertex 48.8051 4 38.9927
      vertex 48.222 4 39.1387
    endloop
  endfacet
  facet normal 0 1 -0
    outer loop
      vertex 50.6003 4 38.9045
      vertex 48.8051 4 38.9927
      vertex 51.1949 4 38.9927
    endloop
  endfacet
  facet normal 0 1 0
    outer loop
      vertex 50.6003 4 38.9045
      vertex 49.3997 4 38.9045
      vertex 48.8051 4 38.9927
    endloop
  endfacet
  facet normal -0 1 0
    outer loop
      vertex 49.3997 4 38.9045
      vertex 50.6003 4 38.9045
      vertex 50 4 38.875
    endloop
  endfacet
  facet normal -0.803262 0 0.595625
    outer loop
      vertex 54.7347 4 41.1143
      vertex 55.0927 30 41.5971
      vertex 54.7347 30 41.1143
    endloop
  endfacet
  facet normal -0.803262 0 0.595625
    outer loop
      vertex 55.0927 30 41.5971
      vertex 54.7347 4 41.1143
      vertex 55.0927 4 41.5971
    endloop
  endfacet
  facet normal 0.998795 0 -0.0490829
    outer loop
      vertex 43.9045 4 45.6003
      vertex 43.875 30 45
      vertex 43.9045 30 45.6003
    endloop
  endfacet
  facet normal 0.998795 0 -0.0490829
    outer loop
      vertex 43.875 30 45
      vertex 43.9045 4 45.6003
      vertex 43.875 4 45
    endloop
  endfacet
  facet normal 0.989177 -0 0.14673
    outer loop
      vertex 43.9045 4 44.3997
      vertex 43.9927 30 43.8051
      vertex 43.9045 30 44.3997
    endloop
  endfacet
  facet normal 0.989177 0 0.14673
    outer loop
      vertex 43.9927 30 43.8051
      vertex 43.9045 4 44.3997
      vertex 43.9927 4 43.8051
    endloop
  endfacet
  facet normal 0.970054 0 -0.242888
    outer loop
      vertex 44.1387 4 46.778
      vertex 43.9927 30 46.1949
      vertex 44.1387 30 46.778
    endloop
  endfacet
  facet normal 0.970054 0 -0.242888
    outer loop
      vertex 43.9927 30 46.1949
      vertex 44.1387 4 46.778
      vertex 43.9927 4 46.1949
    endloop
  endfacet
  facet normal 0.903995 0 -0.427543
    outer loop
      vertex 44.5982 4 47.8873
      vertex 44.3412 30 47.3439
      vertex 44.5982 30 47.8873
    endloop
  endfacet
  facet normal 0.903995 0 -0.427543
    outer loop
      vertex 44.3412 30 47.3439
      vertex 44.5982 4 47.8873
      vertex 44.3412 4 47.3439
    endloop
  endfacet
  facet normal -0.998795 0 -0.0490829
    outer loop
      vertex 56.125 4 45
      vertex 56.0955 30 45.6003
      vertex 56.125 30 45
    endloop
  endfacet
  facet normal -0.998795 -0 -0.0490829
    outer loop
      vertex 56.0955 30 45.6003
      vertex 56.125 4 45
      vertex 56.0955 4 45.6003
    endloop
  endfacet
  facet normal 0.998795 -0 0.0490829
    outer loop
      vertex 43.875 4 45
      vertex 43.9045 30 44.3997
      vertex 43.875 30 45
    endloop
  endfacet
  facet normal 0.998795 0 0.0490829
    outer loop
      vertex 43.9045 30 44.3997
      vertex 43.875 4 45
      vertex 43.9045 4 44.3997
    endloop
  endfacet
  facet normal 0.989177 0 -0.14673
    outer loop
      vertex 43.9927 4 46.1949
      vertex 43.9045 30 45.6003
      vertex 43.9927 30 46.1949
    endloop
  endfacet
  facet normal 0.989177 0 -0.14673
    outer loop
      vertex 43.9045 30 45.6003
      vertex 43.9927 4 46.1949
      vertex 43.9045 4 45.6003
    endloop
  endfacet
  facet normal 0.970054 -0 0.242888
    outer loop
      vertex 43.9927 4 43.8051
      vertex 44.1387 30 43.222
      vertex 43.9927 30 43.8051
    endloop
  endfacet
  facet normal 0.970054 0 0.242888
    outer loop
      vertex 44.1387 30 43.222
      vertex 43.9927 4 43.8051
      vertex 44.1387 4 43.222
    endloop
  endfacet
  facet normal 0.671654 0 0.740865
    outer loop
      vertex 45.669 30 40.669
      vertex 46.1143 4 40.2653
      vertex 46.1143 30 40.2653
    endloop
  endfacet
  facet normal 0.671654 0 0.740865
    outer loop
      vertex 46.1143 4 40.2653
      vertex 45.669 30 40.669
      vertex 45.669 4 40.669
    endloop
  endfacet
  facet normal 0.740865 -0 0.671654
    outer loop
      vertex 45.2653 4 41.1143
      vertex 45.669 30 40.669
      vertex 45.2653 30 41.1143
    endloop
  endfacet
  facet normal 0.740865 0 0.671654
    outer loop
      vertex 45.669 30 40.669
      vertex 45.2653 4 41.1143
      vertex 45.669 4 40.669
    endloop
  endfacet
  facet normal 0.857684 0 -0.514178
    outer loop
      vertex 44.9073 4 48.4029
      vertex 44.5982 30 47.8873
      vertex 44.9073 30 48.4029
    endloop
  endfacet
  facet normal 0.857684 0 -0.514178
    outer loop
      vertex 44.5982 30 47.8873
      vertex 44.9073 4 48.4029
      vertex 44.5982 4 47.8873
    endloop
  endfacet
  facet normal -0.998795 0 0.0490829
    outer loop
      vertex 56.0955 4 44.3997
      vertex 56.125 30 45
      vertex 56.0955 30 44.3997
    endloop
  endfacet
  facet normal -0.998795 0 0.0490829
    outer loop
      vertex 56.125 30 45
      vertex 56.0955 4 44.3997
      vertex 56.125 4 45
    endloop
  endfacet
  facet normal 0.857684 -0 0.514178
    outer loop
      vertex 44.5982 4 42.1127
      vertex 44.9073 30 41.5971
      vertex 44.5982 30 42.1127
    endloop
  endfacet
  facet normal 0.857684 0 0.514178
    outer loop
      vertex 44.9073 30 41.5971
      vertex 44.5982 4 42.1127
      vertex 44.9073 4 41.5971
    endloop
  endfacet
  facet normal -0.857684 0 -0.514178
    outer loop
      vertex 55.4018 4 47.8873
      vertex 55.0927 30 48.4029
      vertex 55.4018 30 47.8873
    endloop
  endfacet
  facet normal -0.857684 -0 -0.514178
    outer loop
      vertex 55.0927 30 48.4029
      vertex 55.4018 4 47.8873
      vertex 55.0927 4 48.4029
    endloop
  endfacet
  facet normal 0.595625 0 0.803262
    outer loop
      vertex 46.1143 30 40.2653
      vertex 46.5971 4 39.9073
      vertex 46.5971 30 39.9073
    endloop
  endfacet
  facet normal 0.595625 0 0.803262
    outer loop
      vertex 46.5971 4 39.9073
      vertex 46.1143 30 40.2653
      vertex 46.1143 4 40.2653
    endloop
  endfacet
  facet normal 0.0490829 0 0.998795
    outer loop
      vertex 49.3997 30 38.9045
      vertex 50 4 38.875
      vertex 50 30 38.875
    endloop
  endfacet
  facet normal 0.0490829 0 0.998795
    outer loop
      vertex 50 4 38.875
      vertex 49.3997 30 38.9045
      vertex 49.3997 4 38.9045
    endloop
  endfacet
  facet normal 0.803262 0 -0.595625
    outer loop
      vertex 45.2653 4 48.8857
      vertex 44.9073 30 48.4029
      vertex 45.2653 30 48.8857
    endloop
  endfacet
  facet normal 0.803262 0 -0.595625
    outer loop
      vertex 44.9073 30 48.4029
      vertex 45.2653 4 48.8857
      vertex 44.9073 4 48.4029
    endloop
  endfacet
  facet normal 0.740865 0 -0.671654
    outer loop
      vertex 45.669 4 49.331
      vertex 45.2653 30 48.8857
      vertex 45.669 30 49.331
    endloop
  endfacet
  facet normal 0.740865 0 -0.671654
    outer loop
      vertex 45.2653 30 48.8857
      vertex 45.669 4 49.331
      vertex 45.2653 4 48.8857
    endloop
  endfacet
  facet normal -0.740865 0 -0.671654
    outer loop
      vertex 54.7347 4 48.8857
      vertex 54.331 30 49.331
      vertex 54.7347 30 48.8857
    endloop
  endfacet
  facet normal -0.740865 -0 -0.671654
    outer loop
      vertex 54.331 30 49.331
      vertex 54.7347 4 48.8857
      vertex 54.331 4 49.331
    endloop
  endfacet
  facet normal -0.989177 0 -0.14673
    outer loop
      vertex 56.0955 4 45.6003
      vertex 56.0073 30 46.1949
      vertex 56.0955 30 45.6003
    endloop
  endfacet
  facet normal -0.989177 -0 -0.14673
    outer loop
      vertex 56.0073 30 46.1949
      vertex 56.0955 4 45.6003
      vertex 56.0073 4 46.1949
    endloop
  endfacet
  facet normal 0.14673 0 0.989177
    outer loop
      vertex 48.8051 30 38.9927
      vertex 49.3997 4 38.9045
      vertex 49.3997 30 38.9045
    endloop
  endfacet
  facet normal 0.14673 0 0.989177
    outer loop
      vertex 49.3997 4 38.9045
      vertex 48.8051 30 38.9927
      vertex 48.8051 4 38.9927
    endloop
  endfacet
  facet normal -0.903995 0 0.427543
    outer loop
      vertex 55.4018 4 42.1127
      vertex 55.6588 30 42.6561
      vertex 55.4018 30 42.1127
    endloop
  endfacet
  facet normal -0.903995 0 0.427543
    outer loop
      vertex 55.6588 30 42.6561
      vertex 55.4018 4 42.1127
      vertex 55.6588 4 42.6561
    endloop
  endfacet
  facet normal 0.242888 0 0.970054
    outer loop
      vertex 48.222 30 39.1387
      vertex 48.8051 4 38.9927
      vertex 48.8051 30 38.9927
    endloop
  endfacet
  facet normal 0.242888 0 0.970054
    outer loop
      vertex 48.8051 4 38.9927
      vertex 48.222 30 39.1387
      vertex 48.222 4 39.1387
    endloop
  endfacet
  facet normal 0.803262 -0 0.595625
    outer loop
      vertex 44.9073 4 41.5971
      vertex 45.2653 30 41.1143
      vertex 44.9073 30 41.5971
    endloop
  endfacet
  facet normal 0.803262 0 0.595625
    outer loop
      vertex 45.2653 30 41.1143
      vertex 44.9073 4 41.5971
      vertex 45.2653 4 41.1143
    endloop
  endfacet
  facet normal -0.941535 0 -0.336916
    outer loop
      vertex 55.8613 4 46.778
      vertex 55.6588 30 47.3439
      vertex 55.8613 30 46.778
    endloop
  endfacet
  facet normal -0.941535 -0 -0.336916
    outer loop
      vertex 55.6588 30 47.3439
      vertex 55.8613 4 46.778
      vertex 55.6588 4 47.3439
    endloop
  endfacet
  facet normal -0.941535 0 0.336916
    outer loop
      vertex 55.6588 4 42.6561
      vertex 55.8613 30 43.222
      vertex 55.6588 30 42.6561
    endloop
  endfacet
  facet normal -0.941535 0 0.336916
    outer loop
      vertex 55.8613 30 43.222
      vertex 55.6588 4 42.6561
      vertex 55.8613 4 43.222
    endloop
  endfacet
  facet normal 0.514178 0 0.857684
    outer loop
      vertex 46.5971 30 39.9073
      vertex 47.1127 4 39.5982
      vertex 47.1127 30 39.5982
    endloop
  endfacet
  facet normal 0.514178 0 0.857684
    outer loop
      vertex 47.1127 4 39.5982
      vertex 46.5971 30 39.9073
      vertex 46.5971 4 39.9073
    endloop
  endfacet
  facet normal -0.989177 0 0.14673
    outer loop
      vertex 56.0073 4 43.8051
      vertex 56.0955 30 44.3997
      vertex 56.0073 30 43.8051
    endloop
  endfacet
  facet normal -0.989177 0 0.14673
    outer loop
      vertex 56.0955 30 44.3997
      vertex 56.0073 4 43.8051
      vertex 56.0955 4 44.3997
    endloop
  endfacet
  facet normal -0.903995 0 -0.427543
    outer loop
      vertex 55.6588 4 47.3439
      vertex 55.4018 30 47.8873
      vertex 55.6588 30 47.3439
    endloop
  endfacet
  facet normal -0.903995 -0 -0.427543
    outer loop
      vertex 55.4018 30 47.8873
      vertex 55.6588 4 47.3439
      vertex 55.4018 4 47.8873
    endloop
  endfacet
  facet normal 0.336916 0 0.941535
    outer loop
      vertex 47.6561 30 39.3412
      vertex 48.222 4 39.1387
      vertex 48.222 30 39.1387
    endloop
  endfacet
  facet normal 0.336916 0 0.941535
    outer loop
      vertex 48.222 4 39.1387
      vertex 47.6561 30 39.3412
      vertex 47.6561 4 39.3412
    endloop
  endfacet
  facet normal -0.970054 0 0.242888
    outer loop
      vertex 55.8613 4 43.222
      vertex 56.0073 30 43.8051
      vertex 55.8613 30 43.222
    endloop
  endfacet
  facet normal -0.970054 0 0.242888
    outer loop
      vertex 56.0073 30 43.8051
      vertex 55.8613 4 43.222
      vertex 56.0073 4 43.8051
    endloop
  endfacet
  facet normal 0.941535 -0 0.336916
    outer loop
      vertex 44.1387 4 43.222
      vertex 44.3412 30 42.6561
      vertex 44.1387 30 43.222
    endloop
  endfacet
  facet normal 0.941535 0 0.336916
    outer loop
      vertex 44.3412 30 42.6561
      vertex 44.1387 4 43.222
      vertex 44.3412 4 42.6561
    endloop
  endfacet
  facet normal 0.941535 0 -0.336916
    outer loop
      vertex 44.3412 4 47.3439
      vertex 44.1387 30 46.778
      vertex 44.3412 30 47.3439
    endloop
  endfacet
  facet normal 0.941535 0 -0.336916
    outer loop
      vertex 44.1387 30 46.778
      vertex 44.3412 4 47.3439
      vertex 44.1387 4 46.778
    endloop
  endfacet
  facet normal -0.857684 0 0.514178
    outer loop
      vertex 55.0927 4 41.5971
      vertex 55.4018 30 42.1127
      vertex 55.0927 30 41.5971
    endloop
  endfacet
  facet normal -0.857684 0 0.514178
    outer loop
      vertex 55.4018 30 42.1127
      vertex 55.0927 4 41.5971
      vertex 55.4018 4 42.1127
    endloop
  endfacet
  facet normal -0.336916 0 0.941535
    outer loop
      vertex 51.778 30 39.1387
      vertex 52.3439 4 39.3412
      vertex 52.3439 30 39.3412
    endloop
  endfacet
  facet normal -0.336916 0 0.941535
    outer loop
      vertex 52.3439 4 39.3412
      vertex 51.778 30 39.1387
      vertex 51.778 4 39.1387
    endloop
  endfacet
  facet normal 0.427543 0 0.903995
    outer loop
      vertex 47.1127 30 39.5982
      vertex 47.6561 4 39.3412
      vertex 47.6561 30 39.3412
    endloop
  endfacet
  facet normal 0.427543 0 0.903995
    outer loop
      vertex 47.6561 4 39.3412
      vertex 47.1127 30 39.5982
      vertex 47.1127 4 39.5982
    endloop
  endfacet
  facet normal -0.671654 0 0.740865
    outer loop
      vertex 53.8857 30 40.2653
      vertex 54.331 4 40.669
      vertex 54.331 30 40.669
    endloop
  endfacet
  facet normal -0.671654 0 0.740865
    outer loop
      vertex 54.331 4 40.669
      vertex 53.8857 30 40.2653
      vertex 53.8857 4 40.2653
    endloop
  endfacet
  facet normal -0.970054 0 -0.242888
    outer loop
      vertex 56.0073 4 46.1949
      vertex 55.8613 30 46.778
      vertex 56.0073 30 46.1949
    endloop
  endfacet
  facet normal -0.970054 -0 -0.242888
    outer loop
      vertex 55.8613 30 46.778
      vertex 56.0073 4 46.1949
      vertex 55.8613 4 46.778
    endloop
  endfacet
  facet normal -0.427543 0 0.903995
    outer loop
      vertex 52.3439 30 39.3412
      vertex 52.8873 4 39.5982
      vertex 52.8873 30 39.5982
    endloop
  endfacet
  facet normal -0.427543 0 0.903995
    outer loop
      vertex 52.8873 4 39.5982
      vertex 52.3439 30 39.3412
      vertex 52.3439 4 39.3412
    endloop
  endfacet
  facet normal -0.803262 0 -0.595625
    outer loop
      vertex 55.0927 4 48.4029
      vertex 54.7347 30 48.8857
      vertex 55.0927 30 48.4029
    endloop
  endfacet
  facet normal -0.803262 -0 -0.595625
    outer loop
      vertex 54.7347 30 48.8857
      vertex 55.0927 4 48.4029
      vertex 54.7347 4 48.8857
    endloop
  endfacet
  facet normal -0.514178 0 0.857684
    outer loop
      vertex 52.8873 30 39.5982
      vertex 53.4029 4 39.9073
      vertex 53.4029 30 39.9073
    endloop
  endfacet
  facet normal -0.514178 0 0.857684
    outer loop
      vertex 53.4029 4 39.9073
      vertex 52.8873 30 39.5982
      vertex 52.8873 4 39.5982
    endloop
  endfacet
  facet normal -0.740865 0 0.671654
    outer loop
      vertex 54.331 4 40.669
      vertex 54.7347 30 41.1143
      vertex 54.331 30 40.669
    endloop
  endfacet
  facet normal -0.740865 0 0.671654
    outer loop
      vertex 54.7347 30 41.1143
      vertex 54.331 4 40.669
      vertex 54.7347 4 41.1143
    endloop
  endfacet
  facet normal -0.595625 0 0.803262
    outer loop
      vertex 53.4029 30 39.9073
      vertex 53.8857 4 40.2653
      vertex 53.8857 30 40.2653
    endloop
  endfacet
  facet normal -0.595625 0 0.803262
    outer loop
      vertex 53.8857 4 40.2653
      vertex 53.4029 30 39.9073
      vertex 53.4029 4 39.9073
    endloop
  endfacet
  facet normal 0.337128 0.941459 -0
    outer loop
      vertex 49.3614 14.8947 53.0234
      vertex 49.1581 14.9675 54
      vertex 49.3614 14.8947 54
    endloop
  endfacet
  facet normal 0.337128 0.941459 0
    outer loop
      vertex 49.1581 14.9675 54
      vertex 49.3614 14.8947 53.0234
      vertex 49.1581 14.9675 52.8201
    endloop
  endfacet
  facet normal 0.337128 0.941459 -0
    outer loop
      vertex 49.3614 14.8947 57.4
      vertex 49.1581 14.9675 65
      vertex 49.3614 14.8947 65
    endloop
  endfacet
  facet normal 0.337128 0.941459 0
    outer loop
      vertex 49.1581 14.9675 65
      vertex 49.3614 14.8947 57.4
      vertex 49.1581 14.9675 57.4
    endloop
  endfacet
  facet normal -0.989166 -0.1468 -0
    outer loop
      vertex 52.1894 17.2156 54
      vertex 52.1577 17.4292 51.5043
      vertex 52.1894 17.2156 51.4726
    endloop
  endfacet
  facet normal -0.989166 -0.1468 0
    outer loop
      vertex 52.1577 17.4292 51.5043
      vertex 52.1894 17.2156 54
      vertex 52.1577 17.4292 54
    endloop
  endfacet
  facet normal -0.989166 -0.1468 0
    outer loop
      vertex 52.1894 17.2156 57.4
      vertex 52.1577 17.4292 65
      vertex 52.1577 17.4292 57.4
    endloop
  endfacet
  facet normal -0.989166 -0.1468 0
    outer loop
      vertex 52.1577 17.4292 65
      vertex 52.1894 17.2156 57.4
      vertex 52.1894 17.2156 65
    endloop
  endfacet
  facet normal -0.998794 -0.0491058 -0
    outer loop
      vertex 52.2 17 54
      vertex 52.1894 17.2156 51.4726
      vertex 52.2 17 51.462
    endloop
  endfacet
  facet normal -0.998794 -0.0491058 0
    outer loop
      vertex 52.1894 17.2156 51.4726
      vertex 52.2 17 54
      vertex 52.1894 17.2156 54
    endloop
  endfacet
  facet normal -0.998794 -0.0491058 0
    outer loop
      vertex 52.2 17 57.4
      vertex 52.1894 17.2156 65
      vertex 52.1894 17.2156 57.4
    endloop
  endfacet
  facet normal -0.998794 -0.0491058 0
    outer loop
      vertex 52.1894 17.2156 65
      vertex 52.2 17 57.4
      vertex 52.2 17 65
    endloop
  endfacet
  facet normal -0.970088 -0.242754 -0
    outer loop
      vertex 52.1577 17.4292 54
      vertex 52.1053 17.6386 51.5568
      vertex 52.1577 17.4292 51.5043
    endloop
  endfacet
  facet normal -0.970088 -0.242754 0
    outer loop
      vertex 52.1053 17.6386 51.5568
      vertex 52.1577 17.4292 54
      vertex 52.1053 17.6386 54
    endloop
  endfacet
  facet normal -0.970088 -0.242754 0
    outer loop
      vertex 52.1577 17.4292 57.4
      vertex 52.1053 17.6386 65
      vertex 52.1053 17.6386 57.4
    endloop
  endfacet
  facet normal -0.970088 -0.242754 0
    outer loop
      vertex 52.1053 17.6386 65
      vertex 52.1577 17.4292 57.4
      vertex 52.1577 17.4292 65
    endloop
  endfacet
  facet normal 0.989166 -0.1468 0
    outer loop
      vertex 47.8106 17.2156 54
      vertex 47.8423 17.4292 51.5043
      vertex 47.8423 17.4292 54
    endloop
  endfacet
  facet normal 0.989166 -0.1468 0
    outer loop
      vertex 47.8423 17.4292 51.5043
      vertex 47.8106 17.2156 54
      vertex 47.8106 17.2156 51.4726
    endloop
  endfacet
  facet normal 0.989166 -0.1468 0
    outer loop
      vertex 47.8106 17.2156 65
      vertex 47.8423 17.4292 57.4
      vertex 47.8423 17.4292 65
    endloop
  endfacet
  facet normal 0.989166 -0.1468 0
    outer loop
      vertex 47.8423 17.4292 57.4
      vertex 47.8106 17.2156 65
      vertex 47.8106 17.2156 57.4
    endloop
  endfacet
  facet normal 0.242754 0.970088 -0
    outer loop
      vertex 49.5708 14.8423 53.2328
      vertex 49.3614 14.8947 54
      vertex 49.5708 14.8423 54
    endloop
  endfacet
  facet normal 0.242754 0.970088 0
    outer loop
      vertex 49.3614 14.8947 54
      vertex 49.5708 14.8423 53.2328
      vertex 49.3614 14.8947 53.0234
    endloop
  endfacet
  facet normal 0.242754 0.970088 -0
    outer loop
      vertex 49.5708 14.8423 57.4
      vertex 49.3614 14.8947 65
      vertex 49.5708 14.8423 65
    endloop
  endfacet
  facet normal 0.242754 0.970088 0
    outer loop
      vertex 49.3614 14.8947 65
      vertex 49.5708 14.8423 57.4
      vertex 49.3614 14.8947 57.4
    endloop
  endfacet
  facet normal -0.337128 -0.941459 0
    outer loop
      vertex 50.6386 19.1053 53.0234
      vertex 50.8419 19.0325 54
      vertex 50.6386 19.1053 54
    endloop
  endfacet
  facet normal -0.337128 -0.941459 -0
    outer loop
      vertex 50.8419 19.0325 54
      vertex 50.6386 19.1053 53.0234
      vertex 50.8419 19.0325 52.8201
    endloop
  endfacet
  facet normal -0.337128 -0.941459 0
    outer loop
      vertex 50.6386 19.1053 57.4
      vertex 50.8419 19.0325 65
      vertex 50.6386 19.1053 65
    endloop
  endfacet
  facet normal -0.337128 -0.941459 -0
    outer loop
      vertex 50.8419 19.0325 65
      vertex 50.6386 19.1053 57.4
      vertex 50.8419 19.0325 57.4
    endloop
  endfacet
  facet normal 0.514087 -0.857738 0
    outer loop
      vertex 48.7777 18.8292 54
      vertex 48.9629 18.9402 52.625
      vertex 48.9629 18.9402 54
    endloop
  endfacet
  facet normal 0.514087 -0.857738 0
    outer loop
      vertex 48.9629 18.9402 52.625
      vertex 48.7777 18.8292 54
      vertex 48.7777 18.8292 52.4398
    endloop
  endfacet
  facet normal 0.514087 -0.857738 0
    outer loop
      vertex 48.7777 18.8292 57.4
      vertex 48.9629 18.9402 65
      vertex 48.7777 18.8292 65
    endloop
  endfacet
  facet normal 0.514087 -0.857738 0
    outer loop
      vertex 48.9629 18.9402 65
      vertex 48.7777 18.8292 57.4
      vertex 48.9629 18.9402 57.4
    endloop
  endfacet
  facet normal 0.90403 0.427469 -0
    outer loop
      vertex 48.0598 15.9629 51.7218
      vertex 47.9675 16.1581 54
      vertex 48.0598 15.9629 54
    endloop
  endfacet
  facet normal 0.90403 0.427469 0
    outer loop
      vertex 47.9675 16.1581 54
      vertex 48.0598 15.9629 51.7218
      vertex 47.9675 16.1581 51.6295
    endloop
  endfacet
  facet normal 0.90403 0.427469 0
    outer loop
      vertex 48.0598 15.9629 65
      vertex 47.9675 16.1581 57.4
      vertex 47.9675 16.1581 65
    endloop
  endfacet
  facet normal 0.90403 0.427469 0
    outer loop
      vertex 47.9675 16.1581 57.4
      vertex 48.0598 15.9629 65
      vertex 48.0598 15.9629 57.4
    endloop
  endfacet
  facet normal 0.242754 -0.970088 0
    outer loop
      vertex 49.3614 19.1053 54
      vertex 49.5708 19.1577 53.2328
      vertex 49.5708 19.1577 54
    endloop
  endfacet
  facet normal 0.242754 -0.970088 0
    outer loop
      vertex 49.5708 19.1577 53.2328
      vertex 49.3614 19.1053 54
      vertex 49.3614 19.1053 53.0234
    endloop
  endfacet
  facet normal 0.242754 -0.970088 0
    outer loop
      vertex 49.3614 19.1053 57.4
      vertex 49.5708 19.1577 65
      vertex 49.3614 19.1053 65
    endloop
  endfacet
  facet normal 0.242754 -0.970088 0
    outer loop
      vertex 49.5708 19.1577 65
      vertex 49.3614 19.1053 57.4
      vertex 49.5708 19.1577 57.4
    endloop
  endfacet
  facet normal 0.857738 0.514087 -0
    outer loop
      vertex 48.1708 15.7777 51.8328
      vertex 48.0598 15.9629 54
      vertex 48.1708 15.7777 54
    endloop
  endfacet
  facet normal 0.857738 0.514087 0
    outer loop
      vertex 48.0598 15.9629 54
      vertex 48.1708 15.7777 51.8328
      vertex 48.0598 15.9629 51.7218
    endloop
  endfacet
  facet normal 0.857738 0.514087 0
    outer loop
      vertex 48.1708 15.7777 65
      vertex 48.0598 15.9629 57.4
      vertex 48.0598 15.9629 65
    endloop
  endfacet
  facet normal 0.857738 0.514087 0
    outer loop
      vertex 48.0598 15.9629 57.4
      vertex 48.1708 15.7777 65
      vertex 48.1708 15.7777 57.4
    endloop
  endfacet
  facet normal -0.242754 0.970088 0
    outer loop
      vertex 50.6386 14.8947 54
      vertex 50.4292 14.8423 53.2328
      vertex 50.4292 14.8423 54
    endloop
  endfacet
  facet normal -0.242754 0.970088 0
    outer loop
      vertex 50.4292 14.8423 53.2328
      vertex 50.6386 14.8947 54
      vertex 50.6386 14.8947 53.0234
    endloop
  endfacet
  facet normal -0.242754 0.970088 0
    outer loop
      vertex 50.6386 14.8947 57.4
      vertex 50.4292 14.8423 65
      vertex 50.6386 14.8947 65
    endloop
  endfacet
  facet normal -0.242754 0.970088 0
    outer loop
      vertex 50.4292 14.8423 65
      vertex 50.6386 14.8947 57.4
      vertex 50.4292 14.8423 57.4
    endloop
  endfacet
  facet normal 0.595693 0.803212 -0
    outer loop
      vertex 48.7777 15.1708 52.4398
      vertex 48.6043 15.2994 54
      vertex 48.7777 15.1708 54
    endloop
  endfacet
  facet normal 0.595693 0.803212 0
    outer loop
      vertex 48.6043 15.2994 54
      vertex 48.7777 15.1708 52.4398
      vertex 48.6043 15.2994 52.2664
    endloop
  endfacet
  facet normal 0.595693 0.803212 -0
    outer loop
      vertex 48.7777 15.1708 57.4
      vertex 48.6043 15.2994 65
      vertex 48.7777 15.1708 65
    endloop
  endfacet
  facet normal 0.595693 0.803212 0
    outer loop
      vertex 48.6043 15.2994 65
      vertex 48.7777 15.1708 57.4
      vertex 48.6043 15.2994 57.4
    endloop
  endfacet
  facet normal -0.514087 0.857738 0
    outer loop
      vertex 51.2223 15.1708 54
      vertex 51.0371 15.0598 52.625
      vertex 51.0371 15.0598 54
    endloop
  endfacet
  facet normal -0.514087 0.857738 0
    outer loop
      vertex 51.0371 15.0598 52.625
      vertex 51.2223 15.1708 54
      vertex 51.2223 15.1708 52.4398
    endloop
  endfacet
  facet normal -0.514087 0.857738 0
    outer loop
      vertex 51.2223 15.1708 57.4
      vertex 51.0371 15.0598 65
      vertex 51.2223 15.1708 65
    endloop
  endfacet
  facet normal -0.514087 0.857738 0
    outer loop
      vertex 51.0371 15.0598 65
      vertex 51.2223 15.1708 57.4
      vertex 51.0371 15.0598 57.4
    endloop
  endfacet
  facet normal -0.803212 0.595693 0
    outer loop
      vertex 51.7006 15.6043 51.9614
      vertex 51.8292 15.7777 54
      vertex 51.8292 15.7777 51.8328
    endloop
  endfacet
  facet normal -0.803212 0.595693 0
    outer loop
      vertex 51.8292 15.7777 54
      vertex 51.7006 15.6043 51.9614
      vertex 51.7006 15.6043 54
    endloop
  endfacet
  facet normal -0.803212 0.595693 0
    outer loop
      vertex 51.7006 15.6043 57.4
      vertex 51.8292 15.7777 65
      vertex 51.8292 15.7777 57.4
    endloop
  endfacet
  facet normal -0.803212 0.595693 0
    outer loop
      vertex 51.8292 15.7777 65
      vertex 51.7006 15.6043 57.4
      vertex 51.7006 15.6043 65
    endloop
  endfacet
  facet normal -0.1468 -0.989166 0
    outer loop
      vertex 50.2156 19.1894 53.4464
      vertex 50.4292 19.1577 54
      vertex 50.2156 19.1894 54
    endloop
  endfacet
  facet normal -0.1468 -0.989166 -0
    outer loop
      vertex 50.4292 19.1577 54
      vertex 50.2156 19.1894 53.4464
      vertex 50.4292 19.1577 53.2328
    endloop
  endfacet
  facet normal -0.1468 -0.989166 0
    outer loop
      vertex 50.2156 19.1894 57.4
      vertex 50.4292 19.1577 65
      vertex 50.2156 19.1894 65
    endloop
  endfacet
  facet normal -0.1468 -0.989166 -0
    outer loop
      vertex 50.4292 19.1577 65
      vertex 50.2156 19.1894 57.4
      vertex 50.4292 19.1577 57.4
    endloop
  endfacet
  facet normal 0.595693 -0.803212 0
    outer loop
      vertex 48.6043 18.7006 54
      vertex 48.7777 18.8292 52.4398
      vertex 48.7777 18.8292 54
    endloop
  endfacet
  facet normal 0.595693 -0.803212 0
    outer loop
      vertex 48.7777 18.8292 52.4398
      vertex 48.6043 18.7006 54
      vertex 48.6043 18.7006 52.2664
    endloop
  endfacet
  facet normal 0.595693 -0.803212 0
    outer loop
      vertex 48.6043 18.7006 57.4
      vertex 48.7777 18.8292 65
      vertex 48.6043 18.7006 65
    endloop
  endfacet
  facet normal 0.595693 -0.803212 0
    outer loop
      vertex 48.7777 18.8292 65
      vertex 48.6043 18.7006 57.4
      vertex 48.7777 18.8292 57.4
    endloop
  endfacet
  facet normal -0.427469 0.90403 0
    outer loop
      vertex 51.0371 15.0598 54
      vertex 50.8419 14.9675 52.8201
      vertex 50.8419 14.9675 54
    endloop
  endfacet
  facet normal -0.427469 0.90403 0
    outer loop
      vertex 50.8419 14.9675 52.8201
      vertex 51.0371 15.0598 54
      vertex 51.0371 15.0598 52.625
    endloop
  endfacet
  facet normal -0.427469 0.90403 0
    outer loop
      vertex 51.0371 15.0598 57.4
      vertex 50.8419 14.9675 65
      vertex 51.0371 15.0598 65
    endloop
  endfacet
  facet normal -0.427469 0.90403 0
    outer loop
      vertex 50.8419 14.9675 65
      vertex 51.0371 15.0598 57.4
      vertex 50.8419 14.9675 57.4
    endloop
  endfacet
  facet normal 0.803212 -0.595693 0
    outer loop
      vertex 48.1708 18.2223 54
      vertex 48.2994 18.3957 51.9614
      vertex 48.2994 18.3957 54
    endloop
  endfacet
  facet normal 0.803212 -0.595693 0
    outer loop
      vertex 48.2994 18.3957 51.9614
      vertex 48.1708 18.2223 54
      vertex 48.1708 18.2223 51.8328
    endloop
  endfacet
  facet normal 0.803212 -0.595693 0
    outer loop
      vertex 48.1708 18.2223 65
      vertex 48.2994 18.3957 57.4
      vertex 48.2994 18.3957 65
    endloop
  endfacet
  facet normal 0.803212 -0.595693 0
    outer loop
      vertex 48.2994 18.3957 57.4
      vertex 48.1708 18.2223 65
      vertex 48.1708 18.2223 57.4
    endloop
  endfacet
  facet normal -0.989166 0.1468 0
    outer loop
      vertex 52.1577 16.5708 51.5043
      vertex 52.1894 16.7844 54
      vertex 52.1894 16.7844 51.4726
    endloop
  endfacet
  facet normal -0.989166 0.1468 0
    outer loop
      vertex 52.1894 16.7844 54
      vertex 52.1577 16.5708 51.5043
      vertex 52.1577 16.5708 54
    endloop
  endfacet
  facet normal -0.989166 0.1468 0
    outer loop
      vertex 52.1577 16.5708 57.4
      vertex 52.1894 16.7844 65
      vertex 52.1894 16.7844 57.4
    endloop
  endfacet
  facet normal -0.989166 0.1468 0
    outer loop
      vertex 52.1894 16.7844 65
      vertex 52.1577 16.5708 57.4
      vertex 52.1577 16.5708 65
    endloop
  endfacet
  facet normal 0.941459 -0.337128 0
    outer loop
      vertex 47.8947 17.6386 54
      vertex 47.9675 17.8419 51.6295
      vertex 47.9675 17.8419 54
    endloop
  endfacet
  facet normal 0.941459 -0.337128 0
    outer loop
      vertex 47.9675 17.8419 51.6295
      vertex 47.8947 17.6386 54
      vertex 47.8947 17.6386 51.5568
    endloop
  endfacet
  facet normal 0.941459 -0.337128 0
    outer loop
      vertex 47.8947 17.6386 65
      vertex 47.9675 17.8419 57.4
      vertex 47.9675 17.8419 65
    endloop
  endfacet
  facet normal 0.941459 -0.337128 0
    outer loop
      vertex 47.9675 17.8419 57.4
      vertex 47.8947 17.6386 65
      vertex 47.8947 17.6386 57.4
    endloop
  endfacet
  facet normal -0.427469 -0.90403 0
    outer loop
      vertex 50.8419 19.0325 52.8201
      vertex 51.0371 18.9402 54
      vertex 50.8419 19.0325 54
    endloop
  endfacet
  facet normal -0.427469 -0.90403 -0
    outer loop
      vertex 51.0371 18.9402 54
      vertex 50.8419 19.0325 52.8201
      vertex 51.0371 18.9402 52.625
    endloop
  endfacet
  facet normal -0.427469 -0.90403 0
    outer loop
      vertex 50.8419 19.0325 57.4
      vertex 51.0371 18.9402 65
      vertex 50.8419 19.0325 65
    endloop
  endfacet
  facet normal -0.427469 -0.90403 -0
    outer loop
      vertex 51.0371 18.9402 65
      vertex 50.8419 19.0325 57.4
      vertex 51.0371 18.9402 57.4
    endloop
  endfacet
  facet normal 0.941459 0.337128 -0
    outer loop
      vertex 47.9675 16.1581 51.6295
      vertex 47.8947 16.3614 54
      vertex 47.9675 16.1581 54
    endloop
  endfacet
  facet normal 0.941459 0.337128 0
    outer loop
      vertex 47.8947 16.3614 54
      vertex 47.9675 16.1581 51.6295
      vertex 47.8947 16.3614 51.5568
    endloop
  endfacet
  facet normal 0.941459 0.337128 0
    outer loop
      vertex 47.9675 16.1581 65
      vertex 47.8947 16.3614 57.4
      vertex 47.8947 16.3614 65
    endloop
  endfacet
  facet normal 0.941459 0.337128 0
    outer loop
      vertex 47.8947 16.3614 57.4
      vertex 47.9675 16.1581 65
      vertex 47.9675 16.1581 57.4
    endloop
  endfacet
  facet normal -0.970088 0.242754 0
    outer loop
      vertex 52.1053 16.3614 51.5568
      vertex 52.1577 16.5708 54
      vertex 52.1577 16.5708 51.5043
    endloop
  endfacet
  facet normal -0.970088 0.242754 0
    outer loop
      vertex 52.1577 16.5708 54
      vertex 52.1053 16.3614 51.5568
      vertex 52.1053 16.3614 54
    endloop
  endfacet
  facet normal -0.970088 0.242754 0
    outer loop
      vertex 52.1053 16.3614 57.4
      vertex 52.1577 16.5708 65
      vertex 52.1577 16.5708 57.4
    endloop
  endfacet
  facet normal -0.970088 0.242754 0
    outer loop
      vertex 52.1577 16.5708 65
      vertex 52.1053 16.3614 57.4
      vertex 52.1053 16.3614 65
    endloop
  endfacet
  facet normal 0.0491058 -0.998794 0
    outer loop
      vertex 49.7844 19.1894 54
      vertex 50 19.2 53.662
      vertex 50 19.2 54
    endloop
  endfacet
  facet normal 0.0491058 -0.998794 0
    outer loop
      vertex 50 19.2 53.662
      vertex 49.7844 19.1894 54
      vertex 49.7844 19.1894 53.4464
    endloop
  endfacet
  facet normal 0.0491058 -0.998794 0
    outer loop
      vertex 49.7844 19.1894 57.4
      vertex 50 19.2 65
      vertex 49.7844 19.1894 65
    endloop
  endfacet
  facet normal 0.0491058 -0.998794 0
    outer loop
      vertex 50 19.2 65
      vertex 49.7844 19.1894 57.4
      vertex 50 19.2 57.4
    endloop
  endfacet
  facet normal -0.67175 -0.740778 0
    outer loop
      vertex 51.3957 18.7006 52.2664
      vertex 51.5556 18.5556 54
      vertex 51.3957 18.7006 54
    endloop
  endfacet
  facet normal -0.67175 -0.740778 -0
    outer loop
      vertex 51.5556 18.5556 54
      vertex 51.3957 18.7006 52.2664
      vertex 51.5556 18.5556 52.1064
    endloop
  endfacet
  facet normal -0.67175 -0.740778 0
    outer loop
      vertex 51.3957 18.7006 57.4
      vertex 51.5556 18.5556 65
      vertex 51.3957 18.7006 65
    endloop
  endfacet
  facet normal -0.67175 -0.740778 -0
    outer loop
      vertex 51.5556 18.5556 65
      vertex 51.3957 18.7006 57.4
      vertex 51.5556 18.5556 57.4
    endloop
  endfacet
  facet normal 0.427469 -0.90403 0
    outer loop
      vertex 48.9629 18.9402 54
      vertex 49.1581 19.0325 52.8201
      vertex 49.1581 19.0325 54
    endloop
  endfacet
  facet normal 0.427469 -0.90403 0
    outer loop
      vertex 49.1581 19.0325 52.8201
      vertex 48.9629 18.9402 54
      vertex 48.9629 18.9402 52.625
    endloop
  endfacet
  facet normal 0.427469 -0.90403 0
    outer loop
      vertex 48.9629 18.9402 57.4
      vertex 49.1581 19.0325 65
      vertex 48.9629 18.9402 65
    endloop
  endfacet
  facet normal 0.427469 -0.90403 0
    outer loop
      vertex 49.1581 19.0325 65
      vertex 48.9629 18.9402 57.4
      vertex 49.1581 19.0325 57.4
    endloop
  endfacet
  facet normal 0.67175 -0.740778 0
    outer loop
      vertex 48.4444 18.5556 54
      vertex 48.6043 18.7006 52.2664
      vertex 48.6043 18.7006 54
    endloop
  endfacet
  facet normal 0.67175 -0.740778 0
    outer loop
      vertex 48.6043 18.7006 52.2664
      vertex 48.4444 18.5556 54
      vertex 48.4444 18.5556 52.1064
    endloop
  endfacet
  facet normal 0.67175 -0.740778 0
    outer loop
      vertex 48.4444 18.5556 57.4
      vertex 48.6043 18.7006 65
      vertex 48.4444 18.5556 65
    endloop
  endfacet
  facet normal 0.67175 -0.740778 0
    outer loop
      vertex 48.6043 18.7006 65
      vertex 48.4444 18.5556 57.4
      vertex 48.6043 18.7006 57.4
    endloop
  endfacet
  facet normal -0.337128 0.941459 0
    outer loop
      vertex 50.8419 14.9675 54
      vertex 50.6386 14.8947 53.0234
      vertex 50.6386 14.8947 54
    endloop
  endfacet
  facet normal -0.337128 0.941459 0
    outer loop
      vertex 50.6386 14.8947 53.0234
      vertex 50.8419 14.9675 54
      vertex 50.8419 14.9675 52.8201
    endloop
  endfacet
  facet normal -0.337128 0.941459 0
    outer loop
      vertex 50.8419 14.9675 57.4
      vertex 50.6386 14.8947 65
      vertex 50.8419 14.9675 65
    endloop
  endfacet
  facet normal -0.337128 0.941459 0
    outer loop
      vertex 50.6386 14.8947 65
      vertex 50.8419 14.9675 57.4
      vertex 50.6386 14.8947 57.4
    endloop
  endfacet
  facet normal 0.337128 -0.941459 0
    outer loop
      vertex 49.1581 19.0325 54
      vertex 49.3614 19.1053 53.0234
      vertex 49.3614 19.1053 54
    endloop
  endfacet
  facet normal 0.337128 -0.941459 0
    outer loop
      vertex 49.3614 19.1053 53.0234
      vertex 49.1581 19.0325 54
      vertex 49.1581 19.0325 52.8201
    endloop
  endfacet
  facet normal 0.337128 -0.941459 0
    outer loop
      vertex 49.1581 19.0325 57.4
      vertex 49.3614 19.1053 65
      vertex 49.1581 19.0325 65
    endloop
  endfacet
  facet normal 0.337128 -0.941459 0
    outer loop
      vertex 49.3614 19.1053 65
      vertex 49.1581 19.0325 57.4
      vertex 49.3614 19.1053 57.4
    endloop
  endfacet
  facet normal -0.803212 -0.595693 -0
    outer loop
      vertex 51.8292 18.2223 54
      vertex 51.7006 18.3957 51.9614
      vertex 51.8292 18.2223 51.8328
    endloop
  endfacet
  facet normal -0.803212 -0.595693 0
    outer loop
      vertex 51.7006 18.3957 51.9614
      vertex 51.8292 18.2223 54
      vertex 51.7006 18.3957 54
    endloop
  endfacet
  facet normal -0.803212 -0.595693 0
    outer loop
      vertex 51.8292 18.2223 57.4
      vertex 51.7006 18.3957 65
      vertex 51.7006 18.3957 57.4
    endloop
  endfacet
  facet normal -0.803212 -0.595693 0
    outer loop
      vertex 51.7006 18.3957 65
      vertex 51.8292 18.2223 57.4
      vertex 51.8292 18.2223 65
    endloop
  endfacet
  facet normal 0.857738 -0.514087 0
    outer loop
      vertex 48.0598 18.0371 54
      vertex 48.1708 18.2223 51.8328
      vertex 48.1708 18.2223 54
    endloop
  endfacet
  facet normal 0.857738 -0.514087 0
    outer loop
      vertex 48.1708 18.2223 51.8328
      vertex 48.0598 18.0371 54
      vertex 48.0598 18.0371 51.7218
    endloop
  endfacet
  facet normal 0.857738 -0.514087 0
    outer loop
      vertex 48.0598 18.0371 65
      vertex 48.1708 18.2223 57.4
      vertex 48.1708 18.2223 65
    endloop
  endfacet
  facet normal 0.857738 -0.514087 0
    outer loop
      vertex 48.1708 18.2223 57.4
      vertex 48.0598 18.0371 65
      vertex 48.0598 18.0371 57.4
    endloop
  endfacet
  facet normal -0.998794 0.0491058 0
    outer loop
      vertex 52.1894 16.7844 51.4726
      vertex 52.2 17 54
      vertex 52.2 17 51.462
    endloop
  endfacet
  facet normal -0.998794 0.0491058 0
    outer loop
      vertex 52.2 17 54
      vertex 52.1894 16.7844 51.4726
      vertex 52.1894 16.7844 54
    endloop
  endfacet
  facet normal -0.998794 0.0491058 0
    outer loop
      vertex 52.1894 16.7844 57.4
      vertex 52.2 17 65
      vertex 52.2 17 57.4
    endloop
  endfacet
  facet normal -0.998794 0.0491058 0
    outer loop
      vertex 52.2 17 65
      vertex 52.1894 16.7844 57.4
      vertex 52.1894 16.7844 65
    endloop
  endfacet
  facet normal -0.90403 0.427469 0
    outer loop
      vertex 51.9402 15.9629 51.7218
      vertex 52.0325 16.1581 54
      vertex 52.0325 16.1581 51.6295
    endloop
  endfacet
  facet normal -0.90403 0.427469 0
    outer loop
      vertex 52.0325 16.1581 54
      vertex 51.9402 15.9629 51.7218
      vertex 51.9402 15.9629 54
    endloop
  endfacet
  facet normal -0.90403 0.427469 0
    outer loop
      vertex 51.9402 15.9629 57.4
      vertex 52.0325 16.1581 65
      vertex 52.0325 16.1581 57.4
    endloop
  endfacet
  facet normal -0.90403 0.427469 0
    outer loop
      vertex 52.0325 16.1581 65
      vertex 51.9402 15.9629 57.4
      vertex 51.9402 15.9629 65
    endloop
  endfacet
  facet normal -0.857738 -0.514087 -0
    outer loop
      vertex 51.9402 18.0371 54
      vertex 51.8292 18.2223 51.8328
      vertex 51.9402 18.0371 51.7218
    endloop
  endfacet
  facet normal -0.857738 -0.514087 0
    outer loop
      vertex 51.8292 18.2223 51.8328
      vertex 51.9402 18.0371 54
      vertex 51.8292 18.2223 54
    endloop
  endfacet
  facet normal -0.857738 -0.514087 0
    outer loop
      vertex 51.9402 18.0371 57.4
      vertex 51.8292 18.2223 65
      vertex 51.8292 18.2223 57.4
    endloop
  endfacet
  facet normal -0.857738 -0.514087 0
    outer loop
      vertex 51.8292 18.2223 65
      vertex 51.9402 18.0371 57.4
      vertex 51.9402 18.0371 65
    endloop
  endfacet
  facet normal 0.67175 0.740778 -0
    outer loop
      vertex 48.6043 15.2994 52.2664
      vertex 48.4444 15.4444 54
      vertex 48.6043 15.2994 54
    endloop
  endfacet
  facet normal 0.67175 0.740778 0
    outer loop
      vertex 48.4444 15.4444 54
      vertex 48.6043 15.2994 52.2664
      vertex 48.4444 15.4444 52.1064
    endloop
  endfacet
  facet normal 0.67175 0.740778 -0
    outer loop
      vertex 48.6043 15.2994 57.4
      vertex 48.4444 15.4444 65
      vertex 48.6043 15.2994 65
    endloop
  endfacet
  facet normal 0.67175 0.740778 0
    outer loop
      vertex 48.4444 15.4444 65
      vertex 48.6043 15.2994 57.4
      vertex 48.4444 15.4444 57.4
    endloop
  endfacet
  facet normal -0.595693 -0.803212 0
    outer loop
      vertex 51.2223 18.8292 52.4398
      vertex 51.3957 18.7006 54
      vertex 51.2223 18.8292 54
    endloop
  endfacet
  facet normal -0.595693 -0.803212 -0
    outer loop
      vertex 51.3957 18.7006 54
      vertex 51.2223 18.8292 52.4398
      vertex 51.3957 18.7006 52.2664
    endloop
  endfacet
  facet normal -0.595693 -0.803212 0
    outer loop
      vertex 51.2223 18.8292 57.4
      vertex 51.3957 18.7006 65
      vertex 51.2223 18.8292 65
    endloop
  endfacet
  facet normal -0.595693 -0.803212 -0
    outer loop
      vertex 51.3957 18.7006 65
      vertex 51.2223 18.8292 57.4
      vertex 51.3957 18.7006 57.4
    endloop
  endfacet
  facet normal 0.514087 0.857738 -0
    outer loop
      vertex 48.9629 15.0598 52.625
      vertex 48.7777 15.1708 54
      vertex 48.9629 15.0598 54
    endloop
  endfacet
  facet normal 0.514087 0.857738 0
    outer loop
      vertex 48.7777 15.1708 54
      vertex 48.9629 15.0598 52.625
      vertex 48.7777 15.1708 52.4398
    endloop
  endfacet
  facet normal 0.514087 0.857738 -0
    outer loop
      vertex 48.9629 15.0598 57.4
      vertex 48.7777 15.1708 65
      vertex 48.9629 15.0598 65
    endloop
  endfacet
  facet normal 0.514087 0.857738 0
    outer loop
      vertex 48.7777 15.1708 65
      vertex 48.9629 15.0598 57.4
      vertex 48.7777 15.1708 57.4
    endloop
  endfacet
  facet normal -0.514087 -0.857738 0
    outer loop
      vertex 51.0371 18.9402 52.625
      vertex 51.2223 18.8292 54
      vertex 51.0371 18.9402 54
    endloop
  endfacet
  facet normal -0.514087 -0.857738 -0
    outer loop
      vertex 51.2223 18.8292 54
      vertex 51.0371 18.9402 52.625
      vertex 51.2223 18.8292 52.4398
    endloop
  endfacet
  facet normal -0.514087 -0.857738 0
    outer loop
      vertex 51.0371 18.9402 57.4
      vertex 51.2223 18.8292 65
      vertex 51.0371 18.9402 65
    endloop
  endfacet
  facet normal -0.514087 -0.857738 -0
    outer loop
      vertex 51.2223 18.8292 65
      vertex 51.0371 18.9402 57.4
      vertex 51.2223 18.8292 57.4
    endloop
  endfacet
  facet normal -0.1468 0.989166 0
    outer loop
      vertex 50.4292 14.8423 54
      vertex 50.2156 14.8106 53.4464
      vertex 50.2156 14.8106 54
    endloop
  endfacet
  facet normal -0.1468 0.989166 0
    outer loop
      vertex 50.2156 14.8106 53.4464
      vertex 50.4292 14.8423 54
      vertex 50.4292 14.8423 53.2328
    endloop
  endfacet
  facet normal -0.1468 0.989166 0
    outer loop
      vertex 50.4292 14.8423 57.4
      vertex 50.2156 14.8106 65
      vertex 50.4292 14.8423 65
    endloop
  endfacet
  facet normal -0.1468 0.989166 0
    outer loop
      vertex 50.2156 14.8106 65
      vertex 50.4292 14.8423 57.4
      vertex 50.2156 14.8106 57.4
    endloop
  endfacet
  facet normal -0.941459 -0.337128 -0
    outer loop
      vertex 52.1053 17.6386 54
      vertex 52.0325 17.8419 51.6295
      vertex 52.1053 17.6386 51.5568
    endloop
  endfacet
  facet normal -0.941459 -0.337128 0
    outer loop
      vertex 52.0325 17.8419 51.6295
      vertex 52.1053 17.6386 54
      vertex 52.0325 17.8419 54
    endloop
  endfacet
  facet normal -0.941459 -0.337128 0
    outer loop
      vertex 52.1053 17.6386 57.4
      vertex 52.0325 17.8419 65
      vertex 52.0325 17.8419 57.4
    endloop
  endfacet
  facet normal -0.941459 -0.337128 0
    outer loop
      vertex 52.0325 17.8419 65
      vertex 52.1053 17.6386 57.4
      vertex 52.1053 17.6386 65
    endloop
  endfacet
  facet normal -0.857738 0.514087 0
    outer loop
      vertex 51.8292 15.7777 51.8328
      vertex 51.9402 15.9629 54
      vertex 51.9402 15.9629 51.7218
    endloop
  endfacet
  facet normal -0.857738 0.514087 0
    outer loop
      vertex 51.9402 15.9629 54
      vertex 51.8292 15.7777 51.8328
      vertex 51.8292 15.7777 54
    endloop
  endfacet
  facet normal -0.857738 0.514087 0
    outer loop
      vertex 51.8292 15.7777 57.4
      vertex 51.9402 15.9629 65
      vertex 51.9402 15.9629 57.4
    endloop
  endfacet
  facet normal -0.857738 0.514087 0
    outer loop
      vertex 51.9402 15.9629 65
      vertex 51.8292 15.7777 57.4
      vertex 51.8292 15.7777 65
    endloop
  endfacet
  facet normal 0.998794 0.0491058 -0
    outer loop
      vertex 47.8106 16.7844 51.4726
      vertex 47.8 17 54
      vertex 47.8106 16.7844 54
    endloop
  endfacet
  facet normal 0.998794 0.0491058 0
    outer loop
      vertex 47.8 17 54
      vertex 47.8106 16.7844 51.4726
      vertex 47.8 17 51.462
    endloop
  endfacet
  facet normal 0.998794 0.0491058 0
    outer loop
      vertex 47.8106 16.7844 65
      vertex 47.8 17 57.4
      vertex 47.8 17 65
    endloop
  endfacet
  facet normal 0.998794 0.0491058 0
    outer loop
      vertex 47.8 17 57.4
      vertex 47.8106 16.7844 65
      vertex 47.8106 16.7844 57.4
    endloop
  endfacet
  facet normal -0.941459 0.337128 0
    outer loop
      vertex 52.0325 16.1581 51.6295
      vertex 52.1053 16.3614 54
      vertex 52.1053 16.3614 51.5568
    endloop
  endfacet
  facet normal -0.941459 0.337128 0
    outer loop
      vertex 52.1053 16.3614 54
      vertex 52.0325 16.1581 51.6295
      vertex 52.0325 16.1581 54
    endloop
  endfacet
  facet normal -0.941459 0.337128 0
    outer loop
      vertex 52.0325 16.1581 57.4
      vertex 52.1053 16.3614 65
      vertex 52.1053 16.3614 57.4
    endloop
  endfacet
  facet normal -0.941459 0.337128 0
    outer loop
      vertex 52.1053 16.3614 65
      vertex 52.0325 16.1581 57.4
      vertex 52.0325 16.1581 65
    endloop
  endfacet
  facet normal -0.740778 -0.67175 -0
    outer loop
      vertex 51.7006 18.3957 54
      vertex 51.5556 18.5556 52.1064
      vertex 51.7006 18.3957 51.9614
    endloop
  endfacet
  facet normal -0.740778 -0.67175 0
    outer loop
      vertex 51.5556 18.5556 52.1064
      vertex 51.7006 18.3957 54
      vertex 51.5556 18.5556 54
    endloop
  endfacet
  facet normal -0.740778 -0.67175 0
    outer loop
      vertex 51.7006 18.3957 57.4
      vertex 51.5556 18.5556 65
      vertex 51.5556 18.5556 57.4
    endloop
  endfacet
  facet normal -0.740778 -0.67175 0
    outer loop
      vertex 51.5556 18.5556 65
      vertex 51.7006 18.3957 57.4
      vertex 51.7006 18.3957 65
    endloop
  endfacet
  facet normal -0.0491058 -0.998794 0
    outer loop
      vertex 50 19.2 53.662
      vertex 50.2156 19.1894 54
      vertex 50 19.2 54
    endloop
  endfacet
  facet normal -0.0491058 -0.998794 -0
    outer loop
      vertex 50.2156 19.1894 54
      vertex 50 19.2 53.662
      vertex 50.2156 19.1894 53.4464
    endloop
  endfacet
  facet normal -0.0491058 -0.998794 0
    outer loop
      vertex 50 19.2 57.4
      vertex 50.2156 19.1894 65
      vertex 50 19.2 65
    endloop
  endfacet
  facet normal -0.0491058 -0.998794 -0
    outer loop
      vertex 50.2156 19.1894 65
      vertex 50 19.2 57.4
      vertex 50.2156 19.1894 57.4
    endloop
  endfacet
  facet normal -0.90403 -0.427469 -0
    outer loop
      vertex 52.0325 17.8419 54
      vertex 51.9402 18.0371 51.7218
      vertex 52.0325 17.8419 51.6295
    endloop
  endfacet
  facet normal -0.90403 -0.427469 0
    outer loop
      vertex 51.9402 18.0371 51.7218
      vertex 52.0325 17.8419 54
      vertex 51.9402 18.0371 54
    endloop
  endfacet
  facet normal -0.90403 -0.427469 0
    outer loop
      vertex 52.0325 17.8419 57.4
      vertex 51.9402 18.0371 65
      vertex 51.9402 18.0371 57.4
    endloop
  endfacet
  facet normal -0.90403 -0.427469 0
    outer loop
      vertex 51.9402 18.0371 65
      vertex 52.0325 17.8419 57.4
      vertex 52.0325 17.8419 65
    endloop
  endfacet
  facet normal 0.1468 0.989166 -0
    outer loop
      vertex 49.7844 14.8106 53.4464
      vertex 49.5708 14.8423 54
      vertex 49.7844 14.8106 54
    endloop
  endfacet
  facet normal 0.1468 0.989166 0
    outer loop
      vertex 49.5708 14.8423 54
      vertex 49.7844 14.8106 53.4464
      vertex 49.5708 14.8423 53.2328
    endloop
  endfacet
  facet normal 0.1468 0.989166 -0
    outer loop
      vertex 49.7844 14.8106 57.4
      vertex 49.5708 14.8423 65
      vertex 49.7844 14.8106 65
    endloop
  endfacet
  facet normal 0.1468 0.989166 0
    outer loop
      vertex 49.5708 14.8423 65
      vertex 49.7844 14.8106 57.4
      vertex 49.5708 14.8423 57.4
    endloop
  endfacet
  facet normal -0.67175 0.740778 0
    outer loop
      vertex 51.5556 15.4444 54
      vertex 51.3957 15.2994 52.2664
      vertex 51.3957 15.2994 54
    endloop
  endfacet
  facet normal -0.67175 0.740778 0
    outer loop
      vertex 51.3957 15.2994 52.2664
      vertex 51.5556 15.4444 54
      vertex 51.5556 15.4444 52.1064
    endloop
  endfacet
  facet normal -0.67175 0.740778 0
    outer loop
      vertex 51.5556 15.4444 57.4
      vertex 51.3957 15.2994 65
      vertex 51.5556 15.4444 65
    endloop
  endfacet
  facet normal -0.67175 0.740778 0
    outer loop
      vertex 51.3957 15.2994 65
      vertex 51.5556 15.4444 57.4
      vertex 51.3957 15.2994 57.4
    endloop
  endfacet
  facet normal 0.0491058 0.998794 -0
    outer loop
      vertex 50 14.8 53.662
      vertex 49.7844 14.8106 54
      vertex 50 14.8 54
    endloop
  endfacet
  facet normal 0.0491058 0.998794 0
    outer loop
      vertex 49.7844 14.8106 54
      vertex 50 14.8 53.662
      vertex 49.7844 14.8106 53.4464
    endloop
  endfacet
  facet normal 0.0491058 0.998794 -0
    outer loop
      vertex 50 14.8 57.4
      vertex 49.7844 14.8106 65
      vertex 50 14.8 65
    endloop
  endfacet
  facet normal 0.0491058 0.998794 0
    outer loop
      vertex 49.7844 14.8106 65
      vertex 50 14.8 57.4
      vertex 49.7844 14.8106 57.4
    endloop
  endfacet
  facet normal 0.740778 -0.67175 0
    outer loop
      vertex 48.2994 18.3957 54
      vertex 48.4444 18.5556 52.1064
      vertex 48.4444 18.5556 54
    endloop
  endfacet
  facet normal 0.740778 -0.67175 0
    outer loop
      vertex 48.4444 18.5556 52.1064
      vertex 48.2994 18.3957 54
      vertex 48.2994 18.3957 51.9614
    endloop
  endfacet
  facet normal 0.740778 -0.67175 0
    outer loop
      vertex 48.2994 18.3957 65
      vertex 48.4444 18.5556 57.4
      vertex 48.4444 18.5556 65
    endloop
  endfacet
  facet normal 0.740778 -0.67175 0
    outer loop
      vertex 48.4444 18.5556 57.4
      vertex 48.2994 18.3957 65
      vertex 48.2994 18.3957 57.4
    endloop
  endfacet
  facet normal 0.1468 -0.989166 0
    outer loop
      vertex 49.5708 19.1577 54
      vertex 49.7844 19.1894 53.4464
      vertex 49.7844 19.1894 54
    endloop
  endfacet
  facet normal 0.1468 -0.989166 0
    outer loop
      vertex 49.7844 19.1894 53.4464
      vertex 49.5708 19.1577 54
      vertex 49.5708 19.1577 53.2328
    endloop
  endfacet
  facet normal 0.1468 -0.989166 0
    outer loop
      vertex 49.5708 19.1577 57.4
      vertex 49.7844 19.1894 65
      vertex 49.5708 19.1577 65
    endloop
  endfacet
  facet normal 0.1468 -0.989166 0
    outer loop
      vertex 49.7844 19.1894 65
      vertex 49.5708 19.1577 57.4
      vertex 49.7844 19.1894 57.4
    endloop
  endfacet
  facet normal 0.90403 -0.427469 0
    outer loop
      vertex 47.9675 17.8419 54
      vertex 48.0598 18.0371 51.7218
      vertex 48.0598 18.0371 54
    endloop
  endfacet
  facet normal 0.90403 -0.427469 0
    outer loop
      vertex 48.0598 18.0371 51.7218
      vertex 47.9675 17.8419 54
      vertex 47.9675 17.8419 51.6295
    endloop
  endfacet
  facet normal 0.90403 -0.427469 0
    outer loop
      vertex 47.9675 17.8419 65
      vertex 48.0598 18.0371 57.4
      vertex 48.0598 18.0371 65
    endloop
  endfacet
  facet normal 0.90403 -0.427469 0
    outer loop
      vertex 48.0598 18.0371 57.4
      vertex 47.9675 17.8419 65
      vertex 47.9675 17.8419 57.4
    endloop
  endfacet
  facet normal 0.970088 -0.242754 0
    outer loop
      vertex 47.8423 17.4292 54
      vertex 47.8947 17.6386 51.5568
      vertex 47.8947 17.6386 54
    endloop
  endfacet
  facet normal 0.970088 -0.242754 0
    outer loop
      vertex 47.8947 17.6386 51.5568
      vertex 47.8423 17.4292 54
      vertex 47.8423 17.4292 51.5043
    endloop
  endfacet
  facet normal 0.970088 -0.242754 0
    outer loop
      vertex 47.8423 17.4292 65
      vertex 47.8947 17.6386 57.4
      vertex 47.8947 17.6386 65
    endloop
  endfacet
  facet normal 0.970088 -0.242754 0
    outer loop
      vertex 47.8947 17.6386 57.4
      vertex 47.8423 17.4292 65
      vertex 47.8423 17.4292 57.4
    endloop
  endfacet
  facet normal -0.242754 -0.970088 0
    outer loop
      vertex 50.4292 19.1577 53.2328
      vertex 50.6386 19.1053 54
      vertex 50.4292 19.1577 54
    endloop
  endfacet
  facet normal -0.242754 -0.970088 -0
    outer loop
      vertex 50.6386 19.1053 54
      vertex 50.4292 19.1577 53.2328
      vertex 50.6386 19.1053 53.0234
    endloop
  endfacet
  facet normal -0.242754 -0.970088 0
    outer loop
      vertex 50.4292 19.1577 57.4
      vertex 50.6386 19.1053 65
      vertex 50.4292 19.1577 65
    endloop
  endfacet
  facet normal -0.242754 -0.970088 -0
    outer loop
      vertex 50.6386 19.1053 65
      vertex 50.4292 19.1577 57.4
      vertex 50.6386 19.1053 57.4
    endloop
  endfacet
  facet normal 0.970088 0.242754 -0
    outer loop
      vertex 47.8947 16.3614 51.5568
      vertex 47.8423 16.5708 54
      vertex 47.8947 16.3614 54
    endloop
  endfacet
  facet normal 0.970088 0.242754 0
    outer loop
      vertex 47.8423 16.5708 54
      vertex 47.8947 16.3614 51.5568
      vertex 47.8423 16.5708 51.5043
    endloop
  endfacet
  facet normal 0.970088 0.242754 0
    outer loop
      vertex 47.8947 16.3614 65
      vertex 47.8423 16.5708 57.4
      vertex 47.8423 16.5708 65
    endloop
  endfacet
  facet normal 0.970088 0.242754 0
    outer loop
      vertex 47.8423 16.5708 57.4
      vertex 47.8947 16.3614 65
      vertex 47.8947 16.3614 57.4
    endloop
  endfacet
  facet normal 0.427469 0.90403 -0
    outer loop
      vertex 49.1581 14.9675 52.8201
      vertex 48.9629 15.0598 54
      vertex 49.1581 14.9675 54
    endloop
  endfacet
  facet normal 0.427469 0.90403 0
    outer loop
      vertex 48.9629 15.0598 54
      vertex 49.1581 14.9675 52.8201
      vertex 48.9629 15.0598 52.625
    endloop
  endfacet
  facet normal 0.427469 0.90403 -0
    outer loop
      vertex 49.1581 14.9675 57.4
      vertex 48.9629 15.0598 65
      vertex 49.1581 14.9675 65
    endloop
  endfacet
  facet normal 0.427469 0.90403 0
    outer loop
      vertex 48.9629 15.0598 65
      vertex 49.1581 14.9675 57.4
      vertex 48.9629 15.0598 57.4
    endloop
  endfacet
  facet normal 0.740778 0.67175 -0
    outer loop
      vertex 48.4444 15.4444 52.1064
      vertex 48.2994 15.6043 54
      vertex 48.4444 15.4444 54
    endloop
  endfacet
  facet normal 0.740778 0.67175 0
    outer loop
      vertex 48.2994 15.6043 54
      vertex 48.4444 15.4444 52.1064
      vertex 48.2994 15.6043 51.9614
    endloop
  endfacet
  facet normal 0.740778 0.67175 0
    outer loop
      vertex 48.4444 15.4444 65
      vertex 48.2994 15.6043 57.4
      vertex 48.2994 15.6043 65
    endloop
  endfacet
  facet normal 0.740778 0.67175 0
    outer loop
      vertex 48.2994 15.6043 57.4
      vertex 48.4444 15.4444 65
      vertex 48.4444 15.4444 57.4
    endloop
  endfacet
  facet normal -0.0491058 0.998794 0
    outer loop
      vertex 50.2156 14.8106 54
      vertex 50 14.8 53.662
      vertex 50 14.8 54
    endloop
  endfacet
  facet normal -0.0491058 0.998794 0
    outer loop
      vertex 50 14.8 53.662
      vertex 50.2156 14.8106 54
      vertex 50.2156 14.8106 53.4464
    endloop
  endfacet
  facet normal -0.0491058 0.998794 0
    outer loop
      vertex 50.2156 14.8106 57.4
      vertex 50 14.8 65
      vertex 50.2156 14.8106 65
    endloop
  endfacet
  facet normal -0.0491058 0.998794 0
    outer loop
      vertex 50 14.8 65
      vertex 50.2156 14.8106 57.4
      vertex 50 14.8 57.4
    endloop
  endfacet
  facet normal 0.989166 0.1468 -0
    outer loop
      vertex 47.8423 16.5708 51.5043
      vertex 47.8106 16.7844 54
      vertex 47.8423 16.5708 54
    endloop
  endfacet
  facet normal 0.989166 0.1468 0
    outer loop
      vertex 47.8106 16.7844 54
      vertex 47.8423 16.5708 51.5043
      vertex 47.8106 16.7844 51.4726
    endloop
  endfacet
  facet normal 0.989166 0.1468 0
    outer loop
      vertex 47.8423 16.5708 65
      vertex 47.8106 16.7844 57.4
      vertex 47.8106 16.7844 65
    endloop
  endfacet
  facet normal 0.989166 0.1468 0
    outer loop
      vertex 47.8106 16.7844 57.4
      vertex 47.8423 16.5708 65
      vertex 47.8423 16.5708 57.4
    endloop
  endfacet
  facet normal -0.595693 0.803212 0
    outer loop
      vertex 51.3957 15.2994 54
      vertex 51.2223 15.1708 52.4398
      vertex 51.2223 15.1708 54
    endloop
  endfacet
  facet normal -0.595693 0.803212 0
    outer loop
      vertex 51.2223 15.1708 52.4398
      vertex 51.3957 15.2994 54
      vertex 51.3957 15.2994 52.2664
    endloop
  endfacet
  facet normal -0.595693 0.803212 0
    outer loop
      vertex 51.3957 15.2994 57.4
      vertex 51.2223 15.1708 65
      vertex 51.3957 15.2994 65
    endloop
  endfacet
  facet normal -0.595693 0.803212 0
    outer loop
      vertex 51.2223 15.1708 65
      vertex 51.3957 15.2994 57.4
      vertex 51.2223 15.1708 57.4
    endloop
  endfacet
  facet normal 0.803212 0.595693 -0
    outer loop
      vertex 48.2994 15.6043 51.9614
      vertex 48.1708 15.7777 54
      vertex 48.2994 15.6043 54
    endloop
  endfacet
  facet normal 0.803212 0.595693 0
    outer loop
      vertex 48.1708 15.7777 54
      vertex 48.2994 15.6043 51.9614
      vertex 48.1708 15.7777 51.8328
    endloop
  endfacet
  facet normal 0.803212 0.595693 0
    outer loop
      vertex 48.2994 15.6043 65
      vertex 48.1708 15.7777 57.4
      vertex 48.1708 15.7777 65
    endloop
  endfacet
  facet normal 0.803212 0.595693 0
    outer loop
      vertex 48.1708 15.7777 57.4
      vertex 48.2994 15.6043 65
      vertex 48.2994 15.6043 57.4
    endloop
  endfacet
  facet normal 0.998794 -0.0491058 0
    outer loop
      vertex 47.8 17 54
      vertex 47.8106 17.2156 51.4726
      vertex 47.8106 17.2156 54
    endloop
  endfacet
  facet normal 0.998794 -0.0491058 0
    outer loop
      vertex 47.8106 17.2156 51.4726
      vertex 47.8 17 54
      vertex 47.8 17 51.462
    endloop
  endfacet
  facet normal 0.998794 -0.0491058 0
    outer loop
      vertex 47.8 17 65
      vertex 47.8106 17.2156 57.4
      vertex 47.8106 17.2156 65
    endloop
  endfacet
  facet normal 0.998794 -0.0491058 0
    outer loop
      vertex 47.8106 17.2156 57.4
      vertex 47.8 17 65
      vertex 47.8 17 57.4
    endloop
  endfacet
  facet normal -0.740778 0.67175 0
    outer loop
      vertex 51.5556 15.4444 52.1064
      vertex 51.7006 15.6043 54
      vertex 51.7006 15.6043 51.9614
    endloop
  endfacet
  facet normal -0.740778 0.67175 0
    outer loop
      vertex 51.7006 15.6043 54
      vertex 51.5556 15.4444 52.1064
      vertex 51.5556 15.4444 54
    endloop
  endfacet
  facet normal -0.740778 0.67175 0
    outer loop
      vertex 51.5556 15.4444 57.4
      vertex 51.7006 15.6043 65
      vertex 51.7006 15.6043 57.4
    endloop
  endfacet
  facet normal -0.740778 0.67175 0
    outer loop
      vertex 51.7006 15.6043 65
      vertex 51.5556 15.4444 57.4
      vertex 51.5556 15.4444 65
    endloop
  endfacet
  facet normal 0 0 -1
    outer loop
      vertex 69.9803 13.35 57.4
      vertex 52.2 17 57.4
      vertex 69.9803 20.65 57.4
    endloop
  endfacet
  facet normal 0 0 -1
    outer loop
      vertex 69.9803 13.35 57.4
      vertex 52.1894 16.7844 57.4
      vertex 52.2 17 57.4
    endloop
  endfacet
  facet normal 0 0 -1
    outer loop
      vertex 69.9803 13.35 57.4
      vertex 52.1577 16.5708 57.4
      vertex 52.1894 16.7844 57.4
    endloop
  endfacet
  facet normal 0 0 -1
    outer loop
      vertex 69.9803 13.35 57.4
      vertex 52.1053 16.3614 57.4
      vertex 52.1577 16.5708 57.4
    endloop
  endfacet
  facet normal 0 0 -1
    outer loop
      vertex 69.9803 13.35 57.4
      vertex 52.0325 16.1581 57.4
      vertex 52.1053 16.3614 57.4
    endloop
  endfacet
  facet normal 0 0 -1
    outer loop
      vertex 69.9803 13.35 57.4
      vertex 51.9402 15.9629 57.4
      vertex 52.0325 16.1581 57.4
    endloop
  endfacet
  facet normal 0 0 -1
    outer loop
      vertex 69.9803 13.35 57.4
      vertex 51.8292 15.7777 57.4
      vertex 51.9402 15.9629 57.4
    endloop
  endfacet
  facet normal 0 0 -1
    outer loop
      vertex 69.9803 13.35 57.4
      vertex 51.7006 15.6043 57.4
      vertex 51.8292 15.7777 57.4
    endloop
  endfacet
  facet normal 0 0 -1
    outer loop
      vertex 69.9803 13.35 57.4
      vertex 51.5556 15.4444 57.4
      vertex 51.7006 15.6043 57.4
    endloop
  endfacet
  facet normal 0 0 -1
    outer loop
      vertex 69.9803 13.35 57.4
      vertex 51.3957 15.2994 57.4
      vertex 51.5556 15.4444 57.4
    endloop
  endfacet
  facet normal 0 0 -1
    outer loop
      vertex 69.9803 13.35 57.4
      vertex 51.2223 15.1708 57.4
      vertex 51.3957 15.2994 57.4
    endloop
  endfacet
  facet normal 0 0 -1
    outer loop
      vertex 69.9803 13.35 57.4
      vertex 51.0371 15.0598 57.4
      vertex 51.2223 15.1708 57.4
    endloop
  endfacet
  facet normal 0 0 -1
    outer loop
      vertex 69.9803 13.35 57.4
      vertex 50.8419 14.9675 57.4
      vertex 51.0371 15.0598 57.4
    endloop
  endfacet
  facet normal 0 0 -1
    outer loop
      vertex 69.9803 13.35 57.4
      vertex 50.6386 14.8947 57.4
      vertex 50.8419 14.9675 57.4
    endloop
  endfacet
  facet normal 0 0 -1
    outer loop
      vertex 46.35 13.35 57.4
      vertex 50.6386 14.8947 57.4
      vertex 69.9803 13.35 57.4
    endloop
  endfacet
  facet normal 0 0 -1
    outer loop
      vertex 50.6386 14.8947 57.4
      vertex 46.35 13.35 57.4
      vertex 50.4292 14.8423 57.4
    endloop
  endfacet
  facet normal 0 0 -1
    outer loop
      vertex 50.4292 14.8423 57.4
      vertex 46.35 13.35 57.4
      vertex 50.2156 14.8106 57.4
    endloop
  endfacet
  facet normal 0 0 -1
    outer loop
      vertex 50.2156 14.8106 57.4
      vertex 46.35 13.35 57.4
      vertex 50 14.8 57.4
    endloop
  endfacet
  facet normal -0 0 -1
    outer loop
      vertex 47.8106 16.7844 57.4
      vertex 46.35 13.35 57.4
      vertex 47.8 17 57.4
    endloop
  endfacet
  facet normal -0 0 -1
    outer loop
      vertex 47.8423 16.5708 57.4
      vertex 46.35 13.35 57.4
      vertex 47.8106 16.7844 57.4
    endloop
  endfacet
  facet normal -0 0 -1
    outer loop
      vertex 47.8947 16.3614 57.4
      vertex 46.35 13.35 57.4
      vertex 47.8423 16.5708 57.4
    endloop
  endfacet
  facet normal -0 0 -1
    outer loop
      vertex 47.9675 16.1581 57.4
      vertex 46.35 13.35 57.4
      vertex 47.8947 16.3614 57.4
    endloop
  endfacet
  facet normal -0 0 -1
    outer loop
      vertex 48.0598 15.9629 57.4
      vertex 46.35 13.35 57.4
      vertex 47.9675 16.1581 57.4
    endloop
  endfacet
  facet normal -0 0 -1
    outer loop
      vertex 48.1708 15.7777 57.4
      vertex 46.35 13.35 57.4
      vertex 48.0598 15.9629 57.4
    endloop
  endfacet
  facet normal -0 0 -1
    outer loop
      vertex 48.2994 15.6043 57.4
      vertex 46.35 13.35 57.4
      vertex 48.1708 15.7777 57.4
    endloop
  endfacet
  facet normal -0 0 -1
    outer loop
      vertex 48.4444 15.4444 57.4
      vertex 46.35 13.35 57.4
      vertex 48.2994 15.6043 57.4
    endloop
  endfacet
  facet normal -0 0 -1
    outer loop
      vertex 48.6043 15.2994 57.4
      vertex 46.35 13.35 57.4
      vertex 48.4444 15.4444 57.4
    endloop
  endfacet
  facet normal -0 0 -1
    outer loop
      vertex 48.7777 15.1708 57.4
      vertex 46.35 13.35 57.4
      vertex 48.6043 15.2994 57.4
    endloop
  endfacet
  facet normal -0 0 -1
    outer loop
      vertex 48.9629 15.0598 57.4
      vertex 46.35 13.35 57.4
      vertex 48.7777 15.1708 57.4
    endloop
  endfacet
  facet normal -0 0 -1
    outer loop
      vertex 49.1581 14.9675 57.4
      vertex 46.35 13.35 57.4
      vertex 48.9629 15.0598 57.4
    endloop
  endfacet
  facet normal -0 0 -1
    outer loop
      vertex 49.3614 14.8947 57.4
      vertex 46.35 13.35 57.4
      vertex 49.1581 14.9675 57.4
    endloop
  endfacet
  facet normal -0 0 -1
    outer loop
      vertex 49.5708 14.8423 57.4
      vertex 46.35 13.35 57.4
      vertex 49.3614 14.8947 57.4
    endloop
  endfacet
  facet normal -0 0 -1
    outer loop
      vertex 49.7844 14.8106 57.4
      vertex 46.35 13.35 57.4
      vertex 49.5708 14.8423 57.4
    endloop
  endfacet
  facet normal -0 0 -1
    outer loop
      vertex 50 14.8 57.4
      vertex 46.35 13.35 57.4
      vertex 49.7844 14.8106 57.4
    endloop
  endfacet
  facet normal 0 0 -1
    outer loop
      vertex 52.1894 17.2156 57.4
      vertex 69.9803 20.65 57.4
      vertex 52.2 17 57.4
    endloop
  endfacet
  facet normal 0 0 -1
    outer loop
      vertex 52.1577 17.4292 57.4
      vertex 69.9803 20.65 57.4
      vertex 52.1894 17.2156 57.4
    endloop
  endfacet
  facet normal 0 0 -1
    outer loop
      vertex 52.1053 17.6386 57.4
      vertex 69.9803 20.65 57.4
      vertex 52.1577 17.4292 57.4
    endloop
  endfacet
  facet normal 0 0 -1
    outer loop
      vertex 52.0325 17.8419 57.4
      vertex 69.9803 20.65 57.4
      vertex 52.1053 17.6386 57.4
    endloop
  endfacet
  facet normal 0 0 -1
    outer loop
      vertex 51.9402 18.0371 57.4
      vertex 69.9803 20.65 57.4
      vertex 52.0325 17.8419 57.4
    endloop
  endfacet
  facet normal 0 0 -1
    outer loop
      vertex 51.8292 18.2223 57.4
      vertex 69.9803 20.65 57.4
      vertex 51.9402 18.0371 57.4
    endloop
  endfacet
  facet normal 0 0 -1
    outer loop
      vertex 51.7006 18.3957 57.4
      vertex 69.9803 20.65 57.4
      vertex 51.8292 18.2223 57.4
    endloop
  endfacet
  facet normal 0 0 -1
    outer loop
      vertex 51.5556 18.5556 57.4
      vertex 69.9803 20.65 57.4
      vertex 51.7006 18.3957 57.4
    endloop
  endfacet
  facet normal 0 0 -1
    outer loop
      vertex 51.3957 18.7006 57.4
      vertex 69.9803 20.65 57.4
      vertex 51.5556 18.5556 57.4
    endloop
  endfacet
  facet normal 0 0 -1
    outer loop
      vertex 51.2223 18.8292 57.4
      vertex 69.9803 20.65 57.4
      vertex 51.3957 18.7006 57.4
    endloop
  endfacet
  facet normal 0 0 -1
    outer loop
      vertex 51.0371 18.9402 57.4
      vertex 69.9803 20.65 57.4
      vertex 51.2223 18.8292 57.4
    endloop
  endfacet
  facet normal 0 0 -1
    outer loop
      vertex 50.8419 19.0325 57.4
      vertex 69.9803 20.65 57.4
      vertex 51.0371 18.9402 57.4
    endloop
  endfacet
  facet normal 0 0 -1
    outer loop
      vertex 50.6386 19.1053 57.4
      vertex 69.9803 20.65 57.4
      vertex 50.8419 19.0325 57.4
    endloop
  endfacet
  facet normal 0 0 -1
    outer loop
      vertex 46.35 20.65 57.4
      vertex 50.6386 19.1053 57.4
      vertex 50.4292 19.1577 57.4
    endloop
  endfacet
  facet normal 0 0 -1
    outer loop
      vertex 46.35 20.65 57.4
      vertex 50.4292 19.1577 57.4
      vertex 50.2156 19.1894 57.4
    endloop
  endfacet
  facet normal 0 0 -1
    outer loop
      vertex 46.35 20.65 57.4
      vertex 50.2156 19.1894 57.4
      vertex 50 19.2 57.4
    endloop
  endfacet
  facet normal 0 0 -1
    outer loop
      vertex 46.35 20.65 57.4
      vertex 50 19.2 57.4
      vertex 49.7844 19.1894 57.4
    endloop
  endfacet
  facet normal 0 0 -1
    outer loop
      vertex 46.35 20.65 57.4
      vertex 47.8 17 57.4
      vertex 46.35 13.35 57.4
    endloop
  endfacet
  facet normal 0 0 -1
    outer loop
      vertex 47.8 17 57.4
      vertex 46.35 20.65 57.4
      vertex 47.8106 17.2156 57.4
    endloop
  endfacet
  facet normal 0 0 -1
    outer loop
      vertex 47.8106 17.2156 57.4
      vertex 46.35 20.65 57.4
      vertex 47.8423 17.4292 57.4
    endloop
  endfacet
  facet normal 0 0 -1
    outer loop
      vertex 47.8423 17.4292 57.4
      vertex 46.35 20.65 57.4
      vertex 47.8947 17.6386 57.4
    endloop
  endfacet
  facet normal 0 0 -1
    outer loop
      vertex 50.6386 19.1053 57.4
      vertex 46.35 20.65 57.4
      vertex 69.9803 20.65 57.4
    endloop
  endfacet
  facet normal 0 0 -1
    outer loop
      vertex 49.5708 19.1577 57.4
      vertex 46.35 20.65 57.4
      vertex 49.7844 19.1894 57.4
    endloop
  endfacet
  facet normal 0 0 -1
    outer loop
      vertex 49.3614 19.1053 57.4
      vertex 46.35 20.65 57.4
      vertex 49.5708 19.1577 57.4
    endloop
  endfacet
  facet normal 0 0 -1
    outer loop
      vertex 49.1581 19.0325 57.4
      vertex 46.35 20.65 57.4
      vertex 49.3614 19.1053 57.4
    endloop
  endfacet
  facet normal 0 0 -1
    outer loop
      vertex 48.9629 18.9402 57.4
      vertex 46.35 20.65 57.4
      vertex 49.1581 19.0325 57.4
    endloop
  endfacet
  facet normal 0 0 -1
    outer loop
      vertex 48.7777 18.8292 57.4
      vertex 46.35 20.65 57.4
      vertex 48.9629 18.9402 57.4
    endloop
  endfacet
  facet normal 0 0 -1
    outer loop
      vertex 48.6043 18.7006 57.4
      vertex 46.35 20.65 57.4
      vertex 48.7777 18.8292 57.4
    endloop
  endfacet
  facet normal 0 0 -1
    outer loop
      vertex 48.4444 18.5556 57.4
      vertex 46.35 20.65 57.4
      vertex 48.6043 18.7006 57.4
    endloop
  endfacet
  facet normal 0 0 -1
    outer loop
      vertex 48.2994 18.3957 57.4
      vertex 46.35 20.65 57.4
      vertex 48.4444 18.5556 57.4
    endloop
  endfacet
  facet normal 0 0 -1
    outer loop
      vertex 48.1708 18.2223 57.4
      vertex 46.35 20.65 57.4
      vertex 48.2994 18.3957 57.4
    endloop
  endfacet
  facet normal 0 0 -1
    outer loop
      vertex 48.0598 18.0371 57.4
      vertex 46.35 20.65 57.4
      vertex 48.1708 18.2223 57.4
    endloop
  endfacet
  facet normal 0 0 -1
    outer loop
      vertex 47.9675 17.8419 57.4
      vertex 46.35 20.65 57.4
      vertex 48.0598 18.0371 57.4
    endloop
  endfacet
  facet normal 0 0 -1
    outer loop
      vertex 47.8947 17.6386 57.4
      vertex 46.35 20.65 57.4
      vertex 47.9675 17.8419 57.4
    endloop
  endfacet
  facet normal 0 0 1
    outer loop
      vertex 70 20.65 54
      vertex 52.2 17 54
      vertex 70 13.35 54
    endloop
  endfacet
  facet normal 0 0 1
    outer loop
      vertex 70 20.65 54
      vertex 52.1894 17.2156 54
      vertex 52.2 17 54
    endloop
  endfacet
  facet normal 0 0 1
    outer loop
      vertex 70 20.65 54
      vertex 52.1577 17.4292 54
      vertex 52.1894 17.2156 54
    endloop
  endfacet
  facet normal 0 0 1
    outer loop
      vertex 70 20.65 54
      vertex 52.1053 17.6386 54
      vertex 52.1577 17.4292 54
    endloop
  endfacet
  facet normal 0 0 1
    outer loop
      vertex 70 20.65 54
      vertex 52.0325 17.8419 54
      vertex 52.1053 17.6386 54
    endloop
  endfacet
  facet normal 0 0 1
    outer loop
      vertex 70 20.65 54
      vertex 51.9402 18.0371 54
      vertex 52.0325 17.8419 54
    endloop
  endfacet
  facet normal 0 0 1
    outer loop
      vertex 70 20.65 54
      vertex 51.8292 18.2223 54
      vertex 51.9402 18.0371 54
    endloop
  endfacet
  facet normal 0 0 1
    outer loop
      vertex 70 20.65 54
      vertex 51.7006 18.3957 54
      vertex 51.8292 18.2223 54
    endloop
  endfacet
  facet normal 0 0 1
    outer loop
      vertex 70 20.65 54
      vertex 51.5556 18.5556 54
      vertex 51.7006 18.3957 54
    endloop
  endfacet
  facet normal 0 0 1
    outer loop
      vertex 70 20.65 54
      vertex 51.3957 18.7006 54
      vertex 51.5556 18.5556 54
    endloop
  endfacet
  facet normal 0 0 1
    outer loop
      vertex 70 20.65 54
      vertex 51.2223 18.8292 54
      vertex 51.3957 18.7006 54
    endloop
  endfacet
  facet normal 0 0 1
    outer loop
      vertex 70 20.65 54
      vertex 51.0371 18.9402 54
      vertex 51.2223 18.8292 54
    endloop
  endfacet
  facet normal 0 0 1
    outer loop
      vertex 70 20.65 54
      vertex 50.8419 19.0325 54
      vertex 51.0371 18.9402 54
    endloop
  endfacet
  facet normal 0 0 1
    outer loop
      vertex 70 20.65 54
      vertex 50.6386 19.1053 54
      vertex 50.8419 19.0325 54
    endloop
  endfacet
  facet normal -0 0 1
    outer loop
      vertex 46.35 20.65 54
      vertex 50.6386 19.1053 54
      vertex 70 20.65 54
    endloop
  endfacet
  facet normal 0 0 1
    outer loop
      vertex 50.6386 19.1053 54
      vertex 46.35 20.65 54
      vertex 50.4292 19.1577 54
    endloop
  endfacet
  facet normal 0 0 1
    outer loop
      vertex 50.4292 19.1577 54
      vertex 46.35 20.65 54
      vertex 50.2156 19.1894 54
    endloop
  endfacet
  facet normal 0 0 1
    outer loop
      vertex 50.2156 19.1894 54
      vertex 46.35 20.65 54
      vertex 50 19.2 54
    endloop
  endfacet
  facet normal 0 0 1
    outer loop
      vertex 47.8106 17.2156 54
      vertex 46.35 20.65 54
      vertex 47.8 17 54
    endloop
  endfacet
  facet normal 0 0 1
    outer loop
      vertex 47.8423 17.4292 54
      vertex 46.35 20.65 54
      vertex 47.8106 17.2156 54
    endloop
  endfacet
  facet normal 0 0 1
    outer loop
      vertex 47.8947 17.6386 54
      vertex 46.35 20.65 54
      vertex 47.8423 17.4292 54
    endloop
  endfacet
  facet normal 0 0 1
    outer loop
      vertex 47.9675 17.8419 54
      vertex 46.35 20.65 54
      vertex 47.8947 17.6386 54
    endloop
  endfacet
  facet normal 0 0 1
    outer loop
      vertex 48.0598 18.0371 54
      vertex 46.35 20.65 54
      vertex 47.9675 17.8419 54
    endloop
  endfacet
  facet normal 0 0 1
    outer loop
      vertex 48.1708 18.2223 54
      vertex 46.35 20.65 54
      vertex 48.0598 18.0371 54
    endloop
  endfacet
  facet normal 0 0 1
    outer loop
      vertex 48.2994 18.3957 54
      vertex 46.35 20.65 54
      vertex 48.1708 18.2223 54
    endloop
  endfacet
  facet normal 0 0 1
    outer loop
      vertex 48.4444 18.5556 54
      vertex 46.35 20.65 54
      vertex 48.2994 18.3957 54
    endloop
  endfacet
  facet normal 0 0 1
    outer loop
      vertex 48.6043 18.7006 54
      vertex 46.35 20.65 54
      vertex 48.4444 18.5556 54
    endloop
  endfacet
  facet normal 0 0 1
    outer loop
      vertex 48.7777 18.8292 54
      vertex 46.35 20.65 54
      vertex 48.6043 18.7006 54
    endloop
  endfacet
  facet normal 0 0 1
    outer loop
      vertex 48.9629 18.9402 54
      vertex 46.35 20.65 54
      vertex 48.7777 18.8292 54
    endloop
  endfacet
  facet normal 0 0 1
    outer loop
      vertex 49.1581 19.0325 54
      vertex 46.35 20.65 54
      vertex 48.9629 18.9402 54
    endloop
  endfacet
  facet normal 0 0 1
    outer loop
      vertex 49.3614 19.1053 54
      vertex 46.35 20.65 54
      vertex 49.1581 19.0325 54
    endloop
  endfacet
  facet normal 0 0 1
    outer loop
      vertex 49.5708 19.1577 54
      vertex 46.35 20.65 54
      vertex 49.3614 19.1053 54
    endloop
  endfacet
  facet normal 0 0 1
    outer loop
      vertex 49.7844 19.1894 54
      vertex 46.35 20.65 54
      vertex 49.5708 19.1577 54
    endloop
  endfacet
  facet normal 0 0 1
    outer loop
      vertex 50 19.2 54
      vertex 46.35 20.65 54
      vertex 49.7844 19.1894 54
    endloop
  endfacet
  facet normal -0 0 1
    outer loop
      vertex 52.1894 16.7844 54
      vertex 70 13.35 54
      vertex 52.2 17 54
    endloop
  endfacet
  facet normal -0 0 1
    outer loop
      vertex 52.1577 16.5708 54
      vertex 70 13.35 54
      vertex 52.1894 16.7844 54
    endloop
  endfacet
  facet normal -0 0 1
    outer loop
      vertex 52.1053 16.3614 54
      vertex 70 13.35 54
      vertex 52.1577 16.5708 54
    endloop
  endfacet
  facet normal -0 0 1
    outer loop
      vertex 52.0325 16.1581 54
      vertex 70 13.35 54
      vertex 52.1053 16.3614 54
    endloop
  endfacet
  facet normal -0 0 1
    outer loop
      vertex 51.9402 15.9629 54
      vertex 70 13.35 54
      vertex 52.0325 16.1581 54
    endloop
  endfacet
  facet normal -0 0 1
    outer loop
      vertex 51.8292 15.7777 54
      vertex 70 13.35 54
      vertex 51.9402 15.9629 54
    endloop
  endfacet
  facet normal -0 0 1
    outer loop
      vertex 51.7006 15.6043 54
      vertex 70 13.35 54
      vertex 51.8292 15.7777 54
    endloop
  endfacet
  facet normal -0 0 1
    outer loop
      vertex 51.5556 15.4444 54
      vertex 70 13.35 54
      vertex 51.7006 15.6043 54
    endloop
  endfacet
  facet normal -0 0 1
    outer loop
      vertex 51.3957 15.2994 54
      vertex 70 13.35 54
      vertex 51.5556 15.4444 54
    endloop
  endfacet
  facet normal -0 0 1
    outer loop
      vertex 51.2223 15.1708 54
      vertex 70 13.35 54
      vertex 51.3957 15.2994 54
    endloop
  endfacet
  facet normal -0 0 1
    outer loop
      vertex 51.0371 15.0598 54
      vertex 70 13.35 54
      vertex 51.2223 15.1708 54
    endloop
  endfacet
  facet normal -0 0 1
    outer loop
      vertex 50.8419 14.9675 54
      vertex 70 13.35 54
      vertex 51.0371 15.0598 54
    endloop
  endfacet
  facet normal -0 0 1
    outer loop
      vertex 50.6386 14.8947 54
      vertex 70 13.35 54
      vertex 50.8419 14.9675 54
    endloop
  endfacet
  facet normal 0 0 1
    outer loop
      vertex 46.35 13.35 54
      vertex 50.6386 14.8947 54
      vertex 50.4292 14.8423 54
    endloop
  endfacet
  facet normal 0 0 1
    outer loop
      vertex 46.35 13.35 54
      vertex 50.4292 14.8423 54
      vertex 50.2156 14.8106 54
    endloop
  endfacet
  facet normal 0 0 1
    outer loop
      vertex 46.35 13.35 54
      vertex 50.2156 14.8106 54
      vertex 50 14.8 54
    endloop
  endfacet
  facet normal 0 0 1
    outer loop
      vertex 46.35 13.35 54
      vertex 50 14.8 54
      vertex 49.7844 14.8106 54
    endloop
  endfacet
  facet normal 0 0 1
    outer loop
      vertex 46.35 13.35 54
      vertex 47.8 17 54
      vertex 46.35 20.65 54
    endloop
  endfacet
  facet normal 0 0 1
    outer loop
      vertex 47.8 17 54
      vertex 46.35 13.35 54
      vertex 47.8106 16.7844 54
    endloop
  endfacet
  facet normal 0 0 1
    outer loop
      vertex 47.8106 16.7844 54
      vertex 46.35 13.35 54
      vertex 47.8423 16.5708 54
    endloop
  endfacet
  facet normal 0 0 1
    outer loop
      vertex 47.8423 16.5708 54
      vertex 46.35 13.35 54
      vertex 47.8947 16.3614 54
    endloop
  endfacet
  facet normal 0 0 1
    outer loop
      vertex 50.6386 14.8947 54
      vertex 46.35 13.35 54
      vertex 70 13.35 54
    endloop
  endfacet
  facet normal 0 0 1
    outer loop
      vertex 49.5708 14.8423 54
      vertex 46.35 13.35 54
      vertex 49.7844 14.8106 54
    endloop
  endfacet
  facet normal 0 0 1
    outer loop
      vertex 49.3614 14.8947 54
      vertex 46.35 13.35 54
      vertex 49.5708 14.8423 54
    endloop
  endfacet
  facet normal 0 0 1
    outer loop
      vertex 49.1581 14.9675 54
      vertex 46.35 13.35 54
      vertex 49.3614 14.8947 54
    endloop
  endfacet
  facet normal 0 0 1
    outer loop
      vertex 48.9629 15.0598 54
      vertex 46.35 13.35 54
      vertex 49.1581 14.9675 54
    endloop
  endfacet
  facet normal 0 0 1
    outer loop
      vertex 48.7777 15.1708 54
      vertex 46.35 13.35 54
      vertex 48.9629 15.0598 54
    endloop
  endfacet
  facet normal 0 0 1
    outer loop
      vertex 48.6043 15.2994 54
      vertex 46.35 13.35 54
      vertex 48.7777 15.1708 54
    endloop
  endfacet
  facet normal 0 0 1
    outer loop
      vertex 48.4444 15.4444 54
      vertex 46.35 13.35 54
      vertex 48.6043 15.2994 54
    endloop
  endfacet
  facet normal 0 0 1
    outer loop
      vertex 48.2994 15.6043 54
      vertex 46.35 13.35 54
      vertex 48.4444 15.4444 54
    endloop
  endfacet
  facet normal 0 0 1
    outer loop
      vertex 48.1708 15.7777 54
      vertex 46.35 13.35 54
      vertex 48.2994 15.6043 54
    endloop
  endfacet
  facet normal 0 0 1
    outer loop
      vertex 48.0598 15.9629 54
      vertex 46.35 13.35 54
      vertex 48.1708 15.7777 54
    endloop
  endfacet
  facet normal 0 0 1
    outer loop
      vertex 47.9675 16.1581 54
      vertex 46.35 13.35 54
      vertex 48.0598 15.9629 54
    endloop
  endfacet
  facet normal 0 0 1
    outer loop
      vertex 47.8947 16.3614 54
      vertex 46.35 13.35 54
      vertex 47.9675 16.1581 54
    endloop
  endfacet
  facet normal 1 -0 0
    outer loop
      vertex 46.35 13.35 57.4
      vertex 46.35 20.65 54
      vertex 46.35 20.65 57.4
    endloop
  endfacet
  facet normal 1 0 0
    outer loop
      vertex 46.35 20.65 54
      vertex 46.35 13.35 57.4
      vertex 46.35 13.35 54
    endloop
  endfacet
  facet normal 0 -1 0
    outer loop
      vertex 46.35 20.65 57.4
      vertex 70 20.65 57
      vertex 69.9803 20.65 57.4
    endloop
  endfacet
  facet normal 0 -1 0
    outer loop
      vertex 46.35 20.65 54
      vertex 70 20.65 57
      vertex 46.35 20.65 57.4
    endloop
  endfacet
  facet normal 0 -1 -0
    outer loop
      vertex 70 20.65 57
      vertex 46.35 20.65 54
      vertex 70 20.65 54
    endloop
  endfacet
  facet normal 0 1 0
    outer loop
      vertex 70 13.35 57
      vertex 46.35 13.35 57.4
      vertex 69.9803 13.35 57.4
    endloop
  endfacet
  facet normal 0 1 0
    outer loop
      vertex 46.35 13.35 54
      vertex 70 13.35 57
      vertex 70 13.35 54
    endloop
  endfacet
  facet normal 0 1 0
    outer loop
      vertex 70 13.35 57
      vertex 46.35 13.35 54
      vertex 46.35 13.35 57.4
    endloop
  endfacet
  facet normal 0.336925 0.941531 -0
    outer loop
      vertex -35.987 11.7464 0
      vertex -36.3011 11.8588 6
      vertex -35.987 11.7464 6
    endloop
  endfacet
  facet normal 0.336925 0.941531 0
    outer loop
      vertex -36.3011 11.8588 6
      vertex -35.987 11.7464 0
      vertex -36.3011 11.8588 0
    endloop
  endfacet
  facet normal -0.989199 -0.146581 0
    outer loop
      vertex -31.6164 15.3333 0
      vertex -31.6653 15.6633 6
      vertex -31.6653 15.6633 0
    endloop
  endfacet
  facet normal -0.989199 -0.146581 0
    outer loop
      vertex -31.6653 15.6633 6
      vertex -31.6164 15.3333 0
      vertex -31.6164 15.3333 6
    endloop
  endfacet
  facet normal -0.998792 -0.0491455 0
    outer loop
      vertex -31.6 15 0
      vertex -31.6164 15.3333 6
      vertex -31.6164 15.3333 0
    endloop
  endfacet
  facet normal -0.998792 -0.0491455 0
    outer loop
      vertex -31.6164 15.3333 6
      vertex -31.6 15 0
      vertex -31.6 15 6
    endloop
  endfacet
  facet normal -0.970019 -0.243029 0
    outer loop
      vertex -31.6653 15.6633 0
      vertex -31.7464 15.987 6
      vertex -31.7464 15.987 0
    endloop
  endfacet
  facet normal -0.970019 -0.243029 0
    outer loop
      vertex -31.7464 15.987 6
      vertex -31.6653 15.6633 0
      vertex -31.6653 15.6633 6
    endloop
  endfacet
  facet normal 0.989199 -0.146581 0
    outer loop
      vertex -38.3836 15.3333 6
      vertex -38.3347 15.6633 0
      vertex -38.3347 15.6633 6
    endloop
  endfacet
  facet normal 0.989199 -0.146581 0
    outer loop
      vertex -38.3347 15.6633 0
      vertex -38.3836 15.3333 6
      vertex -38.3836 15.3333 0
    endloop
  endfacet
  facet normal 0.243029 0.970019 -0
    outer loop
      vertex -35.6633 11.6653 0
      vertex -35.987 11.7464 6
      vertex -35.6633 11.6653 6
    endloop
  endfacet
  facet normal 0.243029 0.970019 0
    outer loop
      vertex -35.987 11.7464 6
      vertex -35.6633 11.6653 0
      vertex -35.987 11.7464 0
    endloop
  endfacet
  facet normal -0.336925 -0.941531 0
    outer loop
      vertex -34.013 18.2536 0
      vertex -33.6989 18.1412 6
      vertex -34.013 18.2536 6
    endloop
  endfacet
  facet normal -0.336925 -0.941531 -0
    outer loop
      vertex -33.6989 18.1412 6
      vertex -34.013 18.2536 0
      vertex -33.6989 18.1412 0
    endloop
  endfacet
  facet normal 0.514011 -0.857784 0
    outer loop
      vertex -36.8889 17.827 0
      vertex -36.6027 17.9985 6
      vertex -36.8889 17.827 6
    endloop
  endfacet
  facet normal 0.514011 -0.857784 0
    outer loop
      vertex -36.6027 17.9985 6
      vertex -36.8889 17.827 0
      vertex -36.6027 17.9985 0
    endloop
  endfacet
  facet normal 0.903927 0.427687 0
    outer loop
      vertex -37.9985 13.3973 6
      vertex -38.1412 13.6989 0
      vertex -38.1412 13.6989 6
    endloop
  endfacet
  facet normal 0.903927 0.427687 0
    outer loop
      vertex -38.1412 13.6989 0
      vertex -37.9985 13.3973 6
      vertex -37.9985 13.3973 0
    endloop
  endfacet
  facet normal 0.243029 -0.970019 0
    outer loop
      vertex -35.987 18.2536 0
      vertex -35.6633 18.3347 6
      vertex -35.987 18.2536 6
    endloop
  endfacet
  facet normal 0.243029 -0.970019 0
    outer loop
      vertex -35.6633 18.3347 6
      vertex -35.987 18.2536 0
      vertex -35.6633 18.3347 0
    endloop
  endfacet
  facet normal 0.857784 0.514011 0
    outer loop
      vertex -37.827 13.1111 6
      vertex -37.9985 13.3973 0
      vertex -37.9985 13.3973 6
    endloop
  endfacet
  facet normal 0.857784 0.514011 0
    outer loop
      vertex -37.9985 13.3973 0
      vertex -37.827 13.1111 6
      vertex -37.827 13.1111 0
    endloop
  endfacet
  facet normal -0.243029 0.970019 0
    outer loop
      vertex -34.013 11.7464 0
      vertex -34.3367 11.6653 6
      vertex -34.013 11.7464 6
    endloop
  endfacet
  facet normal -0.243029 0.970019 0
    outer loop
      vertex -34.3367 11.6653 6
      vertex -34.013 11.7464 0
      vertex -34.3367 11.6653 0
    endloop
  endfacet
  facet normal 0.595772 0.803154 -0
    outer loop
      vertex -36.8889 12.173 0
      vertex -37.1569 12.3718 6
      vertex -36.8889 12.173 6
    endloop
  endfacet
  facet normal 0.595772 0.803154 0
    outer loop
      vertex -37.1569 12.3718 6
      vertex -36.8889 12.173 0
      vertex -37.1569 12.3718 0
    endloop
  endfacet
  facet normal -0.514011 0.857784 0
    outer loop
      vertex -33.1111 12.173 0
      vertex -33.3973 12.0015 6
      vertex -33.1111 12.173 6
    endloop
  endfacet
  facet normal -0.514011 0.857784 0
    outer loop
      vertex -33.3973 12.0015 6
      vertex -33.1111 12.173 0
      vertex -33.3973 12.0015 0
    endloop
  endfacet
  facet normal -0.803154 0.595772 0
    outer loop
      vertex -32.3718 12.8431 0
      vertex -32.173 13.1111 6
      vertex -32.173 13.1111 0
    endloop
  endfacet
  facet normal -0.803154 0.595772 0
    outer loop
      vertex -32.173 13.1111 6
      vertex -32.3718 12.8431 0
      vertex -32.3718 12.8431 6
    endloop
  endfacet
  facet normal -0.146581 -0.989199 0
    outer loop
      vertex -34.6667 18.3836 0
      vertex -34.3367 18.3347 6
      vertex -34.6667 18.3836 6
    endloop
  endfacet
  facet normal -0.146581 -0.989199 -0
    outer loop
      vertex -34.3367 18.3347 6
      vertex -34.6667 18.3836 0
      vertex -34.3367 18.3347 0
    endloop
  endfacet
  facet normal 0.595772 -0.803154 0
    outer loop
      vertex -37.1569 17.6282 0
      vertex -36.8889 17.827 6
      vertex -37.1569 17.6282 6
    endloop
  endfacet
  facet normal 0.595772 -0.803154 0
    outer loop
      vertex -36.8889 17.827 6
      vertex -37.1569 17.6282 0
      vertex -36.8889 17.827 0
    endloop
  endfacet
  facet normal 0.803154 -0.595772 0
    outer loop
      vertex -37.827 16.8889 6
      vertex -37.6282 17.1569 0
      vertex -37.6282 17.1569 6
    endloop
  endfacet
  facet normal 0.803154 -0.595772 0
    outer loop
      vertex -37.6282 17.1569 0
      vertex -37.827 16.8889 6
      vertex -37.827 16.8889 0
    endloop
  endfacet
  facet normal -0.989199 0.146581 0
    outer loop
      vertex -31.6653 14.3367 0
      vertex -31.6164 14.6667 6
      vertex -31.6164 14.6667 0
    endloop
  endfacet
  facet normal -0.989199 0.146581 0
    outer loop
      vertex -31.6164 14.6667 6
      vertex -31.6653 14.3367 0
      vertex -31.6653 14.3367 6
    endloop
  endfacet
  facet normal 0.941531 -0.336925 0
    outer loop
      vertex -38.2536 15.987 6
      vertex -38.1412 16.3011 0
      vertex -38.1412 16.3011 6
    endloop
  endfacet
  facet normal 0.941531 -0.336925 0
    outer loop
      vertex -38.1412 16.3011 0
      vertex -38.2536 15.987 6
      vertex -38.2536 15.987 0
    endloop
  endfacet
  facet normal -0.427687 -0.903927 0
    outer loop
      vertex -33.6989 18.1412 0
      vertex -33.3973 17.9985 6
      vertex -33.6989 18.1412 6
    endloop
  endfacet
  facet normal -0.427687 -0.903927 -0
    outer loop
      vertex -33.3973 17.9985 6
      vertex -33.6989 18.1412 0
      vertex -33.3973 17.9985 0
    endloop
  endfacet
  facet normal 0.941531 0.336925 0
    outer loop
      vertex -38.1412 13.6989 6
      vertex -38.2536 14.013 0
      vertex -38.2536 14.013 6
    endloop
  endfacet
  facet normal 0.941531 0.336925 0
    outer loop
      vertex -38.2536 14.013 0
      vertex -38.1412 13.6989 6
      vertex -38.1412 13.6989 0
    endloop
  endfacet
  facet normal -0.970019 0.243029 0
    outer loop
      vertex -31.7464 14.013 0
      vertex -31.6653 14.3367 6
      vertex -31.6653 14.3367 0
    endloop
  endfacet
  facet normal -0.970019 0.243029 0
    outer loop
      vertex -31.6653 14.3367 6
      vertex -31.7464 14.013 0
      vertex -31.7464 14.013 6
    endloop
  endfacet
  facet normal 0.0491455 -0.998792 0
    outer loop
      vertex -35.3333 18.3836 0
      vertex -35 18.4 6
      vertex -35.3333 18.3836 6
    endloop
  endfacet
  facet normal 0.0491455 -0.998792 0
    outer loop
      vertex -35 18.4 6
      vertex -35.3333 18.3836 0
      vertex -35 18.4 0
    endloop
  endfacet
  facet normal -0.671329 -0.741159 0
    outer loop
      vertex -32.8431 17.6282 0
      vertex -32.5958 17.4042 6
      vertex -32.8431 17.6282 6
    endloop
  endfacet
  facet normal -0.671329 -0.741159 -0
    outer loop
      vertex -32.5958 17.4042 6
      vertex -32.8431 17.6282 0
      vertex -32.5958 17.4042 0
    endloop
  endfacet
  facet normal 0.427687 -0.903927 0
    outer loop
      vertex -36.6027 17.9985 0
      vertex -36.3011 18.1412 6
      vertex -36.6027 17.9985 6
    endloop
  endfacet
  facet normal 0.427687 -0.903927 0
    outer loop
      vertex -36.3011 18.1412 6
      vertex -36.6027 17.9985 0
      vertex -36.3011 18.1412 0
    endloop
  endfacet
  facet normal 0.671329 -0.741159 0
    outer loop
      vertex -37.4042 17.4042 0
      vertex -37.1569 17.6282 6
      vertex -37.4042 17.4042 6
    endloop
  endfacet
  facet normal 0.671329 -0.741159 0
    outer loop
      vertex -37.1569 17.6282 6
      vertex -37.4042 17.4042 0
      vertex -37.1569 17.6282 0
    endloop
  endfacet
  facet normal -0.336925 0.941531 0
    outer loop
      vertex -33.6989 11.8588 0
      vertex -34.013 11.7464 6
      vertex -33.6989 11.8588 6
    endloop
  endfacet
  facet normal -0.336925 0.941531 0
    outer loop
      vertex -34.013 11.7464 6
      vertex -33.6989 11.8588 0
      vertex -34.013 11.7464 0
    endloop
  endfacet
  facet normal 0.336925 -0.941531 0
    outer loop
      vertex -36.3011 18.1412 0
      vertex -35.987 18.2536 6
      vertex -36.3011 18.1412 6
    endloop
  endfacet
  facet normal 0.336925 -0.941531 0
    outer loop
      vertex -35.987 18.2536 6
      vertex -36.3011 18.1412 0
      vertex -35.987 18.2536 0
    endloop
  endfacet
  facet normal -0.803154 -0.595772 0
    outer loop
      vertex -32.173 16.8889 0
      vertex -32.3718 17.1569 6
      vertex -32.3718 17.1569 0
    endloop
  endfacet
  facet normal -0.803154 -0.595772 0
    outer loop
      vertex -32.3718 17.1569 6
      vertex -32.173 16.8889 0
      vertex -32.173 16.8889 6
    endloop
  endfacet
  facet normal 0.857784 -0.514011 0
    outer loop
      vertex -37.9985 16.6027 6
      vertex -37.827 16.8889 0
      vertex -37.827 16.8889 6
    endloop
  endfacet
  facet normal 0.857784 -0.514011 0
    outer loop
      vertex -37.827 16.8889 0
      vertex -37.9985 16.6027 6
      vertex -37.9985 16.6027 0
    endloop
  endfacet
  facet normal -0.998792 0.0491455 0
    outer loop
      vertex -31.6164 14.6667 0
      vertex -31.6 15 6
      vertex -31.6 15 0
    endloop
  endfacet
  facet normal -0.998792 0.0491455 0
    outer loop
      vertex -31.6 15 6
      vertex -31.6164 14.6667 0
      vertex -31.6164 14.6667 6
    endloop
  endfacet
  facet normal -0.903927 0.427687 0
    outer loop
      vertex -32.0015 13.3973 0
      vertex -31.8588 13.6989 6
      vertex -31.8588 13.6989 0
    endloop
  endfacet
  facet normal -0.903927 0.427687 0
    outer loop
      vertex -31.8588 13.6989 6
      vertex -32.0015 13.3973 0
      vertex -32.0015 13.3973 6
    endloop
  endfacet
  facet normal 0.671329 0.741159 -0
    outer loop
      vertex -37.1569 12.3718 0
      vertex -37.4042 12.5958 6
      vertex -37.1569 12.3718 6
    endloop
  endfacet
  facet normal 0.671329 0.741159 0
    outer loop
      vertex -37.4042 12.5958 6
      vertex -37.1569 12.3718 0
      vertex -37.4042 12.5958 0
    endloop
  endfacet
  facet normal -0.595772 -0.803154 0
    outer loop
      vertex -33.1111 17.827 0
      vertex -32.8431 17.6282 6
      vertex -33.1111 17.827 6
    endloop
  endfacet
  facet normal -0.595772 -0.803154 -0
    outer loop
      vertex -32.8431 17.6282 6
      vertex -33.1111 17.827 0
      vertex -32.8431 17.6282 0
    endloop
  endfacet
  facet normal 0.514011 0.857784 -0
    outer loop
      vertex -36.6027 12.0015 0
      vertex -36.8889 12.173 6
      vertex -36.6027 12.0015 6
    endloop
  endfacet
  facet normal 0.514011 0.857784 0
    outer loop
      vertex -36.8889 12.173 6
      vertex -36.6027 12.0015 0
      vertex -36.8889 12.173 0
    endloop
  endfacet
  facet normal -0.514011 -0.857784 0
    outer loop
      vertex -33.3973 17.9985 0
      vertex -33.1111 17.827 6
      vertex -33.3973 17.9985 6
    endloop
  endfacet
  facet normal -0.514011 -0.857784 -0
    outer loop
      vertex -33.1111 17.827 6
      vertex -33.3973 17.9985 0
      vertex -33.1111 17.827 0
    endloop
  endfacet
  facet normal -0.146581 0.989199 0
    outer loop
      vertex -34.3367 11.6653 0
      vertex -34.6667 11.6164 6
      vertex -34.3367 11.6653 6
    endloop
  endfacet
  facet normal -0.146581 0.989199 0
    outer loop
      vertex -34.6667 11.6164 6
      vertex -34.3367 11.6653 0
      vertex -34.6667 11.6164 0
    endloop
  endfacet
  facet normal -0.941531 -0.336925 0
    outer loop
      vertex -31.7464 15.987 0
      vertex -31.8588 16.3011 6
      vertex -31.8588 16.3011 0
    endloop
  endfacet
  facet normal -0.941531 -0.336925 0
    outer loop
      vertex -31.8588 16.3011 6
      vertex -31.7464 15.987 0
      vertex -31.7464 15.987 6
    endloop
  endfacet
  facet normal -0.857784 0.514011 0
    outer loop
      vertex -32.173 13.1111 0
      vertex -32.0015 13.3973 6
      vertex -32.0015 13.3973 0
    endloop
  endfacet
  facet normal -0.857784 0.514011 0
    outer loop
      vertex -32.0015 13.3973 6
      vertex -32.173 13.1111 0
      vertex -32.173 13.1111 6
    endloop
  endfacet
  facet normal 0.998792 0.0491455 0
    outer loop
      vertex -38.3836 14.6667 6
      vertex -38.4 15 0
      vertex -38.4 15 6
    endloop
  endfacet
  facet normal 0.998792 0.0491455 0
    outer loop
      vertex -38.4 15 0
      vertex -38.3836 14.6667 6
      vertex -38.3836 14.6667 0
    endloop
  endfacet
  facet normal -0.941531 0.336925 0
    outer loop
      vertex -31.8588 13.6989 0
      vertex -31.7464 14.013 6
      vertex -31.7464 14.013 0
    endloop
  endfacet
  facet normal -0.941531 0.336925 0
    outer loop
      vertex -31.7464 14.013 6
      vertex -31.8588 13.6989 0
      vertex -31.8588 13.6989 6
    endloop
  endfacet
  facet normal -0.741159 -0.671329 0
    outer loop
      vertex -32.3718 17.1569 0
      vertex -32.5958 17.4042 6
      vertex -32.5958 17.4042 0
    endloop
  endfacet
  facet normal -0.741159 -0.671329 0
    outer loop
      vertex -32.5958 17.4042 6
      vertex -32.3718 17.1569 0
      vertex -32.3718 17.1569 6
    endloop
  endfacet
  facet normal -0.0491455 -0.998792 0
    outer loop
      vertex -35 18.4 0
      vertex -34.6667 18.3836 6
      vertex -35 18.4 6
    endloop
  endfacet
  facet normal -0.0491455 -0.998792 -0
    outer loop
      vertex -34.6667 18.3836 6
      vertex -35 18.4 0
      vertex -34.6667 18.3836 0
    endloop
  endfacet
  facet normal -0.903927 -0.427687 0
    outer loop
      vertex -31.8588 16.3011 0
      vertex -32.0015 16.6027 6
      vertex -32.0015 16.6027 0
    endloop
  endfacet
  facet normal -0.903927 -0.427687 0
    outer loop
      vertex -32.0015 16.6027 6
      vertex -31.8588 16.3011 0
      vertex -31.8588 16.3011 6
    endloop
  endfacet
  facet normal 0.146581 0.989199 -0
    outer loop
      vertex -35.3333 11.6164 0
      vertex -35.6633 11.6653 6
      vertex -35.3333 11.6164 6
    endloop
  endfacet
  facet normal 0.146581 0.989199 0
    outer loop
      vertex -35.6633 11.6653 6
      vertex -35.3333 11.6164 0
      vertex -35.6633 11.6653 0
    endloop
  endfacet
  facet normal -0.671329 0.741159 0
    outer loop
      vertex -32.5958 12.5958 0
      vertex -32.8431 12.3718 6
      vertex -32.5958 12.5958 6
    endloop
  endfacet
  facet normal -0.671329 0.741159 0
    outer loop
      vertex -32.8431 12.3718 6
      vertex -32.5958 12.5958 0
      vertex -32.8431 12.3718 0
    endloop
  endfacet
  facet normal -0.857784 -0.514011 0
    outer loop
      vertex -32.0015 16.6027 0
      vertex -32.173 16.8889 6
      vertex -32.173 16.8889 0
    endloop
  endfacet
  facet normal -0.857784 -0.514011 0
    outer loop
      vertex -32.173 16.8889 6
      vertex -32.0015 16.6027 0
      vertex -32.0015 16.6027 6
    endloop
  endfacet
  facet normal 0.0491455 0.998792 -0
    outer loop
      vertex -35 11.6 0
      vertex -35.3333 11.6164 6
      vertex -35 11.6 6
    endloop
  endfacet
  facet normal 0.0491455 0.998792 0
    outer loop
      vertex -35.3333 11.6164 6
      vertex -35 11.6 0
      vertex -35.3333 11.6164 0
    endloop
  endfacet
  facet normal 0.741159 -0.671329 0
    outer loop
      vertex -37.6282 17.1569 6
      vertex -37.4042 17.4042 0
      vertex -37.4042 17.4042 6
    endloop
  endfacet
  facet normal 0.741159 -0.671329 0
    outer loop
      vertex -37.4042 17.4042 0
      vertex -37.6282 17.1569 6
      vertex -37.6282 17.1569 0
    endloop
  endfacet
  facet normal 0.146581 -0.989199 0
    outer loop
      vertex -35.6633 18.3347 0
      vertex -35.3333 18.3836 6
      vertex -35.6633 18.3347 6
    endloop
  endfacet
  facet normal 0.146581 -0.989199 0
    outer loop
      vertex -35.3333 18.3836 6
      vertex -35.6633 18.3347 0
      vertex -35.3333 18.3836 0
    endloop
  endfacet
  facet normal 0.903927 -0.427687 0
    outer loop
      vertex -38.1412 16.3011 6
      vertex -37.9985 16.6027 0
      vertex -37.9985 16.6027 6
    endloop
  endfacet
  facet normal 0.903927 -0.427687 0
    outer loop
      vertex -37.9985 16.6027 0
      vertex -38.1412 16.3011 6
      vertex -38.1412 16.3011 0
    endloop
  endfacet
  facet normal 0.970019 -0.243029 0
    outer loop
      vertex -38.3347 15.6633 6
      vertex -38.2536 15.987 0
      vertex -38.2536 15.987 6
    endloop
  endfacet
  facet normal 0.970019 -0.243029 0
    outer loop
      vertex -38.2536 15.987 0
      vertex -38.3347 15.6633 6
      vertex -38.3347 15.6633 0
    endloop
  endfacet
  facet normal -0.243029 -0.970019 0
    outer loop
      vertex -34.3367 18.3347 0
      vertex -34.013 18.2536 6
      vertex -34.3367 18.3347 6
    endloop
  endfacet
  facet normal -0.243029 -0.970019 -0
    outer loop
      vertex -34.013 18.2536 6
      vertex -34.3367 18.3347 0
      vertex -34.013 18.2536 0
    endloop
  endfacet
  facet normal 0.970019 0.243029 0
    outer loop
      vertex -38.2536 14.013 6
      vertex -38.3347 14.3367 0
      vertex -38.3347 14.3367 6
    endloop
  endfacet
  facet normal 0.970019 0.243029 0
    outer loop
      vertex -38.3347 14.3367 0
      vertex -38.2536 14.013 6
      vertex -38.2536 14.013 0
    endloop
  endfacet
  facet normal 0.427687 0.903927 -0
    outer loop
      vertex -36.3011 11.8588 0
      vertex -36.6027 12.0015 6
      vertex -36.3011 11.8588 6
    endloop
  endfacet
  facet normal 0.427687 0.903927 0
    outer loop
      vertex -36.6027 12.0015 6
      vertex -36.3011 11.8588 0
      vertex -36.6027 12.0015 0
    endloop
  endfacet
  facet normal 0.741159 0.671329 0
    outer loop
      vertex -37.4042 12.5958 6
      vertex -37.6282 12.8431 0
      vertex -37.6282 12.8431 6
    endloop
  endfacet
  facet normal 0.741159 0.671329 0
    outer loop
      vertex -37.6282 12.8431 0
      vertex -37.4042 12.5958 6
      vertex -37.4042 12.5958 0
    endloop
  endfacet
  facet normal -0.427687 0.903927 0
    outer loop
      vertex -33.3973 12.0015 0
      vertex -33.6989 11.8588 6
      vertex -33.3973 12.0015 6
    endloop
  endfacet
  facet normal -0.427687 0.903927 0
    outer loop
      vertex -33.6989 11.8588 6
      vertex -33.3973 12.0015 0
      vertex -33.6989 11.8588 0
    endloop
  endfacet
  facet normal -0.0491455 0.998792 0
    outer loop
      vertex -34.6667 11.6164 0
      vertex -35 11.6 6
      vertex -34.6667 11.6164 6
    endloop
  endfacet
  facet normal -0.0491455 0.998792 0
    outer loop
      vertex -35 11.6 6
      vertex -34.6667 11.6164 0
      vertex -35 11.6 0
    endloop
  endfacet
  facet normal 0.989199 0.146581 0
    outer loop
      vertex -38.3347 14.3367 6
      vertex -38.3836 14.6667 0
      vertex -38.3836 14.6667 6
    endloop
  endfacet
  facet normal 0.989199 0.146581 0
    outer loop
      vertex -38.3836 14.6667 0
      vertex -38.3347 14.3367 6
      vertex -38.3347 14.3367 0
    endloop
  endfacet
  facet normal -0.595772 0.803154 0
    outer loop
      vertex -32.8431 12.3718 0
      vertex -33.1111 12.173 6
      vertex -32.8431 12.3718 6
    endloop
  endfacet
  facet normal -0.595772 0.803154 0
    outer loop
      vertex -33.1111 12.173 6
      vertex -32.8431 12.3718 0
      vertex -33.1111 12.173 0
    endloop
  endfacet
  facet normal 0.803154 0.595772 0
    outer loop
      vertex -37.6282 12.8431 6
      vertex -37.827 13.1111 0
      vertex -37.827 13.1111 6
    endloop
  endfacet
  facet normal 0.803154 0.595772 0
    outer loop
      vertex -37.827 13.1111 0
      vertex -37.6282 12.8431 6
      vertex -37.6282 12.8431 0
    endloop
  endfacet
  facet normal 0.998792 -0.0491455 0
    outer loop
      vertex -38.4 15 6
      vertex -38.3836 15.3333 0
      vertex -38.3836 15.3333 6
    endloop
  endfacet
  facet normal 0.998792 -0.0491455 0
    outer loop
      vertex -38.3836 15.3333 0
      vertex -38.4 15 6
      vertex -38.4 15 0
    endloop
  endfacet
  facet normal -0.741159 0.671329 0
    outer loop
      vertex -32.5958 12.5958 0
      vertex -32.3718 12.8431 6
      vertex -32.3718 12.8431 0
    endloop
  endfacet
  facet normal -0.741159 0.671329 0
    outer loop
      vertex -32.3718 12.8431 6
      vertex -32.5958 12.5958 0
      vertex -32.5958 12.5958 6
    endloop
  endfacet
  facet normal -0.499996 0.866028 0
    outer loop
      vertex -29.25 11.6802 6
      vertex -35 8.36047 12
      vertex -29.25 11.6802 12
    endloop
  endfacet
  facet normal -0.499996 0.866028 0
    outer loop
      vertex -35 8.36047 12
      vertex -29.25 11.6802 6
      vertex -35 8.36047 6
    endloop
  endfacet
  facet normal -1 0 0
    outer loop
      vertex -29.25 11.6802 6
      vertex -29.25 30 12
      vertex -29.25 30 6
    endloop
  endfacet
  facet normal -1 -0 0
    outer loop
      vertex -29.25 30 12
      vertex -29.25 11.6802 6
      vertex -29.25 11.6802 12
    endloop
  endfacet
  facet normal 1 -0 0
    outer loop
      vertex -40.75 11.6802 12
      vertex -40.75 30 6
      vertex -40.75 30 12
    endloop
  endfacet
  facet normal 1 0 0
    outer loop
      vertex -40.75 30 6
      vertex -40.75 11.6802 12
      vertex -40.75 11.6802 6
    endloop
  endfacet
  facet normal 0.499996 0.866028 -0
    outer loop
      vertex -35 8.36047 6
      vertex -40.75 11.6802 12
      vertex -35 8.36047 12
    endloop
  endfacet
  facet normal 0.499996 0.866028 0
    outer loop
      vertex -40.75 11.6802 12
      vertex -35 8.36047 6
      vertex -40.75 11.6802 6
    endloop
  endfacet
  facet normal 0 0 -1
    outer loop
      vertex -40.75 11.6802 12
      vertex -29.25 11.6802 12
      vertex -35 8.36047 12
    endloop
  endfacet
  facet normal 0 0 -1
    outer loop
      vertex -29.25 11.6802 12
      vertex -40.75 11.6802 12
      vertex -29.25 30 12
    endloop
  endfacet
  facet normal -0 0 -1
    outer loop
      vertex -29.25 30 12
      vertex -40.75 11.6802 12
      vertex -40.75 30 12
    endloop
  endfacet
  facet normal -0 0 1
    outer loop
      vertex -31.7464 15.987 6
      vertex -29.25 11.6802 6
      vertex -29.25 30 6
    endloop
  endfacet
  facet normal 0 0 1
    outer loop
      vertex -29.25 11.6802 6
      vertex -31.6164 15.3333 6
      vertex -31.6 15 6
    endloop
  endfacet
  facet normal 0 0 1
    outer loop
      vertex -29.25 11.6802 6
      vertex -31.6653 15.6633 6
      vertex -31.6164 15.3333 6
    endloop
  endfacet
  facet normal 0 0 1
    outer loop
      vertex -29.25 11.6802 6
      vertex -31.7464 15.987 6
      vertex -31.6653 15.6633 6
    endloop
  endfacet
  facet normal 0 0 1
    outer loop
      vertex -29.25 30 6
      vertex -31.8588 16.3011 6
      vertex -31.7464 15.987 6
    endloop
  endfacet
  facet normal 0 0 1
    outer loop
      vertex -29.25 30 6
      vertex -32.0015 16.6027 6
      vertex -31.8588 16.3011 6
    endloop
  endfacet
  facet normal 0 0 1
    outer loop
      vertex -29.25 30 6
      vertex -32.173 16.8889 6
      vertex -32.0015 16.6027 6
    endloop
  endfacet
  facet normal 0 0 1
    outer loop
      vertex -29.25 30 6
      vertex -32.3718 17.1569 6
      vertex -32.173 16.8889 6
    endloop
  endfacet
  facet normal 0 0 1
    outer loop
      vertex -29.25 30 6
      vertex -32.5958 17.4042 6
      vertex -32.3718 17.1569 6
    endloop
  endfacet
  facet normal 0 0 1
    outer loop
      vertex -29.25 30 6
      vertex -32.8431 17.6282 6
      vertex -32.5958 17.4042 6
    endloop
  endfacet
  facet normal 0 0 1
    outer loop
      vertex -29.25 30 6
      vertex -33.1111 17.827 6
      vertex -32.8431 17.6282 6
    endloop
  endfacet
  facet normal 0 0 1
    outer loop
      vertex -29.25 30 6
      vertex -33.3973 17.9985 6
      vertex -33.1111 17.827 6
    endloop
  endfacet
  facet normal 0 0 1
    outer loop
      vertex -29.25 30 6
      vertex -33.6989 18.1412 6
      vertex -33.3973 17.9985 6
    endloop
  endfacet
  facet normal 0 0 1
    outer loop
      vertex -29.25 30 6
      vertex -34.013 18.2536 6
      vertex -33.6989 18.1412 6
    endloop
  endfacet
  facet normal 0 0 1
    outer loop
      vertex -29.25 30 6
      vertex -34.3367 18.3347 6
      vertex -34.013 18.2536 6
    endloop
  endfacet
  facet normal 0 0 1
    outer loop
      vertex -29.25 30 6
      vertex -34.6667 18.3836 6
      vertex -34.3367 18.3347 6
    endloop
  endfacet
  facet normal 0 0 1
    outer loop
      vertex -29.25 30 6
      vertex -35 18.4 6
      vertex -34.6667 18.3836 6
    endloop
  endfacet
  facet normal -0 0 1
    outer loop
      vertex -40.75 30 6
      vertex -35 18.4 6
      vertex -29.25 30 6
    endloop
  endfacet
  facet normal 0 0 1
    outer loop
      vertex -35 18.4 6
      vertex -40.75 30 6
      vertex -35.3333 18.3836 6
    endloop
  endfacet
  facet normal 0 0 1
    outer loop
      vertex -35.3333 18.3836 6
      vertex -40.75 30 6
      vertex -35.6633 18.3347 6
    endloop
  endfacet
  facet normal 0 0 1
    outer loop
      vertex -35.6633 18.3347 6
      vertex -40.75 30 6
      vertex -35.987 18.2536 6
    endloop
  endfacet
  facet normal 0 0 1
    outer loop
      vertex -35.987 18.2536 6
      vertex -40.75 30 6
      vertex -36.3011 18.1412 6
    endloop
  endfacet
  facet normal 0 0 1
    outer loop
      vertex -36.3011 18.1412 6
      vertex -40.75 30 6
      vertex -36.6027 17.9985 6
    endloop
  endfacet
  facet normal 0 0 1
    outer loop
      vertex -36.6027 17.9985 6
      vertex -40.75 30 6
      vertex -36.8889 17.827 6
    endloop
  endfacet
  facet normal 0 0 1
    outer loop
      vertex -36.8889 17.827 6
      vertex -40.75 30 6
      vertex -37.1569 17.6282 6
    endloop
  endfacet
  facet normal 0 0 1
    outer loop
      vertex -37.1569 17.6282 6
      vertex -40.75 30 6
      vertex -37.4042 17.4042 6
    endloop
  endfacet
  facet normal 0 0 1
    outer loop
      vertex -37.4042 17.4042 6
      vertex -40.75 30 6
      vertex -37.6282 17.1569 6
    endloop
  endfacet
  facet normal 0 0 1
    outer loop
      vertex -38.3347 15.6633 6
      vertex -40.75 11.6802 6
      vertex -38.3836 15.3333 6
    endloop
  endfacet
  facet normal 0 0 1
    outer loop
      vertex -38.2536 15.987 6
      vertex -40.75 11.6802 6
      vertex -38.3347 15.6633 6
    endloop
  endfacet
  facet normal 0 0 1
    outer loop
      vertex -40.75 11.6802 6
      vertex -38.2536 15.987 6
      vertex -40.75 30 6
    endloop
  endfacet
  facet normal 0 0 1
    outer loop
      vertex -38.1412 16.3011 6
      vertex -40.75 30 6
      vertex -38.2536 15.987 6
    endloop
  endfacet
  facet normal 0 0 1
    outer loop
      vertex -37.9985 16.6027 6
      vertex -40.75 30 6
      vertex -38.1412 16.3011 6
    endloop
  endfacet
  facet normal 0 0 1
    outer loop
      vertex -37.827 16.8889 6
      vertex -40.75 30 6
      vertex -37.9985 16.6027 6
    endloop
  endfacet
  facet normal 0 0 1
    outer loop
      vertex -37.6282 17.1569 6
      vertex -40.75 30 6
      vertex -37.827 16.8889 6
    endloop
  endfacet
  facet normal -0 0 1
    outer loop
      vertex -31.6164 14.6667 6
      vertex -29.25 11.6802 6
      vertex -31.6 15 6
    endloop
  endfacet
  facet normal -0 0 1
    outer loop
      vertex -31.6653 14.3367 6
      vertex -29.25 11.6802 6
      vertex -31.6164 14.6667 6
    endloop
  endfacet
  facet normal -0 0 1
    outer loop
      vertex -31.7464 14.013 6
      vertex -29.25 11.6802 6
      vertex -31.6653 14.3367 6
    endloop
  endfacet
  facet normal -0 0 1
    outer loop
      vertex -31.8588 13.6989 6
      vertex -29.25 11.6802 6
      vertex -31.7464 14.013 6
    endloop
  endfacet
  facet normal -0 0 1
    outer loop
      vertex -32.0015 13.3973 6
      vertex -29.25 11.6802 6
      vertex -31.8588 13.6989 6
    endloop
  endfacet
  facet normal -0 0 1
    outer loop
      vertex -32.173 13.1111 6
      vertex -29.25 11.6802 6
      vertex -32.0015 13.3973 6
    endloop
  endfacet
  facet normal -0 0 1
    outer loop
      vertex -32.3718 12.8431 6
      vertex -29.25 11.6802 6
      vertex -32.173 13.1111 6
    endloop
  endfacet
  facet normal -0 0 1
    outer loop
      vertex -32.5958 12.5958 6
      vertex -29.25 11.6802 6
      vertex -32.3718 12.8431 6
    endloop
  endfacet
  facet normal -0 0 1
    outer loop
      vertex -32.8431 12.3718 6
      vertex -29.25 11.6802 6
      vertex -32.5958 12.5958 6
    endloop
  endfacet
  facet normal -0 0 1
    outer loop
      vertex -33.1111 12.173 6
      vertex -29.25 11.6802 6
      vertex -32.8431 12.3718 6
    endloop
  endfacet
  facet normal -0 0 1
    outer loop
      vertex -33.3973 12.0015 6
      vertex -29.25 11.6802 6
      vertex -33.1111 12.173 6
    endloop
  endfacet
  facet normal 0 0 1
    outer loop
      vertex -35 8.36047 6
      vertex -33.3973 12.0015 6
      vertex -33.6989 11.8588 6
    endloop
  endfacet
  facet normal 0 0 1
    outer loop
      vertex -35 8.36047 6
      vertex -33.6989 11.8588 6
      vertex -34.013 11.7464 6
    endloop
  endfacet
  facet normal 0 0 1
    outer loop
      vertex -35 8.36047 6
      vertex -34.013 11.7464 6
      vertex -34.3367 11.6653 6
    endloop
  endfacet
  facet normal 0 0 1
    outer loop
      vertex -35 8.36047 6
      vertex -34.3367 11.6653 6
      vertex -34.6667 11.6164 6
    endloop
  endfacet
  facet normal 0 0 1
    outer loop
      vertex -35 8.36047 6
      vertex -34.6667 11.6164 6
      vertex -35 11.6 6
    endloop
  endfacet
  facet normal 0 0 1
    outer loop
      vertex -33.3973 12.0015 6
      vertex -35 8.36047 6
      vertex -29.25 11.6802 6
    endloop
  endfacet
  facet normal 0 0 1
    outer loop
      vertex -35.3333 11.6164 6
      vertex -35 8.36047 6
      vertex -35 11.6 6
    endloop
  endfacet
  facet normal 0 0 1
    outer loop
      vertex -35.6633 11.6653 6
      vertex -35 8.36047 6
      vertex -35.3333 11.6164 6
    endloop
  endfacet
  facet normal 0 0 1
    outer loop
      vertex -35.987 11.7464 6
      vertex -35 8.36047 6
      vertex -35.6633 11.6653 6
    endloop
  endfacet
  facet normal 0 0 1
    outer loop
      vertex -36.3011 11.8588 6
      vertex -35 8.36047 6
      vertex -35.987 11.7464 6
    endloop
  endfacet
  facet normal 0 0 1
    outer loop
      vertex -36.6027 12.0015 6
      vertex -35 8.36047 6
      vertex -36.3011 11.8588 6
    endloop
  endfacet
  facet normal 0 0 1
    outer loop
      vertex -40.75 11.6802 6
      vertex -36.6027 12.0015 6
      vertex -36.8889 12.173 6
    endloop
  endfacet
  facet normal 0 0 1
    outer loop
      vertex -40.75 11.6802 6
      vertex -36.8889 12.173 6
      vertex -37.1569 12.3718 6
    endloop
  endfacet
  facet normal 0 0 1
    outer loop
      vertex -40.75 11.6802 6
      vertex -37.1569 12.3718 6
      vertex -37.4042 12.5958 6
    endloop
  endfacet
  facet normal 0 0 1
    outer loop
      vertex -40.75 11.6802 6
      vertex -37.4042 12.5958 6
      vertex -37.6282 12.8431 6
    endloop
  endfacet
  facet normal 0 0 1
    outer loop
      vertex -40.75 11.6802 6
      vertex -37.6282 12.8431 6
      vertex -37.827 13.1111 6
    endloop
  endfacet
  facet normal 0 0 1
    outer loop
      vertex -40.75 11.6802 6
      vertex -37.827 13.1111 6
      vertex -37.9985 13.3973 6
    endloop
  endfacet
  facet normal 0 0 1
    outer loop
      vertex -38.3836 15.3333 6
      vertex -40.75 11.6802 6
      vertex -38.4 15 6
    endloop
  endfacet
  facet normal 0 0 1
    outer loop
      vertex -38.4 15 6
      vertex -40.75 11.6802 6
      vertex -38.3836 14.6667 6
    endloop
  endfacet
  facet normal 0 0 1
    outer loop
      vertex -36.6027 12.0015 6
      vertex -40.75 11.6802 6
      vertex -35 8.36047 6
    endloop
  endfacet
  facet normal 0 0 1
    outer loop
      vertex -38.1412 13.6989 6
      vertex -40.75 11.6802 6
      vertex -37.9985 13.3973 6
    endloop
  endfacet
  facet normal 0 0 1
    outer loop
      vertex -38.2536 14.013 6
      vertex -40.75 11.6802 6
      vertex -38.1412 13.6989 6
    endloop
  endfacet
  facet normal 0 0 1
    outer loop
      vertex -38.3347 14.3367 6
      vertex -40.75 11.6802 6
      vertex -38.2536 14.013 6
    endloop
  endfacet
  facet normal 0 0 1
    outer loop
      vertex -38.3836 14.6667 6
      vertex -40.75 11.6802 6
      vertex -38.3347 14.3367 6
    endloop
  endfacet
  facet normal 0.336925 0.941531 -0
    outer loop
      vertex 34.013 11.7464 0
      vertex 33.6989 11.8588 6
      vertex 34.013 11.7464 6
    endloop
  endfacet
  facet normal 0.336925 0.941531 0
    outer loop
      vertex 33.6989 11.8588 6
      vertex 34.013 11.7464 0
      vertex 33.6989 11.8588 0
    endloop
  endfacet
  facet normal -0.989199 -0.146581 0
    outer loop
      vertex 38.3836 15.3333 0
      vertex 38.3347 15.6633 6
      vertex 38.3347 15.6633 0
    endloop
  endfacet
  facet normal -0.989199 -0.146581 0
    outer loop
      vertex 38.3347 15.6633 6
      vertex 38.3836 15.3333 0
      vertex 38.3836 15.3333 6
    endloop
  endfacet
  facet normal -0.998792 -0.0491455 0
    outer loop
      vertex 38.4 15 0
      vertex 38.3836 15.3333 6
      vertex 38.3836 15.3333 0
    endloop
  endfacet
  facet normal -0.998792 -0.0491455 0
    outer loop
      vertex 38.3836 15.3333 6
      vertex 38.4 15 0
      vertex 38.4 15 6
    endloop
  endfacet
  facet normal -0.970019 -0.243029 0
    outer loop
      vertex 38.3347 15.6633 0
      vertex 38.2536 15.987 6
      vertex 38.2536 15.987 0
    endloop
  endfacet
  facet normal -0.970019 -0.243029 0
    outer loop
      vertex 38.2536 15.987 6
      vertex 38.3347 15.6633 0
      vertex 38.3347 15.6633 6
    endloop
  endfacet
  facet normal 0.989199 -0.146581 0
    outer loop
      vertex 31.6164 15.3333 6
      vertex 31.6653 15.6633 0
      vertex 31.6653 15.6633 6
    endloop
  endfacet
  facet normal 0.989199 -0.146581 0
    outer loop
      vertex 31.6653 15.6633 0
      vertex 31.6164 15.3333 6
      vertex 31.6164 15.3333 0
    endloop
  endfacet
  facet normal 0.243029 0.970019 -0
    outer loop
      vertex 34.3367 11.6653 0
      vertex 34.013 11.7464 6
      vertex 34.3367 11.6653 6
    endloop
  endfacet
  facet normal 0.243029 0.970019 0
    outer loop
      vertex 34.013 11.7464 6
      vertex 34.3367 11.6653 0
      vertex 34.013 11.7464 0
    endloop
  endfacet
  facet normal -0.336925 -0.941531 0
    outer loop
      vertex 35.987 18.2536 0
      vertex 36.3011 18.1412 6
      vertex 35.987 18.2536 6
    endloop
  endfacet
  facet normal -0.336925 -0.941531 -0
    outer loop
      vertex 36.3011 18.1412 6
      vertex 35.987 18.2536 0
      vertex 36.3011 18.1412 0
    endloop
  endfacet
  facet normal 0.514011 -0.857784 0
    outer loop
      vertex 33.1111 17.827 0
      vertex 33.3973 17.9985 6
      vertex 33.1111 17.827 6
    endloop
  endfacet
  facet normal 0.514011 -0.857784 0
    outer loop
      vertex 33.3973 17.9985 6
      vertex 33.1111 17.827 0
      vertex 33.3973 17.9985 0
    endloop
  endfacet
  facet normal 0.903927 0.427687 0
    outer loop
      vertex 32.0015 13.3973 6
      vertex 31.8588 13.6989 0
      vertex 31.8588 13.6989 6
    endloop
  endfacet
  facet normal 0.903927 0.427687 0
    outer loop
      vertex 31.8588 13.6989 0
      vertex 32.0015 13.3973 6
      vertex 32.0015 13.3973 0
    endloop
  endfacet
  facet normal 0.243029 -0.970019 0
    outer loop
      vertex 34.013 18.2536 0
      vertex 34.3367 18.3347 6
      vertex 34.013 18.2536 6
    endloop
  endfacet
  facet normal 0.243029 -0.970019 0
    outer loop
      vertex 34.3367 18.3347 6
      vertex 34.013 18.2536 0
      vertex 34.3367 18.3347 0
    endloop
  endfacet
  facet normal 0.857784 0.514011 0
    outer loop
      vertex 32.173 13.1111 6
      vertex 32.0015 13.3973 0
      vertex 32.0015 13.3973 6
    endloop
  endfacet
  facet normal 0.857784 0.514011 0
    outer loop
      vertex 32.0015 13.3973 0
      vertex 32.173 13.1111 6
      vertex 32.173 13.1111 0
    endloop
  endfacet
  facet normal -0.243029 0.970019 0
    outer loop
      vertex 35.987 11.7464 0
      vertex 35.6633 11.6653 6
      vertex 35.987 11.7464 6
    endloop
  endfacet
  facet normal -0.243029 0.970019 0
    outer loop
      vertex 35.6633 11.6653 6
      vertex 35.987 11.7464 0
      vertex 35.6633 11.6653 0
    endloop
  endfacet
  facet normal 0.595772 0.803154 -0
    outer loop
      vertex 33.1111 12.173 0
      vertex 32.8431 12.3718 6
      vertex 33.1111 12.173 6
    endloop
  endfacet
  facet normal 0.595772 0.803154 0
    outer loop
      vertex 32.8431 12.3718 6
      vertex 33.1111 12.173 0
      vertex 32.8431 12.3718 0
    endloop
  endfacet
  facet normal -0.514011 0.857784 0
    outer loop
      vertex 36.8889 12.173 0
      vertex 36.6027 12.0015 6
      vertex 36.8889 12.173 6
    endloop
  endfacet
  facet normal -0.514011 0.857784 0
    outer loop
      vertex 36.6027 12.0015 6
      vertex 36.8889 12.173 0
      vertex 36.6027 12.0015 0
    endloop
  endfacet
  facet normal -0.803154 0.595772 0
    outer loop
      vertex 37.6282 12.8431 0
      vertex 37.827 13.1111 6
      vertex 37.827 13.1111 0
    endloop
  endfacet
  facet normal -0.803154 0.595772 0
    outer loop
      vertex 37.827 13.1111 6
      vertex 37.6282 12.8431 0
      vertex 37.6282 12.8431 6
    endloop
  endfacet
  facet normal -0.146581 -0.989199 0
    outer loop
      vertex 35.3333 18.3836 0
      vertex 35.6633 18.3347 6
      vertex 35.3333 18.3836 6
    endloop
  endfacet
  facet normal -0.146581 -0.989199 -0
    outer loop
      vertex 35.6633 18.3347 6
      vertex 35.3333 18.3836 0
      vertex 35.6633 18.3347 0
    endloop
  endfacet
  facet normal 0.595772 -0.803154 0
    outer loop
      vertex 32.8431 17.6282 0
      vertex 33.1111 17.827 6
      vertex 32.8431 17.6282 6
    endloop
  endfacet
  facet normal 0.595772 -0.803154 0
    outer loop
      vertex 33.1111 17.827 6
      vertex 32.8431 17.6282 0
      vertex 33.1111 17.827 0
    endloop
  endfacet
  facet normal 0.803154 -0.595772 0
    outer loop
      vertex 32.173 16.8889 6
      vertex 32.3718 17.1569 0
      vertex 32.3718 17.1569 6
    endloop
  endfacet
  facet normal 0.803154 -0.595772 0
    outer loop
      vertex 32.3718 17.1569 0
      vertex 32.173 16.8889 6
      vertex 32.173 16.8889 0
    endloop
  endfacet
  facet normal -0.989199 0.146581 0
    outer loop
      vertex 38.3347 14.3367 0
      vertex 38.3836 14.6667 6
      vertex 38.3836 14.6667 0
    endloop
  endfacet
  facet normal -0.989199 0.146581 0
    outer loop
      vertex 38.3836 14.6667 6
      vertex 38.3347 14.3367 0
      vertex 38.3347 14.3367 6
    endloop
  endfacet
  facet normal 0.941531 -0.336925 0
    outer loop
      vertex 31.7464 15.987 6
      vertex 31.8588 16.3011 0
      vertex 31.8588 16.3011 6
    endloop
  endfacet
  facet normal 0.941531 -0.336925 0
    outer loop
      vertex 31.8588 16.3011 0
      vertex 31.7464 15.987 6
      vertex 31.7464 15.987 0
    endloop
  endfacet
  facet normal -0.427687 -0.903927 0
    outer loop
      vertex 36.3011 18.1412 0
      vertex 36.6027 17.9985 6
      vertex 36.3011 18.1412 6
    endloop
  endfacet
  facet normal -0.427687 -0.903927 -0
    outer loop
      vertex 36.6027 17.9985 6
      vertex 36.3011 18.1412 0
      vertex 36.6027 17.9985 0
    endloop
  endfacet
  facet normal 0.941531 0.336925 0
    outer loop
      vertex 31.8588 13.6989 6
      vertex 31.7464 14.013 0
      vertex 31.7464 14.013 6
    endloop
  endfacet
  facet normal 0.941531 0.336925 0
    outer loop
      vertex 31.7464 14.013 0
      vertex 31.8588 13.6989 6
      vertex 31.8588 13.6989 0
    endloop
  endfacet
  facet normal -0.970019 0.243029 0
    outer loop
      vertex 38.2536 14.013 0
      vertex 38.3347 14.3367 6
      vertex 38.3347 14.3367 0
    endloop
  endfacet
  facet normal -0.970019 0.243029 0
    outer loop
      vertex 38.3347 14.3367 6
      vertex 38.2536 14.013 0
      vertex 38.2536 14.013 6
    endloop
  endfacet
  facet normal 0.0491455 -0.998792 0
    outer loop
      vertex 34.6667 18.3836 0
      vertex 35 18.4 6
      vertex 34.6667 18.3836 6
    endloop
  endfacet
  facet normal 0.0491455 -0.998792 0
    outer loop
      vertex 35 18.4 6
      vertex 34.6667 18.3836 0
      vertex 35 18.4 0
    endloop
  endfacet
  facet normal -0.671329 -0.741159 0
    outer loop
      vertex 37.1569 17.6282 0
      vertex 37.4042 17.4042 6
      vertex 37.1569 17.6282 6
    endloop
  endfacet
  facet normal -0.671329 -0.741159 -0
    outer loop
      vertex 37.4042 17.4042 6
      vertex 37.1569 17.6282 0
      vertex 37.4042 17.4042 0
    endloop
  endfacet
  facet normal 0.427687 -0.903927 0
    outer loop
      vertex 33.3973 17.9985 0
      vertex 33.6989 18.1412 6
      vertex 33.3973 17.9985 6
    endloop
  endfacet
  facet normal 0.427687 -0.903927 0
    outer loop
      vertex 33.6989 18.1412 6
      vertex 33.3973 17.9985 0
      vertex 33.6989 18.1412 0
    endloop
  endfacet
  facet normal 0.671329 -0.741159 0
    outer loop
      vertex 32.5958 17.4042 0
      vertex 32.8431 17.6282 6
      vertex 32.5958 17.4042 6
    endloop
  endfacet
  facet normal 0.671329 -0.741159 0
    outer loop
      vertex 32.8431 17.6282 6
      vertex 32.5958 17.4042 0
      vertex 32.8431 17.6282 0
    endloop
  endfacet
  facet normal -0.336925 0.941531 0
    outer loop
      vertex 36.3011 11.8588 0
      vertex 35.987 11.7464 6
      vertex 36.3011 11.8588 6
    endloop
  endfacet
  facet normal -0.336925 0.941531 0
    outer loop
      vertex 35.987 11.7464 6
      vertex 36.3011 11.8588 0
      vertex 35.987 11.7464 0
    endloop
  endfacet
  facet normal 0.336925 -0.941531 0
    outer loop
      vertex 33.6989 18.1412 0
      vertex 34.013 18.2536 6
      vertex 33.6989 18.1412 6
    endloop
  endfacet
  facet normal 0.336925 -0.941531 0
    outer loop
      vertex 34.013 18.2536 6
      vertex 33.6989 18.1412 0
      vertex 34.013 18.2536 0
    endloop
  endfacet
  facet normal -0.803154 -0.595772 0
    outer loop
      vertex 37.827 16.8889 0
      vertex 37.6282 17.1569 6
      vertex 37.6282 17.1569 0
    endloop
  endfacet
  facet normal -0.803154 -0.595772 0
    outer loop
      vertex 37.6282 17.1569 6
      vertex 37.827 16.8889 0
      vertex 37.827 16.8889 6
    endloop
  endfacet
  facet normal 0.857784 -0.514011 0
    outer loop
      vertex 32.0015 16.6027 6
      vertex 32.173 16.8889 0
      vertex 32.173 16.8889 6
    endloop
  endfacet
  facet normal 0.857784 -0.514011 0
    outer loop
      vertex 32.173 16.8889 0
      vertex 32.0015 16.6027 6
      vertex 32.0015 16.6027 0
    endloop
  endfacet
  facet normal -0.998792 0.0491455 0
    outer loop
      vertex 38.3836 14.6667 0
      vertex 38.4 15 6
      vertex 38.4 15 0
    endloop
  endfacet
  facet normal -0.998792 0.0491455 0
    outer loop
      vertex 38.4 15 6
      vertex 38.3836 14.6667 0
      vertex 38.3836 14.6667 6
    endloop
  endfacet
  facet normal -0.903927 0.427687 0
    outer loop
      vertex 37.9985 13.3973 0
      vertex 38.1412 13.6989 6
      vertex 38.1412 13.6989 0
    endloop
  endfacet
  facet normal -0.903927 0.427687 0
    outer loop
      vertex 38.1412 13.6989 6
      vertex 37.9985 13.3973 0
      vertex 37.9985 13.3973 6
    endloop
  endfacet
  facet normal -0.857784 -0.514011 0
    outer loop
      vertex 37.9985 16.6027 0
      vertex 37.827 16.8889 6
      vertex 37.827 16.8889 0
    endloop
  endfacet
  facet normal -0.857784 -0.514011 0
    outer loop
      vertex 37.827 16.8889 6
      vertex 37.9985 16.6027 0
      vertex 37.9985 16.6027 6
    endloop
  endfacet
  facet normal 0.671329 0.741159 -0
    outer loop
      vertex 32.8431 12.3718 0
      vertex 32.5958 12.5958 6
      vertex 32.8431 12.3718 6
    endloop
  endfacet
  facet normal 0.671329 0.741159 0
    outer loop
      vertex 32.5958 12.5958 6
      vertex 32.8431 12.3718 0
      vertex 32.5958 12.5958 0
    endloop
  endfacet
  facet normal -0.595772 -0.803154 0
    outer loop
      vertex 36.8889 17.827 0
      vertex 37.1569 17.6282 6
      vertex 36.8889 17.827 6
    endloop
  endfacet
  facet normal -0.595772 -0.803154 -0
    outer loop
      vertex 37.1569 17.6282 6
      vertex 36.8889 17.827 0
      vertex 37.1569 17.6282 0
    endloop
  endfacet
  facet normal 0.514011 0.857784 -0
    outer loop
      vertex 33.3973 12.0015 0
      vertex 33.1111 12.173 6
      vertex 33.3973 12.0015 6
    endloop
  endfacet
  facet normal 0.514011 0.857784 0
    outer loop
      vertex 33.1111 12.173 6
      vertex 33.3973 12.0015 0
      vertex 33.1111 12.173 0
    endloop
  endfacet
  facet normal -0.514011 -0.857784 0
    outer loop
      vertex 36.6027 17.9985 0
      vertex 36.8889 17.827 6
      vertex 36.6027 17.9985 6
    endloop
  endfacet
  facet normal -0.514011 -0.857784 -0
    outer loop
      vertex 36.8889 17.827 6
      vertex 36.6027 17.9985 0
      vertex 36.8889 17.827 0
    endloop
  endfacet
  facet normal -0.146581 0.989199 0
    outer loop
      vertex 35.6633 11.6653 0
      vertex 35.3333 11.6164 6
      vertex 35.6633 11.6653 6
    endloop
  endfacet
  facet normal -0.146581 0.989199 0
    outer loop
      vertex 35.3333 11.6164 6
      vertex 35.6633 11.6653 0
      vertex 35.3333 11.6164 0
    endloop
  endfacet
  facet normal -0.941531 -0.336925 0
    outer loop
      vertex 38.2536 15.987 0
      vertex 38.1412 16.3011 6
      vertex 38.1412 16.3011 0
    endloop
  endfacet
  facet normal -0.941531 -0.336925 0
    outer loop
      vertex 38.1412 16.3011 6
      vertex 38.2536 15.987 0
      vertex 38.2536 15.987 6
    endloop
  endfacet
  facet normal -0.857784 0.514011 0
    outer loop
      vertex 37.827 13.1111 0
      vertex 37.9985 13.3973 6
      vertex 37.9985 13.3973 0
    endloop
  endfacet
  facet normal -0.857784 0.514011 0
    outer loop
      vertex 37.9985 13.3973 6
      vertex 37.827 13.1111 0
      vertex 37.827 13.1111 6
    endloop
  endfacet
  facet normal 0.998792 0.0491455 0
    outer loop
      vertex 31.6164 14.6667 6
      vertex 31.6 15 0
      vertex 31.6 15 6
    endloop
  endfacet
  facet normal 0.998792 0.0491455 0
    outer loop
      vertex 31.6 15 0
      vertex 31.6164 14.6667 6
      vertex 31.6164 14.6667 0
    endloop
  endfacet
  facet normal -0.941531 0.336925 0
    outer loop
      vertex 38.1412 13.6989 0
      vertex 38.2536 14.013 6
      vertex 38.2536 14.013 0
    endloop
  endfacet
  facet normal -0.941531 0.336925 0
    outer loop
      vertex 38.2536 14.013 6
      vertex 38.1412 13.6989 0
      vertex 38.1412 13.6989 6
    endloop
  endfacet
  facet normal -0.741159 -0.671329 0
    outer loop
      vertex 37.6282 17.1569 0
      vertex 37.4042 17.4042 6
      vertex 37.4042 17.4042 0
    endloop
  endfacet
  facet normal -0.741159 -0.671329 0
    outer loop
      vertex 37.4042 17.4042 6
      vertex 37.6282 17.1569 0
      vertex 37.6282 17.1569 6
    endloop
  endfacet
  facet normal -0.0491455 -0.998792 0
    outer loop
      vertex 35 18.4 0
      vertex 35.3333 18.3836 6
      vertex 35 18.4 6
    endloop
  endfacet
  facet normal -0.0491455 -0.998792 -0
    outer loop
      vertex 35.3333 18.3836 6
      vertex 35 18.4 0
      vertex 35.3333 18.3836 0
    endloop
  endfacet
  facet normal -0.903927 -0.427687 0
    outer loop
      vertex 38.1412 16.3011 0
      vertex 37.9985 16.6027 6
      vertex 37.9985 16.6027 0
    endloop
  endfacet
  facet normal -0.903927 -0.427687 0
    outer loop
      vertex 37.9985 16.6027 6
      vertex 38.1412 16.3011 0
      vertex 38.1412 16.3011 6
    endloop
  endfacet
  facet normal 0.146581 0.989199 -0
    outer loop
      vertex 34.6667 11.6164 0
      vertex 34.3367 11.6653 6
      vertex 34.6667 11.6164 6
    endloop
  endfacet
  facet normal 0.146581 0.989199 0
    outer loop
      vertex 34.3367 11.6653 6
      vertex 34.6667 11.6164 0
      vertex 34.3367 11.6653 0
    endloop
  endfacet
  facet normal -0.671329 0.741159 0
    outer loop
      vertex 37.4042 12.5958 0
      vertex 37.1569 12.3718 6
      vertex 37.4042 12.5958 6
    endloop
  endfacet
  facet normal -0.671329 0.741159 0
    outer loop
      vertex 37.1569 12.3718 6
      vertex 37.4042 12.5958 0
      vertex 37.1569 12.3718 0
    endloop
  endfacet
  facet normal 0.0491455 0.998792 -0
    outer loop
      vertex 35 11.6 0
      vertex 34.6667 11.6164 6
      vertex 35 11.6 6
    endloop
  endfacet
  facet normal 0.0491455 0.998792 0
    outer loop
      vertex 34.6667 11.6164 6
      vertex 35 11.6 0
      vertex 34.6667 11.6164 0
    endloop
  endfacet
  facet normal 0.741159 -0.671329 0
    outer loop
      vertex 32.3718 17.1569 6
      vertex 32.5958 17.4042 0
      vertex 32.5958 17.4042 6
    endloop
  endfacet
  facet normal 0.741159 -0.671329 0
    outer loop
      vertex 32.5958 17.4042 0
      vertex 32.3718 17.1569 6
      vertex 32.3718 17.1569 0
    endloop
  endfacet
  facet normal 0.146581 -0.989199 0
    outer loop
      vertex 34.3367 18.3347 0
      vertex 34.6667 18.3836 6
      vertex 34.3367 18.3347 6
    endloop
  endfacet
  facet normal 0.146581 -0.989199 0
    outer loop
      vertex 34.6667 18.3836 6
      vertex 34.3367 18.3347 0
      vertex 34.6667 18.3836 0
    endloop
  endfacet
  facet normal 0.903927 -0.427687 0
    outer loop
      vertex 31.8588 16.3011 6
      vertex 32.0015 16.6027 0
      vertex 32.0015 16.6027 6
    endloop
  endfacet
  facet normal 0.903927 -0.427687 0
    outer loop
      vertex 32.0015 16.6027 0
      vertex 31.8588 16.3011 6
      vertex 31.8588 16.3011 0
    endloop
  endfacet
  facet normal 0.970019 -0.243029 0
    outer loop
      vertex 31.6653 15.6633 6
      vertex 31.7464 15.987 0
      vertex 31.7464 15.987 6
    endloop
  endfacet
  facet normal 0.970019 -0.243029 0
    outer loop
      vertex 31.7464 15.987 0
      vertex 31.6653 15.6633 6
      vertex 31.6653 15.6633 0
    endloop
  endfacet
  facet normal -0.243029 -0.970019 0
    outer loop
      vertex 35.6633 18.3347 0
      vertex 35.987 18.2536 6
      vertex 35.6633 18.3347 6
    endloop
  endfacet
  facet normal -0.243029 -0.970019 -0
    outer loop
      vertex 35.987 18.2536 6
      vertex 35.6633 18.3347 0
      vertex 35.987 18.2536 0
    endloop
  endfacet
  facet normal 0.970019 0.243029 0
    outer loop
      vertex 31.7464 14.013 6
      vertex 31.6653 14.3367 0
      vertex 31.6653 14.3367 6
    endloop
  endfacet
  facet normal 0.970019 0.243029 0
    outer loop
      vertex 31.6653 14.3367 0
      vertex 31.7464 14.013 6
      vertex 31.7464 14.013 0
    endloop
  endfacet
  facet normal 0.427687 0.903927 -0
    outer loop
      vertex 33.6989 11.8588 0
      vertex 33.3973 12.0015 6
      vertex 33.6989 11.8588 6
    endloop
  endfacet
  facet normal 0.427687 0.903927 0
    outer loop
      vertex 33.3973 12.0015 6
      vertex 33.6989 11.8588 0
      vertex 33.3973 12.0015 0
    endloop
  endfacet
  facet normal 0.741159 0.671329 0
    outer loop
      vertex 32.5958 12.5958 6
      vertex 32.3718 12.8431 0
      vertex 32.3718 12.8431 6
    endloop
  endfacet
  facet normal 0.741159 0.671329 0
    outer loop
      vertex 32.3718 12.8431 0
      vertex 32.5958 12.5958 6
      vertex 32.5958 12.5958 0
    endloop
  endfacet
  facet normal -0.427687 0.903927 0
    outer loop
      vertex 36.6027 12.0015 0
      vertex 36.3011 11.8588 6
      vertex 36.6027 12.0015 6
    endloop
  endfacet
  facet normal -0.427687 0.903927 0
    outer loop
      vertex 36.3011 11.8588 6
      vertex 36.6027 12.0015 0
      vertex 36.3011 11.8588 0
    endloop
  endfacet
  facet normal -0.0491455 0.998792 0
    outer loop
      vertex 35.3333 11.6164 0
      vertex 35 11.6 6
      vertex 35.3333 11.6164 6
    endloop
  endfacet
  facet normal -0.0491455 0.998792 0
    outer loop
      vertex 35 11.6 6
      vertex 35.3333 11.6164 0
      vertex 35 11.6 0
    endloop
  endfacet
  facet normal 0.989199 0.146581 0
    outer loop
      vertex 31.6653 14.3367 6
      vertex 31.6164 14.6667 0
      vertex 31.6164 14.6667 6
    endloop
  endfacet
  facet normal 0.989199 0.146581 0
    outer loop
      vertex 31.6164 14.6667 0
      vertex 31.6653 14.3367 6
      vertex 31.6653 14.3367 0
    endloop
  endfacet
  facet normal -0.595772 0.803154 0
    outer loop
      vertex 37.1569 12.3718 0
      vertex 36.8889 12.173 6
      vertex 37.1569 12.3718 6
    endloop
  endfacet
  facet normal -0.595772 0.803154 0
    outer loop
      vertex 36.8889 12.173 6
      vertex 37.1569 12.3718 0
      vertex 36.8889 12.173 0
    endloop
  endfacet
  facet normal 0.803154 0.595772 0
    outer loop
      vertex 32.3718 12.8431 6
      vertex 32.173 13.1111 0
      vertex 32.173 13.1111 6
    endloop
  endfacet
  facet normal 0.803154 0.595772 0
    outer loop
      vertex 32.173 13.1111 0
      vertex 32.3718 12.8431 6
      vertex 32.3718 12.8431 0
    endloop
  endfacet
  facet normal 0.998792 -0.0491455 0
    outer loop
      vertex 31.6 15 6
      vertex 31.6164 15.3333 0
      vertex 31.6164 15.3333 6
    endloop
  endfacet
  facet normal 0.998792 -0.0491455 0
    outer loop
      vertex 31.6164 15.3333 0
      vertex 31.6 15 6
      vertex 31.6 15 0
    endloop
  endfacet
  facet normal -0.741159 0.671329 0
    outer loop
      vertex 37.4042 12.5958 0
      vertex 37.6282 12.8431 6
      vertex 37.6282 12.8431 0
    endloop
  endfacet
  facet normal -0.741159 0.671329 0
    outer loop
      vertex 37.6282 12.8431 6
      vertex 37.4042 12.5958 0
      vertex 37.4042 12.5958 6
    endloop
  endfacet
  facet normal -0.499996 0.866028 0
    outer loop
      vertex 40.75 11.6802 6
      vertex 35 8.36047 12
      vertex 40.75 11.6802 12
    endloop
  endfacet
  facet normal -0.499996 0.866028 0
    outer loop
      vertex 35 8.36047 12
      vertex 40.75 11.6802 6
      vertex 35 8.36047 6
    endloop
  endfacet
  facet normal -1 0 0
    outer loop
      vertex 40.75 11.6802 6
      vertex 40.75 30 12
      vertex 40.75 30 6
    endloop
  endfacet
  facet normal -1 -0 0
    outer loop
      vertex 40.75 30 12
      vertex 40.75 11.6802 6
      vertex 40.75 11.6802 12
    endloop
  endfacet
  facet normal 1 -0 0
    outer loop
      vertex 29.25 11.6802 12
      vertex 29.25 30 6
      vertex 29.25 30 12
    endloop
  endfacet
  facet normal 1 0 0
    outer loop
      vertex 29.25 30 6
      vertex 29.25 11.6802 12
      vertex 29.25 11.6802 6
    endloop
  endfacet
  facet normal 0.499996 0.866028 -0
    outer loop
      vertex 35 8.36047 6
      vertex 29.25 11.6802 12
      vertex 35 8.36047 12
    endloop
  endfacet
  facet normal 0.499996 0.866028 0
    outer loop
      vertex 29.25 11.6802 12
      vertex 35 8.36047 6
      vertex 29.25 11.6802 6
    endloop
  endfacet
  facet normal 0 0 -1
    outer loop
      vertex 29.25 11.6802 12
      vertex 40.75 11.6802 12
      vertex 35 8.36047 12
    endloop
  endfacet
  facet normal 0 0 -1
    outer loop
      vertex 40.75 11.6802 12
      vertex 29.25 11.6802 12
      vertex 40.75 30 12
    endloop
  endfacet
  facet normal -0 0 -1
    outer loop
      vertex 40.75 30 12
      vertex 29.25 11.6802 12
      vertex 29.25 30 12
    endloop
  endfacet
  facet normal -0 0 1
    outer loop
      vertex 38.2536 15.987 6
      vertex 40.75 11.6802 6
      vertex 40.75 30 6
    endloop
  endfacet
  facet normal 0 0 1
    outer loop
      vertex 40.75 11.6802 6
      vertex 38.3836 15.3333 6
      vertex 38.4 15 6
    endloop
  endfacet
  facet normal 0 0 1
    outer loop
      vertex 40.75 11.6802 6
      vertex 38.3347 15.6633 6
      vertex 38.3836 15.3333 6
    endloop
  endfacet
  facet normal 0 0 1
    outer loop
      vertex 40.75 11.6802 6
      vertex 38.2536 15.987 6
      vertex 38.3347 15.6633 6
    endloop
  endfacet
  facet normal 0 0 1
    outer loop
      vertex 40.75 30 6
      vertex 38.1412 16.3011 6
      vertex 38.2536 15.987 6
    endloop
  endfacet
  facet normal 0 0 1
    outer loop
      vertex 40.75 30 6
      vertex 37.9985 16.6027 6
      vertex 38.1412 16.3011 6
    endloop
  endfacet
  facet normal 0 0 1
    outer loop
      vertex 40.75 30 6
      vertex 37.827 16.8889 6
      vertex 37.9985 16.6027 6
    endloop
  endfacet
  facet normal 0 0 1
    outer loop
      vertex 40.75 30 6
      vertex 37.6282 17.1569 6
      vertex 37.827 16.8889 6
    endloop
  endfacet
  facet normal 0 0 1
    outer loop
      vertex 40.75 30 6
      vertex 37.4042 17.4042 6
      vertex 37.6282 17.1569 6
    endloop
  endfacet
  facet normal 0 0 1
    outer loop
      vertex 40.75 30 6
      vertex 37.1569 17.6282 6
      vertex 37.4042 17.4042 6
    endloop
  endfacet
  facet normal 0 0 1
    outer loop
      vertex 40.75 30 6
      vertex 36.8889 17.827 6
      vertex 37.1569 17.6282 6
    endloop
  endfacet
  facet normal 0 0 1
    outer loop
      vertex 40.75 30 6
      vertex 36.6027 17.9985 6
      vertex 36.8889 17.827 6
    endloop
  endfacet
  facet normal 0 0 1
    outer loop
      vertex 40.75 30 6
      vertex 36.3011 18.1412 6
      vertex 36.6027 17.9985 6
    endloop
  endfacet
  facet normal 0 0 1
    outer loop
      vertex 40.75 30 6
      vertex 35.987 18.2536 6
      vertex 36.3011 18.1412 6
    endloop
  endfacet
  facet normal 0 0 1
    outer loop
      vertex 40.75 30 6
      vertex 35.6633 18.3347 6
      vertex 35.987 18.2536 6
    endloop
  endfacet
  facet normal 0 0 1
    outer loop
      vertex 40.75 30 6
      vertex 35.3333 18.3836 6
      vertex 35.6633 18.3347 6
    endloop
  endfacet
  facet normal 0 0 1
    outer loop
      vertex 40.75 30 6
      vertex 35 18.4 6
      vertex 35.3333 18.3836 6
    endloop
  endfacet
  facet normal -0 0 1
    outer loop
      vertex 29.25 30 6
      vertex 35 18.4 6
      vertex 40.75 30 6
    endloop
  endfacet
  facet normal 0 0 1
    outer loop
      vertex 35 18.4 6
      vertex 29.25 30 6
      vertex 34.6667 18.3836 6
    endloop
  endfacet
  facet normal 0 0 1
    outer loop
      vertex 34.6667 18.3836 6
      vertex 29.25 30 6
      vertex 34.3367 18.3347 6
    endloop
  endfacet
  facet normal 0 0 1
    outer loop
      vertex 34.3367 18.3347 6
      vertex 29.25 30 6
      vertex 34.013 18.2536 6
    endloop
  endfacet
  facet normal 0 0 1
    outer loop
      vertex 34.013 18.2536 6
      vertex 29.25 30 6
      vertex 33.6989 18.1412 6
    endloop
  endfacet
  facet normal 0 0 1
    outer loop
      vertex 33.6989 18.1412 6
      vertex 29.25 30 6
      vertex 33.3973 17.9985 6
    endloop
  endfacet
  facet normal 0 0 1
    outer loop
      vertex 33.3973 17.9985 6
      vertex 29.25 30 6
      vertex 33.1111 17.827 6
    endloop
  endfacet
  facet normal 0 0 1
    outer loop
      vertex 33.1111 17.827 6
      vertex 29.25 30 6
      vertex 32.8431 17.6282 6
    endloop
  endfacet
  facet normal 0 0 1
    outer loop
      vertex 32.8431 17.6282 6
      vertex 29.25 30 6
      vertex 32.5958 17.4042 6
    endloop
  endfacet
  facet normal 0 0 1
    outer loop
      vertex 32.5958 17.4042 6
      vertex 29.25 30 6
      vertex 32.3718 17.1569 6
    endloop
  endfacet
  facet normal 0 0 1
    outer loop
      vertex 31.6653 15.6633 6
      vertex 29.25 11.6802 6
      vertex 31.6164 15.3333 6
    endloop
  endfacet
  facet normal 0 0 1
    outer loop
      vertex 31.7464 15.987 6
      vertex 29.25 11.6802 6
      vertex 31.6653 15.6633 6
    endloop
  endfacet
  facet normal 0 0 1
    outer loop
      vertex 29.25 11.6802 6
      vertex 31.7464 15.987 6
      vertex 29.25 30 6
    endloop
  endfacet
  facet normal 0 0 1
    outer loop
      vertex 31.8588 16.3011 6
      vertex 29.25 30 6
      vertex 31.7464 15.987 6
    endloop
  endfacet
  facet normal 0 0 1
    outer loop
      vertex 32.0015 16.6027 6
      vertex 29.25 30 6
      vertex 31.8588 16.3011 6
    endloop
  endfacet
  facet normal 0 0 1
    outer loop
      vertex 32.173 16.8889 6
      vertex 29.25 30 6
      vertex 32.0015 16.6027 6
    endloop
  endfacet
  facet normal 0 0 1
    outer loop
      vertex 32.3718 17.1569 6
      vertex 29.25 30 6
      vertex 32.173 16.8889 6
    endloop
  endfacet
  facet normal -0 0 1
    outer loop
      vertex 38.3836 14.6667 6
      vertex 40.75 11.6802 6
      vertex 38.4 15 6
    endloop
  endfacet
  facet normal -0 0 1
    outer loop
      vertex 38.3347 14.3367 6
      vertex 40.75 11.6802 6
      vertex 38.3836 14.6667 6
    endloop
  endfacet
  facet normal -0 0 1
    outer loop
      vertex 38.2536 14.013 6
      vertex 40.75 11.6802 6
      vertex 38.3347 14.3367 6
    endloop
  endfacet
  facet normal -0 0 1
    outer loop
      vertex 38.1412 13.6989 6
      vertex 40.75 11.6802 6
      vertex 38.2536 14.013 6
    endloop
  endfacet
  facet normal -0 0 1
    outer loop
      vertex 37.9985 13.3973 6
      vertex 40.75 11.6802 6
      vertex 38.1412 13.6989 6
    endloop
  endfacet
  facet normal -0 0 1
    outer loop
      vertex 37.827 13.1111 6
      vertex 40.75 11.6802 6
      vertex 37.9985 13.3973 6
    endloop
  endfacet
  facet normal -0 0 1
    outer loop
      vertex 37.6282 12.8431 6
      vertex 40.75 11.6802 6
      vertex 37.827 13.1111 6
    endloop
  endfacet
  facet normal -0 0 1
    outer loop
      vertex 37.4042 12.5958 6
      vertex 40.75 11.6802 6
      vertex 37.6282 12.8431 6
    endloop
  endfacet
  facet normal -0 0 1
    outer loop
      vertex 37.1569 12.3718 6
      vertex 40.75 11.6802 6
      vertex 37.4042 12.5958 6
    endloop
  endfacet
  facet normal -0 0 1
    outer loop
      vertex 36.8889 12.173 6
      vertex 40.75 11.6802 6
      vertex 37.1569 12.3718 6
    endloop
  endfacet
  facet normal -0 0 1
    outer loop
      vertex 36.6027 12.0015 6
      vertex 40.75 11.6802 6
      vertex 36.8889 12.173 6
    endloop
  endfacet
  facet normal 0 0 1
    outer loop
      vertex 35 8.36047 6
      vertex 36.6027 12.0015 6
      vertex 36.3011 11.8588 6
    endloop
  endfacet
  facet normal 0 0 1
    outer loop
      vertex 35 8.36047 6
      vertex 36.3011 11.8588 6
      vertex 35.987 11.7464 6
    endloop
  endfacet
  facet normal 0 0 1
    outer loop
      vertex 35 8.36047 6
      vertex 35.987 11.7464 6
      vertex 35.6633 11.6653 6
    endloop
  endfacet
  facet normal 0 0 1
    outer loop
      vertex 35 8.36047 6
      vertex 35.6633 11.6653 6
      vertex 35.3333 11.6164 6
    endloop
  endfacet
  facet normal 0 0 1
    outer loop
      vertex 35 8.36047 6
      vertex 35.3333 11.6164 6
      vertex 35 11.6 6
    endloop
  endfacet
  facet normal 0 0 1
    outer loop
      vertex 36.6027 12.0015 6
      vertex 35 8.36047 6
      vertex 40.75 11.6802 6
    endloop
  endfacet
  facet normal 0 0 1
    outer loop
      vertex 34.6667 11.6164 6
      vertex 35 8.36047 6
      vertex 35 11.6 6
    endloop
  endfacet
  facet normal 0 0 1
    outer loop
      vertex 34.3367 11.6653 6
      vertex 35 8.36047 6
      vertex 34.6667 11.6164 6
    endloop
  endfacet
  facet normal 0 0 1
    outer loop
      vertex 34.013 11.7464 6
      vertex 35 8.36047 6
      vertex 34.3367 11.6653 6
    endloop
  endfacet
  facet normal 0 0 1
    outer loop
      vertex 33.6989 11.8588 6
      vertex 35 8.36047 6
      vertex 34.013 11.7464 6
    endloop
  endfacet
  facet normal 0 0 1
    outer loop
      vertex 33.3973 12.0015 6
      vertex 35 8.36047 6
      vertex 33.6989 11.8588 6
    endloop
  endfacet
  facet normal 0 0 1
    outer loop
      vertex 29.25 11.6802 6
      vertex 33.3973 12.0015 6
      vertex 33.1111 12.173 6
    endloop
  endfacet
  facet normal 0 0 1
    outer loop
      vertex 29.25 11.6802 6
      vertex 33.1111 12.173 6
      vertex 32.8431 12.3718 6
    endloop
  endfacet
  facet normal 0 0 1
    outer loop
      vertex 29.25 11.6802 6
      vertex 32.8431 12.3718 6
      vertex 32.5958 12.5958 6
    endloop
  endfacet
  facet normal 0 0 1
    outer loop
      vertex 29.25 11.6802 6
      vertex 32.5958 12.5958 6
      vertex 32.3718 12.8431 6
    endloop
  endfacet
  facet normal 0 0 1
    outer loop
      vertex 29.25 11.6802 6
      vertex 32.3718 12.8431 6
      vertex 32.173 13.1111 6
    endloop
  endfacet
  facet normal 0 0 1
    outer loop
      vertex 29.25 11.6802 6
      vertex 32.173 13.1111 6
      vertex 32.0015 13.3973 6
    endloop
  endfacet
  facet normal 0 0 1
    outer loop
      vertex 31.6164 15.3333 6
      vertex 29.25 11.6802 6
      vertex 31.6 15 6
    endloop
  endfacet
  facet normal 0 0 1
    outer loop
      vertex 31.6 15 6
      vertex 29.25 11.6802 6
      vertex 31.6164 14.6667 6
    endloop
  endfacet
  facet normal 0 0 1
    outer loop
      vertex 33.3973 12.0015 6
      vertex 29.25 11.6802 6
      vertex 35 8.36047 6
    endloop
  endfacet
  facet normal 0 0 1
    outer loop
      vertex 31.8588 13.6989 6
      vertex 29.25 11.6802 6
      vertex 32.0015 13.3973 6
    endloop
  endfacet
  facet normal 0 0 1
    outer loop
      vertex 31.7464 14.013 6
      vertex 29.25 11.6802 6
      vertex 31.8588 13.6989 6
    endloop
  endfacet
  facet normal 0 0 1
    outer loop
      vertex 31.6653 14.3367 6
      vertex 29.25 11.6802 6
      vertex 31.7464 14.013 6
    endloop
  endfacet
  facet normal 0 0 1
    outer loop
      vertex 31.6164 14.6667 6
      vertex 29.25 11.6802 6
      vertex 31.6653 14.3367 6
    endloop
  endfacet
  facet normal -1 0 0
    outer loop
      vertex -15 0.00999928 31
      vertex -15 30 18
      vertex -15 0.00999928 18
    endloop
  endfacet
  facet normal -1 0 0
    outer loop
      vertex -15 30 18
      vertex -15 0.00999928 31
      vertex -15 30 32
    endloop
  endfacet
  facet normal -1 -0 0
    outer loop
      vertex -15 30 32
      vertex -15 0.00999928 31
      vertex -15 0.00928504 32
    endloop
  endfacet
  facet normal 0 0 -1
    outer loop
      vertex -20 0 32
      vertex -27 0 32
      vertex -20 0.00928504 32
    endloop
  endfacet
  facet normal 0 0 -1
    outer loop
      vertex -20 0.00928504 32
      vertex -15 30 32
      vertex -15 0.00928504 32
    endloop
  endfacet
  facet normal 0 0 -1
    outer loop
      vertex -27 30 32
      vertex -20 0.00928504 32
      vertex -27 0 32
    endloop
  endfacet
  facet normal 0 0 -1
    outer loop
      vertex -20 0.00928504 32
      vertex -27 30 32
      vertex -15 30 32
    endloop
  endfacet
  facet normal 0 0 1
    outer loop
      vertex -15 30 18
      vertex -20 0.00999928 18
      vertex -15 0.00999928 18
    endloop
  endfacet
  facet normal -0 0 1
    outer loop
      vertex -27 30 18
      vertex -20 0.00999928 18
      vertex -15 30 18
    endloop
  endfacet
  facet normal 0 0 1
    outer loop
      vertex -27 0 18
      vertex -20 0.00999928 18
      vertex -27 30 18
    endloop
  endfacet
  facet normal 0 0 1
    outer loop
      vertex -20 0.00999928 18
      vertex -27 0 18
      vertex -20 0 18
    endloop
  endfacet
  facet normal 1 -0 0
    outer loop
      vertex -27 0 32
      vertex -27 30 18
      vertex -27 30 32
    endloop
  endfacet
  facet normal 1 0 0
    outer loop
      vertex -27 30 18
      vertex -27 0 32
      vertex -27 0 18
    endloop
  endfacet
  facet normal -1 0 0
    outer loop
      vertex 27 0 18
      vertex 27 30 32
      vertex 27 30 18
    endloop
  endfacet
  facet normal -1 -0 0
    outer loop
      vertex 27 30 32
      vertex 27 0 18
      vertex 27 0 32
    endloop
  endfacet
  facet normal 0 0 -1
    outer loop
      vertex 20 0.00928504 32
      vertex 27 0 32
      vertex 20 0 32
    endloop
  endfacet
  facet normal 0 0 -1
    outer loop
      vertex 27 0 32
      vertex 20 0.00928504 32
      vertex 27 30 32
    endloop
  endfacet
  facet normal 0 0 -1
    outer loop
      vertex 15 30 32
      vertex 20 0.00928504 32
      vertex 15 0.00928504 32
    endloop
  endfacet
  facet normal 0 0 -1
    outer loop
      vertex 20 0.00928504 32
      vertex 15 30 32
      vertex 27 30 32
    endloop
  endfacet
  facet normal 0 0 1
    outer loop
      vertex 27 30 18
      vertex 20 0.00999928 18
      vertex 27 0 18
    endloop
  endfacet
  facet normal -0 0 1
    outer loop
      vertex 15 30 18
      vertex 20 0.00999928 18
      vertex 27 30 18
    endloop
  endfacet
  facet normal 0 0 1
    outer loop
      vertex 20 0.00999928 18
      vertex 15 30 18
      vertex 15 0.00999928 18
    endloop
  endfacet
  facet normal 0 0 1
    outer loop
      vertex 27 0 18
      vertex 20 0.00999928 18
      vertex 20 0 18
    endloop
  endfacet
  facet normal 1 0 0
    outer loop
      vertex 15 30 32
      vertex 15 0.00999928 31
      vertex 15 30 18
    endloop
  endfacet
  facet normal 1 0 -0
    outer loop
      vertex 15 0.00999928 31
      vertex 15 30 32
      vertex 15 0.00928504 32
    endloop
  endfacet
  facet normal 1 0 0
    outer loop
      vertex 15 30 18
      vertex 15 0.00999928 31
      vertex 15 0.00999928 18
    endloop
  endfacet
  facet normal 0.595773 0 0.803153
    outer loop
      vertex 66.4446 30 63.6518
      vertex 67.0751 0 63.1841
      vertex 67.0751 30 63.1841
    endloop
  endfacet
  facet normal 0.595773 0 0.803153
    outer loop
      vertex 67.0751 0 63.1841
      vertex 66.4446 30 63.6518
      vertex 66.4446 0 63.6518
    endloop
  endfacet
  facet normal -0.336901 0 0.94154
    outer loop
      vertex -65.0615 26 64.391
      vertex -64.3223 0 64.6555
      vertex -64.3223 26 64.6555
    endloop
  endfacet
  facet normal -0.336901 0 0.94154
    outer loop
      vertex -64.3223 0 64.6555
      vertex -65.0615 26 64.391
      vertex -65.0615 0 64.391
    endloop
  endfacet
  facet normal 0 0 1
    outer loop
      vertex 52.1894 16.7844 65
      vertex 62 26 65
      vertex 52.2 17 65
    endloop
  endfacet
  facet normal 0 0 1
    outer loop
      vertex 62 26 65
      vertex 52.1894 17.2156 65
      vertex 52.2 17 65
    endloop
  endfacet
  facet normal 0 0 1
    outer loop
      vertex 62 26 65
      vertex 52.1577 17.4292 65
      vertex 52.1894 17.2156 65
    endloop
  endfacet
  facet normal 0 0 1
    outer loop
      vertex 62 26 65
      vertex 52.1053 17.6386 65
      vertex 52.1577 17.4292 65
    endloop
  endfacet
  facet normal 0 0 1
    outer loop
      vertex 62 26 65
      vertex 52.0325 17.8419 65
      vertex 52.1053 17.6386 65
    endloop
  endfacet
  facet normal 0 0 1
    outer loop
      vertex 62 26 65
      vertex 51.9402 18.0371 65
      vertex 52.0325 17.8419 65
    endloop
  endfacet
  facet normal 0 0 1
    outer loop
      vertex 62 26 65
      vertex 51.8292 18.2223 65
      vertex 51.9402 18.0371 65
    endloop
  endfacet
  facet normal 0 0 1
    outer loop
      vertex 62 26 65
      vertex 51.7006 18.3957 65
      vertex 51.8292 18.2223 65
    endloop
  endfacet
  facet normal 0 0 1
    outer loop
      vertex 62 26 65
      vertex 51.5556 18.5556 65
      vertex 51.7006 18.3957 65
    endloop
  endfacet
  facet normal 0 0 1
    outer loop
      vertex 62 26 65
      vertex 51.3957 18.7006 65
      vertex 51.5556 18.5556 65
    endloop
  endfacet
  facet normal 0 0 1
    outer loop
      vertex 62 26 65
      vertex 51.2223 18.8292 65
      vertex 51.3957 18.7006 65
    endloop
  endfacet
  facet normal 0 0 1
    outer loop
      vertex 62 26 65
      vertex 51.0371 18.9402 65
      vertex 51.2223 18.8292 65
    endloop
  endfacet
  facet normal 0 0 1
    outer loop
      vertex 62 26 65
      vertex 50.8419 19.0325 65
      vertex 51.0371 18.9402 65
    endloop
  endfacet
  facet normal 0 0 1
    outer loop
      vertex 62 26 65
      vertex 50.6386 19.1053 65
      vertex 50.8419 19.0325 65
    endloop
  endfacet
  facet normal 0 0 1
    outer loop
      vertex 62 26 65
      vertex 50.4292 19.1577 65
      vertex 50.6386 19.1053 65
    endloop
  endfacet
  facet normal 0 0 1
    outer loop
      vertex 62 26 65
      vertex 50.2156 19.1894 65
      vertex 50.4292 19.1577 65
    endloop
  endfacet
  facet normal 0 0 1
    outer loop
      vertex 62 26 65
      vertex 50 19.2 65
      vertex 50.2156 19.1894 65
    endloop
  endfacet
  facet normal 0 0 1
    outer loop
      vertex 62 26 65
      vertex 49.7844 19.1894 65
      vertex 50 19.2 65
    endloop
  endfacet
  facet normal 0 0 1
    outer loop
      vertex 62 26 65
      vertex 49.5708 19.1577 65
      vertex 49.7844 19.1894 65
    endloop
  endfacet
  facet normal 0 0 1
    outer loop
      vertex 62 26 65
      vertex 49.3614 19.1053 65
      vertex 49.5708 19.1577 65
    endloop
  endfacet
  facet normal 0 0 1
    outer loop
      vertex 62 26 65
      vertex 49.1581 19.0325 65
      vertex 49.3614 19.1053 65
    endloop
  endfacet
  facet normal 0 0 1
    outer loop
      vertex 62 26 65
      vertex 48.9629 18.9402 65
      vertex 49.1581 19.0325 65
    endloop
  endfacet
  facet normal 0 0 1
    outer loop
      vertex 47.8106 17.2156 65
      vertex -47.8 17 65
      vertex 47.8 17 65
    endloop
  endfacet
  facet normal 0 0 1
    outer loop
      vertex -47.8106 17.2156 65
      vertex 47.8106 17.2156 65
      vertex 47.8423 17.4292 65
    endloop
  endfacet
  facet normal 0 0 1
    outer loop
      vertex -47.8423 17.4292 65
      vertex 47.8423 17.4292 65
      vertex 47.8947 17.6386 65
    endloop
  endfacet
  facet normal 0 0 1
    outer loop
      vertex -47.8947 17.6386 65
      vertex 47.8947 17.6386 65
      vertex 47.9675 17.8419 65
    endloop
  endfacet
  facet normal 0 0 1
    outer loop
      vertex -47.9675 17.8419 65
      vertex 47.9675 17.8419 65
      vertex 48.0598 18.0371 65
    endloop
  endfacet
  facet normal 0 0 1
    outer loop
      vertex -48.0598 18.0371 65
      vertex 48.0598 18.0371 65
      vertex 48.1708 18.2223 65
    endloop
  endfacet
  facet normal 0 0 1
    outer loop
      vertex -48.1708 18.2223 65
      vertex 48.1708 18.2223 65
      vertex 48.2994 18.3957 65
    endloop
  endfacet
  facet normal 0 0 1
    outer loop
      vertex -48.2994 18.3957 65
      vertex 48.2994 18.3957 65
      vertex 48.4444 18.5556 65
    endloop
  endfacet
  facet normal 0 0 1
    outer loop
      vertex -48.4444 18.5556 65
      vertex 48.4444 18.5556 65
      vertex 48.6043 18.7006 65
    endloop
  endfacet
  facet normal 0 0 1
    outer loop
      vertex -48.6043 18.7006 65
      vertex 48.6043 18.7006 65
      vertex 48.7777 18.8292 65
    endloop
  endfacet
  facet normal 0 0 1
    outer loop
      vertex -48.7777 18.8292 65
      vertex 48.7777 18.8292 65
      vertex 48.9629 18.9402 65
    endloop
  endfacet
  facet normal 0 0 1
    outer loop
      vertex -48.9629 18.9402 65
      vertex 48.9629 18.9402 65
      vertex 62 26 65
    endloop
  endfacet
  facet normal 0 0 1
    outer loop
      vertex 47.8106 17.2156 65
      vertex -47.8106 17.2156 65
      vertex -47.8 17 65
    endloop
  endfacet
  facet normal 0 0 1
    outer loop
      vertex 47.8423 17.4292 65
      vertex -47.8423 17.4292 65
      vertex -47.8106 17.2156 65
    endloop
  endfacet
  facet normal 0 0 1
    outer loop
      vertex 47.8947 17.6386 65
      vertex -47.8947 17.6386 65
      vertex -47.8423 17.4292 65
    endloop
  endfacet
  facet normal 0 0 1
    outer loop
      vertex 47.9675 17.8419 65
      vertex -47.9675 17.8419 65
      vertex -47.8947 17.6386 65
    endloop
  endfacet
  facet normal 0 0 1
    outer loop
      vertex 48.0598 18.0371 65
      vertex -48.0598 18.0371 65
      vertex -47.9675 17.8419 65
    endloop
  endfacet
  facet normal 0 0 1
    outer loop
      vertex 48.1708 18.2223 65
      vertex -48.1708 18.2223 65
      vertex -48.0598 18.0371 65
    endloop
  endfacet
  facet normal 0 0 1
    outer loop
      vertex 48.2994 18.3957 65
      vertex -48.2994 18.3957 65
      vertex -48.1708 18.2223 65
    endloop
  endfacet
  facet normal 0 0 1
    outer loop
      vertex 48.4444 18.5556 65
      vertex -48.4444 18.5556 65
      vertex -48.2994 18.3957 65
    endloop
  endfacet
  facet normal 0 0 1
    outer loop
      vertex 48.6043 18.7006 65
      vertex -48.6043 18.7006 65
      vertex -48.4444 18.5556 65
    endloop
  endfacet
  facet normal 0 0 1
    outer loop
      vertex 48.7777 18.8292 65
      vertex -48.7777 18.8292 65
      vertex -48.6043 18.7006 65
    endloop
  endfacet
  facet normal 0 0 1
    outer loop
      vertex 48.9629 18.9402 65
      vertex -48.9629 18.9402 65
      vertex -48.7777 18.8292 65
    endloop
  endfacet
  facet normal 0 0 1
    outer loop
      vertex 62 26 65
      vertex -49.1581 19.0325 65
      vertex -48.9629 18.9402 65
    endloop
  endfacet
  facet normal -0 0 1
    outer loop
      vertex -62 26 65
      vertex -49.1581 19.0325 65
      vertex 62 26 65
    endloop
  endfacet
  facet normal 0 0 1
    outer loop
      vertex -49.1581 19.0325 65
      vertex -62 26 65
      vertex -49.3614 19.1053 65
    endloop
  endfacet
  facet normal 0 0 1
    outer loop
      vertex -49.3614 19.1053 65
      vertex -62 26 65
      vertex -49.5708 19.1577 65
    endloop
  endfacet
  facet normal 0 0 1
    outer loop
      vertex -49.5708 19.1577 65
      vertex -62 26 65
      vertex -49.7844 19.1894 65
    endloop
  endfacet
  facet normal 0 0 1
    outer loop
      vertex -49.7844 19.1894 65
      vertex -62 26 65
      vertex -50 19.2 65
    endloop
  endfacet
  facet normal 0 0 1
    outer loop
      vertex -52.1894 17.2156 65
      vertex -62 26 65
      vertex -52.2 17 65
    endloop
  endfacet
  facet normal 0 0 1
    outer loop
      vertex -52.1577 17.4292 65
      vertex -62 26 65
      vertex -52.1894 17.2156 65
    endloop
  endfacet
  facet normal 0 0 1
    outer loop
      vertex -52.1053 17.6386 65
      vertex -62 26 65
      vertex -52.1577 17.4292 65
    endloop
  endfacet
  facet normal 0 0 1
    outer loop
      vertex -52.0325 17.8419 65
      vertex -62 26 65
      vertex -52.1053 17.6386 65
    endloop
  endfacet
  facet normal 0 0 1
    outer loop
      vertex -51.9402 18.0371 65
      vertex -62 26 65
      vertex -52.0325 17.8419 65
    endloop
  endfacet
  facet normal 0 0 1
    outer loop
      vertex -51.8292 18.2223 65
      vertex -62 26 65
      vertex -51.9402 18.0371 65
    endloop
  endfacet
  facet normal 0 0 1
    outer loop
      vertex -51.7006 18.3957 65
      vertex -62 26 65
      vertex -51.8292 18.2223 65
    endloop
  endfacet
  facet normal 0 0 1
    outer loop
      vertex -51.5556 18.5556 65
      vertex -62 26 65
      vertex -51.7006 18.3957 65
    endloop
  endfacet
  facet normal 0 0 1
    outer loop
      vertex -51.3957 18.7006 65
      vertex -62 26 65
      vertex -51.5556 18.5556 65
    endloop
  endfacet
  facet normal 0 0 1
    outer loop
      vertex -51.2223 18.8292 65
      vertex -62 26 65
      vertex -51.3957 18.7006 65
    endloop
  endfacet
  facet normal 0 0 1
    outer loop
      vertex -51.0371 18.9402 65
      vertex -62 26 65
      vertex -51.2223 18.8292 65
    endloop
  endfacet
  facet normal 0 0 1
    outer loop
      vertex -50.8419 19.0325 65
      vertex -62 26 65
      vertex -51.0371 18.9402 65
    endloop
  endfacet
  facet normal 0 0 1
    outer loop
      vertex -50.6386 19.1053 65
      vertex -62 26 65
      vertex -50.8419 19.0325 65
    endloop
  endfacet
  facet normal 0 0 1
    outer loop
      vertex -50.4292 19.1577 65
      vertex -62 26 65
      vertex -50.6386 19.1053 65
    endloop
  endfacet
  facet normal 0 0 1
    outer loop
      vertex -50.2156 19.1894 65
      vertex -62 26 65
      vertex -50.4292 19.1577 65
    endloop
  endfacet
  facet normal 0 0 1
    outer loop
      vertex -50 19.2 65
      vertex -62 26 65
      vertex -50.2156 19.1894 65
    endloop
  endfacet
  facet normal 0 0 1
    outer loop
      vertex 52.1577 16.5708 65
      vertex 62 26 65
      vertex 52.1894 16.7844 65
    endloop
  endfacet
  facet normal 0 0 1
    outer loop
      vertex 52.1053 16.3614 65
      vertex 62 26 65
      vertex 52.1577 16.5708 65
    endloop
  endfacet
  facet normal 0 0 1
    outer loop
      vertex 62 26 65
      vertex 52.1053 16.3614 65
      vertex 62 0 65
    endloop
  endfacet
  facet normal -0 0 1
    outer loop
      vertex 52.0325 16.1581 65
      vertex 62 0 65
      vertex 52.1053 16.3614 65
    endloop
  endfacet
  facet normal -0 0 1
    outer loop
      vertex 51.9402 15.9629 65
      vertex 62 0 65
      vertex 52.0325 16.1581 65
    endloop
  endfacet
  facet normal -0 0 1
    outer loop
      vertex 51.8292 15.7777 65
      vertex 62 0 65
      vertex 51.9402 15.9629 65
    endloop
  endfacet
  facet normal -0 0 1
    outer loop
      vertex 51.7006 15.6043 65
      vertex 62 0 65
      vertex 51.8292 15.7777 65
    endloop
  endfacet
  facet normal -0 0 1
    outer loop
      vertex 51.5556 15.4444 65
      vertex 62 0 65
      vertex 51.7006 15.6043 65
    endloop
  endfacet
  facet normal -0 0 1
    outer loop
      vertex 51.3957 15.2994 65
      vertex 62 0 65
      vertex 51.5556 15.4444 65
    endloop
  endfacet
  facet normal -0 0 1
    outer loop
      vertex 51.2223 15.1708 65
      vertex 62 0 65
      vertex 51.3957 15.2994 65
    endloop
  endfacet
  facet normal -0 0 1
    outer loop
      vertex 51.0371 15.0598 65
      vertex 62 0 65
      vertex 51.2223 15.1708 65
    endloop
  endfacet
  facet normal -0 0 1
    outer loop
      vertex 50.8419 14.9675 65
      vertex 62 0 65
      vertex 51.0371 15.0598 65
    endloop
  endfacet
  facet normal -0 0 1
    outer loop
      vertex 50.6386 14.8947 65
      vertex 62 0 65
      vertex 50.8419 14.9675 65
    endloop
  endfacet
  facet normal -0 0 1
    outer loop
      vertex 50.4292 14.8423 65
      vertex 62 0 65
      vertex 50.6386 14.8947 65
    endloop
  endfacet
  facet normal -0 0 1
    outer loop
      vertex 50.2156 14.8106 65
      vertex 62 0 65
      vertex 50.4292 14.8423 65
    endloop
  endfacet
  facet normal -0 0 1
    outer loop
      vertex 50 14.8 65
      vertex 62 0 65
      vertex 50.2156 14.8106 65
    endloop
  endfacet
  facet normal 0 0 1
    outer loop
      vertex 49.7844 14.8106 65
      vertex 62 0 65
      vertex 50 14.8 65
    endloop
  endfacet
  facet normal 0 0 1
    outer loop
      vertex 49.5708 14.8423 65
      vertex 62 0 65
      vertex 49.7844 14.8106 65
    endloop
  endfacet
  facet normal 0 0 1
    outer loop
      vertex 49.3614 14.8947 65
      vertex 62 0 65
      vertex 49.5708 14.8423 65
    endloop
  endfacet
  facet normal 0 0 1
    outer loop
      vertex 49.1581 14.9675 65
      vertex 62 0 65
      vertex 49.3614 14.8947 65
    endloop
  endfacet
  facet normal 0 0 1
    outer loop
      vertex 48.9629 15.0598 65
      vertex 62 0 65
      vertex 49.1581 14.9675 65
    endloop
  endfacet
  facet normal 0 0 1
    outer loop
      vertex 48.7777 15.1708 65
      vertex 62 0 65
      vertex 48.9629 15.0598 65
    endloop
  endfacet
  facet normal 0 0 1
    outer loop
      vertex 48.6043 15.2994 65
      vertex 62 0 65
      vertex 48.7777 15.1708 65
    endloop
  endfacet
  facet normal 0 0 1
    outer loop
      vertex -48.6043 15.2994 65
      vertex 48.6043 15.2994 65
      vertex 48.4444 15.4444 65
    endloop
  endfacet
  facet normal 0 0 1
    outer loop
      vertex -48.4444 15.4444 65
      vertex 48.4444 15.4444 65
      vertex 48.2994 15.6043 65
    endloop
  endfacet
  facet normal -0 0 1
    outer loop
      vertex -47.8 17 65
      vertex 47.8106 16.7844 65
      vertex 47.8 17 65
    endloop
  endfacet
  facet normal 0 0 1
    outer loop
      vertex -47.8106 16.7844 65
      vertex 47.8106 16.7844 65
      vertex -47.8 17 65
    endloop
  endfacet
  facet normal 0 0 1
    outer loop
      vertex 47.8106 16.7844 65
      vertex -47.8106 16.7844 65
      vertex 47.8423 16.5708 65
    endloop
  endfacet
  facet normal 0 0 1
    outer loop
      vertex -47.8423 16.5708 65
      vertex 47.8423 16.5708 65
      vertex -47.8106 16.7844 65
    endloop
  endfacet
  facet normal 0 0 1
    outer loop
      vertex 47.8423 16.5708 65
      vertex -47.8423 16.5708 65
      vertex 47.8947 16.3614 65
    endloop
  endfacet
  facet normal 0 0 1
    outer loop
      vertex -47.8947 16.3614 65
      vertex 47.8947 16.3614 65
      vertex -47.8423 16.5708 65
    endloop
  endfacet
  facet normal 0 0 1
    outer loop
      vertex 47.8947 16.3614 65
      vertex -47.8947 16.3614 65
      vertex 47.9675 16.1581 65
    endloop
  endfacet
  facet normal 0 0 1
    outer loop
      vertex -47.9675 16.1581 65
      vertex 47.9675 16.1581 65
      vertex -47.8947 16.3614 65
    endloop
  endfacet
  facet normal 0 0 1
    outer loop
      vertex 47.9675 16.1581 65
      vertex -47.9675 16.1581 65
      vertex 48.0598 15.9629 65
    endloop
  endfacet
  facet normal 0 0 1
    outer loop
      vertex -48.0598 15.9629 65
      vertex 48.0598 15.9629 65
      vertex -47.9675 16.1581 65
    endloop
  endfacet
  facet normal 0 0 1
    outer loop
      vertex 48.0598 15.9629 65
      vertex -48.0598 15.9629 65
      vertex 48.1708 15.7777 65
    endloop
  endfacet
  facet normal 0 0 1
    outer loop
      vertex -48.1708 15.7777 65
      vertex 48.1708 15.7777 65
      vertex -48.0598 15.9629 65
    endloop
  endfacet
  facet normal 0 0 1
    outer loop
      vertex 48.1708 15.7777 65
      vertex -48.1708 15.7777 65
      vertex 48.2994 15.6043 65
    endloop
  endfacet
  facet normal 0 0 1
    outer loop
      vertex -48.2994 15.6043 65
      vertex 48.2994 15.6043 65
      vertex -48.1708 15.7777 65
    endloop
  endfacet
  facet normal 0 0 1
    outer loop
      vertex -48.4444 15.4444 65
      vertex 48.2994 15.6043 65
      vertex -48.2994 15.6043 65
    endloop
  endfacet
  facet normal 0 0 1
    outer loop
      vertex 48.4444 15.4444 65
      vertex -48.4444 15.4444 65
      vertex -48.6043 15.2994 65
    endloop
  endfacet
  facet normal 0 0 1
    outer loop
      vertex 48.6043 15.2994 65
      vertex -48.6043 15.2994 65
      vertex 62 0 65
    endloop
  endfacet
  facet normal 0 0 1
    outer loop
      vertex -62 0 65
      vertex -48.6043 15.2994 65
      vertex -48.7777 15.1708 65
    endloop
  endfacet
  facet normal 0 0 1
    outer loop
      vertex -62 0 65
      vertex -48.7777 15.1708 65
      vertex -48.9629 15.0598 65
    endloop
  endfacet
  facet normal 0 0 1
    outer loop
      vertex -62 0 65
      vertex -48.9629 15.0598 65
      vertex -49.1581 14.9675 65
    endloop
  endfacet
  facet normal 0 0 1
    outer loop
      vertex -62 0 65
      vertex -49.1581 14.9675 65
      vertex -49.3614 14.8947 65
    endloop
  endfacet
  facet normal 0 0 1
    outer loop
      vertex -62 0 65
      vertex -49.3614 14.8947 65
      vertex -49.5708 14.8423 65
    endloop
  endfacet
  facet normal 0 0 1
    outer loop
      vertex -62 0 65
      vertex -49.5708 14.8423 65
      vertex -49.7844 14.8106 65
    endloop
  endfacet
  facet normal 0 0 1
    outer loop
      vertex -62 0 65
      vertex -49.7844 14.8106 65
      vertex -50 14.8 65
    endloop
  endfacet
  facet normal 0 0 1
    outer loop
      vertex -62 0 65
      vertex -50 14.8 65
      vertex -50.2156 14.8106 65
    endloop
  endfacet
  facet normal 0 0 1
    outer loop
      vertex -62 26 65
      vertex -52.1894 16.7844 65
      vertex -52.2 17 65
    endloop
  endfacet
  facet normal 0 0 1
    outer loop
      vertex -62 26 65
      vertex -52.1577 16.5708 65
      vertex -52.1894 16.7844 65
    endloop
  endfacet
  facet normal 0 0 1
    outer loop
      vertex -62 26 65
      vertex -52.1053 16.3614 65
      vertex -52.1577 16.5708 65
    endloop
  endfacet
  facet normal 0 0 1
    outer loop
      vertex -62 0 65
      vertex -52.1053 16.3614 65
      vertex -62 26 65
    endloop
  endfacet
  facet normal 0 0 1
    outer loop
      vertex -52.1053 16.3614 65
      vertex -62 0 65
      vertex -52.0325 16.1581 65
    endloop
  endfacet
  facet normal 0 0 1
    outer loop
      vertex -52.0325 16.1581 65
      vertex -62 0 65
      vertex -51.9402 15.9629 65
    endloop
  endfacet
  facet normal 0 0 1
    outer loop
      vertex -51.9402 15.9629 65
      vertex -62 0 65
      vertex -51.8292 15.7777 65
    endloop
  endfacet
  facet normal 0 0 1
    outer loop
      vertex -51.8292 15.7777 65
      vertex -62 0 65
      vertex -51.7006 15.6043 65
    endloop
  endfacet
  facet normal 0 0 1
    outer loop
      vertex -48.6043 15.2994 65
      vertex -62 0 65
      vertex 62 0 65
    endloop
  endfacet
  facet normal 0 0 1
    outer loop
      vertex -50.4292 14.8423 65
      vertex -62 0 65
      vertex -50.2156 14.8106 65
    endloop
  endfacet
  facet normal 0 0 1
    outer loop
      vertex -50.6386 14.8947 65
      vertex -62 0 65
      vertex -50.4292 14.8423 65
    endloop
  endfacet
  facet normal 0 0 1
    outer loop
      vertex -50.8419 14.9675 65
      vertex -62 0 65
      vertex -50.6386 14.8947 65
    endloop
  endfacet
  facet normal 0 0 1
    outer loop
      vertex -51.0371 15.0598 65
      vertex -62 0 65
      vertex -50.8419 14.9675 65
    endloop
  endfacet
  facet normal 0 0 1
    outer loop
      vertex -51.2223 15.1708 65
      vertex -62 0 65
      vertex -51.0371 15.0598 65
    endloop
  endfacet
  facet normal 0 0 1
    outer loop
      vertex -51.3957 15.2994 65
      vertex -62 0 65
      vertex -51.2223 15.1708 65
    endloop
  endfacet
  facet normal 0 0 1
    outer loop
      vertex -51.5556 15.4444 65
      vertex -62 0 65
      vertex -51.3957 15.2994 65
    endloop
  endfacet
  facet normal 0 0 1
    outer loop
      vertex -51.7006 15.6043 65
      vertex -62 0 65
      vertex -51.5556 15.4444 65
    endloop
  endfacet
  facet normal 0 0 -1
    outer loop
      vertex 70 30 0
      vertex 38.3836 14.6667 0
      vertex 38.4 15 0
    endloop
  endfacet
  facet normal 0 0 -1
    outer loop
      vertex 33.3973 12.0015 0
      vertex 38.8159 -14.9249 0
      vertex 38.3482 -15.5554 0
    endloop
  endfacet
  facet normal 0 0 -1
    outer loop
      vertex 39.3431 -14.3431 0
      vertex 38.3347 14.3367 0
      vertex 38.3836 14.6667 0
    endloop
  endfacet
  facet normal 0 0 -1
    outer loop
      vertex 39.3431 -14.3431 0
      vertex 38.2536 14.013 0
      vertex 38.3347 14.3367 0
    endloop
  endfacet
  facet normal 0 0 -1
    outer loop
      vertex 39.3431 -14.3431 0
      vertex 38.1412 13.6989 0
      vertex 38.2536 14.013 0
    endloop
  endfacet
  facet normal 0 0 -1
    outer loop
      vertex 39.3431 -14.3431 0
      vertex 37.9985 13.3973 0
      vertex 38.1412 13.6989 0
    endloop
  endfacet
  facet normal 0 0 -1
    outer loop
      vertex 32.8431 12.3718 0
      vertex 38.3482 -15.5554 0
      vertex 37.9446 -16.2288 0
    endloop
  endfacet
  facet normal 0 0 -1
    outer loop
      vertex 39.3431 -14.3431 0
      vertex 37.827 13.1111 0
      vertex 37.9985 13.3973 0
    endloop
  endfacet
  facet normal 0 0 -1
    outer loop
      vertex 39.3431 -14.3431 0
      vertex 37.6282 12.8431 0
      vertex 37.827 13.1111 0
    endloop
  endfacet
  facet normal 0 0 -1
    outer loop
      vertex 3.14025 11.1736 0
      vertex 37.9446 -16.2288 0
      vertex 37.609 -16.9385 0
    endloop
  endfacet
  facet normal 0 0 -1
    outer loop
      vertex 39.3431 -14.3431 0
      vertex 37.4042 12.5958 0
      vertex 37.6282 12.8431 0
    endloop
  endfacet
  facet normal 0 0 -1
    outer loop
      vertex 2.75007 10.8842 0
      vertex 37.609 -16.9385 0
      vertex 37.3445 -17.6777 0
    endloop
  endfacet
  facet normal 0 0 -1
    outer loop
      vertex 39.3431 -14.3431 0
      vertex 37.1569 12.3718 0
      vertex 37.4042 12.5958 0
    endloop
  endfacet
  facet normal 0 0 -1
    outer loop
      vertex 2.33341 10.6345 0
      vertex 37.3445 -17.6777 0
      vertex 37.1537 -18.4393 0
    endloop
  endfacet
  facet normal 0 0 -1
    outer loop
      vertex 1.89428 10.4268 0
      vertex 37.1537 -18.4393 0
      vertex 37.0385 -19.2159 0
    endloop
  endfacet
  facet normal 0 0 -1
    outer loop
      vertex 0.965696 10.1451 0
      vertex 37.0385 -19.2159 0
      vertex 37 -20 0
    endloop
  endfacet
  facet normal 0 0 -1
    outer loop
      vertex 39.3431 -14.3431 0
      vertex 36.8889 12.173 0
      vertex 37.1569 12.3718 0
    endloop
  endfacet
  facet normal 0 0 -1
    outer loop
      vertex 52.9615 -19.2159 0
      vertex 70 -40 0
      vertex 53 -20 0
    endloop
  endfacet
  facet normal 0 0 -1
    outer loop
      vertex 70 -40 0
      vertex 52.9615 -20.7841 0
      vertex 53 -20 0
    endloop
  endfacet
  facet normal 0 0 -1
    outer loop
      vertex 70 -40 0
      vertex 52.8463 -21.5607 0
      vertex 52.9615 -20.7841 0
    endloop
  endfacet
  facet normal 0 0 -1
    outer loop
      vertex 70 -40 0
      vertex 52.6555 -22.3223 0
      vertex 52.8463 -21.5607 0
    endloop
  endfacet
  facet normal 0 0 -1
    outer loop
      vertex 70 -40 0
      vertex 52.391 -23.0615 0
      vertex 52.6555 -22.3223 0
    endloop
  endfacet
  facet normal 0 0 -1
    outer loop
      vertex 70 -40 0
      vertex 52.0554 -23.7712 0
      vertex 52.391 -23.0615 0
    endloop
  endfacet
  facet normal 0 0 -1
    outer loop
      vertex 70 -40 0
      vertex 51.6518 -24.4446 0
      vertex 52.0554 -23.7712 0
    endloop
  endfacet
  facet normal 0 0 -1
    outer loop
      vertex 70 -40 0
      vertex 51.1841 -25.0751 0
      vertex 51.6518 -24.4446 0
    endloop
  endfacet
  facet normal 0 0 -1
    outer loop
      vertex 70 -40 0
      vertex 50.6569 -25.6569 0
      vertex 51.1841 -25.0751 0
    endloop
  endfacet
  facet normal 0 0 -1
    outer loop
      vertex 70 -40 0
      vertex 50.0751 -26.1841 0
      vertex 50.6569 -25.6569 0
    endloop
  endfacet
  facet normal 0 0 -1
    outer loop
      vertex 70 -40 0
      vertex 49.4446 -26.6518 0
      vertex 50.0751 -26.1841 0
    endloop
  endfacet
  facet normal 0 0 -1
    outer loop
      vertex 70 -40 0
      vertex 48.7712 -27.0554 0
      vertex 49.4446 -26.6518 0
    endloop
  endfacet
  facet normal 0 0 -1
    outer loop
      vertex 70 -40 0
      vertex 48.0615 -27.391 0
      vertex 48.7712 -27.0554 0
    endloop
  endfacet
  facet normal 0 0 -1
    outer loop
      vertex 70 -40 0
      vertex 47.3223 -27.6555 0
      vertex 48.0615 -27.391 0
    endloop
  endfacet
  facet normal 0 0 -1
    outer loop
      vertex 70 -40 0
      vertex 46.5607 -27.8463 0
      vertex 47.3223 -27.6555 0
    endloop
  endfacet
  facet normal 0 0 -1
    outer loop
      vertex 70 -40 0
      vertex 45.7841 -27.9615 0
      vertex 46.5607 -27.8463 0
    endloop
  endfacet
  facet normal 0 0 -1
    outer loop
      vertex 70 -40 0
      vertex 45 -28 0
      vertex 45.7841 -27.9615 0
    endloop
  endfacet
  facet normal 0 0 -1
    outer loop
      vertex 70 -40 0
      vertex 44.2159 -27.9615 0
      vertex 45 -28 0
    endloop
  endfacet
  facet normal 0 0 -1
    outer loop
      vertex 70 -40 0
      vertex 43.4393 -27.8463 0
      vertex 44.2159 -27.9615 0
    endloop
  endfacet
  facet normal 0 0 -1
    outer loop
      vertex 70 -40 0
      vertex 42.6777 -27.6555 0
      vertex 43.4393 -27.8463 0
    endloop
  endfacet
  facet normal 0 0 -1
    outer loop
      vertex -42.6777 -27.6555 0
      vertex 42.6777 -27.6555 0
      vertex 70 -40 0
    endloop
  endfacet
  facet normal 0 0 -1
    outer loop
      vertex 39.3431 -14.3431 0
      vertex 36.6027 12.0015 0
      vertex 36.8889 12.173 0
    endloop
  endfacet
  facet normal 0 0 -1
    outer loop
      vertex 39.3431 -14.3431 0
      vertex 36.3011 11.8588 0
      vertex 36.6027 12.0015 0
    endloop
  endfacet
  facet normal 0 0 -1
    outer loop
      vertex 39.3431 -14.3431 0
      vertex 35.987 11.7464 0
      vertex 36.3011 11.8588 0
    endloop
  endfacet
  facet normal 0 0 -1
    outer loop
      vertex 39.3431 -14.3431 0
      vertex 35.6633 11.6653 0
      vertex 35.987 11.7464 0
    endloop
  endfacet
  facet normal 0 0 -1
    outer loop
      vertex 39.3431 -14.3431 0
      vertex 35.3333 11.6164 0
      vertex 35.6633 11.6653 0
    endloop
  endfacet
  facet normal 0 0 -1
    outer loop
      vertex 0.485185 10.0738 0
      vertex 37 -20 0
      vertex 37.0385 -20.7841 0
    endloop
  endfacet
  facet normal 0 0 -1
    outer loop
      vertex 39.3431 -14.3431 0
      vertex 35 11.6 0
      vertex 35.3333 11.6164 0
    endloop
  endfacet
  facet normal 0 0 -1
    outer loop
      vertex 39.3431 -14.3431 0
      vertex 34.6667 11.6164 0
      vertex 35 11.6 0
    endloop
  endfacet
  facet normal 0 0 -1
    outer loop
      vertex 39.3431 -14.3431 0
      vertex 34.3367 11.6653 0
      vertex 34.6667 11.6164 0
    endloop
  endfacet
  facet normal 0 0 -1
    outer loop
      vertex 39.3431 -14.3431 0
      vertex 34.013 11.7464 0
      vertex 34.3367 11.6653 0
    endloop
  endfacet
  facet normal 0 0 -1
    outer loop
      vertex 39.3431 -14.3431 0
      vertex 33.6989 11.8588 0
      vertex 34.013 11.7464 0
    endloop
  endfacet
  facet normal 0 0 -1
    outer loop
      vertex 38.8159 -14.9249 0
      vertex 33.3973 12.0015 0
      vertex 33.6989 11.8588 0
    endloop
  endfacet
  facet normal 0 0 -1
    outer loop
      vertex 38.3482 -15.5554 0
      vertex 33.1111 12.173 0
      vertex 33.3973 12.0015 0
    endloop
  endfacet
  facet normal 0 0 -1
    outer loop
      vertex 38.3482 -15.5554 0
      vertex 32.8431 12.3718 0
      vertex 33.1111 12.173 0
    endloop
  endfacet
  facet normal 0 0 -1
    outer loop
      vertex 37.9446 -16.2288 0
      vertex 3.14025 11.1736 0
      vertex 3.50018 11.4998 0
    endloop
  endfacet
  facet normal 0 0 -1
    outer loop
      vertex 37.9446 -16.2288 0
      vertex 3.50018 11.4998 0
      vertex 32.8431 12.3718 0
    endloop
  endfacet
  facet normal -0 0 -1
    outer loop
      vertex 32.8431 12.3718 0
      vertex 3.50018 11.4998 0
      vertex 32.5958 12.5958 0
    endloop
  endfacet
  facet normal -0 0 -1
    outer loop
      vertex 32.5958 12.5958 0
      vertex 3.8264 11.8598 0
      vertex 32.3718 12.8431 0
    endloop
  endfacet
  facet normal 0 -0 -1
    outer loop
      vertex 4.11577 12.2499 0
      vertex 32.3718 12.8431 0
      vertex 3.8264 11.8598 0
    endloop
  endfacet
  facet normal 0 0 -1
    outer loop
      vertex 0 10.05 0
      vertex 37.0385 -20.7841 0
      vertex 37.1537 -21.5607 0
    endloop
  endfacet
  facet normal -0 0 -1
    outer loop
      vertex 32.3718 12.8431 0
      vertex 4.11577 12.2499 0
      vertex 32.173 13.1111 0
    endloop
  endfacet
  facet normal 0 -0 -1
    outer loop
      vertex 4.36551 12.6666 0
      vertex 32.173 13.1111 0
      vertex 4.11577 12.2499 0
    endloop
  endfacet
  facet normal 0 0 -1
    outer loop
      vertex 31.6164 14.6667 0
      vertex 4.95 15 0
      vertex 31.6 15 0
    endloop
  endfacet
  facet normal 0 0 -1
    outer loop
      vertex 4.92616 14.5148 0
      vertex 31.6164 14.6667 0
      vertex 31.6653 14.3367 0
    endloop
  endfacet
  facet normal -0 0 -1
    outer loop
      vertex 32.173 13.1111 0
      vertex 4.36551 12.6666 0
      vertex 32.0015 13.3973 0
    endloop
  endfacet
  facet normal 0 0 -1
    outer loop
      vertex -37.1537 -21.5607 0
      vertex 37.1537 -21.5607 0
      vertex 37.3445 -22.3223 0
    endloop
  endfacet
  facet normal 0 0 -1
    outer loop
      vertex -37.3445 -22.3223 0
      vertex 37.3445 -22.3223 0
      vertex 37.609 -23.0615 0
    endloop
  endfacet
  facet normal 0 0 -1
    outer loop
      vertex -37.609 -23.0615 0
      vertex 37.609 -23.0615 0
      vertex 37.9446 -23.7712 0
    endloop
  endfacet
  facet normal 0 0 -1
    outer loop
      vertex -37.9446 -23.7712 0
      vertex 37.9446 -23.7712 0
      vertex 38.3482 -24.4446 0
    endloop
  endfacet
  facet normal 0 0 -1
    outer loop
      vertex -38.3482 -24.4446 0
      vertex 38.3482 -24.4446 0
      vertex 38.8159 -25.0751 0
    endloop
  endfacet
  facet normal -0 0 -1
    outer loop
      vertex 31.6164 14.6667 0
      vertex 4.92616 14.5148 0
      vertex 4.95 15 0
    endloop
  endfacet
  facet normal -0 0 -1
    outer loop
      vertex 31.6653 14.3367 0
      vertex 4.85489 14.0343 0
      vertex 4.92616 14.5148 0
    endloop
  endfacet
  facet normal 0 0 -1
    outer loop
      vertex 31.7464 14.013 0
      vertex 4.85489 14.0343 0
      vertex 31.6653 14.3367 0
    endloop
  endfacet
  facet normal 0 -0 -1
    outer loop
      vertex 4.85489 14.0343 0
      vertex 31.7464 14.013 0
      vertex 4.73685 13.5631 0
    endloop
  endfacet
  facet normal -0 0 -1
    outer loop
      vertex 31.8588 13.6989 0
      vertex 4.73685 13.5631 0
      vertex 31.7464 14.013 0
    endloop
  endfacet
  facet normal 0 0 -1
    outer loop
      vertex -38.8159 -25.0751 0
      vertex 38.8159 -25.0751 0
      vertex 39.3431 -25.6569 0
    endloop
  endfacet
  facet normal 0 -0 -1
    outer loop
      vertex 4.73685 13.5631 0
      vertex 31.8588 13.6989 0
      vertex 4.5732 13.1057 0
    endloop
  endfacet
  facet normal -0 0 -1
    outer loop
      vertex 32.0015 13.3973 0
      vertex 4.5732 13.1057 0
      vertex 31.8588 13.6989 0
    endloop
  endfacet
  facet normal 0 -0 -1
    outer loop
      vertex 4.5732 13.1057 0
      vertex 32.0015 13.3973 0
      vertex 4.36551 12.6666 0
    endloop
  endfacet
  facet normal 0 -0 -1
    outer loop
      vertex 3.8264 11.8598 0
      vertex 32.5958 12.5958 0
      vertex 3.50018 11.4998 0
    endloop
  endfacet
  facet normal 0 0 -1
    outer loop
      vertex 37.609 -16.9385 0
      vertex 2.75007 10.8842 0
      vertex 3.14025 11.1736 0
    endloop
  endfacet
  facet normal 0 0 -1
    outer loop
      vertex 37.3445 -17.6777 0
      vertex 2.33341 10.6345 0
      vertex 2.75007 10.8842 0
    endloop
  endfacet
  facet normal 0 0 -1
    outer loop
      vertex 37.1537 -18.4393 0
      vertex 1.89428 10.4268 0
      vertex 2.33341 10.6345 0
    endloop
  endfacet
  facet normal 0 0 -1
    outer loop
      vertex 37.0385 -19.2159 0
      vertex 1.43691 10.2631 0
      vertex 1.89428 10.4268 0
    endloop
  endfacet
  facet normal 0 0 -1
    outer loop
      vertex 37.0385 -19.2159 0
      vertex 0.965696 10.1451 0
      vertex 1.43691 10.2631 0
    endloop
  endfacet
  facet normal 0 0 -1
    outer loop
      vertex 37 -20 0
      vertex 0.485185 10.0738 0
      vertex 0.965696 10.1451 0
    endloop
  endfacet
  facet normal 0 0 -1
    outer loop
      vertex 37.0385 -20.7841 0
      vertex 0 10.05 0
      vertex 0.485185 10.0738 0
    endloop
  endfacet
  facet normal 0 0 -1
    outer loop
      vertex 37.1537 -21.5607 0
      vertex -37.1537 -21.5607 0
      vertex 0 10.05 0
    endloop
  endfacet
  facet normal 0 0 -1
    outer loop
      vertex -39.3431 -25.6569 0
      vertex 39.3431 -25.6569 0
      vertex 39.9249 -26.1841 0
    endloop
  endfacet
  facet normal 0 -0 -1
    outer loop
      vertex -37.0385 -20.7841 0
      vertex 0 10.05 0
      vertex -37.1537 -21.5607 0
    endloop
  endfacet
  facet normal -0 0 -1
    outer loop
      vertex 0 10.05 0
      vertex -37.0385 -20.7841 0
      vertex -0.485185 10.0738 0
    endloop
  endfacet
  facet normal 0 -0 -1
    outer loop
      vertex -37 -20 0
      vertex -0.485185 10.0738 0
      vertex -37.0385 -20.7841 0
    endloop
  endfacet
  facet normal -0 0 -1
    outer loop
      vertex -0.485185 10.0738 0
      vertex -37 -20 0
      vertex -0.965696 10.1451 0
    endloop
  endfacet
  facet normal 0 0 -1
    outer loop
      vertex -37.0385 -19.2159 0
      vertex -0.965696 10.1451 0
      vertex -37 -20 0
    endloop
  endfacet
  facet normal -0 0 -1
    outer loop
      vertex -0.965696 10.1451 0
      vertex -37.0385 -19.2159 0
      vertex -1.43691 10.2631 0
    endloop
  endfacet
  facet normal 0 0 -1
    outer loop
      vertex -4.92616 14.5148 0
      vertex -31.6 15 0
      vertex -4.95 15 0
    endloop
  endfacet
  facet normal 0 0 -1
    outer loop
      vertex -31.6653 14.3367 0
      vertex -4.92616 14.5148 0
      vertex -4.85489 14.0343 0
    endloop
  endfacet
  facet normal 0 0 -1
    outer loop
      vertex -31.7464 14.013 0
      vertex -4.85489 14.0343 0
      vertex -4.73685 13.5631 0
    endloop
  endfacet
  facet normal 0 0 -1
    outer loop
      vertex -31.8588 13.6989 0
      vertex -4.73685 13.5631 0
      vertex -4.5732 13.1057 0
    endloop
  endfacet
  facet normal 0 0 -1
    outer loop
      vertex -32.0015 13.3973 0
      vertex -4.5732 13.1057 0
      vertex -4.36551 12.6666 0
    endloop
  endfacet
  facet normal 0 0 -1
    outer loop
      vertex -32.173 13.1111 0
      vertex -4.36551 12.6666 0
      vertex -4.11577 12.2499 0
    endloop
  endfacet
  facet normal 0 0 -1
    outer loop
      vertex -32.3718 12.8431 0
      vertex -4.11577 12.2499 0
      vertex -3.8264 11.8598 0
    endloop
  endfacet
  facet normal 0 0 -1
    outer loop
      vertex -32.5958 12.5958 0
      vertex -3.8264 11.8598 0
      vertex -3.50018 11.4998 0
    endloop
  endfacet
  facet normal 0 0 -1
    outer loop
      vertex -37.9446 -16.2288 0
      vertex -3.50018 11.4998 0
      vertex -3.14025 11.1736 0
    endloop
  endfacet
  facet normal -0 0 -1
    outer loop
      vertex -1.43691 10.2631 0
      vertex -37.0385 -19.2159 0
      vertex -1.89428 10.4268 0
    endloop
  endfacet
  facet normal 0 0 -1
    outer loop
      vertex -39.9249 -26.1841 0
      vertex 39.9249 -26.1841 0
      vertex 40.5554 -26.6518 0
    endloop
  endfacet
  facet normal 0 0 -1
    outer loop
      vertex -40.5554 -26.6518 0
      vertex 40.5554 -26.6518 0
      vertex 41.2288 -27.0554 0
    endloop
  endfacet
  facet normal 0 0 -1
    outer loop
      vertex -4.92616 14.5148 0
      vertex -31.6164 14.6667 0
      vertex -31.6 15 0
    endloop
  endfacet
  facet normal -0 0 -1
    outer loop
      vertex -4.92616 14.5148 0
      vertex -31.6653 14.3367 0
      vertex -31.6164 14.6667 0
    endloop
  endfacet
  facet normal -0 0 -1
    outer loop
      vertex -4.85489 14.0343 0
      vertex -31.7464 14.013 0
      vertex -31.6653 14.3367 0
    endloop
  endfacet
  facet normal 0 0 -1
    outer loop
      vertex -4.73685 13.5631 0
      vertex -31.8588 13.6989 0
      vertex -31.7464 14.013 0
    endloop
  endfacet
  facet normal 0 0 -1
    outer loop
      vertex -4.5732 13.1057 0
      vertex -32.0015 13.3973 0
      vertex -31.8588 13.6989 0
    endloop
  endfacet
  facet normal 0 0 -1
    outer loop
      vertex -4.36551 12.6666 0
      vertex -32.173 13.1111 0
      vertex -32.0015 13.3973 0
    endloop
  endfacet
  facet normal 0 0 -1
    outer loop
      vertex -37.609 -16.9385 0
      vertex -2.75007 10.8842 0
      vertex -37.3445 -17.6777 0
    endloop
  endfacet
  facet normal -0 0 -1
    outer loop
      vertex -2.75007 10.8842 0
      vertex -37.609 -16.9385 0
      vertex -3.14025 11.1736 0
    endloop
  endfacet
  facet normal 0 0 -1
    outer loop
      vertex -4.11577 12.2499 0
      vertex -32.3718 12.8431 0
      vertex -32.173 13.1111 0
    endloop
  endfacet
  facet normal 0 0 -1
    outer loop
      vertex -37.9446 -16.2288 0
      vertex -3.14025 11.1736 0
      vertex -37.609 -16.9385 0
    endloop
  endfacet
  facet normal 0 0 -1
    outer loop
      vertex -3.8264 11.8598 0
      vertex -32.5958 12.5958 0
      vertex -32.3718 12.8431 0
    endloop
  endfacet
  facet normal 0 0 -1
    outer loop
      vertex -3.50018 11.4998 0
      vertex -32.8431 12.3718 0
      vertex -32.5958 12.5958 0
    endloop
  endfacet
  facet normal 0 0 -1
    outer loop
      vertex -38.3482 -15.5554 0
      vertex -32.8431 12.3718 0
      vertex -37.9446 -16.2288 0
    endloop
  endfacet
  facet normal 0 0 -1
    outer loop
      vertex -32.8431 12.3718 0
      vertex -38.3482 -15.5554 0
      vertex -33.1111 12.173 0
    endloop
  endfacet
  facet normal 0 0 -1
    outer loop
      vertex -33.1111 12.173 0
      vertex -38.3482 -15.5554 0
      vertex -33.3973 12.0015 0
    endloop
  endfacet
  facet normal 0 0 -1
    outer loop
      vertex -38.8159 -14.9249 0
      vertex -33.3973 12.0015 0
      vertex -38.3482 -15.5554 0
    endloop
  endfacet
  facet normal 0 0 -1
    outer loop
      vertex -33.3973 12.0015 0
      vertex -38.8159 -14.9249 0
      vertex -33.6989 11.8588 0
    endloop
  endfacet
  facet normal 0 0 -1
    outer loop
      vertex -39.3431 -14.3431 0
      vertex -33.6989 11.8588 0
      vertex -38.8159 -14.9249 0
    endloop
  endfacet
  facet normal 0 0 -1
    outer loop
      vertex -33.6989 11.8588 0
      vertex -39.3431 -14.3431 0
      vertex -34.013 11.7464 0
    endloop
  endfacet
  facet normal 0 0 -1
    outer loop
      vertex -39.9249 -13.8159 0
      vertex -34.013 11.7464 0
      vertex -39.3431 -14.3431 0
    endloop
  endfacet
  facet normal 0 0 -1
    outer loop
      vertex -34.013 11.7464 0
      vertex -39.9249 -13.8159 0
      vertex -34.3367 11.6653 0
    endloop
  endfacet
  facet normal -0 0 -1
    outer loop
      vertex -2.33341 10.6345 0
      vertex -37.3445 -17.6777 0
      vertex -2.75007 10.8842 0
    endloop
  endfacet
  facet normal 0 0 -1
    outer loop
      vertex -37.3445 -17.6777 0
      vertex -2.33341 10.6345 0
      vertex -37.1537 -18.4393 0
    endloop
  endfacet
  facet normal 0 0 -1
    outer loop
      vertex -41.2288 -27.0554 0
      vertex 41.2288 -27.0554 0
      vertex 41.9385 -27.391 0
    endloop
  endfacet
  facet normal 0 0 -1
    outer loop
      vertex 42.6777 -27.6555 0
      vertex -42.6777 -27.6555 0
      vertex 41.9385 -27.391 0
    endloop
  endfacet
  facet normal -0 0 -1
    outer loop
      vertex -1.89428 10.4268 0
      vertex -37.1537 -18.4393 0
      vertex -2.33341 10.6345 0
    endloop
  endfacet
  facet normal 0 0 -1
    outer loop
      vertex -37.1537 -18.4393 0
      vertex -1.89428 10.4268 0
      vertex -37.0385 -19.2159 0
    endloop
  endfacet
  facet normal 0 0 -1
    outer loop
      vertex 37.3445 -22.3223 0
      vertex -37.3445 -22.3223 0
      vertex -37.1537 -21.5607 0
    endloop
  endfacet
  facet normal 0 0 -1
    outer loop
      vertex 37.609 -23.0615 0
      vertex -37.609 -23.0615 0
      vertex -37.3445 -22.3223 0
    endloop
  endfacet
  facet normal 0 0 -1
    outer loop
      vertex 37.9446 -23.7712 0
      vertex -37.9446 -23.7712 0
      vertex -37.609 -23.0615 0
    endloop
  endfacet
  facet normal 0 0 -1
    outer loop
      vertex 38.3482 -24.4446 0
      vertex -38.3482 -24.4446 0
      vertex -37.9446 -23.7712 0
    endloop
  endfacet
  facet normal 0 0 -1
    outer loop
      vertex 38.8159 -25.0751 0
      vertex -38.8159 -25.0751 0
      vertex -38.3482 -24.4446 0
    endloop
  endfacet
  facet normal 0 0 -1
    outer loop
      vertex 39.3431 -25.6569 0
      vertex -39.3431 -25.6569 0
      vertex -38.8159 -25.0751 0
    endloop
  endfacet
  facet normal 0 0 -1
    outer loop
      vertex 39.9249 -26.1841 0
      vertex -39.9249 -26.1841 0
      vertex -39.3431 -25.6569 0
    endloop
  endfacet
  facet normal 0 0 -1
    outer loop
      vertex 40.5554 -26.6518 0
      vertex -40.5554 -26.6518 0
      vertex -39.9249 -26.1841 0
    endloop
  endfacet
  facet normal 0 0 -1
    outer loop
      vertex 41.2288 -27.0554 0
      vertex -41.2288 -27.0554 0
      vertex -40.5554 -26.6518 0
    endloop
  endfacet
  facet normal 0 0 -1
    outer loop
      vertex 41.9385 -27.391 0
      vertex -41.9385 -27.391 0
      vertex -41.2288 -27.0554 0
    endloop
  endfacet
  facet normal -0 0 -1
    outer loop
      vertex 41.9385 -27.391 0
      vertex -42.6777 -27.6555 0
      vertex -41.9385 -27.391 0
    endloop
  endfacet
  facet normal 0 0 -1
    outer loop
      vertex -70 -40 0
      vertex -42.6777 -27.6555 0
      vertex 70 -40 0
    endloop
  endfacet
  facet normal 0 0 -1
    outer loop
      vertex -42.6777 -27.6555 0
      vertex -70 -40 0
      vertex -43.4393 -27.8463 0
    endloop
  endfacet
  facet normal 0 0 -1
    outer loop
      vertex -43.4393 -27.8463 0
      vertex -70 -40 0
      vertex -44.2159 -27.9615 0
    endloop
  endfacet
  facet normal 0 0 -1
    outer loop
      vertex -44.2159 -27.9615 0
      vertex -70 -40 0
      vertex -45 -28 0
    endloop
  endfacet
  facet normal -0 0 -1
    outer loop
      vertex -52.9615 -20.7841 0
      vertex -70 -40 0
      vertex -53 -20 0
    endloop
  endfacet
  facet normal -0 0 -1
    outer loop
      vertex -52.8463 -21.5607 0
      vertex -70 -40 0
      vertex -52.9615 -20.7841 0
    endloop
  endfacet
  facet normal -0 0 -1
    outer loop
      vertex -52.6555 -22.3223 0
      vertex -70 -40 0
      vertex -52.8463 -21.5607 0
    endloop
  endfacet
  facet normal -0 0 -1
    outer loop
      vertex -52.391 -23.0615 0
      vertex -70 -40 0
      vertex -52.6555 -22.3223 0
    endloop
  endfacet
  facet normal -0 0 -1
    outer loop
      vertex -52.0554 -23.7712 0
      vertex -70 -40 0
      vertex -52.391 -23.0615 0
    endloop
  endfacet
  facet normal -0 0 -1
    outer loop
      vertex -51.6518 -24.4446 0
      vertex -70 -40 0
      vertex -52.0554 -23.7712 0
    endloop
  endfacet
  facet normal -0 0 -1
    outer loop
      vertex -51.1841 -25.0751 0
      vertex -70 -40 0
      vertex -51.6518 -24.4446 0
    endloop
  endfacet
  facet normal -0 0 -1
    outer loop
      vertex -50.6569 -25.6569 0
      vertex -70 -40 0
      vertex -51.1841 -25.0751 0
    endloop
  endfacet
  facet normal -0 0 -1
    outer loop
      vertex -50.0751 -26.1841 0
      vertex -70 -40 0
      vertex -50.6569 -25.6569 0
    endloop
  endfacet
  facet normal -0 0 -1
    outer loop
      vertex -49.4446 -26.6518 0
      vertex -70 -40 0
      vertex -50.0751 -26.1841 0
    endloop
  endfacet
  facet normal -0 0 -1
    outer loop
      vertex -48.7712 -27.0554 0
      vertex -70 -40 0
      vertex -49.4446 -26.6518 0
    endloop
  endfacet
  facet normal -0 0 -1
    outer loop
      vertex -48.0615 -27.391 0
      vertex -70 -40 0
      vertex -48.7712 -27.0554 0
    endloop
  endfacet
  facet normal -0 0 -1
    outer loop
      vertex -47.3223 -27.6555 0
      vertex -70 -40 0
      vertex -48.0615 -27.391 0
    endloop
  endfacet
  facet normal -0 0 -1
    outer loop
      vertex -46.5607 -27.8463 0
      vertex -70 -40 0
      vertex -47.3223 -27.6555 0
    endloop
  endfacet
  facet normal -0 0 -1
    outer loop
      vertex -45.7841 -27.9615 0
      vertex -70 -40 0
      vertex -46.5607 -27.8463 0
    endloop
  endfacet
  facet normal -0 0 -1
    outer loop
      vertex -45 -28 0
      vertex -70 -40 0
      vertex -45.7841 -27.9615 0
    endloop
  endfacet
  facet normal 0 0 -1
    outer loop
      vertex 52.8463 -18.4393 0
      vertex 70 -40 0
      vertex 52.9615 -19.2159 0
    endloop
  endfacet
  facet normal 0 0 -1
    outer loop
      vertex 52.6555 -17.6777 0
      vertex 70 -40 0
      vertex 52.8463 -18.4393 0
    endloop
  endfacet
  facet normal 0 0 -1
    outer loop
      vertex 70 -40 0
      vertex 52.6555 -17.6777 0
      vertex 70 30 0
    endloop
  endfacet
  facet normal 0 0 -1
    outer loop
      vertex 52.391 -16.9385 0
      vertex 70 30 0
      vertex 52.6555 -17.6777 0
    endloop
  endfacet
  facet normal 0 0 -1
    outer loop
      vertex 52.0554 -16.2288 0
      vertex 70 30 0
      vertex 52.391 -16.9385 0
    endloop
  endfacet
  facet normal 0 0 -1
    outer loop
      vertex 51.6518 -15.5554 0
      vertex 70 30 0
      vertex 52.0554 -16.2288 0
    endloop
  endfacet
  facet normal 0 0 -1
    outer loop
      vertex 51.1841 -14.9249 0
      vertex 70 30 0
      vertex 51.6518 -15.5554 0
    endloop
  endfacet
  facet normal 0 0 -1
    outer loop
      vertex 50.6569 -14.3431 0
      vertex 70 30 0
      vertex 51.1841 -14.9249 0
    endloop
  endfacet
  facet normal 0 0 -1
    outer loop
      vertex 50.0751 -13.8159 0
      vertex 70 30 0
      vertex 50.6569 -14.3431 0
    endloop
  endfacet
  facet normal 0 0 -1
    outer loop
      vertex 49.4446 -13.3482 0
      vertex 70 30 0
      vertex 50.0751 -13.8159 0
    endloop
  endfacet
  facet normal 0 0 -1
    outer loop
      vertex 48.7712 -12.9446 0
      vertex 70 30 0
      vertex 49.4446 -13.3482 0
    endloop
  endfacet
  facet normal 0 0 -1
    outer loop
      vertex 38.3836 14.6667 0
      vertex 48.7712 -12.9446 0
      vertex 48.0615 -12.609 0
    endloop
  endfacet
  facet normal 0 0 -1
    outer loop
      vertex 38.3836 14.6667 0
      vertex 48.0615 -12.609 0
      vertex 47.3223 -12.3445 0
    endloop
  endfacet
  facet normal 0 0 -1
    outer loop
      vertex 38.3836 14.6667 0
      vertex 47.3223 -12.3445 0
      vertex 46.5607 -12.1537 0
    endloop
  endfacet
  facet normal 0 0 -1
    outer loop
      vertex 38.3836 14.6667 0
      vertex 46.5607 -12.1537 0
      vertex 45.7841 -12.0385 0
    endloop
  endfacet
  facet normal 0 0 -1
    outer loop
      vertex 38.3836 14.6667 0
      vertex 45.7841 -12.0385 0
      vertex 45 -12 0
    endloop
  endfacet
  facet normal 0 0 -1
    outer loop
      vertex 38.3836 14.6667 0
      vertex 45 -12 0
      vertex 44.2159 -12.0385 0
    endloop
  endfacet
  facet normal 0 0 -1
    outer loop
      vertex 38.3836 14.6667 0
      vertex 44.2159 -12.0385 0
      vertex 43.4393 -12.1537 0
    endloop
  endfacet
  facet normal 0 0 -1
    outer loop
      vertex 38.3836 14.6667 0
      vertex 43.4393 -12.1537 0
      vertex 42.6777 -12.3445 0
    endloop
  endfacet
  facet normal 0 0 -1
    outer loop
      vertex 38.3836 14.6667 0
      vertex 42.6777 -12.3445 0
      vertex 41.9385 -12.609 0
    endloop
  endfacet
  facet normal 0 0 -1
    outer loop
      vertex 38.3836 14.6667 0
      vertex 41.9385 -12.609 0
      vertex 41.2288 -12.9446 0
    endloop
  endfacet
  facet normal 0 0 -1
    outer loop
      vertex 38.3836 14.6667 0
      vertex 41.2288 -12.9446 0
      vertex 40.5554 -13.3482 0
    endloop
  endfacet
  facet normal 0 0 -1
    outer loop
      vertex 38.3836 14.6667 0
      vertex 40.5554 -13.3482 0
      vertex 39.9249 -13.8159 0
    endloop
  endfacet
  facet normal 0 0 -1
    outer loop
      vertex 38.3836 14.6667 0
      vertex 39.9249 -13.8159 0
      vertex 39.3431 -14.3431 0
    endloop
  endfacet
  facet normal 0 0 -1
    outer loop
      vertex 33.6989 11.8588 0
      vertex 39.3431 -14.3431 0
      vertex 38.8159 -14.9249 0
    endloop
  endfacet
  facet normal 0 0 -1
    outer loop
      vertex 38.3836 14.6667 0
      vertex 70 30 0
      vertex 48.7712 -12.9446 0
    endloop
  endfacet
  facet normal 0 0 -1
    outer loop
      vertex 38.3836 15.3333 0
      vertex 70 30 0
      vertex 38.4 15 0
    endloop
  endfacet
  facet normal 0 0 -1
    outer loop
      vertex 38.3347 15.6633 0
      vertex 70 30 0
      vertex 38.3836 15.3333 0
    endloop
  endfacet
  facet normal 0 0 -1
    outer loop
      vertex 38.2536 15.987 0
      vertex 70 30 0
      vertex 38.3347 15.6633 0
    endloop
  endfacet
  facet normal 0 0 -1
    outer loop
      vertex 38.1412 16.3011 0
      vertex 70 30 0
      vertex 38.2536 15.987 0
    endloop
  endfacet
  facet normal 0 0 -1
    outer loop
      vertex 37.9985 16.6027 0
      vertex 70 30 0
      vertex 38.1412 16.3011 0
    endloop
  endfacet
  facet normal 0 0 -1
    outer loop
      vertex 37.827 16.8889 0
      vertex 70 30 0
      vertex 37.9985 16.6027 0
    endloop
  endfacet
  facet normal 0 0 -1
    outer loop
      vertex 37.6282 17.1569 0
      vertex 70 30 0
      vertex 37.827 16.8889 0
    endloop
  endfacet
  facet normal 0 0 -1
    outer loop
      vertex 37.4042 17.4042 0
      vertex 70 30 0
      vertex 37.6282 17.1569 0
    endloop
  endfacet
  facet normal 0 0 -1
    outer loop
      vertex 37.1569 17.6282 0
      vertex 70 30 0
      vertex 37.4042 17.4042 0
    endloop
  endfacet
  facet normal 0 0 -1
    outer loop
      vertex 36.8889 17.827 0
      vertex 70 30 0
      vertex 37.1569 17.6282 0
    endloop
  endfacet
  facet normal 0 0 -1
    outer loop
      vertex 36.6027 17.9985 0
      vertex 70 30 0
      vertex 36.8889 17.827 0
    endloop
  endfacet
  facet normal 0 0 -1
    outer loop
      vertex 36.3011 18.1412 0
      vertex 70 30 0
      vertex 36.6027 17.9985 0
    endloop
  endfacet
  facet normal 0 0 -1
    outer loop
      vertex 35.987 18.2536 0
      vertex 70 30 0
      vertex 36.3011 18.1412 0
    endloop
  endfacet
  facet normal 0 0 -1
    outer loop
      vertex 35.6633 18.3347 0
      vertex 70 30 0
      vertex 35.987 18.2536 0
    endloop
  endfacet
  facet normal 0 0 -1
    outer loop
      vertex 35.3333 18.3836 0
      vertex 70 30 0
      vertex 35.6633 18.3347 0
    endloop
  endfacet
  facet normal 0 0 -1
    outer loop
      vertex 35 18.4 0
      vertex 70 30 0
      vertex 35.3333 18.3836 0
    endloop
  endfacet
  facet normal 0 0 -1
    outer loop
      vertex 34.6667 18.3836 0
      vertex 70 30 0
      vertex 35 18.4 0
    endloop
  endfacet
  facet normal 0 0 -1
    outer loop
      vertex 0.965696 19.8549 0
      vertex 34.6667 18.3836 0
      vertex 34.3367 18.3347 0
    endloop
  endfacet
  facet normal 0 0 -1
    outer loop
      vertex 1.43691 19.7369 0
      vertex 34.3367 18.3347 0
      vertex 34.013 18.2536 0
    endloop
  endfacet
  facet normal 0 0 -1
    outer loop
      vertex 4.95 15 0
      vertex 31.6164 15.3333 0
      vertex 31.6 15 0
    endloop
  endfacet
  facet normal 0 0 -1
    outer loop
      vertex 4.92616 15.4852 0
      vertex 31.6164 15.3333 0
      vertex 4.95 15 0
    endloop
  endfacet
  facet normal 0 0 -1
    outer loop
      vertex 31.6164 15.3333 0
      vertex 4.92616 15.4852 0
      vertex 31.6653 15.6633 0
    endloop
  endfacet
  facet normal 0 0 -1
    outer loop
      vertex 4.85489 15.9657 0
      vertex 31.6653 15.6633 0
      vertex 4.92616 15.4852 0
    endloop
  endfacet
  facet normal 0 0 -1
    outer loop
      vertex 31.6653 15.6633 0
      vertex 4.85489 15.9657 0
      vertex 31.7464 15.987 0
    endloop
  endfacet
  facet normal 0 0 -1
    outer loop
      vertex 4.73685 16.4369 0
      vertex 31.7464 15.987 0
      vertex 4.85489 15.9657 0
    endloop
  endfacet
  facet normal 0 0 -1
    outer loop
      vertex 31.7464 15.987 0
      vertex 4.73685 16.4369 0
      vertex 31.8588 16.3011 0
    endloop
  endfacet
  facet normal 0 0 -1
    outer loop
      vertex 4.5732 16.8943 0
      vertex 31.8588 16.3011 0
      vertex 4.73685 16.4369 0
    endloop
  endfacet
  facet normal 0 0 -1
    outer loop
      vertex 31.8588 16.3011 0
      vertex 4.5732 16.8943 0
      vertex 32.0015 16.6027 0
    endloop
  endfacet
  facet normal 0 0 -1
    outer loop
      vertex 4.36551 17.3334 0
      vertex 32.0015 16.6027 0
      vertex 4.5732 16.8943 0
    endloop
  endfacet
  facet normal 0 0 -1
    outer loop
      vertex 32.0015 16.6027 0
      vertex 4.36551 17.3334 0
      vertex 32.173 16.8889 0
    endloop
  endfacet
  facet normal 0 0 -1
    outer loop
      vertex 4.11577 17.7501 0
      vertex 32.173 16.8889 0
      vertex 4.36551 17.3334 0
    endloop
  endfacet
  facet normal 0 0 -1
    outer loop
      vertex 32.173 16.8889 0
      vertex 4.11577 17.7501 0
      vertex 32.3718 17.1569 0
    endloop
  endfacet
  facet normal 0 0 -1
    outer loop
      vertex 3.8264 18.1402 0
      vertex 32.3718 17.1569 0
      vertex 4.11577 17.7501 0
    endloop
  endfacet
  facet normal 0 0 -1
    outer loop
      vertex 32.3718 17.1569 0
      vertex 3.8264 18.1402 0
      vertex 32.5958 17.4042 0
    endloop
  endfacet
  facet normal 0 0 -1
    outer loop
      vertex 3.50018 18.5002 0
      vertex 32.5958 17.4042 0
      vertex 3.8264 18.1402 0
    endloop
  endfacet
  facet normal 0 0 -1
    outer loop
      vertex 32.5958 17.4042 0
      vertex 3.50018 18.5002 0
      vertex 32.8431 17.6282 0
    endloop
  endfacet
  facet normal 0 0 -1
    outer loop
      vertex 3.14025 18.8264 0
      vertex 32.8431 17.6282 0
      vertex 3.50018 18.5002 0
    endloop
  endfacet
  facet normal 0 0 -1
    outer loop
      vertex 32.8431 17.6282 0
      vertex 3.14025 18.8264 0
      vertex 33.1111 17.827 0
    endloop
  endfacet
  facet normal 0 0 -1
    outer loop
      vertex 2.75007 19.1158 0
      vertex 33.1111 17.827 0
      vertex 3.14025 18.8264 0
    endloop
  endfacet
  facet normal 0 0 -1
    outer loop
      vertex 33.1111 17.827 0
      vertex 2.75007 19.1158 0
      vertex 33.3973 17.9985 0
    endloop
  endfacet
  facet normal 0 0 -1
    outer loop
      vertex 2.33341 19.3655 0
      vertex 33.3973 17.9985 0
      vertex 2.75007 19.1158 0
    endloop
  endfacet
  facet normal 0 0 -1
    outer loop
      vertex 33.3973 17.9985 0
      vertex 2.33341 19.3655 0
      vertex 33.6989 18.1412 0
    endloop
  endfacet
  facet normal 0 0 -1
    outer loop
      vertex 1.89428 19.5732 0
      vertex 33.6989 18.1412 0
      vertex 2.33341 19.3655 0
    endloop
  endfacet
  facet normal 0 0 -1
    outer loop
      vertex 33.6989 18.1412 0
      vertex 1.89428 19.5732 0
      vertex 34.013 18.2536 0
    endloop
  endfacet
  facet normal 0 0 -1
    outer loop
      vertex 1.43691 19.7369 0
      vertex 34.013 18.2536 0
      vertex 1.89428 19.5732 0
    endloop
  endfacet
  facet normal 0 0 -1
    outer loop
      vertex 34.3367 18.3347 0
      vertex 1.43691 19.7369 0
      vertex 0.965696 19.8549 0
    endloop
  endfacet
  facet normal 0 0 -1
    outer loop
      vertex 34.6667 18.3836 0
      vertex 0.965696 19.8549 0
      vertex 70 30 0
    endloop
  endfacet
  facet normal 0 0 -1
    outer loop
      vertex 0.485185 19.9262 0
      vertex 70 30 0
      vertex 0.965696 19.8549 0
    endloop
  endfacet
  facet normal 0 0 -1
    outer loop
      vertex 0 19.95 0
      vertex 70 30 0
      vertex 0.485185 19.9262 0
    endloop
  endfacet
  facet normal 0 0 -1
    outer loop
      vertex -70 30 0
      vertex 0 19.95 0
      vertex -0.485185 19.9262 0
    endloop
  endfacet
  facet normal 0 0 -1
    outer loop
      vertex -31.6 15 0
      vertex -4.92616 15.4852 0
      vertex -4.95 15 0
    endloop
  endfacet
  facet normal 0 0 -1
    outer loop
      vertex -31.6164 15.3333 0
      vertex -4.92616 15.4852 0
      vertex -31.6 15 0
    endloop
  endfacet
  facet normal 0 0 -1
    outer loop
      vertex -31.6653 15.6633 0
      vertex -4.92616 15.4852 0
      vertex -31.6164 15.3333 0
    endloop
  endfacet
  facet normal 0 0 -1
    outer loop
      vertex -4.92616 15.4852 0
      vertex -31.6653 15.6633 0
      vertex -4.85489 15.9657 0
    endloop
  endfacet
  facet normal 0 0 -1
    outer loop
      vertex -31.7464 15.987 0
      vertex -4.85489 15.9657 0
      vertex -31.6653 15.6633 0
    endloop
  endfacet
  facet normal 0 0 -1
    outer loop
      vertex -4.85489 15.9657 0
      vertex -31.7464 15.987 0
      vertex -4.73685 16.4369 0
    endloop
  endfacet
  facet normal 0 0 -1
    outer loop
      vertex -31.8588 16.3011 0
      vertex -4.73685 16.4369 0
      vertex -31.7464 15.987 0
    endloop
  endfacet
  facet normal -0 0 -1
    outer loop
      vertex -4.73685 16.4369 0
      vertex -31.8588 16.3011 0
      vertex -4.5732 16.8943 0
    endloop
  endfacet
  facet normal 0 0 -1
    outer loop
      vertex -32.0015 16.6027 0
      vertex -4.5732 16.8943 0
      vertex -31.8588 16.3011 0
    endloop
  endfacet
  facet normal -0 0 -1
    outer loop
      vertex -4.5732 16.8943 0
      vertex -32.0015 16.6027 0
      vertex -4.36551 17.3334 0
    endloop
  endfacet
  facet normal 0 0 -1
    outer loop
      vertex -32.173 16.8889 0
      vertex -4.36551 17.3334 0
      vertex -32.0015 16.6027 0
    endloop
  endfacet
  facet normal -0 0 -1
    outer loop
      vertex -4.36551 17.3334 0
      vertex -32.173 16.8889 0
      vertex -4.11577 17.7501 0
    endloop
  endfacet
  facet normal 0 0 -1
    outer loop
      vertex -32.3718 17.1569 0
      vertex -4.11577 17.7501 0
      vertex -32.173 16.8889 0
    endloop
  endfacet
  facet normal -0 0 -1
    outer loop
      vertex -4.11577 17.7501 0
      vertex -32.3718 17.1569 0
      vertex -3.8264 18.1402 0
    endloop
  endfacet
  facet normal 0 0 -1
    outer loop
      vertex -32.5958 17.4042 0
      vertex -3.8264 18.1402 0
      vertex -32.3718 17.1569 0
    endloop
  endfacet
  facet normal -0 0 -1
    outer loop
      vertex -3.8264 18.1402 0
      vertex -32.5958 17.4042 0
      vertex -3.50018 18.5002 0
    endloop
  endfacet
  facet normal 0 0 -1
    outer loop
      vertex -32.8431 17.6282 0
      vertex -3.50018 18.5002 0
      vertex -32.5958 17.4042 0
    endloop
  endfacet
  facet normal -0 0 -1
    outer loop
      vertex -3.50018 18.5002 0
      vertex -32.8431 17.6282 0
      vertex -3.14025 18.8264 0
    endloop
  endfacet
  facet normal 0 0 -1
    outer loop
      vertex -33.1111 17.827 0
      vertex -3.14025 18.8264 0
      vertex -32.8431 17.6282 0
    endloop
  endfacet
  facet normal -0 0 -1
    outer loop
      vertex -3.14025 18.8264 0
      vertex -33.1111 17.827 0
      vertex -2.75007 19.1158 0
    endloop
  endfacet
  facet normal 0 0 -1
    outer loop
      vertex -33.3973 17.9985 0
      vertex -2.75007 19.1158 0
      vertex -33.1111 17.827 0
    endloop
  endfacet
  facet normal -0 0 -1
    outer loop
      vertex -2.75007 19.1158 0
      vertex -33.3973 17.9985 0
      vertex -2.33341 19.3655 0
    endloop
  endfacet
  facet normal 0 0 -1
    outer loop
      vertex -33.6989 18.1412 0
      vertex -2.33341 19.3655 0
      vertex -33.3973 17.9985 0
    endloop
  endfacet
  facet normal -0 0 -1
    outer loop
      vertex -2.33341 19.3655 0
      vertex -33.6989 18.1412 0
      vertex -1.89428 19.5732 0
    endloop
  endfacet
  facet normal 0 0 -1
    outer loop
      vertex -34.013 18.2536 0
      vertex -1.89428 19.5732 0
      vertex -33.6989 18.1412 0
    endloop
  endfacet
  facet normal -0 0 -1
    outer loop
      vertex -1.89428 19.5732 0
      vertex -34.013 18.2536 0
      vertex -1.43691 19.7369 0
    endloop
  endfacet
  facet normal 0 0 -1
    outer loop
      vertex -34.3367 18.3347 0
      vertex -1.43691 19.7369 0
      vertex -34.013 18.2536 0
    endloop
  endfacet
  facet normal -0 0 -1
    outer loop
      vertex -1.43691 19.7369 0
      vertex -34.3367 18.3347 0
      vertex -0.965696 19.8549 0
    endloop
  endfacet
  facet normal 0 0 -1
    outer loop
      vertex -34.6667 18.3836 0
      vertex -0.965696 19.8549 0
      vertex -34.3367 18.3347 0
    endloop
  endfacet
  facet normal 0 0 -1
    outer loop
      vertex -70 30 0
      vertex -0.965696 19.8549 0
      vertex -34.6667 18.3836 0
    endloop
  endfacet
  facet normal 0 0 -1
    outer loop
      vertex -0.965696 19.8549 0
      vertex -70 30 0
      vertex -0.485185 19.9262 0
    endloop
  endfacet
  facet normal 0 0 -1
    outer loop
      vertex -70 30 0
      vertex -34.6667 18.3836 0
      vertex -35 18.4 0
    endloop
  endfacet
  facet normal 0 0 -1
    outer loop
      vertex -70 30 0
      vertex -35 18.4 0
      vertex -35.3333 18.3836 0
    endloop
  endfacet
  facet normal 0 0 -1
    outer loop
      vertex -45.7841 -12.0385 0
      vertex -37.1569 12.3718 0
      vertex -45 -12 0
    endloop
  endfacet
  facet normal -0 0 -1
    outer loop
      vertex -37.1569 12.3718 0
      vertex -45.7841 -12.0385 0
      vertex -37.4042 12.5958 0
    endloop
  endfacet
  facet normal 0 0 -1
    outer loop
      vertex -46.5607 -12.1537 0
      vertex -37.4042 12.5958 0
      vertex -45.7841 -12.0385 0
    endloop
  endfacet
  facet normal -0 0 -1
    outer loop
      vertex -37.4042 12.5958 0
      vertex -46.5607 -12.1537 0
      vertex -37.6282 12.8431 0
    endloop
  endfacet
  facet normal -0 0 -1
    outer loop
      vertex -37.6282 12.8431 0
      vertex -46.5607 -12.1537 0
      vertex -37.827 13.1111 0
    endloop
  endfacet
  facet normal 0 0 -1
    outer loop
      vertex -47.3223 -12.3445 0
      vertex -37.827 13.1111 0
      vertex -46.5607 -12.1537 0
    endloop
  endfacet
  facet normal -0 0 -1
    outer loop
      vertex -37.827 13.1111 0
      vertex -47.3223 -12.3445 0
      vertex -37.9985 13.3973 0
    endloop
  endfacet
  facet normal 0 0 -1
    outer loop
      vertex -48.0615 -12.609 0
      vertex -37.9985 13.3973 0
      vertex -47.3223 -12.3445 0
    endloop
  endfacet
  facet normal -0 0 -1
    outer loop
      vertex -37.9985 13.3973 0
      vertex -48.0615 -12.609 0
      vertex -38.1412 13.6989 0
    endloop
  endfacet
  facet normal 0 0 -1
    outer loop
      vertex -48.7712 -12.9446 0
      vertex -38.1412 13.6989 0
      vertex -48.0615 -12.609 0
    endloop
  endfacet
  facet normal -0 0 -1
    outer loop
      vertex -38.1412 13.6989 0
      vertex -48.7712 -12.9446 0
      vertex -38.2536 14.013 0
    endloop
  endfacet
  facet normal 0 0 -1
    outer loop
      vertex -70 30 0
      vertex -38.2536 14.013 0
      vertex -48.7712 -12.9446 0
    endloop
  endfacet
  facet normal 0 0 -1
    outer loop
      vertex -38.2536 14.013 0
      vertex -70 30 0
      vertex -38.3347 14.3367 0
    endloop
  endfacet
  facet normal 0 0 -1
    outer loop
      vertex -38.3347 14.3367 0
      vertex -70 30 0
      vertex -38.3836 14.6667 0
    endloop
  endfacet
  facet normal 0 0 -1
    outer loop
      vertex -38.3836 14.6667 0
      vertex -70 30 0
      vertex -38.4 15 0
    endloop
  endfacet
  facet normal 0 0 -1
    outer loop
      vertex -38.4 15 0
      vertex -70 30 0
      vertex -38.3836 15.3333 0
    endloop
  endfacet
  facet normal 0 0 -1
    outer loop
      vertex -38.3836 15.3333 0
      vertex -70 30 0
      vertex -38.3347 15.6633 0
    endloop
  endfacet
  facet normal 0 0 -1
    outer loop
      vertex -38.3347 15.6633 0
      vertex -70 30 0
      vertex -38.2536 15.987 0
    endloop
  endfacet
  facet normal 0 0 -1
    outer loop
      vertex -70 30 0
      vertex -48.7712 -12.9446 0
      vertex -49.4446 -13.3482 0
    endloop
  endfacet
  facet normal 0 0 -1
    outer loop
      vertex -70 30 0
      vertex -49.4446 -13.3482 0
      vertex -50.0751 -13.8159 0
    endloop
  endfacet
  facet normal 0 0 -1
    outer loop
      vertex -70 30 0
      vertex -50.0751 -13.8159 0
      vertex -50.6569 -14.3431 0
    endloop
  endfacet
  facet normal 0 0 -1
    outer loop
      vertex -70 30 0
      vertex -50.6569 -14.3431 0
      vertex -51.1841 -14.9249 0
    endloop
  endfacet
  facet normal 0 0 -1
    outer loop
      vertex -70 30 0
      vertex -51.1841 -14.9249 0
      vertex -51.6518 -15.5554 0
    endloop
  endfacet
  facet normal 0 0 -1
    outer loop
      vertex -70 30 0
      vertex -51.6518 -15.5554 0
      vertex -52.0554 -16.2288 0
    endloop
  endfacet
  facet normal 0 0 -1
    outer loop
      vertex -70 30 0
      vertex -52.0554 -16.2288 0
      vertex -52.391 -16.9385 0
    endloop
  endfacet
  facet normal 0 0 -1
    outer loop
      vertex -70 -40 0
      vertex -52.9615 -19.2159 0
      vertex -53 -20 0
    endloop
  endfacet
  facet normal 0 0 -1
    outer loop
      vertex -70 -40 0
      vertex -52.8463 -18.4393 0
      vertex -52.9615 -19.2159 0
    endloop
  endfacet
  facet normal 0 0 -1
    outer loop
      vertex -70 -40 0
      vertex -52.6555 -17.6777 0
      vertex -52.8463 -18.4393 0
    endloop
  endfacet
  facet normal 0 0 -1
    outer loop
      vertex -70 30 0
      vertex -52.6555 -17.6777 0
      vertex -70 -40 0
    endloop
  endfacet
  facet normal 0 0 -1
    outer loop
      vertex -52.6555 -17.6777 0
      vertex -70 30 0
      vertex -52.391 -16.9385 0
    endloop
  endfacet
  facet normal 0 0 -1
    outer loop
      vertex -38.2536 15.987 0
      vertex -70 30 0
      vertex -38.1412 16.3011 0
    endloop
  endfacet
  facet normal 0 0 -1
    outer loop
      vertex 0 19.95 0
      vertex -70 30 0
      vertex 70 30 0
    endloop
  endfacet
  facet normal 0 0 -1
    outer loop
      vertex -35.6633 18.3347 0
      vertex -70 30 0
      vertex -35.3333 18.3836 0
    endloop
  endfacet
  facet normal 0 0 -1
    outer loop
      vertex -35.987 18.2536 0
      vertex -70 30 0
      vertex -35.6633 18.3347 0
    endloop
  endfacet
  facet normal 0 0 -1
    outer loop
      vertex -36.3011 18.1412 0
      vertex -70 30 0
      vertex -35.987 18.2536 0
    endloop
  endfacet
  facet normal 0 0 -1
    outer loop
      vertex -36.6027 17.9985 0
      vertex -70 30 0
      vertex -36.3011 18.1412 0
    endloop
  endfacet
  facet normal 0 0 -1
    outer loop
      vertex -36.8889 17.827 0
      vertex -70 30 0
      vertex -36.6027 17.9985 0
    endloop
  endfacet
  facet normal 0 0 -1
    outer loop
      vertex -37.1569 17.6282 0
      vertex -70 30 0
      vertex -36.8889 17.827 0
    endloop
  endfacet
  facet normal 0 0 -1
    outer loop
      vertex -37.4042 17.4042 0
      vertex -70 30 0
      vertex -37.1569 17.6282 0
    endloop
  endfacet
  facet normal 0 0 -1
    outer loop
      vertex -37.6282 17.1569 0
      vertex -70 30 0
      vertex -37.4042 17.4042 0
    endloop
  endfacet
  facet normal 0 0 -1
    outer loop
      vertex -37.827 16.8889 0
      vertex -70 30 0
      vertex -37.6282 17.1569 0
    endloop
  endfacet
  facet normal 0 0 -1
    outer loop
      vertex -37.9985 16.6027 0
      vertex -70 30 0
      vertex -37.827 16.8889 0
    endloop
  endfacet
  facet normal 0 0 -1
    outer loop
      vertex -38.1412 16.3011 0
      vertex -70 30 0
      vertex -37.9985 16.6027 0
    endloop
  endfacet
  facet normal -0 0 -1
    outer loop
      vertex -3.50018 11.4998 0
      vertex -37.9446 -16.2288 0
      vertex -32.8431 12.3718 0
    endloop
  endfacet
  facet normal 0 0 -1
    outer loop
      vertex -40.5554 -13.3482 0
      vertex -34.3367 11.6653 0
      vertex -39.9249 -13.8159 0
    endloop
  endfacet
  facet normal 0 0 -1
    outer loop
      vertex -34.3367 11.6653 0
      vertex -40.5554 -13.3482 0
      vertex -34.6667 11.6164 0
    endloop
  endfacet
  facet normal 0 0 -1
    outer loop
      vertex -41.2288 -12.9446 0
      vertex -34.6667 11.6164 0
      vertex -40.5554 -13.3482 0
    endloop
  endfacet
  facet normal 0 0 -1
    outer loop
      vertex -34.6667 11.6164 0
      vertex -41.2288 -12.9446 0
      vertex -35 11.6 0
    endloop
  endfacet
  facet normal -0 0 -1
    outer loop
      vertex -35 11.6 0
      vertex -41.2288 -12.9446 0
      vertex -35.3333 11.6164 0
    endloop
  endfacet
  facet normal 0 0 -1
    outer loop
      vertex -41.9385 -12.609 0
      vertex -35.3333 11.6164 0
      vertex -41.2288 -12.9446 0
    endloop
  endfacet
  facet normal -0 0 -1
    outer loop
      vertex -35.3333 11.6164 0
      vertex -41.9385 -12.609 0
      vertex -35.6633 11.6653 0
    endloop
  endfacet
  facet normal 0 0 -1
    outer loop
      vertex -42.6777 -12.3445 0
      vertex -35.6633 11.6653 0
      vertex -41.9385 -12.609 0
    endloop
  endfacet
  facet normal -0 0 -1
    outer loop
      vertex -35.6633 11.6653 0
      vertex -42.6777 -12.3445 0
      vertex -35.987 11.7464 0
    endloop
  endfacet
  facet normal 0 0 -1
    outer loop
      vertex -43.4393 -12.1537 0
      vertex -35.987 11.7464 0
      vertex -42.6777 -12.3445 0
    endloop
  endfacet
  facet normal -0 0 -1
    outer loop
      vertex -35.987 11.7464 0
      vertex -43.4393 -12.1537 0
      vertex -36.3011 11.8588 0
    endloop
  endfacet
  facet normal -0 0 -1
    outer loop
      vertex -36.3011 11.8588 0
      vertex -43.4393 -12.1537 0
      vertex -36.6027 12.0015 0
    endloop
  endfacet
  facet normal 0 0 -1
    outer loop
      vertex -44.2159 -12.0385 0
      vertex -36.6027 12.0015 0
      vertex -43.4393 -12.1537 0
    endloop
  endfacet
  facet normal -0 0 -1
    outer loop
      vertex -36.6027 12.0015 0
      vertex -44.2159 -12.0385 0
      vertex -36.8889 12.173 0
    endloop
  endfacet
  facet normal 0 0 -1
    outer loop
      vertex -45 -12 0
      vertex -36.8889 12.173 0
      vertex -44.2159 -12.0385 0
    endloop
  endfacet
  facet normal -0 0 -1
    outer loop
      vertex -36.8889 12.173 0
      vertex -45 -12 0
      vertex -37.1569 12.3718 0
    endloop
  endfacet
  facet normal 1 0 0
    outer loop
      vertex 70 13.35 57
      vertex 70 0 57
      vertex 70 13.35 54
    endloop
  endfacet
  facet normal 1 0 0
    outer loop
      vertex 70 20.65 54
      vertex 70 30 57
      vertex 70 20.65 57
    endloop
  endfacet
  facet normal 1 0 0
    outer loop
      vertex 70 30 57
      vertex 70 20.65 54
      vertex 70 30 0
    endloop
  endfacet
  facet normal 1 0 0
    outer loop
      vertex 70 0 25
      vertex 70 20.65 54
      vertex 70 13.35 54
    endloop
  endfacet
  facet normal 1 0 0
    outer loop
      vertex 70 0 25
      vertex 70 13.35 54
      vertex 70 0 57
    endloop
  endfacet
  facet normal 1 0 0
    outer loop
      vertex 70 20.65 54
      vertex 70 0 25
      vertex 70 30 0
    endloop
  endfacet
  facet normal 1 0 0
    outer loop
      vertex 70 -40 0
      vertex 70 0 25
      vertex 70 -40 25
    endloop
  endfacet
  facet normal 1 0 0
    outer loop
      vertex 70 0 25
      vertex 70 -40 0
      vertex 70 30 0
    endloop
  endfacet
  facet normal -0.243015 0 0.970023
    outer loop
      vertex -64.3223 26 64.6555
      vertex -63.5607 0 64.8463
      vertex -63.5607 26 64.8463
    endloop
  endfacet
  facet normal -0.243015 0 0.970023
    outer loop
      vertex -63.5607 0 64.8463
      vertex -64.3223 26 64.6555
      vertex -64.3223 0 64.6555
    endloop
  endfacet
  facet normal -1 0 0
    outer loop
      vertex -70 30 0
      vertex -70 20.65 54
      vertex -70 30 57
    endloop
  endfacet
  facet normal -1 0 0
    outer loop
      vertex -70 0 25
      vertex -70 20.65 54
      vertex -70 30 0
    endloop
  endfacet
  facet normal -1 0 0
    outer loop
      vertex -70 0 57
      vertex -70 13.35 54
      vertex -70 0 25
    endloop
  endfacet
  facet normal -1 -0 0
    outer loop
      vertex -70 20.65 54
      vertex -70 0 25
      vertex -70 13.35 54
    endloop
  endfacet
  facet normal -1 0 0
    outer loop
      vertex -70 -40 0
      vertex -70 0 25
      vertex -70 30 0
    endloop
  endfacet
  facet normal -1 -0 0
    outer loop
      vertex -70 0 25
      vertex -70 -40 0
      vertex -70 -40 25
    endloop
  endfacet
  facet normal -1 -0 0
    outer loop
      vertex -70 30 57
      vertex -70 20.65 54
      vertex -70 20.65 57
    endloop
  endfacet
  facet normal -1 0 0
    outer loop
      vertex -70 13.35 54
      vertex -70 0 57
      vertex -70 13.35 57
    endloop
  endfacet
  facet normal 0.67148 0 0.741023
    outer loop
      vertex 67.0751 30 63.1841
      vertex 67.6569 0 62.6569
      vertex 67.6569 30 62.6569
    endloop
  endfacet
  facet normal 0.67148 0 0.741023
    outer loop
      vertex 67.6569 0 62.6569
      vertex 67.0751 30 63.1841
      vertex 67.0751 0 63.1841
    endloop
  endfacet
  facet normal -0.998789 0 0.0491904
    outer loop
      vertex -70 13.35 57
      vertex -70 0 57
      vertex -69.9803 13.35 57.4
    endloop
  endfacet
  facet normal -0.998789 0 0.0491904
    outer loop
      vertex -69.9803 20.65 57.4
      vertex -70 30 57
      vertex -70 20.65 57
    endloop
  endfacet
  facet normal -0.998797 -6.37179e-06 0.0490418
    outer loop
      vertex -70 30 57
      vertex -69.9803 20.65 57.4
      vertex -69.9615 30 57.7841
    endloop
  endfacet
  facet normal -0.998804 0 0.0488871
    outer loop
      vertex -69.9803 13.35 57.4
      vertex -69.9615 30 57.7841
      vertex -69.9803 20.65 57.4
    endloop
  endfacet
  facet normal -0.998804 0 0.0488871
    outer loop
      vertex -69.9803 13.35 57.4
      vertex -69.9615 0 57.7841
      vertex -69.9615 30 57.7841
    endloop
  endfacet
  facet normal -0.998797 4.46264e-06 0.0490418
    outer loop
      vertex -69.9615 0 57.7841
      vertex -69.9803 13.35 57.4
      vertex -70 0 57
    endloop
  endfacet
  facet normal 0.94154 -0 0.336901
    outer loop
      vertex 69.391 0 60.0615
      vertex 69.6555 30 59.3223
      vertex 69.391 30 60.0615
    endloop
  endfacet
  facet normal 0.94154 0 0.336901
    outer loop
      vertex 69.6555 30 59.3223
      vertex 69.391 0 60.0615
      vertex 69.6555 0 59.3223
    endloop
  endfacet
  facet normal 0.85774 -0 0.514084
    outer loop
      vertex 68.6518 0 61.4446
      vertex 69.0554 30 60.7712
      vertex 68.6518 30 61.4446
    endloop
  endfacet
  facet normal 0.85774 0 0.514084
    outer loop
      vertex 69.0554 30 60.7712
      vertex 68.6518 0 61.4446
      vertex 69.0554 0 60.7712
    endloop
  endfacet
  facet normal -0.595773 0 0.803153
    outer loop
      vertex -67.0751 30 63.1841
      vertex -66.4446 0 63.6518
      vertex -66.4446 30 63.6518
    endloop
  endfacet
  facet normal -0.595773 0 0.803153
    outer loop
      vertex -66.4446 0 63.6518
      vertex -67.0751 30 63.1841
      vertex -67.0751 0 63.1841
    endloop
  endfacet
  facet normal 0.336901 0 0.94154
    outer loop
      vertex 64.3223 26 64.6555
      vertex 65.0615 0 64.391
      vertex 65.0615 26 64.391
    endloop
  endfacet
  facet normal 0.336901 0 0.94154
    outer loop
      vertex 65.0615 0 64.391
      vertex 64.3223 26 64.6555
      vertex 64.3223 0 64.6555
    endloop
  endfacet
  facet normal 0.513985 -0 0.857799
    outer loop
      vertex 66 26 63.9182
      vertex 66.4446 30 63.6518
      vertex 66 30 63.9182
    endloop
  endfacet
  facet normal 0.513985 0 0.857799
    outer loop
      vertex 66.4446 30 63.6518
      vertex 66 26 63.9182
      vertex 66.4446 0 63.6518
    endloop
  endfacet
  facet normal 0.514275 -0 0.857625
    outer loop
      vertex 65.7712 0 64.0554
      vertex 66 26 63.9182
      vertex 65.7712 26 64.0554
    endloop
  endfacet
  facet normal 0.514084 2.29274e-06 0.85774
    outer loop
      vertex 66 26 63.9182
      vertex 65.7712 0 64.0554
      vertex 66.4446 0 63.6518
    endloop
  endfacet
  facet normal 0 1 0
    outer loop
      vertex 66 30 62
      vertex 66.4446 30 63.6518
      vertex 67.0751 30 63.1841
    endloop
  endfacet
  facet normal 0 1 0
    outer loop
      vertex 66 30 62
      vertex 67.0751 30 63.1841
      vertex 67.6569 30 62.6569
    endloop
  endfacet
  facet normal 0 1 0
    outer loop
      vertex 66 30 62
      vertex 67.6569 30 62.6569
      vertex 68.1841 30 62.0751
    endloop
  endfacet
  facet normal 0 1 0
    outer loop
      vertex 66.4446 30 63.6518
      vertex 66 30 62
      vertex 66 30 63.9182
    endloop
  endfacet
  facet normal 0 1 0
    outer loop
      vertex 69.0554 30 60.7712
      vertex 66 30 62
      vertex 68.6518 30 61.4446
    endloop
  endfacet
  facet normal 0 1 0
    outer loop
      vertex 68.6518 30 61.4446
      vertex 66 30 62
      vertex 68.1841 30 62.0751
    endloop
  endfacet
  facet normal 0 1 -0
    outer loop
      vertex -66 30 62
      vertex -66.4446 30 63.6518
      vertex -66 30 63.9182
    endloop
  endfacet
  facet normal 0 1 0
    outer loop
      vertex -66.4446 30 63.6518
      vertex -66 30 62
      vertex -67.0751 30 63.1841
    endloop
  endfacet
  facet normal 0 1 0
    outer loop
      vertex -67.0751 30 63.1841
      vertex -66 30 62
      vertex -67.6569 30 62.6569
    endloop
  endfacet
  facet normal 0 1 0
    outer loop
      vertex -67.6569 30 62.6569
      vertex -66 30 62
      vertex -68.1841 30 62.0751
    endloop
  endfacet
  facet normal 0 1 0
    outer loop
      vertex -66 30 62
      vertex -68.6518 30 61.4446
      vertex -68.1841 30 62.0751
    endloop
  endfacet
  facet normal 0 1 0
    outer loop
      vertex 6 30 44
      vertex 66 30 62
      vertex 50 30 53.662
    endloop
  endfacet
  facet normal 0 1 0
    outer loop
      vertex 69.391 30 60.0615
      vertex 66 30 62
      vertex 69.0554 30 60.7712
    endloop
  endfacet
  facet normal 0 1 0
    outer loop
      vertex 66 30 62
      vertex 6 30 44
      vertex -66 30 62
    endloop
  endfacet
  facet normal 0 1 0
    outer loop
      vertex 69.6555 30 59.3223
      vertex 66 30 62
      vertex 69.391 30 60.0615
    endloop
  endfacet
  facet normal 0 1 -0
    outer loop
      vertex -54.331 30 49.331
      vertex -66 30 62
      vertex -50 30 53.662
    endloop
  endfacet
  facet normal 0 1 0
    outer loop
      vertex 69.8463 30 58.5607
      vertex 66 30 62
      vertex 69.6555 30 59.3223
    endloop
  endfacet
  facet normal 0 1 -0
    outer loop
      vertex -54.7347 30 48.8857
      vertex -66 30 62
      vertex -54.331 30 49.331
    endloop
  endfacet
  facet normal 0 1 0
    outer loop
      vertex 69.9615 30 57.7841
      vertex 66 30 62
      vertex 69.8463 30 58.5607
    endloop
  endfacet
  facet normal -0 1 0
    outer loop
      vertex -69.9615 30 57.7841
      vertex -66 30 62
      vertex -70 30 57
    endloop
  endfacet
  facet normal 0 1 0
    outer loop
      vertex 66 30 62
      vertex 69.9615 30 57.7841
      vertex 70 30 57
    endloop
  endfacet
  facet normal 0 1 0
    outer loop
      vertex -66 30 62
      vertex -69.0554 30 60.7712
      vertex -68.6518 30 61.4446
    endloop
  endfacet
  facet normal 0 1 0
    outer loop
      vertex 54.7347 30 48.8857
      vertex 66 30 62
      vertex 70 30 57
    endloop
  endfacet
  facet normal 0 1 0
    outer loop
      vertex -66 30 62
      vertex -69.391 30 60.0615
      vertex -69.0554 30 60.7712
    endloop
  endfacet
  facet normal 0 1 0
    outer loop
      vertex -66 30 62
      vertex -69.6555 30 59.3223
      vertex -69.391 30 60.0615
    endloop
  endfacet
  facet normal 0 1 0
    outer loop
      vertex 66 30 62
      vertex 54.331 30 49.331
      vertex 50 30 53.662
    endloop
  endfacet
  facet normal 0 1 0
    outer loop
      vertex 66 30 62
      vertex 54.7347 30 48.8857
      vertex 54.331 30 49.331
    endloop
  endfacet
  facet normal 0 1 0
    outer loop
      vertex 70 30 57
      vertex 55.0927 30 48.4029
      vertex 54.7347 30 48.8857
    endloop
  endfacet
  facet normal 0 1 0
    outer loop
      vertex 70 30 57
      vertex 55.4018 30 47.8873
      vertex 55.0927 30 48.4029
    endloop
  endfacet
  facet normal 0 1 0
    outer loop
      vertex 70 30 57
      vertex 55.6588 30 47.3439
      vertex 55.4018 30 47.8873
    endloop
  endfacet
  facet normal 0 1 0
    outer loop
      vertex 70 30 57
      vertex 55.8613 30 46.778
      vertex 55.6588 30 47.3439
    endloop
  endfacet
  facet normal 0 1 0
    outer loop
      vertex 70 30 57
      vertex 56.0073 30 46.1949
      vertex 55.8613 30 46.778
    endloop
  endfacet
  facet normal 0 1 0
    outer loop
      vertex 70 30 57
      vertex 56.0955 30 45.6003
      vertex 56.0073 30 46.1949
    endloop
  endfacet
  facet normal 0 1 0
    outer loop
      vertex 70 30 57
      vertex 56.125 30 45
      vertex 56.0955 30 45.6003
    endloop
  endfacet
  facet normal 0 1 0
    outer loop
      vertex 70 30 57
      vertex 56.0955 30 44.3997
      vertex 56.125 30 45
    endloop
  endfacet
  facet normal 0 1 0
    outer loop
      vertex 70 30 57
      vertex 56.0073 30 43.8051
      vertex 56.0955 30 44.3997
    endloop
  endfacet
  facet normal 0 1 0
    outer loop
      vertex 70 30 57
      vertex 55.8613 30 43.222
      vertex 56.0073 30 43.8051
    endloop
  endfacet
  facet normal 0 1 0
    outer loop
      vertex 70 30 57
      vertex 55.6588 30 42.6561
      vertex 55.8613 30 43.222
    endloop
  endfacet
  facet normal 0 1 0
    outer loop
      vertex 70 30 57
      vertex 55.4018 30 42.1127
      vertex 55.6588 30 42.6561
    endloop
  endfacet
  facet normal 0 1 -0
    outer loop
      vertex 70 30 0
      vertex 55.4018 30 42.1127
      vertex 70 30 57
    endloop
  endfacet
  facet normal 0 1 0
    outer loop
      vertex 55.4018 30 42.1127
      vertex 70 30 0
      vertex 55.0927 30 41.5971
    endloop
  endfacet
  facet normal 0 1 0
    outer loop
      vertex 55.0927 30 41.5971
      vertex 70 30 0
      vertex 54.7347 30 41.1143
    endloop
  endfacet
  facet normal 0 1 0
    outer loop
      vertex 40.75 30 12
      vertex 50 30 38.875
      vertex 50.6003 30 38.9045
    endloop
  endfacet
  facet normal 0 1 0
    outer loop
      vertex 40.75 30 12
      vertex 50.6003 30 38.9045
      vertex 51.1949 30 38.9927
    endloop
  endfacet
  facet normal 0 1 0
    outer loop
      vertex 40.75 30 12
      vertex 51.1949 30 38.9927
      vertex 51.778 30 39.1387
    endloop
  endfacet
  facet normal 0 1 0
    outer loop
      vertex 50 30 38.875
      vertex 40.75 30 12
      vertex 27 30 32
    endloop
  endfacet
  facet normal 0 1 0
    outer loop
      vertex 40.75 30 12
      vertex 51.778 30 39.1387
      vertex 52.3439 30 39.3412
    endloop
  endfacet
  facet normal 0 1 0
    outer loop
      vertex 70 30 0
      vertex 52.3439 30 39.3412
      vertex 52.8873 30 39.5982
    endloop
  endfacet
  facet normal 0 1 0
    outer loop
      vertex 70 30 0
      vertex 52.8873 30 39.5982
      vertex 53.4029 30 39.9073
    endloop
  endfacet
  facet normal 0 1 0
    outer loop
      vertex 70 30 0
      vertex 53.4029 30 39.9073
      vertex 53.8857 30 40.2653
    endloop
  endfacet
  facet normal 0 1 0
    outer loop
      vertex 29.25 30 12
      vertex 15 30 18
      vertex 27 30 18
    endloop
  endfacet
  facet normal 0 1 0
    outer loop
      vertex 15 30 18
      vertex 7.35 30 14.8
      vertex -15 30 18
    endloop
  endfacet
  facet normal 0 1 -0
    outer loop
      vertex -7.35 30 14.8
      vertex -15 30 18
      vertex 7.35 30 14.8
    endloop
  endfacet
  facet normal 0 1 -0
    outer loop
      vertex 29.25 30 12
      vertex 27 30 18
      vertex 40.75 30 12
    endloop
  endfacet
  facet normal 0 1 0
    outer loop
      vertex 27 30 32
      vertex 40.75 30 12
      vertex 27 30 18
    endloop
  endfacet
  facet normal 0 1 0
    outer loop
      vertex 70 30 0
      vertex 53.8857 30 40.2653
      vertex 54.331 30 40.669
    endloop
  endfacet
  facet normal 0 1 0
    outer loop
      vertex 54.7347 30 41.1143
      vertex 70 30 0
      vertex 54.331 30 40.669
    endloop
  endfacet
  facet normal 0 1 0
    outer loop
      vertex 52.3439 30 39.3412
      vertex 70 30 0
      vertex 40.75 30 12
    endloop
  endfacet
  facet normal 0 1 0
    outer loop
      vertex 70 30 0
      vertex 29.25 30 6
      vertex 40.75 30 6
    endloop
  endfacet
  facet normal 0 1 0
    outer loop
      vertex 29.25 30 6
      vertex 70 30 0
      vertex 7.35 30 6
    endloop
  endfacet
  facet normal 0 1 0
    outer loop
      vertex 7.35 30 6
      vertex 70 30 0
      vertex -7.35 30 6
    endloop
  endfacet
  facet normal 0 1 0
    outer loop
      vertex -70 30 0
      vertex -7.35 30 6
      vertex 70 30 0
    endloop
  endfacet
  facet normal 0 1 0
    outer loop
      vertex -7.35 30 6
      vertex -70 30 0
      vertex -29.25 30 6
    endloop
  endfacet
  facet normal 0 1 0
    outer loop
      vertex 40.75 30 12
      vertex 70 30 0
      vertex 40.75 30 6
    endloop
  endfacet
  facet normal 0 1 0
    outer loop
      vertex -29.25 30 6
      vertex -15 30 18
      vertex -7.35 30 6
    endloop
  endfacet
  facet normal 0 1 0
    outer loop
      vertex -15 30 18
      vertex -29.25 30 6
      vertex -29.25 30 12
    endloop
  endfacet
  facet normal 0 1 -0
    outer loop
      vertex 29.25 30 6
      vertex 15 30 18
      vertex 29.25 30 12
    endloop
  endfacet
  facet normal 0 1 0
    outer loop
      vertex 15 30 18
      vertex 29.25 30 6
      vertex 7.35 30 6
    endloop
  endfacet
  facet normal 0 1 0
    outer loop
      vertex 15 30 18
      vertex 7.35 30 6
      vertex 7.35 30 14.8
    endloop
  endfacet
  facet normal 0 1 0
    outer loop
      vertex 6 30 44
      vertex 50 30 53.662
      vertex 45.669 30 49.331
    endloop
  endfacet
  facet normal 0 1 -0
    outer loop
      vertex -6 30 44
      vertex -66 30 62
      vertex 6 30 44
    endloop
  endfacet
  facet normal 0 1 0
    outer loop
      vertex 6 30 44
      vertex 45.669 30 49.331
      vertex 45.2653 30 48.8857
    endloop
  endfacet
  facet normal 0 1 0
    outer loop
      vertex -66 30 62
      vertex -6 30 44
      vertex -50 30 53.662
    endloop
  endfacet
  facet normal 0 1 0
    outer loop
      vertex 6 30 44
      vertex 45.2653 30 48.8857
      vertex 44.9073 30 48.4029
    endloop
  endfacet
  facet normal 0 1 0
    outer loop
      vertex -50 30 53.662
      vertex -6 30 44
      vertex -45.669 30 49.331
    endloop
  endfacet
  facet normal 0 1 0
    outer loop
      vertex 6 30 44
      vertex 44.9073 30 48.4029
      vertex 44.5982 30 47.8873
    endloop
  endfacet
  facet normal 0 1 0
    outer loop
      vertex -45.669 30 49.331
      vertex -6 30 44
      vertex -45.2653 30 48.8857
    endloop
  endfacet
  facet normal 0 1 0
    outer loop
      vertex 6 30 44
      vertex 44.5982 30 47.8873
      vertex 44.3412 30 47.3439
    endloop
  endfacet
  facet normal 0 1 0
    outer loop
      vertex -45.2653 30 48.8857
      vertex -6 30 44
      vertex -44.9073 30 48.4029
    endloop
  endfacet
  facet normal 0 1 0
    outer loop
      vertex 6 30 44
      vertex 44.3412 30 47.3439
      vertex 44.1387 30 46.778
    endloop
  endfacet
  facet normal 0 1 0
    outer loop
      vertex -44.9073 30 48.4029
      vertex -6 30 44
      vertex -44.5982 30 47.8873
    endloop
  endfacet
  facet normal 0 1 0
    outer loop
      vertex 27 30 32
      vertex 44.1387 30 46.778
      vertex 43.9927 30 46.1949
    endloop
  endfacet
  facet normal 0 1 0
    outer loop
      vertex -44.5982 30 47.8873
      vertex -6 30 44
      vertex -44.3412 30 47.3439
    endloop
  endfacet
  facet normal 0 1 0
    outer loop
      vertex 27 30 32
      vertex 43.9927 30 46.1949
      vertex 43.9045 30 45.6003
    endloop
  endfacet
  facet normal 0 1 0
    outer loop
      vertex -44.3412 30 47.3439
      vertex -6 30 44
      vertex -44.1387 30 46.778
    endloop
  endfacet
  facet normal 0 1 0
    outer loop
      vertex 27 30 32
      vertex 43.9045 30 45.6003
      vertex 43.875 30 45
    endloop
  endfacet
  facet normal 0 1 -0
    outer loop
      vertex -27 30 32
      vertex -44.1387 30 46.778
      vertex -6 30 44
    endloop
  endfacet
  facet normal 0 1 0
    outer loop
      vertex 27 30 32
      vertex 43.875 30 45
      vertex 43.9045 30 44.3997
    endloop
  endfacet
  facet normal 0 1 0
    outer loop
      vertex -44.1387 30 46.778
      vertex -27 30 32
      vertex -43.9927 30 46.1949
    endloop
  endfacet
  facet normal 0 1 0
    outer loop
      vertex -43.9927 30 46.1949
      vertex -27 30 32
      vertex -43.9045 30 45.6003
    endloop
  endfacet
  facet normal 0 1 0
    outer loop
      vertex 27 30 32
      vertex 43.9045 30 44.3997
      vertex 43.9927 30 43.8051
    endloop
  endfacet
  facet normal 0 1 0
    outer loop
      vertex 27 30 32
      vertex 43.9927 30 43.8051
      vertex 44.1387 30 43.222
    endloop
  endfacet
  facet normal 0 1 0
    outer loop
      vertex 27 30 32
      vertex 44.1387 30 43.222
      vertex 44.3412 30 42.6561
    endloop
  endfacet
  facet normal 0 1 0
    outer loop
      vertex 27 30 32
      vertex 44.3412 30 42.6561
      vertex 44.5982 30 42.1127
    endloop
  endfacet
  facet normal 0 1 0
    outer loop
      vertex 27 30 32
      vertex 44.5982 30 42.1127
      vertex 44.9073 30 41.5971
    endloop
  endfacet
  facet normal 0 1 0
    outer loop
      vertex 27 30 32
      vertex 44.9073 30 41.5971
      vertex 45.2653 30 41.1143
    endloop
  endfacet
  facet normal 0 1 0
    outer loop
      vertex 27 30 32
      vertex 45.2653 30 41.1143
      vertex 45.669 30 40.669
    endloop
  endfacet
  facet normal 0 1 0
    outer loop
      vertex 27 30 32
      vertex 45.669 30 40.669
      vertex 46.1143 30 40.2653
    endloop
  endfacet
  facet normal 0 1 0
    outer loop
      vertex 27 30 32
      vertex 46.1143 30 40.2653
      vertex 46.5971 30 39.9073
    endloop
  endfacet
  facet normal 0 1 0
    outer loop
      vertex 27 30 32
      vertex 46.5971 30 39.9073
      vertex 47.1127 30 39.5982
    endloop
  endfacet
  facet normal 0 1 0
    outer loop
      vertex 27 30 32
      vertex 47.1127 30 39.5982
      vertex 47.6561 30 39.3412
    endloop
  endfacet
  facet normal 0 1 0
    outer loop
      vertex 27 30 32
      vertex 47.6561 30 39.3412
      vertex 48.222 30 39.1387
    endloop
  endfacet
  facet normal 0 1 0
    outer loop
      vertex 27 30 32
      vertex 48.222 30 39.1387
      vertex 48.8051 30 38.9927
    endloop
  endfacet
  facet normal 0 1 0
    outer loop
      vertex 27 30 32
      vertex 48.8051 30 38.9927
      vertex 49.3997 30 38.9045
    endloop
  endfacet
  facet normal 0 1 0
    outer loop
      vertex 27 30 32
      vertex 49.3997 30 38.9045
      vertex 50 30 38.875
    endloop
  endfacet
  facet normal 0 1 0
    outer loop
      vertex 44.1387 30 46.778
      vertex 27 30 32
      vertex 6 30 44
    endloop
  endfacet
  facet normal 0 1 -0
    outer loop
      vertex 15 30 32
      vertex 6 30 44
      vertex 27 30 32
    endloop
  endfacet
  facet normal 0 1 0
    outer loop
      vertex 15 30 32
      vertex 6 30 20
      vertex 6 30 44
    endloop
  endfacet
  facet normal 0 1 0
    outer loop
      vertex 6 30 20
      vertex 15 30 18
      vertex -6 30 20
    endloop
  endfacet
  facet normal 0 1 -0
    outer loop
      vertex 15 30 18
      vertex 6 30 20
      vertex 15 30 32
    endloop
  endfacet
  facet normal 0 1 0
    outer loop
      vertex -66 30 62
      vertex -69.8463 30 58.5607
      vertex -69.6555 30 59.3223
    endloop
  endfacet
  facet normal 0 1 0
    outer loop
      vertex -66 30 62
      vertex -69.9615 30 57.7841
      vertex -69.8463 30 58.5607
    endloop
  endfacet
  facet normal 0 1 0
    outer loop
      vertex -66 30 62
      vertex -54.7347 30 48.8857
      vertex -70 30 57
    endloop
  endfacet
  facet normal 0 1 -0
    outer loop
      vertex -55.0927 30 48.4029
      vertex -70 30 57
      vertex -54.7347 30 48.8857
    endloop
  endfacet
  facet normal 0 1 -0
    outer loop
      vertex -55.4018 30 47.8873
      vertex -70 30 57
      vertex -55.0927 30 48.4029
    endloop
  endfacet
  facet normal 0 1 -0
    outer loop
      vertex -55.6588 30 47.3439
      vertex -70 30 57
      vertex -55.4018 30 47.8873
    endloop
  endfacet
  facet normal 0 1 -0
    outer loop
      vertex -55.8613 30 46.778
      vertex -70 30 57
      vertex -55.6588 30 47.3439
    endloop
  endfacet
  facet normal 0 1 -0
    outer loop
      vertex -56.0073 30 46.1949
      vertex -70 30 57
      vertex -55.8613 30 46.778
    endloop
  endfacet
  facet normal 0 1 -0
    outer loop
      vertex -56.0955 30 45.6003
      vertex -70 30 57
      vertex -56.0073 30 46.1949
    endloop
  endfacet
  facet normal 0 1 -0
    outer loop
      vertex -56.125 30 45
      vertex -70 30 57
      vertex -56.0955 30 45.6003
    endloop
  endfacet
  facet normal 0 1 0
    outer loop
      vertex -56.0955 30 44.3997
      vertex -70 30 57
      vertex -56.125 30 45
    endloop
  endfacet
  facet normal 0 1 0
    outer loop
      vertex -56.0073 30 43.8051
      vertex -70 30 57
      vertex -56.0955 30 44.3997
    endloop
  endfacet
  facet normal 0 1 0
    outer loop
      vertex -55.8613 30 43.222
      vertex -70 30 57
      vertex -56.0073 30 43.8051
    endloop
  endfacet
  facet normal 0 1 0
    outer loop
      vertex -55.6588 30 42.6561
      vertex -70 30 57
      vertex -55.8613 30 43.222
    endloop
  endfacet
  facet normal 0 1 0
    outer loop
      vertex -55.4018 30 42.1127
      vertex -70 30 57
      vertex -55.6588 30 42.6561
    endloop
  endfacet
  facet normal 0 1 0
    outer loop
      vertex -70 30 0
      vertex -55.4018 30 42.1127
      vertex -55.0927 30 41.5971
    endloop
  endfacet
  facet normal 0 1 0
    outer loop
      vertex -70 30 0
      vertex -55.0927 30 41.5971
      vertex -54.7347 30 41.1143
    endloop
  endfacet
  facet normal 0 1 0
    outer loop
      vertex -70 30 0
      vertex -54.7347 30 41.1143
      vertex -54.331 30 40.669
    endloop
  endfacet
  facet normal 0 1 0
    outer loop
      vertex -48.8051 30 38.9927
      vertex -40.75 30 12
      vertex -49.3997 30 38.9045
    endloop
  endfacet
  facet normal 0 1 0
    outer loop
      vertex -49.3997 30 38.9045
      vertex -40.75 30 12
      vertex -50 30 38.875
    endloop
  endfacet
  facet normal 0 1 0
    outer loop
      vertex -50 30 38.875
      vertex -40.75 30 12
      vertex -50.6003 30 38.9045
    endloop
  endfacet
  facet normal 0 1 0
    outer loop
      vertex -50.6003 30 38.9045
      vertex -40.75 30 12
      vertex -51.1949 30 38.9927
    endloop
  endfacet
  facet normal 0 1 0
    outer loop
      vertex -40.75 30 12
      vertex -27 30 32
      vertex -27 30 18
    endloop
  endfacet
  facet normal 0 1 0
    outer loop
      vertex -51.1949 30 38.9927
      vertex -40.75 30 12
      vertex -51.778 30 39.1387
    endloop
  endfacet
  facet normal 0 1 0
    outer loop
      vertex -51.778 30 39.1387
      vertex -40.75 30 12
      vertex -52.3439 30 39.3412
    endloop
  endfacet
  facet normal 0 1 0
    outer loop
      vertex -70 30 0
      vertex -52.3439 30 39.3412
      vertex -40.75 30 12
    endloop
  endfacet
  facet normal 0 1 0
    outer loop
      vertex -52.3439 30 39.3412
      vertex -70 30 0
      vertex -52.8873 30 39.5982
    endloop
  endfacet
  facet normal 0 1 -0
    outer loop
      vertex -7.35 30 6
      vertex -15 30 18
      vertex -7.35 30 14.8
    endloop
  endfacet
  facet normal 0 1 0
    outer loop
      vertex -15 30 18
      vertex -29.25 30 12
      vertex -27 30 18
    endloop
  endfacet
  facet normal 0 1 0
    outer loop
      vertex -40.75 30 12
      vertex -27 30 18
      vertex -29.25 30 12
    endloop
  endfacet
  facet normal 0 1 0
    outer loop
      vertex -52.8873 30 39.5982
      vertex -70 30 0
      vertex -53.4029 30 39.9073
    endloop
  endfacet
  facet normal 0 1 0
    outer loop
      vertex -53.4029 30 39.9073
      vertex -70 30 0
      vertex -53.8857 30 40.2653
    endloop
  endfacet
  facet normal 0 1 0
    outer loop
      vertex -53.8857 30 40.2653
      vertex -70 30 0
      vertex -54.331 30 40.669
    endloop
  endfacet
  facet normal 0 1 0
    outer loop
      vertex -70 30 0
      vertex -40.75 30 12
      vertex -40.75 30 6
    endloop
  endfacet
  facet normal 0 1 0
    outer loop
      vertex -55.4018 30 42.1127
      vertex -70 30 0
      vertex -70 30 57
    endloop
  endfacet
  facet normal 0 1 0
    outer loop
      vertex -29.25 30 6
      vertex -70 30 0
      vertex -40.75 30 6
    endloop
  endfacet
  facet normal 0 1 0
    outer loop
      vertex -43.9045 30 45.6003
      vertex -27 30 32
      vertex -43.875 30 45
    endloop
  endfacet
  facet normal 0 1 0
    outer loop
      vertex -27 30 32
      vertex -6 30 44
      vertex -15 30 32
    endloop
  endfacet
  facet normal 0 1 0
    outer loop
      vertex -43.875 30 45
      vertex -27 30 32
      vertex -43.9045 30 44.3997
    endloop
  endfacet
  facet normal 0 1 0
    outer loop
      vertex -43.9045 30 44.3997
      vertex -27 30 32
      vertex -43.9927 30 43.8051
    endloop
  endfacet
  facet normal 0 1 0
    outer loop
      vertex -43.9927 30 43.8051
      vertex -27 30 32
      vertex -44.1387 30 43.222
    endloop
  endfacet
  facet normal 0 1 0
    outer loop
      vertex -44.1387 30 43.222
      vertex -27 30 32
      vertex -44.3412 30 42.6561
    endloop
  endfacet
  facet normal 0 1 0
    outer loop
      vertex -44.3412 30 42.6561
      vertex -27 30 32
      vertex -44.5982 30 42.1127
    endloop
  endfacet
  facet normal 0 1 0
    outer loop
      vertex -44.5982 30 42.1127
      vertex -27 30 32
      vertex -44.9073 30 41.5971
    endloop
  endfacet
  facet normal 0 1 0
    outer loop
      vertex -44.9073 30 41.5971
      vertex -27 30 32
      vertex -45.2653 30 41.1143
    endloop
  endfacet
  facet normal 0 1 0
    outer loop
      vertex -45.2653 30 41.1143
      vertex -27 30 32
      vertex -45.669 30 40.669
    endloop
  endfacet
  facet normal 0 1 0
    outer loop
      vertex -45.669 30 40.669
      vertex -27 30 32
      vertex -46.1143 30 40.2653
    endloop
  endfacet
  facet normal 0 1 0
    outer loop
      vertex -46.1143 30 40.2653
      vertex -27 30 32
      vertex -46.5971 30 39.9073
    endloop
  endfacet
  facet normal 0 1 0
    outer loop
      vertex -46.5971 30 39.9073
      vertex -27 30 32
      vertex -47.1127 30 39.5982
    endloop
  endfacet
  facet normal 0 1 -0
    outer loop
      vertex -40.75 30 12
      vertex -47.1127 30 39.5982
      vertex -27 30 32
    endloop
  endfacet
  facet normal 0 1 0
    outer loop
      vertex -47.1127 30 39.5982
      vertex -40.75 30 12
      vertex -47.6561 30 39.3412
    endloop
  endfacet
  facet normal 0 1 0
    outer loop
      vertex -48.222 30 39.1387
      vertex -40.75 30 12
      vertex -48.8051 30 38.9927
    endloop
  endfacet
  facet normal 0 1 0
    outer loop
      vertex -47.6561 30 39.3412
      vertex -40.75 30 12
      vertex -48.222 30 39.1387
    endloop
  endfacet
  facet normal 0 1 -0
    outer loop
      vertex -6 30 20
      vertex -15 30 32
      vertex -6 30 44
    endloop
  endfacet
  facet normal 0 1 0
    outer loop
      vertex -6 30 20
      vertex -15 30 18
      vertex -15 30 32
    endloop
  endfacet
  facet normal 0 1 0
    outer loop
      vertex -15 30 18
      vertex -6 30 20
      vertex 15 30 18
    endloop
  endfacet
  facet normal -0.513985 0 0.857799
    outer loop
      vertex -66 30 63.9182
      vertex -66.4446 30 63.6518
      vertex -66 26 63.9182
    endloop
  endfacet
  facet normal -0.514275 0 0.857625
    outer loop
      vertex -66 26 63.9182
      vertex -65.7712 0 64.0554
      vertex -65.7712 26 64.0554
    endloop
  endfacet
  facet normal -0.513985 0 0.857799
    outer loop
      vertex -66.4446 0 63.6518
      vertex -66 26 63.9182
      vertex -66.4446 30 63.6518
    endloop
  endfacet
  facet normal -0.514084 2.29274e-06 0.85774
    outer loop
      vertex -66 26 63.9182
      vertex -66.4446 0 63.6518
      vertex -65.7712 0 64.0554
    endloop
  endfacet
  facet normal -0.970023 0 0.243015
    outer loop
      vertex -69.8463 0 58.5607
      vertex -69.6555 30 59.3223
      vertex -69.8463 30 58.5607
    endloop
  endfacet
  facet normal -0.970023 0 0.243015
    outer loop
      vertex -69.6555 30 59.3223
      vertex -69.8463 0 58.5607
      vertex -69.6555 0 59.3223
    endloop
  endfacet
  facet normal -0.94154 0 0.336901
    outer loop
      vertex -69.6555 0 59.3223
      vertex -69.391 30 60.0615
      vertex -69.6555 30 59.3223
    endloop
  endfacet
  facet normal -0.94154 0 0.336901
    outer loop
      vertex -69.391 30 60.0615
      vertex -69.6555 0 59.3223
      vertex -69.391 0 60.0615
    endloop
  endfacet
  facet normal 0.741023 -0 0.67148
    outer loop
      vertex 67.6569 0 62.6569
      vertex 68.1841 30 62.0751
      vertex 67.6569 30 62.6569
    endloop
  endfacet
  facet normal 0.741023 0 0.67148
    outer loop
      vertex 68.1841 30 62.0751
      vertex 67.6569 0 62.6569
      vertex 68.1841 0 62.0751
    endloop
  endfacet
  facet normal -0.67148 0 0.741023
    outer loop
      vertex -67.6569 30 62.6569
      vertex -67.0751 0 63.1841
      vertex -67.0751 30 63.1841
    endloop
  endfacet
  facet normal -0.67148 0 0.741023
    outer loop
      vertex -67.0751 0 63.1841
      vertex -67.6569 30 62.6569
      vertex -67.6569 0 62.6569
    endloop
  endfacet
  facet normal 0.998797 -6.37179e-06 0.0490418
    outer loop
      vertex 69.9615 30 57.7841
      vertex 69.9803 20.65 57.4
      vertex 70 30 57
    endloop
  endfacet
  facet normal 0.998804 0 0.0488871
    outer loop
      vertex 69.9615 30 57.7841
      vertex 69.9803 13.35 57.4
      vertex 69.9803 20.65 57.4
    endloop
  endfacet
  facet normal 0.998804 -0 0.0488871
    outer loop
      vertex 69.9615 0 57.7841
      vertex 69.9803 13.35 57.4
      vertex 69.9615 30 57.7841
    endloop
  endfacet
  facet normal 0.998797 4.46264e-06 0.0490418
    outer loop
      vertex 70 0 57
      vertex 69.9803 13.35 57.4
      vertex 69.9615 0 57.7841
    endloop
  endfacet
  facet normal 0.998789 0 0.0491904
    outer loop
      vertex 69.9803 13.35 57.4
      vertex 70 0 57
      vertex 70 13.35 57
    endloop
  endfacet
  facet normal 0.998789 0 0.0491904
    outer loop
      vertex 70 30 57
      vertex 69.9803 20.65 57.4
      vertex 70 20.65 57
    endloop
  endfacet
  facet normal 0.970023 -0 0.243015
    outer loop
      vertex 69.6555 0 59.3223
      vertex 69.8463 30 58.5607
      vertex 69.6555 30 59.3223
    endloop
  endfacet
  facet normal 0.970023 0 0.243015
    outer loop
      vertex 69.8463 30 58.5607
      vertex 69.6555 0 59.3223
      vertex 69.8463 0 58.5607
    endloop
  endfacet
  facet normal 0.90402 -0 0.427489
    outer loop
      vertex 69.0554 0 60.7712
      vertex 69.391 30 60.0615
      vertex 69.0554 30 60.7712
    endloop
  endfacet
  facet normal 0.90402 0 0.427489
    outer loop
      vertex 69.391 30 60.0615
      vertex 69.0554 0 60.7712
      vertex 69.391 0 60.0615
    endloop
  endfacet
  facet normal -0.989176 0 0.146733
    outer loop
      vertex -69.9615 0 57.7841
      vertex -69.8463 30 58.5607
      vertex -69.9615 30 57.7841
    endloop
  endfacet
  facet normal -0.989176 0 0.146733
    outer loop
      vertex -69.8463 30 58.5607
      vertex -69.9615 0 57.7841
      vertex -69.8463 0 58.5607
    endloop
  endfacet
  facet normal -0.90402 0 0.427489
    outer loop
      vertex -69.391 0 60.0615
      vertex -69.0554 30 60.7712
      vertex -69.391 30 60.0615
    endloop
  endfacet
  facet normal -0.90402 0 0.427489
    outer loop
      vertex -69.0554 30 60.7712
      vertex -69.391 0 60.0615
      vertex -69.0554 0 60.7712
    endloop
  endfacet
  facet normal -0.146733 0 0.989176
    outer loop
      vertex -63.5607 26 64.8463
      vertex -62.7841 0 64.9615
      vertex -62.7841 26 64.9615
    endloop
  endfacet
  facet normal -0.146733 0 0.989176
    outer loop
      vertex -62.7841 0 64.9615
      vertex -63.5607 26 64.8463
      vertex -63.5607 0 64.8463
    endloop
  endfacet
  facet normal -0.0490418 0 0.998797
    outer loop
      vertex -62.7841 26 64.9615
      vertex -62 0 65
      vertex -62 26 65
    endloop
  endfacet
  facet normal -0.0490418 0 0.998797
    outer loop
      vertex -62 0 65
      vertex -62.7841 26 64.9615
      vertex -62.7841 0 64.9615
    endloop
  endfacet
  facet normal 0.803153 -0 0.595773
    outer loop
      vertex 68.1841 0 62.0751
      vertex 68.6518 30 61.4446
      vertex 68.1841 30 62.0751
    endloop
  endfacet
  facet normal 0.803153 0 0.595773
    outer loop
      vertex 68.6518 30 61.4446
      vertex 68.1841 0 62.0751
      vertex 68.6518 0 61.4446
    endloop
  endfacet
  facet normal 0.989176 -0 0.146733
    outer loop
      vertex 69.8463 0 58.5607
      vertex 69.9615 30 57.7841
      vertex 69.8463 30 58.5607
    endloop
  endfacet
  facet normal 0.989176 0 0.146733
    outer loop
      vertex 69.9615 30 57.7841
      vertex 69.8463 0 58.5607
      vertex 69.9615 0 57.7841
    endloop
  endfacet
  facet normal 0.0490418 0 0.998797
    outer loop
      vertex 62 26 65
      vertex 62.7841 0 64.9615
      vertex 62.7841 26 64.9615
    endloop
  endfacet
  facet normal 0.0490418 0 0.998797
    outer loop
      vertex 62.7841 0 64.9615
      vertex 62 26 65
      vertex 62 0 65
    endloop
  endfacet
  facet normal 0.427489 0 0.90402
    outer loop
      vertex 65.0615 26 64.391
      vertex 65.7712 0 64.0554
      vertex 65.7712 26 64.0554
    endloop
  endfacet
  facet normal 0.427489 0 0.90402
    outer loop
      vertex 65.7712 0 64.0554
      vertex 65.0615 26 64.391
      vertex 65.0615 0 64.391
    endloop
  endfacet
  facet normal -0.803153 0 0.595773
    outer loop
      vertex -68.6518 0 61.4446
      vertex -68.1841 30 62.0751
      vertex -68.6518 30 61.4446
    endloop
  endfacet
  facet normal -0.803153 0 0.595773
    outer loop
      vertex -68.1841 30 62.0751
      vertex -68.6518 0 61.4446
      vertex -68.1841 0 62.0751
    endloop
  endfacet
  facet normal -0.85774 0 0.514084
    outer loop
      vertex -69.0554 0 60.7712
      vertex -68.6518 30 61.4446
      vertex -69.0554 30 60.7712
    endloop
  endfacet
  facet normal -0.85774 0 0.514084
    outer loop
      vertex -68.6518 30 61.4446
      vertex -69.0554 0 60.7712
      vertex -68.6518 0 61.4446
    endloop
  endfacet
  facet normal 0.243015 0 0.970023
    outer loop
      vertex 63.5607 26 64.8463
      vertex 64.3223 0 64.6555
      vertex 64.3223 26 64.6555
    endloop
  endfacet
  facet normal 0.243015 0 0.970023
    outer loop
      vertex 64.3223 0 64.6555
      vertex 63.5607 26 64.8463
      vertex 63.5607 0 64.8463
    endloop
  endfacet
  facet normal -0.427489 0 0.90402
    outer loop
      vertex -65.7712 26 64.0554
      vertex -65.0615 0 64.391
      vertex -65.0615 26 64.391
    endloop
  endfacet
  facet normal -0.427489 0 0.90402
    outer loop
      vertex -65.0615 0 64.391
      vertex -65.7712 26 64.0554
      vertex -65.7712 0 64.0554
    endloop
  endfacet
  facet normal 0.146733 0 0.989176
    outer loop
      vertex 62.7841 26 64.9615
      vertex 63.5607 0 64.8463
      vertex 63.5607 26 64.8463
    endloop
  endfacet
  facet normal 0.146733 0 0.989176
    outer loop
      vertex 63.5607 0 64.8463
      vertex 62.7841 26 64.9615
      vertex 62.7841 0 64.9615
    endloop
  endfacet
  facet normal -0.741023 0 0.67148
    outer loop
      vertex -68.1841 0 62.0751
      vertex -67.6569 30 62.6569
      vertex -68.1841 30 62.0751
    endloop
  endfacet
  facet normal -0.741023 0 0.67148
    outer loop
      vertex -67.6569 30 62.6569
      vertex -68.1841 0 62.0751
      vertex -67.6569 0 62.6569
    endloop
  endfacet
  facet normal 0 -1 0
    outer loop
      vertex 20 0 18
      vertex 20 0 6
      vertex 27 0 18
    endloop
  endfacet
  facet normal 0 -1 0
    outer loop
      vertex 27 0 18
      vertex 65 0 25
      vertex 27 0 32
    endloop
  endfacet
  facet normal 0 -1 0
    outer loop
      vertex 65 0 6
      vertex 27 0 18
      vertex 20 0 6
    endloop
  endfacet
  facet normal 0 -1 0
    outer loop
      vertex 27 0 18
      vertex 65 0 6
      vertex 65 0 25
    endloop
  endfacet
  facet normal 0 -1 0
    outer loop
      vertex -12 0 45
      vertex -6 0 44
      vertex 12 0 45
    endloop
  endfacet
  facet normal 0 -1 0
    outer loop
      vertex -12 0 45
      vertex -6 0 20
      vertex -6 0 44
    endloop
  endfacet
  facet normal 0 -1 -0
    outer loop
      vertex -6 0 20
      vertex -12 0 6
      vertex 6 0 20
    endloop
  endfacet
  facet normal 0 -1 0
    outer loop
      vertex -12 0 6
      vertex -6 0 20
      vertex -12 0 45
    endloop
  endfacet
  facet normal 0 -1 0
    outer loop
      vertex -70 0 57
      vertex -62 0 65
      vertex -62.7841 0 64.9615
    endloop
  endfacet
  facet normal 0 -1 0
    outer loop
      vertex -62 0 65
      vertex -12 0 45
      vertex 62 0 65
    endloop
  endfacet
  facet normal 0 -1 0
    outer loop
      vertex -70 0 57
      vertex -62.7841 0 64.9615
      vertex -63.5607 0 64.8463
    endloop
  endfacet
  facet normal 0 -1 0
    outer loop
      vertex 12 0 45
      vertex 62 0 65
      vertex -12 0 45
    endloop
  endfacet
  facet normal 0 -1 0
    outer loop
      vertex -70 0 57
      vertex -63.5607 0 64.8463
      vertex -64.3223 0 64.6555
    endloop
  endfacet
  facet normal 0 -1 0
    outer loop
      vertex 20 0 45
      vertex 62 0 65
      vertex 12 0 45
    endloop
  endfacet
  facet normal 0 -1 0
    outer loop
      vertex -70 0 57
      vertex -64.3223 0 64.6555
      vertex -65.0615 0 64.391
    endloop
  endfacet
  facet normal 0 -1 0
    outer loop
      vertex 27 0 32
      vertex 62 0 65
      vertex 20 0 45
    endloop
  endfacet
  facet normal 0 -1 0
    outer loop
      vertex -70 0 57
      vertex -65.0615 0 64.391
      vertex -65.7712 0 64.0554
    endloop
  endfacet
  facet normal -0 -1 0
    outer loop
      vertex 70 0 57
      vertex 62 0 65
      vertex 27 0 32
    endloop
  endfacet
  facet normal 0 -1 0
    outer loop
      vertex -70 0 57
      vertex -65.7712 0 64.0554
      vertex -66.4446 0 63.6518
    endloop
  endfacet
  facet normal 0 -1 0
    outer loop
      vertex 62 0 65
      vertex 70 0 57
      vertex 62.7841 0 64.9615
    endloop
  endfacet
  facet normal 0 -1 0
    outer loop
      vertex -70 0 57
      vertex -66.4446 0 63.6518
      vertex -67.0751 0 63.1841
    endloop
  endfacet
  facet normal 0 -1 0
    outer loop
      vertex 62.7841 0 64.9615
      vertex 70 0 57
      vertex 63.5607 0 64.8463
    endloop
  endfacet
  facet normal 0 -1 0
    outer loop
      vertex -70 0 57
      vertex -67.0751 0 63.1841
      vertex -67.6569 0 62.6569
    endloop
  endfacet
  facet normal 0 -1 0
    outer loop
      vertex 63.5607 0 64.8463
      vertex 70 0 57
      vertex 64.3223 0 64.6555
    endloop
  endfacet
  facet normal 0 -1 0
    outer loop
      vertex -70 0 57
      vertex -67.6569 0 62.6569
      vertex -68.1841 0 62.0751
    endloop
  endfacet
  facet normal 0 -1 0
    outer loop
      vertex 64.3223 0 64.6555
      vertex 70 0 57
      vertex 65.0615 0 64.391
    endloop
  endfacet
  facet normal 0 -1 0
    outer loop
      vertex -70 0 57
      vertex -68.1841 0 62.0751
      vertex -68.6518 0 61.4446
    endloop
  endfacet
  facet normal 0 -1 0
    outer loop
      vertex 65.0615 0 64.391
      vertex 70 0 57
      vertex 65.7712 0 64.0554
    endloop
  endfacet
  facet normal 0 -1 0
    outer loop
      vertex -70 0 57
      vertex -68.6518 0 61.4446
      vertex -69.0554 0 60.7712
    endloop
  endfacet
  facet normal 0 -1 0
    outer loop
      vertex 65.7712 0 64.0554
      vertex 70 0 57
      vertex 66.4446 0 63.6518
    endloop
  endfacet
  facet normal 0 -1 0
    outer loop
      vertex -70 0 57
      vertex -69.0554 0 60.7712
      vertex -69.391 0 60.0615
    endloop
  endfacet
  facet normal 0 -1 0
    outer loop
      vertex 67.0751 0 63.1841
      vertex 70 0 57
      vertex 67.6569 0 62.6569
    endloop
  endfacet
  facet normal 0 -1 0
    outer loop
      vertex -70 0 57
      vertex -69.391 0 60.0615
      vertex -69.6555 0 59.3223
    endloop
  endfacet
  facet normal 0 -1 0
    outer loop
      vertex 67.6569 0 62.6569
      vertex 70 0 57
      vertex 68.1841 0 62.0751
    endloop
  endfacet
  facet normal 0 -1 0
    outer loop
      vertex -70 0 57
      vertex -69.6555 0 59.3223
      vertex -69.8463 0 58.5607
    endloop
  endfacet
  facet normal 0 -1 0
    outer loop
      vertex 68.1841 0 62.0751
      vertex 70 0 57
      vertex 68.6518 0 61.4446
    endloop
  endfacet
  facet normal 0 -1 0
    outer loop
      vertex -70 0 57
      vertex -69.8463 0 58.5607
      vertex -69.9615 0 57.7841
    endloop
  endfacet
  facet normal 0 -1 0
    outer loop
      vertex 68.6518 0 61.4446
      vertex 70 0 57
      vertex 69.0554 0 60.7712
    endloop
  endfacet
  facet normal 0 -1 -0
    outer loop
      vertex -62 0 65
      vertex -70 0 57
      vertex -27 0 32
    endloop
  endfacet
  facet normal 0 -1 0
    outer loop
      vertex 69.0554 0 60.7712
      vertex 70 0 57
      vertex 69.391 0 60.0615
    endloop
  endfacet
  facet normal 0 -1 0
    outer loop
      vertex -62 0 65
      vertex -20 0 45
      vertex -12 0 45
    endloop
  endfacet
  facet normal 0 -1 0
    outer loop
      vertex -62 0 65
      vertex -27 0 32
      vertex -20 0 45
    endloop
  endfacet
  facet normal 0 -1 0
    outer loop
      vertex -65 0 25
      vertex -70 0 57
      vertex -70 0 25
    endloop
  endfacet
  facet normal 0 -1 0
    outer loop
      vertex -70 0 57
      vertex -65 0 25
      vertex -27 0 32
    endloop
  endfacet
  facet normal 0 -1 0
    outer loop
      vertex -65 0 25
      vertex -27 0 18
      vertex -27 0 32
    endloop
  endfacet
  facet normal 0 -1 0
    outer loop
      vertex -65 0 6
      vertex -27 0 18
      vertex -65 0 25
    endloop
  endfacet
  facet normal 0 -1 0
    outer loop
      vertex -20 0 6
      vertex -27 0 18
      vertex -65 0 6
    endloop
  endfacet
  facet normal 0 -1 0
    outer loop
      vertex -27 0 18
      vertex -20 0 6
      vertex -20 0 18
    endloop
  endfacet
  facet normal 0 -1 0
    outer loop
      vertex 69.391 0 60.0615
      vertex 70 0 57
      vertex 69.6555 0 59.3223
    endloop
  endfacet
  facet normal 0 -1 0
    outer loop
      vertex 69.6555 0 59.3223
      vertex 70 0 57
      vertex 69.8463 0 58.5607
    endloop
  endfacet
  facet normal 0 -1 0
    outer loop
      vertex 69.8463 0 58.5607
      vertex 70 0 57
      vertex 69.9615 0 57.7841
    endloop
  endfacet
  facet normal 0 -1 0
    outer loop
      vertex 27 0 32
      vertex 20 0 45
      vertex 20 0 32
    endloop
  endfacet
  facet normal 0 -1 0
    outer loop
      vertex 66.4446 0 63.6518
      vertex 70 0 57
      vertex 67.0751 0 63.1841
    endloop
  endfacet
  facet normal 0 -1 0
    outer loop
      vertex 65 0 25
      vertex 70 0 57
      vertex 27 0 32
    endloop
  endfacet
  facet normal 0 -1 -0
    outer loop
      vertex 70 0 57
      vertex 65 0 25
      vertex 70 0 25
    endloop
  endfacet
  facet normal 0 -1 0
    outer loop
      vertex 6 0 44
      vertex 12 0 45
      vertex -6 0 44
    endloop
  endfacet
  facet normal 0 -1 0
    outer loop
      vertex 6 0 20
      vertex 12 0 45
      vertex 6 0 44
    endloop
  endfacet
  facet normal 0 -1 0
    outer loop
      vertex 6 0 20
      vertex 12 0 6
      vertex 12 0 45
    endloop
  endfacet
  facet normal 0 -1 0
    outer loop
      vertex 12 0 6
      vertex 6 0 20
      vertex -12 0 6
    endloop
  endfacet
  facet normal 0 -1 -0
    outer loop
      vertex -20 0 45
      vertex -27 0 32
      vertex -20 0 32
    endloop
  endfacet
  facet normal -1 0 0
    outer loop
      vertex 6 0 20
      vertex 6 30 44
      vertex 6 30 20
    endloop
  endfacet
  facet normal -1 -0 0
    outer loop
      vertex 6 30 44
      vertex 6 0 20
      vertex 6 0 44
    endloop
  endfacet
  facet normal 0 0 -1
    outer loop
      vertex -6 0 44
      vertex 6 30 44
      vertex 6 0 44
    endloop
  endfacet
  facet normal -0 0 -1
    outer loop
      vertex 6 30 44
      vertex -6 0 44
      vertex -6 30 44
    endloop
  endfacet
  facet normal -0 0 1
    outer loop
      vertex -6 30 20
      vertex 6 0 20
      vertex 6 30 20
    endloop
  endfacet
  facet normal 0 0 1
    outer loop
      vertex 6 0 20
      vertex -6 30 20
      vertex -6 0 20
    endloop
  endfacet
  facet normal 1 -0 0
    outer loop
      vertex -6 0 44
      vertex -6 30 20
      vertex -6 30 44
    endloop
  endfacet
  facet normal 1 0 0
    outer loop
      vertex -6 30 20
      vertex -6 0 44
      vertex -6 0 20
    endloop
  endfacet
  facet normal 0.336982 0.941511 -0
    outer loop
      vertex -1.43691 10.2631 0
      vertex -1.89428 10.4268 6
      vertex -1.43691 10.2631 6
    endloop
  endfacet
  facet normal 0.336982 0.941511 0
    outer loop
      vertex -1.89428 10.4268 6
      vertex -1.43691 10.2631 0
      vertex -1.89428 10.4268 0
    endloop
  endfacet
  facet normal 0.59573 -0.803185 0
    outer loop
      vertex -3.14025 18.8264 0
      vertex -2.75007 19.1158 6
      vertex -3.14025 18.8264 6
    endloop
  endfacet
  facet normal 0.59573 -0.803185 0
    outer loop
      vertex -2.75007 19.1158 6
      vertex -3.14025 18.8264 0
      vertex -2.75007 19.1158 0
    endloop
  endfacet
  facet normal -0.989178 -0.14672 0
    outer loop
      vertex 4.92616 15.4852 0
      vertex 4.85489 15.9657 6
      vertex 4.85489 15.9657 0
    endloop
  endfacet
  facet normal -0.989178 -0.14672 0
    outer loop
      vertex 4.85489 15.9657 6
      vertex 4.92616 15.4852 0
      vertex 4.92616 15.4852 6
    endloop
  endfacet
  facet normal -0.998795 -0.0490752 0
    outer loop
      vertex 4.95 15 0
      vertex 4.92616 15.4852 6
      vertex 4.92616 15.4852 0
    endloop
  endfacet
  facet normal -0.998795 -0.0490752 0
    outer loop
      vertex 4.92616 15.4852 6
      vertex 4.95 15 0
      vertex 4.95 15 6
    endloop
  endfacet
  facet normal -0.970026 -0.243001 0
    outer loop
      vertex 4.85489 15.9657 0
      vertex 4.73685 16.4369 6
      vertex 4.73685 16.4369 0
    endloop
  endfacet
  facet normal -0.970026 -0.243001 0
    outer loop
      vertex 4.73685 16.4369 6
      vertex 4.85489 15.9657 0
      vertex 4.85489 15.9657 6
    endloop
  endfacet
  facet normal -0.146777 -0.98917 0
    outer loop
      vertex 0.485185 19.9262 0
      vertex 0.965696 19.8549 6
      vertex 0.485185 19.9262 6
    endloop
  endfacet
  facet normal -0.146777 -0.98917 -0
    outer loop
      vertex 0.965696 19.8549 6
      vertex 0.485185 19.9262 0
      vertex 0.965696 19.8549 0
    endloop
  endfacet
  facet normal 0.146777 -0.98917 0
    outer loop
      vertex -0.965696 19.8549 0
      vertex -0.485185 19.9262 6
      vertex -0.965696 19.8549 6
    endloop
  endfacet
  facet normal 0.146777 -0.98917 0
    outer loop
      vertex -0.485185 19.9262 6
      vertex -0.965696 19.8549 0
      vertex -0.485185 19.9262 0
    endloop
  endfacet
  facet normal -0.803156 -0.595769 0
    outer loop
      vertex 4.11577 17.7501 0
      vertex 3.8264 18.1402 6
      vertex 3.8264 18.1402 0
    endloop
  endfacet
  facet normal -0.803156 -0.595769 0
    outer loop
      vertex 3.8264 18.1402 6
      vertex 4.11577 17.7501 0
      vertex 4.11577 17.7501 6
    endloop
  endfacet
  facet normal -0.514048 0.857762 0
    outer loop
      vertex 2.75007 10.8842 0
      vertex 2.33341 10.6345 6
      vertex 2.75007 10.8842 6
    endloop
  endfacet
  facet normal -0.514048 0.857762 0
    outer loop
      vertex 2.33341 10.6345 6
      vertex 2.75007 10.8842 0
      vertex 2.33341 10.6345 0
    endloop
  endfacet
  facet normal -0.59573 -0.803185 0
    outer loop
      vertex 2.75007 19.1158 0
      vertex 3.14025 18.8264 6
      vertex 2.75007 19.1158 6
    endloop
  endfacet
  facet normal -0.59573 -0.803185 -0
    outer loop
      vertex 3.14025 18.8264 6
      vertex 2.75007 19.1158 0
      vertex 3.14025 18.8264 0
    endloop
  endfacet
  facet normal -0.998795 0.0490752 0
    outer loop
      vertex 4.92616 14.5148 0
      vertex 4.95 15 6
      vertex 4.95 15 0
    endloop
  endfacet
  facet normal -0.998795 0.0490752 0
    outer loop
      vertex 4.95 15 6
      vertex 4.92616 14.5148 0
      vertex 4.92616 14.5148 6
    endloop
  endfacet
  facet normal 0.242916 -0.970047 0
    outer loop
      vertex -1.43691 19.7369 0
      vertex -0.965696 19.8549 6
      vertex -1.43691 19.7369 6
    endloop
  endfacet
  facet normal 0.242916 -0.970047 0
    outer loop
      vertex -0.965696 19.8549 6
      vertex -1.43691 19.7369 0
      vertex -0.965696 19.8549 0
    endloop
  endfacet
  facet normal -0.427567 -0.903984 0
    outer loop
      vertex 1.89428 19.5732 0
      vertex 2.33341 19.3655 6
      vertex 1.89428 19.5732 6
    endloop
  endfacet
  facet normal -0.427567 -0.903984 -0
    outer loop
      vertex 2.33341 19.3655 6
      vertex 1.89428 19.5732 0
      vertex 2.33341 19.3655 0
    endloop
  endfacet
  facet normal 0.242916 0.970047 -0
    outer loop
      vertex -0.965696 10.1451 0
      vertex -1.43691 10.2631 6
      vertex -0.965696 10.1451 6
    endloop
  endfacet
  facet normal 0.242916 0.970047 0
    outer loop
      vertex -1.43691 10.2631 6
      vertex -0.965696 10.1451 0
      vertex -1.43691 10.2631 0
    endloop
  endfacet
  facet normal 0.989178 0.14672 0
    outer loop
      vertex -4.85489 14.0343 6
      vertex -4.92616 14.5148 0
      vertex -4.92616 14.5148 6
    endloop
  endfacet
  facet normal 0.989178 0.14672 0
    outer loop
      vertex -4.92616 14.5148 0
      vertex -4.85489 14.0343 6
      vertex -4.85489 14.0343 0
    endloop
  endfacet
  facet normal -0.671535 0.740973 0
    outer loop
      vertex 3.50018 11.4998 0
      vertex 3.14025 11.1736 6
      vertex 3.50018 11.4998 6
    endloop
  endfacet
  facet normal -0.671535 0.740973 0
    outer loop
      vertex 3.14025 11.1736 6
      vertex 3.50018 11.4998 0
      vertex 3.14025 11.1736 0
    endloop
  endfacet
  facet normal 0.427567 -0.903984 0
    outer loop
      vertex -2.33341 19.3655 0
      vertex -1.89428 19.5732 6
      vertex -2.33341 19.3655 6
    endloop
  endfacet
  facet normal 0.427567 -0.903984 0
    outer loop
      vertex -1.89428 19.5732 6
      vertex -2.33341 19.3655 0
      vertex -1.89428 19.5732 0
    endloop
  endfacet
  facet normal -0.336982 0.941511 0
    outer loop
      vertex 1.89428 10.4268 0
      vertex 1.43691 10.2631 6
      vertex 1.89428 10.4268 6
    endloop
  endfacet
  facet normal -0.336982 0.941511 0
    outer loop
      vertex 1.43691 10.2631 6
      vertex 1.89428 10.4268 0
      vertex 1.43691 10.2631 0
    endloop
  endfacet
  facet normal 0.90398 -0.427574 0
    outer loop
      vertex -4.5732 16.8943 6
      vertex -4.36551 17.3334 0
      vertex -4.36551 17.3334 6
    endloop
  endfacet
  facet normal 0.90398 -0.427574 0
    outer loop
      vertex -4.36551 17.3334 0
      vertex -4.5732 16.8943 6
      vertex -4.5732 16.8943 0
    endloop
  endfacet
  facet normal 0.803156 0.595769 0
    outer loop
      vertex -3.8264 11.8598 6
      vertex -4.11577 12.2499 0
      vertex -4.11577 12.2499 6
    endloop
  endfacet
  facet normal 0.803156 0.595769 0
    outer loop
      vertex -4.11577 12.2499 0
      vertex -3.8264 11.8598 6
      vertex -3.8264 11.8598 0
    endloop
  endfacet
  facet normal 0.514048 0.857762 -0
    outer loop
      vertex -2.33341 10.6345 0
      vertex -2.75007 10.8842 6
      vertex -2.33341 10.6345 6
    endloop
  endfacet
  facet normal 0.514048 0.857762 0
    outer loop
      vertex -2.75007 10.8842 6
      vertex -2.33341 10.6345 0
      vertex -2.75007 10.8842 0
    endloop
  endfacet
  facet normal -0.803156 0.595769 0
    outer loop
      vertex 3.8264 11.8598 0
      vertex 4.11577 12.2499 6
      vertex 4.11577 12.2499 0
    endloop
  endfacet
  facet normal -0.803156 0.595769 0
    outer loop
      vertex 4.11577 12.2499 6
      vertex 3.8264 11.8598 0
      vertex 3.8264 11.8598 6
    endloop
  endfacet
  facet normal 0.514048 -0.857762 0
    outer loop
      vertex -2.75007 19.1158 0
      vertex -2.33341 19.3655 6
      vertex -2.75007 19.1158 6
    endloop
  endfacet
  facet normal 0.514048 -0.857762 0
    outer loop
      vertex -2.33341 19.3655 6
      vertex -2.75007 19.1158 0
      vertex -2.33341 19.3655 0
    endloop
  endfacet
  facet normal 0.427567 0.903984 -0
    outer loop
      vertex -1.89428 10.4268 0
      vertex -2.33341 10.6345 6
      vertex -1.89428 10.4268 6
    endloop
  endfacet
  facet normal 0.427567 0.903984 0
    outer loop
      vertex -2.33341 10.6345 6
      vertex -1.89428 10.4268 0
      vertex -2.33341 10.6345 0
    endloop
  endfacet
  facet normal 0.59573 0.803185 -0
    outer loop
      vertex -2.75007 10.8842 0
      vertex -3.14025 11.1736 6
      vertex -2.75007 10.8842 6
    endloop
  endfacet
  facet normal 0.59573 0.803185 0
    outer loop
      vertex -3.14025 11.1736 6
      vertex -2.75007 10.8842 0
      vertex -3.14025 11.1736 0
    endloop
  endfacet
  facet normal -0.336982 -0.941511 0
    outer loop
      vertex 1.43691 19.7369 0
      vertex 1.89428 19.5732 6
      vertex 1.43691 19.7369 6
    endloop
  endfacet
  facet normal -0.336982 -0.941511 -0
    outer loop
      vertex 1.89428 19.5732 6
      vertex 1.43691 19.7369 0
      vertex 1.89428 19.5732 0
    endloop
  endfacet
  facet normal 0.741018 0.671486 0
    outer loop
      vertex -3.50018 11.4998 6
      vertex -3.8264 11.8598 0
      vertex -3.8264 11.8598 6
    endloop
  endfacet
  facet normal 0.741018 0.671486 0
    outer loop
      vertex -3.8264 11.8598 0
      vertex -3.50018 11.4998 6
      vertex -3.50018 11.4998 0
    endloop
  endfacet
  facet normal 0.336982 -0.941511 0
    outer loop
      vertex -1.89428 19.5732 0
      vertex -1.43691 19.7369 6
      vertex -1.89428 19.5732 6
    endloop
  endfacet
  facet normal 0.336982 -0.941511 0
    outer loop
      vertex -1.43691 19.7369 6
      vertex -1.89428 19.5732 0
      vertex -1.43691 19.7369 0
    endloop
  endfacet
  facet normal 0.90398 0.427574 0
    outer loop
      vertex -4.36551 12.6666 6
      vertex -4.5732 13.1057 0
      vertex -4.5732 13.1057 6
    endloop
  endfacet
  facet normal 0.90398 0.427574 0
    outer loop
      vertex -4.5732 13.1057 0
      vertex -4.36551 12.6666 6
      vertex -4.36551 12.6666 0
    endloop
  endfacet
  facet normal 0.941551 0.336871 0
    outer loop
      vertex -4.5732 13.1057 6
      vertex -4.73685 13.5631 0
      vertex -4.73685 13.5631 6
    endloop
  endfacet
  facet normal 0.941551 0.336871 0
    outer loop
      vertex -4.73685 13.5631 0
      vertex -4.5732 13.1057 6
      vertex -4.5732 13.1057 0
    endloop
  endfacet
  facet normal -0.90398 -0.427574 0
    outer loop
      vertex 4.5732 16.8943 0
      vertex 4.36551 17.3334 6
      vertex 4.36551 17.3334 0
    endloop
  endfacet
  facet normal -0.90398 -0.427574 0
    outer loop
      vertex 4.36551 17.3334 6
      vertex 4.5732 16.8943 0
      vertex 4.5732 16.8943 6
    endloop
  endfacet
  facet normal 0.970026 0.243001 0
    outer loop
      vertex -4.73685 13.5631 6
      vertex -4.85489 14.0343 0
      vertex -4.85489 14.0343 6
    endloop
  endfacet
  facet normal 0.970026 0.243001 0
    outer loop
      vertex -4.85489 14.0343 0
      vertex -4.73685 13.5631 6
      vertex -4.73685 13.5631 0
    endloop
  endfacet
  facet normal -0.671535 -0.740973 0
    outer loop
      vertex 3.14025 18.8264 0
      vertex 3.50018 18.5002 6
      vertex 3.14025 18.8264 6
    endloop
  endfacet
  facet normal -0.671535 -0.740973 -0
    outer loop
      vertex 3.50018 18.5002 6
      vertex 3.14025 18.8264 0
      vertex 3.50018 18.5002 0
    endloop
  endfacet
  facet normal 0.671535 0.740973 -0
    outer loop
      vertex -3.14025 11.1736 0
      vertex -3.50018 11.4998 6
      vertex -3.14025 11.1736 6
    endloop
  endfacet
  facet normal 0.671535 0.740973 0
    outer loop
      vertex -3.50018 11.4998 6
      vertex -3.14025 11.1736 0
      vertex -3.50018 11.4998 0
    endloop
  endfacet
  facet normal -0.970026 0.243001 0
    outer loop
      vertex 4.73685 13.5631 0
      vertex 4.85489 14.0343 6
      vertex 4.85489 14.0343 0
    endloop
  endfacet
  facet normal -0.970026 0.243001 0
    outer loop
      vertex 4.85489 14.0343 6
      vertex 4.73685 13.5631 0
      vertex 4.73685 13.5631 6
    endloop
  endfacet
  facet normal -0.741018 0.671486 0
    outer loop
      vertex 3.50018 11.4998 0
      vertex 3.8264 11.8598 6
      vertex 3.8264 11.8598 0
    endloop
  endfacet
  facet normal -0.741018 0.671486 0
    outer loop
      vertex 3.8264 11.8598 6
      vertex 3.50018 11.4998 0
      vertex 3.50018 11.4998 6
    endloop
  endfacet
  facet normal -0.146777 0.98917 0
    outer loop
      vertex 0.965696 10.1451 0
      vertex 0.485185 10.0738 6
      vertex 0.965696 10.1451 6
    endloop
  endfacet
  facet normal -0.146777 0.98917 0
    outer loop
      vertex 0.485185 10.0738 6
      vertex 0.965696 10.1451 0
      vertex 0.485185 10.0738 0
    endloop
  endfacet
  facet normal 0.989178 -0.14672 0
    outer loop
      vertex -4.92616 15.4852 6
      vertex -4.85489 15.9657 0
      vertex -4.85489 15.9657 6
    endloop
  endfacet
  facet normal 0.989178 -0.14672 0
    outer loop
      vertex -4.85489 15.9657 0
      vertex -4.92616 15.4852 6
      vertex -4.92616 15.4852 0
    endloop
  endfacet
  facet normal -0.514048 -0.857762 0
    outer loop
      vertex 2.33341 19.3655 0
      vertex 2.75007 19.1158 6
      vertex 2.33341 19.3655 6
    endloop
  endfacet
  facet normal -0.514048 -0.857762 -0
    outer loop
      vertex 2.75007 19.1158 6
      vertex 2.33341 19.3655 0
      vertex 2.75007 19.1158 0
    endloop
  endfacet
  facet normal 0.970026 -0.243001 0
    outer loop
      vertex -4.85489 15.9657 6
      vertex -4.73685 16.4369 0
      vertex -4.73685 16.4369 6
    endloop
  endfacet
  facet normal 0.970026 -0.243001 0
    outer loop
      vertex -4.73685 16.4369 0
      vertex -4.85489 15.9657 6
      vertex -4.85489 15.9657 0
    endloop
  endfacet
  facet normal -0.941551 -0.336871 0
    outer loop
      vertex 4.73685 16.4369 0
      vertex 4.5732 16.8943 6
      vertex 4.5732 16.8943 0
    endloop
  endfacet
  facet normal -0.941551 -0.336871 0
    outer loop
      vertex 4.5732 16.8943 6
      vertex 4.73685 16.4369 0
      vertex 4.73685 16.4369 6
    endloop
  endfacet
  facet normal -0.242916 -0.970047 0
    outer loop
      vertex 0.965696 19.8549 0
      vertex 1.43691 19.7369 6
      vertex 0.965696 19.8549 6
    endloop
  endfacet
  facet normal -0.242916 -0.970047 -0
    outer loop
      vertex 1.43691 19.7369 6
      vertex 0.965696 19.8549 0
      vertex 1.43691 19.7369 0
    endloop
  endfacet
  facet normal -0.0489945 -0.998799 0
    outer loop
      vertex 0 19.95 0
      vertex 0.485185 19.9262 6
      vertex 0 19.95 6
    endloop
  endfacet
  facet normal -0.0489945 -0.998799 -0
    outer loop
      vertex 0.485185 19.9262 6
      vertex 0 19.95 0
      vertex 0.485185 19.9262 0
    endloop
  endfacet
  facet normal -0.427567 0.903984 0
    outer loop
      vertex 2.33341 10.6345 0
      vertex 1.89428 10.4268 6
      vertex 2.33341 10.6345 6
    endloop
  endfacet
  facet normal -0.427567 0.903984 0
    outer loop
      vertex 1.89428 10.4268 6
      vertex 2.33341 10.6345 0
      vertex 1.89428 10.4268 0
    endloop
  endfacet
  facet normal 0.0489945 -0.998799 0
    outer loop
      vertex -0.485185 19.9262 0
      vertex 0 19.95 6
      vertex -0.485185 19.9262 6
    endloop
  endfacet
  facet normal 0.0489945 -0.998799 0
    outer loop
      vertex 0 19.95 6
      vertex -0.485185 19.9262 0
      vertex 0 19.95 0
    endloop
  endfacet
  facet normal -0.989178 0.14672 0
    outer loop
      vertex 4.85489 14.0343 0
      vertex 4.92616 14.5148 6
      vertex 4.92616 14.5148 0
    endloop
  endfacet
  facet normal -0.989178 0.14672 0
    outer loop
      vertex 4.92616 14.5148 6
      vertex 4.85489 14.0343 0
      vertex 4.85489 14.0343 6
    endloop
  endfacet
  facet normal -0.857747 -0.514072 0
    outer loop
      vertex 4.36551 17.3334 0
      vertex 4.11577 17.7501 6
      vertex 4.11577 17.7501 0
    endloop
  endfacet
  facet normal -0.857747 -0.514072 0
    outer loop
      vertex 4.11577 17.7501 6
      vertex 4.36551 17.3334 0
      vertex 4.36551 17.3334 6
    endloop
  endfacet
  facet normal 0.671535 -0.740973 0
    outer loop
      vertex -3.50018 18.5002 0
      vertex -3.14025 18.8264 6
      vertex -3.50018 18.5002 6
    endloop
  endfacet
  facet normal 0.671535 -0.740973 0
    outer loop
      vertex -3.14025 18.8264 6
      vertex -3.50018 18.5002 0
      vertex -3.14025 18.8264 0
    endloop
  endfacet
  facet normal -0.242916 0.970047 0
    outer loop
      vertex 1.43691 10.2631 0
      vertex 0.965696 10.1451 6
      vertex 1.43691 10.2631 6
    endloop
  endfacet
  facet normal -0.242916 0.970047 0
    outer loop
      vertex 0.965696 10.1451 6
      vertex 1.43691 10.2631 0
      vertex 0.965696 10.1451 0
    endloop
  endfacet
  facet normal 0.0489945 0.998799 -0
    outer loop
      vertex 0 10.05 0
      vertex -0.485185 10.0738 6
      vertex 0 10.05 6
    endloop
  endfacet
  facet normal 0.0489945 0.998799 0
    outer loop
      vertex -0.485185 10.0738 6
      vertex 0 10.05 0
      vertex -0.485185 10.0738 0
    endloop
  endfacet
  facet normal 0.741018 -0.671486 0
    outer loop
      vertex -3.8264 18.1402 6
      vertex -3.50018 18.5002 0
      vertex -3.50018 18.5002 6
    endloop
  endfacet
  facet normal 0.741018 -0.671486 0
    outer loop
      vertex -3.50018 18.5002 0
      vertex -3.8264 18.1402 6
      vertex -3.8264 18.1402 0
    endloop
  endfacet
  facet normal 0.941551 -0.336871 0
    outer loop
      vertex -4.73685 16.4369 6
      vertex -4.5732 16.8943 0
      vertex -4.5732 16.8943 6
    endloop
  endfacet
  facet normal 0.941551 -0.336871 0
    outer loop
      vertex -4.5732 16.8943 0
      vertex -4.73685 16.4369 6
      vertex -4.73685 16.4369 0
    endloop
  endfacet
  facet normal -0.90398 0.427574 0
    outer loop
      vertex 4.36551 12.6666 0
      vertex 4.5732 13.1057 6
      vertex 4.5732 13.1057 0
    endloop
  endfacet
  facet normal -0.90398 0.427574 0
    outer loop
      vertex 4.5732 13.1057 6
      vertex 4.36551 12.6666 0
      vertex 4.36551 12.6666 6
    endloop
  endfacet
  facet normal -0.0489945 0.998799 0
    outer loop
      vertex 0.485185 10.0738 0
      vertex 0 10.05 6
      vertex 0.485185 10.0738 6
    endloop
  endfacet
  facet normal -0.0489945 0.998799 0
    outer loop
      vertex 0 10.05 6
      vertex 0.485185 10.0738 0
      vertex 0 10.05 0
    endloop
  endfacet
  facet normal -0.941551 0.336871 0
    outer loop
      vertex 4.5732 13.1057 0
      vertex 4.73685 13.5631 6
      vertex 4.73685 13.5631 0
    endloop
  endfacet
  facet normal -0.941551 0.336871 0
    outer loop
      vertex 4.73685 13.5631 6
      vertex 4.5732 13.1057 0
      vertex 4.5732 13.1057 6
    endloop
  endfacet
  facet normal 0.998795 -0.0490752 0
    outer loop
      vertex -4.95 15 6
      vertex -4.92616 15.4852 0
      vertex -4.92616 15.4852 6
    endloop
  endfacet
  facet normal 0.998795 -0.0490752 0
    outer loop
      vertex -4.92616 15.4852 0
      vertex -4.95 15 6
      vertex -4.95 15 0
    endloop
  endfacet
  facet normal -0.741018 -0.671486 0
    outer loop
      vertex 3.8264 18.1402 0
      vertex 3.50018 18.5002 6
      vertex 3.50018 18.5002 0
    endloop
  endfacet
  facet normal -0.741018 -0.671486 0
    outer loop
      vertex 3.50018 18.5002 6
      vertex 3.8264 18.1402 0
      vertex 3.8264 18.1402 6
    endloop
  endfacet
  facet normal -0.59573 0.803185 0
    outer loop
      vertex 3.14025 11.1736 0
      vertex 2.75007 10.8842 6
      vertex 3.14025 11.1736 6
    endloop
  endfacet
  facet normal -0.59573 0.803185 0
    outer loop
      vertex 2.75007 10.8842 6
      vertex 3.14025 11.1736 0
      vertex 2.75007 10.8842 0
    endloop
  endfacet
  facet normal -0.857747 0.514072 0
    outer loop
      vertex 4.11577 12.2499 0
      vertex 4.36551 12.6666 6
      vertex 4.36551 12.6666 0
    endloop
  endfacet
  facet normal -0.857747 0.514072 0
    outer loop
      vertex 4.36551 12.6666 6
      vertex 4.11577 12.2499 0
      vertex 4.11577 12.2499 6
    endloop
  endfacet
  facet normal 0.857747 -0.514072 0
    outer loop
      vertex -4.36551 17.3334 6
      vertex -4.11577 17.7501 0
      vertex -4.11577 17.7501 6
    endloop
  endfacet
  facet normal 0.857747 -0.514072 0
    outer loop
      vertex -4.11577 17.7501 0
      vertex -4.36551 17.3334 6
      vertex -4.36551 17.3334 0
    endloop
  endfacet
  facet normal 0.857747 0.514072 0
    outer loop
      vertex -4.11577 12.2499 6
      vertex -4.36551 12.6666 0
      vertex -4.36551 12.6666 6
    endloop
  endfacet
  facet normal 0.857747 0.514072 0
    outer loop
      vertex -4.36551 12.6666 0
      vertex -4.11577 12.2499 6
      vertex -4.11577 12.2499 0
    endloop
  endfacet
  facet normal 0.998795 0.0490752 0
    outer loop
      vertex -4.92616 14.5148 6
      vertex -4.95 15 0
      vertex -4.95 15 6
    endloop
  endfacet
  facet normal 0.998795 0.0490752 0
    outer loop
      vertex -4.95 15 0
      vertex -4.92616 14.5148 6
      vertex -4.92616 14.5148 0
    endloop
  endfacet
  facet normal 0.146777 0.98917 -0
    outer loop
      vertex -0.485185 10.0738 0
      vertex -0.965696 10.1451 6
      vertex -0.485185 10.0738 6
    endloop
  endfacet
  facet normal 0.146777 0.98917 0
    outer loop
      vertex -0.965696 10.1451 6
      vertex -0.485185 10.0738 0
      vertex -0.965696 10.1451 0
    endloop
  endfacet
  facet normal 0.803156 -0.595769 0
    outer loop
      vertex -4.11577 17.7501 6
      vertex -3.8264 18.1402 0
      vertex -3.8264 18.1402 6
    endloop
  endfacet
  facet normal 0.803156 -0.595769 0
    outer loop
      vertex -3.8264 18.1402 0
      vertex -4.11577 17.7501 6
      vertex -4.11577 17.7501 0
    endloop
  endfacet
  facet normal -0.866022 -0.500005 0
    outer loop
      vertex 8.48705 15 6
      vertex 7.35 16.9694 14.8
      vertex 7.35 16.9694 6
    endloop
  endfacet
  facet normal -0.866022 -0.500005 0
    outer loop
      vertex 7.35 16.9694 14.8
      vertex 8.48705 15 6
      vertex 8.48705 15 14.8
    endloop
  endfacet
  facet normal 0.866022 -0.500005 0
    outer loop
      vertex -8.48705 15 14.8
      vertex -7.35 16.9694 6
      vertex -7.35 16.9694 14.8
    endloop
  endfacet
  facet normal 0.866022 -0.500005 0
    outer loop
      vertex -7.35 16.9694 6
      vertex -8.48705 15 14.8
      vertex -8.48705 15 6
    endloop
  endfacet
  facet normal 0.866025 0.5 0
    outer loop
      vertex -4.24352 7.65 14.8
      vertex -8.48705 15 6
      vertex -8.48705 15 14.8
    endloop
  endfacet
  facet normal 0.866025 0.5 0
    outer loop
      vertex -8.48705 15 6
      vertex -4.24352 7.65 14.8
      vertex -4.24352 7.65 6
    endloop
  endfacet
  facet normal 0 0 -1
    outer loop
      vertex -4.24352 7.65 14.8
      vertex -8.48705 15 14.8
      vertex -7.35 16.9694 14.8
    endloop
  endfacet
  facet normal 0 0 -1
    outer loop
      vertex 4.24352 7.65 14.8
      vertex 7.35 16.9694 14.8
      vertex 8.48705 15 14.8
    endloop
  endfacet
  facet normal 0 0 -1
    outer loop
      vertex -7.35 16.9694 14.8
      vertex 7.35 16.9694 14.8
      vertex 4.24352 7.65 14.8
    endloop
  endfacet
  facet normal 0 0 -1
    outer loop
      vertex -7.35 16.9694 14.8
      vertex 4.24352 7.65 14.8
      vertex -4.24352 7.65 14.8
    endloop
  endfacet
  facet normal 0 0 -1
    outer loop
      vertex 7.35 16.9694 14.8
      vertex -7.35 16.9694 14.8
      vertex 7.35 30 14.8
    endloop
  endfacet
  facet normal -0 0 -1
    outer loop
      vertex 7.35 30 14.8
      vertex -7.35 16.9694 14.8
      vertex -7.35 30 14.8
    endloop
  endfacet
  facet normal -0.866025 0.5 0
    outer loop
      vertex 4.24352 7.65 6
      vertex 8.48705 15 14.8
      vertex 8.48705 15 6
    endloop
  endfacet
  facet normal -0.866025 0.5 0
    outer loop
      vertex 8.48705 15 14.8
      vertex 4.24352 7.65 6
      vertex 4.24352 7.65 14.8
    endloop
  endfacet
  facet normal -0 0 1
    outer loop
      vertex 3.50018 18.5002 6
      vertex 7.35 16.9694 6
      vertex 7.35 30 6
    endloop
  endfacet
  facet normal 0 0 1
    outer loop
      vertex 7.35 16.9694 6
      vertex 4.92616 15.4852 6
      vertex 4.95 15 6
    endloop
  endfacet
  facet normal 0 0 1
    outer loop
      vertex 7.35 16.9694 6
      vertex 4.85489 15.9657 6
      vertex 4.92616 15.4852 6
    endloop
  endfacet
  facet normal 0 0 1
    outer loop
      vertex 7.35 16.9694 6
      vertex 4.73685 16.4369 6
      vertex 4.85489 15.9657 6
    endloop
  endfacet
  facet normal 0 0 1
    outer loop
      vertex 7.35 16.9694 6
      vertex 4.5732 16.8943 6
      vertex 4.73685 16.4369 6
    endloop
  endfacet
  facet normal 0 0 1
    outer loop
      vertex 7.35 16.9694 6
      vertex 4.36551 17.3334 6
      vertex 4.5732 16.8943 6
    endloop
  endfacet
  facet normal 0 0 1
    outer loop
      vertex 7.35 16.9694 6
      vertex 4.11577 17.7501 6
      vertex 4.36551 17.3334 6
    endloop
  endfacet
  facet normal 0 0 1
    outer loop
      vertex 7.35 16.9694 6
      vertex 3.8264 18.1402 6
      vertex 4.11577 17.7501 6
    endloop
  endfacet
  facet normal 0 0 1
    outer loop
      vertex 7.35 16.9694 6
      vertex 3.50018 18.5002 6
      vertex 3.8264 18.1402 6
    endloop
  endfacet
  facet normal 0 0 1
    outer loop
      vertex 7.35 30 6
      vertex 3.14025 18.8264 6
      vertex 3.50018 18.5002 6
    endloop
  endfacet
  facet normal 0 0 1
    outer loop
      vertex 7.35 30 6
      vertex 2.75007 19.1158 6
      vertex 3.14025 18.8264 6
    endloop
  endfacet
  facet normal 0 0 1
    outer loop
      vertex 7.35 30 6
      vertex 2.33341 19.3655 6
      vertex 2.75007 19.1158 6
    endloop
  endfacet
  facet normal 0 0 1
    outer loop
      vertex 7.35 30 6
      vertex 1.89428 19.5732 6
      vertex 2.33341 19.3655 6
    endloop
  endfacet
  facet normal 0 0 1
    outer loop
      vertex 7.35 30 6
      vertex 1.43691 19.7369 6
      vertex 1.89428 19.5732 6
    endloop
  endfacet
  facet normal 0 0 1
    outer loop
      vertex 7.35 30 6
      vertex 0.965696 19.8549 6
      vertex 1.43691 19.7369 6
    endloop
  endfacet
  facet normal 0 0 1
    outer loop
      vertex 7.35 30 6
      vertex 0.485185 19.9262 6
      vertex 0.965696 19.8549 6
    endloop
  endfacet
  facet normal 0 0 1
    outer loop
      vertex 7.35 30 6
      vertex 0 19.95 6
      vertex 0.485185 19.9262 6
    endloop
  endfacet
  facet normal -0 0 1
    outer loop
      vertex -7.35 30 6
      vertex 0 19.95 6
      vertex 7.35 30 6
    endloop
  endfacet
  facet normal 0 0 1
    outer loop
      vertex 0 19.95 6
      vertex -7.35 30 6
      vertex -0.485185 19.9262 6
    endloop
  endfacet
  facet normal 0 0 1
    outer loop
      vertex -0.485185 19.9262 6
      vertex -7.35 30 6
      vertex -0.965696 19.8549 6
    endloop
  endfacet
  facet normal 0 0 1
    outer loop
      vertex -0.965696 19.8549 6
      vertex -7.35 30 6
      vertex -1.43691 19.7369 6
    endloop
  endfacet
  facet normal 0 0 1
    outer loop
      vertex -1.43691 19.7369 6
      vertex -7.35 30 6
      vertex -1.89428 19.5732 6
    endloop
  endfacet
  facet normal 0 0 1
    outer loop
      vertex -1.89428 19.5732 6
      vertex -7.35 30 6
      vertex -2.33341 19.3655 6
    endloop
  endfacet
  facet normal 0 0 1
    outer loop
      vertex -2.33341 19.3655 6
      vertex -7.35 30 6
      vertex -2.75007 19.1158 6
    endloop
  endfacet
  facet normal 0 0 1
    outer loop
      vertex -2.75007 19.1158 6
      vertex -7.35 30 6
      vertex -3.14025 18.8264 6
    endloop
  endfacet
  facet normal 0 0 1
    outer loop
      vertex -4.85489 15.9657 6
      vertex -7.35 16.9694 6
      vertex -4.92616 15.4852 6
    endloop
  endfacet
  facet normal 0 0 1
    outer loop
      vertex -4.73685 16.4369 6
      vertex -7.35 16.9694 6
      vertex -4.85489 15.9657 6
    endloop
  endfacet
  facet normal 0 0 1
    outer loop
      vertex -4.5732 16.8943 6
      vertex -7.35 16.9694 6
      vertex -4.73685 16.4369 6
    endloop
  endfacet
  facet normal 0 0 1
    outer loop
      vertex -4.36551 17.3334 6
      vertex -7.35 16.9694 6
      vertex -4.5732 16.8943 6
    endloop
  endfacet
  facet normal 0 0 1
    outer loop
      vertex -4.11577 17.7501 6
      vertex -7.35 16.9694 6
      vertex -4.36551 17.3334 6
    endloop
  endfacet
  facet normal 0 0 1
    outer loop
      vertex -3.8264 18.1402 6
      vertex -7.35 16.9694 6
      vertex -4.11577 17.7501 6
    endloop
  endfacet
  facet normal 0 0 1
    outer loop
      vertex -3.50018 18.5002 6
      vertex -7.35 16.9694 6
      vertex -3.8264 18.1402 6
    endloop
  endfacet
  facet normal 0 0 1
    outer loop
      vertex -7.35 16.9694 6
      vertex -3.50018 18.5002 6
      vertex -7.35 30 6
    endloop
  endfacet
  facet normal 0 0 1
    outer loop
      vertex -3.14025 18.8264 6
      vertex -7.35 30 6
      vertex -3.50018 18.5002 6
    endloop
  endfacet
  facet normal 0 0 1
    outer loop
      vertex 4.95 15 6
      vertex 8.48705 15 6
      vertex 7.35 16.9694 6
    endloop
  endfacet
  facet normal 0 0 1
    outer loop
      vertex 4.92616 14.5148 6
      vertex 8.48705 15 6
      vertex 4.95 15 6
    endloop
  endfacet
  facet normal 0 0 1
    outer loop
      vertex 4.85489 14.0343 6
      vertex 8.48705 15 6
      vertex 4.92616 14.5148 6
    endloop
  endfacet
  facet normal 0 0 1
    outer loop
      vertex 4.73685 13.5631 6
      vertex 8.48705 15 6
      vertex 4.85489 14.0343 6
    endloop
  endfacet
  facet normal 0 0 1
    outer loop
      vertex 4.5732 13.1057 6
      vertex 8.48705 15 6
      vertex 4.73685 13.5631 6
    endloop
  endfacet
  facet normal 0 0 1
    outer loop
      vertex 4.36551 12.6666 6
      vertex 8.48705 15 6
      vertex 4.5732 13.1057 6
    endloop
  endfacet
  facet normal -0 0 1
    outer loop
      vertex 4.36551 12.6666 6
      vertex 4.24352 7.65 6
      vertex 8.48705 15 6
    endloop
  endfacet
  facet normal -0 0 1
    outer loop
      vertex 4.11577 12.2499 6
      vertex 4.24352 7.65 6
      vertex 4.36551 12.6666 6
    endloop
  endfacet
  facet normal -0 0 1
    outer loop
      vertex 3.8264 11.8598 6
      vertex 4.24352 7.65 6
      vertex 4.11577 12.2499 6
    endloop
  endfacet
  facet normal -0 0 1
    outer loop
      vertex 3.50018 11.4998 6
      vertex 4.24352 7.65 6
      vertex 3.8264 11.8598 6
    endloop
  endfacet
  facet normal -0 0 1
    outer loop
      vertex 3.14025 11.1736 6
      vertex 4.24352 7.65 6
      vertex 3.50018 11.4998 6
    endloop
  endfacet
  facet normal -0 0 1
    outer loop
      vertex 2.75007 10.8842 6
      vertex 4.24352 7.65 6
      vertex 3.14025 11.1736 6
    endloop
  endfacet
  facet normal -0 0 1
    outer loop
      vertex 2.33341 10.6345 6
      vertex 4.24352 7.65 6
      vertex 2.75007 10.8842 6
    endloop
  endfacet
  facet normal -0 0 1
    outer loop
      vertex 1.89428 10.4268 6
      vertex 4.24352 7.65 6
      vertex 2.33341 10.6345 6
    endloop
  endfacet
  facet normal -0 0 1
    outer loop
      vertex 1.43691 10.2631 6
      vertex 4.24352 7.65 6
      vertex 1.89428 10.4268 6
    endloop
  endfacet
  facet normal -0 0 1
    outer loop
      vertex 0.965696 10.1451 6
      vertex 4.24352 7.65 6
      vertex 1.43691 10.2631 6
    endloop
  endfacet
  facet normal -0 0 1
    outer loop
      vertex 0.485185 10.0738 6
      vertex 4.24352 7.65 6
      vertex 0.965696 10.1451 6
    endloop
  endfacet
  facet normal -0 0 1
    outer loop
      vertex 0 10.05 6
      vertex 4.24352 7.65 6
      vertex 0.485185 10.0738 6
    endloop
  endfacet
  facet normal 0 0 1
    outer loop
      vertex -4.24352 7.65 6
      vertex 0 10.05 6
      vertex -0.485185 10.0738 6
    endloop
  endfacet
  facet normal 0 0 1
    outer loop
      vertex -4.24352 7.65 6
      vertex -0.485185 10.0738 6
      vertex -0.965696 10.1451 6
    endloop
  endfacet
  facet normal 0 0 1
    outer loop
      vertex -4.24352 7.65 6
      vertex -0.965696 10.1451 6
      vertex -1.43691 10.2631 6
    endloop
  endfacet
  facet normal 0 0 1
    outer loop
      vertex -4.24352 7.65 6
      vertex -1.43691 10.2631 6
      vertex -1.89428 10.4268 6
    endloop
  endfacet
  facet normal 0 0 1
    outer loop
      vertex 0 10.05 6
      vertex -4.24352 7.65 6
      vertex 4.24352 7.65 6
    endloop
  endfacet
  facet normal 0 0 1
    outer loop
      vertex -2.33341 10.6345 6
      vertex -4.24352 7.65 6
      vertex -1.89428 10.4268 6
    endloop
  endfacet
  facet normal 0 0 1
    outer loop
      vertex -2.75007 10.8842 6
      vertex -4.24352 7.65 6
      vertex -2.33341 10.6345 6
    endloop
  endfacet
  facet normal 0 0 1
    outer loop
      vertex -3.14025 11.1736 6
      vertex -4.24352 7.65 6
      vertex -2.75007 10.8842 6
    endloop
  endfacet
  facet normal 0 0 1
    outer loop
      vertex -3.50018 11.4998 6
      vertex -4.24352 7.65 6
      vertex -3.14025 11.1736 6
    endloop
  endfacet
  facet normal 0 0 1
    outer loop
      vertex -3.8264 11.8598 6
      vertex -4.24352 7.65 6
      vertex -3.50018 11.4998 6
    endloop
  endfacet
  facet normal 0 0 1
    outer loop
      vertex -4.11577 12.2499 6
      vertex -4.24352 7.65 6
      vertex -3.8264 11.8598 6
    endloop
  endfacet
  facet normal 0 0 1
    outer loop
      vertex -4.36551 12.6666 6
      vertex -4.24352 7.65 6
      vertex -4.11577 12.2499 6
    endloop
  endfacet
  facet normal 0 0 1
    outer loop
      vertex -8.48705 15 6
      vertex -4.36551 12.6666 6
      vertex -4.5732 13.1057 6
    endloop
  endfacet
  facet normal 0 0 1
    outer loop
      vertex -8.48705 15 6
      vertex -4.5732 13.1057 6
      vertex -4.73685 13.5631 6
    endloop
  endfacet
  facet normal 0 0 1
    outer loop
      vertex -8.48705 15 6
      vertex -4.73685 13.5631 6
      vertex -4.85489 14.0343 6
    endloop
  endfacet
  facet normal 0 0 1
    outer loop
      vertex -8.48705 15 6
      vertex -4.85489 14.0343 6
      vertex -4.92616 14.5148 6
    endloop
  endfacet
  facet normal 0 0 1
    outer loop
      vertex -4.92616 15.4852 6
      vertex -7.35 16.9694 6
      vertex -4.95 15 6
    endloop
  endfacet
  facet normal 0 0 1
    outer loop
      vertex -8.48705 15 6
      vertex -4.95 15 6
      vertex -7.35 16.9694 6
    endloop
  endfacet
  facet normal 0 0 1
    outer loop
      vertex -4.95 15 6
      vertex -8.48705 15 6
      vertex -4.92616 14.5148 6
    endloop
  endfacet
  facet normal 0 0 1
    outer loop
      vertex -4.36551 12.6666 6
      vertex -8.48705 15 6
      vertex -4.24352 7.65 6
    endloop
  endfacet
  facet normal 0 1 -0
    outer loop
      vertex 4.24352 7.65 6
      vertex -4.24352 7.65 14.8
      vertex 4.24352 7.65 14.8
    endloop
  endfacet
  facet normal 0 1 0
    outer loop
      vertex -4.24352 7.65 14.8
      vertex 4.24352 7.65 6
      vertex -4.24352 7.65 6
    endloop
  endfacet
  facet normal -1 0 0
    outer loop
      vertex 7.35 16.9694 6
      vertex 7.35 30 14.8
      vertex 7.35 30 6
    endloop
  endfacet
  facet normal -1 -0 0
    outer loop
      vertex 7.35 30 14.8
      vertex 7.35 16.9694 6
      vertex 7.35 16.9694 14.8
    endloop
  endfacet
  facet normal 1 -0 0
    outer loop
      vertex -7.35 16.9694 14.8
      vertex -7.35 30 6
      vertex -7.35 30 14.8
    endloop
  endfacet
  facet normal 1 0 0
    outer loop
      vertex -7.35 30 6
      vertex -7.35 16.9694 14.8
      vertex -7.35 16.9694 6
    endloop
  endfacet
  facet normal -1 0 0
    outer loop
      vertex 66 26 62
      vertex 66 30 63.9182
      vertex 66 30 62
    endloop
  endfacet
  facet normal -1 -0 0
    outer loop
      vertex 66 30 63.9182
      vertex 66 26 62
      vertex 66 26 63.9182
    endloop
  endfacet
  facet normal -0 0 1
    outer loop
      vertex -66 30 62
      vertex 66 26 62
      vertex 66 30 62
    endloop
  endfacet
  facet normal 0 0 1
    outer loop
      vertex 66 26 62
      vertex -66 30 62
      vertex -66 26 62
    endloop
  endfacet
  facet normal 1 -0 0
    outer loop
      vertex -66 26 63.9182
      vertex -66 30 62
      vertex -66 30 63.9182
    endloop
  endfacet
  facet normal 1 0 0
    outer loop
      vertex -66 30 62
      vertex -66 26 63.9182
      vertex -66 26 62
    endloop
  endfacet
  facet normal 0 1 0
    outer loop
      vertex 66 26 62
      vertex 62 26 65
      vertex 62.7841 26 64.9615
    endloop
  endfacet
  facet normal 0 1 0
    outer loop
      vertex 62 26 65
      vertex 66 26 62
      vertex -62 26 65
    endloop
  endfacet
  facet normal 0 1 0
    outer loop
      vertex 66 26 62
      vertex 62.7841 26 64.9615
      vertex 63.5607 26 64.8463
    endloop
  endfacet
  facet normal 0 1 0
    outer loop
      vertex -66 26 62
      vertex -62 26 65
      vertex 66 26 62
    endloop
  endfacet
  facet normal 0 1 0
    outer loop
      vertex 66 26 62
      vertex 63.5607 26 64.8463
      vertex 64.3223 26 64.6555
    endloop
  endfacet
  facet normal 0 1 0
    outer loop
      vertex -62 26 65
      vertex -66 26 62
      vertex -62.7841 26 64.9615
    endloop
  endfacet
  facet normal 0 1 0
    outer loop
      vertex 66 26 62
      vertex 64.3223 26 64.6555
      vertex 65.0615 26 64.391
    endloop
  endfacet
  facet normal 0 1 0
    outer loop
      vertex -62.7841 26 64.9615
      vertex -66 26 62
      vertex -63.5607 26 64.8463
    endloop
  endfacet
  facet normal 0 1 0
    outer loop
      vertex 66 26 62
      vertex 65.0615 26 64.391
      vertex 65.7712 26 64.0554
    endloop
  endfacet
  facet normal 0 1 0
    outer loop
      vertex -63.5607 26 64.8463
      vertex -66 26 62
      vertex -64.3223 26 64.6555
    endloop
  endfacet
  facet normal 0 1 -0
    outer loop
      vertex 66 26 62
      vertex 65.7712 26 64.0554
      vertex 66 26 63.9182
    endloop
  endfacet
  facet normal 0 1 0
    outer loop
      vertex -64.3223 26 64.6555
      vertex -66 26 62
      vertex -65.0615 26 64.391
    endloop
  endfacet
  facet normal 0 1 0
    outer loop
      vertex -65.0615 26 64.391
      vertex -66 26 62
      vertex -65.7712 26 64.0554
    endloop
  endfacet
  facet normal 0 1 0
    outer loop
      vertex -65.7712 26 64.0554
      vertex -66 26 62
      vertex -66 26 63.9182
    endloop
  endfacet
  facet normal 0 -0.146728 0.989177
    outer loop
      vertex -20 -21.3722 44.9326
      vertex -12 -22.7313 44.731
      vertex -12 -21.3722 44.9326
    endloop
  endfacet
  facet normal 0 -0.146728 0.989177
    outer loop
      vertex -12 -22.7313 44.731
      vertex -20 -21.3722 44.9326
      vertex -20 -22.7313 44.731
    endloop
  endfacet
  facet normal 0 -0.242964 0.970035
    outer loop
      vertex -20 -22.7313 44.731
      vertex -12 -24.064 44.3972
      vertex -12 -22.7313 44.731
    endloop
  endfacet
  facet normal 0 -0.242964 0.970035
    outer loop
      vertex -12 -24.064 44.3972
      vertex -20 -22.7313 44.731
      vertex -20 -24.064 44.3972
    endloop
  endfacet
  facet normal 0 -0.427542 0.903996
    outer loop
      vertex -20 -25.3576 43.9343
      vertex -12 -26.5996 43.3469
      vertex -12 -25.3576 43.9343
    endloop
  endfacet
  facet normal 0 -0.427542 0.903996
    outer loop
      vertex -12 -26.5996 43.3469
      vertex -20 -25.3576 43.9343
      vertex -20 -26.5996 43.3469
    endloop
  endfacet
  facet normal 0 -0.5141 0.85773
    outer loop
      vertex -20 -26.5996 43.3469
      vertex -12 -27.778 42.6406
      vertex -12 -26.5996 43.3469
    endloop
  endfacet
  facet normal 0 -0.5141 0.85773
    outer loop
      vertex -12 -27.778 42.6406
      vertex -20 -26.5996 43.3469
      vertex -20 -27.778 42.6406
    endloop
  endfacet
  facet normal 0 -0.0490591 0.998796
    outer loop
      vertex -20 -20 45
      vertex -12 -21.3722 44.9326
      vertex -12 -20 45
    endloop
  endfacet
  facet normal 0 -0.0490591 0.998796
    outer loop
      vertex -12 -21.3722 44.9326
      vertex -20 -20 45
      vertex -20 -21.3722 44.9326
    endloop
  endfacet
  facet normal 0 -0.671534 0.740973
    outer loop
      vertex -20 -28.8815 41.8221
      vertex -12 -29.8995 40.8995
      vertex -12 -28.8815 41.8221
    endloop
  endfacet
  facet normal 0 -0.671534 0.740973
    outer loop
      vertex -12 -29.8995 40.8995
      vertex -20 -28.8815 41.8221
      vertex -20 -29.8995 40.8995
    endloop
  endfacet
  facet normal 0 -1 0
    outer loop
      vertex -70 -40 0
      vertex -20 -40 25
      vertex -70 -40 25
    endloop
  endfacet
  facet normal 0 -1 -0
    outer loop
      vertex -20 -40 25
      vertex -70 -40 0
      vertex -12 -40 25
    endloop
  endfacet
  facet normal 0 -1 -0
    outer loop
      vertex -12 -40 25
      vertex -70 -40 0
      vertex 12 -40 25
    endloop
  endfacet
  facet normal 0 -1 0
    outer loop
      vertex 70 -40 0
      vertex 12 -40 25
      vertex -70 -40 0
    endloop
  endfacet
  facet normal 0 -1 0
    outer loop
      vertex 12 -40 25
      vertex 70 -40 0
      vertex 20 -40 25
    endloop
  endfacet
  facet normal 0 -1 0
    outer loop
      vertex 20 -40 25
      vertex 70 -40 0
      vertex 70 -40 25
    endloop
  endfacet
  facet normal 0 -1 0
    outer loop
      vertex -20 -40 25
      vertex -12 -40 31
      vertex -20 -40 31
    endloop
  endfacet
  facet normal 0 -1 -0
    outer loop
      vertex -12 -40 31
      vertex -20 -40 25
      vertex -12 -40 25
    endloop
  endfacet
  facet normal 0 -1 0
    outer loop
      vertex 12 -40 25
      vertex 20 -40 31
      vertex 12 -40 31
    endloop
  endfacet
  facet normal 0 -1 -0
    outer loop
      vertex 20 -40 31
      vertex 12 -40 25
      vertex 20 -40 25
    endloop
  endfacet
  facet normal 0 -0.336917 0.941534
    outer loop
      vertex -20 -24.064 44.3972
      vertex -12 -25.3576 43.9343
      vertex -12 -24.064 44.3972
    endloop
  endfacet
  facet normal 0 -0.336917 0.941534
    outer loop
      vertex -12 -25.3576 43.9343
      vertex -20 -24.064 44.3972
      vertex -20 -25.3576 43.9343
    endloop
  endfacet
  facet normal -0 0 1
    outer loop
      vertex -20 0 45
      vertex -12 -20 45
      vertex -12 0 45
    endloop
  endfacet
  facet normal 0 0 1
    outer loop
      vertex -12 -20 45
      vertex -20 0 45
      vertex -20 -20 45
    endloop
  endfacet
  facet normal 0 -0.699965 0.714177
    outer loop
      vertex -20 -29.8995 40.8995
      vertex -12 -40 31
      vertex -12 -29.8995 40.8995
    endloop
  endfacet
  facet normal 0 -0.699965 0.714177
    outer loop
      vertex -12 -40 31
      vertex -20 -29.8995 40.8995
      vertex -20 -40 31
    endloop
  endfacet
  facet normal 0 -0.595741 0.803177
    outer loop
      vertex -20 -27.778 42.6406
      vertex -12 -28.8815 41.8221
      vertex -12 -27.778 42.6406
    endloop
  endfacet
  facet normal 0 -0.595741 0.803177
    outer loop
      vertex -12 -28.8815 41.8221
      vertex -20 -27.778 42.6406
      vertex -20 -28.8815 41.8221
    endloop
  endfacet
  facet normal 0 1 -0
    outer loop
      vertex -15 0.00999928 18
      vertex -20 0.00999928 31
      vertex -15 0.00999928 31
    endloop
  endfacet
  facet normal 0 1 0
    outer loop
      vertex -20 0.00999928 31
      vertex -15 0.00999928 18
      vertex -20 0.00999928 18
    endloop
  endfacet
  facet normal 0 1 -0
    outer loop
      vertex 20 0.00999928 18
      vertex 15 0.00999928 31
      vertex 20 0.00999928 31
    endloop
  endfacet
  facet normal 0 1 0
    outer loop
      vertex 15 0.00999928 31
      vertex 20 0.00999928 18
      vertex 15 0.00999928 18
    endloop
  endfacet
  facet normal 1 -0 0
    outer loop
      vertex -12 -40 31
      vertex -12 -35 25
      vertex -12 -29.8995 40.8995
    endloop
  endfacet
  facet normal 1 0 0
    outer loop
      vertex -12 -35 25
      vertex -12 -40 31
      vertex -12 -40 25
    endloop
  endfacet
  facet normal 1 0 0
    outer loop
      vertex -12 -17.0144 30.7059
      vertex -12 0 45
      vertex -12 -17 31
    endloop
  endfacet
  facet normal 1 0 0
    outer loop
      vertex -12 0 45
      vertex -12 -17.0144 31.2941
      vertex -12 -17 31
    endloop
  endfacet
  facet normal 1 0 0
    outer loop
      vertex -12 0 45
      vertex -12 -17.0576 31.5853
      vertex -12 -17.0144 31.2941
    endloop
  endfacet
  facet normal 1 0 0
    outer loop
      vertex -12 0 45
      vertex -12 -17.1292 31.8709
      vertex -12 -17.0576 31.5853
    endloop
  endfacet
  facet normal 1 0 0
    outer loop
      vertex -12 0 45
      vertex -12 -17.2284 32.148
      vertex -12 -17.1292 31.8709
    endloop
  endfacet
  facet normal 1 0 0
    outer loop
      vertex -12 0 45
      vertex -12 -17.3542 32.4142
      vertex -12 -17.2284 32.148
    endloop
  endfacet
  facet normal 1 0 0
    outer loop
      vertex -12 0 45
      vertex -12 -17.5056 32.6667
      vertex -12 -17.3542 32.4142
    endloop
  endfacet
  facet normal 1 0 0
    outer loop
      vertex -12 0 45
      vertex -12 -17.681 32.9032
      vertex -12 -17.5056 32.6667
    endloop
  endfacet
  facet normal 1 0 0
    outer loop
      vertex -12 0 45
      vertex -12 -17.8787 33.1213
      vertex -12 -17.681 32.9032
    endloop
  endfacet
  facet normal 1 -0 0
    outer loop
      vertex -12 -20 45
      vertex -12 -17.8787 33.1213
      vertex -12 0 45
    endloop
  endfacet
  facet normal 1 0 0
    outer loop
      vertex -12 -17.8787 33.1213
      vertex -12 -20 45
      vertex -12 -18.0968 33.319
    endloop
  endfacet
  facet normal 1 0 0
    outer loop
      vertex -12 -18.0968 33.319
      vertex -12 -20 45
      vertex -12 -18.3333 33.4944
    endloop
  endfacet
  facet normal 1 0 0
    outer loop
      vertex -12 -18.3333 33.4944
      vertex -12 -20 45
      vertex -12 -18.5858 33.6458
    endloop
  endfacet
  facet normal 1 0 0
    outer loop
      vertex -12 -18.5858 33.6458
      vertex -12 -20 45
      vertex -12 -18.852 33.7716
    endloop
  endfacet
  facet normal 1 0 0
    outer loop
      vertex -12 -18.852 33.7716
      vertex -12 -20 45
      vertex -12 -19.1291 33.8708
    endloop
  endfacet
  facet normal 1 0 0
    outer loop
      vertex -12 -19.1291 33.8708
      vertex -12 -20 45
      vertex -12 -19.4147 33.9424
    endloop
  endfacet
  facet normal 1 0 0
    outer loop
      vertex -12 -19.4147 33.9424
      vertex -12 -20 45
      vertex -12 -19.7059 33.9856
    endloop
  endfacet
  facet normal 1 0 0
    outer loop
      vertex -12 -20 45
      vertex -12 -20 34
      vertex -12 -19.7059 33.9856
    endloop
  endfacet
  facet normal 1 0 0
    outer loop
      vertex -12 -20 45
      vertex -12 -20.2941 33.9856
      vertex -12 -20 34
    endloop
  endfacet
  facet normal 1 -0 0
    outer loop
      vertex -12 -21.3722 44.9326
      vertex -12 -20.2941 33.9856
      vertex -12 -20 45
    endloop
  endfacet
  facet normal 1 0 0
    outer loop
      vertex -12 -20.2941 33.9856
      vertex -12 -21.3722 44.9326
      vertex -12 -20.5853 33.9424
    endloop
  endfacet
  facet normal 1 -0 0
    outer loop
      vertex -12 -22.7313 44.731
      vertex -12 -20.5853 33.9424
      vertex -12 -21.3722 44.9326
    endloop
  endfacet
  facet normal 1 0 0
    outer loop
      vertex -12 -20.5853 33.9424
      vertex -12 -22.7313 44.731
      vertex -12 -20.8709 33.8708
    endloop
  endfacet
  facet normal 1 -0 0
    outer loop
      vertex -12 -24.064 44.3972
      vertex -12 -20.8709 33.8708
      vertex -12 -22.7313 44.731
    endloop
  endfacet
  facet normal 1 0 0
    outer loop
      vertex -12 -20.8709 33.8708
      vertex -12 -24.064 44.3972
      vertex -12 -21.148 33.7716
    endloop
  endfacet
  facet normal 1 -0 0
    outer loop
      vertex -12 -25.3576 43.9343
      vertex -12 -21.148 33.7716
      vertex -12 -24.064 44.3972
    endloop
  endfacet
  facet normal 1 0 0
    outer loop
      vertex -12 -21.148 33.7716
      vertex -12 -25.3576 43.9343
      vertex -12 -21.4142 33.6458
    endloop
  endfacet
  facet normal 1 -0 0
    outer loop
      vertex -12 -26.5996 43.3469
      vertex -12 -21.4142 33.6458
      vertex -12 -25.3576 43.9343
    endloop
  endfacet
  facet normal 1 0 0
    outer loop
      vertex -12 -21.4142 33.6458
      vertex -12 -26.5996 43.3469
      vertex -12 -21.6667 33.4944
    endloop
  endfacet
  facet normal 1 -0 0
    outer loop
      vertex -12 -27.778 42.6406
      vertex -12 -21.6667 33.4944
      vertex -12 -26.5996 43.3469
    endloop
  endfacet
  facet normal 1 0 0
    outer loop
      vertex -12 -21.6667 33.4944
      vertex -12 -27.778 42.6406
      vertex -12 -21.9032 33.319
    endloop
  endfacet
  facet normal 1 -0 0
    outer loop
      vertex -12 -28.8815 41.8221
      vertex -12 -21.9032 33.319
      vertex -12 -27.778 42.6406
    endloop
  endfacet
  facet normal 1 0 0
    outer loop
      vertex -12 -21.9032 33.319
      vertex -12 -28.8815 41.8221
      vertex -12 -22.1213 33.1213
    endloop
  endfacet
  facet normal 1 -0 0
    outer loop
      vertex -12 -29.8995 40.8995
      vertex -12 -22.1213 33.1213
      vertex -12 -28.8815 41.8221
    endloop
  endfacet
  facet normal 1 0 0
    outer loop
      vertex -12 -22.1213 33.1213
      vertex -12 -29.8995 40.8995
      vertex -12 -22.319 32.9032
    endloop
  endfacet
  facet normal 1 0 0
    outer loop
      vertex -12 -22.319 32.9032
      vertex -12 -29.8995 40.8995
      vertex -12 -22.4944 32.6667
    endloop
  endfacet
  facet normal 1 0 0
    outer loop
      vertex -12 -22.4944 32.6667
      vertex -12 -29.8995 40.8995
      vertex -12 -22.6458 32.4142
    endloop
  endfacet
  facet normal 1 0 0
    outer loop
      vertex -12 -17.0576 30.4147
      vertex -12 0 45
      vertex -12 -17.0144 30.7059
    endloop
  endfacet
  facet normal 1 0 0
    outer loop
      vertex -12 0 45
      vertex -12 -17.0576 30.4147
      vertex -12 0 6
    endloop
  endfacet
  facet normal 1 -0 0
    outer loop
      vertex -12 -17.1292 30.1291
      vertex -12 0 6
      vertex -12 -17.0576 30.4147
    endloop
  endfacet
  facet normal 1 -0 0
    outer loop
      vertex -12 -17.2284 29.852
      vertex -12 0 6
      vertex -12 -17.1292 30.1291
    endloop
  endfacet
  facet normal 1 -0 0
    outer loop
      vertex -12 -17.3542 29.5858
      vertex -12 0 6
      vertex -12 -17.2284 29.852
    endloop
  endfacet
  facet normal 1 -0 0
    outer loop
      vertex -12 -17.5056 29.3333
      vertex -12 0 6
      vertex -12 -17.3542 29.5858
    endloop
  endfacet
  facet normal 1 -0 0
    outer loop
      vertex -12 -17.681 29.0968
      vertex -12 0 6
      vertex -12 -17.5056 29.3333
    endloop
  endfacet
  facet normal 1 -0 0
    outer loop
      vertex -12 -17.8787 28.8787
      vertex -12 0 6
      vertex -12 -17.681 29.0968
    endloop
  endfacet
  facet normal 1 -0 0
    outer loop
      vertex -12 -18.0968 28.681
      vertex -12 0 6
      vertex -12 -17.8787 28.8787
    endloop
  endfacet
  facet normal 1 -0 0
    outer loop
      vertex -12 -18.3333 28.5056
      vertex -12 0 6
      vertex -12 -18.0968 28.681
    endloop
  endfacet
  facet normal 1 -0 0
    outer loop
      vertex -12 -18.5858 28.3542
      vertex -12 0 6
      vertex -12 -18.3333 28.5056
    endloop
  endfacet
  facet normal 1 -0 0
    outer loop
      vertex -12 -18.852 28.2284
      vertex -12 0 6
      vertex -12 -18.5858 28.3542
    endloop
  endfacet
  facet normal 1 -0 0
    outer loop
      vertex -12 -19.1291 28.1292
      vertex -12 0 6
      vertex -12 -18.852 28.2284
    endloop
  endfacet
  facet normal 1 -0 0
    outer loop
      vertex -12 -19.4147 28.0576
      vertex -12 0 6
      vertex -12 -19.1291 28.1292
    endloop
  endfacet
  facet normal 1 -0 0
    outer loop
      vertex -12 -19.7059 28.0144
      vertex -12 0 6
      vertex -12 -19.4147 28.0576
    endloop
  endfacet
  facet normal 1 0 0
    outer loop
      vertex -12 -35 6
      vertex -12 -19.7059 28.0144
      vertex -12 -20 28
    endloop
  endfacet
  facet normal 1 0 0
    outer loop
      vertex -12 -35 6
      vertex -12 -20 28
      vertex -12 -20.2941 28.0144
    endloop
  endfacet
  facet normal 1 0 0
    outer loop
      vertex -12 -35 6
      vertex -12 -20.2941 28.0144
      vertex -12 -20.5853 28.0576
    endloop
  endfacet
  facet normal 1 0 0
    outer loop
      vertex -12 -35 6
      vertex -12 -20.5853 28.0576
      vertex -12 -20.8709 28.1292
    endloop
  endfacet
  facet normal 1 0 0
    outer loop
      vertex -12 -35 6
      vertex -12 -20.8709 28.1292
      vertex -12 -21.148 28.2284
    endloop
  endfacet
  facet normal 1 0 0
    outer loop
      vertex -12 -35 25
      vertex -12 -21.148 28.2284
      vertex -12 -21.4142 28.3542
    endloop
  endfacet
  facet normal 1 0 0
    outer loop
      vertex -12 -35 25
      vertex -12 -21.4142 28.3542
      vertex -12 -21.6667 28.5056
    endloop
  endfacet
  facet normal 1 0 0
    outer loop
      vertex -12 -35 25
      vertex -12 -21.6667 28.5056
      vertex -12 -21.9032 28.681
    endloop
  endfacet
  facet normal 1 0 0
    outer loop
      vertex -12 -35 25
      vertex -12 -21.9032 28.681
      vertex -12 -22.1213 28.8787
    endloop
  endfacet
  facet normal 1 0 0
    outer loop
      vertex -12 -22.6458 32.4142
      vertex -12 -29.8995 40.8995
      vertex -12 -22.7716 32.148
    endloop
  endfacet
  facet normal 1 0 0
    outer loop
      vertex -12 -22.7716 32.148
      vertex -12 -29.8995 40.8995
      vertex -12 -22.8708 31.8709
    endloop
  endfacet
  facet normal 1 0 0
    outer loop
      vertex -12 -22.8708 31.8709
      vertex -12 -29.8995 40.8995
      vertex -12 -22.9424 31.5853
    endloop
  endfacet
  facet normal 1 0 0
    outer loop
      vertex -12 -22.9424 31.5853
      vertex -12 -29.8995 40.8995
      vertex -12 -22.9856 31.2941
    endloop
  endfacet
  facet normal 1 0 0
    outer loop
      vertex -12 -35 25
      vertex -12 -22.9856 31.2941
      vertex -12 -29.8995 40.8995
    endloop
  endfacet
  facet normal 1 0 0
    outer loop
      vertex -12 -22.9856 31.2941
      vertex -12 -35 25
      vertex -12 -23 31
    endloop
  endfacet
  facet normal 1 0 0
    outer loop
      vertex -12 -23 31
      vertex -12 -35 25
      vertex -12 -22.9856 30.7059
    endloop
  endfacet
  facet normal 1 0 0
    outer loop
      vertex -12 -22.9856 30.7059
      vertex -12 -35 25
      vertex -12 -22.9424 30.4147
    endloop
  endfacet
  facet normal 1 0 0
    outer loop
      vertex -12 -22.9424 30.4147
      vertex -12 -35 25
      vertex -12 -22.8708 30.1291
    endloop
  endfacet
  facet normal 1 0 0
    outer loop
      vertex -12 -22.8708 30.1291
      vertex -12 -35 25
      vertex -12 -22.7716 29.852
    endloop
  endfacet
  facet normal 1 0 0
    outer loop
      vertex -12 -22.7716 29.852
      vertex -12 -35 25
      vertex -12 -22.6458 29.5858
    endloop
  endfacet
  facet normal 1 0 0
    outer loop
      vertex -12 -22.6458 29.5858
      vertex -12 -35 25
      vertex -12 -22.4944 29.3333
    endloop
  endfacet
  facet normal 1 0 0
    outer loop
      vertex -12 -35 25
      vertex -12 -22.319 29.0968
      vertex -12 -22.4944 29.3333
    endloop
  endfacet
  facet normal 1 0 0
    outer loop
      vertex -12 -35 25
      vertex -12 -22.1213 28.8787
      vertex -12 -22.319 29.0968
    endloop
  endfacet
  facet normal 1 0 0
    outer loop
      vertex -12 -21.148 28.2284
      vertex -12 -35 25
      vertex -12 -35 6
    endloop
  endfacet
  facet normal 1 0 0
    outer loop
      vertex -12 -19.7059 28.0144
      vertex -12 -35 6
      vertex -12 0 6
    endloop
  endfacet
  facet normal -1 0 0
    outer loop
      vertex -20 -16.9098 23.5397
      vertex -20 0 18
      vertex -20 0 6
    endloop
  endfacet
  facet normal -1 0 -0
    outer loop
      vertex -20 -12.8785 27.1935
      vertex -20 0 18
      vertex -20 -13.2859 26.5138
    endloop
  endfacet
  facet normal -1 0 -0
    outer loop
      vertex -20 -11.9639 30.2085
      vertex -20 0 32
      vertex -20 -12.0802 29.4246
    endloop
  endfacet
  facet normal -1 0 0
    outer loop
      vertex -20 -11.9639 31.7915
      vertex -20 0 32
      vertex -20 -11.925 31
    endloop
  endfacet
  facet normal -1 0 -0
    outer loop
      vertex -20 -11.925 31
      vertex -20 0 32
      vertex -20 -11.9639 30.2085
    endloop
  endfacet
  facet normal -1 0 0
    outer loop
      vertex -20 0 32
      vertex -20 -12.2727 28.656
      vertex -20 -12.0802 29.4246
    endloop
  endfacet
  facet normal -1 0 0
    outer loop
      vertex -20 0 32
      vertex -20 -12.5397 27.9098
      vertex -20 -12.2727 28.656
    endloop
  endfacet
  facet normal -1 0 0
    outer loop
      vertex -20 0 18
      vertex -20 -12.5397 27.9098
      vertex -20 0 32
    endloop
  endfacet
  facet normal -1 0 -0
    outer loop
      vertex -20 -12.5397 27.9098
      vertex -20 0 18
      vertex -20 -12.8785 27.1935
    endloop
  endfacet
  facet normal -1 0 0
    outer loop
      vertex -20 0 18
      vertex -20 -13.7579 25.8773
      vertex -20 -13.2859 26.5138
    endloop
  endfacet
  facet normal -1 0 0
    outer loop
      vertex -20 0 18
      vertex -20 -14.2901 25.2901
      vertex -20 -13.7579 25.8773
    endloop
  endfacet
  facet normal -1 0 0
    outer loop
      vertex -20 0 18
      vertex -20 -14.8773 24.7579
      vertex -20 -14.2901 25.2901
    endloop
  endfacet
  facet normal -1 0 0
    outer loop
      vertex -20 0 18
      vertex -20 -15.5138 24.2859
      vertex -20 -14.8773 24.7579
    endloop
  endfacet
  facet normal -1 0 0
    outer loop
      vertex -20 0 18
      vertex -20 -16.1935 23.8785
      vertex -20 -15.5138 24.2859
    endloop
  endfacet
  facet normal -1 0 0
    outer loop
      vertex -20 0 18
      vertex -20 -16.9098 23.5397
      vertex -20 -16.1935 23.8785
    endloop
  endfacet
  facet normal -1 0 0
    outer loop
      vertex -20 0 6
      vertex -20 -17.656 23.2727
      vertex -20 -16.9098 23.5397
    endloop
  endfacet
  facet normal -1 0 0
    outer loop
      vertex -20 0 6
      vertex -20 -18.4246 23.0802
      vertex -20 -17.656 23.2727
    endloop
  endfacet
  facet normal -1 0 0
    outer loop
      vertex -20 0 6
      vertex -20 -19.2085 22.9639
      vertex -20 -18.4246 23.0802
    endloop
  endfacet
  facet normal -1 0 0
    outer loop
      vertex -20 -35 6
      vertex -20 -19.2085 22.9639
      vertex -20 0 6
    endloop
  endfacet
  facet normal -1 0 0
    outer loop
      vertex -20 -19.2085 22.9639
      vertex -20 -35 6
      vertex -20 -20 22.925
    endloop
  endfacet
  facet normal -1 -0 0
    outer loop
      vertex -20 -20 22.925
      vertex -20 -35 6
      vertex -20 -20.7915 22.9639
    endloop
  endfacet
  facet normal -1 -0 0
    outer loop
      vertex -20 -20.7915 22.9639
      vertex -20 -35 6
      vertex -20 -21.5754 23.0802
    endloop
  endfacet
  facet normal -1 -0 0
    outer loop
      vertex -20 -21.5754 23.0802
      vertex -20 -35 6
      vertex -20 -22.344 23.2727
    endloop
  endfacet
  facet normal -1 -0 0
    outer loop
      vertex -20 -22.344 23.2727
      vertex -20 -35 6
      vertex -20 -23.0902 23.5397
    endloop
  endfacet
  facet normal -1 -0 0
    outer loop
      vertex -20 -23.0902 23.5397
      vertex -20 -35 6
      vertex -20 -23.8065 23.8785
    endloop
  endfacet
  facet normal -1 -0 0
    outer loop
      vertex -20 -23.8065 23.8785
      vertex -20 -35 6
      vertex -20 -24.4862 24.2859
    endloop
  endfacet
  facet normal -1 0 0
    outer loop
      vertex -20 -35 25
      vertex -20 -28.075 31
      vertex -20 -28.0361 30.2085
    endloop
  endfacet
  facet normal -1 0 0
    outer loop
      vertex -20 -28.075 31
      vertex -20 -29.8995 40.8995
      vertex -20 -28.8815 41.8221
    endloop
  endfacet
  facet normal -1 0 0
    outer loop
      vertex -20 -35 25
      vertex -20 -28.0361 30.2085
      vertex -20 -27.9198 29.4246
    endloop
  endfacet
  facet normal -1 0 0
    outer loop
      vertex -20 -35 25
      vertex -20 -24.4862 24.2859
      vertex -20 -35 6
    endloop
  endfacet
  facet normal -1 0 0
    outer loop
      vertex -20 -24.4862 24.2859
      vertex -20 -35 25
      vertex -20 -25.1227 24.7579
    endloop
  endfacet
  facet normal -1 0 0
    outer loop
      vertex -20 -25.1227 24.7579
      vertex -20 -35 25
      vertex -20 -25.7099 25.2901
    endloop
  endfacet
  facet normal -1 -0 0
    outer loop
      vertex -20 -25.7099 25.2901
      vertex -20 -35 25
      vertex -20 -26.2421 25.8773
    endloop
  endfacet
  facet normal -1 -0 0
    outer loop
      vertex -20 -26.2421 25.8773
      vertex -20 -35 25
      vertex -20 -26.7141 26.5138
    endloop
  endfacet
  facet normal -1 -0 0
    outer loop
      vertex -20 -26.7141 26.5138
      vertex -20 -35 25
      vertex -20 -27.1215 27.1935
    endloop
  endfacet
  facet normal -1 -0 0
    outer loop
      vertex -20 -27.1215 27.1935
      vertex -20 -35 25
      vertex -20 -27.4603 27.9098
    endloop
  endfacet
  facet normal -1 -0 0
    outer loop
      vertex -20 -27.4603 27.9098
      vertex -20 -35 25
      vertex -20 -27.7273 28.656
    endloop
  endfacet
  facet normal -1 -0 0
    outer loop
      vertex -20 -27.7273 28.656
      vertex -20 -35 25
      vertex -20 -27.9198 29.4246
    endloop
  endfacet
  facet normal -1 -0 0
    outer loop
      vertex -20 -28.075 31
      vertex -20 -35 25
      vertex -20 -40 31
    endloop
  endfacet
  facet normal -1 0 0
    outer loop
      vertex -20 -40 31
      vertex -20 -35 25
      vertex -20 -40 25
    endloop
  endfacet
  facet normal -1 0 0
    outer loop
      vertex -20 -28.075 31
      vertex -20 -40 31
      vertex -20 -29.8995 40.8995
    endloop
  endfacet
  facet normal -1 0 0
    outer loop
      vertex -20 0 18
      vertex -20 0.00999928 31
      vertex -20 0.00999928 18
    endloop
  endfacet
  facet normal -1 0 0
    outer loop
      vertex -20 0 32
      vertex -20 0.00999928 31
      vertex -20 0 18
    endloop
  endfacet
  facet normal -1 0 0
    outer loop
      vertex -20 0.00999928 31
      vertex -20 0 32
      vertex -20 0.00928504 32
    endloop
  endfacet
  facet normal -1 0 0
    outer loop
      vertex -20 -12.0802 32.5754
      vertex -20 0 32
      vertex -20 -11.9639 31.7915
    endloop
  endfacet
  facet normal -1 0 0
    outer loop
      vertex -20 -12.2727 33.344
      vertex -20 0 32
      vertex -20 -12.0802 32.5754
    endloop
  endfacet
  facet normal -1 0 0
    outer loop
      vertex -20 -12.5397 34.0902
      vertex -20 0 32
      vertex -20 -12.2727 33.344
    endloop
  endfacet
  facet normal -1 0 0
    outer loop
      vertex -20 -12.8785 34.8065
      vertex -20 0 32
      vertex -20 -12.5397 34.0902
    endloop
  endfacet
  facet normal -1 0 0
    outer loop
      vertex -20 0 32
      vertex -20 -12.8785 34.8065
      vertex -20 0 45
    endloop
  endfacet
  facet normal -1 0 0
    outer loop
      vertex -20 -13.2859 35.4862
      vertex -20 0 45
      vertex -20 -12.8785 34.8065
    endloop
  endfacet
  facet normal -1 0 0
    outer loop
      vertex -20 -13.7579 36.1227
      vertex -20 0 45
      vertex -20 -13.2859 35.4862
    endloop
  endfacet
  facet normal -1 0 0
    outer loop
      vertex -20 -14.2901 36.7099
      vertex -20 0 45
      vertex -20 -13.7579 36.1227
    endloop
  endfacet
  facet normal -1 0 0
    outer loop
      vertex -20 -14.8773 37.2421
      vertex -20 0 45
      vertex -20 -14.2901 36.7099
    endloop
  endfacet
  facet normal -1 0 0
    outer loop
      vertex -20 -15.5138 37.7141
      vertex -20 0 45
      vertex -20 -14.8773 37.2421
    endloop
  endfacet
  facet normal -1 0 0
    outer loop
      vertex -20 -20 45
      vertex -20 -15.5138 37.7141
      vertex -20 -16.1935 38.1215
    endloop
  endfacet
  facet normal -1 0 0
    outer loop
      vertex -20 -20 45
      vertex -20 -16.1935 38.1215
      vertex -20 -16.9098 38.4603
    endloop
  endfacet
  facet normal -1 0 0
    outer loop
      vertex -20 -20 45
      vertex -20 -16.9098 38.4603
      vertex -20 -17.656 38.7273
    endloop
  endfacet
  facet normal -1 0 0
    outer loop
      vertex -20 -20 45
      vertex -20 -17.656 38.7273
      vertex -20 -18.4246 38.9198
    endloop
  endfacet
  facet normal -1 0 0
    outer loop
      vertex -20 -20 45
      vertex -20 -18.4246 38.9198
      vertex -20 -19.2085 39.0361
    endloop
  endfacet
  facet normal -1 0 0
    outer loop
      vertex -20 -20 45
      vertex -20 -19.2085 39.0361
      vertex -20 -20 39.075
    endloop
  endfacet
  facet normal -1 0 0
    outer loop
      vertex -20 -15.5138 37.7141
      vertex -20 -20 45
      vertex -20 0 45
    endloop
  endfacet
  facet normal -1 0 0
    outer loop
      vertex -20 -20.7915 39.0361
      vertex -20 -20 45
      vertex -20 -20 39.075
    endloop
  endfacet
  facet normal -1 0 0
    outer loop
      vertex -20 -20.7915 39.0361
      vertex -20 -21.3722 44.9326
      vertex -20 -20 45
    endloop
  endfacet
  facet normal -1 0 0
    outer loop
      vertex -20 -21.5754 38.9198
      vertex -20 -21.3722 44.9326
      vertex -20 -20.7915 39.0361
    endloop
  endfacet
  facet normal -1 0 0
    outer loop
      vertex -20 -22.7313 44.731
      vertex -20 -21.5754 38.9198
      vertex -20 -22.344 38.7273
    endloop
  endfacet
  facet normal -1 0 0
    outer loop
      vertex -20 -21.5754 38.9198
      vertex -20 -22.7313 44.731
      vertex -20 -21.3722 44.9326
    endloop
  endfacet
  facet normal -1 0 0
    outer loop
      vertex -20 -24.064 44.3972
      vertex -20 -22.344 38.7273
      vertex -20 -23.0902 38.4603
    endloop
  endfacet
  facet normal -1 0 0
    outer loop
      vertex -20 -25.3576 43.9343
      vertex -20 -23.0902 38.4603
      vertex -20 -23.8065 38.1215
    endloop
  endfacet
  facet normal -1 0 0
    outer loop
      vertex -20 -22.344 38.7273
      vertex -20 -24.064 44.3972
      vertex -20 -22.7313 44.731
    endloop
  endfacet
  facet normal -1 0 0
    outer loop
      vertex -20 -26.5996 43.3469
      vertex -20 -23.8065 38.1215
      vertex -20 -24.4862 37.7141
    endloop
  endfacet
  facet normal -1 0 0
    outer loop
      vertex -20 -27.778 42.6406
      vertex -20 -24.4862 37.7141
      vertex -20 -25.1227 37.2421
    endloop
  endfacet
  facet normal -1 0 0
    outer loop
      vertex -20 -23.0902 38.4603
      vertex -20 -25.3576 43.9343
      vertex -20 -24.064 44.3972
    endloop
  endfacet
  facet normal -1 0 0
    outer loop
      vertex -20 -28.8815 41.8221
      vertex -20 -25.1227 37.2421
      vertex -20 -25.7099 36.7099
    endloop
  endfacet
  facet normal -1 0 0
    outer loop
      vertex -20 -28.8815 41.8221
      vertex -20 -25.7099 36.7099
      vertex -20 -26.2421 36.1227
    endloop
  endfacet
  facet normal -1 0 0
    outer loop
      vertex -20 -23.8065 38.1215
      vertex -20 -26.5996 43.3469
      vertex -20 -25.3576 43.9343
    endloop
  endfacet
  facet normal -1 0 0
    outer loop
      vertex -20 -28.8815 41.8221
      vertex -20 -26.2421 36.1227
      vertex -20 -26.7141 35.4862
    endloop
  endfacet
  facet normal -1 0 0
    outer loop
      vertex -20 -28.8815 41.8221
      vertex -20 -26.7141 35.4862
      vertex -20 -27.1215 34.8065
    endloop
  endfacet
  facet normal -1 0 0
    outer loop
      vertex -20 -28.8815 41.8221
      vertex -20 -27.1215 34.8065
      vertex -20 -27.4603 34.0902
    endloop
  endfacet
  facet normal -1 0 0
    outer loop
      vertex -20 -28.8815 41.8221
      vertex -20 -27.4603 34.0902
      vertex -20 -27.7273 33.344
    endloop
  endfacet
  facet normal -1 0 0
    outer loop
      vertex -20 -24.4862 37.7141
      vertex -20 -27.778 42.6406
      vertex -20 -26.5996 43.3469
    endloop
  endfacet
  facet normal -1 0 0
    outer loop
      vertex -20 -28.8815 41.8221
      vertex -20 -27.7273 33.344
      vertex -20 -27.9198 32.5754
    endloop
  endfacet
  facet normal -1 0 0
    outer loop
      vertex -20 -28.8815 41.8221
      vertex -20 -27.9198 32.5754
      vertex -20 -28.0361 31.7915
    endloop
  endfacet
  facet normal -1 0 0
    outer loop
      vertex -20 -28.8815 41.8221
      vertex -20 -28.0361 31.7915
      vertex -20 -28.075 31
    endloop
  endfacet
  facet normal -1 0 0
    outer loop
      vertex -20 -25.1227 37.2421
      vertex -20 -28.8815 41.8221
      vertex -20 -27.778 42.6406
    endloop
  endfacet
  facet normal 0 1 0.00071424
    outer loop
      vertex -15 0.00999928 31
      vertex -20 0.00928504 32
      vertex -15 0.00928504 32
    endloop
  endfacet
  facet normal 0 1 0.00071424
    outer loop
      vertex -20 0.00928504 32
      vertex -15 0.00999928 31
      vertex -20 0.00999928 31
    endloop
  endfacet
  facet normal 0 -0.146728 0.989177
    outer loop
      vertex 12 -21.3722 44.9326
      vertex 20 -22.7313 44.731
      vertex 20 -21.3722 44.9326
    endloop
  endfacet
  facet normal 0 -0.146728 0.989177
    outer loop
      vertex 20 -22.7313 44.731
      vertex 12 -21.3722 44.9326
      vertex 12 -22.7313 44.731
    endloop
  endfacet
  facet normal 1 0 0
    outer loop
      vertex 20 -28.075 31
      vertex 20 -40 31
      vertex 20 -35 25
    endloop
  endfacet
  facet normal 1 0 0
    outer loop
      vertex 20 -35 25
      vertex 20 -40 31
      vertex 20 -40 25
    endloop
  endfacet
  facet normal 1 -0 0
    outer loop
      vertex 20 -12.8785 34.8065
      vertex 20 0 32
      vertex 20 0 45
    endloop
  endfacet
  facet normal 1 0 0
    outer loop
      vertex 20 -11.9639 30.2085
      vertex 20 0 32
      vertex 20 -11.925 31
    endloop
  endfacet
  facet normal 1 0 0
    outer loop
      vertex 20 -12.0802 29.4246
      vertex 20 0 32
      vertex 20 -11.9639 30.2085
    endloop
  endfacet
  facet normal 1 0 0
    outer loop
      vertex 20 0 32
      vertex 20 -11.9639 31.7915
      vertex 20 -11.925 31
    endloop
  endfacet
  facet normal 1 0 0
    outer loop
      vertex 20 0 32
      vertex 20 -12.0802 32.5754
      vertex 20 -11.9639 31.7915
    endloop
  endfacet
  facet normal 1 0 0
    outer loop
      vertex 20 0 32
      vertex 20 -12.2727 33.344
      vertex 20 -12.0802 32.5754
    endloop
  endfacet
  facet normal 1 0 0
    outer loop
      vertex 20 0 32
      vertex 20 -12.5397 34.0902
      vertex 20 -12.2727 33.344
    endloop
  endfacet
  facet normal 1 0 0
    outer loop
      vertex 20 0 32
      vertex 20 -12.8785 34.8065
      vertex 20 -12.5397 34.0902
    endloop
  endfacet
  facet normal 1 0 0
    outer loop
      vertex 20 0 45
      vertex 20 -13.2859 35.4862
      vertex 20 -12.8785 34.8065
    endloop
  endfacet
  facet normal 1 0 0
    outer loop
      vertex 20 0 45
      vertex 20 -13.7579 36.1227
      vertex 20 -13.2859 35.4862
    endloop
  endfacet
  facet normal 1 0 0
    outer loop
      vertex 20 0 45
      vertex 20 -14.2901 36.7099
      vertex 20 -13.7579 36.1227
    endloop
  endfacet
  facet normal 1 0 0
    outer loop
      vertex 20 0 45
      vertex 20 -14.8773 37.2421
      vertex 20 -14.2901 36.7099
    endloop
  endfacet
  facet normal 1 0 0
    outer loop
      vertex 20 0 45
      vertex 20 -15.5138 37.7141
      vertex 20 -14.8773 37.2421
    endloop
  endfacet
  facet normal 1 -0 0
    outer loop
      vertex 20 -20 45
      vertex 20 -15.5138 37.7141
      vertex 20 0 45
    endloop
  endfacet
  facet normal 1 0 0
    outer loop
      vertex 20 -15.5138 37.7141
      vertex 20 -20 45
      vertex 20 -16.1935 38.1215
    endloop
  endfacet
  facet normal 1 0 0
    outer loop
      vertex 20 -16.1935 38.1215
      vertex 20 -20 45
      vertex 20 -16.9098 38.4603
    endloop
  endfacet
  facet normal 1 0 0
    outer loop
      vertex 20 -16.9098 38.4603
      vertex 20 -20 45
      vertex 20 -17.656 38.7273
    endloop
  endfacet
  facet normal 1 0 0
    outer loop
      vertex 20 -17.656 38.7273
      vertex 20 -20 45
      vertex 20 -18.4246 38.9198
    endloop
  endfacet
  facet normal 1 0 0
    outer loop
      vertex 20 -18.4246 38.9198
      vertex 20 -20 45
      vertex 20 -19.2085 39.0361
    endloop
  endfacet
  facet normal 1 0 0
    outer loop
      vertex 20 -20 45
      vertex 20 -20 39.075
      vertex 20 -19.2085 39.0361
    endloop
  endfacet
  facet normal 1 0 0
    outer loop
      vertex 20 -20 45
      vertex 20 -20.7915 39.0361
      vertex 20 -20 39.075
    endloop
  endfacet
  facet normal 1 -0 0
    outer loop
      vertex 20 -21.3722 44.9326
      vertex 20 -20.7915 39.0361
      vertex 20 -20 45
    endloop
  endfacet
  facet normal 1 0 0
    outer loop
      vertex 20 -21.3722 44.9326
      vertex 20 -21.5754 38.9198
      vertex 20 -20.7915 39.0361
    endloop
  endfacet
  facet normal 1 -0 0
    outer loop
      vertex 20 -22.7313 44.731
      vertex 20 -21.5754 38.9198
      vertex 20 -21.3722 44.9326
    endloop
  endfacet
  facet normal 1 0 0
    outer loop
      vertex 20 -21.5754 38.9198
      vertex 20 -22.7313 44.731
      vertex 20 -22.344 38.7273
    endloop
  endfacet
  facet normal 1 -0 0
    outer loop
      vertex 20 -24.064 44.3972
      vertex 20 -22.344 38.7273
      vertex 20 -22.7313 44.731
    endloop
  endfacet
  facet normal 1 0 0
    outer loop
      vertex 20 -22.344 38.7273
      vertex 20 -24.064 44.3972
      vertex 20 -23.0902 38.4603
    endloop
  endfacet
  facet normal 1 -0 0
    outer loop
      vertex 20 -25.3576 43.9343
      vertex 20 -23.0902 38.4603
      vertex 20 -24.064 44.3972
    endloop
  endfacet
  facet normal 1 0 0
    outer loop
      vertex 20 -23.0902 38.4603
      vertex 20 -25.3576 43.9343
      vertex 20 -23.8065 38.1215
    endloop
  endfacet
  facet normal 1 -0 0
    outer loop
      vertex 20 -26.5996 43.3469
      vertex 20 -23.8065 38.1215
      vertex 20 -25.3576 43.9343
    endloop
  endfacet
  facet normal 1 0 0
    outer loop
      vertex 20 -23.8065 38.1215
      vertex 20 -26.5996 43.3469
      vertex 20 -24.4862 37.7141
    endloop
  endfacet
  facet normal 1 -0 0
    outer loop
      vertex 20 -27.778 42.6406
      vertex 20 -24.4862 37.7141
      vertex 20 -26.5996 43.3469
    endloop
  endfacet
  facet normal 1 0 0
    outer loop
      vertex 20 -24.4862 37.7141
      vertex 20 -27.778 42.6406
      vertex 20 -25.1227 37.2421
    endloop
  endfacet
  facet normal 1 -0 0
    outer loop
      vertex 20 -28.8815 41.8221
      vertex 20 -25.1227 37.2421
      vertex 20 -27.778 42.6406
    endloop
  endfacet
  facet normal 1 0 0
    outer loop
      vertex 20 -25.1227 37.2421
      vertex 20 -28.8815 41.8221
      vertex 20 -25.7099 36.7099
    endloop
  endfacet
  facet normal 1 -0 0
    outer loop
      vertex 20 -29.8995 40.8995
      vertex 20 -25.7099 36.7099
      vertex 20 -28.8815 41.8221
    endloop
  endfacet
  facet normal 1 0 0
    outer loop
      vertex 20 -25.7099 36.7099
      vertex 20 -29.8995 40.8995
      vertex 20 -26.2421 36.1227
    endloop
  endfacet
  facet normal 1 0 0
    outer loop
      vertex 20 -26.2421 36.1227
      vertex 20 -29.8995 40.8995
      vertex 20 -26.7141 35.4862
    endloop
  endfacet
  facet normal 1 0 0
    outer loop
      vertex 20 -26.7141 35.4862
      vertex 20 -29.8995 40.8995
      vertex 20 -27.1215 34.8065
    endloop
  endfacet
  facet normal 1 0 0
    outer loop
      vertex 20 -27.1215 34.8065
      vertex 20 -29.8995 40.8995
      vertex 20 -27.4603 34.0902
    endloop
  endfacet
  facet normal 1 0 0
    outer loop
      vertex 20 -27.4603 34.0902
      vertex 20 -29.8995 40.8995
      vertex 20 -27.7273 33.344
    endloop
  endfacet
  facet normal 1 0 0
    outer loop
      vertex 20 -40 31
      vertex 20 -27.7273 33.344
      vertex 20 -29.8995 40.8995
    endloop
  endfacet
  facet normal 1 0 0
    outer loop
      vertex 20 -27.7273 33.344
      vertex 20 -40 31
      vertex 20 -27.9198 32.5754
    endloop
  endfacet
  facet normal 1 -0 0
    outer loop
      vertex 20 0 32
      vertex 20 0.00999928 31
      vertex 20 0.00928504 32
    endloop
  endfacet
  facet normal 1 0 0
    outer loop
      vertex 20 0 18
      vertex 20 0.00999928 31
      vertex 20 0 32
    endloop
  endfacet
  facet normal 1 0 0
    outer loop
      vertex 20 0.00999928 31
      vertex 20 0 18
      vertex 20 0.00999928 18
    endloop
  endfacet
  facet normal 1 0 0
    outer loop
      vertex 20 -12.2727 28.656
      vertex 20 0 32
      vertex 20 -12.0802 29.4246
    endloop
  endfacet
  facet normal 1 0 0
    outer loop
      vertex 20 -12.5397 27.9098
      vertex 20 0 32
      vertex 20 -12.2727 28.656
    endloop
  endfacet
  facet normal 1 0 0
    outer loop
      vertex 20 0 32
      vertex 20 -12.5397 27.9098
      vertex 20 0 18
    endloop
  endfacet
  facet normal 1 -0 0
    outer loop
      vertex 20 -12.8785 27.1935
      vertex 20 0 18
      vertex 20 -12.5397 27.9098
    endloop
  endfacet
  facet normal 1 -0 0
    outer loop
      vertex 20 -13.2859 26.5138
      vertex 20 0 18
      vertex 20 -12.8785 27.1935
    endloop
  endfacet
  facet normal 1 -0 0
    outer loop
      vertex 20 -13.7579 25.8773
      vertex 20 0 18
      vertex 20 -13.2859 26.5138
    endloop
  endfacet
  facet normal 1 -0 0
    outer loop
      vertex 20 -14.2901 25.2901
      vertex 20 0 18
      vertex 20 -13.7579 25.8773
    endloop
  endfacet
  facet normal 1 -0 0
    outer loop
      vertex 20 -14.8773 24.7579
      vertex 20 0 18
      vertex 20 -14.2901 25.2901
    endloop
  endfacet
  facet normal 1 -0 0
    outer loop
      vertex 20 -15.5138 24.2859
      vertex 20 0 18
      vertex 20 -14.8773 24.7579
    endloop
  endfacet
  facet normal 1 -0 0
    outer loop
      vertex 20 -16.1935 23.8785
      vertex 20 0 18
      vertex 20 -15.5138 24.2859
    endloop
  endfacet
  facet normal 1 -0 0
    outer loop
      vertex 20 -16.9098 23.5397
      vertex 20 0 18
      vertex 20 -16.1935 23.8785
    endloop
  endfacet
  facet normal 1 0 0
    outer loop
      vertex 20 0 18
      vertex 20 -16.9098 23.5397
      vertex 20 0 6
    endloop
  endfacet
  facet normal 1 -0 0
    outer loop
      vertex 20 -17.656 23.2727
      vertex 20 0 6
      vertex 20 -16.9098 23.5397
    endloop
  endfacet
  facet normal 1 -0 0
    outer loop
      vertex 20 -18.4246 23.0802
      vertex 20 0 6
      vertex 20 -17.656 23.2727
    endloop
  endfacet
  facet normal 1 -0 0
    outer loop
      vertex 20 -19.2085 22.9639
      vertex 20 0 6
      vertex 20 -18.4246 23.0802
    endloop
  endfacet
  facet normal 1 0 0
    outer loop
      vertex 20 -35 6
      vertex 20 -19.2085 22.9639
      vertex 20 -20 22.925
    endloop
  endfacet
  facet normal 1 0 0
    outer loop
      vertex 20 -35 6
      vertex 20 -20 22.925
      vertex 20 -20.7915 22.9639
    endloop
  endfacet
  facet normal 1 0 0
    outer loop
      vertex 20 -35 6
      vertex 20 -20.7915 22.9639
      vertex 20 -21.5754 23.0802
    endloop
  endfacet
  facet normal 1 0 0
    outer loop
      vertex 20 -35 6
      vertex 20 -21.5754 23.0802
      vertex 20 -22.344 23.2727
    endloop
  endfacet
  facet normal 1 0 0
    outer loop
      vertex 20 -35 6
      vertex 20 -22.344 23.2727
      vertex 20 -23.0902 23.5397
    endloop
  endfacet
  facet normal 1 0 0
    outer loop
      vertex 20 -35 6
      vertex 20 -23.0902 23.5397
      vertex 20 -23.8065 23.8785
    endloop
  endfacet
  facet normal 1 0 0
    outer loop
      vertex 20 -35 6
      vertex 20 -23.8065 23.8785
      vertex 20 -24.4862 24.2859
    endloop
  endfacet
  facet normal 1 0 0
    outer loop
      vertex 20 -35 25
      vertex 20 -24.4862 24.2859
      vertex 20 -25.1227 24.7579
    endloop
  endfacet
  facet normal 1 0 0
    outer loop
      vertex 20 -40 31
      vertex 20 -28.0361 31.7915
      vertex 20 -27.9198 32.5754
    endloop
  endfacet
  facet normal 1 0 0
    outer loop
      vertex 20 -40 31
      vertex 20 -28.075 31
      vertex 20 -28.0361 31.7915
    endloop
  endfacet
  facet normal 1 0 0
    outer loop
      vertex 20 -28.075 31
      vertex 20 -35 25
      vertex 20 -28.0361 30.2085
    endloop
  endfacet
  facet normal 1 0 0
    outer loop
      vertex 20 -28.0361 30.2085
      vertex 20 -35 25
      vertex 20 -27.9198 29.4246
    endloop
  endfacet
  facet normal 1 0 0
    outer loop
      vertex 20 -35 25
      vertex 20 -27.7273 28.656
      vertex 20 -27.9198 29.4246
    endloop
  endfacet
  facet normal 1 0 0
    outer loop
      vertex 20 -35 25
      vertex 20 -27.4603 27.9098
      vertex 20 -27.7273 28.656
    endloop
  endfacet
  facet normal 1 0 0
    outer loop
      vertex 20 -35 25
      vertex 20 -27.1215 27.1935
      vertex 20 -27.4603 27.9098
    endloop
  endfacet
  facet normal 1 0 0
    outer loop
      vertex 20 -35 25
      vertex 20 -26.7141 26.5138
      vertex 20 -27.1215 27.1935
    endloop
  endfacet
  facet normal 1 0 0
    outer loop
      vertex 20 -35 25
      vertex 20 -26.2421 25.8773
      vertex 20 -26.7141 26.5138
    endloop
  endfacet
  facet normal 1 0 0
    outer loop
      vertex 20 -35 25
      vertex 20 -25.7099 25.2901
      vertex 20 -26.2421 25.8773
    endloop
  endfacet
  facet normal 1 -0 0
    outer loop
      vertex 20 -35 25
      vertex 20 -25.1227 24.7579
      vertex 20 -25.7099 25.2901
    endloop
  endfacet
  facet normal 1 0 0
    outer loop
      vertex 20 -24.4862 24.2859
      vertex 20 -35 25
      vertex 20 -35 6
    endloop
  endfacet
  facet normal 1 0 0
    outer loop
      vertex 20 -19.2085 22.9639
      vertex 20 -35 6
      vertex 20 0 6
    endloop
  endfacet
  facet normal 0 -0.242964 0.970035
    outer loop
      vertex 12 -22.7313 44.731
      vertex 20 -24.064 44.3972
      vertex 20 -22.7313 44.731
    endloop
  endfacet
  facet normal 0 -0.242964 0.970035
    outer loop
      vertex 20 -24.064 44.3972
      vertex 12 -22.7313 44.731
      vertex 12 -24.064 44.3972
    endloop
  endfacet
  facet normal 0 -0.427542 0.903996
    outer loop
      vertex 12 -25.3576 43.9343
      vertex 20 -26.5996 43.3469
      vertex 20 -25.3576 43.9343
    endloop
  endfacet
  facet normal 0 -0.427542 0.903996
    outer loop
      vertex 20 -26.5996 43.3469
      vertex 12 -25.3576 43.9343
      vertex 12 -26.5996 43.3469
    endloop
  endfacet
  facet normal 0 -0.5141 0.85773
    outer loop
      vertex 12 -26.5996 43.3469
      vertex 20 -27.778 42.6406
      vertex 20 -26.5996 43.3469
    endloop
  endfacet
  facet normal 0 -0.5141 0.85773
    outer loop
      vertex 20 -27.778 42.6406
      vertex 12 -26.5996 43.3469
      vertex 12 -27.778 42.6406
    endloop
  endfacet
  facet normal 0 -0.0490591 0.998796
    outer loop
      vertex 12 -20 45
      vertex 20 -21.3722 44.9326
      vertex 20 -20 45
    endloop
  endfacet
  facet normal 0 -0.0490591 0.998796
    outer loop
      vertex 20 -21.3722 44.9326
      vertex 12 -20 45
      vertex 12 -21.3722 44.9326
    endloop
  endfacet
  facet normal 0 -0.671534 0.740973
    outer loop
      vertex 12 -28.8815 41.8221
      vertex 20 -29.8995 40.8995
      vertex 20 -28.8815 41.8221
    endloop
  endfacet
  facet normal 0 -0.671534 0.740973
    outer loop
      vertex 20 -29.8995 40.8995
      vertex 12 -28.8815 41.8221
      vertex 12 -29.8995 40.8995
    endloop
  endfacet
  facet normal 0 -0.336917 0.941534
    outer loop
      vertex 12 -24.064 44.3972
      vertex 20 -25.3576 43.9343
      vertex 20 -24.064 44.3972
    endloop
  endfacet
  facet normal 0 -0.336917 0.941534
    outer loop
      vertex 20 -25.3576 43.9343
      vertex 12 -24.064 44.3972
      vertex 12 -25.3576 43.9343
    endloop
  endfacet
  facet normal -0 0 1
    outer loop
      vertex 12 0 45
      vertex 20 -20 45
      vertex 20 0 45
    endloop
  endfacet
  facet normal 0 0 1
    outer loop
      vertex 20 -20 45
      vertex 12 0 45
      vertex 12 -20 45
    endloop
  endfacet
  facet normal 0 -0.699965 0.714177
    outer loop
      vertex 12 -29.8995 40.8995
      vertex 20 -40 31
      vertex 20 -29.8995 40.8995
    endloop
  endfacet
  facet normal 0 -0.699965 0.714177
    outer loop
      vertex 20 -40 31
      vertex 12 -29.8995 40.8995
      vertex 12 -40 31
    endloop
  endfacet
  facet normal 0 -0.595741 0.803177
    outer loop
      vertex 12 -27.778 42.6406
      vertex 20 -28.8815 41.8221
      vertex 20 -27.778 42.6406
    endloop
  endfacet
  facet normal 0 -0.595741 0.803177
    outer loop
      vertex 20 -28.8815 41.8221
      vertex 12 -27.778 42.6406
      vertex 12 -28.8815 41.8221
    endloop
  endfacet
  facet normal -1 0 0
    outer loop
      vertex 12 -17.0576 30.4147
      vertex 12 0 45
      vertex 12 0 6
    endloop
  endfacet
  facet normal -1 0 0
    outer loop
      vertex 12 0 45
      vertex 12 -17.0144 30.7059
      vertex 12 -17 31
    endloop
  endfacet
  facet normal -1 0 0
    outer loop
      vertex 12 0 45
      vertex 12 -17.0576 30.4147
      vertex 12 -17.0144 30.7059
    endloop
  endfacet
  facet normal -1 0 0
    outer loop
      vertex 12 0 6
      vertex 12 -17.1292 30.1291
      vertex 12 -17.0576 30.4147
    endloop
  endfacet
  facet normal -1 0 0
    outer loop
      vertex 12 0 6
      vertex 12 -17.2284 29.852
      vertex 12 -17.1292 30.1291
    endloop
  endfacet
  facet normal -1 0 0
    outer loop
      vertex 12 0 6
      vertex 12 -17.3542 29.5858
      vertex 12 -17.2284 29.852
    endloop
  endfacet
  facet normal -1 0 0
    outer loop
      vertex 12 0 6
      vertex 12 -17.5056 29.3333
      vertex 12 -17.3542 29.5858
    endloop
  endfacet
  facet normal -1 0 0
    outer loop
      vertex 12 0 6
      vertex 12 -17.681 29.0968
      vertex 12 -17.5056 29.3333
    endloop
  endfacet
  facet normal -1 0 0
    outer loop
      vertex 12 0 6
      vertex 12 -17.8787 28.8787
      vertex 12 -17.681 29.0968
    endloop
  endfacet
  facet normal -1 0 0
    outer loop
      vertex 12 0 6
      vertex 12 -18.0968 28.681
      vertex 12 -17.8787 28.8787
    endloop
  endfacet
  facet normal -1 0 0
    outer loop
      vertex 12 0 6
      vertex 12 -18.3333 28.5056
      vertex 12 -18.0968 28.681
    endloop
  endfacet
  facet normal -1 0 0
    outer loop
      vertex 12 0 6
      vertex 12 -18.5858 28.3542
      vertex 12 -18.3333 28.5056
    endloop
  endfacet
  facet normal -1 0 0
    outer loop
      vertex 12 0 6
      vertex 12 -18.852 28.2284
      vertex 12 -18.5858 28.3542
    endloop
  endfacet
  facet normal -1 0 0
    outer loop
      vertex 12 0 6
      vertex 12 -19.1291 28.1292
      vertex 12 -18.852 28.2284
    endloop
  endfacet
  facet normal -1 0 0
    outer loop
      vertex 12 0 6
      vertex 12 -19.4147 28.0576
      vertex 12 -19.1291 28.1292
    endloop
  endfacet
  facet normal -1 0 0
    outer loop
      vertex 12 0 6
      vertex 12 -19.7059 28.0144
      vertex 12 -19.4147 28.0576
    endloop
  endfacet
  facet normal -1 0 0
    outer loop
      vertex 12 -35 6
      vertex 12 -19.7059 28.0144
      vertex 12 0 6
    endloop
  endfacet
  facet normal -1 0 0
    outer loop
      vertex 12 -19.7059 28.0144
      vertex 12 -35 6
      vertex 12 -20 28
    endloop
  endfacet
  facet normal -1 -0 0
    outer loop
      vertex 12 -20 28
      vertex 12 -35 6
      vertex 12 -20.2941 28.0144
    endloop
  endfacet
  facet normal -1 -0 0
    outer loop
      vertex 12 -20.2941 28.0144
      vertex 12 -35 6
      vertex 12 -20.5853 28.0576
    endloop
  endfacet
  facet normal -1 -0 0
    outer loop
      vertex 12 -20.5853 28.0576
      vertex 12 -35 6
      vertex 12 -20.8709 28.1292
    endloop
  endfacet
  facet normal -1 -0 0
    outer loop
      vertex 12 -20.8709 28.1292
      vertex 12 -35 6
      vertex 12 -21.148 28.2284
    endloop
  endfacet
  facet normal -1 0 0
    outer loop
      vertex 12 -35 25
      vertex 12 -21.148 28.2284
      vertex 12 -35 6
    endloop
  endfacet
  facet normal -1 -0 0
    outer loop
      vertex 12 -21.148 28.2284
      vertex 12 -35 25
      vertex 12 -21.4142 28.3542
    endloop
  endfacet
  facet normal -1 -0 0
    outer loop
      vertex 12 -21.4142 28.3542
      vertex 12 -35 25
      vertex 12 -21.6667 28.5056
    endloop
  endfacet
  facet normal -1 0 0
    outer loop
      vertex 12 -35 25
      vertex 12 -23 31
      vertex 12 -22.9856 30.7059
    endloop
  endfacet
  facet normal -1 0 0
    outer loop
      vertex 12 -23 31
      vertex 12 -25.3576 43.9343
      vertex 12 -24.064 44.3972
    endloop
  endfacet
  facet normal -1 0 0
    outer loop
      vertex 12 -35 25
      vertex 12 -22.9856 30.7059
      vertex 12 -22.9424 30.4147
    endloop
  endfacet
  facet normal -1 0 0
    outer loop
      vertex 12 -23 31
      vertex 12 -26.5996 43.3469
      vertex 12 -25.3576 43.9343
    endloop
  endfacet
  facet normal -1 0 0
    outer loop
      vertex 12 -35 25
      vertex 12 -22.9424 30.4147
      vertex 12 -22.8708 30.1291
    endloop
  endfacet
  facet normal -1 0 0
    outer loop
      vertex 12 -23 31
      vertex 12 -27.778 42.6406
      vertex 12 -26.5996 43.3469
    endloop
  endfacet
  facet normal -1 0 0
    outer loop
      vertex 12 -35 25
      vertex 12 -22.8708 30.1291
      vertex 12 -22.7716 29.852
    endloop
  endfacet
  facet normal -1 0 0
    outer loop
      vertex 12 -23 31
      vertex 12 -28.8815 41.8221
      vertex 12 -27.778 42.6406
    endloop
  endfacet
  facet normal -1 0 0
    outer loop
      vertex 12 -35 25
      vertex 12 -22.7716 29.852
      vertex 12 -22.6458 29.5858
    endloop
  endfacet
  facet normal -1 0 0
    outer loop
      vertex 12 -23 31
      vertex 12 -29.8995 40.8995
      vertex 12 -28.8815 41.8221
    endloop
  endfacet
  facet normal -1 0 0
    outer loop
      vertex 12 -35 25
      vertex 12 -22.6458 29.5858
      vertex 12 -22.4944 29.3333
    endloop
  endfacet
  facet normal -1 -0 0
    outer loop
      vertex 12 -21.6667 28.5056
      vertex 12 -35 25
      vertex 12 -21.9032 28.681
    endloop
  endfacet
  facet normal -1 -0 0
    outer loop
      vertex 12 -21.9032 28.681
      vertex 12 -35 25
      vertex 12 -22.1213 28.8787
    endloop
  endfacet
  facet normal -1 -0 0
    outer loop
      vertex 12 -22.1213 28.8787
      vertex 12 -35 25
      vertex 12 -22.319 29.0968
    endloop
  endfacet
  facet normal -1 -0 0
    outer loop
      vertex 12 -22.319 29.0968
      vertex 12 -35 25
      vertex 12 -22.4944 29.3333
    endloop
  endfacet
  facet normal -1 -0 0
    outer loop
      vertex 12 -23 31
      vertex 12 -35 25
      vertex 12 -29.8995 40.8995
    endloop
  endfacet
  facet normal -1 0 0
    outer loop
      vertex 12 -40 31
      vertex 12 -35 25
      vertex 12 -40 25
    endloop
  endfacet
  facet normal -1 0 0
    outer loop
      vertex 12 -35 25
      vertex 12 -40 31
      vertex 12 -29.8995 40.8995
    endloop
  endfacet
  facet normal -1 0 0
    outer loop
      vertex 12 -17.0144 31.2941
      vertex 12 0 45
      vertex 12 -17 31
    endloop
  endfacet
  facet normal -1 0 0
    outer loop
      vertex 12 -17.0576 31.5853
      vertex 12 0 45
      vertex 12 -17.0144 31.2941
    endloop
  endfacet
  facet normal -1 0 0
    outer loop
      vertex 12 -17.1292 31.8709
      vertex 12 0 45
      vertex 12 -17.0576 31.5853
    endloop
  endfacet
  facet normal -1 0 0
    outer loop
      vertex 12 -17.2284 32.148
      vertex 12 0 45
      vertex 12 -17.1292 31.8709
    endloop
  endfacet
  facet normal -1 0 0
    outer loop
      vertex 12 -17.3542 32.4142
      vertex 12 0 45
      vertex 12 -17.2284 32.148
    endloop
  endfacet
  facet normal -1 0 0
    outer loop
      vertex 12 -17.5056 32.6667
      vertex 12 0 45
      vertex 12 -17.3542 32.4142
    endloop
  endfacet
  facet normal -1 0 0
    outer loop
      vertex 12 -17.681 32.9032
      vertex 12 0 45
      vertex 12 -17.5056 32.6667
    endloop
  endfacet
  facet normal -1 0 0
    outer loop
      vertex 12 -17.8787 33.1213
      vertex 12 0 45
      vertex 12 -17.681 32.9032
    endloop
  endfacet
  facet normal -1 0 0
    outer loop
      vertex 12 -20 45
      vertex 12 -17.8787 33.1213
      vertex 12 -18.0968 33.319
    endloop
  endfacet
  facet normal -1 0 0
    outer loop
      vertex 12 -20 45
      vertex 12 -18.0968 33.319
      vertex 12 -18.3333 33.4944
    endloop
  endfacet
  facet normal -1 0 0
    outer loop
      vertex 12 -20 45
      vertex 12 -18.3333 33.4944
      vertex 12 -18.5858 33.6458
    endloop
  endfacet
  facet normal -1 0 0
    outer loop
      vertex 12 -20 45
      vertex 12 -18.5858 33.6458
      vertex 12 -18.852 33.7716
    endloop
  endfacet
  facet normal -1 0 0
    outer loop
      vertex 12 -20 45
      vertex 12 -18.852 33.7716
      vertex 12 -19.1291 33.8708
    endloop
  endfacet
  facet normal -1 0 0
    outer loop
      vertex 12 -20 45
      vertex 12 -19.1291 33.8708
      vertex 12 -19.4147 33.9424
    endloop
  endfacet
  facet normal -1 0 0
    outer loop
      vertex 12 -20 45
      vertex 12 -19.4147 33.9424
      vertex 12 -19.7059 33.9856
    endloop
  endfacet
  facet normal -1 0 0
    outer loop
      vertex 12 -20 45
      vertex 12 -19.7059 33.9856
      vertex 12 -20 34
    endloop
  endfacet
  facet normal -1 0 0
    outer loop
      vertex 12 -17.8787 33.1213
      vertex 12 -20 45
      vertex 12 0 45
    endloop
  endfacet
  facet normal -1 0 0
    outer loop
      vertex 12 -20.2941 33.9856
      vertex 12 -20 45
      vertex 12 -20 34
    endloop
  endfacet
  facet normal -1 0 0
    outer loop
      vertex 12 -21.3722 44.9326
      vertex 12 -20.2941 33.9856
      vertex 12 -20.5853 33.9424
    endloop
  endfacet
  facet normal -1 0 0
    outer loop
      vertex 12 -22.7313 44.731
      vertex 12 -20.5853 33.9424
      vertex 12 -20.8709 33.8708
    endloop
  endfacet
  facet normal -1 0 0
    outer loop
      vertex 12 -24.064 44.3972
      vertex 12 -20.8709 33.8708
      vertex 12 -21.148 33.7716
    endloop
  endfacet
  facet normal -1 0 0
    outer loop
      vertex 12 -20.2941 33.9856
      vertex 12 -21.3722 44.9326
      vertex 12 -20 45
    endloop
  endfacet
  facet normal -1 0 0
    outer loop
      vertex 12 -24.064 44.3972
      vertex 12 -21.148 33.7716
      vertex 12 -21.4142 33.6458
    endloop
  endfacet
  facet normal -1 0 0
    outer loop
      vertex 12 -24.064 44.3972
      vertex 12 -21.4142 33.6458
      vertex 12 -21.6667 33.4944
    endloop
  endfacet
  facet normal -1 0 0
    outer loop
      vertex 12 -24.064 44.3972
      vertex 12 -21.6667 33.4944
      vertex 12 -21.9032 33.319
    endloop
  endfacet
  facet normal -1 0 0
    outer loop
      vertex 12 -24.064 44.3972
      vertex 12 -21.9032 33.319
      vertex 12 -22.1213 33.1213
    endloop
  endfacet
  facet normal -1 0 0
    outer loop
      vertex 12 -24.064 44.3972
      vertex 12 -22.1213 33.1213
      vertex 12 -22.319 32.9032
    endloop
  endfacet
  facet normal -1 0 0
    outer loop
      vertex 12 -24.064 44.3972
      vertex 12 -22.319 32.9032
      vertex 12 -22.4944 32.6667
    endloop
  endfacet
  facet normal -1 0 0
    outer loop
      vertex 12 -24.064 44.3972
      vertex 12 -22.4944 32.6667
      vertex 12 -22.6458 32.4142
    endloop
  endfacet
  facet normal -1 0 0
    outer loop
      vertex 12 -20.5853 33.9424
      vertex 12 -22.7313 44.731
      vertex 12 -21.3722 44.9326
    endloop
  endfacet
  facet normal -1 0 0
    outer loop
      vertex 12 -24.064 44.3972
      vertex 12 -22.6458 32.4142
      vertex 12 -22.7716 32.148
    endloop
  endfacet
  facet normal -1 0 0
    outer loop
      vertex 12 -24.064 44.3972
      vertex 12 -22.7716 32.148
      vertex 12 -22.8708 31.8709
    endloop
  endfacet
  facet normal -1 0 0
    outer loop
      vertex 12 -24.064 44.3972
      vertex 12 -22.8708 31.8709
      vertex 12 -22.9424 31.5853
    endloop
  endfacet
  facet normal -1 0 0
    outer loop
      vertex 12 -24.064 44.3972
      vertex 12 -22.9424 31.5853
      vertex 12 -22.9856 31.2941
    endloop
  endfacet
  facet normal -1 0 0
    outer loop
      vertex 12 -24.064 44.3972
      vertex 12 -22.9856 31.2941
      vertex 12 -23 31
    endloop
  endfacet
  facet normal -1 0 0
    outer loop
      vertex 12 -20.8709 33.8708
      vertex 12 -24.064 44.3972
      vertex 12 -22.7313 44.731
    endloop
  endfacet
  facet normal 0 1 0.00071424
    outer loop
      vertex 20 0.00999928 31
      vertex 15 0.00928504 32
      vertex 20 0.00928504 32
    endloop
  endfacet
  facet normal 0 1 0.00071424
    outer loop
      vertex 15 0.00928504 32
      vertex 20 0.00999928 31
      vertex 15 0.00999928 31
    endloop
  endfacet
  facet normal 1 -0 0
    outer loop
      vertex -65 -35 25
      vertex -65 0 6
      vertex -65 0 25
    endloop
  endfacet
  facet normal 1 0 0
    outer loop
      vertex -65 0 6
      vertex -65 -35 25
      vertex -65 -35 6
    endloop
  endfacet
  facet normal 0 0 1
    outer loop
      vertex -65 0 25
      vertex -70 0 25
      vertex -65 -35 25
    endloop
  endfacet
  facet normal -0 0 1
    outer loop
      vertex -65 -35 25
      vertex -20 -40 25
      vertex -20 -35 25
    endloop
  endfacet
  facet normal 0 0 1
    outer loop
      vertex -65 -35 25
      vertex -70 -40 25
      vertex -20 -40 25
    endloop
  endfacet
  facet normal 0 0 1
    outer loop
      vertex -70 -40 25
      vertex -65 -35 25
      vertex -70 0 25
    endloop
  endfacet
  facet normal 0 0 1
    outer loop
      vertex 65 -35 25
      vertex 70 0 25
      vertex 65 0 25
    endloop
  endfacet
  facet normal 0 0 1
    outer loop
      vertex 70 0 25
      vertex 65 -35 25
      vertex 70 -40 25
    endloop
  endfacet
  facet normal 0 0 1
    outer loop
      vertex 20 -40 25
      vertex 65 -35 25
      vertex 20 -35 25
    endloop
  endfacet
  facet normal 0 0 1
    outer loop
      vertex 65 -35 25
      vertex 20 -40 25
      vertex 70 -40 25
    endloop
  endfacet
  facet normal -0 0 1
    outer loop
      vertex -12 -35 25
      vertex 12 -40 25
      vertex 12 -35 25
    endloop
  endfacet
  facet normal 0 0 1
    outer loop
      vertex 12 -40 25
      vertex -12 -35 25
      vertex -12 -40 25
    endloop
  endfacet
  facet normal -1 0 0
    outer loop
      vertex 65 -35 6
      vertex 65 0 25
      vertex 65 0 6
    endloop
  endfacet
  facet normal -1 -0 0
    outer loop
      vertex 65 0 25
      vertex 65 -35 6
      vertex 65 -35 25
    endloop
  endfacet
  facet normal -0 0 1
    outer loop
      vertex -37.0385 -19.2159 6
      vertex -20 -35 6
      vertex -20 0 6
    endloop
  endfacet
  facet normal 0 0 1
    outer loop
      vertex -20 -35 6
      vertex -37.0385 -19.2159 6
      vertex -37 -20 6
    endloop
  endfacet
  facet normal 0 0 1
    outer loop
      vertex -20 0 6
      vertex -37.1537 -18.4393 6
      vertex -37.0385 -19.2159 6
    endloop
  endfacet
  facet normal 0 0 1
    outer loop
      vertex -20 0 6
      vertex -37.3445 -17.6777 6
      vertex -37.1537 -18.4393 6
    endloop
  endfacet
  facet normal 0 0 1
    outer loop
      vertex -20 0 6
      vertex -37.609 -16.9385 6
      vertex -37.3445 -17.6777 6
    endloop
  endfacet
  facet normal 0 0 1
    outer loop
      vertex -20 0 6
      vertex -37.9446 -16.2288 6
      vertex -37.609 -16.9385 6
    endloop
  endfacet
  facet normal 0 0 1
    outer loop
      vertex -20 0 6
      vertex -38.3482 -15.5554 6
      vertex -37.9446 -16.2288 6
    endloop
  endfacet
  facet normal 0 0 1
    outer loop
      vertex -20 0 6
      vertex -38.8159 -14.9249 6
      vertex -38.3482 -15.5554 6
    endloop
  endfacet
  facet normal 0 0 1
    outer loop
      vertex -20 0 6
      vertex -39.3431 -14.3431 6
      vertex -38.8159 -14.9249 6
    endloop
  endfacet
  facet normal 0 0 1
    outer loop
      vertex -20 0 6
      vertex -39.9249 -13.8159 6
      vertex -39.3431 -14.3431 6
    endloop
  endfacet
  facet normal 0 0 1
    outer loop
      vertex -20 0 6
      vertex -40.5554 -13.3482 6
      vertex -39.9249 -13.8159 6
    endloop
  endfacet
  facet normal 0 0 1
    outer loop
      vertex -20 0 6
      vertex -41.2288 -12.9446 6
      vertex -40.5554 -13.3482 6
    endloop
  endfacet
  facet normal 0 0 1
    outer loop
      vertex -20 0 6
      vertex -41.9385 -12.609 6
      vertex -41.2288 -12.9446 6
    endloop
  endfacet
  facet normal 0 0 1
    outer loop
      vertex -20 0 6
      vertex -42.6777 -12.3445 6
      vertex -41.9385 -12.609 6
    endloop
  endfacet
  facet normal 0 0 1
    outer loop
      vertex -20 0 6
      vertex -43.4393 -12.1537 6
      vertex -42.6777 -12.3445 6
    endloop
  endfacet
  facet normal 0 0 1
    outer loop
      vertex -20 0 6
      vertex -44.2159 -12.0385 6
      vertex -43.4393 -12.1537 6
    endloop
  endfacet
  facet normal -0 0 1
    outer loop
      vertex -65 0 6
      vertex -44.2159 -12.0385 6
      vertex -20 0 6
    endloop
  endfacet
  facet normal 0 0 1
    outer loop
      vertex -44.2159 -12.0385 6
      vertex -65 0 6
      vertex -45 -12 6
    endloop
  endfacet
  facet normal 0 0 1
    outer loop
      vertex -45 -12 6
      vertex -65 0 6
      vertex -45.7841 -12.0385 6
    endloop
  endfacet
  facet normal 0 0 1
    outer loop
      vertex -45.7841 -12.0385 6
      vertex -65 0 6
      vertex -46.5607 -12.1537 6
    endloop
  endfacet
  facet normal 0 0 1
    outer loop
      vertex -46.5607 -12.1537 6
      vertex -65 0 6
      vertex -47.3223 -12.3445 6
    endloop
  endfacet
  facet normal 0 0 1
    outer loop
      vertex -65 -35 6
      vertex -52.9615 -19.2159 6
      vertex -65 0 6
    endloop
  endfacet
  facet normal 0 0 1
    outer loop
      vertex -52.8463 -18.4393 6
      vertex -65 0 6
      vertex -52.9615 -19.2159 6
    endloop
  endfacet
  facet normal 0 0 1
    outer loop
      vertex -52.6555 -17.6777 6
      vertex -65 0 6
      vertex -52.8463 -18.4393 6
    endloop
  endfacet
  facet normal 0 0 1
    outer loop
      vertex -52.391 -16.9385 6
      vertex -65 0 6
      vertex -52.6555 -17.6777 6
    endloop
  endfacet
  facet normal 0 0 1
    outer loop
      vertex -52.0554 -16.2288 6
      vertex -65 0 6
      vertex -52.391 -16.9385 6
    endloop
  endfacet
  facet normal 0 0 1
    outer loop
      vertex -51.6518 -15.5554 6
      vertex -65 0 6
      vertex -52.0554 -16.2288 6
    endloop
  endfacet
  facet normal 0 0 1
    outer loop
      vertex -51.1841 -14.9249 6
      vertex -65 0 6
      vertex -51.6518 -15.5554 6
    endloop
  endfacet
  facet normal 0 0 1
    outer loop
      vertex -50.6569 -14.3431 6
      vertex -65 0 6
      vertex -51.1841 -14.9249 6
    endloop
  endfacet
  facet normal 0 0 1
    outer loop
      vertex -50.0751 -13.8159 6
      vertex -65 0 6
      vertex -50.6569 -14.3431 6
    endloop
  endfacet
  facet normal 0 0 1
    outer loop
      vertex -49.4446 -13.3482 6
      vertex -65 0 6
      vertex -50.0751 -13.8159 6
    endloop
  endfacet
  facet normal 0 0 1
    outer loop
      vertex -48.7712 -12.9446 6
      vertex -65 0 6
      vertex -49.4446 -13.3482 6
    endloop
  endfacet
  facet normal 0 0 1
    outer loop
      vertex -48.0615 -12.609 6
      vertex -65 0 6
      vertex -48.7712 -12.9446 6
    endloop
  endfacet
  facet normal 0 0 1
    outer loop
      vertex -47.3223 -12.3445 6
      vertex -65 0 6
      vertex -48.0615 -12.609 6
    endloop
  endfacet
  facet normal -0 0 1
    outer loop
      vertex -37.0385 -20.7841 6
      vertex -20 -35 6
      vertex -37 -20 6
    endloop
  endfacet
  facet normal -0 0 1
    outer loop
      vertex -37.1537 -21.5607 6
      vertex -20 -35 6
      vertex -37.0385 -20.7841 6
    endloop
  endfacet
  facet normal -0 0 1
    outer loop
      vertex -37.3445 -22.3223 6
      vertex -20 -35 6
      vertex -37.1537 -21.5607 6
    endloop
  endfacet
  facet normal -0 0 1
    outer loop
      vertex -37.609 -23.0615 6
      vertex -20 -35 6
      vertex -37.3445 -22.3223 6
    endloop
  endfacet
  facet normal -0 0 1
    outer loop
      vertex -37.9446 -23.7712 6
      vertex -20 -35 6
      vertex -37.609 -23.0615 6
    endloop
  endfacet
  facet normal -0 0 1
    outer loop
      vertex -38.3482 -24.4446 6
      vertex -20 -35 6
      vertex -37.9446 -23.7712 6
    endloop
  endfacet
  facet normal -0 0 1
    outer loop
      vertex -38.8159 -25.0751 6
      vertex -20 -35 6
      vertex -38.3482 -24.4446 6
    endloop
  endfacet
  facet normal -0 0 1
    outer loop
      vertex -39.3431 -25.6569 6
      vertex -20 -35 6
      vertex -38.8159 -25.0751 6
    endloop
  endfacet
  facet normal -0 0 1
    outer loop
      vertex -39.9249 -26.1841 6
      vertex -20 -35 6
      vertex -39.3431 -25.6569 6
    endloop
  endfacet
  facet normal -0 0 1
    outer loop
      vertex -40.5554 -26.6518 6
      vertex -20 -35 6
      vertex -39.9249 -26.1841 6
    endloop
  endfacet
  facet normal -0 0 1
    outer loop
      vertex -41.2288 -27.0554 6
      vertex -20 -35 6
      vertex -40.5554 -26.6518 6
    endloop
  endfacet
  facet normal -0 0 1
    outer loop
      vertex -41.9385 -27.391 6
      vertex -20 -35 6
      vertex -41.2288 -27.0554 6
    endloop
  endfacet
  facet normal -0 0 1
    outer loop
      vertex -42.6777 -27.6555 6
      vertex -20 -35 6
      vertex -41.9385 -27.391 6
    endloop
  endfacet
  facet normal -0 0 1
    outer loop
      vertex -43.4393 -27.8463 6
      vertex -20 -35 6
      vertex -42.6777 -27.6555 6
    endloop
  endfacet
  facet normal -0 0 1
    outer loop
      vertex -44.2159 -27.9615 6
      vertex -20 -35 6
      vertex -43.4393 -27.8463 6
    endloop
  endfacet
  facet normal -0 0 1
    outer loop
      vertex -45 -28 6
      vertex -20 -35 6
      vertex -44.2159 -27.9615 6
    endloop
  endfacet
  facet normal 0 0 1
    outer loop
      vertex -65 -35 6
      vertex -45 -28 6
      vertex -45.7841 -27.9615 6
    endloop
  endfacet
  facet normal 0 0 1
    outer loop
      vertex -65 -35 6
      vertex -45.7841 -27.9615 6
      vertex -46.5607 -27.8463 6
    endloop
  endfacet
  facet normal 0 0 1
    outer loop
      vertex -65 -35 6
      vertex -46.5607 -27.8463 6
      vertex -47.3223 -27.6555 6
    endloop
  endfacet
  facet normal 0 0 1
    outer loop
      vertex -52.9615 -19.2159 6
      vertex -65 -35 6
      vertex -53 -20 6
    endloop
  endfacet
  facet normal 0 0 1
    outer loop
      vertex -53 -20 6
      vertex -65 -35 6
      vertex -52.9615 -20.7841 6
    endloop
  endfacet
  facet normal 0 0 1
    outer loop
      vertex -52.9615 -20.7841 6
      vertex -65 -35 6
      vertex -52.8463 -21.5607 6
    endloop
  endfacet
  facet normal 0 0 1
    outer loop
      vertex -52.8463 -21.5607 6
      vertex -65 -35 6
      vertex -52.6555 -22.3223 6
    endloop
  endfacet
  facet normal 0 0 1
    outer loop
      vertex -52.6555 -22.3223 6
      vertex -65 -35 6
      vertex -52.391 -23.0615 6
    endloop
  endfacet
  facet normal 0 0 1
    outer loop
      vertex -45 -28 6
      vertex -65 -35 6
      vertex -20 -35 6
    endloop
  endfacet
  facet normal 0 0 1
    outer loop
      vertex -48.0615 -27.391 6
      vertex -65 -35 6
      vertex -47.3223 -27.6555 6
    endloop
  endfacet
  facet normal 0 0 1
    outer loop
      vertex -48.7712 -27.0554 6
      vertex -65 -35 6
      vertex -48.0615 -27.391 6
    endloop
  endfacet
  facet normal 0 0 1
    outer loop
      vertex -49.4446 -26.6518 6
      vertex -65 -35 6
      vertex -48.7712 -27.0554 6
    endloop
  endfacet
  facet normal 0 0 1
    outer loop
      vertex -50.0751 -26.1841 6
      vertex -65 -35 6
      vertex -49.4446 -26.6518 6
    endloop
  endfacet
  facet normal 0 0 1
    outer loop
      vertex -50.6569 -25.6569 6
      vertex -65 -35 6
      vertex -50.0751 -26.1841 6
    endloop
  endfacet
  facet normal 0 0 1
    outer loop
      vertex -51.1841 -25.0751 6
      vertex -65 -35 6
      vertex -50.6569 -25.6569 6
    endloop
  endfacet
  facet normal 0 0 1
    outer loop
      vertex -51.6518 -24.4446 6
      vertex -65 -35 6
      vertex -51.1841 -25.0751 6
    endloop
  endfacet
  facet normal 0 0 1
    outer loop
      vertex -52.0554 -23.7712 6
      vertex -65 -35 6
      vertex -51.6518 -24.4446 6
    endloop
  endfacet
  facet normal 0 0 1
    outer loop
      vertex -52.391 -23.0615 6
      vertex -65 -35 6
      vertex -52.0554 -23.7712 6
    endloop
  endfacet
  facet normal -0 0 1
    outer loop
      vertex 52.9615 -19.2159 6
      vertex 65 -35 6
      vertex 65 0 6
    endloop
  endfacet
  facet normal 0 0 1
    outer loop
      vertex 65 -35 6
      vertex 52.9615 -19.2159 6
      vertex 53 -20 6
    endloop
  endfacet
  facet normal 0 0 1
    outer loop
      vertex 65 0 6
      vertex 52.8463 -18.4393 6
      vertex 52.9615 -19.2159 6
    endloop
  endfacet
  facet normal 0 0 1
    outer loop
      vertex 65 0 6
      vertex 52.6555 -17.6777 6
      vertex 52.8463 -18.4393 6
    endloop
  endfacet
  facet normal 0 0 1
    outer loop
      vertex 65 0 6
      vertex 52.391 -16.9385 6
      vertex 52.6555 -17.6777 6
    endloop
  endfacet
  facet normal 0 0 1
    outer loop
      vertex 65 0 6
      vertex 52.0554 -16.2288 6
      vertex 52.391 -16.9385 6
    endloop
  endfacet
  facet normal 0 0 1
    outer loop
      vertex 65 0 6
      vertex 51.6518 -15.5554 6
      vertex 52.0554 -16.2288 6
    endloop
  endfacet
  facet normal 0 0 1
    outer loop
      vertex 65 0 6
      vertex 51.1841 -14.9249 6
      vertex 51.6518 -15.5554 6
    endloop
  endfacet
  facet normal 0 0 1
    outer loop
      vertex 65 0 6
      vertex 50.6569 -14.3431 6
      vertex 51.1841 -14.9249 6
    endloop
  endfacet
  facet normal 0 0 1
    outer loop
      vertex 65 0 6
      vertex 50.0751 -13.8159 6
      vertex 50.6569 -14.3431 6
    endloop
  endfacet
  facet normal 0 0 1
    outer loop
      vertex 65 0 6
      vertex 49.4446 -13.3482 6
      vertex 50.0751 -13.8159 6
    endloop
  endfacet
  facet normal 0 0 1
    outer loop
      vertex 65 0 6
      vertex 48.7712 -12.9446 6
      vertex 49.4446 -13.3482 6
    endloop
  endfacet
  facet normal 0 0 1
    outer loop
      vertex 65 0 6
      vertex 48.0615 -12.609 6
      vertex 48.7712 -12.9446 6
    endloop
  endfacet
  facet normal 0 0 1
    outer loop
      vertex 65 0 6
      vertex 47.3223 -12.3445 6
      vertex 48.0615 -12.609 6
    endloop
  endfacet
  facet normal 0 0 1
    outer loop
      vertex 65 0 6
      vertex 46.5607 -12.1537 6
      vertex 47.3223 -12.3445 6
    endloop
  endfacet
  facet normal 0 0 1
    outer loop
      vertex 65 0 6
      vertex 45.7841 -12.0385 6
      vertex 46.5607 -12.1537 6
    endloop
  endfacet
  facet normal 0 0 1
    outer loop
      vertex 65 0 6
      vertex 45 -12 6
      vertex 45.7841 -12.0385 6
    endloop
  endfacet
  facet normal 0 0 1
    outer loop
      vertex 65 0 6
      vertex 44.2159 -12.0385 6
      vertex 45 -12 6
    endloop
  endfacet
  facet normal -0 0 1
    outer loop
      vertex 20 0 6
      vertex 44.2159 -12.0385 6
      vertex 65 0 6
    endloop
  endfacet
  facet normal 0 0 1
    outer loop
      vertex 44.2159 -12.0385 6
      vertex 20 0 6
      vertex 43.4393 -12.1537 6
    endloop
  endfacet
  facet normal 0 0 1
    outer loop
      vertex 43.4393 -12.1537 6
      vertex 20 0 6
      vertex 42.6777 -12.3445 6
    endloop
  endfacet
  facet normal 0 0 1
    outer loop
      vertex 42.6777 -12.3445 6
      vertex 20 0 6
      vertex 41.9385 -12.609 6
    endloop
  endfacet
  facet normal 0 0 1
    outer loop
      vertex 20 -35 6
      vertex 37.0385 -19.2159 6
      vertex 20 0 6
    endloop
  endfacet
  facet normal 0 0 1
    outer loop
      vertex 37.1537 -18.4393 6
      vertex 20 0 6
      vertex 37.0385 -19.2159 6
    endloop
  endfacet
  facet normal 0 0 1
    outer loop
      vertex 37.3445 -17.6777 6
      vertex 20 0 6
      vertex 37.1537 -18.4393 6
    endloop
  endfacet
  facet normal 0 0 1
    outer loop
      vertex 37.609 -16.9385 6
      vertex 20 0 6
      vertex 37.3445 -17.6777 6
    endloop
  endfacet
  facet normal 0 0 1
    outer loop
      vertex 37.9446 -16.2288 6
      vertex 20 0 6
      vertex 37.609 -16.9385 6
    endloop
  endfacet
  facet normal 0 0 1
    outer loop
      vertex 38.3482 -15.5554 6
      vertex 20 0 6
      vertex 37.9446 -16.2288 6
    endloop
  endfacet
  facet normal 0 0 1
    outer loop
      vertex 38.8159 -14.9249 6
      vertex 20 0 6
      vertex 38.3482 -15.5554 6
    endloop
  endfacet
  facet normal 0 0 1
    outer loop
      vertex 39.3431 -14.3431 6
      vertex 20 0 6
      vertex 38.8159 -14.9249 6
    endloop
  endfacet
  facet normal 0 0 1
    outer loop
      vertex 39.9249 -13.8159 6
      vertex 20 0 6
      vertex 39.3431 -14.3431 6
    endloop
  endfacet
  facet normal 0 0 1
    outer loop
      vertex 40.5554 -13.3482 6
      vertex 20 0 6
      vertex 39.9249 -13.8159 6
    endloop
  endfacet
  facet normal 0 0 1
    outer loop
      vertex 41.2288 -12.9446 6
      vertex 20 0 6
      vertex 40.5554 -13.3482 6
    endloop
  endfacet
  facet normal 0 0 1
    outer loop
      vertex 41.9385 -12.609 6
      vertex 20 0 6
      vertex 41.2288 -12.9446 6
    endloop
  endfacet
  facet normal -0 0 1
    outer loop
      vertex 52.9615 -20.7841 6
      vertex 65 -35 6
      vertex 53 -20 6
    endloop
  endfacet
  facet normal -0 0 1
    outer loop
      vertex 52.8463 -21.5607 6
      vertex 65 -35 6
      vertex 52.9615 -20.7841 6
    endloop
  endfacet
  facet normal -0 0 1
    outer loop
      vertex 52.6555 -22.3223 6
      vertex 65 -35 6
      vertex 52.8463 -21.5607 6
    endloop
  endfacet
  facet normal -0 0 1
    outer loop
      vertex 52.391 -23.0615 6
      vertex 65 -35 6
      vertex 52.6555 -22.3223 6
    endloop
  endfacet
  facet normal -0 0 1
    outer loop
      vertex 52.0554 -23.7712 6
      vertex 65 -35 6
      vertex 52.391 -23.0615 6
    endloop
  endfacet
  facet normal -0 0 1
    outer loop
      vertex 51.6518 -24.4446 6
      vertex 65 -35 6
      vertex 52.0554 -23.7712 6
    endloop
  endfacet
  facet normal -0 0 1
    outer loop
      vertex 51.1841 -25.0751 6
      vertex 65 -35 6
      vertex 51.6518 -24.4446 6
    endloop
  endfacet
  facet normal -0 0 1
    outer loop
      vertex 50.6569 -25.6569 6
      vertex 65 -35 6
      vertex 51.1841 -25.0751 6
    endloop
  endfacet
  facet normal -0 0 1
    outer loop
      vertex 50.0751 -26.1841 6
      vertex 65 -35 6
      vertex 50.6569 -25.6569 6
    endloop
  endfacet
  facet normal -0 0 1
    outer loop
      vertex 49.4446 -26.6518 6
      vertex 65 -35 6
      vertex 50.0751 -26.1841 6
    endloop
  endfacet
  facet normal -0 0 1
    outer loop
      vertex 48.7712 -27.0554 6
      vertex 65 -35 6
      vertex 49.4446 -26.6518 6
    endloop
  endfacet
  facet normal -0 0 1
    outer loop
      vertex 48.0615 -27.391 6
      vertex 65 -35 6
      vertex 48.7712 -27.0554 6
    endloop
  endfacet
  facet normal -0 0 1
    outer loop
      vertex 47.3223 -27.6555 6
      vertex 65 -35 6
      vertex 48.0615 -27.391 6
    endloop
  endfacet
  facet normal -0 0 1
    outer loop
      vertex 46.5607 -27.8463 6
      vertex 65 -35 6
      vertex 47.3223 -27.6555 6
    endloop
  endfacet
  facet normal -0 0 1
    outer loop
      vertex 45.7841 -27.9615 6
      vertex 65 -35 6
      vertex 46.5607 -27.8463 6
    endloop
  endfacet
  facet normal -0 0 1
    outer loop
      vertex 45 -28 6
      vertex 65 -35 6
      vertex 45.7841 -27.9615 6
    endloop
  endfacet
  facet normal 0 0 1
    outer loop
      vertex 44.2159 -27.9615 6
      vertex 65 -35 6
      vertex 45 -28 6
    endloop
  endfacet
  facet normal 0 0 1
    outer loop
      vertex 20 -35 6
      vertex 44.2159 -27.9615 6
      vertex 43.4393 -27.8463 6
    endloop
  endfacet
  facet normal 0 0 1
    outer loop
      vertex 20 -35 6
      vertex 43.4393 -27.8463 6
      vertex 42.6777 -27.6555 6
    endloop
  endfacet
  facet normal 0 0 1
    outer loop
      vertex 37.0385 -19.2159 6
      vertex 20 -35 6
      vertex 37 -20 6
    endloop
  endfacet
  facet normal 0 0 1
    outer loop
      vertex 37 -20 6
      vertex 20 -35 6
      vertex 37.0385 -20.7841 6
    endloop
  endfacet
  facet normal 0 0 1
    outer loop
      vertex 37.0385 -20.7841 6
      vertex 20 -35 6
      vertex 37.1537 -21.5607 6
    endloop
  endfacet
  facet normal 0 0 1
    outer loop
      vertex 37.1537 -21.5607 6
      vertex 20 -35 6
      vertex 37.3445 -22.3223 6
    endloop
  endfacet
  facet normal 0 0 1
    outer loop
      vertex 37.3445 -22.3223 6
      vertex 20 -35 6
      vertex 37.609 -23.0615 6
    endloop
  endfacet
  facet normal 0 0 1
    outer loop
      vertex 37.609 -23.0615 6
      vertex 20 -35 6
      vertex 37.9446 -23.7712 6
    endloop
  endfacet
  facet normal 0 0 1
    outer loop
      vertex 37.9446 -23.7712 6
      vertex 20 -35 6
      vertex 38.3482 -24.4446 6
    endloop
  endfacet
  facet normal 0 0 1
    outer loop
      vertex 44.2159 -27.9615 6
      vertex 20 -35 6
      vertex 65 -35 6
    endloop
  endfacet
  facet normal 0 0 1
    outer loop
      vertex 41.9385 -27.391 6
      vertex 20 -35 6
      vertex 42.6777 -27.6555 6
    endloop
  endfacet
  facet normal 0 0 1
    outer loop
      vertex 41.2288 -27.0554 6
      vertex 20 -35 6
      vertex 41.9385 -27.391 6
    endloop
  endfacet
  facet normal 0 0 1
    outer loop
      vertex 40.5554 -26.6518 6
      vertex 20 -35 6
      vertex 41.2288 -27.0554 6
    endloop
  endfacet
  facet normal 0 0 1
    outer loop
      vertex 39.9249 -26.1841 6
      vertex 20 -35 6
      vertex 40.5554 -26.6518 6
    endloop
  endfacet
  facet normal 0 0 1
    outer loop
      vertex 39.3431 -25.6569 6
      vertex 20 -35 6
      vertex 39.9249 -26.1841 6
    endloop
  endfacet
  facet normal 0 0 1
    outer loop
      vertex 38.8159 -25.0751 6
      vertex 20 -35 6
      vertex 39.3431 -25.6569 6
    endloop
  endfacet
  facet normal 0 0 1
    outer loop
      vertex 38.3482 -24.4446 6
      vertex 20 -35 6
      vertex 38.8159 -25.0751 6
    endloop
  endfacet
  facet normal -0 0 1
    outer loop
      vertex -12 0 6
      vertex 12 -35 6
      vertex 12 0 6
    endloop
  endfacet
  facet normal 0 0 1
    outer loop
      vertex 12 -35 6
      vertex -12 0 6
      vertex -12 -35 6
    endloop
  endfacet
  facet normal 0 1 -0
    outer loop
      vertex -20 -35 6
      vertex -65 -35 25
      vertex -20 -35 25
    endloop
  endfacet
  facet normal 0 1 0
    outer loop
      vertex -65 -35 25
      vertex -20 -35 6
      vertex -65 -35 6
    endloop
  endfacet
  facet normal 0 1 -0
    outer loop
      vertex 65 -35 6
      vertex 20 -35 25
      vertex 65 -35 25
    endloop
  endfacet
  facet normal 0 1 0
    outer loop
      vertex 20 -35 25
      vertex 65 -35 6
      vertex 20 -35 6
    endloop
  endfacet
  facet normal 0 1 -0
    outer loop
      vertex 12 -35 6
      vertex -12 -35 25
      vertex 12 -35 25
    endloop
  endfacet
  facet normal 0 1 0
    outer loop
      vertex -12 -35 25
      vertex 12 -35 6
      vertex -12 -35 6
    endloop
  endfacet
  facet normal 0 -0.803244 0.59565
    outer loop
      vertex -20 -13.7579 25.8773
      vertex -15 -13.2859 26.5138
      vertex -20 -13.2859 26.5138
    endloop
  endfacet
  facet normal 0 -0.803244 0.59565
    outer loop
      vertex -15 -13.2859 26.5138
      vertex -20 -13.7579 25.8773
      vertex -15 -13.7579 25.8773
    endloop
  endfacet
  facet normal 0 0.740956 0.671554
    outer loop
      vertex -15 -25.7099 25.2901
      vertex -20 -26.2421 25.8773
      vertex -15 -26.2421 25.8773
    endloop
  endfacet
  facet normal 0 0.740956 0.671554
    outer loop
      vertex -20 -26.2421 25.8773
      vertex -15 -25.7099 25.2901
      vertex -20 -25.7099 25.2901
    endloop
  endfacet
  facet normal 0 0.989173 0.146754
    outer loop
      vertex -15 -27.9198 29.4246
      vertex -20 -28.0361 30.2085
      vertex -15 -28.0361 30.2085
    endloop
  endfacet
  facet normal 0 0.989173 0.146754
    outer loop
      vertex -20 -28.0361 30.2085
      vertex -15 -27.9198 29.4246
      vertex -20 -27.9198 29.4246
    endloop
  endfacet
  facet normal 0 -0.59565 -0.803244
    outer loop
      vertex -20 -15.5138 37.7141
      vertex -15 -14.8773 37.2421
      vertex -15 -15.5138 37.7141
    endloop
  endfacet
  facet normal -0 -0.59565 -0.803244
    outer loop
      vertex -15 -14.8773 37.2421
      vertex -20 -15.5138 37.7141
      vertex -20 -14.8773 37.2421
    endloop
  endfacet
  facet normal 0 0.970038 0.242951
    outer loop
      vertex -15 -27.7273 28.656
      vertex -20 -27.9198 29.4246
      vertex -15 -27.9198 29.4246
    endloop
  endfacet
  facet normal 0 0.970038 0.242951
    outer loop
      vertex -20 -27.9198 29.4246
      vertex -15 -27.7273 28.656
      vertex -20 -27.7273 28.656
    endloop
  endfacet
  facet normal 0 -0.242951 -0.970038
    outer loop
      vertex -20 -18.4246 38.9198
      vertex -15 -17.656 38.7273
      vertex -15 -18.4246 38.9198
    endloop
  endfacet
  facet normal -0 -0.242951 -0.970038
    outer loop
      vertex -15 -17.656 38.7273
      vertex -20 -18.4246 38.9198
      vertex -20 -17.656 38.7273
    endloop
  endfacet
  facet normal 0 -0.998794 -0.0490879
    outer loop
      vertex -20 -11.925 31
      vertex -15 -11.9639 31.7915
      vertex -20 -11.9639 31.7915
    endloop
  endfacet
  facet normal 0 -0.998794 -0.0490879
    outer loop
      vertex -15 -11.9639 31.7915
      vertex -20 -11.925 31
      vertex -15 -11.925 31
    endloop
  endfacet
  facet normal 0 -0.336896 -0.941542
    outer loop
      vertex -20 -17.656 38.7273
      vertex -15 -16.9098 38.4603
      vertex -15 -17.656 38.7273
    endloop
  endfacet
  facet normal -0 -0.336896 -0.941542
    outer loop
      vertex -15 -16.9098 38.4603
      vertex -20 -17.656 38.7273
      vertex -20 -16.9098 38.4603
    endloop
  endfacet
  facet normal 0 -0.146754 0.989173
    outer loop
      vertex -20 -18.4246 23.0802
      vertex -15 -19.2085 22.9639
      vertex -15 -18.4246 23.0802
    endloop
  endfacet
  facet normal 0 -0.146754 0.989173
    outer loop
      vertex -15 -19.2085 22.9639
      vertex -20 -18.4246 23.0802
      vertex -20 -19.2085 22.9639
    endloop
  endfacet
  facet normal 0 -0.857727 0.514106
    outer loop
      vertex -20 -13.2859 26.5138
      vertex -15 -12.8785 27.1935
      vertex -20 -12.8785 27.1935
    endloop
  endfacet
  facet normal 0 -0.857727 0.514106
    outer loop
      vertex -15 -12.8785 27.1935
      vertex -20 -13.2859 26.5138
      vertex -15 -13.2859 26.5138
    endloop
  endfacet
  facet normal 0 -0.903982 -0.427571
    outer loop
      vertex -20 -12.5397 34.0902
      vertex -15 -12.8785 34.8065
      vertex -20 -12.8785 34.8065
    endloop
  endfacet
  facet normal 0 -0.903982 -0.427571
    outer loop
      vertex -15 -12.8785 34.8065
      vertex -20 -12.5397 34.0902
      vertex -15 -12.5397 34.0902
    endloop
  endfacet
  facet normal 0 0.803244 0.59565
    outer loop
      vertex -15 -26.2421 25.8773
      vertex -20 -26.7141 26.5138
      vertex -15 -26.7141 26.5138
    endloop
  endfacet
  facet normal 0 0.803244 0.59565
    outer loop
      vertex -20 -26.7141 26.5138
      vertex -15 -26.2421 25.8773
      vertex -20 -26.2421 25.8773
    endloop
  endfacet
  facet normal 0 -0.242951 0.970038
    outer loop
      vertex -20 -17.656 23.2727
      vertex -15 -18.4246 23.0802
      vertex -15 -17.656 23.2727
    endloop
  endfacet
  facet normal 0 -0.242951 0.970038
    outer loop
      vertex -15 -18.4246 23.0802
      vertex -20 -17.656 23.2727
      vertex -20 -18.4246 23.0802
    endloop
  endfacet
  facet normal -0 0.514106 0.857727
    outer loop
      vertex -20 -23.8065 23.8785
      vertex -15 -24.4862 24.2859
      vertex -15 -23.8065 23.8785
    endloop
  endfacet
  facet normal 0 0.514106 0.857727
    outer loop
      vertex -15 -24.4862 24.2859
      vertex -20 -23.8065 23.8785
      vertex -20 -24.4862 24.2859
    endloop
  endfacet
  facet normal 0 -0.989173 0.146754
    outer loop
      vertex -20 -12.0802 29.4246
      vertex -15 -11.9639 30.2085
      vertex -20 -11.9639 30.2085
    endloop
  endfacet
  facet normal 0 -0.989173 0.146754
    outer loop
      vertex -15 -11.9639 30.2085
      vertex -20 -12.0802 29.4246
      vertex -15 -12.0802 29.4246
    endloop
  endfacet
  facet normal 0 0.941542 0.336896
    outer loop
      vertex -15 -27.4603 27.9098
      vertex -20 -27.7273 28.656
      vertex -15 -27.7273 28.656
    endloop
  endfacet
  facet normal 0 0.941542 0.336896
    outer loop
      vertex -20 -27.7273 28.656
      vertex -15 -27.4603 27.9098
      vertex -20 -27.4603 27.9098
    endloop
  endfacet
  facet normal 0 -0.0490879 0.998794
    outer loop
      vertex -20 -19.2085 22.9639
      vertex -15 -20 22.925
      vertex -15 -19.2085 22.9639
    endloop
  endfacet
  facet normal 0 -0.0490879 0.998794
    outer loop
      vertex -15 -20 22.925
      vertex -20 -19.2085 22.9639
      vertex -20 -20 22.925
    endloop
  endfacet
  facet normal 0 -0.59565 0.803244
    outer loop
      vertex -20 -14.8773 24.7579
      vertex -15 -15.5138 24.2859
      vertex -15 -14.8773 24.7579
    endloop
  endfacet
  facet normal 0 -0.59565 0.803244
    outer loop
      vertex -15 -15.5138 24.2859
      vertex -20 -14.8773 24.7579
      vertex -20 -15.5138 24.2859
    endloop
  endfacet
  facet normal 0 -0.941542 -0.336896
    outer loop
      vertex -20 -12.2727 33.344
      vertex -15 -12.5397 34.0902
      vertex -20 -12.5397 34.0902
    endloop
  endfacet
  facet normal 0 -0.941542 -0.336896
    outer loop
      vertex -15 -12.5397 34.0902
      vertex -20 -12.2727 33.344
      vertex -15 -12.2727 33.344
    endloop
  endfacet
  facet normal 0 -0.0490879 -0.998794
    outer loop
      vertex -20 -20 39.075
      vertex -15 -19.2085 39.0361
      vertex -15 -20 39.075
    endloop
  endfacet
  facet normal -0 -0.0490879 -0.998794
    outer loop
      vertex -15 -19.2085 39.0361
      vertex -20 -20 39.075
      vertex -20 -19.2085 39.0361
    endloop
  endfacet
  facet normal -0 0.0490879 0.998794
    outer loop
      vertex -20 -20 22.925
      vertex -15 -20.7915 22.9639
      vertex -15 -20 22.925
    endloop
  endfacet
  facet normal 0 0.0490879 0.998794
    outer loop
      vertex -15 -20.7915 22.9639
      vertex -20 -20 22.925
      vertex -20 -20.7915 22.9639
    endloop
  endfacet
  facet normal 0 0.970038 -0.242951
    outer loop
      vertex -15 -27.9198 32.5754
      vertex -20 -27.7273 33.344
      vertex -15 -27.7273 33.344
    endloop
  endfacet
  facet normal 0 0.970038 -0.242951
    outer loop
      vertex -20 -27.7273 33.344
      vertex -15 -27.9198 32.5754
      vertex -20 -27.9198 32.5754
    endloop
  endfacet
  facet normal 0 0.146754 -0.989173
    outer loop
      vertex -20 -21.5754 38.9198
      vertex -15 -20.7915 39.0361
      vertex -15 -21.5754 38.9198
    endloop
  endfacet
  facet normal 0 0.146754 -0.989173
    outer loop
      vertex -15 -20.7915 39.0361
      vertex -20 -21.5754 38.9198
      vertex -20 -20.7915 39.0361
    endloop
  endfacet
  facet normal 0 -0.903982 0.427571
    outer loop
      vertex -20 -12.8785 27.1935
      vertex -15 -12.5397 27.9098
      vertex -20 -12.5397 27.9098
    endloop
  endfacet
  facet normal 0 -0.903982 0.427571
    outer loop
      vertex -15 -12.5397 27.9098
      vertex -20 -12.8785 27.1935
      vertex -15 -12.8785 27.1935
    endloop
  endfacet
  facet normal 0 -0.427571 -0.903982
    outer loop
      vertex -20 -16.9098 38.4603
      vertex -15 -16.1935 38.1215
      vertex -15 -16.9098 38.4603
    endloop
  endfacet
  facet normal -0 -0.427571 -0.903982
    outer loop
      vertex -15 -16.1935 38.1215
      vertex -20 -16.9098 38.4603
      vertex -20 -16.1935 38.1215
    endloop
  endfacet
  facet normal 0 -0.146754 -0.989173
    outer loop
      vertex -20 -19.2085 39.0361
      vertex -15 -18.4246 38.9198
      vertex -15 -19.2085 39.0361
    endloop
  endfacet
  facet normal -0 -0.146754 -0.989173
    outer loop
      vertex -15 -18.4246 38.9198
      vertex -20 -19.2085 39.0361
      vertex -20 -18.4246 38.9198
    endloop
  endfacet
  facet normal 0 -0.336896 0.941542
    outer loop
      vertex -20 -16.9098 23.5397
      vertex -15 -17.656 23.2727
      vertex -15 -16.9098 23.5397
    endloop
  endfacet
  facet normal 0 -0.336896 0.941542
    outer loop
      vertex -15 -17.656 23.2727
      vertex -20 -16.9098 23.5397
      vertex -20 -17.656 23.2727
    endloop
  endfacet
  facet normal 0 0.514106 -0.857727
    outer loop
      vertex -20 -24.4862 37.7141
      vertex -15 -23.8065 38.1215
      vertex -15 -24.4862 37.7141
    endloop
  endfacet
  facet normal 0 0.514106 -0.857727
    outer loop
      vertex -15 -23.8065 38.1215
      vertex -20 -24.4862 37.7141
      vertex -20 -23.8065 38.1215
    endloop
  endfacet
  facet normal 0 0.59565 -0.803244
    outer loop
      vertex -20 -25.1227 37.2421
      vertex -15 -24.4862 37.7141
      vertex -15 -25.1227 37.2421
    endloop
  endfacet
  facet normal 0 0.59565 -0.803244
    outer loop
      vertex -15 -24.4862 37.7141
      vertex -20 -25.1227 37.2421
      vertex -20 -24.4862 37.7141
    endloop
  endfacet
  facet normal 0 0.242951 -0.970038
    outer loop
      vertex -20 -22.344 38.7273
      vertex -15 -21.5754 38.9198
      vertex -15 -22.344 38.7273
    endloop
  endfacet
  facet normal 0 0.242951 -0.970038
    outer loop
      vertex -15 -21.5754 38.9198
      vertex -20 -22.344 38.7273
      vertex -20 -21.5754 38.9198
    endloop
  endfacet
  facet normal 0 -0.514106 0.857727
    outer loop
      vertex -20 -15.5138 24.2859
      vertex -15 -16.1935 23.8785
      vertex -15 -15.5138 24.2859
    endloop
  endfacet
  facet normal 0 -0.514106 0.857727
    outer loop
      vertex -15 -16.1935 23.8785
      vertex -20 -15.5138 24.2859
      vertex -20 -16.1935 23.8785
    endloop
  endfacet
  facet normal 0 0.857727 0.514106
    outer loop
      vertex -15 -26.7141 26.5138
      vertex -20 -27.1215 27.1935
      vertex -15 -27.1215 27.1935
    endloop
  endfacet
  facet normal 0 0.857727 0.514106
    outer loop
      vertex -20 -27.1215 27.1935
      vertex -15 -26.7141 26.5138
      vertex -20 -26.7141 26.5138
    endloop
  endfacet
  facet normal 0 0.857727 -0.514106
    outer loop
      vertex -15 -27.1215 34.8065
      vertex -20 -26.7141 35.4862
      vertex -15 -26.7141 35.4862
    endloop
  endfacet
  facet normal 0 0.857727 -0.514106
    outer loop
      vertex -20 -26.7141 35.4862
      vertex -15 -27.1215 34.8065
      vertex -20 -27.1215 34.8065
    endloop
  endfacet
  facet normal 0 -0.427571 0.903982
    outer loop
      vertex -20 -16.1935 23.8785
      vertex -15 -16.9098 23.5397
      vertex -15 -16.1935 23.8785
    endloop
  endfacet
  facet normal 0 -0.427571 0.903982
    outer loop
      vertex -15 -16.9098 23.5397
      vertex -20 -16.1935 23.8785
      vertex -20 -16.9098 23.5397
    endloop
  endfacet
  facet normal 0 -0.998794 0.0490879
    outer loop
      vertex -20 -11.9639 30.2085
      vertex -15 -11.925 31
      vertex -20 -11.925 31
    endloop
  endfacet
  facet normal 0 -0.998794 0.0490879
    outer loop
      vertex -15 -11.925 31
      vertex -20 -11.9639 30.2085
      vertex -15 -11.9639 30.2085
    endloop
  endfacet
  facet normal 0 0.803244 -0.59565
    outer loop
      vertex -15 -26.7141 35.4862
      vertex -20 -26.2421 36.1227
      vertex -15 -26.2421 36.1227
    endloop
  endfacet
  facet normal 0 0.803244 -0.59565
    outer loop
      vertex -20 -26.2421 36.1227
      vertex -15 -26.7141 35.4862
      vertex -20 -26.7141 35.4862
    endloop
  endfacet
  facet normal 0 0.989173 -0.146754
    outer loop
      vertex -15 -28.0361 31.7915
      vertex -20 -27.9198 32.5754
      vertex -15 -27.9198 32.5754
    endloop
  endfacet
  facet normal 0 0.989173 -0.146754
    outer loop
      vertex -20 -27.9198 32.5754
      vertex -15 -28.0361 31.7915
      vertex -20 -28.0361 31.7915
    endloop
  endfacet
  facet normal 0 0.903982 0.427571
    outer loop
      vertex -15 -27.1215 27.1935
      vertex -20 -27.4603 27.9098
      vertex -15 -27.4603 27.9098
    endloop
  endfacet
  facet normal 0 0.903982 0.427571
    outer loop
      vertex -20 -27.4603 27.9098
      vertex -15 -27.1215 27.1935
      vertex -20 -27.1215 27.1935
    endloop
  endfacet
  facet normal 0 0.740956 -0.671554
    outer loop
      vertex -15 -26.2421 36.1227
      vertex -20 -25.7099 36.7099
      vertex -15 -25.7099 36.7099
    endloop
  endfacet
  facet normal 0 0.740956 -0.671554
    outer loop
      vertex -20 -25.7099 36.7099
      vertex -15 -26.2421 36.1227
      vertex -20 -26.2421 36.1227
    endloop
  endfacet
  facet normal -0 0.242951 0.970038
    outer loop
      vertex -20 -21.5754 23.0802
      vertex -15 -22.344 23.2727
      vertex -15 -21.5754 23.0802
    endloop
  endfacet
  facet normal 0 0.242951 0.970038
    outer loop
      vertex -15 -22.344 23.2727
      vertex -20 -21.5754 23.0802
      vertex -20 -22.344 23.2727
    endloop
  endfacet
  facet normal 0 -0.970038 -0.242951
    outer loop
      vertex -20 -12.0802 32.5754
      vertex -15 -12.2727 33.344
      vertex -20 -12.2727 33.344
    endloop
  endfacet
  facet normal 0 -0.970038 -0.242951
    outer loop
      vertex -15 -12.2727 33.344
      vertex -20 -12.0802 32.5754
      vertex -15 -12.0802 32.5754
    endloop
  endfacet
  facet normal 0 -0.740956 -0.671554
    outer loop
      vertex -20 -13.7579 36.1227
      vertex -15 -14.2901 36.7099
      vertex -20 -14.2901 36.7099
    endloop
  endfacet
  facet normal 0 -0.740956 -0.671554
    outer loop
      vertex -15 -14.2901 36.7099
      vertex -20 -13.7579 36.1227
      vertex -15 -13.7579 36.1227
    endloop
  endfacet
  facet normal 0 -0.671554 -0.740956
    outer loop
      vertex -20 -14.8773 37.2421
      vertex -15 -14.2901 36.7099
      vertex -15 -14.8773 37.2421
    endloop
  endfacet
  facet normal -0 -0.671554 -0.740956
    outer loop
      vertex -15 -14.2901 36.7099
      vertex -20 -14.8773 37.2421
      vertex -20 -14.2901 36.7099
    endloop
  endfacet
  facet normal 0 -0.941542 0.336896
    outer loop
      vertex -20 -12.5397 27.9098
      vertex -15 -12.2727 28.656
      vertex -20 -12.2727 28.656
    endloop
  endfacet
  facet normal 0 -0.941542 0.336896
    outer loop
      vertex -15 -12.2727 28.656
      vertex -20 -12.5397 27.9098
      vertex -15 -12.5397 27.9098
    endloop
  endfacet
  facet normal -0 0.336896 0.941542
    outer loop
      vertex -20 -22.344 23.2727
      vertex -15 -23.0902 23.5397
      vertex -15 -22.344 23.2727
    endloop
  endfacet
  facet normal 0 0.336896 0.941542
    outer loop
      vertex -15 -23.0902 23.5397
      vertex -20 -22.344 23.2727
      vertex -20 -23.0902 23.5397
    endloop
  endfacet
  facet normal 0 0.998794 0.0490879
    outer loop
      vertex -15 -28.0361 30.2085
      vertex -20 -28.075 31
      vertex -15 -28.075 31
    endloop
  endfacet
  facet normal 0 0.998794 0.0490879
    outer loop
      vertex -20 -28.075 31
      vertex -15 -28.0361 30.2085
      vertex -20 -28.0361 30.2085
    endloop
  endfacet
  facet normal 0 0.998794 -0.0490879
    outer loop
      vertex -15 -28.075 31
      vertex -20 -28.0361 31.7915
      vertex -15 -28.0361 31.7915
    endloop
  endfacet
  facet normal 0 0.998794 -0.0490879
    outer loop
      vertex -20 -28.0361 31.7915
      vertex -15 -28.075 31
      vertex -20 -28.075 31
    endloop
  endfacet
  facet normal 0 -0.989173 -0.146754
    outer loop
      vertex -20 -11.9639 31.7915
      vertex -15 -12.0802 32.5754
      vertex -20 -12.0802 32.5754
    endloop
  endfacet
  facet normal 0 -0.989173 -0.146754
    outer loop
      vertex -15 -12.0802 32.5754
      vertex -20 -11.9639 31.7915
      vertex -15 -11.9639 31.7915
    endloop
  endfacet
  facet normal 0 -0.740956 0.671554
    outer loop
      vertex -20 -14.2901 25.2901
      vertex -15 -13.7579 25.8773
      vertex -20 -13.7579 25.8773
    endloop
  endfacet
  facet normal 0 -0.740956 0.671554
    outer loop
      vertex -15 -13.7579 25.8773
      vertex -20 -14.2901 25.2901
      vertex -15 -14.2901 25.2901
    endloop
  endfacet
  facet normal -0 0.146754 0.989173
    outer loop
      vertex -20 -20.7915 22.9639
      vertex -15 -21.5754 23.0802
      vertex -15 -20.7915 22.9639
    endloop
  endfacet
  facet normal 0 0.146754 0.989173
    outer loop
      vertex -15 -21.5754 23.0802
      vertex -20 -20.7915 22.9639
      vertex -20 -21.5754 23.0802
    endloop
  endfacet
  facet normal 0 -0.970038 0.242951
    outer loop
      vertex -20 -12.2727 28.656
      vertex -15 -12.0802 29.4246
      vertex -20 -12.0802 29.4246
    endloop
  endfacet
  facet normal 0 -0.970038 0.242951
    outer loop
      vertex -15 -12.0802 29.4246
      vertex -20 -12.2727 28.656
      vertex -15 -12.2727 28.656
    endloop
  endfacet
  facet normal 0 0.671554 -0.740956
    outer loop
      vertex -20 -25.7099 36.7099
      vertex -15 -25.1227 37.2421
      vertex -15 -25.7099 36.7099
    endloop
  endfacet
  facet normal 0 0.671554 -0.740956
    outer loop
      vertex -15 -25.1227 37.2421
      vertex -20 -25.7099 36.7099
      vertex -20 -25.1227 37.2421
    endloop
  endfacet
  facet normal 0 0.336896 -0.941542
    outer loop
      vertex -20 -23.0902 38.4603
      vertex -15 -22.344 38.7273
      vertex -15 -23.0902 38.4603
    endloop
  endfacet
  facet normal 0 0.336896 -0.941542
    outer loop
      vertex -15 -22.344 38.7273
      vertex -20 -23.0902 38.4603
      vertex -20 -22.344 38.7273
    endloop
  endfacet
  facet normal -0 0.59565 0.803244
    outer loop
      vertex -20 -24.4862 24.2859
      vertex -15 -25.1227 24.7579
      vertex -15 -24.4862 24.2859
    endloop
  endfacet
  facet normal 0 0.59565 0.803244
    outer loop
      vertex -15 -25.1227 24.7579
      vertex -20 -24.4862 24.2859
      vertex -20 -25.1227 24.7579
    endloop
  endfacet
  facet normal 0 0.0490879 -0.998794
    outer loop
      vertex -20 -20.7915 39.0361
      vertex -15 -20 39.075
      vertex -15 -20.7915 39.0361
    endloop
  endfacet
  facet normal 0 0.0490879 -0.998794
    outer loop
      vertex -15 -20 39.075
      vertex -20 -20.7915 39.0361
      vertex -20 -20 39.075
    endloop
  endfacet
  facet normal 0 -0.671554 0.740956
    outer loop
      vertex -20 -14.2901 25.2901
      vertex -15 -14.8773 24.7579
      vertex -15 -14.2901 25.2901
    endloop
  endfacet
  facet normal 0 -0.671554 0.740956
    outer loop
      vertex -15 -14.8773 24.7579
      vertex -20 -14.2901 25.2901
      vertex -20 -14.8773 24.7579
    endloop
  endfacet
  facet normal 0 0.941542 -0.336896
    outer loop
      vertex -15 -27.7273 33.344
      vertex -20 -27.4603 34.0902
      vertex -15 -27.4603 34.0902
    endloop
  endfacet
  facet normal 0 0.941542 -0.336896
    outer loop
      vertex -20 -27.4603 34.0902
      vertex -15 -27.7273 33.344
      vertex -20 -27.7273 33.344
    endloop
  endfacet
  facet normal -0 0.427571 0.903982
    outer loop
      vertex -20 -23.0902 23.5397
      vertex -15 -23.8065 23.8785
      vertex -15 -23.0902 23.5397
    endloop
  endfacet
  facet normal 0 0.427571 0.903982
    outer loop
      vertex -15 -23.8065 23.8785
      vertex -20 -23.0902 23.5397
      vertex -20 -23.8065 23.8785
    endloop
  endfacet
  facet normal 0 0.427571 -0.903982
    outer loop
      vertex -20 -23.8065 38.1215
      vertex -15 -23.0902 38.4603
      vertex -15 -23.8065 38.1215
    endloop
  endfacet
  facet normal 0 0.427571 -0.903982
    outer loop
      vertex -15 -23.0902 38.4603
      vertex -20 -23.8065 38.1215
      vertex -20 -23.0902 38.4603
    endloop
  endfacet
  facet normal 0 -0.803244 -0.59565
    outer loop
      vertex -20 -13.2859 35.4862
      vertex -15 -13.7579 36.1227
      vertex -20 -13.7579 36.1227
    endloop
  endfacet
  facet normal 0 -0.803244 -0.59565
    outer loop
      vertex -15 -13.7579 36.1227
      vertex -20 -13.2859 35.4862
      vertex -15 -13.2859 35.4862
    endloop
  endfacet
  facet normal 0 -0.857727 -0.514106
    outer loop
      vertex -20 -12.8785 34.8065
      vertex -15 -13.2859 35.4862
      vertex -20 -13.2859 35.4862
    endloop
  endfacet
  facet normal 0 -0.857727 -0.514106
    outer loop
      vertex -15 -13.2859 35.4862
      vertex -20 -12.8785 34.8065
      vertex -15 -12.8785 34.8065
    endloop
  endfacet
  facet normal 0 -0.514106 -0.857727
    outer loop
      vertex -20 -16.1935 38.1215
      vertex -15 -15.5138 37.7141
      vertex -15 -16.1935 38.1215
    endloop
  endfacet
  facet normal -0 -0.514106 -0.857727
    outer loop
      vertex -15 -15.5138 37.7141
      vertex -20 -16.1935 38.1215
      vertex -20 -15.5138 37.7141
    endloop
  endfacet
  facet normal -1 0 0
    outer loop
      vertex -15 -17 31
      vertex -15 -11.925 31
      vertex -15 -11.9639 30.2085
    endloop
  endfacet
  facet normal -1 0 0
    outer loop
      vertex -15 -17.0144 30.7059
      vertex -15 -11.9639 30.2085
      vertex -15 -12.0802 29.4246
    endloop
  endfacet
  facet normal -1 0 0
    outer loop
      vertex -15 -11.925 31
      vertex -15 -17 31
      vertex -15 -11.9639 31.7915
    endloop
  endfacet
  facet normal -1 0 0
    outer loop
      vertex -15 -17.0576 30.4147
      vertex -15 -12.0802 29.4246
      vertex -15 -12.2727 28.656
    endloop
  endfacet
  facet normal -1 0 0
    outer loop
      vertex -15 -17.0144 31.2941
      vertex -15 -11.9639 31.7915
      vertex -15 -17 31
    endloop
  endfacet
  facet normal -1 0 0
    outer loop
      vertex -15 -17.1292 30.1291
      vertex -15 -12.2727 28.656
      vertex -15 -12.5397 27.9098
    endloop
  endfacet
  facet normal -1 -0 0
    outer loop
      vertex -15 -11.9639 31.7915
      vertex -15 -17.0144 31.2941
      vertex -15 -12.0802 32.5754
    endloop
  endfacet
  facet normal -1 0 0
    outer loop
      vertex -15 -17.2284 29.852
      vertex -15 -12.5397 27.9098
      vertex -15 -12.8785 27.1935
    endloop
  endfacet
  facet normal -1 0 0
    outer loop
      vertex -15 -17.0576 31.5853
      vertex -15 -12.0802 32.5754
      vertex -15 -17.0144 31.2941
    endloop
  endfacet
  facet normal -1 0 0
    outer loop
      vertex -15 -17.3542 29.5858
      vertex -15 -12.8785 27.1935
      vertex -15 -13.2859 26.5138
    endloop
  endfacet
  facet normal -1 -0 0
    outer loop
      vertex -15 -12.0802 32.5754
      vertex -15 -17.0576 31.5853
      vertex -15 -12.2727 33.344
    endloop
  endfacet
  facet normal -1 0 0
    outer loop
      vertex -15 -17.5056 29.3333
      vertex -15 -13.2859 26.5138
      vertex -15 -13.7579 25.8773
    endloop
  endfacet
  facet normal -1 0 0
    outer loop
      vertex -15 -17.1292 31.8709
      vertex -15 -12.2727 33.344
      vertex -15 -17.0576 31.5853
    endloop
  endfacet
  facet normal -1 0 0
    outer loop
      vertex -15 -17.681 29.0968
      vertex -15 -13.7579 25.8773
      vertex -15 -14.2901 25.2901
    endloop
  endfacet
  facet normal -1 -0 0
    outer loop
      vertex -15 -12.2727 33.344
      vertex -15 -17.1292 31.8709
      vertex -15 -12.5397 34.0902
    endloop
  endfacet
  facet normal -1 0 0
    outer loop
      vertex -15 -17.8787 28.8787
      vertex -15 -14.2901 25.2901
      vertex -15 -14.8773 24.7579
    endloop
  endfacet
  facet normal -1 0 0
    outer loop
      vertex -15 -17.2284 32.148
      vertex -15 -12.5397 34.0902
      vertex -15 -17.1292 31.8709
    endloop
  endfacet
  facet normal -1 0 0
    outer loop
      vertex -15 -18.0968 28.681
      vertex -15 -14.8773 24.7579
      vertex -15 -15.5138 24.2859
    endloop
  endfacet
  facet normal -1 -0 0
    outer loop
      vertex -15 -12.5397 34.0902
      vertex -15 -17.2284 32.148
      vertex -15 -12.8785 34.8065
    endloop
  endfacet
  facet normal -1 0 0
    outer loop
      vertex -15 -18.3333 28.5056
      vertex -15 -15.5138 24.2859
      vertex -15 -16.1935 23.8785
    endloop
  endfacet
  facet normal -1 0 0
    outer loop
      vertex -15 -17.3542 32.4142
      vertex -15 -12.8785 34.8065
      vertex -15 -17.2284 32.148
    endloop
  endfacet
  facet normal -1 0 0
    outer loop
      vertex -15 -18.5858 28.3542
      vertex -15 -16.1935 23.8785
      vertex -15 -16.9098 23.5397
    endloop
  endfacet
  facet normal -1 -0 0
    outer loop
      vertex -15 -12.8785 34.8065
      vertex -15 -17.3542 32.4142
      vertex -15 -13.2859 35.4862
    endloop
  endfacet
  facet normal -1 0 0
    outer loop
      vertex -15 -17.5056 32.6667
      vertex -15 -13.2859 35.4862
      vertex -15 -17.3542 32.4142
    endloop
  endfacet
  facet normal -1 0 0
    outer loop
      vertex -15 -11.9639 30.2085
      vertex -15 -17.0144 30.7059
      vertex -15 -17 31
    endloop
  endfacet
  facet normal -1 0 0
    outer loop
      vertex -15 -12.0802 29.4246
      vertex -15 -17.0576 30.4147
      vertex -15 -17.0144 30.7059
    endloop
  endfacet
  facet normal -1 0 0
    outer loop
      vertex -15 -12.2727 28.656
      vertex -15 -17.1292 30.1291
      vertex -15 -17.0576 30.4147
    endloop
  endfacet
  facet normal -1 0 0
    outer loop
      vertex -15 -12.5397 27.9098
      vertex -15 -17.2284 29.852
      vertex -15 -17.1292 30.1291
    endloop
  endfacet
  facet normal -1 0 0
    outer loop
      vertex -15 -12.8785 27.1935
      vertex -15 -17.3542 29.5858
      vertex -15 -17.2284 29.852
    endloop
  endfacet
  facet normal -1 0 0
    outer loop
      vertex -15 -13.2859 26.5138
      vertex -15 -17.5056 29.3333
      vertex -15 -17.3542 29.5858
    endloop
  endfacet
  facet normal -1 0 0
    outer loop
      vertex -15 -18.852 28.2284
      vertex -15 -16.9098 23.5397
      vertex -15 -17.656 23.2727
    endloop
  endfacet
  facet normal -1 0 0
    outer loop
      vertex -15 -13.7579 25.8773
      vertex -15 -17.681 29.0968
      vertex -15 -17.5056 29.3333
    endloop
  endfacet
  facet normal -1 0 0
    outer loop
      vertex -15 -14.2901 25.2901
      vertex -15 -17.8787 28.8787
      vertex -15 -17.681 29.0968
    endloop
  endfacet
  facet normal -1 0 0
    outer loop
      vertex -15 -14.8773 24.7579
      vertex -15 -18.0968 28.681
      vertex -15 -17.8787 28.8787
    endloop
  endfacet
  facet normal -1 0 0
    outer loop
      vertex -15 -15.5138 24.2859
      vertex -15 -18.3333 28.5056
      vertex -15 -18.0968 28.681
    endloop
  endfacet
  facet normal -1 0 0
    outer loop
      vertex -15 -19.1291 28.1292
      vertex -15 -17.656 23.2727
      vertex -15 -18.4246 23.0802
    endloop
  endfacet
  facet normal -1 0 0
    outer loop
      vertex -15 -16.1935 23.8785
      vertex -15 -18.5858 28.3542
      vertex -15 -18.3333 28.5056
    endloop
  endfacet
  facet normal -1 0 0
    outer loop
      vertex -15 -16.9098 23.5397
      vertex -15 -18.852 28.2284
      vertex -15 -18.5858 28.3542
    endloop
  endfacet
  facet normal -1 0 0
    outer loop
      vertex -15 -17.656 23.2727
      vertex -15 -19.1291 28.1292
      vertex -15 -18.852 28.2284
    endloop
  endfacet
  facet normal -1 0 0
    outer loop
      vertex -15 -19.4147 28.0576
      vertex -15 -18.4246 23.0802
      vertex -15 -19.2085 22.9639
    endloop
  endfacet
  facet normal -1 0 0
    outer loop
      vertex -15 -18.4246 23.0802
      vertex -15 -19.4147 28.0576
      vertex -15 -19.1291 28.1292
    endloop
  endfacet
  facet normal -1 0 0
    outer loop
      vertex -15 -19.2085 22.9639
      vertex -15 -19.7059 28.0144
      vertex -15 -19.4147 28.0576
    endloop
  endfacet
  facet normal -1 0 0
    outer loop
      vertex -15 -20 22.925
      vertex -15 -19.7059 28.0144
      vertex -15 -19.2085 22.9639
    endloop
  endfacet
  facet normal -1 0 0
    outer loop
      vertex -15 -20 22.925
      vertex -15 -20 28
      vertex -15 -19.7059 28.0144
    endloop
  endfacet
  facet normal -1 0 0
    outer loop
      vertex -15 -20 22.925
      vertex -15 -20.2941 28.0144
      vertex -15 -20 28
    endloop
  endfacet
  facet normal -1 0 0
    outer loop
      vertex -15 -20.7915 22.9639
      vertex -15 -20.2941 28.0144
      vertex -15 -20 22.925
    endloop
  endfacet
  facet normal -1 -0 0
    outer loop
      vertex -15 -20.2941 28.0144
      vertex -15 -20.7915 22.9639
      vertex -15 -20.5853 28.0576
    endloop
  endfacet
  facet normal -1 0 0
    outer loop
      vertex -15 -21.5754 23.0802
      vertex -15 -20.5853 28.0576
      vertex -15 -20.7915 22.9639
    endloop
  endfacet
  facet normal -1 -0 0
    outer loop
      vertex -15 -20.5853 28.0576
      vertex -15 -21.5754 23.0802
      vertex -15 -20.8709 28.1292
    endloop
  endfacet
  facet normal -1 0 0
    outer loop
      vertex -15 -22.344 23.2727
      vertex -15 -20.8709 28.1292
      vertex -15 -21.5754 23.0802
    endloop
  endfacet
  facet normal -1 -0 0
    outer loop
      vertex -15 -20.8709 28.1292
      vertex -15 -22.344 23.2727
      vertex -15 -21.148 28.2284
    endloop
  endfacet
  facet normal -1 0 0
    outer loop
      vertex -15 -23.0902 23.5397
      vertex -15 -21.148 28.2284
      vertex -15 -22.344 23.2727
    endloop
  endfacet
  facet normal -1 -0 0
    outer loop
      vertex -15 -21.148 28.2284
      vertex -15 -23.0902 23.5397
      vertex -15 -21.4142 28.3542
    endloop
  endfacet
  facet normal -1 0 0
    outer loop
      vertex -15 -23.8065 23.8785
      vertex -15 -21.4142 28.3542
      vertex -15 -23.0902 23.5397
    endloop
  endfacet
  facet normal -1 -0 0
    outer loop
      vertex -15 -21.4142 28.3542
      vertex -15 -23.8065 23.8785
      vertex -15 -21.6667 28.5056
    endloop
  endfacet
  facet normal -1 0 0
    outer loop
      vertex -15 -24.4862 24.2859
      vertex -15 -21.6667 28.5056
      vertex -15 -23.8065 23.8785
    endloop
  endfacet
  facet normal -1 -0 0
    outer loop
      vertex -15 -21.6667 28.5056
      vertex -15 -24.4862 24.2859
      vertex -15 -21.9032 28.681
    endloop
  endfacet
  facet normal -1 0 0
    outer loop
      vertex -15 -25.1227 24.7579
      vertex -15 -21.9032 28.681
      vertex -15 -24.4862 24.2859
    endloop
  endfacet
  facet normal -1 -0 0
    outer loop
      vertex -15 -21.9032 28.681
      vertex -15 -25.1227 24.7579
      vertex -15 -22.1213 28.8787
    endloop
  endfacet
  facet normal -1 0 0
    outer loop
      vertex -15 -25.7099 25.2901
      vertex -15 -22.1213 28.8787
      vertex -15 -25.1227 24.7579
    endloop
  endfacet
  facet normal -1 -0 0
    outer loop
      vertex -15 -22.1213 28.8787
      vertex -15 -25.7099 25.2901
      vertex -15 -22.319 29.0968
    endloop
  endfacet
  facet normal -1 0 0
    outer loop
      vertex -15 -26.2421 25.8773
      vertex -15 -22.319 29.0968
      vertex -15 -25.7099 25.2901
    endloop
  endfacet
  facet normal -1 0 0
    outer loop
      vertex -15 -26.7141 26.5138
      vertex -15 -22.4944 29.3333
      vertex -15 -26.2421 25.8773
    endloop
  endfacet
  facet normal -1 -0 0
    outer loop
      vertex -15 -22.319 29.0968
      vertex -15 -26.2421 25.8773
      vertex -15 -22.4944 29.3333
    endloop
  endfacet
  facet normal -1 -0 0
    outer loop
      vertex -15 -13.2859 35.4862
      vertex -15 -17.5056 32.6667
      vertex -15 -13.7579 36.1227
    endloop
  endfacet
  facet normal -1 0 0
    outer loop
      vertex -15 -17.681 32.9032
      vertex -15 -13.7579 36.1227
      vertex -15 -17.5056 32.6667
    endloop
  endfacet
  facet normal -1 -0 0
    outer loop
      vertex -15 -13.7579 36.1227
      vertex -15 -17.681 32.9032
      vertex -15 -14.2901 36.7099
    endloop
  endfacet
  facet normal -1 0 0
    outer loop
      vertex -15 -17.8787 33.1213
      vertex -15 -14.2901 36.7099
      vertex -15 -17.681 32.9032
    endloop
  endfacet
  facet normal -1 -0 0
    outer loop
      vertex -15 -14.2901 36.7099
      vertex -15 -17.8787 33.1213
      vertex -15 -14.8773 37.2421
    endloop
  endfacet
  facet normal -1 0 0
    outer loop
      vertex -15 -18.0968 33.319
      vertex -15 -14.8773 37.2421
      vertex -15 -17.8787 33.1213
    endloop
  endfacet
  facet normal -1 -0 0
    outer loop
      vertex -15 -14.8773 37.2421
      vertex -15 -18.0968 33.319
      vertex -15 -15.5138 37.7141
    endloop
  endfacet
  facet normal -1 0 0
    outer loop
      vertex -15 -18.3333 33.4944
      vertex -15 -15.5138 37.7141
      vertex -15 -18.0968 33.319
    endloop
  endfacet
  facet normal -1 -0 0
    outer loop
      vertex -15 -15.5138 37.7141
      vertex -15 -18.3333 33.4944
      vertex -15 -16.1935 38.1215
    endloop
  endfacet
  facet normal -1 0 0
    outer loop
      vertex -15 -18.5858 33.6458
      vertex -15 -16.1935 38.1215
      vertex -15 -18.3333 33.4944
    endloop
  endfacet
  facet normal -1 -0 0
    outer loop
      vertex -15 -16.1935 38.1215
      vertex -15 -18.5858 33.6458
      vertex -15 -16.9098 38.4603
    endloop
  endfacet
  facet normal -1 0 0
    outer loop
      vertex -15 -18.852 33.7716
      vertex -15 -16.9098 38.4603
      vertex -15 -18.5858 33.6458
    endloop
  endfacet
  facet normal -1 -0 0
    outer loop
      vertex -15 -16.9098 38.4603
      vertex -15 -18.852 33.7716
      vertex -15 -17.656 38.7273
    endloop
  endfacet
  facet normal -1 0 0
    outer loop
      vertex -15 -19.1291 33.8708
      vertex -15 -17.656 38.7273
      vertex -15 -18.852 33.7716
    endloop
  endfacet
  facet normal -1 -0 0
    outer loop
      vertex -15 -17.656 38.7273
      vertex -15 -19.1291 33.8708
      vertex -15 -18.4246 38.9198
    endloop
  endfacet
  facet normal -1 0 0
    outer loop
      vertex -15 -19.4147 33.9424
      vertex -15 -18.4246 38.9198
      vertex -15 -19.1291 33.8708
    endloop
  endfacet
  facet normal -1 -0 0
    outer loop
      vertex -15 -18.4246 38.9198
      vertex -15 -19.4147 33.9424
      vertex -15 -19.2085 39.0361
    endloop
  endfacet
  facet normal -1 0 0
    outer loop
      vertex -15 -19.7059 33.9856
      vertex -15 -19.2085 39.0361
      vertex -15 -19.4147 33.9424
    endloop
  endfacet
  facet normal -1 0 0
    outer loop
      vertex -15 -20 34
      vertex -15 -19.2085 39.0361
      vertex -15 -19.7059 33.9856
    endloop
  endfacet
  facet normal -1 0 0
    outer loop
      vertex -15 -20 34
      vertex -15 -20 39.075
      vertex -15 -19.2085 39.0361
    endloop
  endfacet
  facet normal -1 0 0
    outer loop
      vertex -15 -20.2941 33.9856
      vertex -15 -20 39.075
      vertex -15 -20 34
    endloop
  endfacet
  facet normal -1 0 0
    outer loop
      vertex -15 -20.7915 39.0361
      vertex -15 -20.2941 33.9856
      vertex -15 -20.5853 33.9424
    endloop
  endfacet
  facet normal -1 0 0
    outer loop
      vertex -15 -20.2941 33.9856
      vertex -15 -20.7915 39.0361
      vertex -15 -20 39.075
    endloop
  endfacet
  facet normal -1 0 0
    outer loop
      vertex -15 -21.5754 38.9198
      vertex -15 -20.5853 33.9424
      vertex -15 -20.8709 33.8708
    endloop
  endfacet
  facet normal -1 0 0
    outer loop
      vertex -15 -22.344 38.7273
      vertex -15 -20.8709 33.8708
      vertex -15 -21.148 33.7716
    endloop
  endfacet
  facet normal -1 0 0
    outer loop
      vertex -15 -23.0902 38.4603
      vertex -15 -21.148 33.7716
      vertex -15 -21.4142 33.6458
    endloop
  endfacet
  facet normal -1 0 0
    outer loop
      vertex -15 -20.5853 33.9424
      vertex -15 -21.5754 38.9198
      vertex -15 -20.7915 39.0361
    endloop
  endfacet
  facet normal -1 0 0
    outer loop
      vertex -15 -23.8065 38.1215
      vertex -15 -21.4142 33.6458
      vertex -15 -21.6667 33.4944
    endloop
  endfacet
  facet normal -1 0 0
    outer loop
      vertex -15 -24.4862 37.7141
      vertex -15 -21.6667 33.4944
      vertex -15 -21.9032 33.319
    endloop
  endfacet
  facet normal -1 0 0
    outer loop
      vertex -15 -25.1227 37.2421
      vertex -15 -21.9032 33.319
      vertex -15 -22.1213 33.1213
    endloop
  endfacet
  facet normal -1 0 0
    outer loop
      vertex -15 -25.7099 36.7099
      vertex -15 -22.1213 33.1213
      vertex -15 -22.319 32.9032
    endloop
  endfacet
  facet normal -1 0 0
    outer loop
      vertex -15 -20.8709 33.8708
      vertex -15 -22.344 38.7273
      vertex -15 -21.5754 38.9198
    endloop
  endfacet
  facet normal -1 0 0
    outer loop
      vertex -15 -26.2421 36.1227
      vertex -15 -22.319 32.9032
      vertex -15 -22.4944 32.6667
    endloop
  endfacet
  facet normal -1 0 0
    outer loop
      vertex -15 -26.7141 35.4862
      vertex -15 -22.4944 32.6667
      vertex -15 -22.6458 32.4142
    endloop
  endfacet
  facet normal -1 0 0
    outer loop
      vertex -15 -27.1215 34.8065
      vertex -15 -22.6458 32.4142
      vertex -15 -22.7716 32.148
    endloop
  endfacet
  facet normal -1 0 0
    outer loop
      vertex -15 -27.4603 34.0902
      vertex -15 -22.7716 32.148
      vertex -15 -22.8708 31.8709
    endloop
  endfacet
  facet normal -1 0 0
    outer loop
      vertex -15 -27.7273 33.344
      vertex -15 -22.8708 31.8709
      vertex -15 -22.9424 31.5853
    endloop
  endfacet
  facet normal -1 0 0
    outer loop
      vertex -15 -27.9198 32.5754
      vertex -15 -22.9424 31.5853
      vertex -15 -22.9856 31.2941
    endloop
  endfacet
  facet normal -1 0 0
    outer loop
      vertex -15 -21.148 33.7716
      vertex -15 -23.0902 38.4603
      vertex -15 -22.344 38.7273
    endloop
  endfacet
  facet normal -1 0 0
    outer loop
      vertex -15 -28.0361 31.7915
      vertex -15 -22.9856 31.2941
      vertex -15 -23 31
    endloop
  endfacet
  facet normal -1 -0 0
    outer loop
      vertex -15 -22.4944 29.3333
      vertex -15 -26.7141 26.5138
      vertex -15 -22.6458 29.5858
    endloop
  endfacet
  facet normal -1 0 0
    outer loop
      vertex -15 -27.1215 27.1935
      vertex -15 -22.6458 29.5858
      vertex -15 -26.7141 26.5138
    endloop
  endfacet
  facet normal -1 0 0
    outer loop
      vertex -15 -21.4142 33.6458
      vertex -15 -23.8065 38.1215
      vertex -15 -23.0902 38.4603
    endloop
  endfacet
  facet normal -1 -0 0
    outer loop
      vertex -15 -22.6458 29.5858
      vertex -15 -27.1215 27.1935
      vertex -15 -22.7716 29.852
    endloop
  endfacet
  facet normal -1 0 0
    outer loop
      vertex -15 -21.6667 33.4944
      vertex -15 -24.4862 37.7141
      vertex -15 -23.8065 38.1215
    endloop
  endfacet
  facet normal -1 0 0
    outer loop
      vertex -15 -27.4603 27.9098
      vertex -15 -22.7716 29.852
      vertex -15 -27.1215 27.1935
    endloop
  endfacet
  facet normal -1 0 0
    outer loop
      vertex -15 -21.9032 33.319
      vertex -15 -25.1227 37.2421
      vertex -15 -24.4862 37.7141
    endloop
  endfacet
  facet normal -1 -0 0
    outer loop
      vertex -15 -22.7716 29.852
      vertex -15 -27.4603 27.9098
      vertex -15 -22.8708 30.1291
    endloop
  endfacet
  facet normal -1 0 0
    outer loop
      vertex -15 -22.1213 33.1213
      vertex -15 -25.7099 36.7099
      vertex -15 -25.1227 37.2421
    endloop
  endfacet
  facet normal -1 0 0
    outer loop
      vertex -15 -27.7273 28.656
      vertex -15 -22.8708 30.1291
      vertex -15 -27.4603 27.9098
    endloop
  endfacet
  facet normal -1 0 0
    outer loop
      vertex -15 -22.319 32.9032
      vertex -15 -26.2421 36.1227
      vertex -15 -25.7099 36.7099
    endloop
  endfacet
  facet normal -1 -0 0
    outer loop
      vertex -15 -22.8708 30.1291
      vertex -15 -27.7273 28.656
      vertex -15 -22.9424 30.4147
    endloop
  endfacet
  facet normal -1 0 0
    outer loop
      vertex -15 -22.4944 32.6667
      vertex -15 -26.7141 35.4862
      vertex -15 -26.2421 36.1227
    endloop
  endfacet
  facet normal -1 0 0
    outer loop
      vertex -15 -27.9198 29.4246
      vertex -15 -22.9424 30.4147
      vertex -15 -27.7273 28.656
    endloop
  endfacet
  facet normal -1 0 0
    outer loop
      vertex -15 -22.6458 32.4142
      vertex -15 -27.1215 34.8065
      vertex -15 -26.7141 35.4862
    endloop
  endfacet
  facet normal -1 -0 0
    outer loop
      vertex -15 -22.9424 30.4147
      vertex -15 -27.9198 29.4246
      vertex -15 -22.9856 30.7059
    endloop
  endfacet
  facet normal -1 0 0
    outer loop
      vertex -15 -22.7716 32.148
      vertex -15 -27.4603 34.0902
      vertex -15 -27.1215 34.8065
    endloop
  endfacet
  facet normal -1 0 0
    outer loop
      vertex -15 -28.0361 30.2085
      vertex -15 -22.9856 30.7059
      vertex -15 -27.9198 29.4246
    endloop
  endfacet
  facet normal -1 0 0
    outer loop
      vertex -15 -22.8708 31.8709
      vertex -15 -27.7273 33.344
      vertex -15 -27.4603 34.0902
    endloop
  endfacet
  facet normal -1 -0 0
    outer loop
      vertex -15 -22.9856 30.7059
      vertex -15 -28.0361 30.2085
      vertex -15 -23 31
    endloop
  endfacet
  facet normal -1 0 0
    outer loop
      vertex -15 -22.9424 31.5853
      vertex -15 -27.9198 32.5754
      vertex -15 -27.7273 33.344
    endloop
  endfacet
  facet normal -1 0 0
    outer loop
      vertex -15 -28.075 31
      vertex -15 -23 31
      vertex -15 -28.0361 30.2085
    endloop
  endfacet
  facet normal -1 0 0
    outer loop
      vertex -15 -22.9856 31.2941
      vertex -15 -28.0361 31.7915
      vertex -15 -27.9198 32.5754
    endloop
  endfacet
  facet normal -1 0 0
    outer loop
      vertex -15 -23 31
      vertex -15 -28.075 31
      vertex -15 -28.0361 31.7915
    endloop
  endfacet
  facet normal -0 0.671554 0.740956
    outer loop
      vertex -20 -25.1227 24.7579
      vertex -15 -25.7099 25.2901
      vertex -15 -25.1227 24.7579
    endloop
  endfacet
  facet normal 0 0.671554 0.740956
    outer loop
      vertex -15 -25.7099 25.2901
      vertex -20 -25.1227 24.7579
      vertex -20 -25.7099 25.2901
    endloop
  endfacet
  facet normal 0 0.903982 -0.427571
    outer loop
      vertex -15 -27.4603 34.0902
      vertex -20 -27.1215 34.8065
      vertex -15 -27.1215 34.8065
    endloop
  endfacet
  facet normal 0 0.903982 -0.427571
    outer loop
      vertex -20 -27.1215 34.8065
      vertex -15 -27.4603 34.0902
      vertex -20 -27.4603 34.0902
    endloop
  endfacet
  facet normal 0 -0.740956 0.671554
    outer loop
      vertex 15 -14.2901 25.2901
      vertex 20 -13.7579 25.8773
      vertex 15 -13.7579 25.8773
    endloop
  endfacet
  facet normal 0 -0.740956 0.671554
    outer loop
      vertex 20 -13.7579 25.8773
      vertex 15 -14.2901 25.2901
      vertex 20 -14.2901 25.2901
    endloop
  endfacet
  facet normal 0 0.903982 -0.427571
    outer loop
      vertex 20 -27.4603 34.0902
      vertex 15 -27.1215 34.8065
      vertex 20 -27.1215 34.8065
    endloop
  endfacet
  facet normal 0 0.903982 -0.427571
    outer loop
      vertex 15 -27.1215 34.8065
      vertex 20 -27.4603 34.0902
      vertex 15 -27.4603 34.0902
    endloop
  endfacet
  facet normal -0 0.514106 0.857727
    outer loop
      vertex 15 -23.8065 23.8785
      vertex 20 -24.4862 24.2859
      vertex 20 -23.8065 23.8785
    endloop
  endfacet
  facet normal 0 0.514106 0.857727
    outer loop
      vertex 20 -24.4862 24.2859
      vertex 15 -23.8065 23.8785
      vertex 15 -24.4862 24.2859
    endloop
  endfacet
  facet normal 0 -0.146754 -0.989173
    outer loop
      vertex 15 -19.2085 39.0361
      vertex 20 -18.4246 38.9198
      vertex 20 -19.2085 39.0361
    endloop
  endfacet
  facet normal -0 -0.146754 -0.989173
    outer loop
      vertex 20 -18.4246 38.9198
      vertex 15 -19.2085 39.0361
      vertex 15 -18.4246 38.9198
    endloop
  endfacet
  facet normal 0 -0.514106 0.857727
    outer loop
      vertex 15 -15.5138 24.2859
      vertex 20 -16.1935 23.8785
      vertex 20 -15.5138 24.2859
    endloop
  endfacet
  facet normal 0 -0.514106 0.857727
    outer loop
      vertex 20 -16.1935 23.8785
      vertex 15 -15.5138 24.2859
      vertex 15 -16.1935 23.8785
    endloop
  endfacet
  facet normal 0 0.970038 0.242951
    outer loop
      vertex 20 -27.7273 28.656
      vertex 15 -27.9198 29.4246
      vertex 20 -27.9198 29.4246
    endloop
  endfacet
  facet normal 0 0.970038 0.242951
    outer loop
      vertex 15 -27.9198 29.4246
      vertex 20 -27.7273 28.656
      vertex 15 -27.7273 28.656
    endloop
  endfacet
  facet normal 0 0.903982 0.427571
    outer loop
      vertex 20 -27.1215 27.1935
      vertex 15 -27.4603 27.9098
      vertex 20 -27.4603 27.9098
    endloop
  endfacet
  facet normal 0 0.903982 0.427571
    outer loop
      vertex 15 -27.4603 27.9098
      vertex 20 -27.1215 27.1935
      vertex 15 -27.1215 27.1935
    endloop
  endfacet
  facet normal 0 0.336896 -0.941542
    outer loop
      vertex 15 -23.0902 38.4603
      vertex 20 -22.344 38.7273
      vertex 20 -23.0902 38.4603
    endloop
  endfacet
  facet normal 0 0.336896 -0.941542
    outer loop
      vertex 20 -22.344 38.7273
      vertex 15 -23.0902 38.4603
      vertex 15 -22.344 38.7273
    endloop
  endfacet
  facet normal 0 -0.857727 0.514106
    outer loop
      vertex 15 -13.2859 26.5138
      vertex 20 -12.8785 27.1935
      vertex 15 -12.8785 27.1935
    endloop
  endfacet
  facet normal 0 -0.857727 0.514106
    outer loop
      vertex 20 -12.8785 27.1935
      vertex 15 -13.2859 26.5138
      vertex 20 -13.2859 26.5138
    endloop
  endfacet
  facet normal 0 0.427571 -0.903982
    outer loop
      vertex 15 -23.8065 38.1215
      vertex 20 -23.0902 38.4603
      vertex 20 -23.8065 38.1215
    endloop
  endfacet
  facet normal 0 0.427571 -0.903982
    outer loop
      vertex 20 -23.0902 38.4603
      vertex 15 -23.8065 38.1215
      vertex 15 -23.0902 38.4603
    endloop
  endfacet
  facet normal 0 0.941542 -0.336896
    outer loop
      vertex 20 -27.7273 33.344
      vertex 15 -27.4603 34.0902
      vertex 20 -27.4603 34.0902
    endloop
  endfacet
  facet normal 0 0.941542 -0.336896
    outer loop
      vertex 15 -27.4603 34.0902
      vertex 20 -27.7273 33.344
      vertex 15 -27.7273 33.344
    endloop
  endfacet
  facet normal 0 0.989173 0.146754
    outer loop
      vertex 20 -27.9198 29.4246
      vertex 15 -28.0361 30.2085
      vertex 20 -28.0361 30.2085
    endloop
  endfacet
  facet normal 0 0.989173 0.146754
    outer loop
      vertex 15 -28.0361 30.2085
      vertex 20 -27.9198 29.4246
      vertex 15 -27.9198 29.4246
    endloop
  endfacet
  facet normal 0 0.740956 -0.671554
    outer loop
      vertex 20 -26.2421 36.1227
      vertex 15 -25.7099 36.7099
      vertex 20 -25.7099 36.7099
    endloop
  endfacet
  facet normal 0 0.740956 -0.671554
    outer loop
      vertex 15 -25.7099 36.7099
      vertex 20 -26.2421 36.1227
      vertex 15 -26.2421 36.1227
    endloop
  endfacet
  facet normal 0 -0.59565 -0.803244
    outer loop
      vertex 15 -15.5138 37.7141
      vertex 20 -14.8773 37.2421
      vertex 20 -15.5138 37.7141
    endloop
  endfacet
  facet normal -0 -0.59565 -0.803244
    outer loop
      vertex 20 -14.8773 37.2421
      vertex 15 -15.5138 37.7141
      vertex 15 -14.8773 37.2421
    endloop
  endfacet
  facet normal 0 -0.146754 0.989173
    outer loop
      vertex 15 -18.4246 23.0802
      vertex 20 -19.2085 22.9639
      vertex 20 -18.4246 23.0802
    endloop
  endfacet
  facet normal 0 -0.146754 0.989173
    outer loop
      vertex 20 -19.2085 22.9639
      vertex 15 -18.4246 23.0802
      vertex 15 -19.2085 22.9639
    endloop
  endfacet
  facet normal 0 0.0490879 -0.998794
    outer loop
      vertex 15 -20.7915 39.0361
      vertex 20 -20 39.075
      vertex 20 -20.7915 39.0361
    endloop
  endfacet
  facet normal 0 0.0490879 -0.998794
    outer loop
      vertex 20 -20 39.075
      vertex 15 -20.7915 39.0361
      vertex 15 -20 39.075
    endloop
  endfacet
  facet normal 0 -0.941542 -0.336896
    outer loop
      vertex 15 -12.2727 33.344
      vertex 20 -12.5397 34.0902
      vertex 15 -12.5397 34.0902
    endloop
  endfacet
  facet normal 0 -0.941542 -0.336896
    outer loop
      vertex 20 -12.5397 34.0902
      vertex 15 -12.2727 33.344
      vertex 20 -12.2727 33.344
    endloop
  endfacet
  facet normal 0 -0.0490879 0.998794
    outer loop
      vertex 15 -19.2085 22.9639
      vertex 20 -20 22.925
      vertex 20 -19.2085 22.9639
    endloop
  endfacet
  facet normal 0 -0.0490879 0.998794
    outer loop
      vertex 20 -20 22.925
      vertex 15 -19.2085 22.9639
      vertex 15 -20 22.925
    endloop
  endfacet
  facet normal -0 0.59565 0.803244
    outer loop
      vertex 15 -24.4862 24.2859
      vertex 20 -25.1227 24.7579
      vertex 20 -24.4862 24.2859
    endloop
  endfacet
  facet normal 0 0.59565 0.803244
    outer loop
      vertex 20 -25.1227 24.7579
      vertex 15 -24.4862 24.2859
      vertex 15 -25.1227 24.7579
    endloop
  endfacet
  facet normal 0 -0.989173 -0.146754
    outer loop
      vertex 15 -11.9639 31.7915
      vertex 20 -12.0802 32.5754
      vertex 15 -12.0802 32.5754
    endloop
  endfacet
  facet normal 0 -0.989173 -0.146754
    outer loop
      vertex 20 -12.0802 32.5754
      vertex 15 -11.9639 31.7915
      vertex 20 -11.9639 31.7915
    endloop
  endfacet
  facet normal 0 -0.803244 0.59565
    outer loop
      vertex 15 -13.7579 25.8773
      vertex 20 -13.2859 26.5138
      vertex 15 -13.2859 26.5138
    endloop
  endfacet
  facet normal 0 -0.803244 0.59565
    outer loop
      vertex 20 -13.2859 26.5138
      vertex 15 -13.7579 25.8773
      vertex 20 -13.7579 25.8773
    endloop
  endfacet
  facet normal 0 0.970038 -0.242951
    outer loop
      vertex 20 -27.9198 32.5754
      vertex 15 -27.7273 33.344
      vertex 20 -27.7273 33.344
    endloop
  endfacet
  facet normal 0 0.970038 -0.242951
    outer loop
      vertex 15 -27.7273 33.344
      vertex 20 -27.9198 32.5754
      vertex 15 -27.9198 32.5754
    endloop
  endfacet
  facet normal -0 0.0490879 0.998794
    outer loop
      vertex 15 -20 22.925
      vertex 20 -20.7915 22.9639
      vertex 20 -20 22.925
    endloop
  endfacet
  facet normal 0 0.0490879 0.998794
    outer loop
      vertex 20 -20.7915 22.9639
      vertex 15 -20 22.925
      vertex 15 -20.7915 22.9639
    endloop
  endfacet
  facet normal 0 0.998794 -0.0490879
    outer loop
      vertex 20 -28.075 31
      vertex 15 -28.0361 31.7915
      vertex 20 -28.0361 31.7915
    endloop
  endfacet
  facet normal 0 0.998794 -0.0490879
    outer loop
      vertex 15 -28.0361 31.7915
      vertex 20 -28.075 31
      vertex 15 -28.075 31
    endloop
  endfacet
  facet normal 0 0.242951 -0.970038
    outer loop
      vertex 15 -22.344 38.7273
      vertex 20 -21.5754 38.9198
      vertex 20 -22.344 38.7273
    endloop
  endfacet
  facet normal 0 0.242951 -0.970038
    outer loop
      vertex 20 -21.5754 38.9198
      vertex 15 -22.344 38.7273
      vertex 15 -21.5754 38.9198
    endloop
  endfacet
  facet normal 0 -0.242951 0.970038
    outer loop
      vertex 15 -17.656 23.2727
      vertex 20 -18.4246 23.0802
      vertex 20 -17.656 23.2727
    endloop
  endfacet
  facet normal 0 -0.242951 0.970038
    outer loop
      vertex 20 -18.4246 23.0802
      vertex 15 -17.656 23.2727
      vertex 15 -18.4246 23.0802
    endloop
  endfacet
  facet normal 0 -0.903982 0.427571
    outer loop
      vertex 15 -12.8785 27.1935
      vertex 20 -12.5397 27.9098
      vertex 15 -12.5397 27.9098
    endloop
  endfacet
  facet normal 0 -0.903982 0.427571
    outer loop
      vertex 20 -12.5397 27.9098
      vertex 15 -12.8785 27.1935
      vertex 20 -12.8785 27.1935
    endloop
  endfacet
  facet normal 0 -0.740956 -0.671554
    outer loop
      vertex 15 -13.7579 36.1227
      vertex 20 -14.2901 36.7099
      vertex 15 -14.2901 36.7099
    endloop
  endfacet
  facet normal 0 -0.740956 -0.671554
    outer loop
      vertex 20 -14.2901 36.7099
      vertex 15 -13.7579 36.1227
      vertex 20 -13.7579 36.1227
    endloop
  endfacet
  facet normal 0 -0.671554 -0.740956
    outer loop
      vertex 15 -14.8773 37.2421
      vertex 20 -14.2901 36.7099
      vertex 20 -14.8773 37.2421
    endloop
  endfacet
  facet normal -0 -0.671554 -0.740956
    outer loop
      vertex 20 -14.2901 36.7099
      vertex 15 -14.8773 37.2421
      vertex 15 -14.2901 36.7099
    endloop
  endfacet
  facet normal 0 -0.0490879 -0.998794
    outer loop
      vertex 15 -20 39.075
      vertex 20 -19.2085 39.0361
      vertex 20 -20 39.075
    endloop
  endfacet
  facet normal -0 -0.0490879 -0.998794
    outer loop
      vertex 20 -19.2085 39.0361
      vertex 15 -20 39.075
      vertex 15 -19.2085 39.0361
    endloop
  endfacet
  facet normal 0 -0.998794 0.0490879
    outer loop
      vertex 15 -11.9639 30.2085
      vertex 20 -11.925 31
      vertex 15 -11.925 31
    endloop
  endfacet
  facet normal 0 -0.998794 0.0490879
    outer loop
      vertex 20 -11.925 31
      vertex 15 -11.9639 30.2085
      vertex 20 -11.9639 30.2085
    endloop
  endfacet
  facet normal 0 -0.427571 0.903982
    outer loop
      vertex 15 -16.1935 23.8785
      vertex 20 -16.9098 23.5397
      vertex 20 -16.1935 23.8785
    endloop
  endfacet
  facet normal 0 -0.427571 0.903982
    outer loop
      vertex 20 -16.9098 23.5397
      vertex 15 -16.1935 23.8785
      vertex 15 -16.9098 23.5397
    endloop
  endfacet
  facet normal 0 0.941542 0.336896
    outer loop
      vertex 20 -27.4603 27.9098
      vertex 15 -27.7273 28.656
      vertex 20 -27.7273 28.656
    endloop
  endfacet
  facet normal 0 0.941542 0.336896
    outer loop
      vertex 15 -27.7273 28.656
      vertex 20 -27.4603 27.9098
      vertex 15 -27.4603 27.9098
    endloop
  endfacet
  facet normal 0 -0.970038 -0.242951
    outer loop
      vertex 15 -12.0802 32.5754
      vertex 20 -12.2727 33.344
      vertex 15 -12.2727 33.344
    endloop
  endfacet
  facet normal 0 -0.970038 -0.242951
    outer loop
      vertex 20 -12.2727 33.344
      vertex 15 -12.0802 32.5754
      vertex 20 -12.0802 32.5754
    endloop
  endfacet
  facet normal -0 0.146754 0.989173
    outer loop
      vertex 15 -20.7915 22.9639
      vertex 20 -21.5754 23.0802
      vertex 20 -20.7915 22.9639
    endloop
  endfacet
  facet normal 0 0.146754 0.989173
    outer loop
      vertex 20 -21.5754 23.0802
      vertex 15 -20.7915 22.9639
      vertex 15 -21.5754 23.0802
    endloop
  endfacet
  facet normal -0 0.242951 0.970038
    outer loop
      vertex 15 -21.5754 23.0802
      vertex 20 -22.344 23.2727
      vertex 20 -21.5754 23.0802
    endloop
  endfacet
  facet normal 0 0.242951 0.970038
    outer loop
      vertex 20 -22.344 23.2727
      vertex 15 -21.5754 23.0802
      vertex 15 -22.344 23.2727
    endloop
  endfacet
  facet normal -0 0.336896 0.941542
    outer loop
      vertex 15 -22.344 23.2727
      vertex 20 -23.0902 23.5397
      vertex 20 -22.344 23.2727
    endloop
  endfacet
  facet normal 0 0.336896 0.941542
    outer loop
      vertex 20 -23.0902 23.5397
      vertex 15 -22.344 23.2727
      vertex 15 -23.0902 23.5397
    endloop
  endfacet
  facet normal 0 -0.998794 -0.0490879
    outer loop
      vertex 15 -11.925 31
      vertex 20 -11.9639 31.7915
      vertex 15 -11.9639 31.7915
    endloop
  endfacet
  facet normal 0 -0.998794 -0.0490879
    outer loop
      vertex 20 -11.9639 31.7915
      vertex 15 -11.925 31
      vertex 20 -11.925 31
    endloop
  endfacet
  facet normal 0 -0.671554 0.740956
    outer loop
      vertex 15 -14.2901 25.2901
      vertex 20 -14.8773 24.7579
      vertex 20 -14.2901 25.2901
    endloop
  endfacet
  facet normal 0 -0.671554 0.740956
    outer loop
      vertex 20 -14.8773 24.7579
      vertex 15 -14.2901 25.2901
      vertex 15 -14.8773 24.7579
    endloop
  endfacet
  facet normal 0 -0.803244 -0.59565
    outer loop
      vertex 15 -13.2859 35.4862
      vertex 20 -13.7579 36.1227
      vertex 15 -13.7579 36.1227
    endloop
  endfacet
  facet normal 0 -0.803244 -0.59565
    outer loop
      vertex 20 -13.7579 36.1227
      vertex 15 -13.2859 35.4862
      vertex 20 -13.2859 35.4862
    endloop
  endfacet
  facet normal 0 0.989173 -0.146754
    outer loop
      vertex 20 -28.0361 31.7915
      vertex 15 -27.9198 32.5754
      vertex 20 -27.9198 32.5754
    endloop
  endfacet
  facet normal 0 0.989173 -0.146754
    outer loop
      vertex 15 -27.9198 32.5754
      vertex 20 -28.0361 31.7915
      vertex 15 -28.0361 31.7915
    endloop
  endfacet
  facet normal 0 -0.941542 0.336896
    outer loop
      vertex 15 -12.5397 27.9098
      vertex 20 -12.2727 28.656
      vertex 15 -12.2727 28.656
    endloop
  endfacet
  facet normal 0 -0.941542 0.336896
    outer loop
      vertex 20 -12.2727 28.656
      vertex 15 -12.5397 27.9098
      vertex 20 -12.5397 27.9098
    endloop
  endfacet
  facet normal 0 -0.336896 -0.941542
    outer loop
      vertex 15 -17.656 38.7273
      vertex 20 -16.9098 38.4603
      vertex 20 -17.656 38.7273
    endloop
  endfacet
  facet normal -0 -0.336896 -0.941542
    outer loop
      vertex 20 -16.9098 38.4603
      vertex 15 -17.656 38.7273
      vertex 15 -16.9098 38.4603
    endloop
  endfacet
  facet normal 0 0.857727 0.514106
    outer loop
      vertex 20 -26.7141 26.5138
      vertex 15 -27.1215 27.1935
      vertex 20 -27.1215 27.1935
    endloop
  endfacet
  facet normal 0 0.857727 0.514106
    outer loop
      vertex 15 -27.1215 27.1935
      vertex 20 -26.7141 26.5138
      vertex 15 -26.7141 26.5138
    endloop
  endfacet
  facet normal 0 -0.336896 0.941542
    outer loop
      vertex 15 -16.9098 23.5397
      vertex 20 -17.656 23.2727
      vertex 20 -16.9098 23.5397
    endloop
  endfacet
  facet normal 0 -0.336896 0.941542
    outer loop
      vertex 20 -17.656 23.2727
      vertex 15 -16.9098 23.5397
      vertex 15 -17.656 23.2727
    endloop
  endfacet
  facet normal -0 0.427571 0.903982
    outer loop
      vertex 15 -23.0902 23.5397
      vertex 20 -23.8065 23.8785
      vertex 20 -23.0902 23.5397
    endloop
  endfacet
  facet normal 0 0.427571 0.903982
    outer loop
      vertex 20 -23.8065 23.8785
      vertex 15 -23.0902 23.5397
      vertex 15 -23.8065 23.8785
    endloop
  endfacet
  facet normal 0 0.740956 0.671554
    outer loop
      vertex 20 -25.7099 25.2901
      vertex 15 -26.2421 25.8773
      vertex 20 -26.2421 25.8773
    endloop
  endfacet
  facet normal 0 0.740956 0.671554
    outer loop
      vertex 15 -26.2421 25.8773
      vertex 20 -25.7099 25.2901
      vertex 15 -25.7099 25.2901
    endloop
  endfacet
  facet normal 0 -0.59565 0.803244
    outer loop
      vertex 15 -14.8773 24.7579
      vertex 20 -15.5138 24.2859
      vertex 20 -14.8773 24.7579
    endloop
  endfacet
  facet normal 0 -0.59565 0.803244
    outer loop
      vertex 20 -15.5138 24.2859
      vertex 15 -14.8773 24.7579
      vertex 15 -15.5138 24.2859
    endloop
  endfacet
  facet normal 0 0.998794 0.0490879
    outer loop
      vertex 20 -28.0361 30.2085
      vertex 15 -28.075 31
      vertex 20 -28.075 31
    endloop
  endfacet
  facet normal 0 0.998794 0.0490879
    outer loop
      vertex 15 -28.075 31
      vertex 20 -28.0361 30.2085
      vertex 15 -28.0361 30.2085
    endloop
  endfacet
  facet normal 0 -0.242951 -0.970038
    outer loop
      vertex 15 -18.4246 38.9198
      vertex 20 -17.656 38.7273
      vertex 20 -18.4246 38.9198
    endloop
  endfacet
  facet normal -0 -0.242951 -0.970038
    outer loop
      vertex 20 -17.656 38.7273
      vertex 15 -18.4246 38.9198
      vertex 15 -17.656 38.7273
    endloop
  endfacet
  facet normal 0 0.803244 -0.59565
    outer loop
      vertex 20 -26.7141 35.4862
      vertex 15 -26.2421 36.1227
      vertex 20 -26.2421 36.1227
    endloop
  endfacet
  facet normal 0 0.803244 -0.59565
    outer loop
      vertex 15 -26.2421 36.1227
      vertex 20 -26.7141 35.4862
      vertex 15 -26.7141 35.4862
    endloop
  endfacet
  facet normal 0 -0.903982 -0.427571
    outer loop
      vertex 15 -12.5397 34.0902
      vertex 20 -12.8785 34.8065
      vertex 15 -12.8785 34.8065
    endloop
  endfacet
  facet normal 0 -0.903982 -0.427571
    outer loop
      vertex 20 -12.8785 34.8065
      vertex 15 -12.5397 34.0902
      vertex 20 -12.5397 34.0902
    endloop
  endfacet
  facet normal 0 -0.970038 0.242951
    outer loop
      vertex 15 -12.2727 28.656
      vertex 20 -12.0802 29.4246
      vertex 15 -12.0802 29.4246
    endloop
  endfacet
  facet normal 0 -0.970038 0.242951
    outer loop
      vertex 20 -12.0802 29.4246
      vertex 15 -12.2727 28.656
      vertex 20 -12.2727 28.656
    endloop
  endfacet
  facet normal 0 -0.989173 0.146754
    outer loop
      vertex 15 -12.0802 29.4246
      vertex 20 -11.9639 30.2085
      vertex 15 -11.9639 30.2085
    endloop
  endfacet
  facet normal 0 -0.989173 0.146754
    outer loop
      vertex 20 -11.9639 30.2085
      vertex 15 -12.0802 29.4246
      vertex 20 -12.0802 29.4246
    endloop
  endfacet
  facet normal 0 0.59565 -0.803244
    outer loop
      vertex 15 -25.1227 37.2421
      vertex 20 -24.4862 37.7141
      vertex 20 -25.1227 37.2421
    endloop
  endfacet
  facet normal 0 0.59565 -0.803244
    outer loop
      vertex 20 -24.4862 37.7141
      vertex 15 -25.1227 37.2421
      vertex 15 -24.4862 37.7141
    endloop
  endfacet
  facet normal 0 0.803244 0.59565
    outer loop
      vertex 20 -26.2421 25.8773
      vertex 15 -26.7141 26.5138
      vertex 20 -26.7141 26.5138
    endloop
  endfacet
  facet normal 0 0.803244 0.59565
    outer loop
      vertex 15 -26.7141 26.5138
      vertex 20 -26.2421 25.8773
      vertex 15 -26.2421 25.8773
    endloop
  endfacet
  facet normal -0 0.671554 0.740956
    outer loop
      vertex 15 -25.1227 24.7579
      vertex 20 -25.7099 25.2901
      vertex 20 -25.1227 24.7579
    endloop
  endfacet
  facet normal 0 0.671554 0.740956
    outer loop
      vertex 20 -25.7099 25.2901
      vertex 15 -25.1227 24.7579
      vertex 15 -25.7099 25.2901
    endloop
  endfacet
  facet normal 0 -0.857727 -0.514106
    outer loop
      vertex 15 -12.8785 34.8065
      vertex 20 -13.2859 35.4862
      vertex 15 -13.2859 35.4862
    endloop
  endfacet
  facet normal 0 -0.857727 -0.514106
    outer loop
      vertex 20 -13.2859 35.4862
      vertex 15 -12.8785 34.8065
      vertex 20 -12.8785 34.8065
    endloop
  endfacet
  facet normal 0 -0.427571 -0.903982
    outer loop
      vertex 15 -16.9098 38.4603
      vertex 20 -16.1935 38.1215
      vertex 20 -16.9098 38.4603
    endloop
  endfacet
  facet normal -0 -0.427571 -0.903982
    outer loop
      vertex 20 -16.1935 38.1215
      vertex 15 -16.9098 38.4603
      vertex 15 -16.1935 38.1215
    endloop
  endfacet
  facet normal 0 0.671554 -0.740956
    outer loop
      vertex 15 -25.7099 36.7099
      vertex 20 -25.1227 37.2421
      vertex 20 -25.7099 36.7099
    endloop
  endfacet
  facet normal 0 0.671554 -0.740956
    outer loop
      vertex 20 -25.1227 37.2421
      vertex 15 -25.7099 36.7099
      vertex 15 -25.1227 37.2421
    endloop
  endfacet
  facet normal 0 0.514106 -0.857727
    outer loop
      vertex 15 -24.4862 37.7141
      vertex 20 -23.8065 38.1215
      vertex 20 -24.4862 37.7141
    endloop
  endfacet
  facet normal 0 0.514106 -0.857727
    outer loop
      vertex 20 -23.8065 38.1215
      vertex 15 -24.4862 37.7141
      vertex 15 -23.8065 38.1215
    endloop
  endfacet
  facet normal 0 0.146754 -0.989173
    outer loop
      vertex 15 -21.5754 38.9198
      vertex 20 -20.7915 39.0361
      vertex 20 -21.5754 38.9198
    endloop
  endfacet
  facet normal 0 0.146754 -0.989173
    outer loop
      vertex 20 -20.7915 39.0361
      vertex 15 -21.5754 38.9198
      vertex 15 -20.7915 39.0361
    endloop
  endfacet
  facet normal 0 -0.514106 -0.857727
    outer loop
      vertex 15 -16.1935 38.1215
      vertex 20 -15.5138 37.7141
      vertex 20 -16.1935 38.1215
    endloop
  endfacet
  facet normal -0 -0.514106 -0.857727
    outer loop
      vertex 20 -15.5138 37.7141
      vertex 15 -16.1935 38.1215
      vertex 15 -15.5138 37.7141
    endloop
  endfacet
  facet normal 1 0 0
    outer loop
      vertex 15 -17 31
      vertex 15 -11.925 31
      vertex 15 -11.9639 31.7915
    endloop
  endfacet
  facet normal 1 0 0
    outer loop
      vertex 15 -17.0144 31.2941
      vertex 15 -11.9639 31.7915
      vertex 15 -12.0802 32.5754
    endloop
  endfacet
  facet normal 1 0 0
    outer loop
      vertex 15 -11.925 31
      vertex 15 -17 31
      vertex 15 -11.9639 30.2085
    endloop
  endfacet
  facet normal 1 0 0
    outer loop
      vertex 15 -17.0576 31.5853
      vertex 15 -12.0802 32.5754
      vertex 15 -12.2727 33.344
    endloop
  endfacet
  facet normal 1 -0 0
    outer loop
      vertex 15 -17.0144 30.7059
      vertex 15 -11.9639 30.2085
      vertex 15 -17 31
    endloop
  endfacet
  facet normal 1 0 0
    outer loop
      vertex 15 -17.1292 31.8709
      vertex 15 -12.2727 33.344
      vertex 15 -12.5397 34.0902
    endloop
  endfacet
  facet normal 1 0 0
    outer loop
      vertex 15 -11.9639 30.2085
      vertex 15 -17.0144 30.7059
      vertex 15 -12.0802 29.4246
    endloop
  endfacet
  facet normal 1 0 0
    outer loop
      vertex 15 -17.2284 32.148
      vertex 15 -12.5397 34.0902
      vertex 15 -12.8785 34.8065
    endloop
  endfacet
  facet normal 1 -0 0
    outer loop
      vertex 15 -17.0576 30.4147
      vertex 15 -12.0802 29.4246
      vertex 15 -17.0144 30.7059
    endloop
  endfacet
  facet normal 1 0 0
    outer loop
      vertex 15 -17.3542 32.4142
      vertex 15 -12.8785 34.8065
      vertex 15 -13.2859 35.4862
    endloop
  endfacet
  facet normal 1 0 0
    outer loop
      vertex 15 -12.0802 29.4246
      vertex 15 -17.0576 30.4147
      vertex 15 -12.2727 28.656
    endloop
  endfacet
  facet normal 1 0 0
    outer loop
      vertex 15 -17.5056 32.6667
      vertex 15 -13.2859 35.4862
      vertex 15 -13.7579 36.1227
    endloop
  endfacet
  facet normal 1 -0 0
    outer loop
      vertex 15 -17.1292 30.1291
      vertex 15 -12.2727 28.656
      vertex 15 -17.0576 30.4147
    endloop
  endfacet
  facet normal 1 0 0
    outer loop
      vertex 15 -17.681 32.9032
      vertex 15 -13.7579 36.1227
      vertex 15 -14.2901 36.7099
    endloop
  endfacet
  facet normal 1 0 0
    outer loop
      vertex 15 -12.2727 28.656
      vertex 15 -17.1292 30.1291
      vertex 15 -12.5397 27.9098
    endloop
  endfacet
  facet normal 1 0 0
    outer loop
      vertex 15 -17.8787 33.1213
      vertex 15 -14.2901 36.7099
      vertex 15 -14.8773 37.2421
    endloop
  endfacet
  facet normal 1 -0 0
    outer loop
      vertex 15 -17.2284 29.852
      vertex 15 -12.5397 27.9098
      vertex 15 -17.1292 30.1291
    endloop
  endfacet
  facet normal 1 0 0
    outer loop
      vertex 15 -18.0968 33.319
      vertex 15 -14.8773 37.2421
      vertex 15 -15.5138 37.7141
    endloop
  endfacet
  facet normal 1 0 0
    outer loop
      vertex 15 -12.5397 27.9098
      vertex 15 -17.2284 29.852
      vertex 15 -12.8785 27.1935
    endloop
  endfacet
  facet normal 1 0 0
    outer loop
      vertex 15 -18.3333 33.4944
      vertex 15 -15.5138 37.7141
      vertex 15 -16.1935 38.1215
    endloop
  endfacet
  facet normal 1 -0 0
    outer loop
      vertex 15 -17.3542 29.5858
      vertex 15 -12.8785 27.1935
      vertex 15 -17.2284 29.852
    endloop
  endfacet
  facet normal 1 0 0
    outer loop
      vertex 15 -18.5858 33.6458
      vertex 15 -16.1935 38.1215
      vertex 15 -16.9098 38.4603
    endloop
  endfacet
  facet normal 1 0 0
    outer loop
      vertex 15 -12.8785 27.1935
      vertex 15 -17.3542 29.5858
      vertex 15 -13.2859 26.5138
    endloop
  endfacet
  facet normal 1 -0 0
    outer loop
      vertex 15 -17.5056 29.3333
      vertex 15 -13.2859 26.5138
      vertex 15 -17.3542 29.5858
    endloop
  endfacet
  facet normal 1 0 0
    outer loop
      vertex 15 -11.9639 31.7915
      vertex 15 -17.0144 31.2941
      vertex 15 -17 31
    endloop
  endfacet
  facet normal 1 0 0
    outer loop
      vertex 15 -12.0802 32.5754
      vertex 15 -17.0576 31.5853
      vertex 15 -17.0144 31.2941
    endloop
  endfacet
  facet normal 1 0 0
    outer loop
      vertex 15 -12.2727 33.344
      vertex 15 -17.1292 31.8709
      vertex 15 -17.0576 31.5853
    endloop
  endfacet
  facet normal 1 0 0
    outer loop
      vertex 15 -12.5397 34.0902
      vertex 15 -17.2284 32.148
      vertex 15 -17.1292 31.8709
    endloop
  endfacet
  facet normal 1 0 0
    outer loop
      vertex 15 -12.8785 34.8065
      vertex 15 -17.3542 32.4142
      vertex 15 -17.2284 32.148
    endloop
  endfacet
  facet normal 1 0 0
    outer loop
      vertex 15 -13.2859 35.4862
      vertex 15 -17.5056 32.6667
      vertex 15 -17.3542 32.4142
    endloop
  endfacet
  facet normal 1 0 0
    outer loop
      vertex 15 -18.852 33.7716
      vertex 15 -16.9098 38.4603
      vertex 15 -17.656 38.7273
    endloop
  endfacet
  facet normal 1 0 0
    outer loop
      vertex 15 -13.7579 36.1227
      vertex 15 -17.681 32.9032
      vertex 15 -17.5056 32.6667
    endloop
  endfacet
  facet normal 1 0 0
    outer loop
      vertex 15 -14.2901 36.7099
      vertex 15 -17.8787 33.1213
      vertex 15 -17.681 32.9032
    endloop
  endfacet
  facet normal 1 0 0
    outer loop
      vertex 15 -14.8773 37.2421
      vertex 15 -18.0968 33.319
      vertex 15 -17.8787 33.1213
    endloop
  endfacet
  facet normal 1 0 0
    outer loop
      vertex 15 -15.5138 37.7141
      vertex 15 -18.3333 33.4944
      vertex 15 -18.0968 33.319
    endloop
  endfacet
  facet normal 1 0 0
    outer loop
      vertex 15 -19.1291 33.8708
      vertex 15 -17.656 38.7273
      vertex 15 -18.4246 38.9198
    endloop
  endfacet
  facet normal 1 0 0
    outer loop
      vertex 15 -16.1935 38.1215
      vertex 15 -18.5858 33.6458
      vertex 15 -18.3333 33.4944
    endloop
  endfacet
  facet normal 1 0 0
    outer loop
      vertex 15 -16.9098 38.4603
      vertex 15 -18.852 33.7716
      vertex 15 -18.5858 33.6458
    endloop
  endfacet
  facet normal 1 0 0
    outer loop
      vertex 15 -17.656 38.7273
      vertex 15 -19.1291 33.8708
      vertex 15 -18.852 33.7716
    endloop
  endfacet
  facet normal 1 0 0
    outer loop
      vertex 15 -19.4147 33.9424
      vertex 15 -18.4246 38.9198
      vertex 15 -19.2085 39.0361
    endloop
  endfacet
  facet normal 1 0 0
    outer loop
      vertex 15 -18.4246 38.9198
      vertex 15 -19.4147 33.9424
      vertex 15 -19.1291 33.8708
    endloop
  endfacet
  facet normal 1 0 0
    outer loop
      vertex 15 -19.2085 39.0361
      vertex 15 -19.7059 33.9856
      vertex 15 -19.4147 33.9424
    endloop
  endfacet
  facet normal 1 0 0
    outer loop
      vertex 15 -20 39.075
      vertex 15 -19.7059 33.9856
      vertex 15 -19.2085 39.0361
    endloop
  endfacet
  facet normal 1 0 0
    outer loop
      vertex 15 -20 39.075
      vertex 15 -20 34
      vertex 15 -19.7059 33.9856
    endloop
  endfacet
  facet normal 1 0 0
    outer loop
      vertex 15 -20 39.075
      vertex 15 -20.2941 33.9856
      vertex 15 -20 34
    endloop
  endfacet
  facet normal 1 -0 0
    outer loop
      vertex 15 -20.7915 39.0361
      vertex 15 -20.2941 33.9856
      vertex 15 -20 39.075
    endloop
  endfacet
  facet normal 1 0 0
    outer loop
      vertex 15 -20.2941 33.9856
      vertex 15 -20.7915 39.0361
      vertex 15 -20.5853 33.9424
    endloop
  endfacet
  facet normal 1 -0 0
    outer loop
      vertex 15 -21.5754 38.9198
      vertex 15 -20.5853 33.9424
      vertex 15 -20.7915 39.0361
    endloop
  endfacet
  facet normal 1 0 0
    outer loop
      vertex 15 -20.5853 33.9424
      vertex 15 -21.5754 38.9198
      vertex 15 -20.8709 33.8708
    endloop
  endfacet
  facet normal 1 -0 0
    outer loop
      vertex 15 -22.344 38.7273
      vertex 15 -20.8709 33.8708
      vertex 15 -21.5754 38.9198
    endloop
  endfacet
  facet normal 1 0 0
    outer loop
      vertex 15 -20.8709 33.8708
      vertex 15 -22.344 38.7273
      vertex 15 -21.148 33.7716
    endloop
  endfacet
  facet normal 1 -0 0
    outer loop
      vertex 15 -23.0902 38.4603
      vertex 15 -21.148 33.7716
      vertex 15 -22.344 38.7273
    endloop
  endfacet
  facet normal 1 0 0
    outer loop
      vertex 15 -21.148 33.7716
      vertex 15 -23.0902 38.4603
      vertex 15 -21.4142 33.6458
    endloop
  endfacet
  facet normal 1 -0 0
    outer loop
      vertex 15 -23.8065 38.1215
      vertex 15 -21.4142 33.6458
      vertex 15 -23.0902 38.4603
    endloop
  endfacet
  facet normal 1 0 0
    outer loop
      vertex 15 -21.4142 33.6458
      vertex 15 -23.8065 38.1215
      vertex 15 -21.6667 33.4944
    endloop
  endfacet
  facet normal 1 -0 0
    outer loop
      vertex 15 -24.4862 37.7141
      vertex 15 -21.6667 33.4944
      vertex 15 -23.8065 38.1215
    endloop
  endfacet
  facet normal 1 0 0
    outer loop
      vertex 15 -21.6667 33.4944
      vertex 15 -24.4862 37.7141
      vertex 15 -21.9032 33.319
    endloop
  endfacet
  facet normal 1 -0 0
    outer loop
      vertex 15 -25.1227 37.2421
      vertex 15 -21.9032 33.319
      vertex 15 -24.4862 37.7141
    endloop
  endfacet
  facet normal 1 0 0
    outer loop
      vertex 15 -21.9032 33.319
      vertex 15 -25.1227 37.2421
      vertex 15 -22.1213 33.1213
    endloop
  endfacet
  facet normal 1 -0 0
    outer loop
      vertex 15 -25.7099 36.7099
      vertex 15 -22.1213 33.1213
      vertex 15 -25.1227 37.2421
    endloop
  endfacet
  facet normal 1 0 0
    outer loop
      vertex 15 -22.1213 33.1213
      vertex 15 -25.7099 36.7099
      vertex 15 -22.319 32.9032
    endloop
  endfacet
  facet normal 1 -0 0
    outer loop
      vertex 15 -26.2421 36.1227
      vertex 15 -22.319 32.9032
      vertex 15 -25.7099 36.7099
    endloop
  endfacet
  facet normal 1 -0 0
    outer loop
      vertex 15 -26.7141 35.4862
      vertex 15 -22.4944 32.6667
      vertex 15 -26.2421 36.1227
    endloop
  endfacet
  facet normal 1 0 0
    outer loop
      vertex 15 -22.319 32.9032
      vertex 15 -26.2421 36.1227
      vertex 15 -22.4944 32.6667
    endloop
  endfacet
  facet normal 1 0 0
    outer loop
      vertex 15 -13.2859 26.5138
      vertex 15 -17.5056 29.3333
      vertex 15 -13.7579 25.8773
    endloop
  endfacet
  facet normal 1 -0 0
    outer loop
      vertex 15 -17.681 29.0968
      vertex 15 -13.7579 25.8773
      vertex 15 -17.5056 29.3333
    endloop
  endfacet
  facet normal 1 0 0
    outer loop
      vertex 15 -13.7579 25.8773
      vertex 15 -17.681 29.0968
      vertex 15 -14.2901 25.2901
    endloop
  endfacet
  facet normal 1 -0 0
    outer loop
      vertex 15 -17.8787 28.8787
      vertex 15 -14.2901 25.2901
      vertex 15 -17.681 29.0968
    endloop
  endfacet
  facet normal 1 0 0
    outer loop
      vertex 15 -14.2901 25.2901
      vertex 15 -17.8787 28.8787
      vertex 15 -14.8773 24.7579
    endloop
  endfacet
  facet normal 1 -0 0
    outer loop
      vertex 15 -18.0968 28.681
      vertex 15 -14.8773 24.7579
      vertex 15 -17.8787 28.8787
    endloop
  endfacet
  facet normal 1 0 0
    outer loop
      vertex 15 -14.8773 24.7579
      vertex 15 -18.0968 28.681
      vertex 15 -15.5138 24.2859
    endloop
  endfacet
  facet normal 1 -0 0
    outer loop
      vertex 15 -18.3333 28.5056
      vertex 15 -15.5138 24.2859
      vertex 15 -18.0968 28.681
    endloop
  endfacet
  facet normal 1 0 0
    outer loop
      vertex 15 -15.5138 24.2859
      vertex 15 -18.3333 28.5056
      vertex 15 -16.1935 23.8785
    endloop
  endfacet
  facet normal 1 -0 0
    outer loop
      vertex 15 -18.5858 28.3542
      vertex 15 -16.1935 23.8785
      vertex 15 -18.3333 28.5056
    endloop
  endfacet
  facet normal 1 0 0
    outer loop
      vertex 15 -16.1935 23.8785
      vertex 15 -18.5858 28.3542
      vertex 15 -16.9098 23.5397
    endloop
  endfacet
  facet normal 1 -0 0
    outer loop
      vertex 15 -18.852 28.2284
      vertex 15 -16.9098 23.5397
      vertex 15 -18.5858 28.3542
    endloop
  endfacet
  facet normal 1 0 0
    outer loop
      vertex 15 -16.9098 23.5397
      vertex 15 -18.852 28.2284
      vertex 15 -17.656 23.2727
    endloop
  endfacet
  facet normal 1 -0 0
    outer loop
      vertex 15 -19.1291 28.1292
      vertex 15 -17.656 23.2727
      vertex 15 -18.852 28.2284
    endloop
  endfacet
  facet normal 1 0 0
    outer loop
      vertex 15 -17.656 23.2727
      vertex 15 -19.1291 28.1292
      vertex 15 -18.4246 23.0802
    endloop
  endfacet
  facet normal 1 -0 0
    outer loop
      vertex 15 -19.4147 28.0576
      vertex 15 -18.4246 23.0802
      vertex 15 -19.1291 28.1292
    endloop
  endfacet
  facet normal 1 0 0
    outer loop
      vertex 15 -18.4246 23.0802
      vertex 15 -19.4147 28.0576
      vertex 15 -19.2085 22.9639
    endloop
  endfacet
  facet normal 1 -0 0
    outer loop
      vertex 15 -19.7059 28.0144
      vertex 15 -19.2085 22.9639
      vertex 15 -19.4147 28.0576
    endloop
  endfacet
  facet normal 1 -0 0
    outer loop
      vertex 15 -20 28
      vertex 15 -19.2085 22.9639
      vertex 15 -19.7059 28.0144
    endloop
  endfacet
  facet normal 1 0 0
    outer loop
      vertex 15 -20 28
      vertex 15 -20 22.925
      vertex 15 -19.2085 22.9639
    endloop
  endfacet
  facet normal 1 0 0
    outer loop
      vertex 15 -20.2941 28.0144
      vertex 15 -20 22.925
      vertex 15 -20 28
    endloop
  endfacet
  facet normal 1 0 0
    outer loop
      vertex 15 -20.7915 22.9639
      vertex 15 -20.2941 28.0144
      vertex 15 -20.5853 28.0576
    endloop
  endfacet
  facet normal 1 0 0
    outer loop
      vertex 15 -20.2941 28.0144
      vertex 15 -20.7915 22.9639
      vertex 15 -20 22.925
    endloop
  endfacet
  facet normal 1 0 0
    outer loop
      vertex 15 -21.5754 23.0802
      vertex 15 -20.5853 28.0576
      vertex 15 -20.8709 28.1292
    endloop
  endfacet
  facet normal 1 0 0
    outer loop
      vertex 15 -22.344 23.2727
      vertex 15 -20.8709 28.1292
      vertex 15 -21.148 28.2284
    endloop
  endfacet
  facet normal 1 0 0
    outer loop
      vertex 15 -23.0902 23.5397
      vertex 15 -21.148 28.2284
      vertex 15 -21.4142 28.3542
    endloop
  endfacet
  facet normal 1 0 0
    outer loop
      vertex 15 -20.5853 28.0576
      vertex 15 -21.5754 23.0802
      vertex 15 -20.7915 22.9639
    endloop
  endfacet
  facet normal 1 0 0
    outer loop
      vertex 15 -23.8065 23.8785
      vertex 15 -21.4142 28.3542
      vertex 15 -21.6667 28.5056
    endloop
  endfacet
  facet normal 1 0 0
    outer loop
      vertex 15 -24.4862 24.2859
      vertex 15 -21.6667 28.5056
      vertex 15 -21.9032 28.681
    endloop
  endfacet
  facet normal 1 0 0
    outer loop
      vertex 15 -25.1227 24.7579
      vertex 15 -21.9032 28.681
      vertex 15 -22.1213 28.8787
    endloop
  endfacet
  facet normal 1 0 0
    outer loop
      vertex 15 -25.7099 25.2901
      vertex 15 -22.1213 28.8787
      vertex 15 -22.319 29.0968
    endloop
  endfacet
  facet normal 1 0 0
    outer loop
      vertex 15 -20.8709 28.1292
      vertex 15 -22.344 23.2727
      vertex 15 -21.5754 23.0802
    endloop
  endfacet
  facet normal 1 0 0
    outer loop
      vertex 15 -26.2421 25.8773
      vertex 15 -22.319 29.0968
      vertex 15 -22.4944 29.3333
    endloop
  endfacet
  facet normal 1 0 0
    outer loop
      vertex 15 -26.7141 26.5138
      vertex 15 -22.4944 29.3333
      vertex 15 -22.6458 29.5858
    endloop
  endfacet
  facet normal 1 0 0
    outer loop
      vertex 15 -27.1215 27.1935
      vertex 15 -22.6458 29.5858
      vertex 15 -22.7716 29.852
    endloop
  endfacet
  facet normal 1 0 0
    outer loop
      vertex 15 -27.4603 27.9098
      vertex 15 -22.7716 29.852
      vertex 15 -22.8708 30.1291
    endloop
  endfacet
  facet normal 1 0 0
    outer loop
      vertex 15 -27.7273 28.656
      vertex 15 -22.8708 30.1291
      vertex 15 -22.9424 30.4147
    endloop
  endfacet
  facet normal 1 0 0
    outer loop
      vertex 15 -27.9198 29.4246
      vertex 15 -22.9424 30.4147
      vertex 15 -22.9856 30.7059
    endloop
  endfacet
  facet normal 1 0 0
    outer loop
      vertex 15 -21.148 28.2284
      vertex 15 -23.0902 23.5397
      vertex 15 -22.344 23.2727
    endloop
  endfacet
  facet normal 1 0 0
    outer loop
      vertex 15 -28.0361 30.2085
      vertex 15 -22.9856 30.7059
      vertex 15 -23 31
    endloop
  endfacet
  facet normal 1 0 0
    outer loop
      vertex 15 -22.4944 32.6667
      vertex 15 -26.7141 35.4862
      vertex 15 -22.6458 32.4142
    endloop
  endfacet
  facet normal 1 -0 0
    outer loop
      vertex 15 -27.1215 34.8065
      vertex 15 -22.6458 32.4142
      vertex 15 -26.7141 35.4862
    endloop
  endfacet
  facet normal 1 0 0
    outer loop
      vertex 15 -21.4142 28.3542
      vertex 15 -23.8065 23.8785
      vertex 15 -23.0902 23.5397
    endloop
  endfacet
  facet normal 1 0 0
    outer loop
      vertex 15 -22.6458 32.4142
      vertex 15 -27.1215 34.8065
      vertex 15 -22.7716 32.148
    endloop
  endfacet
  facet normal 1 0 0
    outer loop
      vertex 15 -21.6667 28.5056
      vertex 15 -24.4862 24.2859
      vertex 15 -23.8065 23.8785
    endloop
  endfacet
  facet normal 1 -0 0
    outer loop
      vertex 15 -27.4603 34.0902
      vertex 15 -22.7716 32.148
      vertex 15 -27.1215 34.8065
    endloop
  endfacet
  facet normal 1 0 0
    outer loop
      vertex 15 -21.9032 28.681
      vertex 15 -25.1227 24.7579
      vertex 15 -24.4862 24.2859
    endloop
  endfacet
  facet normal 1 0 0
    outer loop
      vertex 15 -22.7716 32.148
      vertex 15 -27.4603 34.0902
      vertex 15 -22.8708 31.8709
    endloop
  endfacet
  facet normal 1 0 0
    outer loop
      vertex 15 -22.1213 28.8787
      vertex 15 -25.7099 25.2901
      vertex 15 -25.1227 24.7579
    endloop
  endfacet
  facet normal 1 -0 0
    outer loop
      vertex 15 -27.7273 33.344
      vertex 15 -22.8708 31.8709
      vertex 15 -27.4603 34.0902
    endloop
  endfacet
  facet normal 1 0 0
    outer loop
      vertex 15 -22.319 29.0968
      vertex 15 -26.2421 25.8773
      vertex 15 -25.7099 25.2901
    endloop
  endfacet
  facet normal 1 0 0
    outer loop
      vertex 15 -22.8708 31.8709
      vertex 15 -27.7273 33.344
      vertex 15 -22.9424 31.5853
    endloop
  endfacet
  facet normal 1 0 0
    outer loop
      vertex 15 -22.4944 29.3333
      vertex 15 -26.7141 26.5138
      vertex 15 -26.2421 25.8773
    endloop
  endfacet
  facet normal 1 -0 0
    outer loop
      vertex 15 -27.9198 32.5754
      vertex 15 -22.9424 31.5853
      vertex 15 -27.7273 33.344
    endloop
  endfacet
  facet normal 1 0 0
    outer loop
      vertex 15 -22.6458 29.5858
      vertex 15 -27.1215 27.1935
      vertex 15 -26.7141 26.5138
    endloop
  endfacet
  facet normal 1 0 0
    outer loop
      vertex 15 -22.9424 31.5853
      vertex 15 -27.9198 32.5754
      vertex 15 -22.9856 31.2941
    endloop
  endfacet
  facet normal 1 0 0
    outer loop
      vertex 15 -22.7716 29.852
      vertex 15 -27.4603 27.9098
      vertex 15 -27.1215 27.1935
    endloop
  endfacet
  facet normal 1 -0 0
    outer loop
      vertex 15 -28.0361 31.7915
      vertex 15 -22.9856 31.2941
      vertex 15 -27.9198 32.5754
    endloop
  endfacet
  facet normal 1 0 0
    outer loop
      vertex 15 -22.8708 30.1291
      vertex 15 -27.7273 28.656
      vertex 15 -27.4603 27.9098
    endloop
  endfacet
  facet normal 1 0 0
    outer loop
      vertex 15 -22.9856 31.2941
      vertex 15 -28.0361 31.7915
      vertex 15 -23 31
    endloop
  endfacet
  facet normal 1 0 0
    outer loop
      vertex 15 -22.9424 30.4147
      vertex 15 -27.9198 29.4246
      vertex 15 -27.7273 28.656
    endloop
  endfacet
  facet normal 1 0 0
    outer loop
      vertex 15 -28.075 31
      vertex 15 -23 31
      vertex 15 -28.0361 31.7915
    endloop
  endfacet
  facet normal 1 0 0
    outer loop
      vertex 15 -22.9856 30.7059
      vertex 15 -28.0361 30.2085
      vertex 15 -27.9198 29.4246
    endloop
  endfacet
  facet normal 1 0 0
    outer loop
      vertex 15 -23 31
      vertex 15 -28.075 31
      vertex 15 -28.0361 30.2085
    endloop
  endfacet
  facet normal 0 0.857727 -0.514106
    outer loop
      vertex 20 -27.1215 34.8065
      vertex 15 -26.7141 35.4862
      vertex 20 -26.7141 35.4862
    endloop
  endfacet
  facet normal 0 0.857727 -0.514106
    outer loop
      vertex 15 -26.7141 35.4862
      vertex 20 -27.1215 34.8065
      vertex 15 -27.1215 34.8065
    endloop
  endfacet
  facet normal 0 -0.904125 -0.427269
    outer loop
      vertex -15 -17.2284 32.148
      vertex -12 -17.3542 32.4142
      vertex -15 -17.3542 32.4142
    endloop
  endfacet
  facet normal 0 -0.904125 -0.427269
    outer loop
      vertex -12 -17.3542 32.4142
      vertex -15 -17.2284 32.148
      vertex -12 -17.2284 32.148
    endloop
  endfacet
  facet normal 0 -0.904125 -0.427269
    outer loop
      vertex 12 -17.2284 32.148
      vertex 15 -17.3542 32.4142
      vertex 12 -17.3542 32.4142
    endloop
  endfacet
  facet normal 0 -0.904125 -0.427269
    outer loop
      vertex 15 -17.3542 32.4142
      vertex 12 -17.2284 32.148
      vertex 15 -17.2284 32.148
    endloop
  endfacet
  facet normal 0 0.243175 -0.969982
    outer loop
      vertex -15 -20.8709 33.8708
      vertex -12 -20.5853 33.9424
      vertex -12 -20.8709 33.8708
    endloop
  endfacet
  facet normal 0 0.243175 -0.969982
    outer loop
      vertex -12 -20.5853 33.9424
      vertex -15 -20.8709 33.8708
      vertex -15 -20.5853 33.9424
    endloop
  endfacet
  facet normal 0 0.243175 -0.969982
    outer loop
      vertex 12 -20.8709 33.8708
      vertex 15 -20.5853 33.9424
      vertex 15 -20.8709 33.8708
    endloop
  endfacet
  facet normal 0 0.243175 -0.969982
    outer loop
      vertex 15 -20.5853 33.9424
      vertex 12 -20.8709 33.8708
      vertex 12 -20.5853 33.9424
    endloop
  endfacet
  facet normal 0 0.857643 0.514246
    outer loop
      vertex -12 -22.4944 29.3333
      vertex -15 -22.6458 29.5858
      vertex -12 -22.6458 29.5858
    endloop
  endfacet
  facet normal 0 0.857643 0.514246
    outer loop
      vertex -15 -22.6458 29.5858
      vertex -12 -22.4944 29.3333
      vertex -15 -22.4944 29.3333
    endloop
  endfacet
  facet normal 0 0.857643 0.514246
    outer loop
      vertex 15 -22.4944 29.3333
      vertex 12 -22.6458 29.5858
      vertex 15 -22.6458 29.5858
    endloop
  endfacet
  facet normal 0 0.857643 0.514246
    outer loop
      vertex 12 -22.6458 29.5858
      vertex 15 -22.4944 29.3333
      vertex 12 -22.4944 29.3333
    endloop
  endfacet
  facet normal 0 -0.514246 0.857643
    outer loop
      vertex -15 -18.3333 28.5056
      vertex -12 -18.5858 28.3542
      vertex -12 -18.3333 28.5056
    endloop
  endfacet
  facet normal 0 -0.514246 0.857643
    outer loop
      vertex -12 -18.5858 28.3542
      vertex -15 -18.3333 28.5056
      vertex -15 -18.5858 28.3542
    endloop
  endfacet
  facet normal 0 -0.514246 0.857643
    outer loop
      vertex 12 -18.3333 28.5056
      vertex 15 -18.5858 28.3542
      vertex 15 -18.3333 28.5056
    endloop
  endfacet
  facet normal 0 -0.514246 0.857643
    outer loop
      vertex 15 -18.5858 28.3542
      vertex 12 -18.3333 28.5056
      vertex 12 -18.5858 28.3542
    endloop
  endfacet
  facet normal 0 -0.0489044 0.998803
    outer loop
      vertex -15 -19.7059 28.0144
      vertex -12 -20 28
      vertex -12 -19.7059 28.0144
    endloop
  endfacet
  facet normal 0 -0.0489044 0.998803
    outer loop
      vertex -12 -20 28
      vertex -15 -19.7059 28.0144
      vertex -15 -20 28
    endloop
  endfacet
  facet normal 0 -0.0489044 0.998803
    outer loop
      vertex 12 -19.7059 28.0144
      vertex 15 -20 28
      vertex 15 -19.7059 28.0144
    endloop
  endfacet
  facet normal 0 -0.0489044 0.998803
    outer loop
      vertex 15 -20 28
      vertex 12 -19.7059 28.0144
      vertex 12 -20 28
    endloop
  endfacet
  facet normal 0 0.904125 -0.427269
    outer loop
      vertex -12 -22.7716 32.148
      vertex -15 -22.6458 32.4142
      vertex -12 -22.6458 32.4142
    endloop
  endfacet
  facet normal 0 0.904125 -0.427269
    outer loop
      vertex -15 -22.6458 32.4142
      vertex -12 -22.7716 32.148
      vertex -15 -22.7716 32.148
    endloop
  endfacet
  facet normal 0 0.904125 -0.427269
    outer loop
      vertex 15 -22.7716 32.148
      vertex 12 -22.6458 32.4142
      vertex 15 -22.6458 32.4142
    endloop
  endfacet
  facet normal 0 0.904125 -0.427269
    outer loop
      vertex 12 -22.6458 32.4142
      vertex 15 -22.7716 32.148
      vertex 12 -22.7716 32.148
    endloop
  endfacet
  facet normal -0 0.595699 0.803208
    outer loop
      vertex -15 -21.6667 28.5056
      vertex -12 -21.9032 28.681
      vertex -12 -21.6667 28.5056
    endloop
  endfacet
  facet normal 0 0.595699 0.803208
    outer loop
      vertex -12 -21.9032 28.681
      vertex -15 -21.6667 28.5056
      vertex -15 -21.9032 28.681
    endloop
  endfacet
  facet normal -0 0.595699 0.803208
    outer loop
      vertex 12 -21.6667 28.5056
      vertex 15 -21.9032 28.681
      vertex 15 -21.6667 28.5056
    endloop
  endfacet
  facet normal 0 0.595699 0.803208
    outer loop
      vertex 15 -21.9032 28.681
      vertex 12 -21.6667 28.5056
      vertex 12 -21.9032 28.681
    endloop
  endfacet
  facet normal 0 -0.671607 0.740908
    outer loop
      vertex -15 -17.8787 28.8787
      vertex -12 -18.0968 28.681
      vertex -12 -17.8787 28.8787
    endloop
  endfacet
  facet normal 0 -0.671607 0.740908
    outer loop
      vertex -12 -18.0968 28.681
      vertex -15 -17.8787 28.8787
      vertex -15 -18.0968 28.681
    endloop
  endfacet
  facet normal 0 -0.671607 0.740908
    outer loop
      vertex 12 -17.8787 28.8787
      vertex 15 -18.0968 28.681
      vertex 15 -17.8787 28.8787
    endloop
  endfacet
  facet normal 0 -0.671607 0.740908
    outer loop
      vertex 15 -18.0968 28.681
      vertex 12 -17.8787 28.8787
      vertex 12 -18.0968 28.681
    endloop
  endfacet
  facet normal 0 -0.941488 0.337047
    outer loop
      vertex -15 -17.2284 29.852
      vertex -12 -17.1292 30.1291
      vertex -15 -17.1292 30.1291
    endloop
  endfacet
  facet normal 0 -0.941488 0.337047
    outer loop
      vertex -12 -17.1292 30.1291
      vertex -15 -17.2284 29.852
      vertex -12 -17.2284 29.852
    endloop
  endfacet
  facet normal 0 -0.941488 0.337047
    outer loop
      vertex 12 -17.2284 29.852
      vertex 15 -17.1292 30.1291
      vertex 12 -17.1292 30.1291
    endloop
  endfacet
  facet normal 0 -0.941488 0.337047
    outer loop
      vertex 15 -17.1292 30.1291
      vertex 12 -17.2284 29.852
      vertex 15 -17.2284 29.852
    endloop
  endfacet
  facet normal 0 -0.740908 0.671607
    outer loop
      vertex -15 -17.8787 28.8787
      vertex -12 -17.681 29.0968
      vertex -15 -17.681 29.0968
    endloop
  endfacet
  facet normal 0 -0.740908 0.671607
    outer loop
      vertex -12 -17.681 29.0968
      vertex -15 -17.8787 28.8787
      vertex -12 -17.8787 28.8787
    endloop
  endfacet
  facet normal 0 -0.740908 0.671607
    outer loop
      vertex 12 -17.8787 28.8787
      vertex 15 -17.681 29.0968
      vertex 12 -17.681 29.0968
    endloop
  endfacet
  facet normal 0 -0.740908 0.671607
    outer loop
      vertex 15 -17.681 29.0968
      vertex 12 -17.8787 28.8787
      vertex 15 -17.8787 28.8787
    endloop
  endfacet
  facet normal 0 -0.998803 0.0489044
    outer loop
      vertex -15 -17.0144 30.7059
      vertex -12 -17 31
      vertex -15 -17 31
    endloop
  endfacet
  facet normal 0 -0.998803 0.0489044
    outer loop
      vertex -12 -17 31
      vertex -15 -17.0144 30.7059
      vertex -12 -17.0144 30.7059
    endloop
  endfacet
  facet normal 0 -0.998803 0.0489044
    outer loop
      vertex 12 -17.0144 30.7059
      vertex 15 -17 31
      vertex 12 -17 31
    endloop
  endfacet
  facet normal 0 -0.998803 0.0489044
    outer loop
      vertex 15 -17 31
      vertex 12 -17.0144 30.7059
      vertex 15 -17.0144 30.7059
    endloop
  endfacet
  facet normal 0 -0.146746 0.989174
    outer loop
      vertex -15 -19.4147 28.0576
      vertex -12 -19.7059 28.0144
      vertex -12 -19.4147 28.0576
    endloop
  endfacet
  facet normal 0 -0.146746 0.989174
    outer loop
      vertex -12 -19.7059 28.0144
      vertex -15 -19.4147 28.0576
      vertex -15 -19.7059 28.0144
    endloop
  endfacet
  facet normal 0 -0.146746 0.989174
    outer loop
      vertex 12 -19.4147 28.0576
      vertex 15 -19.7059 28.0144
      vertex 15 -19.4147 28.0576
    endloop
  endfacet
  facet normal 0 -0.146746 0.989174
    outer loop
      vertex 15 -19.7059 28.0144
      vertex 12 -19.4147 28.0576
      vertex 12 -19.7059 28.0144
    endloop
  endfacet
  facet normal 0 0.989174 -0.146746
    outer loop
      vertex -12 -22.9856 31.2941
      vertex -15 -22.9424 31.5853
      vertex -12 -22.9424 31.5853
    endloop
  endfacet
  facet normal 0 0.989174 -0.146746
    outer loop
      vertex -15 -22.9424 31.5853
      vertex -12 -22.9856 31.2941
      vertex -15 -22.9856 31.2941
    endloop
  endfacet
  facet normal 0 0.989174 -0.146746
    outer loop
      vertex 15 -22.9856 31.2941
      vertex 12 -22.9424 31.5853
      vertex 15 -22.9424 31.5853
    endloop
  endfacet
  facet normal 0 0.989174 -0.146746
    outer loop
      vertex 12 -22.9424 31.5853
      vertex 15 -22.9856 31.2941
      vertex 12 -22.9856 31.2941
    endloop
  endfacet
  facet normal 0 0.337047 -0.941488
    outer loop
      vertex -15 -21.148 33.7716
      vertex -12 -20.8709 33.8708
      vertex -12 -21.148 33.7716
    endloop
  endfacet
  facet normal 0 0.337047 -0.941488
    outer loop
      vertex -12 -20.8709 33.8708
      vertex -15 -21.148 33.7716
      vertex -15 -20.8709 33.8708
    endloop
  endfacet
  facet normal 0 0.337047 -0.941488
    outer loop
      vertex 12 -21.148 33.7716
      vertex 15 -20.8709 33.8708
      vertex 15 -21.148 33.7716
    endloop
  endfacet
  facet normal 0 0.337047 -0.941488
    outer loop
      vertex 15 -20.8709 33.8708
      vertex 12 -21.148 33.7716
      vertex 12 -20.8709 33.8708
    endloop
  endfacet
  facet normal 0 -0.243175 0.969982
    outer loop
      vertex -15 -19.1291 28.1292
      vertex -12 -19.4147 28.0576
      vertex -12 -19.1291 28.1292
    endloop
  endfacet
  facet normal 0 -0.243175 0.969982
    outer loop
      vertex -12 -19.4147 28.0576
      vertex -15 -19.1291 28.1292
      vertex -15 -19.4147 28.0576
    endloop
  endfacet
  facet normal 0 -0.243175 0.969982
    outer loop
      vertex 12 -19.1291 28.1292
      vertex 15 -19.4147 28.0576
      vertex 15 -19.1291 28.1292
    endloop
  endfacet
  facet normal 0 -0.243175 0.969982
    outer loop
      vertex 15 -19.4147 28.0576
      vertex 12 -19.1291 28.1292
      vertex 12 -19.4147 28.0576
    endloop
  endfacet
  facet normal 0 -0.857643 -0.514246
    outer loop
      vertex -15 -17.3542 32.4142
      vertex -12 -17.5056 32.6667
      vertex -15 -17.5056 32.6667
    endloop
  endfacet
  facet normal 0 -0.857643 -0.514246
    outer loop
      vertex -12 -17.5056 32.6667
      vertex -15 -17.3542 32.4142
      vertex -12 -17.3542 32.4142
    endloop
  endfacet
  facet normal 0 -0.857643 -0.514246
    outer loop
      vertex 12 -17.3542 32.4142
      vertex 15 -17.5056 32.6667
      vertex 12 -17.5056 32.6667
    endloop
  endfacet
  facet normal 0 -0.857643 -0.514246
    outer loop
      vertex 15 -17.5056 32.6667
      vertex 12 -17.3542 32.4142
      vertex 15 -17.3542 32.4142
    endloop
  endfacet
  facet normal 0 0.803208 -0.595699
    outer loop
      vertex -12 -22.4944 32.6667
      vertex -15 -22.319 32.9032
      vertex -12 -22.319 32.9032
    endloop
  endfacet
  facet normal 0 0.803208 -0.595699
    outer loop
      vertex -15 -22.319 32.9032
      vertex -12 -22.4944 32.6667
      vertex -15 -22.4944 32.6667
    endloop
  endfacet
  facet normal 0 0.803208 -0.595699
    outer loop
      vertex 15 -22.4944 32.6667
      vertex 12 -22.319 32.9032
      vertex 15 -22.319 32.9032
    endloop
  endfacet
  facet normal 0 0.803208 -0.595699
    outer loop
      vertex 12 -22.319 32.9032
      vertex 15 -22.4944 32.6667
      vertex 12 -22.4944 32.6667
    endloop
  endfacet
  facet normal 0 -0.904125 0.427269
    outer loop
      vertex -15 -17.3542 29.5858
      vertex -12 -17.2284 29.852
      vertex -15 -17.2284 29.852
    endloop
  endfacet
  facet normal 0 -0.904125 0.427269
    outer loop
      vertex -12 -17.2284 29.852
      vertex -15 -17.3542 29.5858
      vertex -12 -17.3542 29.5858
    endloop
  endfacet
  facet normal 0 -0.904125 0.427269
    outer loop
      vertex 12 -17.3542 29.5858
      vertex 15 -17.2284 29.852
      vertex 12 -17.2284 29.852
    endloop
  endfacet
  facet normal 0 -0.904125 0.427269
    outer loop
      vertex 15 -17.2284 29.852
      vertex 12 -17.3542 29.5858
      vertex 15 -17.3542 29.5858
    endloop
  endfacet
  facet normal -0 0.0489044 0.998803
    outer loop
      vertex -15 -20 28
      vertex -12 -20.2941 28.0144
      vertex -12 -20 28
    endloop
  endfacet
  facet normal 0 0.0489044 0.998803
    outer loop
      vertex -12 -20.2941 28.0144
      vertex -15 -20 28
      vertex -15 -20.2941 28.0144
    endloop
  endfacet
  facet normal -0 0.0489044 0.998803
    outer loop
      vertex 12 -20 28
      vertex 15 -20.2941 28.0144
      vertex 15 -20 28
    endloop
  endfacet
  facet normal 0 0.0489044 0.998803
    outer loop
      vertex 15 -20.2941 28.0144
      vertex 12 -20 28
      vertex 12 -20.2941 28.0144
    endloop
  endfacet
  facet normal 0 -0.427269 -0.904125
    outer loop
      vertex -15 -18.852 33.7716
      vertex -12 -18.5858 33.6458
      vertex -12 -18.852 33.7716
    endloop
  endfacet
  facet normal -0 -0.427269 -0.904125
    outer loop
      vertex -12 -18.5858 33.6458
      vertex -15 -18.852 33.7716
      vertex -15 -18.5858 33.6458
    endloop
  endfacet
  facet normal 0 -0.427269 -0.904125
    outer loop
      vertex 12 -18.852 33.7716
      vertex 15 -18.5858 33.6458
      vertex 15 -18.852 33.7716
    endloop
  endfacet
  facet normal -0 -0.427269 -0.904125
    outer loop
      vertex 15 -18.5858 33.6458
      vertex 12 -18.852 33.7716
      vertex 12 -18.5858 33.6458
    endloop
  endfacet
  facet normal -0 0.671607 0.740908
    outer loop
      vertex -15 -21.9032 28.681
      vertex -12 -22.1213 28.8787
      vertex -12 -21.9032 28.681
    endloop
  endfacet
  facet normal 0 0.671607 0.740908
    outer loop
      vertex -12 -22.1213 28.8787
      vertex -15 -21.9032 28.681
      vertex -15 -22.1213 28.8787
    endloop
  endfacet
  facet normal -0 0.671607 0.740908
    outer loop
      vertex 12 -21.9032 28.681
      vertex 15 -22.1213 28.8787
      vertex 15 -21.9032 28.681
    endloop
  endfacet
  facet normal 0 0.671607 0.740908
    outer loop
      vertex 15 -22.1213 28.8787
      vertex 12 -21.9032 28.681
      vertex 12 -22.1213 28.8787
    endloop
  endfacet
  facet normal -0 0.243175 0.969982
    outer loop
      vertex -15 -20.5853 28.0576
      vertex -12 -20.8709 28.1292
      vertex -12 -20.5853 28.0576
    endloop
  endfacet
  facet normal 0 0.243175 0.969982
    outer loop
      vertex -12 -20.8709 28.1292
      vertex -15 -20.5853 28.0576
      vertex -15 -20.8709 28.1292
    endloop
  endfacet
  facet normal -0 0.243175 0.969982
    outer loop
      vertex 12 -20.5853 28.0576
      vertex 15 -20.8709 28.1292
      vertex 15 -20.5853 28.0576
    endloop
  endfacet
  facet normal 0 0.243175 0.969982
    outer loop
      vertex 15 -20.8709 28.1292
      vertex 12 -20.5853 28.0576
      vertex 12 -20.8709 28.1292
    endloop
  endfacet
  facet normal 0 0.904125 0.427269
    outer loop
      vertex -12 -22.6458 29.5858
      vertex -15 -22.7716 29.852
      vertex -12 -22.7716 29.852
    endloop
  endfacet
  facet normal 0 0.904125 0.427269
    outer loop
      vertex -15 -22.7716 29.852
      vertex -12 -22.6458 29.5858
      vertex -15 -22.6458 29.5858
    endloop
  endfacet
  facet normal 0 0.904125 0.427269
    outer loop
      vertex 15 -22.6458 29.5858
      vertex 12 -22.7716 29.852
      vertex 15 -22.7716 29.852
    endloop
  endfacet
  facet normal 0 0.904125 0.427269
    outer loop
      vertex 12 -22.7716 29.852
      vertex 15 -22.6458 29.5858
      vertex 12 -22.6458 29.5858
    endloop
  endfacet
  facet normal -0 0.146746 0.989174
    outer loop
      vertex -15 -20.2941 28.0144
      vertex -12 -20.5853 28.0576
      vertex -12 -20.2941 28.0144
    endloop
  endfacet
  facet normal 0 0.146746 0.989174
    outer loop
      vertex -12 -20.5853 28.0576
      vertex -15 -20.2941 28.0144
      vertex -15 -20.5853 28.0576
    endloop
  endfacet
  facet normal -0 0.146746 0.989174
    outer loop
      vertex 12 -20.2941 28.0144
      vertex 15 -20.5853 28.0576
      vertex 15 -20.2941 28.0144
    endloop
  endfacet
  facet normal 0 0.146746 0.989174
    outer loop
      vertex 15 -20.5853 28.0576
      vertex 12 -20.2941 28.0144
      vertex 12 -20.5853 28.0576
    endloop
  endfacet
  facet normal -0 0.427269 0.904125
    outer loop
      vertex -15 -21.148 28.2284
      vertex -12 -21.4142 28.3542
      vertex -12 -21.148 28.2284
    endloop
  endfacet
  facet normal 0 0.427269 0.904125
    outer loop
      vertex -12 -21.4142 28.3542
      vertex -15 -21.148 28.2284
      vertex -15 -21.4142 28.3542
    endloop
  endfacet
  facet normal -0 0.427269 0.904125
    outer loop
      vertex 12 -21.148 28.2284
      vertex 15 -21.4142 28.3542
      vertex 15 -21.148 28.2284
    endloop
  endfacet
  facet normal 0 0.427269 0.904125
    outer loop
      vertex 15 -21.4142 28.3542
      vertex 12 -21.148 28.2284
      vertex 12 -21.4142 28.3542
    endloop
  endfacet
  facet normal 0 -0.595699 -0.803208
    outer loop
      vertex -15 -18.3333 33.4944
      vertex -12 -18.0968 33.319
      vertex -12 -18.3333 33.4944
    endloop
  endfacet
  facet normal -0 -0.595699 -0.803208
    outer loop
      vertex -12 -18.0968 33.319
      vertex -15 -18.3333 33.4944
      vertex -15 -18.0968 33.319
    endloop
  endfacet
  facet normal 0 -0.595699 -0.803208
    outer loop
      vertex 12 -18.3333 33.4944
      vertex 15 -18.0968 33.319
      vertex 15 -18.3333 33.4944
    endloop
  endfacet
  facet normal -0 -0.595699 -0.803208
    outer loop
      vertex 15 -18.0968 33.319
      vertex 12 -18.3333 33.4944
      vertex 12 -18.0968 33.319
    endloop
  endfacet
  facet normal 0 0.989174 0.146746
    outer loop
      vertex -12 -22.9424 30.4147
      vertex -15 -22.9856 30.7059
      vertex -12 -22.9856 30.7059
    endloop
  endfacet
  facet normal 0 0.989174 0.146746
    outer loop
      vertex -15 -22.9856 30.7059
      vertex -12 -22.9424 30.4147
      vertex -15 -22.9424 30.4147
    endloop
  endfacet
  facet normal 0 0.989174 0.146746
    outer loop
      vertex 15 -22.9424 30.4147
      vertex 12 -22.9856 30.7059
      vertex 15 -22.9856 30.7059
    endloop
  endfacet
  facet normal 0 0.989174 0.146746
    outer loop
      vertex 12 -22.9856 30.7059
      vertex 15 -22.9424 30.4147
      vertex 12 -22.9424 30.4147
    endloop
  endfacet
  facet normal 0 -0.337047 0.941488
    outer loop
      vertex -15 -18.852 28.2284
      vertex -12 -19.1291 28.1292
      vertex -12 -18.852 28.2284
    endloop
  endfacet
  facet normal 0 -0.337047 0.941488
    outer loop
      vertex -12 -19.1291 28.1292
      vertex -15 -18.852 28.2284
      vertex -15 -19.1291 28.1292
    endloop
  endfacet
  facet normal 0 -0.337047 0.941488
    outer loop
      vertex 12 -18.852 28.2284
      vertex 15 -19.1291 28.1292
      vertex 15 -18.852 28.2284
    endloop
  endfacet
  facet normal 0 -0.337047 0.941488
    outer loop
      vertex 15 -19.1291 28.1292
      vertex 12 -18.852 28.2284
      vertex 12 -19.1291 28.1292
    endloop
  endfacet
  facet normal 0 0.740908 -0.671607
    outer loop
      vertex -12 -22.319 32.9032
      vertex -15 -22.1213 33.1213
      vertex -12 -22.1213 33.1213
    endloop
  endfacet
  facet normal 0 0.740908 -0.671607
    outer loop
      vertex -15 -22.1213 33.1213
      vertex -12 -22.319 32.9032
      vertex -15 -22.319 32.9032
    endloop
  endfacet
  facet normal 0 0.740908 -0.671607
    outer loop
      vertex 15 -22.319 32.9032
      vertex 12 -22.1213 33.1213
      vertex 15 -22.1213 33.1213
    endloop
  endfacet
  facet normal 0 0.740908 -0.671607
    outer loop
      vertex 12 -22.1213 33.1213
      vertex 15 -22.319 32.9032
      vertex 12 -22.319 32.9032
    endloop
  endfacet
  facet normal 0 -0.857643 0.514246
    outer loop
      vertex -15 -17.5056 29.3333
      vertex -12 -17.3542 29.5858
      vertex -15 -17.3542 29.5858
    endloop
  endfacet
  facet normal 0 -0.857643 0.514246
    outer loop
      vertex -12 -17.3542 29.5858
      vertex -15 -17.5056 29.3333
      vertex -12 -17.5056 29.3333
    endloop
  endfacet
  facet normal 0 -0.857643 0.514246
    outer loop
      vertex 12 -17.5056 29.3333
      vertex 15 -17.3542 29.5858
      vertex 12 -17.3542 29.5858
    endloop
  endfacet
  facet normal 0 -0.857643 0.514246
    outer loop
      vertex 15 -17.3542 29.5858
      vertex 12 -17.5056 29.3333
      vertex 15 -17.5056 29.3333
    endloop
  endfacet
  facet normal 0 -0.427269 0.904125
    outer loop
      vertex -15 -18.5858 28.3542
      vertex -12 -18.852 28.2284
      vertex -12 -18.5858 28.3542
    endloop
  endfacet
  facet normal 0 -0.427269 0.904125
    outer loop
      vertex -12 -18.852 28.2284
      vertex -15 -18.5858 28.3542
      vertex -15 -18.852 28.2284
    endloop
  endfacet
  facet normal 0 -0.427269 0.904125
    outer loop
      vertex 12 -18.5858 28.3542
      vertex 15 -18.852 28.2284
      vertex 15 -18.5858 28.3542
    endloop
  endfacet
  facet normal 0 -0.427269 0.904125
    outer loop
      vertex 15 -18.852 28.2284
      vertex 12 -18.5858 28.3542
      vertex 12 -18.852 28.2284
    endloop
  endfacet
  facet normal 0 -0.941488 -0.337047
    outer loop
      vertex -15 -17.1292 31.8709
      vertex -12 -17.2284 32.148
      vertex -15 -17.2284 32.148
    endloop
  endfacet
  facet normal 0 -0.941488 -0.337047
    outer loop
      vertex -12 -17.2284 32.148
      vertex -15 -17.1292 31.8709
      vertex -12 -17.1292 31.8709
    endloop
  endfacet
  facet normal 0 -0.941488 -0.337047
    outer loop
      vertex 12 -17.1292 31.8709
      vertex 15 -17.2284 32.148
      vertex 12 -17.2284 32.148
    endloop
  endfacet
  facet normal 0 -0.941488 -0.337047
    outer loop
      vertex 15 -17.2284 32.148
      vertex 12 -17.1292 31.8709
      vertex 15 -17.1292 31.8709
    endloop
  endfacet
  facet normal 0 -0.740908 -0.671607
    outer loop
      vertex -15 -17.681 32.9032
      vertex -12 -17.8787 33.1213
      vertex -15 -17.8787 33.1213
    endloop
  endfacet
  facet normal 0 -0.740908 -0.671607
    outer loop
      vertex -12 -17.8787 33.1213
      vertex -15 -17.681 32.9032
      vertex -12 -17.681 32.9032
    endloop
  endfacet
  facet normal 0 -0.740908 -0.671607
    outer loop
      vertex 12 -17.681 32.9032
      vertex 15 -17.8787 33.1213
      vertex 12 -17.8787 33.1213
    endloop
  endfacet
  facet normal 0 -0.740908 -0.671607
    outer loop
      vertex 15 -17.8787 33.1213
      vertex 12 -17.681 32.9032
      vertex 15 -17.681 32.9032
    endloop
  endfacet
  facet normal 0 -0.514246 -0.857643
    outer loop
      vertex -15 -18.5858 33.6458
      vertex -12 -18.3333 33.4944
      vertex -12 -18.5858 33.6458
    endloop
  endfacet
  facet normal -0 -0.514246 -0.857643
    outer loop
      vertex -12 -18.3333 33.4944
      vertex -15 -18.5858 33.6458
      vertex -15 -18.3333 33.4944
    endloop
  endfacet
  facet normal 0 -0.514246 -0.857643
    outer loop
      vertex 12 -18.5858 33.6458
      vertex 15 -18.3333 33.4944
      vertex 15 -18.5858 33.6458
    endloop
  endfacet
  facet normal -0 -0.514246 -0.857643
    outer loop
      vertex 15 -18.3333 33.4944
      vertex 12 -18.5858 33.6458
      vertex 12 -18.3333 33.4944
    endloop
  endfacet
  facet normal 0 -0.595699 0.803208
    outer loop
      vertex -15 -18.0968 28.681
      vertex -12 -18.3333 28.5056
      vertex -12 -18.0968 28.681
    endloop
  endfacet
  facet normal 0 -0.595699 0.803208
    outer loop
      vertex -12 -18.3333 28.5056
      vertex -15 -18.0968 28.681
      vertex -15 -18.3333 28.5056
    endloop
  endfacet
  facet normal 0 -0.595699 0.803208
    outer loop
      vertex 12 -18.0968 28.681
      vertex 15 -18.3333 28.5056
      vertex 15 -18.0968 28.681
    endloop
  endfacet
  facet normal 0 -0.595699 0.803208
    outer loop
      vertex 15 -18.3333 28.5056
      vertex 12 -18.0968 28.681
      vertex 12 -18.3333 28.5056
    endloop
  endfacet
  facet normal 0 0.146746 -0.989174
    outer loop
      vertex -15 -20.5853 33.9424
      vertex -12 -20.2941 33.9856
      vertex -12 -20.5853 33.9424
    endloop
  endfacet
  facet normal 0 0.146746 -0.989174
    outer loop
      vertex -12 -20.2941 33.9856
      vertex -15 -20.5853 33.9424
      vertex -15 -20.2941 33.9856
    endloop
  endfacet
  facet normal 0 0.146746 -0.989174
    outer loop
      vertex 12 -20.5853 33.9424
      vertex 15 -20.2941 33.9856
      vertex 15 -20.5853 33.9424
    endloop
  endfacet
  facet normal 0 0.146746 -0.989174
    outer loop
      vertex 15 -20.2941 33.9856
      vertex 12 -20.5853 33.9424
      vertex 12 -20.2941 33.9856
    endloop
  endfacet
  facet normal 0 -0.998803 -0.0489044
    outer loop
      vertex -15 -17 31
      vertex -12 -17.0144 31.2941
      vertex -15 -17.0144 31.2941
    endloop
  endfacet
  facet normal 0 -0.998803 -0.0489044
    outer loop
      vertex -12 -17.0144 31.2941
      vertex -15 -17 31
      vertex -12 -17 31
    endloop
  endfacet
  facet normal 0 -0.998803 -0.0489044
    outer loop
      vertex 12 -17 31
      vertex 15 -17.0144 31.2941
      vertex 12 -17.0144 31.2941
    endloop
  endfacet
  facet normal 0 -0.998803 -0.0489044
    outer loop
      vertex 15 -17.0144 31.2941
      vertex 12 -17 31
      vertex 15 -17 31
    endloop
  endfacet
  facet normal 0 0.941488 -0.337047
    outer loop
      vertex -12 -22.8708 31.8709
      vertex -15 -22.7716 32.148
      vertex -12 -22.7716 32.148
    endloop
  endfacet
  facet normal 0 0.941488 -0.337047
    outer loop
      vertex -15 -22.7716 32.148
      vertex -12 -22.8708 31.8709
      vertex -15 -22.8708 31.8709
    endloop
  endfacet
  facet normal 0 0.941488 -0.337047
    outer loop
      vertex 15 -22.8708 31.8709
      vertex 12 -22.7716 32.148
      vertex 15 -22.7716 32.148
    endloop
  endfacet
  facet normal 0 0.941488 -0.337047
    outer loop
      vertex 12 -22.7716 32.148
      vertex 15 -22.8708 31.8709
      vertex 12 -22.8708 31.8709
    endloop
  endfacet
  facet normal 0 0.998803 0.0489044
    outer loop
      vertex -12 -22.9856 30.7059
      vertex -15 -23 31
      vertex -12 -23 31
    endloop
  endfacet
  facet normal 0 0.998803 0.0489044
    outer loop
      vertex -15 -23 31
      vertex -12 -22.9856 30.7059
      vertex -15 -22.9856 30.7059
    endloop
  endfacet
  facet normal 0 0.998803 0.0489044
    outer loop
      vertex 15 -22.9856 30.7059
      vertex 12 -23 31
      vertex 15 -23 31
    endloop
  endfacet
  facet normal 0 0.998803 0.0489044
    outer loop
      vertex 12 -23 31
      vertex 15 -22.9856 30.7059
      vertex 12 -22.9856 30.7059
    endloop
  endfacet
  facet normal 0 0.427269 -0.904125
    outer loop
      vertex -15 -21.4142 33.6458
      vertex -12 -21.148 33.7716
      vertex -12 -21.4142 33.6458
    endloop
  endfacet
  facet normal 0 0.427269 -0.904125
    outer loop
      vertex -12 -21.148 33.7716
      vertex -15 -21.4142 33.6458
      vertex -15 -21.148 33.7716
    endloop
  endfacet
  facet normal 0 0.427269 -0.904125
    outer loop
      vertex 12 -21.4142 33.6458
      vertex 15 -21.148 33.7716
      vertex 15 -21.4142 33.6458
    endloop
  endfacet
  facet normal 0 0.427269 -0.904125
    outer loop
      vertex 15 -21.148 33.7716
      vertex 12 -21.4142 33.6458
      vertex 12 -21.148 33.7716
    endloop
  endfacet
  facet normal 0 0.803208 0.595699
    outer loop
      vertex -12 -22.319 29.0968
      vertex -15 -22.4944 29.3333
      vertex -12 -22.4944 29.3333
    endloop
  endfacet
  facet normal 0 0.803208 0.595699
    outer loop
      vertex -15 -22.4944 29.3333
      vertex -12 -22.319 29.0968
      vertex -15 -22.319 29.0968
    endloop
  endfacet
  facet normal 0 0.803208 0.595699
    outer loop
      vertex 15 -22.319 29.0968
      vertex 12 -22.4944 29.3333
      vertex 15 -22.4944 29.3333
    endloop
  endfacet
  facet normal 0 0.803208 0.595699
    outer loop
      vertex 12 -22.4944 29.3333
      vertex 15 -22.319 29.0968
      vertex 12 -22.319 29.0968
    endloop
  endfacet
  facet normal 0 0.671607 -0.740908
    outer loop
      vertex -15 -22.1213 33.1213
      vertex -12 -21.9032 33.319
      vertex -12 -22.1213 33.1213
    endloop
  endfacet
  facet normal 0 0.671607 -0.740908
    outer loop
      vertex -12 -21.9032 33.319
      vertex -15 -22.1213 33.1213
      vertex -15 -21.9032 33.319
    endloop
  endfacet
  facet normal 0 0.671607 -0.740908
    outer loop
      vertex 12 -22.1213 33.1213
      vertex 15 -21.9032 33.319
      vertex 15 -22.1213 33.1213
    endloop
  endfacet
  facet normal 0 0.671607 -0.740908
    outer loop
      vertex 15 -21.9032 33.319
      vertex 12 -22.1213 33.1213
      vertex 12 -21.9032 33.319
    endloop
  endfacet
  facet normal 0 0.595699 -0.803208
    outer loop
      vertex -15 -21.9032 33.319
      vertex -12 -21.6667 33.4944
      vertex -12 -21.9032 33.319
    endloop
  endfacet
  facet normal 0 0.595699 -0.803208
    outer loop
      vertex -12 -21.6667 33.4944
      vertex -15 -21.9032 33.319
      vertex -15 -21.6667 33.4944
    endloop
  endfacet
  facet normal 0 0.595699 -0.803208
    outer loop
      vertex 12 -21.9032 33.319
      vertex 15 -21.6667 33.4944
      vertex 15 -21.9032 33.319
    endloop
  endfacet
  facet normal 0 0.595699 -0.803208
    outer loop
      vertex 15 -21.6667 33.4944
      vertex 12 -21.9032 33.319
      vertex 12 -21.6667 33.4944
    endloop
  endfacet
  facet normal 0 -0.243175 -0.969982
    outer loop
      vertex -15 -19.4147 33.9424
      vertex -12 -19.1291 33.8708
      vertex -12 -19.4147 33.9424
    endloop
  endfacet
  facet normal -0 -0.243175 -0.969982
    outer loop
      vertex -12 -19.1291 33.8708
      vertex -15 -19.4147 33.9424
      vertex -15 -19.1291 33.8708
    endloop
  endfacet
  facet normal 0 -0.243175 -0.969982
    outer loop
      vertex 12 -19.4147 33.9424
      vertex 15 -19.1291 33.8708
      vertex 15 -19.4147 33.9424
    endloop
  endfacet
  facet normal -0 -0.243175 -0.969982
    outer loop
      vertex 15 -19.1291 33.8708
      vertex 12 -19.4147 33.9424
      vertex 12 -19.1291 33.8708
    endloop
  endfacet
  facet normal 0 -0.803208 -0.595699
    outer loop
      vertex -15 -17.5056 32.6667
      vertex -12 -17.681 32.9032
      vertex -15 -17.681 32.9032
    endloop
  endfacet
  facet normal 0 -0.803208 -0.595699
    outer loop
      vertex -12 -17.681 32.9032
      vertex -15 -17.5056 32.6667
      vertex -12 -17.5056 32.6667
    endloop
  endfacet
  facet normal 0 -0.803208 -0.595699
    outer loop
      vertex 12 -17.5056 32.6667
      vertex 15 -17.681 32.9032
      vertex 12 -17.681 32.9032
    endloop
  endfacet
  facet normal 0 -0.803208 -0.595699
    outer loop
      vertex 15 -17.681 32.9032
      vertex 12 -17.5056 32.6667
      vertex 15 -17.5056 32.6667
    endloop
  endfacet
  facet normal 0 0.969982 -0.243175
    outer loop
      vertex -12 -22.9424 31.5853
      vertex -15 -22.8708 31.8709
      vertex -12 -22.8708 31.8709
    endloop
  endfacet
  facet normal 0 0.969982 -0.243175
    outer loop
      vertex -15 -22.8708 31.8709
      vertex -12 -22.9424 31.5853
      vertex -15 -22.9424 31.5853
    endloop
  endfacet
  facet normal 0 0.969982 -0.243175
    outer loop
      vertex 15 -22.9424 31.5853
      vertex 12 -22.8708 31.8709
      vertex 15 -22.8708 31.8709
    endloop
  endfacet
  facet normal 0 0.969982 -0.243175
    outer loop
      vertex 12 -22.8708 31.8709
      vertex 15 -22.9424 31.5853
      vertex 12 -22.9424 31.5853
    endloop
  endfacet
  facet normal 0 -0.803208 0.595699
    outer loop
      vertex -15 -17.681 29.0968
      vertex -12 -17.5056 29.3333
      vertex -15 -17.5056 29.3333
    endloop
  endfacet
  facet normal 0 -0.803208 0.595699
    outer loop
      vertex -12 -17.5056 29.3333
      vertex -15 -17.681 29.0968
      vertex -12 -17.681 29.0968
    endloop
  endfacet
  facet normal 0 -0.803208 0.595699
    outer loop
      vertex 12 -17.681 29.0968
      vertex 15 -17.5056 29.3333
      vertex 12 -17.5056 29.3333
    endloop
  endfacet
  facet normal 0 -0.803208 0.595699
    outer loop
      vertex 15 -17.5056 29.3333
      vertex 12 -17.681 29.0968
      vertex 15 -17.681 29.0968
    endloop
  endfacet
  facet normal 0 -0.969982 -0.243175
    outer loop
      vertex -15 -17.0576 31.5853
      vertex -12 -17.1292 31.8709
      vertex -15 -17.1292 31.8709
    endloop
  endfacet
  facet normal 0 -0.969982 -0.243175
    outer loop
      vertex -12 -17.1292 31.8709
      vertex -15 -17.0576 31.5853
      vertex -12 -17.0576 31.5853
    endloop
  endfacet
  facet normal 0 -0.969982 -0.243175
    outer loop
      vertex 12 -17.0576 31.5853
      vertex 15 -17.1292 31.8709
      vertex 12 -17.1292 31.8709
    endloop
  endfacet
  facet normal 0 -0.969982 -0.243175
    outer loop
      vertex 15 -17.1292 31.8709
      vertex 12 -17.0576 31.5853
      vertex 15 -17.0576 31.5853
    endloop
  endfacet
  facet normal 0 0.998803 -0.0489044
    outer loop
      vertex -12 -23 31
      vertex -15 -22.9856 31.2941
      vertex -12 -22.9856 31.2941
    endloop
  endfacet
  facet normal 0 0.998803 -0.0489044
    outer loop
      vertex -15 -22.9856 31.2941
      vertex -12 -23 31
      vertex -15 -23 31
    endloop
  endfacet
  facet normal 0 0.998803 -0.0489044
    outer loop
      vertex 15 -23 31
      vertex 12 -22.9856 31.2941
      vertex 15 -22.9856 31.2941
    endloop
  endfacet
  facet normal 0 0.998803 -0.0489044
    outer loop
      vertex 12 -22.9856 31.2941
      vertex 15 -23 31
      vertex 12 -23 31
    endloop
  endfacet
  facet normal 0 -0.989174 -0.146746
    outer loop
      vertex -15 -17.0144 31.2941
      vertex -12 -17.0576 31.5853
      vertex -15 -17.0576 31.5853
    endloop
  endfacet
  facet normal 0 -0.989174 -0.146746
    outer loop
      vertex -12 -17.0576 31.5853
      vertex -15 -17.0144 31.2941
      vertex -12 -17.0144 31.2941
    endloop
  endfacet
  facet normal 0 -0.989174 -0.146746
    outer loop
      vertex 12 -17.0144 31.2941
      vertex 15 -17.0576 31.5853
      vertex 12 -17.0576 31.5853
    endloop
  endfacet
  facet normal 0 -0.989174 -0.146746
    outer loop
      vertex 15 -17.0576 31.5853
      vertex 12 -17.0144 31.2941
      vertex 15 -17.0144 31.2941
    endloop
  endfacet
  facet normal 0 0.740908 0.671607
    outer loop
      vertex -12 -22.1213 28.8787
      vertex -15 -22.319 29.0968
      vertex -12 -22.319 29.0968
    endloop
  endfacet
  facet normal 0 0.740908 0.671607
    outer loop
      vertex -15 -22.319 29.0968
      vertex -12 -22.1213 28.8787
      vertex -15 -22.1213 28.8787
    endloop
  endfacet
  facet normal 0 0.740908 0.671607
    outer loop
      vertex 15 -22.1213 28.8787
      vertex 12 -22.319 29.0968
      vertex 15 -22.319 29.0968
    endloop
  endfacet
  facet normal 0 0.740908 0.671607
    outer loop
      vertex 12 -22.319 29.0968
      vertex 15 -22.1213 28.8787
      vertex 12 -22.1213 28.8787
    endloop
  endfacet
  facet normal 0 -0.0489044 -0.998803
    outer loop
      vertex -15 -20 34
      vertex -12 -19.7059 33.9856
      vertex -12 -20 34
    endloop
  endfacet
  facet normal -0 -0.0489044 -0.998803
    outer loop
      vertex -12 -19.7059 33.9856
      vertex -15 -20 34
      vertex -15 -19.7059 33.9856
    endloop
  endfacet
  facet normal 0 -0.0489044 -0.998803
    outer loop
      vertex 12 -20 34
      vertex 15 -19.7059 33.9856
      vertex 15 -20 34
    endloop
  endfacet
  facet normal -0 -0.0489044 -0.998803
    outer loop
      vertex 15 -19.7059 33.9856
      vertex 12 -20 34
      vertex 12 -19.7059 33.9856
    endloop
  endfacet
  facet normal 0 -0.969982 0.243175
    outer loop
      vertex -15 -17.1292 30.1291
      vertex -12 -17.0576 30.4147
      vertex -15 -17.0576 30.4147
    endloop
  endfacet
  facet normal 0 -0.969982 0.243175
    outer loop
      vertex -12 -17.0576 30.4147
      vertex -15 -17.1292 30.1291
      vertex -12 -17.1292 30.1291
    endloop
  endfacet
  facet normal 0 -0.969982 0.243175
    outer loop
      vertex 12 -17.1292 30.1291
      vertex 15 -17.0576 30.4147
      vertex 12 -17.0576 30.4147
    endloop
  endfacet
  facet normal 0 -0.969982 0.243175
    outer loop
      vertex 15 -17.0576 30.4147
      vertex 12 -17.1292 30.1291
      vertex 15 -17.1292 30.1291
    endloop
  endfacet
  facet normal 0 0.0489044 -0.998803
    outer loop
      vertex -15 -20.2941 33.9856
      vertex -12 -20 34
      vertex -12 -20.2941 33.9856
    endloop
  endfacet
  facet normal 0 0.0489044 -0.998803
    outer loop
      vertex -12 -20 34
      vertex -15 -20.2941 33.9856
      vertex -15 -20 34
    endloop
  endfacet
  facet normal 0 0.0489044 -0.998803
    outer loop
      vertex 12 -20.2941 33.9856
      vertex 15 -20 34
      vertex 15 -20.2941 33.9856
    endloop
  endfacet
  facet normal 0 0.0489044 -0.998803
    outer loop
      vertex 15 -20 34
      vertex 12 -20.2941 33.9856
      vertex 12 -20 34
    endloop
  endfacet
  facet normal 0 -0.146746 -0.989174
    outer loop
      vertex -15 -19.7059 33.9856
      vertex -12 -19.4147 33.9424
      vertex -12 -19.7059 33.9856
    endloop
  endfacet
  facet normal -0 -0.146746 -0.989174
    outer loop
      vertex -12 -19.4147 33.9424
      vertex -15 -19.7059 33.9856
      vertex -15 -19.4147 33.9424
    endloop
  endfacet
  facet normal 0 -0.146746 -0.989174
    outer loop
      vertex 12 -19.7059 33.9856
      vertex 15 -19.4147 33.9424
      vertex 15 -19.7059 33.9856
    endloop
  endfacet
  facet normal -0 -0.146746 -0.989174
    outer loop
      vertex 15 -19.4147 33.9424
      vertex 12 -19.7059 33.9856
      vertex 12 -19.4147 33.9424
    endloop
  endfacet
  facet normal 0 0.941488 0.337047
    outer loop
      vertex -12 -22.7716 29.852
      vertex -15 -22.8708 30.1291
      vertex -12 -22.8708 30.1291
    endloop
  endfacet
  facet normal 0 0.941488 0.337047
    outer loop
      vertex -15 -22.8708 30.1291
      vertex -12 -22.7716 29.852
      vertex -15 -22.7716 29.852
    endloop
  endfacet
  facet normal 0 0.941488 0.337047
    outer loop
      vertex 15 -22.7716 29.852
      vertex 12 -22.8708 30.1291
      vertex 15 -22.8708 30.1291
    endloop
  endfacet
  facet normal 0 0.941488 0.337047
    outer loop
      vertex 12 -22.8708 30.1291
      vertex 15 -22.7716 29.852
      vertex 12 -22.7716 29.852
    endloop
  endfacet
  facet normal 0 -0.337047 -0.941488
    outer loop
      vertex -15 -19.1291 33.8708
      vertex -12 -18.852 33.7716
      vertex -12 -19.1291 33.8708
    endloop
  endfacet
  facet normal -0 -0.337047 -0.941488
    outer loop
      vertex -12 -18.852 33.7716
      vertex -15 -19.1291 33.8708
      vertex -15 -18.852 33.7716
    endloop
  endfacet
  facet normal 0 -0.337047 -0.941488
    outer loop
      vertex 12 -19.1291 33.8708
      vertex 15 -18.852 33.7716
      vertex 15 -19.1291 33.8708
    endloop
  endfacet
  facet normal -0 -0.337047 -0.941488
    outer loop
      vertex 15 -18.852 33.7716
      vertex 12 -19.1291 33.8708
      vertex 12 -18.852 33.7716
    endloop
  endfacet
  facet normal 0 0.969982 0.243175
    outer loop
      vertex -12 -22.8708 30.1291
      vertex -15 -22.9424 30.4147
      vertex -12 -22.9424 30.4147
    endloop
  endfacet
  facet normal 0 0.969982 0.243175
    outer loop
      vertex -15 -22.9424 30.4147
      vertex -12 -22.8708 30.1291
      vertex -15 -22.8708 30.1291
    endloop
  endfacet
  facet normal 0 0.969982 0.243175
    outer loop
      vertex 15 -22.8708 30.1291
      vertex 12 -22.9424 30.4147
      vertex 15 -22.9424 30.4147
    endloop
  endfacet
  facet normal 0 0.969982 0.243175
    outer loop
      vertex 12 -22.9424 30.4147
      vertex 15 -22.8708 30.1291
      vertex 12 -22.8708 30.1291
    endloop
  endfacet
  facet normal -0 0.514246 0.857643
    outer loop
      vertex -15 -21.4142 28.3542
      vertex -12 -21.6667 28.5056
      vertex -12 -21.4142 28.3542
    endloop
  endfacet
  facet normal 0 0.514246 0.857643
    outer loop
      vertex -12 -21.6667 28.5056
      vertex -15 -21.4142 28.3542
      vertex -15 -21.6667 28.5056
    endloop
  endfacet
  facet normal -0 0.514246 0.857643
    outer loop
      vertex 12 -21.4142 28.3542
      vertex 15 -21.6667 28.5056
      vertex 15 -21.4142 28.3542
    endloop
  endfacet
  facet normal 0 0.514246 0.857643
    outer loop
      vertex 15 -21.6667 28.5056
      vertex 12 -21.4142 28.3542
      vertex 12 -21.6667 28.5056
    endloop
  endfacet
  facet normal 0 0.514246 -0.857643
    outer loop
      vertex -15 -21.6667 33.4944
      vertex -12 -21.4142 33.6458
      vertex -12 -21.6667 33.4944
    endloop
  endfacet
  facet normal 0 0.514246 -0.857643
    outer loop
      vertex -12 -21.4142 33.6458
      vertex -15 -21.6667 33.4944
      vertex -15 -21.4142 33.6458
    endloop
  endfacet
  facet normal 0 0.514246 -0.857643
    outer loop
      vertex 12 -21.6667 33.4944
      vertex 15 -21.4142 33.6458
      vertex 15 -21.6667 33.4944
    endloop
  endfacet
  facet normal 0 0.514246 -0.857643
    outer loop
      vertex 15 -21.4142 33.6458
      vertex 12 -21.6667 33.4944
      vertex 12 -21.4142 33.6458
    endloop
  endfacet
  facet normal 0 -0.989174 0.146746
    outer loop
      vertex -15 -17.0576 30.4147
      vertex -12 -17.0144 30.7059
      vertex -15 -17.0144 30.7059
    endloop
  endfacet
  facet normal 0 -0.989174 0.146746
    outer loop
      vertex -12 -17.0144 30.7059
      vertex -15 -17.0576 30.4147
      vertex -12 -17.0576 30.4147
    endloop
  endfacet
  facet normal 0 -0.989174 0.146746
    outer loop
      vertex 12 -17.0576 30.4147
      vertex 15 -17.0144 30.7059
      vertex 12 -17.0144 30.7059
    endloop
  endfacet
  facet normal 0 -0.989174 0.146746
    outer loop
      vertex 15 -17.0144 30.7059
      vertex 12 -17.0576 30.4147
      vertex 15 -17.0576 30.4147
    endloop
  endfacet
  facet normal -0 0.337047 0.941488
    outer loop
      vertex -15 -20.8709 28.1292
      vertex -12 -21.148 28.2284
      vertex -12 -20.8709 28.1292
    endloop
  endfacet
  facet normal 0 0.337047 0.941488
    outer loop
      vertex -12 -21.148 28.2284
      vertex -15 -20.8709 28.1292
      vertex -15 -21.148 28.2284
    endloop
  endfacet
  facet normal -0 0.337047 0.941488
    outer loop
      vertex 12 -20.8709 28.1292
      vertex 15 -21.148 28.2284
      vertex 15 -20.8709 28.1292
    endloop
  endfacet
  facet normal 0 0.337047 0.941488
    outer loop
      vertex 15 -21.148 28.2284
      vertex 12 -20.8709 28.1292
      vertex 12 -21.148 28.2284
    endloop
  endfacet
  facet normal 0 0.857643 -0.514246
    outer loop
      vertex -12 -22.6458 32.4142
      vertex -15 -22.4944 32.6667
      vertex -12 -22.4944 32.6667
    endloop
  endfacet
  facet normal 0 0.857643 -0.514246
    outer loop
      vertex -15 -22.4944 32.6667
      vertex -12 -22.6458 32.4142
      vertex -15 -22.6458 32.4142
    endloop
  endfacet
  facet normal 0 0.857643 -0.514246
    outer loop
      vertex 15 -22.6458 32.4142
      vertex 12 -22.4944 32.6667
      vertex 15 -22.4944 32.6667
    endloop
  endfacet
  facet normal 0 0.857643 -0.514246
    outer loop
      vertex 12 -22.4944 32.6667
      vertex 15 -22.6458 32.4142
      vertex 12 -22.6458 32.4142
    endloop
  endfacet
  facet normal 0 -0.671607 -0.740908
    outer loop
      vertex -15 -18.0968 33.319
      vertex -12 -17.8787 33.1213
      vertex -12 -18.0968 33.319
    endloop
  endfacet
  facet normal -0 -0.671607 -0.740908
    outer loop
      vertex -12 -17.8787 33.1213
      vertex -15 -18.0968 33.319
      vertex -15 -17.8787 33.1213
    endloop
  endfacet
  facet normal 0 -0.671607 -0.740908
    outer loop
      vertex 12 -18.0968 33.319
      vertex 15 -17.8787 33.1213
      vertex 15 -18.0968 33.319
    endloop
  endfacet
  facet normal -0 -0.671607 -0.740908
    outer loop
      vertex 15 -17.8787 33.1213
      vertex 12 -18.0968 33.319
      vertex 12 -17.8787 33.1213
    endloop
  endfacet
  facet normal 0.85774 0.514084 0
    outer loop
      vertex -51.6518 -24.4446 6
      vertex -52.0554 -23.7712 0
      vertex -52.0554 -23.7712 6
    endloop
  endfacet
  facet normal 0.85774 0.514084 0
    outer loop
      vertex -52.0554 -23.7712 0
      vertex -51.6518 -24.4446 6
      vertex -51.6518 -24.4446 0
    endloop
  endfacet
  facet normal 0.970023 0.243015 0
    outer loop
      vertex -52.6555 -22.3223 6
      vertex -52.8463 -21.5607 0
      vertex -52.8463 -21.5607 6
    endloop
  endfacet
  facet normal 0.970023 0.243015 0
    outer loop
      vertex -52.8463 -21.5607 0
      vertex -52.6555 -22.3223 6
      vertex -52.6555 -22.3223 0
    endloop
  endfacet
  facet normal -0.336901 -0.94154 0
    outer loop
      vertex -42.6777 -12.3445 0
      vertex -41.9385 -12.609 6
      vertex -42.6777 -12.3445 6
    endloop
  endfacet
  facet normal -0.336901 -0.94154 -0
    outer loop
      vertex -41.9385 -12.609 6
      vertex -42.6777 -12.3445 0
      vertex -41.9385 -12.609 0
    endloop
  endfacet
  facet normal -0.595773 -0.803153 0
    outer loop
      vertex -40.5554 -13.3482 0
      vertex -39.9249 -13.8159 6
      vertex -40.5554 -13.3482 6
    endloop
  endfacet
  facet normal -0.595773 -0.803153 -0
    outer loop
      vertex -39.9249 -13.8159 6
      vertex -40.5554 -13.3482 0
      vertex -39.9249 -13.8159 0
    endloop
  endfacet
  facet normal 0.803153 0.595773 0
    outer loop
      vertex -51.1841 -25.0751 6
      vertex -51.6518 -24.4446 0
      vertex -51.6518 -24.4446 6
    endloop
  endfacet
  facet normal 0.803153 0.595773 0
    outer loop
      vertex -51.6518 -24.4446 0
      vertex -51.1841 -25.0751 6
      vertex -51.1841 -25.0751 0
    endloop
  endfacet
  facet normal 0.94154 -0.336901 0
    outer loop
      vertex -52.6555 -17.6777 6
      vertex -52.391 -16.9385 0
      vertex -52.391 -16.9385 6
    endloop
  endfacet
  facet normal 0.94154 -0.336901 0
    outer loop
      vertex -52.391 -16.9385 0
      vertex -52.6555 -17.6777 6
      vertex -52.6555 -17.6777 0
    endloop
  endfacet
  facet normal 0.741023 0.67148 0
    outer loop
      vertex -50.6569 -25.6569 6
      vertex -51.1841 -25.0751 0
      vertex -51.1841 -25.0751 6
    endloop
  endfacet
  facet normal 0.741023 0.67148 0
    outer loop
      vertex -51.1841 -25.0751 0
      vertex -50.6569 -25.6569 6
      vertex -50.6569 -25.6569 0
    endloop
  endfacet
  facet normal -0.146733 -0.989176 0
    outer loop
      vertex -44.2159 -12.0385 0
      vertex -43.4393 -12.1537 6
      vertex -44.2159 -12.0385 6
    endloop
  endfacet
  facet normal -0.146733 -0.989176 -0
    outer loop
      vertex -43.4393 -12.1537 6
      vertex -44.2159 -12.0385 0
      vertex -43.4393 -12.1537 0
    endloop
  endfacet
  facet normal -0.90402 -0.427489 0
    outer loop
      vertex -37.609 -16.9385 0
      vertex -37.9446 -16.2288 6
      vertex -37.9446 -16.2288 0
    endloop
  endfacet
  facet normal -0.90402 -0.427489 0
    outer loop
      vertex -37.9446 -16.2288 6
      vertex -37.609 -16.9385 0
      vertex -37.609 -16.9385 6
    endloop
  endfacet
  facet normal -0.0490418 0.998797 0
    outer loop
      vertex -44.2159 -27.9615 0
      vertex -45 -28 6
      vertex -44.2159 -27.9615 6
    endloop
  endfacet
  facet normal -0.0490418 0.998797 0
    outer loop
      vertex -45 -28 6
      vertex -44.2159 -27.9615 0
      vertex -45 -28 0
    endloop
  endfacet
  facet normal 0.998797 -0.0490418 0
    outer loop
      vertex -53 -20 6
      vertex -52.9615 -19.2159 0
      vertex -52.9615 -19.2159 6
    endloop
  endfacet
  facet normal 0.998797 -0.0490418 0
    outer loop
      vertex -52.9615 -19.2159 0
      vertex -53 -20 6
      vertex -53 -20 0
    endloop
  endfacet
  facet normal 0.0490418 -0.998797 0
    outer loop
      vertex -45.7841 -12.0385 0
      vertex -45 -12 6
      vertex -45.7841 -12.0385 6
    endloop
  endfacet
  facet normal 0.0490418 -0.998797 0
    outer loop
      vertex -45 -12 6
      vertex -45.7841 -12.0385 0
      vertex -45 -12 0
    endloop
  endfacet
  facet normal 0.146733 -0.989176 0
    outer loop
      vertex -46.5607 -12.1537 0
      vertex -45.7841 -12.0385 6
      vertex -46.5607 -12.1537 6
    endloop
  endfacet
  facet normal 0.146733 -0.989176 0
    outer loop
      vertex -45.7841 -12.0385 6
      vertex -46.5607 -12.1537 0
      vertex -45.7841 -12.0385 0
    endloop
  endfacet
  facet normal -0.243015 0.970023 0
    outer loop
      vertex -42.6777 -27.6555 0
      vertex -43.4393 -27.8463 6
      vertex -42.6777 -27.6555 6
    endloop
  endfacet
  facet normal -0.243015 0.970023 0
    outer loop
      vertex -43.4393 -27.8463 6
      vertex -42.6777 -27.6555 0
      vertex -43.4393 -27.8463 0
    endloop
  endfacet
  facet normal 0.90402 0.427489 0
    outer loop
      vertex -52.0554 -23.7712 6
      vertex -52.391 -23.0615 0
      vertex -52.391 -23.0615 6
    endloop
  endfacet
  facet normal 0.90402 0.427489 0
    outer loop
      vertex -52.391 -23.0615 0
      vertex -52.0554 -23.7712 6
      vertex -52.0554 -23.7712 0
    endloop
  endfacet
  facet normal -0.595773 0.803153 0
    outer loop
      vertex -39.9249 -26.1841 0
      vertex -40.5554 -26.6518 6
      vertex -39.9249 -26.1841 6
    endloop
  endfacet
  facet normal -0.595773 0.803153 0
    outer loop
      vertex -40.5554 -26.6518 6
      vertex -39.9249 -26.1841 0
      vertex -40.5554 -26.6518 0
    endloop
  endfacet
  facet normal -0.741023 0.67148 0
    outer loop
      vertex -39.3431 -25.6569 0
      vertex -38.8159 -25.0751 6
      vertex -38.8159 -25.0751 0
    endloop
  endfacet
  facet normal -0.741023 0.67148 0
    outer loop
      vertex -38.8159 -25.0751 6
      vertex -39.3431 -25.6569 0
      vertex -39.3431 -25.6569 6
    endloop
  endfacet
  facet normal 0.741023 -0.67148 0
    outer loop
      vertex -51.1841 -14.9249 6
      vertex -50.6569 -14.3431 0
      vertex -50.6569 -14.3431 6
    endloop
  endfacet
  facet normal 0.741023 -0.67148 0
    outer loop
      vertex -50.6569 -14.3431 0
      vertex -51.1841 -14.9249 6
      vertex -51.1841 -14.9249 0
    endloop
  endfacet
  facet normal -0.85774 0.514084 0
    outer loop
      vertex -38.3482 -24.4446 0
      vertex -37.9446 -23.7712 6
      vertex -37.9446 -23.7712 0
    endloop
  endfacet
  facet normal -0.85774 0.514084 0
    outer loop
      vertex -37.9446 -23.7712 6
      vertex -38.3482 -24.4446 0
      vertex -38.3482 -24.4446 6
    endloop
  endfacet
  facet normal 0.0490418 0.998797 -0
    outer loop
      vertex -45 -28 0
      vertex -45.7841 -27.9615 6
      vertex -45 -28 6
    endloop
  endfacet
  facet normal 0.0490418 0.998797 0
    outer loop
      vertex -45.7841 -27.9615 6
      vertex -45 -28 0
      vertex -45.7841 -27.9615 0
    endloop
  endfacet
  facet normal -0.989176 -0.146733 0
    outer loop
      vertex -37.0385 -19.2159 0
      vertex -37.1537 -18.4393 6
      vertex -37.1537 -18.4393 0
    endloop
  endfacet
  facet normal -0.989176 -0.146733 0
    outer loop
      vertex -37.1537 -18.4393 6
      vertex -37.0385 -19.2159 0
      vertex -37.0385 -19.2159 6
    endloop
  endfacet
  facet normal -0.998797 0.0490418 0
    outer loop
      vertex -37.0385 -20.7841 0
      vertex -37 -20 6
      vertex -37 -20 0
    endloop
  endfacet
  facet normal -0.998797 0.0490418 0
    outer loop
      vertex -37 -20 6
      vertex -37.0385 -20.7841 0
      vertex -37.0385 -20.7841 6
    endloop
  endfacet
  facet normal 0.67148 -0.741023 0
    outer loop
      vertex -50.6569 -14.3431 0
      vertex -50.0751 -13.8159 6
      vertex -50.6569 -14.3431 6
    endloop
  endfacet
  facet normal 0.67148 -0.741023 0
    outer loop
      vertex -50.0751 -13.8159 6
      vertex -50.6569 -14.3431 0
      vertex -50.0751 -13.8159 0
    endloop
  endfacet
  facet normal -0.514084 0.85774 0
    outer loop
      vertex -40.5554 -26.6518 0
      vertex -41.2288 -27.0554 6
      vertex -40.5554 -26.6518 6
    endloop
  endfacet
  facet normal -0.514084 0.85774 0
    outer loop
      vertex -41.2288 -27.0554 6
      vertex -40.5554 -26.6518 0
      vertex -41.2288 -27.0554 0
    endloop
  endfacet
  facet normal -0.970023 0.243015 0
    outer loop
      vertex -37.3445 -22.3223 0
      vertex -37.1537 -21.5607 6
      vertex -37.1537 -21.5607 0
    endloop
  endfacet
  facet normal -0.970023 0.243015 0
    outer loop
      vertex -37.1537 -21.5607 6
      vertex -37.3445 -22.3223 0
      vertex -37.3445 -22.3223 6
    endloop
  endfacet
  facet normal 0.243015 -0.970023 0
    outer loop
      vertex -47.3223 -12.3445 0
      vertex -46.5607 -12.1537 6
      vertex -47.3223 -12.3445 6
    endloop
  endfacet
  facet normal 0.243015 -0.970023 0
    outer loop
      vertex -46.5607 -12.1537 6
      vertex -47.3223 -12.3445 0
      vertex -46.5607 -12.1537 0
    endloop
  endfacet
  facet normal 0.514084 -0.85774 0
    outer loop
      vertex -49.4446 -13.3482 0
      vertex -48.7712 -12.9446 6
      vertex -49.4446 -13.3482 6
    endloop
  endfacet
  facet normal 0.514084 -0.85774 0
    outer loop
      vertex -48.7712 -12.9446 6
      vertex -49.4446 -13.3482 0
      vertex -48.7712 -12.9446 0
    endloop
  endfacet
  facet normal -0.970023 -0.243015 0
    outer loop
      vertex -37.1537 -18.4393 0
      vertex -37.3445 -17.6777 6
      vertex -37.3445 -17.6777 0
    endloop
  endfacet
  facet normal -0.970023 -0.243015 0
    outer loop
      vertex -37.3445 -17.6777 6
      vertex -37.1537 -18.4393 0
      vertex -37.1537 -18.4393 6
    endloop
  endfacet
  facet normal -0.94154 -0.336901 0
    outer loop
      vertex -37.3445 -17.6777 0
      vertex -37.609 -16.9385 6
      vertex -37.609 -16.9385 0
    endloop
  endfacet
  facet normal -0.94154 -0.336901 0
    outer loop
      vertex -37.609 -16.9385 6
      vertex -37.3445 -17.6777 0
      vertex -37.3445 -17.6777 6
    endloop
  endfacet
  facet normal -0.741023 -0.67148 0
    outer loop
      vertex -38.8159 -14.9249 0
      vertex -39.3431 -14.3431 6
      vertex -39.3431 -14.3431 0
    endloop
  endfacet
  facet normal -0.741023 -0.67148 0
    outer loop
      vertex -39.3431 -14.3431 6
      vertex -38.8159 -14.9249 0
      vertex -38.8159 -14.9249 6
    endloop
  endfacet
  facet normal -0.803153 0.595773 0
    outer loop
      vertex -38.8159 -25.0751 0
      vertex -38.3482 -24.4446 6
      vertex -38.3482 -24.4446 0
    endloop
  endfacet
  facet normal -0.803153 0.595773 0
    outer loop
      vertex -38.3482 -24.4446 6
      vertex -38.8159 -25.0751 0
      vertex -38.8159 -25.0751 6
    endloop
  endfacet
  facet normal -0.67148 -0.741023 0
    outer loop
      vertex -39.9249 -13.8159 0
      vertex -39.3431 -14.3431 6
      vertex -39.9249 -13.8159 6
    endloop
  endfacet
  facet normal -0.67148 -0.741023 -0
    outer loop
      vertex -39.3431 -14.3431 6
      vertex -39.9249 -13.8159 0
      vertex -39.3431 -14.3431 0
    endloop
  endfacet
  facet normal 0.336901 0.94154 -0
    outer loop
      vertex -47.3223 -27.6555 0
      vertex -48.0615 -27.391 6
      vertex -47.3223 -27.6555 6
    endloop
  endfacet
  facet normal 0.336901 0.94154 0
    outer loop
      vertex -48.0615 -27.391 6
      vertex -47.3223 -27.6555 0
      vertex -48.0615 -27.391 0
    endloop
  endfacet
  facet normal 0.427489 0.90402 -0
    outer loop
      vertex -48.0615 -27.391 0
      vertex -48.7712 -27.0554 6
      vertex -48.0615 -27.391 6
    endloop
  endfacet
  facet normal 0.427489 0.90402 0
    outer loop
      vertex -48.7712 -27.0554 6
      vertex -48.0615 -27.391 0
      vertex -48.7712 -27.0554 0
    endloop
  endfacet
  facet normal -0.998797 -0.0490418 0
    outer loop
      vertex -37 -20 0
      vertex -37.0385 -19.2159 6
      vertex -37.0385 -19.2159 0
    endloop
  endfacet
  facet normal -0.998797 -0.0490418 0
    outer loop
      vertex -37.0385 -19.2159 6
      vertex -37 -20 0
      vertex -37 -20 6
    endloop
  endfacet
  facet normal -0.85774 -0.514084 0
    outer loop
      vertex -37.9446 -16.2288 0
      vertex -38.3482 -15.5554 6
      vertex -38.3482 -15.5554 0
    endloop
  endfacet
  facet normal -0.85774 -0.514084 0
    outer loop
      vertex -38.3482 -15.5554 6
      vertex -37.9446 -16.2288 0
      vertex -37.9446 -16.2288 6
    endloop
  endfacet
  facet normal -0.146733 0.989176 0
    outer loop
      vertex -43.4393 -27.8463 0
      vertex -44.2159 -27.9615 6
      vertex -43.4393 -27.8463 6
    endloop
  endfacet
  facet normal -0.146733 0.989176 0
    outer loop
      vertex -44.2159 -27.9615 6
      vertex -43.4393 -27.8463 0
      vertex -44.2159 -27.9615 0
    endloop
  endfacet
  facet normal 0.989176 -0.146733 0
    outer loop
      vertex -52.9615 -19.2159 6
      vertex -52.8463 -18.4393 0
      vertex -52.8463 -18.4393 6
    endloop
  endfacet
  facet normal 0.989176 -0.146733 0
    outer loop
      vertex -52.8463 -18.4393 0
      vertex -52.9615 -19.2159 6
      vertex -52.9615 -19.2159 0
    endloop
  endfacet
  facet normal -0.989176 0.146733 0
    outer loop
      vertex -37.1537 -21.5607 0
      vertex -37.0385 -20.7841 6
      vertex -37.0385 -20.7841 0
    endloop
  endfacet
  facet normal -0.989176 0.146733 0
    outer loop
      vertex -37.0385 -20.7841 6
      vertex -37.1537 -21.5607 0
      vertex -37.1537 -21.5607 6
    endloop
  endfacet
  facet normal 0.94154 0.336901 0
    outer loop
      vertex -52.391 -23.0615 6
      vertex -52.6555 -22.3223 0
      vertex -52.6555 -22.3223 6
    endloop
  endfacet
  facet normal 0.94154 0.336901 0
    outer loop
      vertex -52.6555 -22.3223 0
      vertex -52.391 -23.0615 6
      vertex -52.391 -23.0615 0
    endloop
  endfacet
  facet normal 0.998797 0.0490418 0
    outer loop
      vertex -52.9615 -20.7841 6
      vertex -53 -20 0
      vertex -53 -20 6
    endloop
  endfacet
  facet normal 0.998797 0.0490418 0
    outer loop
      vertex -53 -20 0
      vertex -52.9615 -20.7841 6
      vertex -52.9615 -20.7841 0
    endloop
  endfacet
  facet normal -0.94154 0.336901 0
    outer loop
      vertex -37.609 -23.0615 0
      vertex -37.3445 -22.3223 6
      vertex -37.3445 -22.3223 0
    endloop
  endfacet
  facet normal -0.94154 0.336901 0
    outer loop
      vertex -37.3445 -22.3223 6
      vertex -37.609 -23.0615 0
      vertex -37.609 -23.0615 6
    endloop
  endfacet
  facet normal -0.90402 0.427489 0
    outer loop
      vertex -37.9446 -23.7712 0
      vertex -37.609 -23.0615 6
      vertex -37.609 -23.0615 0
    endloop
  endfacet
  facet normal -0.90402 0.427489 0
    outer loop
      vertex -37.609 -23.0615 6
      vertex -37.9446 -23.7712 0
      vertex -37.9446 -23.7712 6
    endloop
  endfacet
  facet normal -0.803153 -0.595773 0
    outer loop
      vertex -38.3482 -15.5554 0
      vertex -38.8159 -14.9249 6
      vertex -38.8159 -14.9249 0
    endloop
  endfacet
  facet normal -0.803153 -0.595773 0
    outer loop
      vertex -38.8159 -14.9249 6
      vertex -38.3482 -15.5554 0
      vertex -38.3482 -15.5554 6
    endloop
  endfacet
  facet normal -0.427489 -0.90402 0
    outer loop
      vertex -41.9385 -12.609 0
      vertex -41.2288 -12.9446 6
      vertex -41.9385 -12.609 6
    endloop
  endfacet
  facet normal -0.427489 -0.90402 -0
    outer loop
      vertex -41.2288 -12.9446 6
      vertex -41.9385 -12.609 0
      vertex -41.2288 -12.9446 0
    endloop
  endfacet
  facet normal 0.803153 -0.595773 0
    outer loop
      vertex -51.6518 -15.5554 6
      vertex -51.1841 -14.9249 0
      vertex -51.1841 -14.9249 6
    endloop
  endfacet
  facet normal 0.803153 -0.595773 0
    outer loop
      vertex -51.1841 -14.9249 0
      vertex -51.6518 -15.5554 6
      vertex -51.6518 -15.5554 0
    endloop
  endfacet
  facet normal 0.595773 -0.803153 0
    outer loop
      vertex -50.0751 -13.8159 0
      vertex -49.4446 -13.3482 6
      vertex -50.0751 -13.8159 6
    endloop
  endfacet
  facet normal 0.595773 -0.803153 0
    outer loop
      vertex -49.4446 -13.3482 6
      vertex -50.0751 -13.8159 0
      vertex -49.4446 -13.3482 0
    endloop
  endfacet
  facet normal -0.514084 -0.85774 0
    outer loop
      vertex -41.2288 -12.9446 0
      vertex -40.5554 -13.3482 6
      vertex -41.2288 -12.9446 6
    endloop
  endfacet
  facet normal -0.514084 -0.85774 -0
    outer loop
      vertex -40.5554 -13.3482 6
      vertex -41.2288 -12.9446 0
      vertex -40.5554 -13.3482 0
    endloop
  endfacet
  facet normal -0.243015 -0.970023 0
    outer loop
      vertex -43.4393 -12.1537 0
      vertex -42.6777 -12.3445 6
      vertex -43.4393 -12.1537 6
    endloop
  endfacet
  facet normal -0.243015 -0.970023 -0
    outer loop
      vertex -42.6777 -12.3445 6
      vertex -43.4393 -12.1537 0
      vertex -42.6777 -12.3445 0
    endloop
  endfacet
  facet normal 0.970023 -0.243015 0
    outer loop
      vertex -52.8463 -18.4393 6
      vertex -52.6555 -17.6777 0
      vertex -52.6555 -17.6777 6
    endloop
  endfacet
  facet normal 0.970023 -0.243015 0
    outer loop
      vertex -52.6555 -17.6777 0
      vertex -52.8463 -18.4393 6
      vertex -52.8463 -18.4393 0
    endloop
  endfacet
  facet normal 0.243015 0.970023 -0
    outer loop
      vertex -46.5607 -27.8463 0
      vertex -47.3223 -27.6555 6
      vertex -46.5607 -27.8463 6
    endloop
  endfacet
  facet normal 0.243015 0.970023 0
    outer loop
      vertex -47.3223 -27.6555 6
      vertex -46.5607 -27.8463 0
      vertex -47.3223 -27.6555 0
    endloop
  endfacet
  facet normal 0.336901 -0.94154 0
    outer loop
      vertex -48.0615 -12.609 0
      vertex -47.3223 -12.3445 6
      vertex -48.0615 -12.609 6
    endloop
  endfacet
  facet normal 0.336901 -0.94154 0
    outer loop
      vertex -47.3223 -12.3445 6
      vertex -48.0615 -12.609 0
      vertex -47.3223 -12.3445 0
    endloop
  endfacet
  facet normal -0.67148 0.741023 0
    outer loop
      vertex -39.3431 -25.6569 0
      vertex -39.9249 -26.1841 6
      vertex -39.3431 -25.6569 6
    endloop
  endfacet
  facet normal -0.67148 0.741023 0
    outer loop
      vertex -39.9249 -26.1841 6
      vertex -39.3431 -25.6569 0
      vertex -39.9249 -26.1841 0
    endloop
  endfacet
  facet normal 0.90402 -0.427489 0
    outer loop
      vertex -52.391 -16.9385 6
      vertex -52.0554 -16.2288 0
      vertex -52.0554 -16.2288 6
    endloop
  endfacet
  facet normal 0.90402 -0.427489 0
    outer loop
      vertex -52.0554 -16.2288 0
      vertex -52.391 -16.9385 6
      vertex -52.391 -16.9385 0
    endloop
  endfacet
  facet normal -0.0490418 -0.998797 0
    outer loop
      vertex -45 -12 0
      vertex -44.2159 -12.0385 6
      vertex -45 -12 6
    endloop
  endfacet
  facet normal -0.0490418 -0.998797 -0
    outer loop
      vertex -44.2159 -12.0385 6
      vertex -45 -12 0
      vertex -44.2159 -12.0385 0
    endloop
  endfacet
  facet normal 0.514084 0.85774 -0
    outer loop
      vertex -48.7712 -27.0554 0
      vertex -49.4446 -26.6518 6
      vertex -48.7712 -27.0554 6
    endloop
  endfacet
  facet normal 0.514084 0.85774 0
    outer loop
      vertex -49.4446 -26.6518 6
      vertex -48.7712 -27.0554 0
      vertex -49.4446 -26.6518 0
    endloop
  endfacet
  facet normal 0.989176 0.146733 0
    outer loop
      vertex -52.8463 -21.5607 6
      vertex -52.9615 -20.7841 0
      vertex -52.9615 -20.7841 6
    endloop
  endfacet
  facet normal 0.989176 0.146733 0
    outer loop
      vertex -52.9615 -20.7841 0
      vertex -52.8463 -21.5607 6
      vertex -52.8463 -21.5607 0
    endloop
  endfacet
  facet normal -0.336901 0.94154 0
    outer loop
      vertex -41.9385 -27.391 0
      vertex -42.6777 -27.6555 6
      vertex -41.9385 -27.391 6
    endloop
  endfacet
  facet normal -0.336901 0.94154 0
    outer loop
      vertex -42.6777 -27.6555 6
      vertex -41.9385 -27.391 0
      vertex -42.6777 -27.6555 0
    endloop
  endfacet
  facet normal -0.427489 0.90402 0
    outer loop
      vertex -41.2288 -27.0554 0
      vertex -41.9385 -27.391 6
      vertex -41.2288 -27.0554 6
    endloop
  endfacet
  facet normal -0.427489 0.90402 0
    outer loop
      vertex -41.9385 -27.391 6
      vertex -41.2288 -27.0554 0
      vertex -41.9385 -27.391 0
    endloop
  endfacet
  facet normal 0.67148 0.741023 -0
    outer loop
      vertex -50.0751 -26.1841 0
      vertex -50.6569 -25.6569 6
      vertex -50.0751 -26.1841 6
    endloop
  endfacet
  facet normal 0.67148 0.741023 0
    outer loop
      vertex -50.6569 -25.6569 6
      vertex -50.0751 -26.1841 0
      vertex -50.6569 -25.6569 0
    endloop
  endfacet
  facet normal 0.146733 0.989176 -0
    outer loop
      vertex -45.7841 -27.9615 0
      vertex -46.5607 -27.8463 6
      vertex -45.7841 -27.9615 6
    endloop
  endfacet
  facet normal 0.146733 0.989176 0
    outer loop
      vertex -46.5607 -27.8463 6
      vertex -45.7841 -27.9615 0
      vertex -46.5607 -27.8463 0
    endloop
  endfacet
  facet normal 0.427489 -0.90402 0
    outer loop
      vertex -48.7712 -12.9446 0
      vertex -48.0615 -12.609 6
      vertex -48.7712 -12.9446 6
    endloop
  endfacet
  facet normal 0.427489 -0.90402 0
    outer loop
      vertex -48.0615 -12.609 6
      vertex -48.7712 -12.9446 0
      vertex -48.0615 -12.609 0
    endloop
  endfacet
  facet normal 0.85774 -0.514084 0
    outer loop
      vertex -52.0554 -16.2288 6
      vertex -51.6518 -15.5554 0
      vertex -51.6518 -15.5554 6
    endloop
  endfacet
  facet normal 0.85774 -0.514084 0
    outer loop
      vertex -51.6518 -15.5554 0
      vertex -52.0554 -16.2288 6
      vertex -52.0554 -16.2288 0
    endloop
  endfacet
  facet normal 0.595773 0.803153 -0
    outer loop
      vertex -49.4446 -26.6518 0
      vertex -50.0751 -26.1841 6
      vertex -49.4446 -26.6518 6
    endloop
  endfacet
  facet normal 0.595773 0.803153 0
    outer loop
      vertex -50.0751 -26.1841 6
      vertex -49.4446 -26.6518 0
      vertex -50.0751 -26.1841 0
    endloop
  endfacet
  facet normal -0.989176 -0.146733 0
    outer loop
      vertex 52.9615 -19.2159 0
      vertex 52.8463 -18.4393 6
      vertex 52.8463 -18.4393 0
    endloop
  endfacet
  facet normal -0.989176 -0.146733 0
    outer loop
      vertex 52.8463 -18.4393 6
      vertex 52.9615 -19.2159 0
      vertex 52.9615 -19.2159 6
    endloop
  endfacet
  facet normal -0.998797 -0.0490418 0
    outer loop
      vertex 53 -20 0
      vertex 52.9615 -19.2159 6
      vertex 52.9615 -19.2159 0
    endloop
  endfacet
  facet normal -0.998797 -0.0490418 0
    outer loop
      vertex 52.9615 -19.2159 6
      vertex 53 -20 0
      vertex 53 -20 6
    endloop
  endfacet
  facet normal -0.970023 -0.243015 0
    outer loop
      vertex 52.8463 -18.4393 0
      vertex 52.6555 -17.6777 6
      vertex 52.6555 -17.6777 0
    endloop
  endfacet
  facet normal -0.970023 -0.243015 0
    outer loop
      vertex 52.6555 -17.6777 6
      vertex 52.8463 -18.4393 0
      vertex 52.8463 -18.4393 6
    endloop
  endfacet
  facet normal -0.427489 -0.90402 0
    outer loop
      vertex 48.0615 -12.609 0
      vertex 48.7712 -12.9446 6
      vertex 48.0615 -12.609 6
    endloop
  endfacet
  facet normal -0.427489 -0.90402 -0
    outer loop
      vertex 48.7712 -12.9446 6
      vertex 48.0615 -12.609 0
      vertex 48.7712 -12.9446 0
    endloop
  endfacet
  facet normal 0.243015 -0.970023 0
    outer loop
      vertex 42.6777 -12.3445 0
      vertex 43.4393 -12.1537 6
      vertex 42.6777 -12.3445 6
    endloop
  endfacet
  facet normal 0.243015 -0.970023 0
    outer loop
      vertex 43.4393 -12.1537 6
      vertex 42.6777 -12.3445 0
      vertex 43.4393 -12.1537 0
    endloop
  endfacet
  facet normal 0.146733 -0.989176 0
    outer loop
      vertex 43.4393 -12.1537 0
      vertex 44.2159 -12.0385 6
      vertex 43.4393 -12.1537 6
    endloop
  endfacet
  facet normal 0.146733 -0.989176 0
    outer loop
      vertex 44.2159 -12.0385 6
      vertex 43.4393 -12.1537 0
      vertex 44.2159 -12.0385 0
    endloop
  endfacet
  facet normal 0.336901 0.94154 -0
    outer loop
      vertex 42.6777 -27.6555 0
      vertex 41.9385 -27.391 6
      vertex 42.6777 -27.6555 6
    endloop
  endfacet
  facet normal 0.336901 0.94154 0
    outer loop
      vertex 41.9385 -27.391 6
      vertex 42.6777 -27.6555 0
      vertex 41.9385 -27.391 0
    endloop
  endfacet
  facet normal -0.146733 0.989176 0
    outer loop
      vertex 46.5607 -27.8463 0
      vertex 45.7841 -27.9615 6
      vertex 46.5607 -27.8463 6
    endloop
  endfacet
  facet normal -0.146733 0.989176 0
    outer loop
      vertex 45.7841 -27.9615 6
      vertex 46.5607 -27.8463 0
      vertex 45.7841 -27.9615 0
    endloop
  endfacet
  facet normal -0.998797 0.0490418 0
    outer loop
      vertex 52.9615 -20.7841 0
      vertex 53 -20 6
      vertex 53 -20 0
    endloop
  endfacet
  facet normal -0.998797 0.0490418 0
    outer loop
      vertex 53 -20 6
      vertex 52.9615 -20.7841 0
      vertex 52.9615 -20.7841 6
    endloop
  endfacet
  facet normal 0.970023 0.243015 0
    outer loop
      vertex 37.3445 -22.3223 6
      vertex 37.1537 -21.5607 0
      vertex 37.1537 -21.5607 6
    endloop
  endfacet
  facet normal 0.970023 0.243015 0
    outer loop
      vertex 37.1537 -21.5607 0
      vertex 37.3445 -22.3223 6
      vertex 37.3445 -22.3223 0
    endloop
  endfacet
  facet normal -0.803153 0.595773 0
    outer loop
      vertex 51.1841 -25.0751 0
      vertex 51.6518 -24.4446 6
      vertex 51.6518 -24.4446 0
    endloop
  endfacet
  facet normal -0.803153 0.595773 0
    outer loop
      vertex 51.6518 -24.4446 6
      vertex 51.1841 -25.0751 0
      vertex 51.1841 -25.0751 6
    endloop
  endfacet
  facet normal 0.595773 0.803153 -0
    outer loop
      vertex 40.5554 -26.6518 0
      vertex 39.9249 -26.1841 6
      vertex 40.5554 -26.6518 6
    endloop
  endfacet
  facet normal 0.595773 0.803153 0
    outer loop
      vertex 39.9249 -26.1841 6
      vertex 40.5554 -26.6518 0
      vertex 39.9249 -26.1841 0
    endloop
  endfacet
  facet normal 0.90402 0.427489 0
    outer loop
      vertex 37.9446 -23.7712 6
      vertex 37.609 -23.0615 0
      vertex 37.609 -23.0615 6
    endloop
  endfacet
  facet normal 0.90402 0.427489 0
    outer loop
      vertex 37.609 -23.0615 0
      vertex 37.9446 -23.7712 6
      vertex 37.9446 -23.7712 0
    endloop
  endfacet
  facet normal 0.427489 0.90402 -0
    outer loop
      vertex 41.9385 -27.391 0
      vertex 41.2288 -27.0554 6
      vertex 41.9385 -27.391 6
    endloop
  endfacet
  facet normal 0.427489 0.90402 0
    outer loop
      vertex 41.2288 -27.0554 6
      vertex 41.9385 -27.391 0
      vertex 41.2288 -27.0554 0
    endloop
  endfacet
  facet normal 0.989176 0.146733 0
    outer loop
      vertex 37.1537 -21.5607 6
      vertex 37.0385 -20.7841 0
      vertex 37.0385 -20.7841 6
    endloop
  endfacet
  facet normal 0.989176 0.146733 0
    outer loop
      vertex 37.0385 -20.7841 0
      vertex 37.1537 -21.5607 6
      vertex 37.1537 -21.5607 0
    endloop
  endfacet
  facet normal -0.970023 0.243015 0
    outer loop
      vertex 52.6555 -22.3223 0
      vertex 52.8463 -21.5607 6
      vertex 52.8463 -21.5607 0
    endloop
  endfacet
  facet normal -0.970023 0.243015 0
    outer loop
      vertex 52.8463 -21.5607 6
      vertex 52.6555 -22.3223 0
      vertex 52.6555 -22.3223 6
    endloop
  endfacet
  facet normal 0.803153 -0.595773 0
    outer loop
      vertex 38.3482 -15.5554 6
      vertex 38.8159 -14.9249 0
      vertex 38.8159 -14.9249 6
    endloop
  endfacet
  facet normal 0.803153 -0.595773 0
    outer loop
      vertex 38.8159 -14.9249 0
      vertex 38.3482 -15.5554 6
      vertex 38.3482 -15.5554 0
    endloop
  endfacet
  facet normal 0.94154 0.336901 0
    outer loop
      vertex 37.609 -23.0615 6
      vertex 37.3445 -22.3223 0
      vertex 37.3445 -22.3223 6
    endloop
  endfacet
  facet normal 0.94154 0.336901 0
    outer loop
      vertex 37.3445 -22.3223 0
      vertex 37.609 -23.0615 6
      vertex 37.609 -23.0615 0
    endloop
  endfacet
  facet normal 0.67148 -0.741023 0
    outer loop
      vertex 39.3431 -14.3431 0
      vertex 39.9249 -13.8159 6
      vertex 39.3431 -14.3431 6
    endloop
  endfacet
  facet normal 0.67148 -0.741023 0
    outer loop
      vertex 39.9249 -13.8159 6
      vertex 39.3431 -14.3431 0
      vertex 39.9249 -13.8159 0
    endloop
  endfacet
  facet normal 0.970023 -0.243015 0
    outer loop
      vertex 37.1537 -18.4393 6
      vertex 37.3445 -17.6777 0
      vertex 37.3445 -17.6777 6
    endloop
  endfacet
  facet normal 0.970023 -0.243015 0
    outer loop
      vertex 37.3445 -17.6777 0
      vertex 37.1537 -18.4393 6
      vertex 37.1537 -18.4393 0
    endloop
  endfacet
  facet normal 0.803153 0.595773 0
    outer loop
      vertex 38.8159 -25.0751 6
      vertex 38.3482 -24.4446 0
      vertex 38.3482 -24.4446 6
    endloop
  endfacet
  facet normal 0.803153 0.595773 0
    outer loop
      vertex 38.3482 -24.4446 0
      vertex 38.8159 -25.0751 6
      vertex 38.8159 -25.0751 0
    endloop
  endfacet
  facet normal 0.85774 0.514084 0
    outer loop
      vertex 38.3482 -24.4446 6
      vertex 37.9446 -23.7712 0
      vertex 37.9446 -23.7712 6
    endloop
  endfacet
  facet normal 0.85774 0.514084 0
    outer loop
      vertex 37.9446 -23.7712 0
      vertex 38.3482 -24.4446 6
      vertex 38.3482 -24.4446 0
    endloop
  endfacet
  facet normal 0.336901 -0.94154 0
    outer loop
      vertex 41.9385 -12.609 0
      vertex 42.6777 -12.3445 6
      vertex 41.9385 -12.609 6
    endloop
  endfacet
  facet normal 0.336901 -0.94154 0
    outer loop
      vertex 42.6777 -12.3445 6
      vertex 41.9385 -12.609 0
      vertex 42.6777 -12.3445 0
    endloop
  endfacet
  facet normal 0.514084 0.85774 -0
    outer loop
      vertex 41.2288 -27.0554 0
      vertex 40.5554 -26.6518 6
      vertex 41.2288 -27.0554 6
    endloop
  endfacet
  facet normal 0.514084 0.85774 0
    outer loop
      vertex 40.5554 -26.6518 6
      vertex 41.2288 -27.0554 0
      vertex 40.5554 -26.6518 0
    endloop
  endfacet
  facet normal -0.514084 -0.85774 0
    outer loop
      vertex 48.7712 -12.9446 0
      vertex 49.4446 -13.3482 6
      vertex 48.7712 -12.9446 6
    endloop
  endfacet
  facet normal -0.514084 -0.85774 -0
    outer loop
      vertex 49.4446 -13.3482 6
      vertex 48.7712 -12.9446 0
      vertex 49.4446 -13.3482 0
    endloop
  endfacet
  facet normal 0.514084 -0.85774 0
    outer loop
      vertex 40.5554 -13.3482 0
      vertex 41.2288 -12.9446 6
      vertex 40.5554 -13.3482 6
    endloop
  endfacet
  facet normal 0.514084 -0.85774 0
    outer loop
      vertex 41.2288 -12.9446 6
      vertex 40.5554 -13.3482 0
      vertex 41.2288 -12.9446 0
    endloop
  endfacet
  facet normal -0.803153 -0.595773 0
    outer loop
      vertex 51.6518 -15.5554 0
      vertex 51.1841 -14.9249 6
      vertex 51.1841 -14.9249 0
    endloop
  endfacet
  facet normal -0.803153 -0.595773 0
    outer loop
      vertex 51.1841 -14.9249 6
      vertex 51.6518 -15.5554 0
      vertex 51.6518 -15.5554 6
    endloop
  endfacet
  facet normal -0.67148 0.741023 0
    outer loop
      vertex 50.6569 -25.6569 0
      vertex 50.0751 -26.1841 6
      vertex 50.6569 -25.6569 6
    endloop
  endfacet
  facet normal -0.67148 0.741023 0
    outer loop
      vertex 50.0751 -26.1841 6
      vertex 50.6569 -25.6569 0
      vertex 50.0751 -26.1841 0
    endloop
  endfacet
  facet normal -0.336901 -0.94154 0
    outer loop
      vertex 47.3223 -12.3445 0
      vertex 48.0615 -12.609 6
      vertex 47.3223 -12.3445 6
    endloop
  endfacet
  facet normal -0.336901 -0.94154 -0
    outer loop
      vertex 48.0615 -12.609 6
      vertex 47.3223 -12.3445 0
      vertex 48.0615 -12.609 0
    endloop
  endfacet
  facet normal 0.146733 0.989176 -0
    outer loop
      vertex 44.2159 -27.9615 0
      vertex 43.4393 -27.8463 6
      vertex 44.2159 -27.9615 6
    endloop
  endfacet
  facet normal 0.146733 0.989176 0
    outer loop
      vertex 43.4393 -27.8463 6
      vertex 44.2159 -27.9615 0
      vertex 43.4393 -27.8463 0
    endloop
  endfacet
  facet normal -0.0490418 -0.998797 0
    outer loop
      vertex 45 -12 0
      vertex 45.7841 -12.0385 6
      vertex 45 -12 6
    endloop
  endfacet
  facet normal -0.0490418 -0.998797 -0
    outer loop
      vertex 45.7841 -12.0385 6
      vertex 45 -12 0
      vertex 45.7841 -12.0385 0
    endloop
  endfacet
  facet normal 0.94154 -0.336901 0
    outer loop
      vertex 37.3445 -17.6777 6
      vertex 37.609 -16.9385 0
      vertex 37.609 -16.9385 6
    endloop
  endfacet
  facet normal 0.94154 -0.336901 0
    outer loop
      vertex 37.609 -16.9385 0
      vertex 37.3445 -17.6777 6
      vertex 37.3445 -17.6777 0
    endloop
  endfacet
  facet normal -0.336901 0.94154 0
    outer loop
      vertex 48.0615 -27.391 0
      vertex 47.3223 -27.6555 6
      vertex 48.0615 -27.391 6
    endloop
  endfacet
  facet normal -0.336901 0.94154 0
    outer loop
      vertex 47.3223 -27.6555 6
      vertex 48.0615 -27.391 0
      vertex 47.3223 -27.6555 0
    endloop
  endfacet
  facet normal -0.427489 0.90402 0
    outer loop
      vertex 48.7712 -27.0554 0
      vertex 48.0615 -27.391 6
      vertex 48.7712 -27.0554 6
    endloop
  endfacet
  facet normal -0.427489 0.90402 0
    outer loop
      vertex 48.0615 -27.391 6
      vertex 48.7712 -27.0554 0
      vertex 48.0615 -27.391 0
    endloop
  endfacet
  facet normal -0.989176 0.146733 0
    outer loop
      vertex 52.8463 -21.5607 0
      vertex 52.9615 -20.7841 6
      vertex 52.9615 -20.7841 0
    endloop
  endfacet
  facet normal -0.989176 0.146733 0
    outer loop
      vertex 52.9615 -20.7841 6
      vertex 52.8463 -21.5607 0
      vertex 52.8463 -21.5607 6
    endloop
  endfacet
  facet normal 0.741023 0.67148 0
    outer loop
      vertex 39.3431 -25.6569 6
      vertex 38.8159 -25.0751 0
      vertex 38.8159 -25.0751 6
    endloop
  endfacet
  facet normal 0.741023 0.67148 0
    outer loop
      vertex 38.8159 -25.0751 0
      vertex 39.3431 -25.6569 6
      vertex 39.3431 -25.6569 0
    endloop
  endfacet
  facet normal -0.243015 -0.970023 0
    outer loop
      vertex 46.5607 -12.1537 0
      vertex 47.3223 -12.3445 6
      vertex 46.5607 -12.1537 6
    endloop
  endfacet
  facet normal -0.243015 -0.970023 -0
    outer loop
      vertex 47.3223 -12.3445 6
      vertex 46.5607 -12.1537 0
      vertex 47.3223 -12.3445 0
    endloop
  endfacet
  facet normal -0.94154 -0.336901 0
    outer loop
      vertex 52.6555 -17.6777 0
      vertex 52.391 -16.9385 6
      vertex 52.391 -16.9385 0
    endloop
  endfacet
  facet normal -0.94154 -0.336901 0
    outer loop
      vertex 52.391 -16.9385 6
      vertex 52.6555 -17.6777 0
      vertex 52.6555 -17.6777 6
    endloop
  endfacet
  facet normal 0.427489 -0.90402 0
    outer loop
      vertex 41.2288 -12.9446 0
      vertex 41.9385 -12.609 6
      vertex 41.2288 -12.9446 6
    endloop
  endfacet
  facet normal 0.427489 -0.90402 0
    outer loop
      vertex 41.9385 -12.609 6
      vertex 41.2288 -12.9446 0
      vertex 41.9385 -12.609 0
    endloop
  endfacet
  facet normal -0.595773 -0.803153 0
    outer loop
      vertex 49.4446 -13.3482 0
      vertex 50.0751 -13.8159 6
      vertex 49.4446 -13.3482 6
    endloop
  endfacet
  facet normal -0.595773 -0.803153 -0
    outer loop
      vertex 50.0751 -13.8159 6
      vertex 49.4446 -13.3482 0
      vertex 50.0751 -13.8159 0
    endloop
  endfacet
  facet normal -0.90402 -0.427489 0
    outer loop
      vertex 52.391 -16.9385 0
      vertex 52.0554 -16.2288 6
      vertex 52.0554 -16.2288 0
    endloop
  endfacet
  facet normal -0.90402 -0.427489 0
    outer loop
      vertex 52.0554 -16.2288 6
      vertex 52.391 -16.9385 0
      vertex 52.391 -16.9385 6
    endloop
  endfacet
  facet normal 0.989176 -0.146733 0
    outer loop
      vertex 37.0385 -19.2159 6
      vertex 37.1537 -18.4393 0
      vertex 37.1537 -18.4393 6
    endloop
  endfacet
  facet normal 0.989176 -0.146733 0
    outer loop
      vertex 37.1537 -18.4393 0
      vertex 37.0385 -19.2159 6
      vertex 37.0385 -19.2159 0
    endloop
  endfacet
  facet normal 0.595773 -0.803153 0
    outer loop
      vertex 39.9249 -13.8159 0
      vertex 40.5554 -13.3482 6
      vertex 39.9249 -13.8159 6
    endloop
  endfacet
  facet normal 0.595773 -0.803153 0
    outer loop
      vertex 40.5554 -13.3482 6
      vertex 39.9249 -13.8159 0
      vertex 40.5554 -13.3482 0
    endloop
  endfacet
  facet normal -0.85774 -0.514084 0
    outer loop
      vertex 52.0554 -16.2288 0
      vertex 51.6518 -15.5554 6
      vertex 51.6518 -15.5554 0
    endloop
  endfacet
  facet normal -0.85774 -0.514084 0
    outer loop
      vertex 51.6518 -15.5554 6
      vertex 52.0554 -16.2288 0
      vertex 52.0554 -16.2288 6
    endloop
  endfacet
  facet normal 0.0490418 -0.998797 0
    outer loop
      vertex 44.2159 -12.0385 0
      vertex 45 -12 6
      vertex 44.2159 -12.0385 6
    endloop
  endfacet
  facet normal 0.0490418 -0.998797 0
    outer loop
      vertex 45 -12 6
      vertex 44.2159 -12.0385 0
      vertex 45 -12 0
    endloop
  endfacet
  facet normal -0.90402 0.427489 0
    outer loop
      vertex 52.0554 -23.7712 0
      vertex 52.391 -23.0615 6
      vertex 52.391 -23.0615 0
    endloop
  endfacet
  facet normal -0.90402 0.427489 0
    outer loop
      vertex 52.391 -23.0615 6
      vertex 52.0554 -23.7712 0
      vertex 52.0554 -23.7712 6
    endloop
  endfacet
  facet normal -0.741023 0.67148 0
    outer loop
      vertex 50.6569 -25.6569 0
      vertex 51.1841 -25.0751 6
      vertex 51.1841 -25.0751 0
    endloop
  endfacet
  facet normal -0.741023 0.67148 0
    outer loop
      vertex 51.1841 -25.0751 6
      vertex 50.6569 -25.6569 0
      vertex 50.6569 -25.6569 6
    endloop
  endfacet
  facet normal 0.0490418 0.998797 -0
    outer loop
      vertex 45 -28 0
      vertex 44.2159 -27.9615 6
      vertex 45 -28 6
    endloop
  endfacet
  facet normal 0.0490418 0.998797 0
    outer loop
      vertex 44.2159 -27.9615 6
      vertex 45 -28 0
      vertex 44.2159 -27.9615 0
    endloop
  endfacet
  facet normal -0.0490418 0.998797 0
    outer loop
      vertex 45.7841 -27.9615 0
      vertex 45 -28 6
      vertex 45.7841 -27.9615 6
    endloop
  endfacet
  facet normal -0.0490418 0.998797 0
    outer loop
      vertex 45 -28 6
      vertex 45.7841 -27.9615 0
      vertex 45 -28 0
    endloop
  endfacet
  facet normal 0.741023 -0.67148 0
    outer loop
      vertex 38.8159 -14.9249 6
      vertex 39.3431 -14.3431 0
      vertex 39.3431 -14.3431 6
    endloop
  endfacet
  facet normal 0.741023 -0.67148 0
    outer loop
      vertex 39.3431 -14.3431 0
      vertex 38.8159 -14.9249 6
      vertex 38.8159 -14.9249 0
    endloop
  endfacet
  facet normal -0.243015 0.970023 0
    outer loop
      vertex 47.3223 -27.6555 0
      vertex 46.5607 -27.8463 6
      vertex 47.3223 -27.6555 6
    endloop
  endfacet
  facet normal -0.243015 0.970023 0
    outer loop
      vertex 46.5607 -27.8463 6
      vertex 47.3223 -27.6555 0
      vertex 46.5607 -27.8463 0
    endloop
  endfacet
  facet normal -0.94154 0.336901 0
    outer loop
      vertex 52.391 -23.0615 0
      vertex 52.6555 -22.3223 6
      vertex 52.6555 -22.3223 0
    endloop
  endfacet
  facet normal -0.94154 0.336901 0
    outer loop
      vertex 52.6555 -22.3223 6
      vertex 52.391 -23.0615 0
      vertex 52.391 -23.0615 6
    endloop
  endfacet
  facet normal -0.67148 -0.741023 0
    outer loop
      vertex 50.0751 -13.8159 0
      vertex 50.6569 -14.3431 6
      vertex 50.0751 -13.8159 6
    endloop
  endfacet
  facet normal -0.67148 -0.741023 -0
    outer loop
      vertex 50.6569 -14.3431 6
      vertex 50.0751 -13.8159 0
      vertex 50.6569 -14.3431 0
    endloop
  endfacet
  facet normal -0.741023 -0.67148 0
    outer loop
      vertex 51.1841 -14.9249 0
      vertex 50.6569 -14.3431 6
      vertex 50.6569 -14.3431 0
    endloop
  endfacet
  facet normal -0.741023 -0.67148 0
    outer loop
      vertex 50.6569 -14.3431 6
      vertex 51.1841 -14.9249 0
      vertex 51.1841 -14.9249 6
    endloop
  endfacet
  facet normal -0.595773 0.803153 0
    outer loop
      vertex 50.0751 -26.1841 0
      vertex 49.4446 -26.6518 6
      vertex 50.0751 -26.1841 6
    endloop
  endfacet
  facet normal -0.595773 0.803153 0
    outer loop
      vertex 49.4446 -26.6518 6
      vertex 50.0751 -26.1841 0
      vertex 49.4446 -26.6518 0
    endloop
  endfacet
  facet normal -0.514084 0.85774 0
    outer loop
      vertex 49.4446 -26.6518 0
      vertex 48.7712 -27.0554 6
      vertex 49.4446 -26.6518 6
    endloop
  endfacet
  facet normal -0.514084 0.85774 0
    outer loop
      vertex 48.7712 -27.0554 6
      vertex 49.4446 -26.6518 0
      vertex 48.7712 -27.0554 0
    endloop
  endfacet
  facet normal -0.146733 -0.989176 0
    outer loop
      vertex 45.7841 -12.0385 0
      vertex 46.5607 -12.1537 6
      vertex 45.7841 -12.0385 6
    endloop
  endfacet
  facet normal -0.146733 -0.989176 -0
    outer loop
      vertex 46.5607 -12.1537 6
      vertex 45.7841 -12.0385 0
      vertex 46.5607 -12.1537 0
    endloop
  endfacet
  facet normal -0.85774 0.514084 0
    outer loop
      vertex 51.6518 -24.4446 0
      vertex 52.0554 -23.7712 6
      vertex 52.0554 -23.7712 0
    endloop
  endfacet
  facet normal -0.85774 0.514084 0
    outer loop
      vertex 52.0554 -23.7712 6
      vertex 51.6518 -24.4446 0
      vertex 51.6518 -24.4446 6
    endloop
  endfacet
  facet normal 0.85774 -0.514084 0
    outer loop
      vertex 37.9446 -16.2288 6
      vertex 38.3482 -15.5554 0
      vertex 38.3482 -15.5554 6
    endloop
  endfacet
  facet normal 0.85774 -0.514084 0
    outer loop
      vertex 38.3482 -15.5554 0
      vertex 37.9446 -16.2288 6
      vertex 37.9446 -16.2288 0
    endloop
  endfacet
  facet normal 0.67148 0.741023 -0
    outer loop
      vertex 39.9249 -26.1841 0
      vertex 39.3431 -25.6569 6
      vertex 39.9249 -26.1841 6
    endloop
  endfacet
  facet normal 0.67148 0.741023 0
    outer loop
      vertex 39.3431 -25.6569 6
      vertex 39.9249 -26.1841 0
      vertex 39.3431 -25.6569 0
    endloop
  endfacet
  facet normal 0.243015 0.970023 -0
    outer loop
      vertex 43.4393 -27.8463 0
      vertex 42.6777 -27.6555 6
      vertex 43.4393 -27.8463 6
    endloop
  endfacet
  facet normal 0.243015 0.970023 0
    outer loop
      vertex 42.6777 -27.6555 6
      vertex 43.4393 -27.8463 0
      vertex 42.6777 -27.6555 0
    endloop
  endfacet
  facet normal 0.998797 -0.0490418 0
    outer loop
      vertex 37 -20 6
      vertex 37.0385 -19.2159 0
      vertex 37.0385 -19.2159 6
    endloop
  endfacet
  facet normal 0.998797 -0.0490418 0
    outer loop
      vertex 37.0385 -19.2159 0
      vertex 37 -20 6
      vertex 37 -20 0
    endloop
  endfacet
  facet normal 0.998797 0.0490418 0
    outer loop
      vertex 37.0385 -20.7841 6
      vertex 37 -20 0
      vertex 37 -20 6
    endloop
  endfacet
  facet normal 0.998797 0.0490418 0
    outer loop
      vertex 37 -20 0
      vertex 37.0385 -20.7841 6
      vertex 37.0385 -20.7841 0
    endloop
  endfacet
  facet normal 0.90402 -0.427489 0
    outer loop
      vertex 37.609 -16.9385 6
      vertex 37.9446 -16.2288 0
      vertex 37.9446 -16.2288 6
    endloop
  endfacet
  facet normal 0.90402 -0.427489 0
    outer loop
      vertex 37.9446 -16.2288 0
      vertex 37.609 -16.9385 6
      vertex 37.609 -16.9385 0
    endloop
  endfacet
endsolid OpenSCAD_Model
