solid OpenSCAD_Model
  facet normal 0.707107 0 -0.707107
    outer loop
      vertex -50.2156 19.1894 53.4464
      vertex -50 30 53.662
      vertex -50 19.2 53.662
    endloop
  endfacet
  facet normal 0.707107 0 -0.707107
    outer loop
      vertex -50.4292 19.1577 53.2328
      vertex -50 30 53.662
      vertex -50.2156 19.1894 53.4464
    endloop
  endfacet
  facet normal 0.707107 0 -0.707107
    outer loop
      vertex -50.6386 19.1053 53.0234
      vertex -50 30 53.662
      vertex -50.4292 19.1577 53.2328
    endloop
  endfacet
  facet normal 0.707107 6.65506e-17 -0.707107
    outer loop
      vertex -50 30 53.662
      vertex -50.6386 19.1053 53.0234
      vertex -54.331 30 49.331
    endloop
  endfacet
  facet normal 0.707107 4.10903e-16 -0.707107
    outer loop
      vertex -50.8419 19.0325 52.8201
      vertex -54.331 30 49.331
      vertex -50.6386 19.1053 53.0234
    endloop
  endfacet
  facet normal 0.706949 -0.000100196 -0.707264
    outer loop
      vertex -51.0371 18.9402 52.625
      vertex -54.331 30 49.331
      vertex -50.8419 19.0325 52.8201
    endloop
  endfacet
  facet normal 0.707108 -5.42508e-06 -0.707105
    outer loop
      vertex -51.2223 18.8292 52.4398
      vertex -54.331 30 49.331
      vertex -51.0371 18.9402 52.625
    endloop
  endfacet
  facet normal 0.707109 -5.24701e-06 -0.707105
    outer loop
      vertex -51.3957 18.7006 52.2664
      vertex -54.331 30 49.331
      vertex -51.2223 18.8292 52.4398
    endloop
  endfacet
  facet normal 0.707288 8.78878e-05 -0.706926
    outer loop
      vertex -51.5556 18.5556 52.1064
      vertex -54.331 30 49.331
      vertex -51.3957 18.7006 52.2664
    endloop
  endfacet
  facet normal 0.707107 3.54595e-16 -0.707107
    outer loop
      vertex -51.7006 18.3957 51.9614
      vertex -54.331 30 49.331
      vertex -51.5556 18.5556 52.1064
    endloop
  endfacet
  facet normal 0.707107 3.42476e-16 -0.707107
    outer loop
      vertex -51.8292 18.2223 51.8328
      vertex -54.331 30 49.331
      vertex -51.7006 18.3957 51.9614
    endloop
  endfacet
  facet normal 0.707107 3.10355e-16 -0.707107
    outer loop
      vertex -51.9402 18.0371 51.7218
      vertex -54.331 30 49.331
      vertex -51.8292 18.2223 51.8328
    endloop
  endfacet
  facet normal 0.707107 2.99853e-16 -0.707107
    outer loop
      vertex -52.0325 17.8419 51.6295
      vertex -54.331 30 49.331
      vertex -51.9402 18.0371 51.7218
    endloop
  endfacet
  facet normal 0.706789 -0.000120232 -0.707425
    outer loop
      vertex -52.1053 17.6386 51.5568
      vertex -54.331 30 49.331
      vertex -52.0325 17.8419 51.6295
    endloop
  endfacet
  facet normal 0.707505 0.000137896 -0.706708
    outer loop
      vertex -52.1577 17.4292 51.5043
      vertex -54.331 30 49.331
      vertex -52.1053 17.6386 51.5568
    endloop
  endfacet
  facet normal 0.707107 1.81995e-16 -0.707107
    outer loop
      vertex -52.1894 17.2156 51.4726
      vertex -54.331 30 49.331
      vertex -52.1577 17.4292 51.5043
    endloop
  endfacet
  facet normal 0.707107 -1.79258e-14 -0.707107
    outer loop
      vertex -52.2 17 51.462
      vertex -54.331 30 49.331
      vertex -52.1894 17.2156 51.4726
    endloop
  endfacet
  facet normal 0.707107 1.78765e-14 -0.707107
    outer loop
      vertex -54.331 4 49.331
      vertex -52.2 17 51.462
      vertex -52.1894 16.7844 51.4726
    endloop
  endfacet
  facet normal 0.707107 0 -0.707107
    outer loop
      vertex -54.331 4 49.331
      vertex -52.1894 16.7844 51.4726
      vertex -52.1577 16.5708 51.5043
    endloop
  endfacet
  facet normal 0.707107 0 -0.707107
    outer loop
      vertex -50 4 53.662
      vertex -50.2156 14.8106 53.4464
      vertex -50 14.8 53.662
    endloop
  endfacet
  facet normal 0.707107 0 -0.707107
    outer loop
      vertex -50 4 53.662
      vertex -50.4292 14.8423 53.2328
      vertex -50.2156 14.8106 53.4464
    endloop
  endfacet
  facet normal 0.707107 0 -0.707107
    outer loop
      vertex -50 4 53.662
      vertex -50.6386 14.8947 53.0234
      vertex -50.4292 14.8423 53.2328
    endloop
  endfacet
  facet normal 0.707107 -7.98607e-17 -0.707107
    outer loop
      vertex -54.331 4 49.331
      vertex -50.6386 14.8947 53.0234
      vertex -50 4 53.662
    endloop
  endfacet
  facet normal 0.707107 -4.10903e-16 -0.707107
    outer loop
      vertex -50.6386 14.8947 53.0234
      vertex -54.331 4 49.331
      vertex -50.8419 14.9675 52.8201
    endloop
  endfacet
  facet normal 0.706949 0.000100196 -0.707264
    outer loop
      vertex -50.8419 14.9675 52.8201
      vertex -54.331 4 49.331
      vertex -51.0371 15.0598 52.625
    endloop
  endfacet
  facet normal 0.707108 5.42508e-06 -0.707105
    outer loop
      vertex -51.0371 15.0598 52.625
      vertex -54.331 4 49.331
      vertex -51.2223 15.1708 52.4398
    endloop
  endfacet
  facet normal 0.707109 5.24701e-06 -0.707105
    outer loop
      vertex -51.2223 15.1708 52.4398
      vertex -54.331 4 49.331
      vertex -51.3957 15.2994 52.2664
    endloop
  endfacet
  facet normal 0.707288 -8.78878e-05 -0.706926
    outer loop
      vertex -51.3957 15.2994 52.2664
      vertex -54.331 4 49.331
      vertex -51.5556 15.4444 52.1064
    endloop
  endfacet
  facet normal 0.707107 -3.54595e-16 -0.707107
    outer loop
      vertex -51.5556 15.4444 52.1064
      vertex -54.331 4 49.331
      vertex -51.7006 15.6043 51.9614
    endloop
  endfacet
  facet normal 0.707107 -3.22331e-16 -0.707107
    outer loop
      vertex -51.7006 15.6043 51.9614
      vertex -54.331 4 49.331
      vertex -51.8292 15.7777 51.8328
    endloop
  endfacet
  facet normal 0.707107 -3.10355e-16 -0.707107
    outer loop
      vertex -51.8292 15.7777 51.8328
      vertex -54.331 4 49.331
      vertex -51.9402 15.9629 51.7218
    endloop
  endfacet
  facet normal 0.707107 -2.8736e-16 -0.707107
    outer loop
      vertex -51.9402 15.9629 51.7218
      vertex -54.331 4 49.331
      vertex -52.0325 16.1581 51.6295
    endloop
  endfacet
  facet normal 0.706789 0.000120232 -0.707425
    outer loop
      vertex -52.0325 16.1581 51.6295
      vertex -54.331 4 49.331
      vertex -52.1053 16.3614 51.5568
    endloop
  endfacet
  facet normal 0.707107 0 -0.707107
    outer loop
      vertex -52.2 17 51.462
      vertex -54.331 4 49.331
      vertex -54.331 30 49.331
    endloop
  endfacet
  facet normal 0.707505 -0.000137896 -0.706708
    outer loop
      vertex -52.1053 16.3614 51.5568
      vertex -54.331 4 49.331
      vertex -52.1577 16.5708 51.5043
    endloop
  endfacet
  facet normal -0.0490829 0 0.998795
    outer loop
      vertex -50 30 38.875
      vertex -49.3997 4 38.9045
      vertex -49.3997 30 38.9045
    endloop
  endfacet
  facet normal -0.0490829 0 0.998795
    outer loop
      vertex -49.3997 4 38.9045
      vertex -50 30 38.875
      vertex -50 4 38.875
    endloop
  endfacet
  facet normal -0.242888 0 0.970054
    outer loop
      vertex -48.8051 30 38.9927
      vertex -48.222 4 39.1387
      vertex -48.222 30 39.1387
    endloop
  endfacet
  facet normal -0.242888 0 0.970054
    outer loop
      vertex -48.222 4 39.1387
      vertex -48.8051 30 38.9927
      vertex -48.8051 4 38.9927
    endloop
  endfacet
  facet normal -0.14673 0 0.989177
    outer loop
      vertex -49.3997 30 38.9045
      vertex -48.8051 4 38.9927
      vertex -48.8051 30 38.9927
    endloop
  endfacet
  facet normal -0.14673 0 0.989177
    outer loop
      vertex -48.8051 4 38.9927
      vertex -49.3997 30 38.9045
      vertex -49.3997 4 38.9045
    endloop
  endfacet
  facet normal 0.903995 -0 0.427543
    outer loop
      vertex -55.6588 4 42.6561
      vertex -55.4018 30 42.1127
      vertex -55.6588 30 42.6561
    endloop
  endfacet
  facet normal 0.903995 0 0.427543
    outer loop
      vertex -55.4018 30 42.1127
      vertex -55.6588 4 42.6561
      vertex -55.4018 4 42.1127
    endloop
  endfacet
  facet normal -0.707107 6.65506e-17 -0.707107
    outer loop
      vertex -49.3614 19.1053 53.0234
      vertex -50 30 53.662
      vertex -45.669 30 49.331
    endloop
  endfacet
  facet normal -0.707107 -0 -0.707107
    outer loop
      vertex -50 30 53.662
      vertex -49.7844 19.1894 53.4464
      vertex -50 19.2 53.662
    endloop
  endfacet
  facet normal -0.707107 0 -0.707107
    outer loop
      vertex -50 30 53.662
      vertex -49.5708 19.1577 53.2328
      vertex -49.7844 19.1894 53.4464
    endloop
  endfacet
  facet normal -0.707107 0 -0.707107
    outer loop
      vertex -50 30 53.662
      vertex -49.3614 19.1053 53.0234
      vertex -49.5708 19.1577 53.2328
    endloop
  endfacet
  facet normal -0.707107 5.05727e-16 -0.707107
    outer loop
      vertex -45.669 30 49.331
      vertex -49.1581 19.0325 52.8201
      vertex -49.3614 19.1053 53.0234
    endloop
  endfacet
  facet normal -0.706949 -0.000100196 -0.707264
    outer loop
      vertex -45.669 30 49.331
      vertex -48.9629 18.9402 52.625
      vertex -49.1581 19.0325 52.8201
    endloop
  endfacet
  facet normal -0.707108 -5.42508e-06 -0.707105
    outer loop
      vertex -45.669 30 49.331
      vertex -48.7777 18.8292 52.4398
      vertex -48.9629 18.9402 52.625
    endloop
  endfacet
  facet normal -0.707109 -5.24701e-06 -0.707105
    outer loop
      vertex -45.669 30 49.331
      vertex -48.6043 18.7006 52.2664
      vertex -48.7777 18.8292 52.4398
    endloop
  endfacet
  facet normal -0.707288 8.78878e-05 -0.706926
    outer loop
      vertex -45.669 30 49.331
      vertex -48.4444 18.5556 52.1064
      vertex -48.6043 18.7006 52.2664
    endloop
  endfacet
  facet normal -0.707107 5.97213e-16 -0.707107
    outer loop
      vertex -45.669 30 49.331
      vertex -48.2994 18.3957 51.9614
      vertex -48.4444 18.5556 52.1064
    endloop
  endfacet
  facet normal -0.707107 6.44661e-16 -0.707107
    outer loop
      vertex -45.669 30 49.331
      vertex -48.1708 18.2223 51.8328
      vertex -48.2994 18.3957 51.9614
    endloop
  endfacet
  facet normal -0.707107 3.54691e-16 -0.707107
    outer loop
      vertex -45.669 30 49.331
      vertex -48.0598 18.0371 51.7218
      vertex -48.1708 18.2223 51.8328
    endloop
  endfacet
  facet normal -0.707107 3.99805e-16 -0.707107
    outer loop
      vertex -45.669 30 49.331
      vertex -47.9675 17.8419 51.6295
      vertex -48.0598 18.0371 51.7218
    endloop
  endfacet
  facet normal -0.706789 -0.000120232 -0.707425
    outer loop
      vertex -45.669 30 49.331
      vertex -47.8947 17.6386 51.5568
      vertex -47.9675 17.8419 51.6295
    endloop
  endfacet
  facet normal -0.707505 0.000137896 -0.706708
    outer loop
      vertex -45.669 30 49.331
      vertex -47.8423 17.4292 51.5043
      vertex -47.8947 17.6386 51.5568
    endloop
  endfacet
  facet normal -0.707107 0 -0.707107
    outer loop
      vertex -45.669 30 49.331
      vertex -47.8106 17.2156 51.4726
      vertex -47.8423 17.4292 51.5043
    endloop
  endfacet
  facet normal -0.707107 -1.78765e-14 -0.707107
    outer loop
      vertex -45.669 30 49.331
      vertex -47.8 17 51.462
      vertex -47.8106 17.2156 51.4726
    endloop
  endfacet
  facet normal -0.707107 0 -0.707107
    outer loop
      vertex -45.669 4 49.331
      vertex -47.8 17 51.462
      vertex -45.669 30 49.331
    endloop
  endfacet
  facet normal -0.707107 1.79258e-14 -0.707107
    outer loop
      vertex -47.8 17 51.462
      vertex -45.669 4 49.331
      vertex -47.8106 16.7844 51.4726
    endloop
  endfacet
  facet normal -0.707107 -1.81995e-16 -0.707107
    outer loop
      vertex -47.8106 16.7844 51.4726
      vertex -45.669 4 49.331
      vertex -47.8423 16.5708 51.5043
    endloop
  endfacet
  facet normal -0.707505 -0.000137896 -0.706708
    outer loop
      vertex -45.669 4 49.331
      vertex -47.8947 16.3614 51.5568
      vertex -47.8423 16.5708 51.5043
    endloop
  endfacet
  facet normal -0.706789 0.000120232 -0.707425
    outer loop
      vertex -45.669 4 49.331
      vertex -47.9675 16.1581 51.6295
      vertex -47.8947 16.3614 51.5568
    endloop
  endfacet
  facet normal -0.707107 -3.99805e-16 -0.707107
    outer loop
      vertex -45.669 4 49.331
      vertex -48.0598 15.9629 51.7218
      vertex -47.9675 16.1581 51.6295
    endloop
  endfacet
  facet normal -0.707107 -3.54691e-16 -0.707107
    outer loop
      vertex -45.669 4 49.331
      vertex -48.1708 15.7777 51.8328
      vertex -48.0598 15.9629 51.7218
    endloop
  endfacet
  facet normal -0.707107 -6.44661e-16 -0.707107
    outer loop
      vertex -45.669 4 49.331
      vertex -48.2994 15.6043 51.9614
      vertex -48.1708 15.7777 51.8328
    endloop
  endfacet
  facet normal -0.707107 -5.97213e-16 -0.707107
    outer loop
      vertex -45.669 4 49.331
      vertex -48.4444 15.4444 52.1064
      vertex -48.2994 15.6043 51.9614
    endloop
  endfacet
  facet normal -0.707288 -8.78878e-05 -0.706926
    outer loop
      vertex -45.669 4 49.331
      vertex -48.6043 15.2994 52.2664
      vertex -48.4444 15.4444 52.1064
    endloop
  endfacet
  facet normal -0.707109 5.24701e-06 -0.707105
    outer loop
      vertex -45.669 4 49.331
      vertex -48.7777 15.1708 52.4398
      vertex -48.6043 15.2994 52.2664
    endloop
  endfacet
  facet normal -0.707108 5.42508e-06 -0.707105
    outer loop
      vertex -45.669 4 49.331
      vertex -48.9629 15.0598 52.625
      vertex -48.7777 15.1708 52.4398
    endloop
  endfacet
  facet normal -0.706949 0.000100196 -0.707264
    outer loop
      vertex -45.669 4 49.331
      vertex -49.1581 14.9675 52.8201
      vertex -48.9629 15.0598 52.625
    endloop
  endfacet
  facet normal -0.707107 -5.05727e-16 -0.707107
    outer loop
      vertex -45.669 4 49.331
      vertex -49.3614 14.8947 53.0234
      vertex -49.1581 14.9675 52.8201
    endloop
  endfacet
  facet normal -0.707107 -6.65506e-17 -0.707107
    outer loop
      vertex -50 4 53.662
      vertex -49.3614 14.8947 53.0234
      vertex -45.669 4 49.331
    endloop
  endfacet
  facet normal -0.707107 0 -0.707107
    outer loop
      vertex -49.3614 14.8947 53.0234
      vertex -50 4 53.662
      vertex -49.5708 14.8423 53.2328
    endloop
  endfacet
  facet normal -0.707107 0 -0.707107
    outer loop
      vertex -49.5708 14.8423 53.2328
      vertex -50 4 53.662
      vertex -49.7844 14.8106 53.4464
    endloop
  endfacet
  facet normal -0.707107 0 -0.707107
    outer loop
      vertex -49.7844 14.8106 53.4464
      vertex -50 4 53.662
      vertex -50 14.8 53.662
    endloop
  endfacet
  facet normal -0.803262 0 0.595625
    outer loop
      vertex -45.2653 4 41.1143
      vertex -44.9073 30 41.5971
      vertex -45.2653 30 41.1143
    endloop
  endfacet
  facet normal -0.803262 0 0.595625
    outer loop
      vertex -44.9073 30 41.5971
      vertex -45.2653 4 41.1143
      vertex -44.9073 4 41.5971
    endloop
  endfacet
  facet normal 0.998795 0 -0.0490829
    outer loop
      vertex -56.0955 4 45.6003
      vertex -56.125 30 45
      vertex -56.0955 30 45.6003
    endloop
  endfacet
  facet normal 0.998795 0 -0.0490829
    outer loop
      vertex -56.125 30 45
      vertex -56.0955 4 45.6003
      vertex -56.125 4 45
    endloop
  endfacet
  facet normal 0.989177 -0 0.14673
    outer loop
      vertex -56.0955 4 44.3997
      vertex -56.0073 30 43.8051
      vertex -56.0955 30 44.3997
    endloop
  endfacet
  facet normal 0.989177 0 0.14673
    outer loop
      vertex -56.0073 30 43.8051
      vertex -56.0955 4 44.3997
      vertex -56.0073 4 43.8051
    endloop
  endfacet
  facet normal 0.970054 0 -0.242888
    outer loop
      vertex -55.8613 4 46.778
      vertex -56.0073 30 46.1949
      vertex -55.8613 30 46.778
    endloop
  endfacet
  facet normal 0.970054 0 -0.242888
    outer loop
      vertex -56.0073 30 46.1949
      vertex -55.8613 4 46.778
      vertex -56.0073 4 46.1949
    endloop
  endfacet
  facet normal 0.903995 0 -0.427543
    outer loop
      vertex -55.4018 4 47.8873
      vertex -55.6588 30 47.3439
      vertex -55.4018 30 47.8873
    endloop
  endfacet
  facet normal 0.903995 0 -0.427543
    outer loop
      vertex -55.6588 30 47.3439
      vertex -55.4018 4 47.8873
      vertex -55.6588 4 47.3439
    endloop
  endfacet
  facet normal -0.998795 0 -0.0490829
    outer loop
      vertex -43.875 4 45
      vertex -43.9045 30 45.6003
      vertex -43.875 30 45
    endloop
  endfacet
  facet normal -0.998795 -0 -0.0490829
    outer loop
      vertex -43.9045 30 45.6003
      vertex -43.875 4 45
      vertex -43.9045 4 45.6003
    endloop
  endfacet
  facet normal 0.998795 -0 0.0490829
    outer loop
      vertex -56.125 4 45
      vertex -56.0955 30 44.3997
      vertex -56.125 30 45
    endloop
  endfacet
  facet normal 0.998795 0 0.0490829
    outer loop
      vertex -56.0955 30 44.3997
      vertex -56.125 4 45
      vertex -56.0955 4 44.3997
    endloop
  endfacet
  facet normal 0.989177 0 -0.14673
    outer loop
      vertex -56.0073 4 46.1949
      vertex -56.0955 30 45.6003
      vertex -56.0073 30 46.1949
    endloop
  endfacet
  facet normal 0.989177 0 -0.14673
    outer loop
      vertex -56.0955 30 45.6003
      vertex -56.0073 4 46.1949
      vertex -56.0955 4 45.6003
    endloop
  endfacet
  facet normal 0.970054 -0 0.242888
    outer loop
      vertex -56.0073 4 43.8051
      vertex -55.8613 30 43.222
      vertex -56.0073 30 43.8051
    endloop
  endfacet
  facet normal 0.970054 0 0.242888
    outer loop
      vertex -55.8613 30 43.222
      vertex -56.0073 4 43.8051
      vertex -55.8613 4 43.222
    endloop
  endfacet
  facet normal 0.671654 0 0.740865
    outer loop
      vertex -54.331 30 40.669
      vertex -53.8857 4 40.2653
      vertex -53.8857 30 40.2653
    endloop
  endfacet
  facet normal 0.671654 0 0.740865
    outer loop
      vertex -53.8857 4 40.2653
      vertex -54.331 30 40.669
      vertex -54.331 4 40.669
    endloop
  endfacet
  facet normal 0.740865 -0 0.671654
    outer loop
      vertex -54.7347 4 41.1143
      vertex -54.331 30 40.669
      vertex -54.7347 30 41.1143
    endloop
  endfacet
  facet normal 0.740865 0 0.671654
    outer loop
      vertex -54.331 30 40.669
      vertex -54.7347 4 41.1143
      vertex -54.331 4 40.669
    endloop
  endfacet
  facet normal 0.857684 0 -0.514178
    outer loop
      vertex -55.0927 4 48.4029
      vertex -55.4018 30 47.8873
      vertex -55.0927 30 48.4029
    endloop
  endfacet
  facet normal 0.857684 0 -0.514178
    outer loop
      vertex -55.4018 30 47.8873
      vertex -55.0927 4 48.4029
      vertex -55.4018 4 47.8873
    endloop
  endfacet
  facet normal -0.998795 0 0.0490829
    outer loop
      vertex -43.9045 4 44.3997
      vertex -43.875 30 45
      vertex -43.9045 30 44.3997
    endloop
  endfacet
  facet normal -0.998795 0 0.0490829
    outer loop
      vertex -43.875 30 45
      vertex -43.9045 4 44.3997
      vertex -43.875 4 45
    endloop
  endfacet
  facet normal 0.857684 -0 0.514178
    outer loop
      vertex -55.4018 4 42.1127
      vertex -55.0927 30 41.5971
      vertex -55.4018 30 42.1127
    endloop
  endfacet
  facet normal 0.857684 0 0.514178
    outer loop
      vertex -55.0927 30 41.5971
      vertex -55.4018 4 42.1127
      vertex -55.0927 4 41.5971
    endloop
  endfacet
  facet normal -0.857684 0 -0.514178
    outer loop
      vertex -44.5982 4 47.8873
      vertex -44.9073 30 48.4029
      vertex -44.5982 30 47.8873
    endloop
  endfacet
  facet normal -0.857684 -0 -0.514178
    outer loop
      vertex -44.9073 30 48.4029
      vertex -44.5982 4 47.8873
      vertex -44.9073 4 48.4029
    endloop
  endfacet
  facet normal 0.595625 0 0.803262
    outer loop
      vertex -53.8857 30 40.2653
      vertex -53.4029 4 39.9073
      vertex -53.4029 30 39.9073
    endloop
  endfacet
  facet normal 0.595625 0 0.803262
    outer loop
      vertex -53.4029 4 39.9073
      vertex -53.8857 30 40.2653
      vertex -53.8857 4 40.2653
    endloop
  endfacet
  facet normal 0.0490829 0 0.998795
    outer loop
      vertex -50.6003 30 38.9045
      vertex -50 4 38.875
      vertex -50 30 38.875
    endloop
  endfacet
  facet normal 0.0490829 0 0.998795
    outer loop
      vertex -50 4 38.875
      vertex -50.6003 30 38.9045
      vertex -50.6003 4 38.9045
    endloop
  endfacet
  facet normal 0.803262 0 -0.595625
    outer loop
      vertex -54.7347 4 48.8857
      vertex -55.0927 30 48.4029
      vertex -54.7347 30 48.8857
    endloop
  endfacet
  facet normal 0.803262 0 -0.595625
    outer loop
      vertex -55.0927 30 48.4029
      vertex -54.7347 4 48.8857
      vertex -55.0927 4 48.4029
    endloop
  endfacet
  facet normal 0.740865 0 -0.671654
    outer loop
      vertex -54.331 4 49.331
      vertex -54.7347 30 48.8857
      vertex -54.331 30 49.331
    endloop
  endfacet
  facet normal 0.740865 0 -0.671654
    outer loop
      vertex -54.7347 30 48.8857
      vertex -54.331 4 49.331
      vertex -54.7347 4 48.8857
    endloop
  endfacet
  facet normal -0.740865 0 -0.671654
    outer loop
      vertex -45.2653 4 48.8857
      vertex -45.669 30 49.331
      vertex -45.2653 30 48.8857
    endloop
  endfacet
  facet normal -0.740865 -0 -0.671654
    outer loop
      vertex -45.669 30 49.331
      vertex -45.2653 4 48.8857
      vertex -45.669 4 49.331
    endloop
  endfacet
  facet normal -0.989177 0 -0.14673
    outer loop
      vertex -43.9045 4 45.6003
      vertex -43.9927 30 46.1949
      vertex -43.9045 30 45.6003
    endloop
  endfacet
  facet normal -0.989177 -0 -0.14673
    outer loop
      vertex -43.9927 30 46.1949
      vertex -43.9045 4 45.6003
      vertex -43.9927 4 46.1949
    endloop
  endfacet
  facet normal 0.14673 0 0.989177
    outer loop
      vertex -51.1949 30 38.9927
      vertex -50.6003 4 38.9045
      vertex -50.6003 30 38.9045
    endloop
  endfacet
  facet normal 0.14673 0 0.989177
    outer loop
      vertex -50.6003 4 38.9045
      vertex -51.1949 30 38.9927
      vertex -51.1949 4 38.9927
    endloop
  endfacet
  facet normal -0.903995 0 0.427543
    outer loop
      vertex -44.5982 4 42.1127
      vertex -44.3412 30 42.6561
      vertex -44.5982 30 42.1127
    endloop
  endfacet
  facet normal -0.903995 0 0.427543
    outer loop
      vertex -44.3412 30 42.6561
      vertex -44.5982 4 42.1127
      vertex -44.3412 4 42.6561
    endloop
  endfacet
  facet normal 0.242888 0 0.970054
    outer loop
      vertex -51.778 30 39.1387
      vertex -51.1949 4 38.9927
      vertex -51.1949 30 38.9927
    endloop
  endfacet
  facet normal 0.242888 0 0.970054
    outer loop
      vertex -51.1949 4 38.9927
      vertex -51.778 30 39.1387
      vertex -51.778 4 39.1387
    endloop
  endfacet
  facet normal 0.803262 -0 0.595625
    outer loop
      vertex -55.0927 4 41.5971
      vertex -54.7347 30 41.1143
      vertex -55.0927 30 41.5971
    endloop
  endfacet
  facet normal 0.803262 0 0.595625
    outer loop
      vertex -54.7347 30 41.1143
      vertex -55.0927 4 41.5971
      vertex -54.7347 4 41.1143
    endloop
  endfacet
  facet normal -0.941535 0 -0.336916
    outer loop
      vertex -44.1387 4 46.778
      vertex -44.3412 30 47.3439
      vertex -44.1387 30 46.778
    endloop
  endfacet
  facet normal -0.941535 -0 -0.336916
    outer loop
      vertex -44.3412 30 47.3439
      vertex -44.1387 4 46.778
      vertex -44.3412 4 47.3439
    endloop
  endfacet
  facet normal -0.941535 0 0.336916
    outer loop
      vertex -44.3412 4 42.6561
      vertex -44.1387 30 43.222
      vertex -44.3412 30 42.6561
    endloop
  endfacet
  facet normal -0.941535 0 0.336916
    outer loop
      vertex -44.1387 30 43.222
      vertex -44.3412 4 42.6561
      vertex -44.1387 4 43.222
    endloop
  endfacet
  facet normal 0.514178 0 0.857684
    outer loop
      vertex -53.4029 30 39.9073
      vertex -52.8873 4 39.5982
      vertex -52.8873 30 39.5982
    endloop
  endfacet
  facet normal 0.514178 0 0.857684
    outer loop
      vertex -52.8873 4 39.5982
      vertex -53.4029 30 39.9073
      vertex -53.4029 4 39.9073
    endloop
  endfacet
  facet normal -0.989177 0 0.14673
    outer loop
      vertex -43.9927 4 43.8051
      vertex -43.9045 30 44.3997
      vertex -43.9927 30 43.8051
    endloop
  endfacet
  facet normal -0.989177 0 0.14673
    outer loop
      vertex -43.9045 30 44.3997
      vertex -43.9927 4 43.8051
      vertex -43.9045 4 44.3997
    endloop
  endfacet
  facet normal -0.903995 0 -0.427543
    outer loop
      vertex -44.3412 4 47.3439
      vertex -44.5982 30 47.8873
      vertex -44.3412 30 47.3439
    endloop
  endfacet
  facet normal -0.903995 -0 -0.427543
    outer loop
      vertex -44.5982 30 47.8873
      vertex -44.3412 4 47.3439
      vertex -44.5982 4 47.8873
    endloop
  endfacet
  facet normal 0.336916 0 0.941535
    outer loop
      vertex -52.3439 30 39.3412
      vertex -51.778 4 39.1387
      vertex -51.778 30 39.1387
    endloop
  endfacet
  facet normal 0.336916 0 0.941535
    outer loop
      vertex -51.778 4 39.1387
      vertex -52.3439 30 39.3412
      vertex -52.3439 4 39.3412
    endloop
  endfacet
  facet normal -0.970054 0 0.242888
    outer loop
      vertex -44.1387 4 43.222
      vertex -43.9927 30 43.8051
      vertex -44.1387 30 43.222
    endloop
  endfacet
  facet normal -0.970054 0 0.242888
    outer loop
      vertex -43.9927 30 43.8051
      vertex -44.1387 4 43.222
      vertex -43.9927 4 43.8051
    endloop
  endfacet
  facet normal 0.941535 -0 0.336916
    outer loop
      vertex -55.8613 4 43.222
      vertex -55.6588 30 42.6561
      vertex -55.8613 30 43.222
    endloop
  endfacet
  facet normal 0.941535 0 0.336916
    outer loop
      vertex -55.6588 30 42.6561
      vertex -55.8613 4 43.222
      vertex -55.6588 4 42.6561
    endloop
  endfacet
  facet normal 0.941535 0 -0.336916
    outer loop
      vertex -55.6588 4 47.3439
      vertex -55.8613 30 46.778
      vertex -55.6588 30 47.3439
    endloop
  endfacet
  facet normal 0.941535 0 -0.336916
    outer loop
      vertex -55.8613 30 46.778
      vertex -55.6588 4 47.3439
      vertex -55.8613 4 46.778
    endloop
  endfacet
  facet normal -0.857684 0 0.514178
    outer loop
      vertex -44.9073 4 41.5971
      vertex -44.5982 30 42.1127
      vertex -44.9073 30 41.5971
    endloop
  endfacet
  facet normal -0.857684 0 0.514178
    outer loop
      vertex -44.5982 30 42.1127
      vertex -44.9073 4 41.5971
      vertex -44.5982 4 42.1127
    endloop
  endfacet
  facet normal -0.336916 0 0.941535
    outer loop
      vertex -48.222 30 39.1387
      vertex -47.6561 4 39.3412
      vertex -47.6561 30 39.3412
    endloop
  endfacet
  facet normal -0.336916 0 0.941535
    outer loop
      vertex -47.6561 4 39.3412
      vertex -48.222 30 39.1387
      vertex -48.222 4 39.1387
    endloop
  endfacet
  facet normal 0.427543 0 0.903995
    outer loop
      vertex -52.8873 30 39.5982
      vertex -52.3439 4 39.3412
      vertex -52.3439 30 39.3412
    endloop
  endfacet
  facet normal 0.427543 0 0.903995
    outer loop
      vertex -52.3439 4 39.3412
      vertex -52.8873 30 39.5982
      vertex -52.8873 4 39.5982
    endloop
  endfacet
  facet normal -0.671654 0 0.740865
    outer loop
      vertex -46.1143 30 40.2653
      vertex -45.669 4 40.669
      vertex -45.669 30 40.669
    endloop
  endfacet
  facet normal -0.671654 0 0.740865
    outer loop
      vertex -45.669 4 40.669
      vertex -46.1143 30 40.2653
      vertex -46.1143 4 40.2653
    endloop
  endfacet
  facet normal -0.970054 0 -0.242888
    outer loop
      vertex -43.9927 4 46.1949
      vertex -44.1387 30 46.778
      vertex -43.9927 30 46.1949
    endloop
  endfacet
  facet normal -0.970054 -0 -0.242888
    outer loop
      vertex -44.1387 30 46.778
      vertex -43.9927 4 46.1949
      vertex -44.1387 4 46.778
    endloop
  endfacet
  facet normal -0.427543 0 0.903995
    outer loop
      vertex -47.6561 30 39.3412
      vertex -47.1127 4 39.5982
      vertex -47.1127 30 39.5982
    endloop
  endfacet
  facet normal -0.427543 0 0.903995
    outer loop
      vertex -47.1127 4 39.5982
      vertex -47.6561 30 39.3412
      vertex -47.6561 4 39.3412
    endloop
  endfacet
  facet normal -0.803262 0 -0.595625
    outer loop
      vertex -44.9073 4 48.4029
      vertex -45.2653 30 48.8857
      vertex -44.9073 30 48.4029
    endloop
  endfacet
  facet normal -0.803262 -0 -0.595625
    outer loop
      vertex -45.2653 30 48.8857
      vertex -44.9073 4 48.4029
      vertex -45.2653 4 48.8857
    endloop
  endfacet
  facet normal 0 1 0
    outer loop
      vertex -45.669 4 49.331
      vertex -54.331 4 49.331
      vertex -50 4 53.662
    endloop
  endfacet
  facet normal 0 1 0
    outer loop
      vertex -45.2653 4 48.8857
      vertex -54.331 4 49.331
      vertex -45.669 4 49.331
    endloop
  endfacet
  facet normal 0 1 0
    outer loop
      vertex -45.2653 4 48.8857
      vertex -54.7347 4 48.8857
      vertex -54.331 4 49.331
    endloop
  endfacet
  facet normal 0 1 0
    outer loop
      vertex -44.9073 4 48.4029
      vertex -54.7347 4 48.8857
      vertex -45.2653 4 48.8857
    endloop
  endfacet
  facet normal 0 1 0
    outer loop
      vertex -44.9073 4 48.4029
      vertex -55.0927 4 48.4029
      vertex -54.7347 4 48.8857
    endloop
  endfacet
  facet normal 0 1 0
    outer loop
      vertex -44.5982 4 47.8873
      vertex -55.0927 4 48.4029
      vertex -44.9073 4 48.4029
    endloop
  endfacet
  facet normal 0 1 0
    outer loop
      vertex -44.5982 4 47.8873
      vertex -55.4018 4 47.8873
      vertex -55.0927 4 48.4029
    endloop
  endfacet
  facet normal 0 1 0
    outer loop
      vertex -44.3412 4 47.3439
      vertex -55.4018 4 47.8873
      vertex -44.5982 4 47.8873
    endloop
  endfacet
  facet normal 0 1 0
    outer loop
      vertex -44.3412 4 47.3439
      vertex -55.6588 4 47.3439
      vertex -55.4018 4 47.8873
    endloop
  endfacet
  facet normal 0 1 0
    outer loop
      vertex -44.1387 4 46.778
      vertex -55.6588 4 47.3439
      vertex -44.3412 4 47.3439
    endloop
  endfacet
  facet normal 0 1 0
    outer loop
      vertex -44.1387 4 46.778
      vertex -55.8613 4 46.778
      vertex -55.6588 4 47.3439
    endloop
  endfacet
  facet normal 0 1 0
    outer loop
      vertex -43.9927 4 46.1949
      vertex -55.8613 4 46.778
      vertex -44.1387 4 46.778
    endloop
  endfacet
  facet normal 0 1 0
    outer loop
      vertex -43.9927 4 46.1949
      vertex -56.0073 4 46.1949
      vertex -55.8613 4 46.778
    endloop
  endfacet
  facet normal 0 1 0
    outer loop
      vertex -43.9045 4 45.6003
      vertex -56.0073 4 46.1949
      vertex -43.9927 4 46.1949
    endloop
  endfacet
  facet normal 0 1 0
    outer loop
      vertex -43.9045 4 45.6003
      vertex -56.0955 4 45.6003
      vertex -56.0073 4 46.1949
    endloop
  endfacet
  facet normal 0 1 0
    outer loop
      vertex -43.875 4 45
      vertex -56.0955 4 45.6003
      vertex -43.9045 4 45.6003
    endloop
  endfacet
  facet normal 0 1 0
    outer loop
      vertex -43.875 4 45
      vertex -56.125 4 45
      vertex -56.0955 4 45.6003
    endloop
  endfacet
  facet normal 0 1 -0
    outer loop
      vertex -43.9045 4 44.3997
      vertex -56.125 4 45
      vertex -43.875 4 45
    endloop
  endfacet
  facet normal 0 1 0
    outer loop
      vertex -43.9045 4 44.3997
      vertex -56.0955 4 44.3997
      vertex -56.125 4 45
    endloop
  endfacet
  facet normal 0 1 -0
    outer loop
      vertex -43.9927 4 43.8051
      vertex -56.0955 4 44.3997
      vertex -43.9045 4 44.3997
    endloop
  endfacet
  facet normal 0 1 0
    outer loop
      vertex -43.9927 4 43.8051
      vertex -56.0073 4 43.8051
      vertex -56.0955 4 44.3997
    endloop
  endfacet
  facet normal 0 1 -0
    outer loop
      vertex -44.1387 4 43.222
      vertex -56.0073 4 43.8051
      vertex -43.9927 4 43.8051
    endloop
  endfacet
  facet normal 0 1 0
    outer loop
      vertex -44.1387 4 43.222
      vertex -55.8613 4 43.222
      vertex -56.0073 4 43.8051
    endloop
  endfacet
  facet normal 0 1 -0
    outer loop
      vertex -44.3412 4 42.6561
      vertex -55.8613 4 43.222
      vertex -44.1387 4 43.222
    endloop
  endfacet
  facet normal 0 1 0
    outer loop
      vertex -44.3412 4 42.6561
      vertex -55.6588 4 42.6561
      vertex -55.8613 4 43.222
    endloop
  endfacet
  facet normal 0 1 -0
    outer loop
      vertex -44.5982 4 42.1127
      vertex -55.6588 4 42.6561
      vertex -44.3412 4 42.6561
    endloop
  endfacet
  facet normal 0 1 0
    outer loop
      vertex -44.5982 4 42.1127
      vertex -55.4018 4 42.1127
      vertex -55.6588 4 42.6561
    endloop
  endfacet
  facet normal 0 1 -0
    outer loop
      vertex -44.9073 4 41.5971
      vertex -55.4018 4 42.1127
      vertex -44.5982 4 42.1127
    endloop
  endfacet
  facet normal 0 1 0
    outer loop
      vertex -44.9073 4 41.5971
      vertex -55.0927 4 41.5971
      vertex -55.4018 4 42.1127
    endloop
  endfacet
  facet normal 0 1 -0
    outer loop
      vertex -45.2653 4 41.1143
      vertex -55.0927 4 41.5971
      vertex -44.9073 4 41.5971
    endloop
  endfacet
  facet normal 0 1 0
    outer loop
      vertex -45.2653 4 41.1143
      vertex -54.7347 4 41.1143
      vertex -55.0927 4 41.5971
    endloop
  endfacet
  facet normal 0 1 -0
    outer loop
      vertex -45.669 4 40.669
      vertex -54.7347 4 41.1143
      vertex -45.2653 4 41.1143
    endloop
  endfacet
  facet normal 0 1 0
    outer loop
      vertex -45.669 4 40.669
      vertex -54.331 4 40.669
      vertex -54.7347 4 41.1143
    endloop
  endfacet
  facet normal 0 1 -0
    outer loop
      vertex -46.1143 4 40.2653
      vertex -54.331 4 40.669
      vertex -45.669 4 40.669
    endloop
  endfacet
  facet normal 0 1 0
    outer loop
      vertex -46.1143 4 40.2653
      vertex -53.8857 4 40.2653
      vertex -54.331 4 40.669
    endloop
  endfacet
  facet normal 0 1 -0
    outer loop
      vertex -46.5971 4 39.9073
      vertex -53.8857 4 40.2653
      vertex -46.1143 4 40.2653
    endloop
  endfacet
  facet normal 0 1 0
    outer loop
      vertex -46.5971 4 39.9073
      vertex -53.4029 4 39.9073
      vertex -53.8857 4 40.2653
    endloop
  endfacet
  facet normal 0 1 -0
    outer loop
      vertex -47.1127 4 39.5982
      vertex -53.4029 4 39.9073
      vertex -46.5971 4 39.9073
    endloop
  endfacet
  facet normal 0 1 0
    outer loop
      vertex -47.1127 4 39.5982
      vertex -52.8873 4 39.5982
      vertex -53.4029 4 39.9073
    endloop
  endfacet
  facet normal 0 1 -0
    outer loop
      vertex -47.6561 4 39.3412
      vertex -52.8873 4 39.5982
      vertex -47.1127 4 39.5982
    endloop
  endfacet
  facet normal 0 1 0
    outer loop
      vertex -47.6561 4 39.3412
      vertex -52.3439 4 39.3412
      vertex -52.8873 4 39.5982
    endloop
  endfacet
  facet normal 0 1 -0
    outer loop
      vertex -48.222 4 39.1387
      vertex -52.3439 4 39.3412
      vertex -47.6561 4 39.3412
    endloop
  endfacet
  facet normal 0 1 0
    outer loop
      vertex -48.222 4 39.1387
      vertex -51.778 4 39.1387
      vertex -52.3439 4 39.3412
    endloop
  endfacet
  facet normal 0 1 -0
    outer loop
      vertex -48.8051 4 38.9927
      vertex -51.778 4 39.1387
      vertex -48.222 4 39.1387
    endloop
  endfacet
  facet normal 0 1 0
    outer loop
      vertex -48.8051 4 38.9927
      vertex -51.1949 4 38.9927
      vertex -51.778 4 39.1387
    endloop
  endfacet
  facet normal 0 1 -0
    outer loop
      vertex -49.3997 4 38.9045
      vertex -51.1949 4 38.9927
      vertex -48.8051 4 38.9927
    endloop
  endfacet
  facet normal 0 1 0
    outer loop
      vertex -49.3997 4 38.9045
      vertex -50.6003 4 38.9045
      vertex -51.1949 4 38.9927
    endloop
  endfacet
  facet normal -0 1 0
    outer loop
      vertex -50.6003 4 38.9045
      vertex -49.3997 4 38.9045
      vertex -50 4 38.875
    endloop
  endfacet
  facet normal -0.514178 0 0.857684
    outer loop
      vertex -47.1127 30 39.5982
      vertex -46.5971 4 39.9073
      vertex -46.5971 30 39.9073
    endloop
  endfacet
  facet normal -0.514178 0 0.857684
    outer loop
      vertex -46.5971 4 39.9073
      vertex -47.1127 30 39.5982
      vertex -47.1127 4 39.5982
    endloop
  endfacet
  facet normal -0.740865 0 0.671654
    outer loop
      vertex -45.669 4 40.669
      vertex -45.2653 30 41.1143
      vertex -45.669 30 40.669
    endloop
  endfacet
  facet normal -0.740865 0 0.671654
    outer loop
      vertex -45.2653 30 41.1143
      vertex -45.669 4 40.669
      vertex -45.2653 4 41.1143
    endloop
  endfacet
  facet normal -0.595625 0 0.803262
    outer loop
      vertex -46.5971 30 39.9073
      vertex -46.1143 4 40.2653
      vertex -46.1143 30 40.2653
    endloop
  endfacet
  facet normal -0.595625 0 0.803262
    outer loop
      vertex -46.1143 4 40.2653
      vertex -46.5971 30 39.9073
      vertex -46.5971 4 39.9073
    endloop
  endfacet
  facet normal 0.337128 0.941459 -0
    outer loop
      vertex -50.6386 14.8947 53.0234
      vertex -50.8419 14.9675 54
      vertex -50.6386 14.8947 54
    endloop
  endfacet
  facet normal 0.337128 0.941459 0
    outer loop
      vertex -50.8419 14.9675 54
      vertex -50.6386 14.8947 53.0234
      vertex -50.8419 14.9675 52.8201
    endloop
  endfacet
  facet normal 0.337128 0.941459 -0
    outer loop
      vertex -50.6386 14.8947 57.4
      vertex -50.8419 14.9675 65
      vertex -50.6386 14.8947 65
    endloop
  endfacet
  facet normal 0.337128 0.941459 0
    outer loop
      vertex -50.8419 14.9675 65
      vertex -50.6386 14.8947 57.4
      vertex -50.8419 14.9675 57.4
    endloop
  endfacet
  facet normal -0.989166 -0.1468 -0
    outer loop
      vertex -47.8106 17.2156 54
      vertex -47.8423 17.4292 51.5043
      vertex -47.8106 17.2156 51.4726
    endloop
  endfacet
  facet normal -0.989166 -0.1468 0
    outer loop
      vertex -47.8423 17.4292 51.5043
      vertex -47.8106 17.2156 54
      vertex -47.8423 17.4292 54
    endloop
  endfacet
  facet normal -0.989166 -0.1468 0
    outer loop
      vertex -47.8106 17.2156 57.4
      vertex -47.8423 17.4292 65
      vertex -47.8423 17.4292 57.4
    endloop
  endfacet
  facet normal -0.989166 -0.1468 0
    outer loop
      vertex -47.8423 17.4292 65
      vertex -47.8106 17.2156 57.4
      vertex -47.8106 17.2156 65
    endloop
  endfacet
  facet normal -0.998794 -0.0491058 -0
    outer loop
      vertex -47.8 17 54
      vertex -47.8106 17.2156 51.4726
      vertex -47.8 17 51.462
    endloop
  endfacet
  facet normal -0.998794 -0.0491058 0
    outer loop
      vertex -47.8106 17.2156 51.4726
      vertex -47.8 17 54
      vertex -47.8106 17.2156 54
    endloop
  endfacet
  facet normal -0.998794 -0.0491058 0
    outer loop
      vertex -47.8 17 57.4
      vertex -47.8106 17.2156 65
      vertex -47.8106 17.2156 57.4
    endloop
  endfacet
  facet normal -0.998794 -0.0491058 0
    outer loop
      vertex -47.8106 17.2156 65
      vertex -47.8 17 57.4
      vertex -47.8 17 65
    endloop
  endfacet
  facet normal -0.970088 -0.242754 -0
    outer loop
      vertex -47.8423 17.4292 54
      vertex -47.8947 17.6386 51.5568
      vertex -47.8423 17.4292 51.5043
    endloop
  endfacet
  facet normal -0.970088 -0.242754 0
    outer loop
      vertex -47.8947 17.6386 51.5568
      vertex -47.8423 17.4292 54
      vertex -47.8947 17.6386 54
    endloop
  endfacet
  facet normal -0.970088 -0.242754 0
    outer loop
      vertex -47.8423 17.4292 57.4
      vertex -47.8947 17.6386 65
      vertex -47.8947 17.6386 57.4
    endloop
  endfacet
  facet normal -0.970088 -0.242754 0
    outer loop
      vertex -47.8947 17.6386 65
      vertex -47.8423 17.4292 57.4
      vertex -47.8423 17.4292 65
    endloop
  endfacet
  facet normal 0.989166 -0.1468 0
    outer loop
      vertex -52.1894 17.2156 54
      vertex -52.1577 17.4292 51.5043
      vertex -52.1577 17.4292 54
    endloop
  endfacet
  facet normal 0.989166 -0.1468 0
    outer loop
      vertex -52.1577 17.4292 51.5043
      vertex -52.1894 17.2156 54
      vertex -52.1894 17.2156 51.4726
    endloop
  endfacet
  facet normal 0.989166 -0.1468 0
    outer loop
      vertex -52.1894 17.2156 65
      vertex -52.1577 17.4292 57.4
      vertex -52.1577 17.4292 65
    endloop
  endfacet
  facet normal 0.989166 -0.1468 0
    outer loop
      vertex -52.1577 17.4292 57.4
      vertex -52.1894 17.2156 65
      vertex -52.1894 17.2156 57.4
    endloop
  endfacet
  facet normal 0.242754 0.970088 -0
    outer loop
      vertex -50.4292 14.8423 53.2328
      vertex -50.6386 14.8947 54
      vertex -50.4292 14.8423 54
    endloop
  endfacet
  facet normal 0.242754 0.970088 0
    outer loop
      vertex -50.6386 14.8947 54
      vertex -50.4292 14.8423 53.2328
      vertex -50.6386 14.8947 53.0234
    endloop
  endfacet
  facet normal 0.242754 0.970088 -0
    outer loop
      vertex -50.4292 14.8423 57.4
      vertex -50.6386 14.8947 65
      vertex -50.4292 14.8423 65
    endloop
  endfacet
  facet normal 0.242754 0.970088 0
    outer loop
      vertex -50.6386 14.8947 65
      vertex -50.4292 14.8423 57.4
      vertex -50.6386 14.8947 57.4
    endloop
  endfacet
  facet normal -0.337128 -0.941459 0
    outer loop
      vertex -49.3614 19.1053 53.0234
      vertex -49.1581 19.0325 54
      vertex -49.3614 19.1053 54
    endloop
  endfacet
  facet normal -0.337128 -0.941459 -0
    outer loop
      vertex -49.1581 19.0325 54
      vertex -49.3614 19.1053 53.0234
      vertex -49.1581 19.0325 52.8201
    endloop
  endfacet
  facet normal -0.337128 -0.941459 0
    outer loop
      vertex -49.3614 19.1053 57.4
      vertex -49.1581 19.0325 65
      vertex -49.3614 19.1053 65
    endloop
  endfacet
  facet normal -0.337128 -0.941459 -0
    outer loop
      vertex -49.1581 19.0325 65
      vertex -49.3614 19.1053 57.4
      vertex -49.1581 19.0325 57.4
    endloop
  endfacet
  facet normal 0.514087 -0.857738 0
    outer loop
      vertex -51.2223 18.8292 54
      vertex -51.0371 18.9402 52.625
      vertex -51.0371 18.9402 54
    endloop
  endfacet
  facet normal 0.514087 -0.857738 0
    outer loop
      vertex -51.0371 18.9402 52.625
      vertex -51.2223 18.8292 54
      vertex -51.2223 18.8292 52.4398
    endloop
  endfacet
  facet normal 0.514087 -0.857738 0
    outer loop
      vertex -51.2223 18.8292 57.4
      vertex -51.0371 18.9402 65
      vertex -51.2223 18.8292 65
    endloop
  endfacet
  facet normal 0.514087 -0.857738 0
    outer loop
      vertex -51.0371 18.9402 65
      vertex -51.2223 18.8292 57.4
      vertex -51.0371 18.9402 57.4
    endloop
  endfacet
  facet normal 0.90403 0.427469 -0
    outer loop
      vertex -51.9402 15.9629 51.7218
      vertex -52.0325 16.1581 54
      vertex -51.9402 15.9629 54
    endloop
  endfacet
  facet normal 0.90403 0.427469 0
    outer loop
      vertex -52.0325 16.1581 54
      vertex -51.9402 15.9629 51.7218
      vertex -52.0325 16.1581 51.6295
    endloop
  endfacet
  facet normal 0.90403 0.427469 0
    outer loop
      vertex -51.9402 15.9629 65
      vertex -52.0325 16.1581 57.4
      vertex -52.0325 16.1581 65
    endloop
  endfacet
  facet normal 0.90403 0.427469 0
    outer loop
      vertex -52.0325 16.1581 57.4
      vertex -51.9402 15.9629 65
      vertex -51.9402 15.9629 57.4
    endloop
  endfacet
  facet normal 0.242754 -0.970088 0
    outer loop
      vertex -50.6386 19.1053 54
      vertex -50.4292 19.1577 53.2328
      vertex -50.4292 19.1577 54
    endloop
  endfacet
  facet normal 0.242754 -0.970088 0
    outer loop
      vertex -50.4292 19.1577 53.2328
      vertex -50.6386 19.1053 54
      vertex -50.6386 19.1053 53.0234
    endloop
  endfacet
  facet normal 0.242754 -0.970088 0
    outer loop
      vertex -50.6386 19.1053 57.4
      vertex -50.4292 19.1577 65
      vertex -50.6386 19.1053 65
    endloop
  endfacet
  facet normal 0.242754 -0.970088 0
    outer loop
      vertex -50.4292 19.1577 65
      vertex -50.6386 19.1053 57.4
      vertex -50.4292 19.1577 57.4
    endloop
  endfacet
  facet normal 0.857738 0.514087 -0
    outer loop
      vertex -51.8292 15.7777 51.8328
      vertex -51.9402 15.9629 54
      vertex -51.8292 15.7777 54
    endloop
  endfacet
  facet normal 0.857738 0.514087 0
    outer loop
      vertex -51.9402 15.9629 54
      vertex -51.8292 15.7777 51.8328
      vertex -51.9402 15.9629 51.7218
    endloop
  endfacet
  facet normal 0.857738 0.514087 0
    outer loop
      vertex -51.8292 15.7777 65
      vertex -51.9402 15.9629 57.4
      vertex -51.9402 15.9629 65
    endloop
  endfacet
  facet normal 0.857738 0.514087 0
    outer loop
      vertex -51.9402 15.9629 57.4
      vertex -51.8292 15.7777 65
      vertex -51.8292 15.7777 57.4
    endloop
  endfacet
  facet normal -0.242754 0.970088 0
    outer loop
      vertex -49.3614 14.8947 54
      vertex -49.5708 14.8423 53.2328
      vertex -49.5708 14.8423 54
    endloop
  endfacet
  facet normal -0.242754 0.970088 0
    outer loop
      vertex -49.5708 14.8423 53.2328
      vertex -49.3614 14.8947 54
      vertex -49.3614 14.8947 53.0234
    endloop
  endfacet
  facet normal -0.242754 0.970088 0
    outer loop
      vertex -49.3614 14.8947 57.4
      vertex -49.5708 14.8423 65
      vertex -49.3614 14.8947 65
    endloop
  endfacet
  facet normal -0.242754 0.970088 0
    outer loop
      vertex -49.5708 14.8423 65
      vertex -49.3614 14.8947 57.4
      vertex -49.5708 14.8423 57.4
    endloop
  endfacet
  facet normal 0.595693 0.803212 -0
    outer loop
      vertex -51.2223 15.1708 52.4398
      vertex -51.3957 15.2994 54
      vertex -51.2223 15.1708 54
    endloop
  endfacet
  facet normal 0.595693 0.803212 0
    outer loop
      vertex -51.3957 15.2994 54
      vertex -51.2223 15.1708 52.4398
      vertex -51.3957 15.2994 52.2664
    endloop
  endfacet
  facet normal 0.595693 0.803212 -0
    outer loop
      vertex -51.2223 15.1708 57.4
      vertex -51.3957 15.2994 65
      vertex -51.2223 15.1708 65
    endloop
  endfacet
  facet normal 0.595693 0.803212 0
    outer loop
      vertex -51.3957 15.2994 65
      vertex -51.2223 15.1708 57.4
      vertex -51.3957 15.2994 57.4
    endloop
  endfacet
  facet normal -0.514087 0.857738 0
    outer loop
      vertex -48.7777 15.1708 54
      vertex -48.9629 15.0598 52.625
      vertex -48.9629 15.0598 54
    endloop
  endfacet
  facet normal -0.514087 0.857738 0
    outer loop
      vertex -48.9629 15.0598 52.625
      vertex -48.7777 15.1708 54
      vertex -48.7777 15.1708 52.4398
    endloop
  endfacet
  facet normal -0.514087 0.857738 0
    outer loop
      vertex -48.7777 15.1708 57.4
      vertex -48.9629 15.0598 65
      vertex -48.7777 15.1708 65
    endloop
  endfacet
  facet normal -0.514087 0.857738 0
    outer loop
      vertex -48.9629 15.0598 65
      vertex -48.7777 15.1708 57.4
      vertex -48.9629 15.0598 57.4
    endloop
  endfacet
  facet normal -0.803212 0.595693 0
    outer loop
      vertex -48.2994 15.6043 51.9614
      vertex -48.1708 15.7777 54
      vertex -48.1708 15.7777 51.8328
    endloop
  endfacet
  facet normal -0.803212 0.595693 0
    outer loop
      vertex -48.1708 15.7777 54
      vertex -48.2994 15.6043 51.9614
      vertex -48.2994 15.6043 54
    endloop
  endfacet
  facet normal -0.803212 0.595693 0
    outer loop
      vertex -48.2994 15.6043 57.4
      vertex -48.1708 15.7777 65
      vertex -48.1708 15.7777 57.4
    endloop
  endfacet
  facet normal -0.803212 0.595693 0
    outer loop
      vertex -48.1708 15.7777 65
      vertex -48.2994 15.6043 57.4
      vertex -48.2994 15.6043 65
    endloop
  endfacet
  facet normal -0.1468 -0.989166 0
    outer loop
      vertex -49.7844 19.1894 53.4464
      vertex -49.5708 19.1577 54
      vertex -49.7844 19.1894 54
    endloop
  endfacet
  facet normal -0.1468 -0.989166 -0
    outer loop
      vertex -49.5708 19.1577 54
      vertex -49.7844 19.1894 53.4464
      vertex -49.5708 19.1577 53.2328
    endloop
  endfacet
  facet normal -0.1468 -0.989166 0
    outer loop
      vertex -49.7844 19.1894 57.4
      vertex -49.5708 19.1577 65
      vertex -49.7844 19.1894 65
    endloop
  endfacet
  facet normal -0.1468 -0.989166 -0
    outer loop
      vertex -49.5708 19.1577 65
      vertex -49.7844 19.1894 57.4
      vertex -49.5708 19.1577 57.4
    endloop
  endfacet
  facet normal 0.595693 -0.803212 0
    outer loop
      vertex -51.3957 18.7006 54
      vertex -51.2223 18.8292 52.4398
      vertex -51.2223 18.8292 54
    endloop
  endfacet
  facet normal 0.595693 -0.803212 0
    outer loop
      vertex -51.2223 18.8292 52.4398
      vertex -51.3957 18.7006 54
      vertex -51.3957 18.7006 52.2664
    endloop
  endfacet
  facet normal 0.595693 -0.803212 0
    outer loop
      vertex -51.3957 18.7006 57.4
      vertex -51.2223 18.8292 65
      vertex -51.3957 18.7006 65
    endloop
  endfacet
  facet normal 0.595693 -0.803212 0
    outer loop
      vertex -51.2223 18.8292 65
      vertex -51.3957 18.7006 57.4
      vertex -51.2223 18.8292 57.4
    endloop
  endfacet
  facet normal 0.803212 -0.595693 0
    outer loop
      vertex -51.8292 18.2223 54
      vertex -51.7006 18.3957 51.9614
      vertex -51.7006 18.3957 54
    endloop
  endfacet
  facet normal 0.803212 -0.595693 0
    outer loop
      vertex -51.7006 18.3957 51.9614
      vertex -51.8292 18.2223 54
      vertex -51.8292 18.2223 51.8328
    endloop
  endfacet
  facet normal 0.803212 -0.595693 0
    outer loop
      vertex -51.8292 18.2223 65
      vertex -51.7006 18.3957 57.4
      vertex -51.7006 18.3957 65
    endloop
  endfacet
  facet normal 0.803212 -0.595693 0
    outer loop
      vertex -51.7006 18.3957 57.4
      vertex -51.8292 18.2223 65
      vertex -51.8292 18.2223 57.4
    endloop
  endfacet
  facet normal -0.989166 0.1468 0
    outer loop
      vertex -47.8423 16.5708 51.5043
      vertex -47.8106 16.7844 54
      vertex -47.8106 16.7844 51.4726
    endloop
  endfacet
  facet normal -0.989166 0.1468 0
    outer loop
      vertex -47.8106 16.7844 54
      vertex -47.8423 16.5708 51.5043
      vertex -47.8423 16.5708 54
    endloop
  endfacet
  facet normal -0.989166 0.1468 0
    outer loop
      vertex -47.8423 16.5708 57.4
      vertex -47.8106 16.7844 65
      vertex -47.8106 16.7844 57.4
    endloop
  endfacet
  facet normal -0.989166 0.1468 0
    outer loop
      vertex -47.8106 16.7844 65
      vertex -47.8423 16.5708 57.4
      vertex -47.8423 16.5708 65
    endloop
  endfacet
  facet normal 0.941459 -0.337128 0
    outer loop
      vertex -52.1053 17.6386 54
      vertex -52.0325 17.8419 51.6295
      vertex -52.0325 17.8419 54
    endloop
  endfacet
  facet normal 0.941459 -0.337128 0
    outer loop
      vertex -52.0325 17.8419 51.6295
      vertex -52.1053 17.6386 54
      vertex -52.1053 17.6386 51.5568
    endloop
  endfacet
  facet normal 0.941459 -0.337128 0
    outer loop
      vertex -52.1053 17.6386 65
      vertex -52.0325 17.8419 57.4
      vertex -52.0325 17.8419 65
    endloop
  endfacet
  facet normal 0.941459 -0.337128 0
    outer loop
      vertex -52.0325 17.8419 57.4
      vertex -52.1053 17.6386 65
      vertex -52.1053 17.6386 57.4
    endloop
  endfacet
  facet normal -0.427469 -0.90403 0
    outer loop
      vertex -49.1581 19.0325 52.8201
      vertex -48.9629 18.9402 54
      vertex -49.1581 19.0325 54
    endloop
  endfacet
  facet normal -0.427469 -0.90403 -0
    outer loop
      vertex -48.9629 18.9402 54
      vertex -49.1581 19.0325 52.8201
      vertex -48.9629 18.9402 52.625
    endloop
  endfacet
  facet normal -0.427469 -0.90403 0
    outer loop
      vertex -49.1581 19.0325 57.4
      vertex -48.9629 18.9402 65
      vertex -49.1581 19.0325 65
    endloop
  endfacet
  facet normal -0.427469 -0.90403 -0
    outer loop
      vertex -48.9629 18.9402 65
      vertex -49.1581 19.0325 57.4
      vertex -48.9629 18.9402 57.4
    endloop
  endfacet
  facet normal 0.941459 0.337128 -0
    outer loop
      vertex -52.0325 16.1581 51.6295
      vertex -52.1053 16.3614 54
      vertex -52.0325 16.1581 54
    endloop
  endfacet
  facet normal 0.941459 0.337128 0
    outer loop
      vertex -52.1053 16.3614 54
      vertex -52.0325 16.1581 51.6295
      vertex -52.1053 16.3614 51.5568
    endloop
  endfacet
  facet normal 0.941459 0.337128 0
    outer loop
      vertex -52.0325 16.1581 65
      vertex -52.1053 16.3614 57.4
      vertex -52.1053 16.3614 65
    endloop
  endfacet
  facet normal 0.941459 0.337128 0
    outer loop
      vertex -52.1053 16.3614 57.4
      vertex -52.0325 16.1581 65
      vertex -52.0325 16.1581 57.4
    endloop
  endfacet
  facet normal -0.970088 0.242754 0
    outer loop
      vertex -47.8947 16.3614 51.5568
      vertex -47.8423 16.5708 54
      vertex -47.8423 16.5708 51.5043
    endloop
  endfacet
  facet normal -0.970088 0.242754 0
    outer loop
      vertex -47.8423 16.5708 54
      vertex -47.8947 16.3614 51.5568
      vertex -47.8947 16.3614 54
    endloop
  endfacet
  facet normal -0.970088 0.242754 0
    outer loop
      vertex -47.8947 16.3614 57.4
      vertex -47.8423 16.5708 65
      vertex -47.8423 16.5708 57.4
    endloop
  endfacet
  facet normal -0.970088 0.242754 0
    outer loop
      vertex -47.8423 16.5708 65
      vertex -47.8947 16.3614 57.4
      vertex -47.8947 16.3614 65
    endloop
  endfacet
  facet normal 0.0491058 -0.998794 0
    outer loop
      vertex -50.2156 19.1894 54
      vertex -50 19.2 53.662
      vertex -50 19.2 54
    endloop
  endfacet
  facet normal 0.0491058 -0.998794 0
    outer loop
      vertex -50 19.2 53.662
      vertex -50.2156 19.1894 54
      vertex -50.2156 19.1894 53.4464
    endloop
  endfacet
  facet normal 0.0491058 -0.998794 0
    outer loop
      vertex -50.2156 19.1894 57.4
      vertex -50 19.2 65
      vertex -50.2156 19.1894 65
    endloop
  endfacet
  facet normal 0.0491058 -0.998794 0
    outer loop
      vertex -50 19.2 65
      vertex -50.2156 19.1894 57.4
      vertex -50 19.2 57.4
    endloop
  endfacet
  facet normal -0.67175 -0.740778 0
    outer loop
      vertex -48.6043 18.7006 52.2664
      vertex -48.4444 18.5556 54
      vertex -48.6043 18.7006 54
    endloop
  endfacet
  facet normal -0.67175 -0.740778 -0
    outer loop
      vertex -48.4444 18.5556 54
      vertex -48.6043 18.7006 52.2664
      vertex -48.4444 18.5556 52.1064
    endloop
  endfacet
  facet normal -0.67175 -0.740778 0
    outer loop
      vertex -48.6043 18.7006 57.4
      vertex -48.4444 18.5556 65
      vertex -48.6043 18.7006 65
    endloop
  endfacet
  facet normal -0.67175 -0.740778 -0
    outer loop
      vertex -48.4444 18.5556 65
      vertex -48.6043 18.7006 57.4
      vertex -48.4444 18.5556 57.4
    endloop
  endfacet
  facet normal 0.427469 -0.90403 0
    outer loop
      vertex -51.0371 18.9402 54
      vertex -50.8419 19.0325 52.8201
      vertex -50.8419 19.0325 54
    endloop
  endfacet
  facet normal 0.427469 -0.90403 0
    outer loop
      vertex -50.8419 19.0325 52.8201
      vertex -51.0371 18.9402 54
      vertex -51.0371 18.9402 52.625
    endloop
  endfacet
  facet normal 0.427469 -0.90403 0
    outer loop
      vertex -51.0371 18.9402 57.4
      vertex -50.8419 19.0325 65
      vertex -51.0371 18.9402 65
    endloop
  endfacet
  facet normal 0.427469 -0.90403 0
    outer loop
      vertex -50.8419 19.0325 65
      vertex -51.0371 18.9402 57.4
      vertex -50.8419 19.0325 57.4
    endloop
  endfacet
  facet normal 0.67175 -0.740778 0
    outer loop
      vertex -51.5556 18.5556 54
      vertex -51.3957 18.7006 52.2664
      vertex -51.3957 18.7006 54
    endloop
  endfacet
  facet normal 0.67175 -0.740778 0
    outer loop
      vertex -51.3957 18.7006 52.2664
      vertex -51.5556 18.5556 54
      vertex -51.5556 18.5556 52.1064
    endloop
  endfacet
  facet normal 0.67175 -0.740778 0
    outer loop
      vertex -51.5556 18.5556 57.4
      vertex -51.3957 18.7006 65
      vertex -51.5556 18.5556 65
    endloop
  endfacet
  facet normal 0.67175 -0.740778 0
    outer loop
      vertex -51.3957 18.7006 65
      vertex -51.5556 18.5556 57.4
      vertex -51.3957 18.7006 57.4
    endloop
  endfacet
  facet normal -0.337128 0.941459 0
    outer loop
      vertex -49.1581 14.9675 54
      vertex -49.3614 14.8947 53.0234
      vertex -49.3614 14.8947 54
    endloop
  endfacet
  facet normal -0.337128 0.941459 0
    outer loop
      vertex -49.3614 14.8947 53.0234
      vertex -49.1581 14.9675 54
      vertex -49.1581 14.9675 52.8201
    endloop
  endfacet
  facet normal -0.337128 0.941459 0
    outer loop
      vertex -49.1581 14.9675 57.4
      vertex -49.3614 14.8947 65
      vertex -49.1581 14.9675 65
    endloop
  endfacet
  facet normal -0.337128 0.941459 0
    outer loop
      vertex -49.3614 14.8947 65
      vertex -49.1581 14.9675 57.4
      vertex -49.3614 14.8947 57.4
    endloop
  endfacet
  facet normal 0.337128 -0.941459 0
    outer loop
      vertex -50.8419 19.0325 54
      vertex -50.6386 19.1053 53.0234
      vertex -50.6386 19.1053 54
    endloop
  endfacet
  facet normal 0.337128 -0.941459 0
    outer loop
      vertex -50.6386 19.1053 53.0234
      vertex -50.8419 19.0325 54
      vertex -50.8419 19.0325 52.8201
    endloop
  endfacet
  facet normal 0.337128 -0.941459 0
    outer loop
      vertex -50.8419 19.0325 57.4
      vertex -50.6386 19.1053 65
      vertex -50.8419 19.0325 65
    endloop
  endfacet
  facet normal 0.337128 -0.941459 0
    outer loop
      vertex -50.6386 19.1053 65
      vertex -50.8419 19.0325 57.4
      vertex -50.6386 19.1053 57.4
    endloop
  endfacet
  facet normal -0.803212 -0.595693 -0
    outer loop
      vertex -48.1708 18.2223 54
      vertex -48.2994 18.3957 51.9614
      vertex -48.1708 18.2223 51.8328
    endloop
  endfacet
  facet normal -0.803212 -0.595693 0
    outer loop
      vertex -48.2994 18.3957 51.9614
      vertex -48.1708 18.2223 54
      vertex -48.2994 18.3957 54
    endloop
  endfacet
  facet normal -0.803212 -0.595693 0
    outer loop
      vertex -48.1708 18.2223 57.4
      vertex -48.2994 18.3957 65
      vertex -48.2994 18.3957 57.4
    endloop
  endfacet
  facet normal -0.803212 -0.595693 0
    outer loop
      vertex -48.2994 18.3957 65
      vertex -48.1708 18.2223 57.4
      vertex -48.1708 18.2223 65
    endloop
  endfacet
  facet normal 0.857738 -0.514087 0
    outer loop
      vertex -51.9402 18.0371 54
      vertex -51.8292 18.2223 51.8328
      vertex -51.8292 18.2223 54
    endloop
  endfacet
  facet normal 0.857738 -0.514087 0
    outer loop
      vertex -51.8292 18.2223 51.8328
      vertex -51.9402 18.0371 54
      vertex -51.9402 18.0371 51.7218
    endloop
  endfacet
  facet normal 0.857738 -0.514087 0
    outer loop
      vertex -51.9402 18.0371 65
      vertex -51.8292 18.2223 57.4
      vertex -51.8292 18.2223 65
    endloop
  endfacet
  facet normal 0.857738 -0.514087 0
    outer loop
      vertex -51.8292 18.2223 57.4
      vertex -51.9402 18.0371 65
      vertex -51.9402 18.0371 57.4
    endloop
  endfacet
  facet normal -0.998794 0.0491058 0
    outer loop
      vertex -47.8106 16.7844 51.4726
      vertex -47.8 17 54
      vertex -47.8 17 51.462
    endloop
  endfacet
  facet normal -0.998794 0.0491058 0
    outer loop
      vertex -47.8 17 54
      vertex -47.8106 16.7844 51.4726
      vertex -47.8106 16.7844 54
    endloop
  endfacet
  facet normal -0.998794 0.0491058 0
    outer loop
      vertex -47.8106 16.7844 57.4
      vertex -47.8 17 65
      vertex -47.8 17 57.4
    endloop
  endfacet
  facet normal -0.998794 0.0491058 0
    outer loop
      vertex -47.8 17 65
      vertex -47.8106 16.7844 57.4
      vertex -47.8106 16.7844 65
    endloop
  endfacet
  facet normal -0.90403 0.427469 0
    outer loop
      vertex -48.0598 15.9629 51.7218
      vertex -47.9675 16.1581 54
      vertex -47.9675 16.1581 51.6295
    endloop
  endfacet
  facet normal -0.90403 0.427469 0
    outer loop
      vertex -47.9675 16.1581 54
      vertex -48.0598 15.9629 51.7218
      vertex -48.0598 15.9629 54
    endloop
  endfacet
  facet normal -0.90403 0.427469 0
    outer loop
      vertex -48.0598 15.9629 57.4
      vertex -47.9675 16.1581 65
      vertex -47.9675 16.1581 57.4
    endloop
  endfacet
  facet normal -0.90403 0.427469 0
    outer loop
      vertex -47.9675 16.1581 65
      vertex -48.0598 15.9629 57.4
      vertex -48.0598 15.9629 65
    endloop
  endfacet
  facet normal -0.857738 -0.514087 -0
    outer loop
      vertex -48.0598 18.0371 54
      vertex -48.1708 18.2223 51.8328
      vertex -48.0598 18.0371 51.7218
    endloop
  endfacet
  facet normal -0.857738 -0.514087 0
    outer loop
      vertex -48.1708 18.2223 51.8328
      vertex -48.0598 18.0371 54
      vertex -48.1708 18.2223 54
    endloop
  endfacet
  facet normal -0.857738 -0.514087 0
    outer loop
      vertex -48.0598 18.0371 57.4
      vertex -48.1708 18.2223 65
      vertex -48.1708 18.2223 57.4
    endloop
  endfacet
  facet normal -0.857738 -0.514087 0
    outer loop
      vertex -48.1708 18.2223 65
      vertex -48.0598 18.0371 57.4
      vertex -48.0598 18.0371 65
    endloop
  endfacet
  facet normal 0.67175 0.740778 -0
    outer loop
      vertex -51.3957 15.2994 52.2664
      vertex -51.5556 15.4444 54
      vertex -51.3957 15.2994 54
    endloop
  endfacet
  facet normal 0.67175 0.740778 0
    outer loop
      vertex -51.5556 15.4444 54
      vertex -51.3957 15.2994 52.2664
      vertex -51.5556 15.4444 52.1064
    endloop
  endfacet
  facet normal 0.67175 0.740778 -0
    outer loop
      vertex -51.3957 15.2994 57.4
      vertex -51.5556 15.4444 65
      vertex -51.3957 15.2994 65
    endloop
  endfacet
  facet normal 0.67175 0.740778 0
    outer loop
      vertex -51.5556 15.4444 65
      vertex -51.3957 15.2994 57.4
      vertex -51.5556 15.4444 57.4
    endloop
  endfacet
  facet normal -0.595693 -0.803212 0
    outer loop
      vertex -48.7777 18.8292 52.4398
      vertex -48.6043 18.7006 54
      vertex -48.7777 18.8292 54
    endloop
  endfacet
  facet normal -0.595693 -0.803212 -0
    outer loop
      vertex -48.6043 18.7006 54
      vertex -48.7777 18.8292 52.4398
      vertex -48.6043 18.7006 52.2664
    endloop
  endfacet
  facet normal -0.595693 -0.803212 0
    outer loop
      vertex -48.7777 18.8292 57.4
      vertex -48.6043 18.7006 65
      vertex -48.7777 18.8292 65
    endloop
  endfacet
  facet normal -0.595693 -0.803212 -0
    outer loop
      vertex -48.6043 18.7006 65
      vertex -48.7777 18.8292 57.4
      vertex -48.6043 18.7006 57.4
    endloop
  endfacet
  facet normal 0.514087 0.857738 -0
    outer loop
      vertex -51.0371 15.0598 52.625
      vertex -51.2223 15.1708 54
      vertex -51.0371 15.0598 54
    endloop
  endfacet
  facet normal 0.514087 0.857738 0
    outer loop
      vertex -51.2223 15.1708 54
      vertex -51.0371 15.0598 52.625
      vertex -51.2223 15.1708 52.4398
    endloop
  endfacet
  facet normal 0.514087 0.857738 -0
    outer loop
      vertex -51.0371 15.0598 57.4
      vertex -51.2223 15.1708 65
      vertex -51.0371 15.0598 65
    endloop
  endfacet
  facet normal 0.514087 0.857738 0
    outer loop
      vertex -51.2223 15.1708 65
      vertex -51.0371 15.0598 57.4
      vertex -51.2223 15.1708 57.4
    endloop
  endfacet
  facet normal -0.514087 -0.857738 0
    outer loop
      vertex -48.9629 18.9402 52.625
      vertex -48.7777 18.8292 54
      vertex -48.9629 18.9402 54
    endloop
  endfacet
  facet normal -0.514087 -0.857738 -0
    outer loop
      vertex -48.7777 18.8292 54
      vertex -48.9629 18.9402 52.625
      vertex -48.7777 18.8292 52.4398
    endloop
  endfacet
  facet normal -0.514087 -0.857738 0
    outer loop
      vertex -48.9629 18.9402 57.4
      vertex -48.7777 18.8292 65
      vertex -48.9629 18.9402 65
    endloop
  endfacet
  facet normal -0.514087 -0.857738 -0
    outer loop
      vertex -48.7777 18.8292 65
      vertex -48.9629 18.9402 57.4
      vertex -48.7777 18.8292 57.4
    endloop
  endfacet
  facet normal -0.1468 0.989166 0
    outer loop
      vertex -49.5708 14.8423 54
      vertex -49.7844 14.8106 53.4464
      vertex -49.7844 14.8106 54
    endloop
  endfacet
  facet normal -0.1468 0.989166 0
    outer loop
      vertex -49.7844 14.8106 53.4464
      vertex -49.5708 14.8423 54
      vertex -49.5708 14.8423 53.2328
    endloop
  endfacet
  facet normal -0.1468 0.989166 0
    outer loop
      vertex -49.5708 14.8423 57.4
      vertex -49.7844 14.8106 65
      vertex -49.5708 14.8423 65
    endloop
  endfacet
  facet normal -0.1468 0.989166 0
    outer loop
      vertex -49.7844 14.8106 65
      vertex -49.5708 14.8423 57.4
      vertex -49.7844 14.8106 57.4
    endloop
  endfacet
  facet normal -0.941459 -0.337128 -0
    outer loop
      vertex -47.8947 17.6386 54
      vertex -47.9675 17.8419 51.6295
      vertex -47.8947 17.6386 51.5568
    endloop
  endfacet
  facet normal -0.941459 -0.337128 0
    outer loop
      vertex -47.9675 17.8419 51.6295
      vertex -47.8947 17.6386 54
      vertex -47.9675 17.8419 54
    endloop
  endfacet
  facet normal -0.941459 -0.337128 0
    outer loop
      vertex -47.8947 17.6386 57.4
      vertex -47.9675 17.8419 65
      vertex -47.9675 17.8419 57.4
    endloop
  endfacet
  facet normal -0.941459 -0.337128 0
    outer loop
      vertex -47.9675 17.8419 65
      vertex -47.8947 17.6386 57.4
      vertex -47.8947 17.6386 65
    endloop
  endfacet
  facet normal -0.857738 0.514087 0
    outer loop
      vertex -48.1708 15.7777 51.8328
      vertex -48.0598 15.9629 54
      vertex -48.0598 15.9629 51.7218
    endloop
  endfacet
  facet normal -0.857738 0.514087 0
    outer loop
      vertex -48.0598 15.9629 54
      vertex -48.1708 15.7777 51.8328
      vertex -48.1708 15.7777 54
    endloop
  endfacet
  facet normal -0.857738 0.514087 0
    outer loop
      vertex -48.1708 15.7777 57.4
      vertex -48.0598 15.9629 65
      vertex -48.0598 15.9629 57.4
    endloop
  endfacet
  facet normal -0.857738 0.514087 0
    outer loop
      vertex -48.0598 15.9629 65
      vertex -48.1708 15.7777 57.4
      vertex -48.1708 15.7777 65
    endloop
  endfacet
  facet normal 0.998794 0.0491058 -0
    outer loop
      vertex -52.1894 16.7844 51.4726
      vertex -52.2 17 54
      vertex -52.1894 16.7844 54
    endloop
  endfacet
  facet normal 0.998794 0.0491058 0
    outer loop
      vertex -52.2 17 54
      vertex -52.1894 16.7844 51.4726
      vertex -52.2 17 51.462
    endloop
  endfacet
  facet normal 0.998794 0.0491058 0
    outer loop
      vertex -52.1894 16.7844 65
      vertex -52.2 17 57.4
      vertex -52.2 17 65
    endloop
  endfacet
  facet normal 0.998794 0.0491058 0
    outer loop
      vertex -52.2 17 57.4
      vertex -52.1894 16.7844 65
      vertex -52.1894 16.7844 57.4
    endloop
  endfacet
  facet normal -0.941459 0.337128 0
    outer loop
      vertex -47.9675 16.1581 51.6295
      vertex -47.8947 16.3614 54
      vertex -47.8947 16.3614 51.5568
    endloop
  endfacet
  facet normal -0.941459 0.337128 0
    outer loop
      vertex -47.8947 16.3614 54
      vertex -47.9675 16.1581 51.6295
      vertex -47.9675 16.1581 54
    endloop
  endfacet
  facet normal -0.941459 0.337128 0
    outer loop
      vertex -47.9675 16.1581 57.4
      vertex -47.8947 16.3614 65
      vertex -47.8947 16.3614 57.4
    endloop
  endfacet
  facet normal -0.941459 0.337128 0
    outer loop
      vertex -47.8947 16.3614 65
      vertex -47.9675 16.1581 57.4
      vertex -47.9675 16.1581 65
    endloop
  endfacet
  facet normal -0.740778 -0.67175 -0
    outer loop
      vertex -48.2994 18.3957 54
      vertex -48.4444 18.5556 52.1064
      vertex -48.2994 18.3957 51.9614
    endloop
  endfacet
  facet normal -0.740778 -0.67175 0
    outer loop
      vertex -48.4444 18.5556 52.1064
      vertex -48.2994 18.3957 54
      vertex -48.4444 18.5556 54
    endloop
  endfacet
  facet normal -0.740778 -0.67175 0
    outer loop
      vertex -48.2994 18.3957 57.4
      vertex -48.4444 18.5556 65
      vertex -48.4444 18.5556 57.4
    endloop
  endfacet
  facet normal -0.740778 -0.67175 0
    outer loop
      vertex -48.4444 18.5556 65
      vertex -48.2994 18.3957 57.4
      vertex -48.2994 18.3957 65
    endloop
  endfacet
  facet normal -0.0491058 -0.998794 0
    outer loop
      vertex -50 19.2 53.662
      vertex -49.7844 19.1894 54
      vertex -50 19.2 54
    endloop
  endfacet
  facet normal -0.0491058 -0.998794 -0
    outer loop
      vertex -49.7844 19.1894 54
      vertex -50 19.2 53.662
      vertex -49.7844 19.1894 53.4464
    endloop
  endfacet
  facet normal -0.0491058 -0.998794 0
    outer loop
      vertex -50 19.2 57.4
      vertex -49.7844 19.1894 65
      vertex -50 19.2 65
    endloop
  endfacet
  facet normal -0.0491058 -0.998794 -0
    outer loop
      vertex -49.7844 19.1894 65
      vertex -50 19.2 57.4
      vertex -49.7844 19.1894 57.4
    endloop
  endfacet
  facet normal -0.90403 -0.427469 -0
    outer loop
      vertex -47.9675 17.8419 54
      vertex -48.0598 18.0371 51.7218
      vertex -47.9675 17.8419 51.6295
    endloop
  endfacet
  facet normal -0.90403 -0.427469 0
    outer loop
      vertex -48.0598 18.0371 51.7218
      vertex -47.9675 17.8419 54
      vertex -48.0598 18.0371 54
    endloop
  endfacet
  facet normal -0.90403 -0.427469 0
    outer loop
      vertex -47.9675 17.8419 57.4
      vertex -48.0598 18.0371 65
      vertex -48.0598 18.0371 57.4
    endloop
  endfacet
  facet normal -0.90403 -0.427469 0
    outer loop
      vertex -48.0598 18.0371 65
      vertex -47.9675 17.8419 57.4
      vertex -47.9675 17.8419 65
    endloop
  endfacet
  facet normal 0.1468 0.989166 -0
    outer loop
      vertex -50.2156 14.8106 53.4464
      vertex -50.4292 14.8423 54
      vertex -50.2156 14.8106 54
    endloop
  endfacet
  facet normal 0.1468 0.989166 0
    outer loop
      vertex -50.4292 14.8423 54
      vertex -50.2156 14.8106 53.4464
      vertex -50.4292 14.8423 53.2328
    endloop
  endfacet
  facet normal 0.1468 0.989166 -0
    outer loop
      vertex -50.2156 14.8106 57.4
      vertex -50.4292 14.8423 65
      vertex -50.2156 14.8106 65
    endloop
  endfacet
  facet normal 0.1468 0.989166 0
    outer loop
      vertex -50.4292 14.8423 65
      vertex -50.2156 14.8106 57.4
      vertex -50.4292 14.8423 57.4
    endloop
  endfacet
  facet normal -0.67175 0.740778 0
    outer loop
      vertex -48.4444 15.4444 54
      vertex -48.6043 15.2994 52.2664
      vertex -48.6043 15.2994 54
    endloop
  endfacet
  facet normal -0.67175 0.740778 0
    outer loop
      vertex -48.6043 15.2994 52.2664
      vertex -48.4444 15.4444 54
      vertex -48.4444 15.4444 52.1064
    endloop
  endfacet
  facet normal -0.67175 0.740778 0
    outer loop
      vertex -48.4444 15.4444 57.4
      vertex -48.6043 15.2994 65
      vertex -48.4444 15.4444 65
    endloop
  endfacet
  facet normal -0.67175 0.740778 0
    outer loop
      vertex -48.6043 15.2994 65
      vertex -48.4444 15.4444 57.4
      vertex -48.6043 15.2994 57.4
    endloop
  endfacet
  facet normal 0.0491058 0.998794 -0
    outer loop
      vertex -50 14.8 53.662
      vertex -50.2156 14.8106 54
      vertex -50 14.8 54
    endloop
  endfacet
  facet normal 0.0491058 0.998794 0
    outer loop
      vertex -50.2156 14.8106 54
      vertex -50 14.8 53.662
      vertex -50.2156 14.8106 53.4464
    endloop
  endfacet
  facet normal 0.0491058 0.998794 -0
    outer loop
      vertex -50 14.8 57.4
      vertex -50.2156 14.8106 65
      vertex -50 14.8 65
    endloop
  endfacet
  facet normal 0.0491058 0.998794 0
    outer loop
      vertex -50.2156 14.8106 65
      vertex -50 14.8 57.4
      vertex -50.2156 14.8106 57.4
    endloop
  endfacet
  facet normal 0.740778 -0.67175 0
    outer loop
      vertex -51.7006 18.3957 54
      vertex -51.5556 18.5556 52.1064
      vertex -51.5556 18.5556 54
    endloop
  endfacet
  facet normal 0.740778 -0.67175 0
    outer loop
      vertex -51.5556 18.5556 52.1064
      vertex -51.7006 18.3957 54
      vertex -51.7006 18.3957 51.9614
    endloop
  endfacet
  facet normal 0.740778 -0.67175 0
    outer loop
      vertex -51.7006 18.3957 65
      vertex -51.5556 18.5556 57.4
      vertex -51.5556 18.5556 65
    endloop
  endfacet
  facet normal 0.740778 -0.67175 0
    outer loop
      vertex -51.5556 18.5556 57.4
      vertex -51.7006 18.3957 65
      vertex -51.7006 18.3957 57.4
    endloop
  endfacet
  facet normal 0.1468 -0.989166 0
    outer loop
      vertex -50.4292 19.1577 54
      vertex -50.2156 19.1894 53.4464
      vertex -50.2156 19.1894 54
    endloop
  endfacet
  facet normal 0.1468 -0.989166 0
    outer loop
      vertex -50.2156 19.1894 53.4464
      vertex -50.4292 19.1577 54
      vertex -50.4292 19.1577 53.2328
    endloop
  endfacet
  facet normal 0.1468 -0.989166 0
    outer loop
      vertex -50.4292 19.1577 57.4
      vertex -50.2156 19.1894 65
      vertex -50.4292 19.1577 65
    endloop
  endfacet
  facet normal 0.1468 -0.989166 0
    outer loop
      vertex -50.2156 19.1894 65
      vertex -50.4292 19.1577 57.4
      vertex -50.2156 19.1894 57.4
    endloop
  endfacet
  facet normal 0.90403 -0.427469 0
    outer loop
      vertex -52.0325 17.8419 54
      vertex -51.9402 18.0371 51.7218
      vertex -51.9402 18.0371 54
    endloop
  endfacet
  facet normal 0.90403 -0.427469 0
    outer loop
      vertex -51.9402 18.0371 51.7218
      vertex -52.0325 17.8419 54
      vertex -52.0325 17.8419 51.6295
    endloop
  endfacet
  facet normal 0.90403 -0.427469 0
    outer loop
      vertex -52.0325 17.8419 65
      vertex -51.9402 18.0371 57.4
      vertex -51.9402 18.0371 65
    endloop
  endfacet
  facet normal 0.90403 -0.427469 0
    outer loop
      vertex -51.9402 18.0371 57.4
      vertex -52.0325 17.8419 65
      vertex -52.0325 17.8419 57.4
    endloop
  endfacet
  facet normal 0.970088 -0.242754 0
    outer loop
      vertex -52.1577 17.4292 54
      vertex -52.1053 17.6386 51.5568
      vertex -52.1053 17.6386 54
    endloop
  endfacet
  facet normal 0.970088 -0.242754 0
    outer loop
      vertex -52.1053 17.6386 51.5568
      vertex -52.1577 17.4292 54
      vertex -52.1577 17.4292 51.5043
    endloop
  endfacet
  facet normal 0.970088 -0.242754 0
    outer loop
      vertex -52.1577 17.4292 65
      vertex -52.1053 17.6386 57.4
      vertex -52.1053 17.6386 65
    endloop
  endfacet
  facet normal 0.970088 -0.242754 0
    outer loop
      vertex -52.1053 17.6386 57.4
      vertex -52.1577 17.4292 65
      vertex -52.1577 17.4292 57.4
    endloop
  endfacet
  facet normal -0.242754 -0.970088 0
    outer loop
      vertex -49.5708 19.1577 53.2328
      vertex -49.3614 19.1053 54
      vertex -49.5708 19.1577 54
    endloop
  endfacet
  facet normal -0.242754 -0.970088 -0
    outer loop
      vertex -49.3614 19.1053 54
      vertex -49.5708 19.1577 53.2328
      vertex -49.3614 19.1053 53.0234
    endloop
  endfacet
  facet normal -0.242754 -0.970088 0
    outer loop
      vertex -49.5708 19.1577 57.4
      vertex -49.3614 19.1053 65
      vertex -49.5708 19.1577 65
    endloop
  endfacet
  facet normal -0.242754 -0.970088 -0
    outer loop
      vertex -49.3614 19.1053 65
      vertex -49.5708 19.1577 57.4
      vertex -49.3614 19.1053 57.4
    endloop
  endfacet
  facet normal 0.970088 0.242754 -0
    outer loop
      vertex -52.1053 16.3614 51.5568
      vertex -52.1577 16.5708 54
      vertex -52.1053 16.3614 54
    endloop
  endfacet
  facet normal 0.970088 0.242754 0
    outer loop
      vertex -52.1577 16.5708 54
      vertex -52.1053 16.3614 51.5568
      vertex -52.1577 16.5708 51.5043
    endloop
  endfacet
  facet normal 0.970088 0.242754 0
    outer loop
      vertex -52.1053 16.3614 65
      vertex -52.1577 16.5708 57.4
      vertex -52.1577 16.5708 65
    endloop
  endfacet
  facet normal 0.970088 0.242754 0
    outer loop
      vertex -52.1577 16.5708 57.4
      vertex -52.1053 16.3614 65
      vertex -52.1053 16.3614 57.4
    endloop
  endfacet
  facet normal 0.427469 0.90403 -0
    outer loop
      vertex -50.8419 14.9675 52.8201
      vertex -51.0371 15.0598 54
      vertex -50.8419 14.9675 54
    endloop
  endfacet
  facet normal 0.427469 0.90403 0
    outer loop
      vertex -51.0371 15.0598 54
      vertex -50.8419 14.9675 52.8201
      vertex -51.0371 15.0598 52.625
    endloop
  endfacet
  facet normal 0.427469 0.90403 -0
    outer loop
      vertex -50.8419 14.9675 57.4
      vertex -51.0371 15.0598 65
      vertex -50.8419 14.9675 65
    endloop
  endfacet
  facet normal 0.427469 0.90403 0
    outer loop
      vertex -51.0371 15.0598 65
      vertex -50.8419 14.9675 57.4
      vertex -51.0371 15.0598 57.4
    endloop
  endfacet
  facet normal 0.740778 0.67175 -0
    outer loop
      vertex -51.5556 15.4444 52.1064
      vertex -51.7006 15.6043 54
      vertex -51.5556 15.4444 54
    endloop
  endfacet
  facet normal 0.740778 0.67175 0
    outer loop
      vertex -51.7006 15.6043 54
      vertex -51.5556 15.4444 52.1064
      vertex -51.7006 15.6043 51.9614
    endloop
  endfacet
  facet normal 0.740778 0.67175 0
    outer loop
      vertex -51.5556 15.4444 65
      vertex -51.7006 15.6043 57.4
      vertex -51.7006 15.6043 65
    endloop
  endfacet
  facet normal 0.740778 0.67175 0
    outer loop
      vertex -51.7006 15.6043 57.4
      vertex -51.5556 15.4444 65
      vertex -51.5556 15.4444 57.4
    endloop
  endfacet
  facet normal -0.427469 0.90403 0
    outer loop
      vertex -48.9629 15.0598 54
      vertex -49.1581 14.9675 52.8201
      vertex -49.1581 14.9675 54
    endloop
  endfacet
  facet normal -0.427469 0.90403 0
    outer loop
      vertex -49.1581 14.9675 52.8201
      vertex -48.9629 15.0598 54
      vertex -48.9629 15.0598 52.625
    endloop
  endfacet
  facet normal -0.427469 0.90403 0
    outer loop
      vertex -48.9629 15.0598 57.4
      vertex -49.1581 14.9675 65
      vertex -48.9629 15.0598 65
    endloop
  endfacet
  facet normal -0.427469 0.90403 0
    outer loop
      vertex -49.1581 14.9675 65
      vertex -48.9629 15.0598 57.4
      vertex -49.1581 14.9675 57.4
    endloop
  endfacet
  facet normal -0.0491058 0.998794 0
    outer loop
      vertex -49.7844 14.8106 54
      vertex -50 14.8 53.662
      vertex -50 14.8 54
    endloop
  endfacet
  facet normal -0.0491058 0.998794 0
    outer loop
      vertex -50 14.8 53.662
      vertex -49.7844 14.8106 54
      vertex -49.7844 14.8106 53.4464
    endloop
  endfacet
  facet normal -0.0491058 0.998794 0
    outer loop
      vertex -49.7844 14.8106 57.4
      vertex -50 14.8 65
      vertex -49.7844 14.8106 65
    endloop
  endfacet
  facet normal -0.0491058 0.998794 0
    outer loop
      vertex -50 14.8 65
      vertex -49.7844 14.8106 57.4
      vertex -50 14.8 57.4
    endloop
  endfacet
  facet normal 0.989166 0.1468 -0
    outer loop
      vertex -52.1577 16.5708 51.5043
      vertex -52.1894 16.7844 54
      vertex -52.1577 16.5708 54
    endloop
  endfacet
  facet normal 0.989166 0.1468 0
    outer loop
      vertex -52.1894 16.7844 54
      vertex -52.1577 16.5708 51.5043
      vertex -52.1894 16.7844 51.4726
    endloop
  endfacet
  facet normal 0.989166 0.1468 0
    outer loop
      vertex -52.1577 16.5708 65
      vertex -52.1894 16.7844 57.4
      vertex -52.1894 16.7844 65
    endloop
  endfacet
  facet normal 0.989166 0.1468 0
    outer loop
      vertex -52.1894 16.7844 57.4
      vertex -52.1577 16.5708 65
      vertex -52.1577 16.5708 57.4
    endloop
  endfacet
  facet normal -0.595693 0.803212 0
    outer loop
      vertex -48.6043 15.2994 54
      vertex -48.7777 15.1708 52.4398
      vertex -48.7777 15.1708 54
    endloop
  endfacet
  facet normal -0.595693 0.803212 0
    outer loop
      vertex -48.7777 15.1708 52.4398
      vertex -48.6043 15.2994 54
      vertex -48.6043 15.2994 52.2664
    endloop
  endfacet
  facet normal -0.595693 0.803212 0
    outer loop
      vertex -48.6043 15.2994 57.4
      vertex -48.7777 15.1708 65
      vertex -48.6043 15.2994 65
    endloop
  endfacet
  facet normal -0.595693 0.803212 0
    outer loop
      vertex -48.7777 15.1708 65
      vertex -48.6043 15.2994 57.4
      vertex -48.7777 15.1708 57.4
    endloop
  endfacet
  facet normal 0.803212 0.595693 -0
    outer loop
      vertex -51.7006 15.6043 51.9614
      vertex -51.8292 15.7777 54
      vertex -51.7006 15.6043 54
    endloop
  endfacet
  facet normal 0.803212 0.595693 0
    outer loop
      vertex -51.8292 15.7777 54
      vertex -51.7006 15.6043 51.9614
      vertex -51.8292 15.7777 51.8328
    endloop
  endfacet
  facet normal 0.803212 0.595693 0
    outer loop
      vertex -51.7006 15.6043 65
      vertex -51.8292 15.7777 57.4
      vertex -51.8292 15.7777 65
    endloop
  endfacet
  facet normal 0.803212 0.595693 0
    outer loop
      vertex -51.8292 15.7777 57.4
      vertex -51.7006 15.6043 65
      vertex -51.7006 15.6043 57.4
    endloop
  endfacet
  facet normal 0.998794 -0.0491058 0
    outer loop
      vertex -52.2 17 54
      vertex -52.1894 17.2156 51.4726
      vertex -52.1894 17.2156 54
    endloop
  endfacet
  facet normal 0.998794 -0.0491058 0
    outer loop
      vertex -52.1894 17.2156 51.4726
      vertex -52.2 17 54
      vertex -52.2 17 51.462
    endloop
  endfacet
  facet normal 0.998794 -0.0491058 0
    outer loop
      vertex -52.2 17 65
      vertex -52.1894 17.2156 57.4
      vertex -52.1894 17.2156 65
    endloop
  endfacet
  facet normal 0.998794 -0.0491058 0
    outer loop
      vertex -52.1894 17.2156 57.4
      vertex -52.2 17 65
      vertex -52.2 17 57.4
    endloop
  endfacet
  facet normal -0.740778 0.67175 0
    outer loop
      vertex -48.4444 15.4444 52.1064
      vertex -48.2994 15.6043 54
      vertex -48.2994 15.6043 51.9614
    endloop
  endfacet
  facet normal -0.740778 0.67175 0
    outer loop
      vertex -48.2994 15.6043 54
      vertex -48.4444 15.4444 52.1064
      vertex -48.4444 15.4444 54
    endloop
  endfacet
  facet normal -0.740778 0.67175 0
    outer loop
      vertex -48.4444 15.4444 57.4
      vertex -48.2994 15.6043 65
      vertex -48.2994 15.6043 57.4
    endloop
  endfacet
  facet normal -0.740778 0.67175 0
    outer loop
      vertex -48.2994 15.6043 65
      vertex -48.4444 15.4444 57.4
      vertex -48.4444 15.4444 65
    endloop
  endfacet
  facet normal -1 0 0
    outer loop
      vertex -46.35 13.35 54
      vertex -46.35 20.65 57.4
      vertex -46.35 20.65 54
    endloop
  endfacet
  facet normal -1 -0 0
    outer loop
      vertex -46.35 20.65 57.4
      vertex -46.35 13.35 54
      vertex -46.35 13.35 57.4
    endloop
  endfacet
  facet normal 0 0 -1
    outer loop
      vertex -46.35 13.35 57.4
      vertex -47.8 17 57.4
      vertex -46.35 20.65 57.4
    endloop
  endfacet
  facet normal 0 0 -1
    outer loop
      vertex -46.35 13.35 57.4
      vertex -47.8106 16.7844 57.4
      vertex -47.8 17 57.4
    endloop
  endfacet
  facet normal 0 0 -1
    outer loop
      vertex -46.35 13.35 57.4
      vertex -47.8423 16.5708 57.4
      vertex -47.8106 16.7844 57.4
    endloop
  endfacet
  facet normal 0 0 -1
    outer loop
      vertex -46.35 13.35 57.4
      vertex -47.8947 16.3614 57.4
      vertex -47.8423 16.5708 57.4
    endloop
  endfacet
  facet normal 0 0 -1
    outer loop
      vertex -46.35 13.35 57.4
      vertex -47.9675 16.1581 57.4
      vertex -47.8947 16.3614 57.4
    endloop
  endfacet
  facet normal 0 0 -1
    outer loop
      vertex -46.35 13.35 57.4
      vertex -48.0598 15.9629 57.4
      vertex -47.9675 16.1581 57.4
    endloop
  endfacet
  facet normal 0 0 -1
    outer loop
      vertex -46.35 13.35 57.4
      vertex -48.1708 15.7777 57.4
      vertex -48.0598 15.9629 57.4
    endloop
  endfacet
  facet normal 0 0 -1
    outer loop
      vertex -46.35 13.35 57.4
      vertex -48.2994 15.6043 57.4
      vertex -48.1708 15.7777 57.4
    endloop
  endfacet
  facet normal 0 0 -1
    outer loop
      vertex -46.35 13.35 57.4
      vertex -48.4444 15.4444 57.4
      vertex -48.2994 15.6043 57.4
    endloop
  endfacet
  facet normal 0 0 -1
    outer loop
      vertex -46.35 13.35 57.4
      vertex -48.6043 15.2994 57.4
      vertex -48.4444 15.4444 57.4
    endloop
  endfacet
  facet normal 0 0 -1
    outer loop
      vertex -46.35 13.35 57.4
      vertex -48.7777 15.1708 57.4
      vertex -48.6043 15.2994 57.4
    endloop
  endfacet
  facet normal 0 0 -1
    outer loop
      vertex -46.35 13.35 57.4
      vertex -48.9629 15.0598 57.4
      vertex -48.7777 15.1708 57.4
    endloop
  endfacet
  facet normal 0 0 -1
    outer loop
      vertex -46.35 13.35 57.4
      vertex -49.1581 14.9675 57.4
      vertex -48.9629 15.0598 57.4
    endloop
  endfacet
  facet normal 0 0 -1
    outer loop
      vertex -46.35 13.35 57.4
      vertex -49.3614 14.8947 57.4
      vertex -49.1581 14.9675 57.4
    endloop
  endfacet
  facet normal 0 0 -1
    outer loop
      vertex -46.35 13.35 57.4
      vertex -49.5708 14.8423 57.4
      vertex -49.3614 14.8947 57.4
    endloop
  endfacet
  facet normal 0 0 -1
    outer loop
      vertex -46.35 13.35 57.4
      vertex -49.7844 14.8106 57.4
      vertex -49.5708 14.8423 57.4
    endloop
  endfacet
  facet normal 0 0 -1
    outer loop
      vertex -46.35 13.35 57.4
      vertex -50 14.8 57.4
      vertex -49.7844 14.8106 57.4
    endloop
  endfacet
  facet normal 0 0 -1
    outer loop
      vertex -46.35 13.35 57.4
      vertex -50.2156 14.8106 57.4
      vertex -50 14.8 57.4
    endloop
  endfacet
  facet normal 0 0 -1
    outer loop
      vertex -46.35 13.35 57.4
      vertex -50.4292 14.8423 57.4
      vertex -50.2156 14.8106 57.4
    endloop
  endfacet
  facet normal 0 0 -1
    outer loop
      vertex -46.35 13.35 57.4
      vertex -50.6386 14.8947 57.4
      vertex -50.4292 14.8423 57.4
    endloop
  endfacet
  facet normal 0 0 -1
    outer loop
      vertex -69.9803 13.35 57.4
      vertex -50.6386 14.8947 57.4
      vertex -46.35 13.35 57.4
    endloop
  endfacet
  facet normal -0 0 -1
    outer loop
      vertex -52.1894 16.7844 57.4
      vertex -69.9803 13.35 57.4
      vertex -52.2 17 57.4
    endloop
  endfacet
  facet normal -0 0 -1
    outer loop
      vertex -52.1577 16.5708 57.4
      vertex -69.9803 13.35 57.4
      vertex -52.1894 16.7844 57.4
    endloop
  endfacet
  facet normal -0 0 -1
    outer loop
      vertex -52.1053 16.3614 57.4
      vertex -69.9803 13.35 57.4
      vertex -52.1577 16.5708 57.4
    endloop
  endfacet
  facet normal -0 0 -1
    outer loop
      vertex -52.0325 16.1581 57.4
      vertex -69.9803 13.35 57.4
      vertex -52.1053 16.3614 57.4
    endloop
  endfacet
  facet normal -0 0 -1
    outer loop
      vertex -51.9402 15.9629 57.4
      vertex -69.9803 13.35 57.4
      vertex -52.0325 16.1581 57.4
    endloop
  endfacet
  facet normal -0 0 -1
    outer loop
      vertex -51.8292 15.7777 57.4
      vertex -69.9803 13.35 57.4
      vertex -51.9402 15.9629 57.4
    endloop
  endfacet
  facet normal -0 0 -1
    outer loop
      vertex -51.7006 15.6043 57.4
      vertex -69.9803 13.35 57.4
      vertex -51.8292 15.7777 57.4
    endloop
  endfacet
  facet normal -0 0 -1
    outer loop
      vertex -51.5556 15.4444 57.4
      vertex -69.9803 13.35 57.4
      vertex -51.7006 15.6043 57.4
    endloop
  endfacet
  facet normal -0 0 -1
    outer loop
      vertex -51.3957 15.2994 57.4
      vertex -69.9803 13.35 57.4
      vertex -51.5556 15.4444 57.4
    endloop
  endfacet
  facet normal -0 0 -1
    outer loop
      vertex -51.2223 15.1708 57.4
      vertex -69.9803 13.35 57.4
      vertex -51.3957 15.2994 57.4
    endloop
  endfacet
  facet normal -0 0 -1
    outer loop
      vertex -51.0371 15.0598 57.4
      vertex -69.9803 13.35 57.4
      vertex -51.2223 15.1708 57.4
    endloop
  endfacet
  facet normal -0 0 -1
    outer loop
      vertex -50.8419 14.9675 57.4
      vertex -69.9803 13.35 57.4
      vertex -51.0371 15.0598 57.4
    endloop
  endfacet
  facet normal -0 0 -1
    outer loop
      vertex -50.6386 14.8947 57.4
      vertex -69.9803 13.35 57.4
      vertex -50.8419 14.9675 57.4
    endloop
  endfacet
  facet normal 0 0 -1
    outer loop
      vertex -47.8106 17.2156 57.4
      vertex -46.35 20.65 57.4
      vertex -47.8 17 57.4
    endloop
  endfacet
  facet normal 0 0 -1
    outer loop
      vertex -47.8423 17.4292 57.4
      vertex -46.35 20.65 57.4
      vertex -47.8106 17.2156 57.4
    endloop
  endfacet
  facet normal 0 0 -1
    outer loop
      vertex -47.8947 17.6386 57.4
      vertex -46.35 20.65 57.4
      vertex -47.8423 17.4292 57.4
    endloop
  endfacet
  facet normal 0 0 -1
    outer loop
      vertex -47.9675 17.8419 57.4
      vertex -46.35 20.65 57.4
      vertex -47.8947 17.6386 57.4
    endloop
  endfacet
  facet normal 0 0 -1
    outer loop
      vertex -48.0598 18.0371 57.4
      vertex -46.35 20.65 57.4
      vertex -47.9675 17.8419 57.4
    endloop
  endfacet
  facet normal 0 0 -1
    outer loop
      vertex -48.1708 18.2223 57.4
      vertex -46.35 20.65 57.4
      vertex -48.0598 18.0371 57.4
    endloop
  endfacet
  facet normal 0 0 -1
    outer loop
      vertex -48.2994 18.3957 57.4
      vertex -46.35 20.65 57.4
      vertex -48.1708 18.2223 57.4
    endloop
  endfacet
  facet normal 0 0 -1
    outer loop
      vertex -48.4444 18.5556 57.4
      vertex -46.35 20.65 57.4
      vertex -48.2994 18.3957 57.4
    endloop
  endfacet
  facet normal 0 0 -1
    outer loop
      vertex -48.6043 18.7006 57.4
      vertex -46.35 20.65 57.4
      vertex -48.4444 18.5556 57.4
    endloop
  endfacet
  facet normal 0 0 -1
    outer loop
      vertex -48.7777 18.8292 57.4
      vertex -46.35 20.65 57.4
      vertex -48.6043 18.7006 57.4
    endloop
  endfacet
  facet normal 0 0 -1
    outer loop
      vertex -48.9629 18.9402 57.4
      vertex -46.35 20.65 57.4
      vertex -48.7777 18.8292 57.4
    endloop
  endfacet
  facet normal 0 0 -1
    outer loop
      vertex -49.1581 19.0325 57.4
      vertex -46.35 20.65 57.4
      vertex -48.9629 18.9402 57.4
    endloop
  endfacet
  facet normal 0 0 -1
    outer loop
      vertex -49.3614 19.1053 57.4
      vertex -46.35 20.65 57.4
      vertex -49.1581 19.0325 57.4
    endloop
  endfacet
  facet normal 0 0 -1
    outer loop
      vertex -49.5708 19.1577 57.4
      vertex -46.35 20.65 57.4
      vertex -49.3614 19.1053 57.4
    endloop
  endfacet
  facet normal 0 0 -1
    outer loop
      vertex -49.7844 19.1894 57.4
      vertex -46.35 20.65 57.4
      vertex -49.5708 19.1577 57.4
    endloop
  endfacet
  facet normal 0 0 -1
    outer loop
      vertex -50 19.2 57.4
      vertex -46.35 20.65 57.4
      vertex -49.7844 19.1894 57.4
    endloop
  endfacet
  facet normal 0 0 -1
    outer loop
      vertex -50.2156 19.1894 57.4
      vertex -46.35 20.65 57.4
      vertex -50 19.2 57.4
    endloop
  endfacet
  facet normal 0 0 -1
    outer loop
      vertex -50.4292 19.1577 57.4
      vertex -46.35 20.65 57.4
      vertex -50.2156 19.1894 57.4
    endloop
  endfacet
  facet normal 0 0 -1
    outer loop
      vertex -50.6386 19.1053 57.4
      vertex -46.35 20.65 57.4
      vertex -50.4292 19.1577 57.4
    endloop
  endfacet
  facet normal 0 0 -1
    outer loop
      vertex -69.9803 20.65 57.4
      vertex -50.6386 19.1053 57.4
      vertex -50.8419 19.0325 57.4
    endloop
  endfacet
  facet normal 0 0 -1
    outer loop
      vertex -69.9803 20.65 57.4
      vertex -52.2 17 57.4
      vertex -69.9803 13.35 57.4
    endloop
  endfacet
  facet normal 0 0 -1
    outer loop
      vertex -52.2 17 57.4
      vertex -69.9803 20.65 57.4
      vertex -52.1894 17.2156 57.4
    endloop
  endfacet
  facet normal 0 0 -1
    outer loop
      vertex -52.1894 17.2156 57.4
      vertex -69.9803 20.65 57.4
      vertex -52.1577 17.4292 57.4
    endloop
  endfacet
  facet normal 0 0 -1
    outer loop
      vertex -52.1577 17.4292 57.4
      vertex -69.9803 20.65 57.4
      vertex -52.1053 17.6386 57.4
    endloop
  endfacet
  facet normal 0 0 -1
    outer loop
      vertex -52.1053 17.6386 57.4
      vertex -69.9803 20.65 57.4
      vertex -52.0325 17.8419 57.4
    endloop
  endfacet
  facet normal 0 0 -1
    outer loop
      vertex -52.0325 17.8419 57.4
      vertex -69.9803 20.65 57.4
      vertex -51.9402 18.0371 57.4
    endloop
  endfacet
  facet normal 0 0 -1
    outer loop
      vertex -51.9402 18.0371 57.4
      vertex -69.9803 20.65 57.4
      vertex -51.8292 18.2223 57.4
    endloop
  endfacet
  facet normal 0 0 -1
    outer loop
      vertex -51.8292 18.2223 57.4
      vertex -69.9803 20.65 57.4
      vertex -51.7006 18.3957 57.4
    endloop
  endfacet
  facet normal 0 0 -1
    outer loop
      vertex -51.7006 18.3957 57.4
      vertex -69.9803 20.65 57.4
      vertex -51.5556 18.5556 57.4
    endloop
  endfacet
  facet normal 0 0 -1
    outer loop
      vertex -51.5556 18.5556 57.4
      vertex -69.9803 20.65 57.4
      vertex -51.3957 18.7006 57.4
    endloop
  endfacet
  facet normal 0 0 -1
    outer loop
      vertex -51.3957 18.7006 57.4
      vertex -69.9803 20.65 57.4
      vertex -51.2223 18.8292 57.4
    endloop
  endfacet
  facet normal 0 0 -1
    outer loop
      vertex -51.2223 18.8292 57.4
      vertex -69.9803 20.65 57.4
      vertex -51.0371 18.9402 57.4
    endloop
  endfacet
  facet normal 0 0 -1
    outer loop
      vertex -51.0371 18.9402 57.4
      vertex -69.9803 20.65 57.4
      vertex -50.8419 19.0325 57.4
    endloop
  endfacet
  facet normal 0 0 -1
    outer loop
      vertex -50.6386 19.1053 57.4
      vertex -69.9803 20.65 57.4
      vertex -46.35 20.65 57.4
    endloop
  endfacet
  facet normal 0 0 1
    outer loop
      vertex -46.35 20.65 54
      vertex -47.8 17 54
      vertex -46.35 13.35 54
    endloop
  endfacet
  facet normal 0 0 1
    outer loop
      vertex -46.35 20.65 54
      vertex -47.8106 17.2156 54
      vertex -47.8 17 54
    endloop
  endfacet
  facet normal 0 0 1
    outer loop
      vertex -46.35 20.65 54
      vertex -47.8423 17.4292 54
      vertex -47.8106 17.2156 54
    endloop
  endfacet
  facet normal 0 0 1
    outer loop
      vertex -46.35 20.65 54
      vertex -47.8947 17.6386 54
      vertex -47.8423 17.4292 54
    endloop
  endfacet
  facet normal 0 0 1
    outer loop
      vertex -46.35 20.65 54
      vertex -47.9675 17.8419 54
      vertex -47.8947 17.6386 54
    endloop
  endfacet
  facet normal 0 0 1
    outer loop
      vertex -46.35 20.65 54
      vertex -48.0598 18.0371 54
      vertex -47.9675 17.8419 54
    endloop
  endfacet
  facet normal 0 0 1
    outer loop
      vertex -46.35 20.65 54
      vertex -48.1708 18.2223 54
      vertex -48.0598 18.0371 54
    endloop
  endfacet
  facet normal 0 0 1
    outer loop
      vertex -46.35 20.65 54
      vertex -48.2994 18.3957 54
      vertex -48.1708 18.2223 54
    endloop
  endfacet
  facet normal 0 0 1
    outer loop
      vertex -46.35 20.65 54
      vertex -48.4444 18.5556 54
      vertex -48.2994 18.3957 54
    endloop
  endfacet
  facet normal 0 0 1
    outer loop
      vertex -46.35 20.65 54
      vertex -48.6043 18.7006 54
      vertex -48.4444 18.5556 54
    endloop
  endfacet
  facet normal 0 0 1
    outer loop
      vertex -46.35 20.65 54
      vertex -48.7777 18.8292 54
      vertex -48.6043 18.7006 54
    endloop
  endfacet
  facet normal 0 0 1
    outer loop
      vertex -46.35 20.65 54
      vertex -48.9629 18.9402 54
      vertex -48.7777 18.8292 54
    endloop
  endfacet
  facet normal 0 0 1
    outer loop
      vertex -46.35 20.65 54
      vertex -49.1581 19.0325 54
      vertex -48.9629 18.9402 54
    endloop
  endfacet
  facet normal 0 0 1
    outer loop
      vertex -46.35 20.65 54
      vertex -49.3614 19.1053 54
      vertex -49.1581 19.0325 54
    endloop
  endfacet
  facet normal 0 0 1
    outer loop
      vertex -46.35 20.65 54
      vertex -49.5708 19.1577 54
      vertex -49.3614 19.1053 54
    endloop
  endfacet
  facet normal 0 0 1
    outer loop
      vertex -46.35 20.65 54
      vertex -49.7844 19.1894 54
      vertex -49.5708 19.1577 54
    endloop
  endfacet
  facet normal 0 0 1
    outer loop
      vertex -46.35 20.65 54
      vertex -50 19.2 54
      vertex -49.7844 19.1894 54
    endloop
  endfacet
  facet normal 0 0 1
    outer loop
      vertex -46.35 20.65 54
      vertex -50.2156 19.1894 54
      vertex -50 19.2 54
    endloop
  endfacet
  facet normal 0 0 1
    outer loop
      vertex -46.35 20.65 54
      vertex -50.4292 19.1577 54
      vertex -50.2156 19.1894 54
    endloop
  endfacet
  facet normal 0 0 1
    outer loop
      vertex -46.35 20.65 54
      vertex -50.6386 19.1053 54
      vertex -50.4292 19.1577 54
    endloop
  endfacet
  facet normal -0 0 1
    outer loop
      vertex -70 20.65 54
      vertex -50.6386 19.1053 54
      vertex -46.35 20.65 54
    endloop
  endfacet
  facet normal 0 0 1
    outer loop
      vertex -52.1894 17.2156 54
      vertex -70 20.65 54
      vertex -52.2 17 54
    endloop
  endfacet
  facet normal 0 0 1
    outer loop
      vertex -52.1577 17.4292 54
      vertex -70 20.65 54
      vertex -52.1894 17.2156 54
    endloop
  endfacet
  facet normal 0 0 1
    outer loop
      vertex -52.1053 17.6386 54
      vertex -70 20.65 54
      vertex -52.1577 17.4292 54
    endloop
  endfacet
  facet normal 0 0 1
    outer loop
      vertex -52.0325 17.8419 54
      vertex -70 20.65 54
      vertex -52.1053 17.6386 54
    endloop
  endfacet
  facet normal 0 0 1
    outer loop
      vertex -51.9402 18.0371 54
      vertex -70 20.65 54
      vertex -52.0325 17.8419 54
    endloop
  endfacet
  facet normal 0 0 1
    outer loop
      vertex -51.8292 18.2223 54
      vertex -70 20.65 54
      vertex -51.9402 18.0371 54
    endloop
  endfacet
  facet normal 0 0 1
    outer loop
      vertex -51.7006 18.3957 54
      vertex -70 20.65 54
      vertex -51.8292 18.2223 54
    endloop
  endfacet
  facet normal 0 0 1
    outer loop
      vertex -51.5556 18.5556 54
      vertex -70 20.65 54
      vertex -51.7006 18.3957 54
    endloop
  endfacet
  facet normal 0 0 1
    outer loop
      vertex -51.3957 18.7006 54
      vertex -70 20.65 54
      vertex -51.5556 18.5556 54
    endloop
  endfacet
  facet normal 0 0 1
    outer loop
      vertex -51.2223 18.8292 54
      vertex -70 20.65 54
      vertex -51.3957 18.7006 54
    endloop
  endfacet
  facet normal 0 0 1
    outer loop
      vertex -51.0371 18.9402 54
      vertex -70 20.65 54
      vertex -51.2223 18.8292 54
    endloop
  endfacet
  facet normal 0 0 1
    outer loop
      vertex -50.8419 19.0325 54
      vertex -70 20.65 54
      vertex -51.0371 18.9402 54
    endloop
  endfacet
  facet normal 0 0 1
    outer loop
      vertex -50.6386 19.1053 54
      vertex -70 20.65 54
      vertex -50.8419 19.0325 54
    endloop
  endfacet
  facet normal -0 0 1
    outer loop
      vertex -47.8106 16.7844 54
      vertex -46.35 13.35 54
      vertex -47.8 17 54
    endloop
  endfacet
  facet normal -0 0 1
    outer loop
      vertex -47.8423 16.5708 54
      vertex -46.35 13.35 54
      vertex -47.8106 16.7844 54
    endloop
  endfacet
  facet normal -0 0 1
    outer loop
      vertex -47.8947 16.3614 54
      vertex -46.35 13.35 54
      vertex -47.8423 16.5708 54
    endloop
  endfacet
  facet normal -0 0 1
    outer loop
      vertex -47.9675 16.1581 54
      vertex -46.35 13.35 54
      vertex -47.8947 16.3614 54
    endloop
  endfacet
  facet normal -0 0 1
    outer loop
      vertex -48.0598 15.9629 54
      vertex -46.35 13.35 54
      vertex -47.9675 16.1581 54
    endloop
  endfacet
  facet normal -0 0 1
    outer loop
      vertex -48.1708 15.7777 54
      vertex -46.35 13.35 54
      vertex -48.0598 15.9629 54
    endloop
  endfacet
  facet normal -0 0 1
    outer loop
      vertex -48.2994 15.6043 54
      vertex -46.35 13.35 54
      vertex -48.1708 15.7777 54
    endloop
  endfacet
  facet normal -0 0 1
    outer loop
      vertex -48.4444 15.4444 54
      vertex -46.35 13.35 54
      vertex -48.2994 15.6043 54
    endloop
  endfacet
  facet normal -0 0 1
    outer loop
      vertex -48.6043 15.2994 54
      vertex -46.35 13.35 54
      vertex -48.4444 15.4444 54
    endloop
  endfacet
  facet normal -0 0 1
    outer loop
      vertex -48.7777 15.1708 54
      vertex -46.35 13.35 54
      vertex -48.6043 15.2994 54
    endloop
  endfacet
  facet normal -0 0 1
    outer loop
      vertex -48.9629 15.0598 54
      vertex -46.35 13.35 54
      vertex -48.7777 15.1708 54
    endloop
  endfacet
  facet normal -0 0 1
    outer loop
      vertex -49.1581 14.9675 54
      vertex -46.35 13.35 54
      vertex -48.9629 15.0598 54
    endloop
  endfacet
  facet normal -0 0 1
    outer loop
      vertex -49.3614 14.8947 54
      vertex -46.35 13.35 54
      vertex -49.1581 14.9675 54
    endloop
  endfacet
  facet normal -0 0 1
    outer loop
      vertex -49.5708 14.8423 54
      vertex -46.35 13.35 54
      vertex -49.3614 14.8947 54
    endloop
  endfacet
  facet normal -0 0 1
    outer loop
      vertex -49.7844 14.8106 54
      vertex -46.35 13.35 54
      vertex -49.5708 14.8423 54
    endloop
  endfacet
  facet normal -0 0 1
    outer loop
      vertex -50 14.8 54
      vertex -46.35 13.35 54
      vertex -49.7844 14.8106 54
    endloop
  endfacet
  facet normal 0 0 1
    outer loop
      vertex -50.2156 14.8106 54
      vertex -46.35 13.35 54
      vertex -50 14.8 54
    endloop
  endfacet
  facet normal 0 0 1
    outer loop
      vertex -50.4292 14.8423 54
      vertex -46.35 13.35 54
      vertex -50.2156 14.8106 54
    endloop
  endfacet
  facet normal 0 0 1
    outer loop
      vertex -50.6386 14.8947 54
      vertex -46.35 13.35 54
      vertex -50.4292 14.8423 54
    endloop
  endfacet
  facet normal 0 0 1
    outer loop
      vertex -70 13.35 54
      vertex -50.6386 14.8947 54
      vertex -50.8419 14.9675 54
    endloop
  endfacet
  facet normal 0 0 1
    outer loop
      vertex -70 13.35 54
      vertex -52.2 17 54
      vertex -70 20.65 54
    endloop
  endfacet
  facet normal 0 0 1
    outer loop
      vertex -52.2 17 54
      vertex -70 13.35 54
      vertex -52.1894 16.7844 54
    endloop
  endfacet
  facet normal 0 0 1
    outer loop
      vertex -52.1894 16.7844 54
      vertex -70 13.35 54
      vertex -52.1577 16.5708 54
    endloop
  endfacet
  facet normal 0 0 1
    outer loop
      vertex -52.1577 16.5708 54
      vertex -70 13.35 54
      vertex -52.1053 16.3614 54
    endloop
  endfacet
  facet normal 0 0 1
    outer loop
      vertex -52.1053 16.3614 54
      vertex -70 13.35 54
      vertex -52.0325 16.1581 54
    endloop
  endfacet
  facet normal 0 0 1
    outer loop
      vertex -52.0325 16.1581 54
      vertex -70 13.35 54
      vertex -51.9402 15.9629 54
    endloop
  endfacet
  facet normal 0 0 1
    outer loop
      vertex -51.9402 15.9629 54
      vertex -70 13.35 54
      vertex -51.8292 15.7777 54
    endloop
  endfacet
  facet normal 0 0 1
    outer loop
      vertex -51.8292 15.7777 54
      vertex -70 13.35 54
      vertex -51.7006 15.6043 54
    endloop
  endfacet
  facet normal 0 0 1
    outer loop
      vertex -51.7006 15.6043 54
      vertex -70 13.35 54
      vertex -51.5556 15.4444 54
    endloop
  endfacet
  facet normal 0 0 1
    outer loop
      vertex -51.5556 15.4444 54
      vertex -70 13.35 54
      vertex -51.3957 15.2994 54
    endloop
  endfacet
  facet normal 0 0 1
    outer loop
      vertex -51.3957 15.2994 54
      vertex -70 13.35 54
      vertex -51.2223 15.1708 54
    endloop
  endfacet
  facet normal 0 0 1
    outer loop
      vertex -51.2223 15.1708 54
      vertex -70 13.35 54
      vertex -51.0371 15.0598 54
    endloop
  endfacet
  facet normal 0 0 1
    outer loop
      vertex -51.0371 15.0598 54
      vertex -70 13.35 54
      vertex -50.8419 14.9675 54
    endloop
  endfacet
  facet normal 0 0 1
    outer loop
      vertex -50.6386 14.8947 54
      vertex -70 13.35 54
      vertex -46.35 13.35 54
    endloop
  endfacet
  facet normal 0 -1 0
    outer loop
      vertex -70 20.65 57
      vertex -46.35 20.65 57.4
      vertex -69.9803 20.65 57.4
    endloop
  endfacet
  facet normal 0 -1 0
    outer loop
      vertex -46.35 20.65 54
      vertex -70 20.65 57
      vertex -70 20.65 54
    endloop
  endfacet
  facet normal 0 -1 0
    outer loop
      vertex -70 20.65 57
      vertex -46.35 20.65 54
      vertex -46.35 20.65 57.4
    endloop
  endfacet
  facet normal 0 1 0
    outer loop
      vertex -46.35 13.35 57.4
      vertex -70 13.35 57
      vertex -69.9803 13.35 57.4
    endloop
  endfacet
  facet normal 0 1 -0
    outer loop
      vertex -46.35 13.35 54
      vertex -70 13.35 57
      vertex -46.35 13.35 57.4
    endloop
  endfacet
  facet normal 0 1 0
    outer loop
      vertex -70 13.35 57
      vertex -46.35 13.35 54
      vertex -70 13.35 54
    endloop
  endfacet
  facet normal 0.707107 0 -0.707107
    outer loop
      vertex 49.7844 19.1894 53.4464
      vertex 50 30 53.662
      vertex 50 19.2 53.662
    endloop
  endfacet
  facet normal 0.707107 0 -0.707107
    outer loop
      vertex 49.5708 19.1577 53.2328
      vertex 50 30 53.662
      vertex 49.7844 19.1894 53.4464
    endloop
  endfacet
  facet normal 0.707107 0 -0.707107
    outer loop
      vertex 49.3614 19.1053 53.0234
      vertex 50 30 53.662
      vertex 49.5708 19.1577 53.2328
    endloop
  endfacet
  facet normal 0.707107 6.65506e-17 -0.707107
    outer loop
      vertex 50 30 53.662
      vertex 49.3614 19.1053 53.0234
      vertex 45.669 30 49.331
    endloop
  endfacet
  facet normal 0.707107 4.10903e-16 -0.707107
    outer loop
      vertex 49.1581 19.0325 52.8201
      vertex 45.669 30 49.331
      vertex 49.3614 19.1053 53.0234
    endloop
  endfacet
  facet normal 0.706949 -0.000100196 -0.707264
    outer loop
      vertex 48.9629 18.9402 52.625
      vertex 45.669 30 49.331
      vertex 49.1581 19.0325 52.8201
    endloop
  endfacet
  facet normal 0.707108 -5.42508e-06 -0.707105
    outer loop
      vertex 48.7777 18.8292 52.4398
      vertex 45.669 30 49.331
      vertex 48.9629 18.9402 52.625
    endloop
  endfacet
  facet normal 0.707109 -5.24701e-06 -0.707105
    outer loop
      vertex 48.6043 18.7006 52.2664
      vertex 45.669 30 49.331
      vertex 48.7777 18.8292 52.4398
    endloop
  endfacet
  facet normal 0.707288 8.78878e-05 -0.706926
    outer loop
      vertex 48.4444 18.5556 52.1064
      vertex 45.669 30 49.331
      vertex 48.6043 18.7006 52.2664
    endloop
  endfacet
  facet normal 0.707107 3.54595e-16 -0.707107
    outer loop
      vertex 48.2994 18.3957 51.9614
      vertex 45.669 30 49.331
      vertex 48.4444 18.5556 52.1064
    endloop
  endfacet
  facet normal 0.707107 3.42476e-16 -0.707107
    outer loop
      vertex 48.1708 18.2223 51.8328
      vertex 45.669 30 49.331
      vertex 48.2994 18.3957 51.9614
    endloop
  endfacet
  facet normal 0.707107 3.10355e-16 -0.707107
    outer loop
      vertex 48.0598 18.0371 51.7218
      vertex 45.669 30 49.331
      vertex 48.1708 18.2223 51.8328
    endloop
  endfacet
  facet normal 0.707107 2.99853e-16 -0.707107
    outer loop
      vertex 47.9675 17.8419 51.6295
      vertex 45.669 30 49.331
      vertex 48.0598 18.0371 51.7218
    endloop
  endfacet
  facet normal 0.706789 -0.000120232 -0.707425
    outer loop
      vertex 47.8947 17.6386 51.5568
      vertex 45.669 30 49.331
      vertex 47.9675 17.8419 51.6295
    endloop
  endfacet
  facet normal 0.707505 0.000137896 -0.706708
    outer loop
      vertex 47.8423 17.4292 51.5043
      vertex 45.669 30 49.331
      vertex 47.8947 17.6386 51.5568
    endloop
  endfacet
  facet normal 0.707107 1.81995e-16 -0.707107
    outer loop
      vertex 47.8106 17.2156 51.4726
      vertex 45.669 30 49.331
      vertex 47.8423 17.4292 51.5043
    endloop
  endfacet
  facet normal 0.707107 -1.79258e-14 -0.707107
    outer loop
      vertex 47.8 17 51.462
      vertex 45.669 30 49.331
      vertex 47.8106 17.2156 51.4726
    endloop
  endfacet
  facet normal 0.707107 1.78765e-14 -0.707107
    outer loop
      vertex 45.669 4 49.331
      vertex 47.8 17 51.462
      vertex 47.8106 16.7844 51.4726
    endloop
  endfacet
  facet normal 0.707107 0 -0.707107
    outer loop
      vertex 45.669 4 49.331
      vertex 47.8106 16.7844 51.4726
      vertex 47.8423 16.5708 51.5043
    endloop
  endfacet
  facet normal 0.707107 0 -0.707107
    outer loop
      vertex 50 4 53.662
      vertex 49.7844 14.8106 53.4464
      vertex 50 14.8 53.662
    endloop
  endfacet
  facet normal 0.707107 0 -0.707107
    outer loop
      vertex 50 4 53.662
      vertex 49.5708 14.8423 53.2328
      vertex 49.7844 14.8106 53.4464
    endloop
  endfacet
  facet normal 0.707107 0 -0.707107
    outer loop
      vertex 50 4 53.662
      vertex 49.3614 14.8947 53.0234
      vertex 49.5708 14.8423 53.2328
    endloop
  endfacet
  facet normal 0.707107 -7.98607e-17 -0.707107
    outer loop
      vertex 45.669 4 49.331
      vertex 49.3614 14.8947 53.0234
      vertex 50 4 53.662
    endloop
  endfacet
  facet normal 0.707107 -4.10903e-16 -0.707107
    outer loop
      vertex 49.3614 14.8947 53.0234
      vertex 45.669 4 49.331
      vertex 49.1581 14.9675 52.8201
    endloop
  endfacet
  facet normal 0.706949 0.000100196 -0.707264
    outer loop
      vertex 49.1581 14.9675 52.8201
      vertex 45.669 4 49.331
      vertex 48.9629 15.0598 52.625
    endloop
  endfacet
  facet normal 0.707108 5.42508e-06 -0.707105
    outer loop
      vertex 48.9629 15.0598 52.625
      vertex 45.669 4 49.331
      vertex 48.7777 15.1708 52.4398
    endloop
  endfacet
  facet normal 0.707109 5.24701e-06 -0.707105
    outer loop
      vertex 48.7777 15.1708 52.4398
      vertex 45.669 4 49.331
      vertex 48.6043 15.2994 52.2664
    endloop
  endfacet
  facet normal 0.707288 -8.78878e-05 -0.706926
    outer loop
      vertex 48.6043 15.2994 52.2664
      vertex 45.669 4 49.331
      vertex 48.4444 15.4444 52.1064
    endloop
  endfacet
  facet normal 0.707107 -3.54595e-16 -0.707107
    outer loop
      vertex 48.4444 15.4444 52.1064
      vertex 45.669 4 49.331
      vertex 48.2994 15.6043 51.9614
    endloop
  endfacet
  facet normal 0.707107 -3.22331e-16 -0.707107
    outer loop
      vertex 48.2994 15.6043 51.9614
      vertex 45.669 4 49.331
      vertex 48.1708 15.7777 51.8328
    endloop
  endfacet
  facet normal 0.707107 -3.10355e-16 -0.707107
    outer loop
      vertex 48.1708 15.7777 51.8328
      vertex 45.669 4 49.331
      vertex 48.0598 15.9629 51.7218
    endloop
  endfacet
  facet normal 0.707107 -2.8736e-16 -0.707107
    outer loop
      vertex 48.0598 15.9629 51.7218
      vertex 45.669 4 49.331
      vertex 47.9675 16.1581 51.6295
    endloop
  endfacet
  facet normal 0.706789 0.000120232 -0.707425
    outer loop
      vertex 47.9675 16.1581 51.6295
      vertex 45.669 4 49.331
      vertex 47.8947 16.3614 51.5568
    endloop
  endfacet
  facet normal 0.707107 0 -0.707107
    outer loop
      vertex 47.8 17 51.462
      vertex 45.669 4 49.331
      vertex 45.669 30 49.331
    endloop
  endfacet
  facet normal 0.707505 -0.000137896 -0.706708
    outer loop
      vertex 47.8947 16.3614 51.5568
      vertex 45.669 4 49.331
      vertex 47.8423 16.5708 51.5043
    endloop
  endfacet
  facet normal -0.0490829 0 0.998795
    outer loop
      vertex 50 30 38.875
      vertex 50.6003 4 38.9045
      vertex 50.6003 30 38.9045
    endloop
  endfacet
  facet normal -0.0490829 0 0.998795
    outer loop
      vertex 50.6003 4 38.9045
      vertex 50 30 38.875
      vertex 50 4 38.875
    endloop
  endfacet
  facet normal -0.242888 0 0.970054
    outer loop
      vertex 51.1949 30 38.9927
      vertex 51.778 4 39.1387
      vertex 51.778 30 39.1387
    endloop
  endfacet
  facet normal -0.242888 0 0.970054
    outer loop
      vertex 51.778 4 39.1387
      vertex 51.1949 30 38.9927
      vertex 51.1949 4 38.9927
    endloop
  endfacet
  facet normal -0.14673 0 0.989177
    outer loop
      vertex 50.6003 30 38.9045
      vertex 51.1949 4 38.9927
      vertex 51.1949 30 38.9927
    endloop
  endfacet
  facet normal -0.14673 0 0.989177
    outer loop
      vertex 51.1949 4 38.9927
      vertex 50.6003 30 38.9045
      vertex 50.6003 4 38.9045
    endloop
  endfacet
  facet normal 0.903995 -0 0.427543
    outer loop
      vertex 44.3412 4 42.6561
      vertex 44.5982 30 42.1127
      vertex 44.3412 30 42.6561
    endloop
  endfacet
  facet normal 0.903995 0 0.427543
    outer loop
      vertex 44.5982 30 42.1127
      vertex 44.3412 4 42.6561
      vertex 44.5982 4 42.1127
    endloop
  endfacet
  facet normal -0.707107 6.65506e-17 -0.707107
    outer loop
      vertex 50.6386 19.1053 53.0234
      vertex 50 30 53.662
      vertex 54.331 30 49.331
    endloop
  endfacet
  facet normal -0.707107 -0 -0.707107
    outer loop
      vertex 50 30 53.662
      vertex 50.2156 19.1894 53.4464
      vertex 50 19.2 53.662
    endloop
  endfacet
  facet normal -0.707107 0 -0.707107
    outer loop
      vertex 50 30 53.662
      vertex 50.4292 19.1577 53.2328
      vertex 50.2156 19.1894 53.4464
    endloop
  endfacet
  facet normal -0.707107 0 -0.707107
    outer loop
      vertex 50 30 53.662
      vertex 50.6386 19.1053 53.0234
      vertex 50.4292 19.1577 53.2328
    endloop
  endfacet
  facet normal -0.707107 5.05727e-16 -0.707107
    outer loop
      vertex 54.331 30 49.331
      vertex 50.8419 19.0325 52.8201
      vertex 50.6386 19.1053 53.0234
    endloop
  endfacet
  facet normal -0.706949 -0.000100196 -0.707264
    outer loop
      vertex 54.331 30 49.331
      vertex 51.0371 18.9402 52.625
      vertex 50.8419 19.0325 52.8201
    endloop
  endfacet
  facet normal -0.707108 -5.42508e-06 -0.707105
    outer loop
      vertex 54.331 30 49.331
      vertex 51.2223 18.8292 52.4398
      vertex 51.0371 18.9402 52.625
    endloop
  endfacet
  facet normal -0.707109 -5.24701e-06 -0.707105
    outer loop
      vertex 54.331 30 49.331
      vertex 51.3957 18.7006 52.2664
      vertex 51.2223 18.8292 52.4398
    endloop
  endfacet
  facet normal -0.707288 8.78878e-05 -0.706926
    outer loop
      vertex 54.331 30 49.331
      vertex 51.5556 18.5556 52.1064
      vertex 51.3957 18.7006 52.2664
    endloop
  endfacet
  facet normal -0.707107 5.97213e-16 -0.707107
    outer loop
      vertex 54.331 30 49.331
      vertex 51.7006 18.3957 51.9614
      vertex 51.5556 18.5556 52.1064
    endloop
  endfacet
  facet normal -0.707107 6.44661e-16 -0.707107
    outer loop
      vertex 54.331 30 49.331
      vertex 51.8292 18.2223 51.8328
      vertex 51.7006 18.3957 51.9614
    endloop
  endfacet
  facet normal -0.707107 3.54691e-16 -0.707107
    outer loop
      vertex 54.331 30 49.331
      vertex 51.9402 18.0371 51.7218
      vertex 51.8292 18.2223 51.8328
    endloop
  endfacet
  facet normal -0.707107 3.99805e-16 -0.707107
    outer loop
      vertex 54.331 30 49.331
      vertex 52.0325 17.8419 51.6295
      vertex 51.9402 18.0371 51.7218
    endloop
  endfacet
  facet normal -0.706789 -0.000120232 -0.707425
    outer loop
      vertex 54.331 30 49.331
      vertex 52.1053 17.6386 51.5568
      vertex 52.0325 17.8419 51.6295
    endloop
  endfacet
  facet normal -0.707505 0.000137896 -0.706708
    outer loop
      vertex 54.331 30 49.331
      vertex 52.1577 17.4292 51.5043
      vertex 52.1053 17.6386 51.5568
    endloop
  endfacet
  facet normal -0.707107 0 -0.707107
    outer loop
      vertex 54.331 30 49.331
      vertex 52.1894 17.2156 51.4726
      vertex 52.1577 17.4292 51.5043
    endloop
  endfacet
  facet normal -0.707107 -1.78765e-14 -0.707107
    outer loop
      vertex 54.331 30 49.331
      vertex 52.2 17 51.462
      vertex 52.1894 17.2156 51.4726
    endloop
  endfacet
  facet normal -0.707107 0 -0.707107
    outer loop
      vertex 54.331 4 49.331
      vertex 52.2 17 51.462
      vertex 54.331 30 49.331
    endloop
  endfacet
  facet normal -0.707107 1.79258e-14 -0.707107
    outer loop
      vertex 52.2 17 51.462
      vertex 54.331 4 49.331
      vertex 52.1894 16.7844 51.4726
    endloop
  endfacet
  facet normal -0.707107 -1.81995e-16 -0.707107
    outer loop
      vertex 52.1894 16.7844 51.4726
      vertex 54.331 4 49.331
      vertex 52.1577 16.5708 51.5043
    endloop
  endfacet
  facet normal -0.707505 -0.000137896 -0.706708
    outer loop
      vertex 54.331 4 49.331
      vertex 52.1053 16.3614 51.5568
      vertex 52.1577 16.5708 51.5043
    endloop
  endfacet
  facet normal -0.706789 0.000120232 -0.707425
    outer loop
      vertex 54.331 4 49.331
      vertex 52.0325 16.1581 51.6295
      vertex 52.1053 16.3614 51.5568
    endloop
  endfacet
  facet normal -0.707107 -3.99805e-16 -0.707107
    outer loop
      vertex 54.331 4 49.331
      vertex 51.9402 15.9629 51.7218
      vertex 52.0325 16.1581 51.6295
    endloop
  endfacet
  facet normal -0.707107 -3.54691e-16 -0.707107
    outer loop
      vertex 54.331 4 49.331
      vertex 51.8292 15.7777 51.8328
      vertex 51.9402 15.9629 51.7218
    endloop
  endfacet
  facet normal -0.707107 -6.44661e-16 -0.707107
    outer loop
      vertex 54.331 4 49.331
      vertex 51.7006 15.6043 51.9614
      vertex 51.8292 15.7777 51.8328
    endloop
  endfacet
  facet normal -0.707107 -5.97213e-16 -0.707107
    outer loop
      vertex 54.331 4 49.331
      vertex 51.5556 15.4444 52.1064
      vertex 51.7006 15.6043 51.9614
    endloop
  endfacet
  facet normal -0.707288 -8.78878e-05 -0.706926
    outer loop
      vertex 54.331 4 49.331
      vertex 51.3957 15.2994 52.2664
      vertex 51.5556 15.4444 52.1064
    endloop
  endfacet
  facet normal -0.707109 5.24701e-06 -0.707105
    outer loop
      vertex 54.331 4 49.331
      vertex 51.2223 15.1708 52.4398
      vertex 51.3957 15.2994 52.2664
    endloop
  endfacet
  facet normal -0.707108 5.42508e-06 -0.707105
    outer loop
      vertex 54.331 4 49.331
      vertex 51.0371 15.0598 52.625
      vertex 51.2223 15.1708 52.4398
    endloop
  endfacet
  facet normal -0.706949 0.000100196 -0.707264
    outer loop
      vertex 54.331 4 49.331
      vertex 50.8419 14.9675 52.8201
      vertex 51.0371 15.0598 52.625
    endloop
  endfacet
  facet normal -0.707107 -5.05727e-16 -0.707107
    outer loop
      vertex 54.331 4 49.331
      vertex 50.6386 14.8947 53.0234
      vertex 50.8419 14.9675 52.8201
    endloop
  endfacet
  facet normal -0.707107 -6.65506e-17 -0.707107
    outer loop
      vertex 50 4 53.662
      vertex 50.6386 14.8947 53.0234
      vertex 54.331 4 49.331
    endloop
  endfacet
  facet normal -0.707107 0 -0.707107
    outer loop
      vertex 50.6386 14.8947 53.0234
      vertex 50 4 53.662
      vertex 50.4292 14.8423 53.2328
    endloop
  endfacet
  facet normal -0.707107 0 -0.707107
    outer loop
      vertex 50.4292 14.8423 53.2328
      vertex 50 4 53.662
      vertex 50.2156 14.8106 53.4464
    endloop
  endfacet
  facet normal -0.707107 0 -0.707107
    outer loop
      vertex 50.2156 14.8106 53.4464
      vertex 50 4 53.662
      vertex 50 14.8 53.662
    endloop
  endfacet
  facet normal -0.803262 0 0.595625
    outer loop
      vertex 54.7347 4 41.1143
      vertex 55.0927 30 41.5971
      vertex 54.7347 30 41.1143
    endloop
  endfacet
  facet normal -0.803262 0 0.595625
    outer loop
      vertex 55.0927 30 41.5971
      vertex 54.7347 4 41.1143
      vertex 55.0927 4 41.5971
    endloop
  endfacet
  facet normal 0.998795 0 -0.0490829
    outer loop
      vertex 43.9045 4 45.6003
      vertex 43.875 30 45
      vertex 43.9045 30 45.6003
    endloop
  endfacet
  facet normal 0.998795 0 -0.0490829
    outer loop
      vertex 43.875 30 45
      vertex 43.9045 4 45.6003
      vertex 43.875 4 45
    endloop
  endfacet
  facet normal 0.989177 -0 0.14673
    outer loop
      vertex 43.9045 4 44.3997
      vertex 43.9927 30 43.8051
      vertex 43.9045 30 44.3997
    endloop
  endfacet
  facet normal 0.989177 0 0.14673
    outer loop
      vertex 43.9927 30 43.8051
      vertex 43.9045 4 44.3997
      vertex 43.9927 4 43.8051
    endloop
  endfacet
  facet normal 0.970054 0 -0.242888
    outer loop
      vertex 44.1387 4 46.778
      vertex 43.9927 30 46.1949
      vertex 44.1387 30 46.778
    endloop
  endfacet
  facet normal 0.970054 0 -0.242888
    outer loop
      vertex 43.9927 30 46.1949
      vertex 44.1387 4 46.778
      vertex 43.9927 4 46.1949
    endloop
  endfacet
  facet normal 0.903995 0 -0.427543
    outer loop
      vertex 44.5982 4 47.8873
      vertex 44.3412 30 47.3439
      vertex 44.5982 30 47.8873
    endloop
  endfacet
  facet normal 0.903995 0 -0.427543
    outer loop
      vertex 44.3412 30 47.3439
      vertex 44.5982 4 47.8873
      vertex 44.3412 4 47.3439
    endloop
  endfacet
  facet normal -0.998795 0 -0.0490829
    outer loop
      vertex 56.125 4 45
      vertex 56.0955 30 45.6003
      vertex 56.125 30 45
    endloop
  endfacet
  facet normal -0.998795 -0 -0.0490829
    outer loop
      vertex 56.0955 30 45.6003
      vertex 56.125 4 45
      vertex 56.0955 4 45.6003
    endloop
  endfacet
  facet normal 0.998795 -0 0.0490829
    outer loop
      vertex 43.875 4 45
      vertex 43.9045 30 44.3997
      vertex 43.875 30 45
    endloop
  endfacet
  facet normal 0.998795 0 0.0490829
    outer loop
      vertex 43.9045 30 44.3997
      vertex 43.875 4 45
      vertex 43.9045 4 44.3997
    endloop
  endfacet
  facet normal 0.989177 0 -0.14673
    outer loop
      vertex 43.9927 4 46.1949
      vertex 43.9045 30 45.6003
      vertex 43.9927 30 46.1949
    endloop
  endfacet
  facet normal 0.989177 0 -0.14673
    outer loop
      vertex 43.9045 30 45.6003
      vertex 43.9927 4 46.1949
      vertex 43.9045 4 45.6003
    endloop
  endfacet
  facet normal 0.970054 -0 0.242888
    outer loop
      vertex 43.9927 4 43.8051
      vertex 44.1387 30 43.222
      vertex 43.9927 30 43.8051
    endloop
  endfacet
  facet normal 0.970054 0 0.242888
    outer loop
      vertex 44.1387 30 43.222
      vertex 43.9927 4 43.8051
      vertex 44.1387 4 43.222
    endloop
  endfacet
  facet normal 0.671654 0 0.740865
    outer loop
      vertex 45.669 30 40.669
      vertex 46.1143 4 40.2653
      vertex 46.1143 30 40.2653
    endloop
  endfacet
  facet normal 0.671654 0 0.740865
    outer loop
      vertex 46.1143 4 40.2653
      vertex 45.669 30 40.669
      vertex 45.669 4 40.669
    endloop
  endfacet
  facet normal 0.740865 -0 0.671654
    outer loop
      vertex 45.2653 4 41.1143
      vertex 45.669 30 40.669
      vertex 45.2653 30 41.1143
    endloop
  endfacet
  facet normal 0.740865 0 0.671654
    outer loop
      vertex 45.669 30 40.669
      vertex 45.2653 4 41.1143
      vertex 45.669 4 40.669
    endloop
  endfacet
  facet normal 0.857684 0 -0.514178
    outer loop
      vertex 44.9073 4 48.4029
      vertex 44.5982 30 47.8873
      vertex 44.9073 30 48.4029
    endloop
  endfacet
  facet normal 0.857684 0 -0.514178
    outer loop
      vertex 44.5982 30 47.8873
      vertex 44.9073 4 48.4029
      vertex 44.5982 4 47.8873
    endloop
  endfacet
  facet normal -0.998795 0 0.0490829
    outer loop
      vertex 56.0955 4 44.3997
      vertex 56.125 30 45
      vertex 56.0955 30 44.3997
    endloop
  endfacet
  facet normal -0.998795 0 0.0490829
    outer loop
      vertex 56.125 30 45
      vertex 56.0955 4 44.3997
      vertex 56.125 4 45
    endloop
  endfacet
  facet normal 0.857684 -0 0.514178
    outer loop
      vertex 44.5982 4 42.1127
      vertex 44.9073 30 41.5971
      vertex 44.5982 30 42.1127
    endloop
  endfacet
  facet normal 0.857684 0 0.514178
    outer loop
      vertex 44.9073 30 41.5971
      vertex 44.5982 4 42.1127
      vertex 44.9073 4 41.5971
    endloop
  endfacet
  facet normal -0.857684 0 -0.514178
    outer loop
      vertex 55.4018 4 47.8873
      vertex 55.0927 30 48.4029
      vertex 55.4018 30 47.8873
    endloop
  endfacet
  facet normal -0.857684 -0 -0.514178
    outer loop
      vertex 55.0927 30 48.4029
      vertex 55.4018 4 47.8873
      vertex 55.0927 4 48.4029
    endloop
  endfacet
  facet normal 0.595625 0 0.803262
    outer loop
      vertex 46.1143 30 40.2653
      vertex 46.5971 4 39.9073
      vertex 46.5971 30 39.9073
    endloop
  endfacet
  facet normal 0.595625 0 0.803262
    outer loop
      vertex 46.5971 4 39.9073
      vertex 46.1143 30 40.2653
      vertex 46.1143 4 40.2653
    endloop
  endfacet
  facet normal 0.0490829 0 0.998795
    outer loop
      vertex 49.3997 30 38.9045
      vertex 50 4 38.875
      vertex 50 30 38.875
    endloop
  endfacet
  facet normal 0.0490829 0 0.998795
    outer loop
      vertex 50 4 38.875
      vertex 49.3997 30 38.9045
      vertex 49.3997 4 38.9045
    endloop
  endfacet
  facet normal 0.803262 0 -0.595625
    outer loop
      vertex 45.2653 4 48.8857
      vertex 44.9073 30 48.4029
      vertex 45.2653 30 48.8857
    endloop
  endfacet
  facet normal 0.803262 0 -0.595625
    outer loop
      vertex 44.9073 30 48.4029
      vertex 45.2653 4 48.8857
      vertex 44.9073 4 48.4029
    endloop
  endfacet
  facet normal 0.740865 0 -0.671654
    outer loop
      vertex 45.669 4 49.331
      vertex 45.2653 30 48.8857
      vertex 45.669 30 49.331
    endloop
  endfacet
  facet normal 0.740865 0 -0.671654
    outer loop
      vertex 45.2653 30 48.8857
      vertex 45.669 4 49.331
      vertex 45.2653 4 48.8857
    endloop
  endfacet
  facet normal -0.740865 0 -0.671654
    outer loop
      vertex 54.7347 4 48.8857
      vertex 54.331 30 49.331
      vertex 54.7347 30 48.8857
    endloop
  endfacet
  facet normal -0.740865 -0 -0.671654
    outer loop
      vertex 54.331 30 49.331
      vertex 54.7347 4 48.8857
      vertex 54.331 4 49.331
    endloop
  endfacet
  facet normal -0.989177 0 -0.14673
    outer loop
      vertex 56.0955 4 45.6003
      vertex 56.0073 30 46.1949
      vertex 56.0955 30 45.6003
    endloop
  endfacet
  facet normal -0.989177 -0 -0.14673
    outer loop
      vertex 56.0073 30 46.1949
      vertex 56.0955 4 45.6003
      vertex 56.0073 4 46.1949
    endloop
  endfacet
  facet normal 0.14673 0 0.989177
    outer loop
      vertex 48.8051 30 38.9927
      vertex 49.3997 4 38.9045
      vertex 49.3997 30 38.9045
    endloop
  endfacet
  facet normal 0.14673 0 0.989177
    outer loop
      vertex 49.3997 4 38.9045
      vertex 48.8051 30 38.9927
      vertex 48.8051 4 38.9927
    endloop
  endfacet
  facet normal -0.903995 0 0.427543
    outer loop
      vertex 55.4018 4 42.1127
      vertex 55.6588 30 42.6561
      vertex 55.4018 30 42.1127
    endloop
  endfacet
  facet normal -0.903995 0 0.427543
    outer loop
      vertex 55.6588 30 42.6561
      vertex 55.4018 4 42.1127
      vertex 55.6588 4 42.6561
    endloop
  endfacet
  facet normal 0.242888 0 0.970054
    outer loop
      vertex 48.222 30 39.1387
      vertex 48.8051 4 38.9927
      vertex 48.8051 30 38.9927
    endloop
  endfacet
  facet normal 0.242888 0 0.970054
    outer loop
      vertex 48.8051 4 38.9927
      vertex 48.222 30 39.1387
      vertex 48.222 4 39.1387
    endloop
  endfacet
  facet normal 0.803262 -0 0.595625
    outer loop
      vertex 44.9073 4 41.5971
      vertex 45.2653 30 41.1143
      vertex 44.9073 30 41.5971
    endloop
  endfacet
  facet normal 0.803262 0 0.595625
    outer loop
      vertex 45.2653 30 41.1143
      vertex 44.9073 4 41.5971
      vertex 45.2653 4 41.1143
    endloop
  endfacet
  facet normal -0.941535 0 -0.336916
    outer loop
      vertex 55.8613 4 46.778
      vertex 55.6588 30 47.3439
      vertex 55.8613 30 46.778
    endloop
  endfacet
  facet normal -0.941535 -0 -0.336916
    outer loop
      vertex 55.6588 30 47.3439
      vertex 55.8613 4 46.778
      vertex 55.6588 4 47.3439
    endloop
  endfacet
  facet normal 0.514178 0 0.857684
    outer loop
      vertex 46.5971 30 39.9073
      vertex 47.1127 4 39.5982
      vertex 47.1127 30 39.5982
    endloop
  endfacet
  facet normal 0.514178 0 0.857684
    outer loop
      vertex 47.1127 4 39.5982
      vertex 46.5971 30 39.9073
      vertex 46.5971 4 39.9073
    endloop
  endfacet
  facet normal -0.989177 0 0.14673
    outer loop
      vertex 56.0073 4 43.8051
      vertex 56.0955 30 44.3997
      vertex 56.0073 30 43.8051
    endloop
  endfacet
  facet normal -0.989177 0 0.14673
    outer loop
      vertex 56.0955 30 44.3997
      vertex 56.0073 4 43.8051
      vertex 56.0955 4 44.3997
    endloop
  endfacet
  facet normal -0.903995 0 -0.427543
    outer loop
      vertex 55.6588 4 47.3439
      vertex 55.4018 30 47.8873
      vertex 55.6588 30 47.3439
    endloop
  endfacet
  facet normal -0.903995 -0 -0.427543
    outer loop
      vertex 55.4018 30 47.8873
      vertex 55.6588 4 47.3439
      vertex 55.4018 4 47.8873
    endloop
  endfacet
  facet normal 0.336916 0 0.941535
    outer loop
      vertex 47.6561 30 39.3412
      vertex 48.222 4 39.1387
      vertex 48.222 30 39.1387
    endloop
  endfacet
  facet normal 0.336916 0 0.941535
    outer loop
      vertex 48.222 4 39.1387
      vertex 47.6561 30 39.3412
      vertex 47.6561 4 39.3412
    endloop
  endfacet
  facet normal -0.970054 0 0.242888
    outer loop
      vertex 55.8613 4 43.222
      vertex 56.0073 30 43.8051
      vertex 55.8613 30 43.222
    endloop
  endfacet
  facet normal -0.970054 0 0.242888
    outer loop
      vertex 56.0073 30 43.8051
      vertex 55.8613 4 43.222
      vertex 56.0073 4 43.8051
    endloop
  endfacet
  facet normal 0.941535 -0 0.336916
    outer loop
      vertex 44.1387 4 43.222
      vertex 44.3412 30 42.6561
      vertex 44.1387 30 43.222
    endloop
  endfacet
  facet normal 0.941535 0 0.336916
    outer loop
      vertex 44.3412 30 42.6561
      vertex 44.1387 4 43.222
      vertex 44.3412 4 42.6561
    endloop
  endfacet
  facet normal 0.941535 0 -0.336916
    outer loop
      vertex 44.3412 4 47.3439
      vertex 44.1387 30 46.778
      vertex 44.3412 30 47.3439
    endloop
  endfacet
  facet normal 0.941535 0 -0.336916
    outer loop
      vertex 44.1387 30 46.778
      vertex 44.3412 4 47.3439
      vertex 44.1387 4 46.778
    endloop
  endfacet
  facet normal -0.595625 0 0.803262
    outer loop
      vertex 53.4029 30 39.9073
      vertex 53.8857 4 40.2653
      vertex 53.8857 30 40.2653
    endloop
  endfacet
  facet normal -0.595625 0 0.803262
    outer loop
      vertex 53.8857 4 40.2653
      vertex 53.4029 30 39.9073
      vertex 53.4029 4 39.9073
    endloop
  endfacet
  facet normal -0.941535 0 0.336916
    outer loop
      vertex 55.6588 4 42.6561
      vertex 55.8613 30 43.222
      vertex 55.6588 30 42.6561
    endloop
  endfacet
  facet normal -0.941535 0 0.336916
    outer loop
      vertex 55.8613 30 43.222
      vertex 55.6588 4 42.6561
      vertex 55.8613 4 43.222
    endloop
  endfacet
  facet normal -0.857684 0 0.514178
    outer loop
      vertex 55.0927 4 41.5971
      vertex 55.4018 30 42.1127
      vertex 55.0927 30 41.5971
    endloop
  endfacet
  facet normal -0.857684 0 0.514178
    outer loop
      vertex 55.4018 30 42.1127
      vertex 55.0927 4 41.5971
      vertex 55.4018 4 42.1127
    endloop
  endfacet
  facet normal -0.336916 0 0.941535
    outer loop
      vertex 51.778 30 39.1387
      vertex 52.3439 4 39.3412
      vertex 52.3439 30 39.3412
    endloop
  endfacet
  facet normal -0.336916 0 0.941535
    outer loop
      vertex 52.3439 4 39.3412
      vertex 51.778 30 39.1387
      vertex 51.778 4 39.1387
    endloop
  endfacet
  facet normal 0.427543 0 0.903995
    outer loop
      vertex 47.1127 30 39.5982
      vertex 47.6561 4 39.3412
      vertex 47.6561 30 39.3412
    endloop
  endfacet
  facet normal 0.427543 0 0.903995
    outer loop
      vertex 47.6561 4 39.3412
      vertex 47.1127 30 39.5982
      vertex 47.1127 4 39.5982
    endloop
  endfacet
  facet normal -0.671654 0 0.740865
    outer loop
      vertex 53.8857 30 40.2653
      vertex 54.331 4 40.669
      vertex 54.331 30 40.669
    endloop
  endfacet
  facet normal -0.671654 0 0.740865
    outer loop
      vertex 54.331 4 40.669
      vertex 53.8857 30 40.2653
      vertex 53.8857 4 40.2653
    endloop
  endfacet
  facet normal -0.970054 0 -0.242888
    outer loop
      vertex 56.0073 4 46.1949
      vertex 55.8613 30 46.778
      vertex 56.0073 30 46.1949
    endloop
  endfacet
  facet normal -0.970054 -0 -0.242888
    outer loop
      vertex 55.8613 30 46.778
      vertex 56.0073 4 46.1949
      vertex 55.8613 4 46.778
    endloop
  endfacet
  facet normal -0.427543 0 0.903995
    outer loop
      vertex 52.3439 30 39.3412
      vertex 52.8873 4 39.5982
      vertex 52.8873 30 39.5982
    endloop
  endfacet
  facet normal -0.427543 0 0.903995
    outer loop
      vertex 52.8873 4 39.5982
      vertex 52.3439 30 39.3412
      vertex 52.3439 4 39.3412
    endloop
  endfacet
  facet normal -0.803262 0 -0.595625
    outer loop
      vertex 55.0927 4 48.4029
      vertex 54.7347 30 48.8857
      vertex 55.0927 30 48.4029
    endloop
  endfacet
  facet normal -0.803262 -0 -0.595625
    outer loop
      vertex 54.7347 30 48.8857
      vertex 55.0927 4 48.4029
      vertex 54.7347 4 48.8857
    endloop
  endfacet
  facet normal 0 1 0
    outer loop
      vertex 54.331 4 49.331
      vertex 45.669 4 49.331
      vertex 50 4 53.662
    endloop
  endfacet
  facet normal 0 1 0
    outer loop
      vertex 54.7347 4 48.8857
      vertex 45.669 4 49.331
      vertex 54.331 4 49.331
    endloop
  endfacet
  facet normal 0 1 0
    outer loop
      vertex 54.7347 4 48.8857
      vertex 45.2653 4 48.8857
      vertex 45.669 4 49.331
    endloop
  endfacet
  facet normal 0 1 0
    outer loop
      vertex 55.0927 4 48.4029
      vertex 45.2653 4 48.8857
      vertex 54.7347 4 48.8857
    endloop
  endfacet
  facet normal 0 1 0
    outer loop
      vertex 55.0927 4 48.4029
      vertex 44.9073 4 48.4029
      vertex 45.2653 4 48.8857
    endloop
  endfacet
  facet normal 0 1 0
    outer loop
      vertex 55.4018 4 47.8873
      vertex 44.9073 4 48.4029
      vertex 55.0927 4 48.4029
    endloop
  endfacet
  facet normal 0 1 0
    outer loop
      vertex 55.4018 4 47.8873
      vertex 44.5982 4 47.8873
      vertex 44.9073 4 48.4029
    endloop
  endfacet
  facet normal 0 1 0
    outer loop
      vertex 55.6588 4 47.3439
      vertex 44.5982 4 47.8873
      vertex 55.4018 4 47.8873
    endloop
  endfacet
  facet normal 0 1 0
    outer loop
      vertex 55.6588 4 47.3439
      vertex 44.3412 4 47.3439
      vertex 44.5982 4 47.8873
    endloop
  endfacet
  facet normal 0 1 0
    outer loop
      vertex 55.8613 4 46.778
      vertex 44.3412 4 47.3439
      vertex 55.6588 4 47.3439
    endloop
  endfacet
  facet normal 0 1 0
    outer loop
      vertex 55.8613 4 46.778
      vertex 44.1387 4 46.778
      vertex 44.3412 4 47.3439
    endloop
  endfacet
  facet normal 0 1 0
    outer loop
      vertex 56.0073 4 46.1949
      vertex 44.1387 4 46.778
      vertex 55.8613 4 46.778
    endloop
  endfacet
  facet normal 0 1 0
    outer loop
      vertex 56.0073 4 46.1949
      vertex 43.9927 4 46.1949
      vertex 44.1387 4 46.778
    endloop
  endfacet
  facet normal 0 1 0
    outer loop
      vertex 56.0955 4 45.6003
      vertex 43.9927 4 46.1949
      vertex 56.0073 4 46.1949
    endloop
  endfacet
  facet normal 0 1 0
    outer loop
      vertex 56.0955 4 45.6003
      vertex 43.9045 4 45.6003
      vertex 43.9927 4 46.1949
    endloop
  endfacet
  facet normal 0 1 0
    outer loop
      vertex 56.125 4 45
      vertex 43.9045 4 45.6003
      vertex 56.0955 4 45.6003
    endloop
  endfacet
  facet normal 0 1 0
    outer loop
      vertex 56.125 4 45
      vertex 43.875 4 45
      vertex 43.9045 4 45.6003
    endloop
  endfacet
  facet normal 0 1 -0
    outer loop
      vertex 56.0955 4 44.3997
      vertex 43.875 4 45
      vertex 56.125 4 45
    endloop
  endfacet
  facet normal 0 1 0
    outer loop
      vertex 56.0955 4 44.3997
      vertex 43.9045 4 44.3997
      vertex 43.875 4 45
    endloop
  endfacet
  facet normal 0 1 -0
    outer loop
      vertex 56.0073 4 43.8051
      vertex 43.9045 4 44.3997
      vertex 56.0955 4 44.3997
    endloop
  endfacet
  facet normal 0 1 0
    outer loop
      vertex 56.0073 4 43.8051
      vertex 43.9927 4 43.8051
      vertex 43.9045 4 44.3997
    endloop
  endfacet
  facet normal 0 1 -0
    outer loop
      vertex 55.8613 4 43.222
      vertex 43.9927 4 43.8051
      vertex 56.0073 4 43.8051
    endloop
  endfacet
  facet normal 0 1 0
    outer loop
      vertex 55.8613 4 43.222
      vertex 44.1387 4 43.222
      vertex 43.9927 4 43.8051
    endloop
  endfacet
  facet normal 0 1 -0
    outer loop
      vertex 55.6588 4 42.6561
      vertex 44.1387 4 43.222
      vertex 55.8613 4 43.222
    endloop
  endfacet
  facet normal 0 1 0
    outer loop
      vertex 55.6588 4 42.6561
      vertex 44.3412 4 42.6561
      vertex 44.1387 4 43.222
    endloop
  endfacet
  facet normal 0 1 -0
    outer loop
      vertex 55.4018 4 42.1127
      vertex 44.3412 4 42.6561
      vertex 55.6588 4 42.6561
    endloop
  endfacet
  facet normal 0 1 0
    outer loop
      vertex 55.4018 4 42.1127
      vertex 44.5982 4 42.1127
      vertex 44.3412 4 42.6561
    endloop
  endfacet
  facet normal 0 1 -0
    outer loop
      vertex 55.0927 4 41.5971
      vertex 44.5982 4 42.1127
      vertex 55.4018 4 42.1127
    endloop
  endfacet
  facet normal 0 1 0
    outer loop
      vertex 55.0927 4 41.5971
      vertex 44.9073 4 41.5971
      vertex 44.5982 4 42.1127
    endloop
  endfacet
  facet normal 0 1 -0
    outer loop
      vertex 54.7347 4 41.1143
      vertex 44.9073 4 41.5971
      vertex 55.0927 4 41.5971
    endloop
  endfacet
  facet normal 0 1 0
    outer loop
      vertex 54.7347 4 41.1143
      vertex 45.2653 4 41.1143
      vertex 44.9073 4 41.5971
    endloop
  endfacet
  facet normal 0 1 -0
    outer loop
      vertex 54.331 4 40.669
      vertex 45.2653 4 41.1143
      vertex 54.7347 4 41.1143
    endloop
  endfacet
  facet normal 0 1 0
    outer loop
      vertex 54.331 4 40.669
      vertex 45.669 4 40.669
      vertex 45.2653 4 41.1143
    endloop
  endfacet
  facet normal 0 1 -0
    outer loop
      vertex 53.8857 4 40.2653
      vertex 45.669 4 40.669
      vertex 54.331 4 40.669
    endloop
  endfacet
  facet normal 0 1 0
    outer loop
      vertex 53.8857 4 40.2653
      vertex 46.1143 4 40.2653
      vertex 45.669 4 40.669
    endloop
  endfacet
  facet normal 0 1 -0
    outer loop
      vertex 53.4029 4 39.9073
      vertex 46.1143 4 40.2653
      vertex 53.8857 4 40.2653
    endloop
  endfacet
  facet normal 0 1 0
    outer loop
      vertex 53.4029 4 39.9073
      vertex 46.5971 4 39.9073
      vertex 46.1143 4 40.2653
    endloop
  endfacet
  facet normal 0 1 -0
    outer loop
      vertex 52.8873 4 39.5982
      vertex 46.5971 4 39.9073
      vertex 53.4029 4 39.9073
    endloop
  endfacet
  facet normal 0 1 0
    outer loop
      vertex 52.8873 4 39.5982
      vertex 47.1127 4 39.5982
      vertex 46.5971 4 39.9073
    endloop
  endfacet
  facet normal 0 1 -0
    outer loop
      vertex 52.3439 4 39.3412
      vertex 47.1127 4 39.5982
      vertex 52.8873 4 39.5982
    endloop
  endfacet
  facet normal 0 1 0
    outer loop
      vertex 52.3439 4 39.3412
      vertex 47.6561 4 39.3412
      vertex 47.1127 4 39.5982
    endloop
  endfacet
  facet normal 0 1 -0
    outer loop
      vertex 51.778 4 39.1387
      vertex 47.6561 4 39.3412
      vertex 52.3439 4 39.3412
    endloop
  endfacet
  facet normal 0 1 0
    outer loop
      vertex 51.778 4 39.1387
      vertex 48.222 4 39.1387
      vertex 47.6561 4 39.3412
    endloop
  endfacet
  facet normal 0 1 -0
    outer loop
      vertex 51.1949 4 38.9927
      vertex 48.222 4 39.1387
      vertex 51.778 4 39.1387
    endloop
  endfacet
  facet normal 0 1 0
    outer loop
      vertex 51.1949 4 38.9927
      vertex 48.8051 4 38.9927
      vertex 48.222 4 39.1387
    endloop
  endfacet
  facet normal 0 1 -0
    outer loop
      vertex 50.6003 4 38.9045
      vertex 48.8051 4 38.9927
      vertex 51.1949 4 38.9927
    endloop
  endfacet
  facet normal 0 1 0
    outer loop
      vertex 50.6003 4 38.9045
      vertex 49.3997 4 38.9045
      vertex 48.8051 4 38.9927
    endloop
  endfacet
  facet normal -0 1 0
    outer loop
      vertex 49.3997 4 38.9045
      vertex 50.6003 4 38.9045
      vertex 50 4 38.875
    endloop
  endfacet
  facet normal -0.514178 0 0.857684
    outer loop
      vertex 52.8873 30 39.5982
      vertex 53.4029 4 39.9073
      vertex 53.4029 30 39.9073
    endloop
  endfacet
  facet normal -0.514178 0 0.857684
    outer loop
      vertex 53.4029 4 39.9073
      vertex 52.8873 30 39.5982
      vertex 52.8873 4 39.5982
    endloop
  endfacet
  facet normal -0.740865 0 0.671654
    outer loop
      vertex 54.331 4 40.669
      vertex 54.7347 30 41.1143
      vertex 54.331 30 40.669
    endloop
  endfacet
  facet normal -0.740865 0 0.671654
    outer loop
      vertex 54.7347 30 41.1143
      vertex 54.331 4 40.669
      vertex 54.7347 4 41.1143
    endloop
  endfacet
  facet normal 0.337128 0.941459 -0
    outer loop
      vertex 49.3614 14.8947 53.0234
      vertex 49.1581 14.9675 54
      vertex 49.3614 14.8947 54
    endloop
  endfacet
  facet normal 0.337128 0.941459 0
    outer loop
      vertex 49.1581 14.9675 54
      vertex 49.3614 14.8947 53.0234
      vertex 49.1581 14.9675 52.8201
    endloop
  endfacet
  facet normal 0.337128 0.941459 -0
    outer loop
      vertex 49.3614 14.8947 57.4
      vertex 49.1581 14.9675 65
      vertex 49.3614 14.8947 65
    endloop
  endfacet
  facet normal 0.337128 0.941459 0
    outer loop
      vertex 49.1581 14.9675 65
      vertex 49.3614 14.8947 57.4
      vertex 49.1581 14.9675 57.4
    endloop
  endfacet
  facet normal -0.989166 -0.1468 -0
    outer loop
      vertex 52.1894 17.2156 54
      vertex 52.1577 17.4292 51.5043
      vertex 52.1894 17.2156 51.4726
    endloop
  endfacet
  facet normal -0.989166 -0.1468 0
    outer loop
      vertex 52.1577 17.4292 51.5043
      vertex 52.1894 17.2156 54
      vertex 52.1577 17.4292 54
    endloop
  endfacet
  facet normal -0.989166 -0.1468 0
    outer loop
      vertex 52.1894 17.2156 57.4
      vertex 52.1577 17.4292 65
      vertex 52.1577 17.4292 57.4
    endloop
  endfacet
  facet normal -0.989166 -0.1468 0
    outer loop
      vertex 52.1577 17.4292 65
      vertex 52.1894 17.2156 57.4
      vertex 52.1894 17.2156 65
    endloop
  endfacet
  facet normal -0.998794 -0.0491058 -0
    outer loop
      vertex 52.2 17 54
      vertex 52.1894 17.2156 51.4726
      vertex 52.2 17 51.462
    endloop
  endfacet
  facet normal -0.998794 -0.0491058 0
    outer loop
      vertex 52.1894 17.2156 51.4726
      vertex 52.2 17 54
      vertex 52.1894 17.2156 54
    endloop
  endfacet
  facet normal -0.998794 -0.0491058 0
    outer loop
      vertex 52.2 17 57.4
      vertex 52.1894 17.2156 65
      vertex 52.1894 17.2156 57.4
    endloop
  endfacet
  facet normal -0.998794 -0.0491058 0
    outer loop
      vertex 52.1894 17.2156 65
      vertex 52.2 17 57.4
      vertex 52.2 17 65
    endloop
  endfacet
  facet normal -0.970088 -0.242754 -0
    outer loop
      vertex 52.1577 17.4292 54
      vertex 52.1053 17.6386 51.5568
      vertex 52.1577 17.4292 51.5043
    endloop
  endfacet
  facet normal -0.970088 -0.242754 0
    outer loop
      vertex 52.1053 17.6386 51.5568
      vertex 52.1577 17.4292 54
      vertex 52.1053 17.6386 54
    endloop
  endfacet
  facet normal -0.970088 -0.242754 0
    outer loop
      vertex 52.1577 17.4292 57.4
      vertex 52.1053 17.6386 65
      vertex 52.1053 17.6386 57.4
    endloop
  endfacet
  facet normal -0.970088 -0.242754 0
    outer loop
      vertex 52.1053 17.6386 65
      vertex 52.1577 17.4292 57.4
      vertex 52.1577 17.4292 65
    endloop
  endfacet
  facet normal 0.989166 -0.1468 0
    outer loop
      vertex 47.8106 17.2156 54
      vertex 47.8423 17.4292 51.5043
      vertex 47.8423 17.4292 54
    endloop
  endfacet
  facet normal 0.989166 -0.1468 0
    outer loop
      vertex 47.8423 17.4292 51.5043
      vertex 47.8106 17.2156 54
      vertex 47.8106 17.2156 51.4726
    endloop
  endfacet
  facet normal 0.989166 -0.1468 0
    outer loop
      vertex 47.8106 17.2156 65
      vertex 47.8423 17.4292 57.4
      vertex 47.8423 17.4292 65
    endloop
  endfacet
  facet normal 0.989166 -0.1468 0
    outer loop
      vertex 47.8423 17.4292 57.4
      vertex 47.8106 17.2156 65
      vertex 47.8106 17.2156 57.4
    endloop
  endfacet
  facet normal 0.242754 0.970088 -0
    outer loop
      vertex 49.5708 14.8423 53.2328
      vertex 49.3614 14.8947 54
      vertex 49.5708 14.8423 54
    endloop
  endfacet
  facet normal 0.242754 0.970088 0
    outer loop
      vertex 49.3614 14.8947 54
      vertex 49.5708 14.8423 53.2328
      vertex 49.3614 14.8947 53.0234
    endloop
  endfacet
  facet normal 0.242754 0.970088 -0
    outer loop
      vertex 49.5708 14.8423 57.4
      vertex 49.3614 14.8947 65
      vertex 49.5708 14.8423 65
    endloop
  endfacet
  facet normal 0.242754 0.970088 0
    outer loop
      vertex 49.3614 14.8947 65
      vertex 49.5708 14.8423 57.4
      vertex 49.3614 14.8947 57.4
    endloop
  endfacet
  facet normal -0.337128 -0.941459 0
    outer loop
      vertex 50.6386 19.1053 53.0234
      vertex 50.8419 19.0325 54
      vertex 50.6386 19.1053 54
    endloop
  endfacet
  facet normal -0.337128 -0.941459 -0
    outer loop
      vertex 50.8419 19.0325 54
      vertex 50.6386 19.1053 53.0234
      vertex 50.8419 19.0325 52.8201
    endloop
  endfacet
  facet normal -0.337128 -0.941459 0
    outer loop
      vertex 50.6386 19.1053 57.4
      vertex 50.8419 19.0325 65
      vertex 50.6386 19.1053 65
    endloop
  endfacet
  facet normal -0.337128 -0.941459 -0
    outer loop
      vertex 50.8419 19.0325 65
      vertex 50.6386 19.1053 57.4
      vertex 50.8419 19.0325 57.4
    endloop
  endfacet
  facet normal 0.514087 -0.857738 0
    outer loop
      vertex 48.7777 18.8292 54
      vertex 48.9629 18.9402 52.625
      vertex 48.9629 18.9402 54
    endloop
  endfacet
  facet normal 0.514087 -0.857738 0
    outer loop
      vertex 48.9629 18.9402 52.625
      vertex 48.7777 18.8292 54
      vertex 48.7777 18.8292 52.4398
    endloop
  endfacet
  facet normal 0.514087 -0.857738 0
    outer loop
      vertex 48.7777 18.8292 57.4
      vertex 48.9629 18.9402 65
      vertex 48.7777 18.8292 65
    endloop
  endfacet
  facet normal 0.514087 -0.857738 0
    outer loop
      vertex 48.9629 18.9402 65
      vertex 48.7777 18.8292 57.4
      vertex 48.9629 18.9402 57.4
    endloop
  endfacet
  facet normal 0.90403 0.427469 -0
    outer loop
      vertex 48.0598 15.9629 51.7218
      vertex 47.9675 16.1581 54
      vertex 48.0598 15.9629 54
    endloop
  endfacet
  facet normal 0.90403 0.427469 0
    outer loop
      vertex 47.9675 16.1581 54
      vertex 48.0598 15.9629 51.7218
      vertex 47.9675 16.1581 51.6295
    endloop
  endfacet
  facet normal 0.90403 0.427469 0
    outer loop
      vertex 48.0598 15.9629 65
      vertex 47.9675 16.1581 57.4
      vertex 47.9675 16.1581 65
    endloop
  endfacet
  facet normal 0.90403 0.427469 0
    outer loop
      vertex 47.9675 16.1581 57.4
      vertex 48.0598 15.9629 65
      vertex 48.0598 15.9629 57.4
    endloop
  endfacet
  facet normal 0.242754 -0.970088 0
    outer loop
      vertex 49.3614 19.1053 54
      vertex 49.5708 19.1577 53.2328
      vertex 49.5708 19.1577 54
    endloop
  endfacet
  facet normal 0.242754 -0.970088 0
    outer loop
      vertex 49.5708 19.1577 53.2328
      vertex 49.3614 19.1053 54
      vertex 49.3614 19.1053 53.0234
    endloop
  endfacet
  facet normal 0.242754 -0.970088 0
    outer loop
      vertex 49.3614 19.1053 57.4
      vertex 49.5708 19.1577 65
      vertex 49.3614 19.1053 65
    endloop
  endfacet
  facet normal 0.242754 -0.970088 0
    outer loop
      vertex 49.5708 19.1577 65
      vertex 49.3614 19.1053 57.4
      vertex 49.5708 19.1577 57.4
    endloop
  endfacet
  facet normal 0.857738 0.514087 -0
    outer loop
      vertex 48.1708 15.7777 51.8328
      vertex 48.0598 15.9629 54
      vertex 48.1708 15.7777 54
    endloop
  endfacet
  facet normal 0.857738 0.514087 0
    outer loop
      vertex 48.0598 15.9629 54
      vertex 48.1708 15.7777 51.8328
      vertex 48.0598 15.9629 51.7218
    endloop
  endfacet
  facet normal 0.857738 0.514087 0
    outer loop
      vertex 48.1708 15.7777 65
      vertex 48.0598 15.9629 57.4
      vertex 48.0598 15.9629 65
    endloop
  endfacet
  facet normal 0.857738 0.514087 0
    outer loop
      vertex 48.0598 15.9629 57.4
      vertex 48.1708 15.7777 65
      vertex 48.1708 15.7777 57.4
    endloop
  endfacet
  facet normal -0.242754 0.970088 0
    outer loop
      vertex 50.6386 14.8947 54
      vertex 50.4292 14.8423 53.2328
      vertex 50.4292 14.8423 54
    endloop
  endfacet
  facet normal -0.242754 0.970088 0
    outer loop
      vertex 50.4292 14.8423 53.2328
      vertex 50.6386 14.8947 54
      vertex 50.6386 14.8947 53.0234
    endloop
  endfacet
  facet normal -0.242754 0.970088 0
    outer loop
      vertex 50.6386 14.8947 57.4
      vertex 50.4292 14.8423 65
      vertex 50.6386 14.8947 65
    endloop
  endfacet
  facet normal -0.242754 0.970088 0
    outer loop
      vertex 50.4292 14.8423 65
      vertex 50.6386 14.8947 57.4
      vertex 50.4292 14.8423 57.4
    endloop
  endfacet
  facet normal 0.595693 0.803212 -0
    outer loop
      vertex 48.7777 15.1708 52.4398
      vertex 48.6043 15.2994 54
      vertex 48.7777 15.1708 54
    endloop
  endfacet
  facet normal 0.595693 0.803212 0
    outer loop
      vertex 48.6043 15.2994 54
      vertex 48.7777 15.1708 52.4398
      vertex 48.6043 15.2994 52.2664
    endloop
  endfacet
  facet normal 0.595693 0.803212 -0
    outer loop
      vertex 48.7777 15.1708 57.4
      vertex 48.6043 15.2994 65
      vertex 48.7777 15.1708 65
    endloop
  endfacet
  facet normal 0.595693 0.803212 0
    outer loop
      vertex 48.6043 15.2994 65
      vertex 48.7777 15.1708 57.4
      vertex 48.6043 15.2994 57.4
    endloop
  endfacet
  facet normal -0.514087 0.857738 0
    outer loop
      vertex 51.2223 15.1708 54
      vertex 51.0371 15.0598 52.625
      vertex 51.0371 15.0598 54
    endloop
  endfacet
  facet normal -0.514087 0.857738 0
    outer loop
      vertex 51.0371 15.0598 52.625
      vertex 51.2223 15.1708 54
      vertex 51.2223 15.1708 52.4398
    endloop
  endfacet
  facet normal -0.514087 0.857738 0
    outer loop
      vertex 51.2223 15.1708 57.4
      vertex 51.0371 15.0598 65
      vertex 51.2223 15.1708 65
    endloop
  endfacet
  facet normal -0.514087 0.857738 0
    outer loop
      vertex 51.0371 15.0598 65
      vertex 51.2223 15.1708 57.4
      vertex 51.0371 15.0598 57.4
    endloop
  endfacet
  facet normal -0.803212 0.595693 0
    outer loop
      vertex 51.7006 15.6043 51.9614
      vertex 51.8292 15.7777 54
      vertex 51.8292 15.7777 51.8328
    endloop
  endfacet
  facet normal -0.803212 0.595693 0
    outer loop
      vertex 51.8292 15.7777 54
      vertex 51.7006 15.6043 51.9614
      vertex 51.7006 15.6043 54
    endloop
  endfacet
  facet normal -0.803212 0.595693 0
    outer loop
      vertex 51.7006 15.6043 57.4
      vertex 51.8292 15.7777 65
      vertex 51.8292 15.7777 57.4
    endloop
  endfacet
  facet normal -0.803212 0.595693 0
    outer loop
      vertex 51.8292 15.7777 65
      vertex 51.7006 15.6043 57.4
      vertex 51.7006 15.6043 65
    endloop
  endfacet
  facet normal -0.1468 -0.989166 0
    outer loop
      vertex 50.2156 19.1894 53.4464
      vertex 50.4292 19.1577 54
      vertex 50.2156 19.1894 54
    endloop
  endfacet
  facet normal -0.1468 -0.989166 -0
    outer loop
      vertex 50.4292 19.1577 54
      vertex 50.2156 19.1894 53.4464
      vertex 50.4292 19.1577 53.2328
    endloop
  endfacet
  facet normal -0.1468 -0.989166 0
    outer loop
      vertex 50.2156 19.1894 57.4
      vertex 50.4292 19.1577 65
      vertex 50.2156 19.1894 65
    endloop
  endfacet
  facet normal -0.1468 -0.989166 -0
    outer loop
      vertex 50.4292 19.1577 65
      vertex 50.2156 19.1894 57.4
      vertex 50.4292 19.1577 57.4
    endloop
  endfacet
  facet normal 0.595693 -0.803212 0
    outer loop
      vertex 48.6043 18.7006 54
      vertex 48.7777 18.8292 52.4398
      vertex 48.7777 18.8292 54
    endloop
  endfacet
  facet normal 0.595693 -0.803212 0
    outer loop
      vertex 48.7777 18.8292 52.4398
      vertex 48.6043 18.7006 54
      vertex 48.6043 18.7006 52.2664
    endloop
  endfacet
  facet normal 0.595693 -0.803212 0
    outer loop
      vertex 48.6043 18.7006 57.4
      vertex 48.7777 18.8292 65
      vertex 48.6043 18.7006 65
    endloop
  endfacet
  facet normal 0.595693 -0.803212 0
    outer loop
      vertex 48.7777 18.8292 65
      vertex 48.6043 18.7006 57.4
      vertex 48.7777 18.8292 57.4
    endloop
  endfacet
  facet normal -0.427469 0.90403 0
    outer loop
      vertex 51.0371 15.0598 54
      vertex 50.8419 14.9675 52.8201
      vertex 50.8419 14.9675 54
    endloop
  endfacet
  facet normal -0.427469 0.90403 0
    outer loop
      vertex 50.8419 14.9675 52.8201
      vertex 51.0371 15.0598 54
      vertex 51.0371 15.0598 52.625
    endloop
  endfacet
  facet normal -0.427469 0.90403 0
    outer loop
      vertex 51.0371 15.0598 57.4
      vertex 50.8419 14.9675 65
      vertex 51.0371 15.0598 65
    endloop
  endfacet
  facet normal -0.427469 0.90403 0
    outer loop
      vertex 50.8419 14.9675 65
      vertex 51.0371 15.0598 57.4
      vertex 50.8419 14.9675 57.4
    endloop
  endfacet
  facet normal 0.803212 -0.595693 0
    outer loop
      vertex 48.1708 18.2223 54
      vertex 48.2994 18.3957 51.9614
      vertex 48.2994 18.3957 54
    endloop
  endfacet
  facet normal 0.803212 -0.595693 0
    outer loop
      vertex 48.2994 18.3957 51.9614
      vertex 48.1708 18.2223 54
      vertex 48.1708 18.2223 51.8328
    endloop
  endfacet
  facet normal 0.803212 -0.595693 0
    outer loop
      vertex 48.1708 18.2223 65
      vertex 48.2994 18.3957 57.4
      vertex 48.2994 18.3957 65
    endloop
  endfacet
  facet normal 0.803212 -0.595693 0
    outer loop
      vertex 48.2994 18.3957 57.4
      vertex 48.1708 18.2223 65
      vertex 48.1708 18.2223 57.4
    endloop
  endfacet
  facet normal -0.989166 0.1468 0
    outer loop
      vertex 52.1577 16.5708 51.5043
      vertex 52.1894 16.7844 54
      vertex 52.1894 16.7844 51.4726
    endloop
  endfacet
  facet normal -0.989166 0.1468 0
    outer loop
      vertex 52.1894 16.7844 54
      vertex 52.1577 16.5708 51.5043
      vertex 52.1577 16.5708 54
    endloop
  endfacet
  facet normal -0.989166 0.1468 0
    outer loop
      vertex 52.1577 16.5708 57.4
      vertex 52.1894 16.7844 65
      vertex 52.1894 16.7844 57.4
    endloop
  endfacet
  facet normal -0.989166 0.1468 0
    outer loop
      vertex 52.1894 16.7844 65
      vertex 52.1577 16.5708 57.4
      vertex 52.1577 16.5708 65
    endloop
  endfacet
  facet normal 0.941459 -0.337128 0
    outer loop
      vertex 47.8947 17.6386 54
      vertex 47.9675 17.8419 51.6295
      vertex 47.9675 17.8419 54
    endloop
  endfacet
  facet normal 0.941459 -0.337128 0
    outer loop
      vertex 47.9675 17.8419 51.6295
      vertex 47.8947 17.6386 54
      vertex 47.8947 17.6386 51.5568
    endloop
  endfacet
  facet normal 0.941459 -0.337128 0
    outer loop
      vertex 47.8947 17.6386 65
      vertex 47.9675 17.8419 57.4
      vertex 47.9675 17.8419 65
    endloop
  endfacet
  facet normal 0.941459 -0.337128 0
    outer loop
      vertex 47.9675 17.8419 57.4
      vertex 47.8947 17.6386 65
      vertex 47.8947 17.6386 57.4
    endloop
  endfacet
  facet normal -0.427469 -0.90403 0
    outer loop
      vertex 50.8419 19.0325 52.8201
      vertex 51.0371 18.9402 54
      vertex 50.8419 19.0325 54
    endloop
  endfacet
  facet normal -0.427469 -0.90403 -0
    outer loop
      vertex 51.0371 18.9402 54
      vertex 50.8419 19.0325 52.8201
      vertex 51.0371 18.9402 52.625
    endloop
  endfacet
  facet normal -0.427469 -0.90403 0
    outer loop
      vertex 50.8419 19.0325 57.4
      vertex 51.0371 18.9402 65
      vertex 50.8419 19.0325 65
    endloop
  endfacet
  facet normal -0.427469 -0.90403 -0
    outer loop
      vertex 51.0371 18.9402 65
      vertex 50.8419 19.0325 57.4
      vertex 51.0371 18.9402 57.4
    endloop
  endfacet
  facet normal 0.941459 0.337128 -0
    outer loop
      vertex 47.9675 16.1581 51.6295
      vertex 47.8947 16.3614 54
      vertex 47.9675 16.1581 54
    endloop
  endfacet
  facet normal 0.941459 0.337128 0
    outer loop
      vertex 47.8947 16.3614 54
      vertex 47.9675 16.1581 51.6295
      vertex 47.8947 16.3614 51.5568
    endloop
  endfacet
  facet normal 0.941459 0.337128 0
    outer loop
      vertex 47.9675 16.1581 65
      vertex 47.8947 16.3614 57.4
      vertex 47.8947 16.3614 65
    endloop
  endfacet
  facet normal 0.941459 0.337128 0
    outer loop
      vertex 47.8947 16.3614 57.4
      vertex 47.9675 16.1581 65
      vertex 47.9675 16.1581 57.4
    endloop
  endfacet
  facet normal -0.970088 0.242754 0
    outer loop
      vertex 52.1053 16.3614 51.5568
      vertex 52.1577 16.5708 54
      vertex 52.1577 16.5708 51.5043
    endloop
  endfacet
  facet normal -0.970088 0.242754 0
    outer loop
      vertex 52.1577 16.5708 54
      vertex 52.1053 16.3614 51.5568
      vertex 52.1053 16.3614 54
    endloop
  endfacet
  facet normal -0.970088 0.242754 0
    outer loop
      vertex 52.1053 16.3614 57.4
      vertex 52.1577 16.5708 65
      vertex 52.1577 16.5708 57.4
    endloop
  endfacet
  facet normal -0.970088 0.242754 0
    outer loop
      vertex 52.1577 16.5708 65
      vertex 52.1053 16.3614 57.4
      vertex 52.1053 16.3614 65
    endloop
  endfacet
  facet normal 0.0491058 -0.998794 0
    outer loop
      vertex 49.7844 19.1894 54
      vertex 50 19.2 53.662
      vertex 50 19.2 54
    endloop
  endfacet
  facet normal 0.0491058 -0.998794 0
    outer loop
      vertex 50 19.2 53.662
      vertex 49.7844 19.1894 54
      vertex 49.7844 19.1894 53.4464
    endloop
  endfacet
  facet normal 0.0491058 -0.998794 0
    outer loop
      vertex 49.7844 19.1894 57.4
      vertex 50 19.2 65
      vertex 49.7844 19.1894 65
    endloop
  endfacet
  facet normal 0.0491058 -0.998794 0
    outer loop
      vertex 50 19.2 65
      vertex 49.7844 19.1894 57.4
      vertex 50 19.2 57.4
    endloop
  endfacet
  facet normal -0.67175 -0.740778 0
    outer loop
      vertex 51.3957 18.7006 52.2664
      vertex 51.5556 18.5556 54
      vertex 51.3957 18.7006 54
    endloop
  endfacet
  facet normal -0.67175 -0.740778 -0
    outer loop
      vertex 51.5556 18.5556 54
      vertex 51.3957 18.7006 52.2664
      vertex 51.5556 18.5556 52.1064
    endloop
  endfacet
  facet normal -0.67175 -0.740778 0
    outer loop
      vertex 51.3957 18.7006 57.4
      vertex 51.5556 18.5556 65
      vertex 51.3957 18.7006 65
    endloop
  endfacet
  facet normal -0.67175 -0.740778 -0
    outer loop
      vertex 51.5556 18.5556 65
      vertex 51.3957 18.7006 57.4
      vertex 51.5556 18.5556 57.4
    endloop
  endfacet
  facet normal 0.427469 -0.90403 0
    outer loop
      vertex 48.9629 18.9402 54
      vertex 49.1581 19.0325 52.8201
      vertex 49.1581 19.0325 54
    endloop
  endfacet
  facet normal 0.427469 -0.90403 0
    outer loop
      vertex 49.1581 19.0325 52.8201
      vertex 48.9629 18.9402 54
      vertex 48.9629 18.9402 52.625
    endloop
  endfacet
  facet normal 0.427469 -0.90403 0
    outer loop
      vertex 48.9629 18.9402 57.4
      vertex 49.1581 19.0325 65
      vertex 48.9629 18.9402 65
    endloop
  endfacet
  facet normal 0.427469 -0.90403 0
    outer loop
      vertex 49.1581 19.0325 65
      vertex 48.9629 18.9402 57.4
      vertex 49.1581 19.0325 57.4
    endloop
  endfacet
  facet normal 0.67175 -0.740778 0
    outer loop
      vertex 48.4444 18.5556 54
      vertex 48.6043 18.7006 52.2664
      vertex 48.6043 18.7006 54
    endloop
  endfacet
  facet normal 0.67175 -0.740778 0
    outer loop
      vertex 48.6043 18.7006 52.2664
      vertex 48.4444 18.5556 54
      vertex 48.4444 18.5556 52.1064
    endloop
  endfacet
  facet normal 0.67175 -0.740778 0
    outer loop
      vertex 48.4444 18.5556 57.4
      vertex 48.6043 18.7006 65
      vertex 48.4444 18.5556 65
    endloop
  endfacet
  facet normal 0.67175 -0.740778 0
    outer loop
      vertex 48.6043 18.7006 65
      vertex 48.4444 18.5556 57.4
      vertex 48.6043 18.7006 57.4
    endloop
  endfacet
  facet normal -0.337128 0.941459 0
    outer loop
      vertex 50.8419 14.9675 54
      vertex 50.6386 14.8947 53.0234
      vertex 50.6386 14.8947 54
    endloop
  endfacet
  facet normal -0.337128 0.941459 0
    outer loop
      vertex 50.6386 14.8947 53.0234
      vertex 50.8419 14.9675 54
      vertex 50.8419 14.9675 52.8201
    endloop
  endfacet
  facet normal -0.337128 0.941459 0
    outer loop
      vertex 50.8419 14.9675 57.4
      vertex 50.6386 14.8947 65
      vertex 50.8419 14.9675 65
    endloop
  endfacet
  facet normal -0.337128 0.941459 0
    outer loop
      vertex 50.6386 14.8947 65
      vertex 50.8419 14.9675 57.4
      vertex 50.6386 14.8947 57.4
    endloop
  endfacet
  facet normal 0.337128 -0.941459 0
    outer loop
      vertex 49.1581 19.0325 54
      vertex 49.3614 19.1053 53.0234
      vertex 49.3614 19.1053 54
    endloop
  endfacet
  facet normal 0.337128 -0.941459 0
    outer loop
      vertex 49.3614 19.1053 53.0234
      vertex 49.1581 19.0325 54
      vertex 49.1581 19.0325 52.8201
    endloop
  endfacet
  facet normal 0.337128 -0.941459 0
    outer loop
      vertex 49.1581 19.0325 57.4
      vertex 49.3614 19.1053 65
      vertex 49.1581 19.0325 65
    endloop
  endfacet
  facet normal 0.337128 -0.941459 0
    outer loop
      vertex 49.3614 19.1053 65
      vertex 49.1581 19.0325 57.4
      vertex 49.3614 19.1053 57.4
    endloop
  endfacet
  facet normal -0.803212 -0.595693 -0
    outer loop
      vertex 51.8292 18.2223 54
      vertex 51.7006 18.3957 51.9614
      vertex 51.8292 18.2223 51.8328
    endloop
  endfacet
  facet normal -0.803212 -0.595693 0
    outer loop
      vertex 51.7006 18.3957 51.9614
      vertex 51.8292 18.2223 54
      vertex 51.7006 18.3957 54
    endloop
  endfacet
  facet normal -0.803212 -0.595693 0
    outer loop
      vertex 51.8292 18.2223 57.4
      vertex 51.7006 18.3957 65
      vertex 51.7006 18.3957 57.4
    endloop
  endfacet
  facet normal -0.803212 -0.595693 0
    outer loop
      vertex 51.7006 18.3957 65
      vertex 51.8292 18.2223 57.4
      vertex 51.8292 18.2223 65
    endloop
  endfacet
  facet normal 0.857738 -0.514087 0
    outer loop
      vertex 48.0598 18.0371 54
      vertex 48.1708 18.2223 51.8328
      vertex 48.1708 18.2223 54
    endloop
  endfacet
  facet normal 0.857738 -0.514087 0
    outer loop
      vertex 48.1708 18.2223 51.8328
      vertex 48.0598 18.0371 54
      vertex 48.0598 18.0371 51.7218
    endloop
  endfacet
  facet normal 0.857738 -0.514087 0
    outer loop
      vertex 48.0598 18.0371 65
      vertex 48.1708 18.2223 57.4
      vertex 48.1708 18.2223 65
    endloop
  endfacet
  facet normal 0.857738 -0.514087 0
    outer loop
      vertex 48.1708 18.2223 57.4
      vertex 48.0598 18.0371 65
      vertex 48.0598 18.0371 57.4
    endloop
  endfacet
  facet normal -0.998794 0.0491058 0
    outer loop
      vertex 52.1894 16.7844 51.4726
      vertex 52.2 17 54
      vertex 52.2 17 51.462
    endloop
  endfacet
  facet normal -0.998794 0.0491058 0
    outer loop
      vertex 52.2 17 54
      vertex 52.1894 16.7844 51.4726
      vertex 52.1894 16.7844 54
    endloop
  endfacet
  facet normal -0.998794 0.0491058 0
    outer loop
      vertex 52.1894 16.7844 57.4
      vertex 52.2 17 65
      vertex 52.2 17 57.4
    endloop
  endfacet
  facet normal -0.998794 0.0491058 0
    outer loop
      vertex 52.2 17 65
      vertex 52.1894 16.7844 57.4
      vertex 52.1894 16.7844 65
    endloop
  endfacet
  facet normal -0.90403 0.427469 0
    outer loop
      vertex 51.9402 15.9629 51.7218
      vertex 52.0325 16.1581 54
      vertex 52.0325 16.1581 51.6295
    endloop
  endfacet
  facet normal -0.90403 0.427469 0
    outer loop
      vertex 52.0325 16.1581 54
      vertex 51.9402 15.9629 51.7218
      vertex 51.9402 15.9629 54
    endloop
  endfacet
  facet normal -0.90403 0.427469 0
    outer loop
      vertex 51.9402 15.9629 57.4
      vertex 52.0325 16.1581 65
      vertex 52.0325 16.1581 57.4
    endloop
  endfacet
  facet normal -0.90403 0.427469 0
    outer loop
      vertex 52.0325 16.1581 65
      vertex 51.9402 15.9629 57.4
      vertex 51.9402 15.9629 65
    endloop
  endfacet
  facet normal -0.857738 -0.514087 -0
    outer loop
      vertex 51.9402 18.0371 54
      vertex 51.8292 18.2223 51.8328
      vertex 51.9402 18.0371 51.7218
    endloop
  endfacet
  facet normal -0.857738 -0.514087 0
    outer loop
      vertex 51.8292 18.2223 51.8328
      vertex 51.9402 18.0371 54
      vertex 51.8292 18.2223 54
    endloop
  endfacet
  facet normal -0.857738 -0.514087 0
    outer loop
      vertex 51.9402 18.0371 57.4
      vertex 51.8292 18.2223 65
      vertex 51.8292 18.2223 57.4
    endloop
  endfacet
  facet normal -0.857738 -0.514087 0
    outer loop
      vertex 51.8292 18.2223 65
      vertex 51.9402 18.0371 57.4
      vertex 51.9402 18.0371 65
    endloop
  endfacet
  facet normal 0.67175 0.740778 -0
    outer loop
      vertex 48.6043 15.2994 52.2664
      vertex 48.4444 15.4444 54
      vertex 48.6043 15.2994 54
    endloop
  endfacet
  facet normal 0.67175 0.740778 0
    outer loop
      vertex 48.4444 15.4444 54
      vertex 48.6043 15.2994 52.2664
      vertex 48.4444 15.4444 52.1064
    endloop
  endfacet
  facet normal 0.67175 0.740778 -0
    outer loop
      vertex 48.6043 15.2994 57.4
      vertex 48.4444 15.4444 65
      vertex 48.6043 15.2994 65
    endloop
  endfacet
  facet normal 0.67175 0.740778 0
    outer loop
      vertex 48.4444 15.4444 65
      vertex 48.6043 15.2994 57.4
      vertex 48.4444 15.4444 57.4
    endloop
  endfacet
  facet normal -0.595693 -0.803212 0
    outer loop
      vertex 51.2223 18.8292 52.4398
      vertex 51.3957 18.7006 54
      vertex 51.2223 18.8292 54
    endloop
  endfacet
  facet normal -0.595693 -0.803212 -0
    outer loop
      vertex 51.3957 18.7006 54
      vertex 51.2223 18.8292 52.4398
      vertex 51.3957 18.7006 52.2664
    endloop
  endfacet
  facet normal -0.595693 -0.803212 0
    outer loop
      vertex 51.2223 18.8292 57.4
      vertex 51.3957 18.7006 65
      vertex 51.2223 18.8292 65
    endloop
  endfacet
  facet normal -0.595693 -0.803212 -0
    outer loop
      vertex 51.3957 18.7006 65
      vertex 51.2223 18.8292 57.4
      vertex 51.3957 18.7006 57.4
    endloop
  endfacet
  facet normal 0.514087 0.857738 -0
    outer loop
      vertex 48.9629 15.0598 52.625
      vertex 48.7777 15.1708 54
      vertex 48.9629 15.0598 54
    endloop
  endfacet
  facet normal 0.514087 0.857738 0
    outer loop
      vertex 48.7777 15.1708 54
      vertex 48.9629 15.0598 52.625
      vertex 48.7777 15.1708 52.4398
    endloop
  endfacet
  facet normal 0.514087 0.857738 -0
    outer loop
      vertex 48.9629 15.0598 57.4
      vertex 48.7777 15.1708 65
      vertex 48.9629 15.0598 65
    endloop
  endfacet
  facet normal 0.514087 0.857738 0
    outer loop
      vertex 48.7777 15.1708 65
      vertex 48.9629 15.0598 57.4
      vertex 48.7777 15.1708 57.4
    endloop
  endfacet
  facet normal -0.514087 -0.857738 0
    outer loop
      vertex 51.0371 18.9402 52.625
      vertex 51.2223 18.8292 54
      vertex 51.0371 18.9402 54
    endloop
  endfacet
  facet normal -0.514087 -0.857738 -0
    outer loop
      vertex 51.2223 18.8292 54
      vertex 51.0371 18.9402 52.625
      vertex 51.2223 18.8292 52.4398
    endloop
  endfacet
  facet normal -0.514087 -0.857738 0
    outer loop
      vertex 51.0371 18.9402 57.4
      vertex 51.2223 18.8292 65
      vertex 51.0371 18.9402 65
    endloop
  endfacet
  facet normal -0.514087 -0.857738 -0
    outer loop
      vertex 51.2223 18.8292 65
      vertex 51.0371 18.9402 57.4
      vertex 51.2223 18.8292 57.4
    endloop
  endfacet
  facet normal -0.1468 0.989166 0
    outer loop
      vertex 50.4292 14.8423 54
      vertex 50.2156 14.8106 53.4464
      vertex 50.2156 14.8106 54
    endloop
  endfacet
  facet normal -0.1468 0.989166 0
    outer loop
      vertex 50.2156 14.8106 53.4464
      vertex 50.4292 14.8423 54
      vertex 50.4292 14.8423 53.2328
    endloop
  endfacet
  facet normal -0.1468 0.989166 0
    outer loop
      vertex 50.4292 14.8423 57.4
      vertex 50.2156 14.8106 65
      vertex 50.4292 14.8423 65
    endloop
  endfacet
  facet normal -0.1468 0.989166 0
    outer loop
      vertex 50.2156 14.8106 65
      vertex 50.4292 14.8423 57.4
      vertex 50.2156 14.8106 57.4
    endloop
  endfacet
  facet normal -0.941459 -0.337128 -0
    outer loop
      vertex 52.1053 17.6386 54
      vertex 52.0325 17.8419 51.6295
      vertex 52.1053 17.6386 51.5568
    endloop
  endfacet
  facet normal -0.941459 -0.337128 0
    outer loop
      vertex 52.0325 17.8419 51.6295
      vertex 52.1053 17.6386 54
      vertex 52.0325 17.8419 54
    endloop
  endfacet
  facet normal -0.941459 -0.337128 0
    outer loop
      vertex 52.1053 17.6386 57.4
      vertex 52.0325 17.8419 65
      vertex 52.0325 17.8419 57.4
    endloop
  endfacet
  facet normal -0.941459 -0.337128 0
    outer loop
      vertex 52.0325 17.8419 65
      vertex 52.1053 17.6386 57.4
      vertex 52.1053 17.6386 65
    endloop
  endfacet
  facet normal -0.857738 0.514087 0
    outer loop
      vertex 51.8292 15.7777 51.8328
      vertex 51.9402 15.9629 54
      vertex 51.9402 15.9629 51.7218
    endloop
  endfacet
  facet normal -0.857738 0.514087 0
    outer loop
      vertex 51.9402 15.9629 54
      vertex 51.8292 15.7777 51.8328
      vertex 51.8292 15.7777 54
    endloop
  endfacet
  facet normal -0.857738 0.514087 0
    outer loop
      vertex 51.8292 15.7777 57.4
      vertex 51.9402 15.9629 65
      vertex 51.9402 15.9629 57.4
    endloop
  endfacet
  facet normal -0.857738 0.514087 0
    outer loop
      vertex 51.9402 15.9629 65
      vertex 51.8292 15.7777 57.4
      vertex 51.8292 15.7777 65
    endloop
  endfacet
  facet normal 0.998794 0.0491058 -0
    outer loop
      vertex 47.8106 16.7844 51.4726
      vertex 47.8 17 54
      vertex 47.8106 16.7844 54
    endloop
  endfacet
  facet normal 0.998794 0.0491058 0
    outer loop
      vertex 47.8 17 54
      vertex 47.8106 16.7844 51.4726
      vertex 47.8 17 51.462
    endloop
  endfacet
  facet normal 0.998794 0.0491058 0
    outer loop
      vertex 47.8106 16.7844 65
      vertex 47.8 17 57.4
      vertex 47.8 17 65
    endloop
  endfacet
  facet normal 0.998794 0.0491058 0
    outer loop
      vertex 47.8 17 57.4
      vertex 47.8106 16.7844 65
      vertex 47.8106 16.7844 57.4
    endloop
  endfacet
  facet normal -0.941459 0.337128 0
    outer loop
      vertex 52.0325 16.1581 51.6295
      vertex 52.1053 16.3614 54
      vertex 52.1053 16.3614 51.5568
    endloop
  endfacet
  facet normal -0.941459 0.337128 0
    outer loop
      vertex 52.1053 16.3614 54
      vertex 52.0325 16.1581 51.6295
      vertex 52.0325 16.1581 54
    endloop
  endfacet
  facet normal -0.941459 0.337128 0
    outer loop
      vertex 52.0325 16.1581 57.4
      vertex 52.1053 16.3614 65
      vertex 52.1053 16.3614 57.4
    endloop
  endfacet
  facet normal -0.941459 0.337128 0
    outer loop
      vertex 52.1053 16.3614 65
      vertex 52.0325 16.1581 57.4
      vertex 52.0325 16.1581 65
    endloop
  endfacet
  facet normal -0.740778 -0.67175 -0
    outer loop
      vertex 51.7006 18.3957 54
      vertex 51.5556 18.5556 52.1064
      vertex 51.7006 18.3957 51.9614
    endloop
  endfacet
  facet normal -0.740778 -0.67175 0
    outer loop
      vertex 51.5556 18.5556 52.1064
      vertex 51.7006 18.3957 54
      vertex 51.5556 18.5556 54
    endloop
  endfacet
  facet normal -0.740778 -0.67175 0
    outer loop
      vertex 51.7006 18.3957 57.4
      vertex 51.5556 18.5556 65
      vertex 51.5556 18.5556 57.4
    endloop
  endfacet
  facet normal -0.740778 -0.67175 0
    outer loop
      vertex 51.5556 18.5556 65
      vertex 51.7006 18.3957 57.4
      vertex 51.7006 18.3957 65
    endloop
  endfacet
  facet normal -0.0491058 -0.998794 0
    outer loop
      vertex 50 19.2 53.662
      vertex 50.2156 19.1894 54
      vertex 50 19.2 54
    endloop
  endfacet
  facet normal -0.0491058 -0.998794 -0
    outer loop
      vertex 50.2156 19.1894 54
      vertex 50 19.2 53.662
      vertex 50.2156 19.1894 53.4464
    endloop
  endfacet
  facet normal -0.0491058 -0.998794 0
    outer loop
      vertex 50 19.2 57.4
      vertex 50.2156 19.1894 65
      vertex 50 19.2 65
    endloop
  endfacet
  facet normal -0.0491058 -0.998794 -0
    outer loop
      vertex 50.2156 19.1894 65
      vertex 50 19.2 57.4
      vertex 50.2156 19.1894 57.4
    endloop
  endfacet
  facet normal -0.90403 -0.427469 -0
    outer loop
      vertex 52.0325 17.8419 54
      vertex 51.9402 18.0371 51.7218
      vertex 52.0325 17.8419 51.6295
    endloop
  endfacet
  facet normal -0.90403 -0.427469 0
    outer loop
      vertex 51.9402 18.0371 51.7218
      vertex 52.0325 17.8419 54
      vertex 51.9402 18.0371 54
    endloop
  endfacet
  facet normal -0.90403 -0.427469 0
    outer loop
      vertex 52.0325 17.8419 57.4
      vertex 51.9402 18.0371 65
      vertex 51.9402 18.0371 57.4
    endloop
  endfacet
  facet normal -0.90403 -0.427469 0
    outer loop
      vertex 51.9402 18.0371 65
      vertex 52.0325 17.8419 57.4
      vertex 52.0325 17.8419 65
    endloop
  endfacet
  facet normal 0.1468 0.989166 -0
    outer loop
      vertex 49.7844 14.8106 53.4464
      vertex 49.5708 14.8423 54
      vertex 49.7844 14.8106 54
    endloop
  endfacet
  facet normal 0.1468 0.989166 0
    outer loop
      vertex 49.5708 14.8423 54
      vertex 49.7844 14.8106 53.4464
      vertex 49.5708 14.8423 53.2328
    endloop
  endfacet
  facet normal 0.1468 0.989166 -0
    outer loop
      vertex 49.7844 14.8106 57.4
      vertex 49.5708 14.8423 65
      vertex 49.7844 14.8106 65
    endloop
  endfacet
  facet normal 0.1468 0.989166 0
    outer loop
      vertex 49.5708 14.8423 65
      vertex 49.7844 14.8106 57.4
      vertex 49.5708 14.8423 57.4
    endloop
  endfacet
  facet normal -0.67175 0.740778 0
    outer loop
      vertex 51.5556 15.4444 54
      vertex 51.3957 15.2994 52.2664
      vertex 51.3957 15.2994 54
    endloop
  endfacet
  facet normal -0.67175 0.740778 0
    outer loop
      vertex 51.3957 15.2994 52.2664
      vertex 51.5556 15.4444 54
      vertex 51.5556 15.4444 52.1064
    endloop
  endfacet
  facet normal -0.67175 0.740778 0
    outer loop
      vertex 51.5556 15.4444 57.4
      vertex 51.3957 15.2994 65
      vertex 51.5556 15.4444 65
    endloop
  endfacet
  facet normal -0.67175 0.740778 0
    outer loop
      vertex 51.3957 15.2994 65
      vertex 51.5556 15.4444 57.4
      vertex 51.3957 15.2994 57.4
    endloop
  endfacet
  facet normal 0.0491058 0.998794 -0
    outer loop
      vertex 50 14.8 53.662
      vertex 49.7844 14.8106 54
      vertex 50 14.8 54
    endloop
  endfacet
  facet normal 0.0491058 0.998794 0
    outer loop
      vertex 49.7844 14.8106 54
      vertex 50 14.8 53.662
      vertex 49.7844 14.8106 53.4464
    endloop
  endfacet
  facet normal 0.0491058 0.998794 -0
    outer loop
      vertex 50 14.8 57.4
      vertex 49.7844 14.8106 65
      vertex 50 14.8 65
    endloop
  endfacet
  facet normal 0.0491058 0.998794 0
    outer loop
      vertex 49.7844 14.8106 65
      vertex 50 14.8 57.4
      vertex 49.7844 14.8106 57.4
    endloop
  endfacet
  facet normal 0.740778 -0.67175 0
    outer loop
      vertex 48.2994 18.3957 54
      vertex 48.4444 18.5556 52.1064
      vertex 48.4444 18.5556 54
    endloop
  endfacet
  facet normal 0.740778 -0.67175 0
    outer loop
      vertex 48.4444 18.5556 52.1064
      vertex 48.2994 18.3957 54
      vertex 48.2994 18.3957 51.9614
    endloop
  endfacet
  facet normal 0.740778 -0.67175 0
    outer loop
      vertex 48.2994 18.3957 65
      vertex 48.4444 18.5556 57.4
      vertex 48.4444 18.5556 65
    endloop
  endfacet
  facet normal 0.740778 -0.67175 0
    outer loop
      vertex 48.4444 18.5556 57.4
      vertex 48.2994 18.3957 65
      vertex 48.2994 18.3957 57.4
    endloop
  endfacet
  facet normal 0.1468 -0.989166 0
    outer loop
      vertex 49.5708 19.1577 54
      vertex 49.7844 19.1894 53.4464
      vertex 49.7844 19.1894 54
    endloop
  endfacet
  facet normal 0.1468 -0.989166 0
    outer loop
      vertex 49.7844 19.1894 53.4464
      vertex 49.5708 19.1577 54
      vertex 49.5708 19.1577 53.2328
    endloop
  endfacet
  facet normal 0.1468 -0.989166 0
    outer loop
      vertex 49.5708 19.1577 57.4
      vertex 49.7844 19.1894 65
      vertex 49.5708 19.1577 65
    endloop
  endfacet
  facet normal 0.1468 -0.989166 0
    outer loop
      vertex 49.7844 19.1894 65
      vertex 49.5708 19.1577 57.4
      vertex 49.7844 19.1894 57.4
    endloop
  endfacet
  facet normal 0.90403 -0.427469 0
    outer loop
      vertex 47.9675 17.8419 54
      vertex 48.0598 18.0371 51.7218
      vertex 48.0598 18.0371 54
    endloop
  endfacet
  facet normal 0.90403 -0.427469 0
    outer loop
      vertex 48.0598 18.0371 51.7218
      vertex 47.9675 17.8419 54
      vertex 47.9675 17.8419 51.6295
    endloop
  endfacet
  facet normal 0.90403 -0.427469 0
    outer loop
      vertex 47.9675 17.8419 65
      vertex 48.0598 18.0371 57.4
      vertex 48.0598 18.0371 65
    endloop
  endfacet
  facet normal 0.90403 -0.427469 0
    outer loop
      vertex 48.0598 18.0371 57.4
      vertex 47.9675 17.8419 65
      vertex 47.9675 17.8419 57.4
    endloop
  endfacet
  facet normal 0.970088 -0.242754 0
    outer loop
      vertex 47.8423 17.4292 54
      vertex 47.8947 17.6386 51.5568
      vertex 47.8947 17.6386 54
    endloop
  endfacet
  facet normal 0.970088 -0.242754 0
    outer loop
      vertex 47.8947 17.6386 51.5568
      vertex 47.8423 17.4292 54
      vertex 47.8423 17.4292 51.5043
    endloop
  endfacet
  facet normal 0.970088 -0.242754 0
    outer loop
      vertex 47.8423 17.4292 65
      vertex 47.8947 17.6386 57.4
      vertex 47.8947 17.6386 65
    endloop
  endfacet
  facet normal 0.970088 -0.242754 0
    outer loop
      vertex 47.8947 17.6386 57.4
      vertex 47.8423 17.4292 65
      vertex 47.8423 17.4292 57.4
    endloop
  endfacet
  facet normal -0.242754 -0.970088 0
    outer loop
      vertex 50.4292 19.1577 53.2328
      vertex 50.6386 19.1053 54
      vertex 50.4292 19.1577 54
    endloop
  endfacet
  facet normal -0.242754 -0.970088 -0
    outer loop
      vertex 50.6386 19.1053 54
      vertex 50.4292 19.1577 53.2328
      vertex 50.6386 19.1053 53.0234
    endloop
  endfacet
  facet normal -0.242754 -0.970088 0
    outer loop
      vertex 50.4292 19.1577 57.4
      vertex 50.6386 19.1053 65
      vertex 50.4292 19.1577 65
    endloop
  endfacet
  facet normal -0.242754 -0.970088 -0
    outer loop
      vertex 50.6386 19.1053 65
      vertex 50.4292 19.1577 57.4
      vertex 50.6386 19.1053 57.4
    endloop
  endfacet
  facet normal 0.970088 0.242754 -0
    outer loop
      vertex 47.8947 16.3614 51.5568
      vertex 47.8423 16.5708 54
      vertex 47.8947 16.3614 54
    endloop
  endfacet
  facet normal 0.970088 0.242754 0
    outer loop
      vertex 47.8423 16.5708 54
      vertex 47.8947 16.3614 51.5568
      vertex 47.8423 16.5708 51.5043
    endloop
  endfacet
  facet normal 0.970088 0.242754 0
    outer loop
      vertex 47.8947 16.3614 65
      vertex 47.8423 16.5708 57.4
      vertex 47.8423 16.5708 65
    endloop
  endfacet
  facet normal 0.970088 0.242754 0
    outer loop
      vertex 47.8423 16.5708 57.4
      vertex 47.8947 16.3614 65
      vertex 47.8947 16.3614 57.4
    endloop
  endfacet
  facet normal 0.427469 0.90403 -0
    outer loop
      vertex 49.1581 14.9675 52.8201
      vertex 48.9629 15.0598 54
      vertex 49.1581 14.9675 54
    endloop
  endfacet
  facet normal 0.427469 0.90403 0
    outer loop
      vertex 48.9629 15.0598 54
      vertex 49.1581 14.9675 52.8201
      vertex 48.9629 15.0598 52.625
    endloop
  endfacet
  facet normal 0.427469 0.90403 -0
    outer loop
      vertex 49.1581 14.9675 57.4
      vertex 48.9629 15.0598 65
      vertex 49.1581 14.9675 65
    endloop
  endfacet
  facet normal 0.427469 0.90403 0
    outer loop
      vertex 48.9629 15.0598 65
      vertex 49.1581 14.9675 57.4
      vertex 48.9629 15.0598 57.4
    endloop
  endfacet
  facet normal 0.740778 0.67175 -0
    outer loop
      vertex 48.4444 15.4444 52.1064
      vertex 48.2994 15.6043 54
      vertex 48.4444 15.4444 54
    endloop
  endfacet
  facet normal 0.740778 0.67175 0
    outer loop
      vertex 48.2994 15.6043 54
      vertex 48.4444 15.4444 52.1064
      vertex 48.2994 15.6043 51.9614
    endloop
  endfacet
  facet normal 0.740778 0.67175 0
    outer loop
      vertex 48.4444 15.4444 65
      vertex 48.2994 15.6043 57.4
      vertex 48.2994 15.6043 65
    endloop
  endfacet
  facet normal 0.740778 0.67175 0
    outer loop
      vertex 48.2994 15.6043 57.4
      vertex 48.4444 15.4444 65
      vertex 48.4444 15.4444 57.4
    endloop
  endfacet
  facet normal -0.0491058 0.998794 0
    outer loop
      vertex 50.2156 14.8106 54
      vertex 50 14.8 53.662
      vertex 50 14.8 54
    endloop
  endfacet
  facet normal -0.0491058 0.998794 0
    outer loop
      vertex 50 14.8 53.662
      vertex 50.2156 14.8106 54
      vertex 50.2156 14.8106 53.4464
    endloop
  endfacet
  facet normal -0.0491058 0.998794 0
    outer loop
      vertex 50.2156 14.8106 57.4
      vertex 50 14.8 65
      vertex 50.2156 14.8106 65
    endloop
  endfacet
  facet normal -0.0491058 0.998794 0
    outer loop
      vertex 50 14.8 65
      vertex 50.2156 14.8106 57.4
      vertex 50 14.8 57.4
    endloop
  endfacet
  facet normal 0.989166 0.1468 -0
    outer loop
      vertex 47.8423 16.5708 51.5043
      vertex 47.8106 16.7844 54
      vertex 47.8423 16.5708 54
    endloop
  endfacet
  facet normal 0.989166 0.1468 0
    outer loop
      vertex 47.8106 16.7844 54
      vertex 47.8423 16.5708 51.5043
      vertex 47.8106 16.7844 51.4726
    endloop
  endfacet
  facet normal 0.989166 0.1468 0
    outer loop
      vertex 47.8423 16.5708 65
      vertex 47.8106 16.7844 57.4
      vertex 47.8106 16.7844 65
    endloop
  endfacet
  facet normal 0.989166 0.1468 0
    outer loop
      vertex 47.8106 16.7844 57.4
      vertex 47.8423 16.5708 65
      vertex 47.8423 16.5708 57.4
    endloop
  endfacet
  facet normal -0.595693 0.803212 0
    outer loop
      vertex 51.3957 15.2994 54
      vertex 51.2223 15.1708 52.4398
      vertex 51.2223 15.1708 54
    endloop
  endfacet
  facet normal -0.595693 0.803212 0
    outer loop
      vertex 51.2223 15.1708 52.4398
      vertex 51.3957 15.2994 54
      vertex 51.3957 15.2994 52.2664
    endloop
  endfacet
  facet normal -0.595693 0.803212 0
    outer loop
      vertex 51.3957 15.2994 57.4
      vertex 51.2223 15.1708 65
      vertex 51.3957 15.2994 65
    endloop
  endfacet
  facet normal -0.595693 0.803212 0
    outer loop
      vertex 51.2223 15.1708 65
      vertex 51.3957 15.2994 57.4
      vertex 51.2223 15.1708 57.4
    endloop
  endfacet
  facet normal 0.803212 0.595693 -0
    outer loop
      vertex 48.2994 15.6043 51.9614
      vertex 48.1708 15.7777 54
      vertex 48.2994 15.6043 54
    endloop
  endfacet
  facet normal 0.803212 0.595693 0
    outer loop
      vertex 48.1708 15.7777 54
      vertex 48.2994 15.6043 51.9614
      vertex 48.1708 15.7777 51.8328
    endloop
  endfacet
  facet normal 0.803212 0.595693 0
    outer loop
      vertex 48.2994 15.6043 65
      vertex 48.1708 15.7777 57.4
      vertex 48.1708 15.7777 65
    endloop
  endfacet
  facet normal 0.803212 0.595693 0
    outer loop
      vertex 48.1708 15.7777 57.4
      vertex 48.2994 15.6043 65
      vertex 48.2994 15.6043 57.4
    endloop
  endfacet
  facet normal 0.998794 -0.0491058 0
    outer loop
      vertex 47.8 17 54
      vertex 47.8106 17.2156 51.4726
      vertex 47.8106 17.2156 54
    endloop
  endfacet
  facet normal 0.998794 -0.0491058 0
    outer loop
      vertex 47.8106 17.2156 51.4726
      vertex 47.8 17 54
      vertex 47.8 17 51.462
    endloop
  endfacet
  facet normal 0.998794 -0.0491058 0
    outer loop
      vertex 47.8 17 65
      vertex 47.8106 17.2156 57.4
      vertex 47.8106 17.2156 65
    endloop
  endfacet
  facet normal 0.998794 -0.0491058 0
    outer loop
      vertex 47.8106 17.2156 57.4
      vertex 47.8 17 65
      vertex 47.8 17 57.4
    endloop
  endfacet
  facet normal -0.740778 0.67175 0
    outer loop
      vertex 51.5556 15.4444 52.1064
      vertex 51.7006 15.6043 54
      vertex 51.7006 15.6043 51.9614
    endloop
  endfacet
  facet normal -0.740778 0.67175 0
    outer loop
      vertex 51.7006 15.6043 54
      vertex 51.5556 15.4444 52.1064
      vertex 51.5556 15.4444 54
    endloop
  endfacet
  facet normal -0.740778 0.67175 0
    outer loop
      vertex 51.5556 15.4444 57.4
      vertex 51.7006 15.6043 65
      vertex 51.7006 15.6043 57.4
    endloop
  endfacet
  facet normal -0.740778 0.67175 0
    outer loop
      vertex 51.7006 15.6043 65
      vertex 51.5556 15.4444 57.4
      vertex 51.5556 15.4444 65
    endloop
  endfacet
  facet normal 0 0 -1
    outer loop
      vertex 69.9803 13.35 57.4
      vertex 52.2 17 57.4
      vertex 69.9803 20.65 57.4
    endloop
  endfacet
  facet normal 0 0 -1
    outer loop
      vertex 69.9803 13.35 57.4
      vertex 52.1894 16.7844 57.4
      vertex 52.2 17 57.4
    endloop
  endfacet
  facet normal 0 0 -1
    outer loop
      vertex 69.9803 13.35 57.4
      vertex 52.1577 16.5708 57.4
      vertex 52.1894 16.7844 57.4
    endloop
  endfacet
  facet normal 0 0 -1
    outer loop
      vertex 69.9803 13.35 57.4
      vertex 52.1053 16.3614 57.4
      vertex 52.1577 16.5708 57.4
    endloop
  endfacet
  facet normal 0 0 -1
    outer loop
      vertex 69.9803 13.35 57.4
      vertex 52.0325 16.1581 57.4
      vertex 52.1053 16.3614 57.4
    endloop
  endfacet
  facet normal 0 0 -1
    outer loop
      vertex 69.9803 13.35 57.4
      vertex 51.9402 15.9629 57.4
      vertex 52.0325 16.1581 57.4
    endloop
  endfacet
  facet normal 0 0 -1
    outer loop
      vertex 69.9803 13.35 57.4
      vertex 51.8292 15.7777 57.4
      vertex 51.9402 15.9629 57.4
    endloop
  endfacet
  facet normal 0 0 -1
    outer loop
      vertex 69.9803 13.35 57.4
      vertex 51.7006 15.6043 57.4
      vertex 51.8292 15.7777 57.4
    endloop
  endfacet
  facet normal 0 0 -1
    outer loop
      vertex 69.9803 13.35 57.4
      vertex 51.5556 15.4444 57.4
      vertex 51.7006 15.6043 57.4
    endloop
  endfacet
  facet normal 0 0 -1
    outer loop
      vertex 69.9803 13.35 57.4
      vertex 51.3957 15.2994 57.4
      vertex 51.5556 15.4444 57.4
    endloop
  endfacet
  facet normal 0 0 -1
    outer loop
      vertex 69.9803 13.35 57.4
      vertex 51.2223 15.1708 57.4
      vertex 51.3957 15.2994 57.4
    endloop
  endfacet
  facet normal 0 0 -1
    outer loop
      vertex 69.9803 13.35 57.4
      vertex 51.0371 15.0598 57.4
      vertex 51.2223 15.1708 57.4
    endloop
  endfacet
  facet normal 0 0 -1
    outer loop
      vertex 69.9803 13.35 57.4
      vertex 50.8419 14.9675 57.4
      vertex 51.0371 15.0598 57.4
    endloop
  endfacet
  facet normal 0 0 -1
    outer loop
      vertex 69.9803 13.35 57.4
      vertex 50.6386 14.8947 57.4
      vertex 50.8419 14.9675 57.4
    endloop
  endfacet
  facet normal 0 0 -1
    outer loop
      vertex 46.35 13.35 57.4
      vertex 50.6386 14.8947 57.4
      vertex 69.9803 13.35 57.4
    endloop
  endfacet
  facet normal 0 0 -1
    outer loop
      vertex 50.6386 14.8947 57.4
      vertex 46.35 13.35 57.4
      vertex 50.4292 14.8423 57.4
    endloop
  endfacet
  facet normal 0 0 -1
    outer loop
      vertex 50.4292 14.8423 57.4
      vertex 46.35 13.35 57.4
      vertex 50.2156 14.8106 57.4
    endloop
  endfacet
  facet normal 0 0 -1
    outer loop
      vertex 50.2156 14.8106 57.4
      vertex 46.35 13.35 57.4
      vertex 50 14.8 57.4
    endloop
  endfacet
  facet normal -0 0 -1
    outer loop
      vertex 47.8106 16.7844 57.4
      vertex 46.35 13.35 57.4
      vertex 47.8 17 57.4
    endloop
  endfacet
  facet normal -0 0 -1
    outer loop
      vertex 47.8423 16.5708 57.4
      vertex 46.35 13.35 57.4
      vertex 47.8106 16.7844 57.4
    endloop
  endfacet
  facet normal -0 0 -1
    outer loop
      vertex 47.8947 16.3614 57.4
      vertex 46.35 13.35 57.4
      vertex 47.8423 16.5708 57.4
    endloop
  endfacet
  facet normal -0 0 -1
    outer loop
      vertex 47.9675 16.1581 57.4
      vertex 46.35 13.35 57.4
      vertex 47.8947 16.3614 57.4
    endloop
  endfacet
  facet normal -0 0 -1
    outer loop
      vertex 48.0598 15.9629 57.4
      vertex 46.35 13.35 57.4
      vertex 47.9675 16.1581 57.4
    endloop
  endfacet
  facet normal -0 0 -1
    outer loop
      vertex 48.1708 15.7777 57.4
      vertex 46.35 13.35 57.4
      vertex 48.0598 15.9629 57.4
    endloop
  endfacet
  facet normal -0 0 -1
    outer loop
      vertex 48.2994 15.6043 57.4
      vertex 46.35 13.35 57.4
      vertex 48.1708 15.7777 57.4
    endloop
  endfacet
  facet normal -0 0 -1
    outer loop
      vertex 48.4444 15.4444 57.4
      vertex 46.35 13.35 57.4
      vertex 48.2994 15.6043 57.4
    endloop
  endfacet
  facet normal -0 0 -1
    outer loop
      vertex 48.6043 15.2994 57.4
      vertex 46.35 13.35 57.4
      vertex 48.4444 15.4444 57.4
    endloop
  endfacet
  facet normal -0 0 -1
    outer loop
      vertex 48.7777 15.1708 57.4
      vertex 46.35 13.35 57.4
      vertex 48.6043 15.2994 57.4
    endloop
  endfacet
  facet normal -0 0 -1
    outer loop
      vertex 48.9629 15.0598 57.4
      vertex 46.35 13.35 57.4
      vertex 48.7777 15.1708 57.4
    endloop
  endfacet
  facet normal -0 0 -1
    outer loop
      vertex 49.1581 14.9675 57.4
      vertex 46.35 13.35 57.4
      vertex 48.9629 15.0598 57.4
    endloop
  endfacet
  facet normal -0 0 -1
    outer loop
      vertex 49.3614 14.8947 57.4
      vertex 46.35 13.35 57.4
      vertex 49.1581 14.9675 57.4
    endloop
  endfacet
  facet normal -0 0 -1
    outer loop
      vertex 49.5708 14.8423 57.4
      vertex 46.35 13.35 57.4
      vertex 49.3614 14.8947 57.4
    endloop
  endfacet
  facet normal -0 0 -1
    outer loop
      vertex 49.7844 14.8106 57.4
      vertex 46.35 13.35 57.4
      vertex 49.5708 14.8423 57.4
    endloop
  endfacet
  facet normal -0 0 -1
    outer loop
      vertex 50 14.8 57.4
      vertex 46.35 13.35 57.4
      vertex 49.7844 14.8106 57.4
    endloop
  endfacet
  facet normal 0 0 -1
    outer loop
      vertex 52.1894 17.2156 57.4
      vertex 69.9803 20.65 57.4
      vertex 52.2 17 57.4
    endloop
  endfacet
  facet normal 0 0 -1
    outer loop
      vertex 52.1577 17.4292 57.4
      vertex 69.9803 20.65 57.4
      vertex 52.1894 17.2156 57.4
    endloop
  endfacet
  facet normal 0 0 -1
    outer loop
      vertex 52.1053 17.6386 57.4
      vertex 69.9803 20.65 57.4
      vertex 52.1577 17.4292 57.4
    endloop
  endfacet
  facet normal 0 0 -1
    outer loop
      vertex 52.0325 17.8419 57.4
      vertex 69.9803 20.65 57.4
      vertex 52.1053 17.6386 57.4
    endloop
  endfacet
  facet normal 0 0 -1
    outer loop
      vertex 51.9402 18.0371 57.4
      vertex 69.9803 20.65 57.4
      vertex 52.0325 17.8419 57.4
    endloop
  endfacet
  facet normal 0 0 -1
    outer loop
      vertex 51.8292 18.2223 57.4
      vertex 69.9803 20.65 57.4
      vertex 51.9402 18.0371 57.4
    endloop
  endfacet
  facet normal 0 0 -1
    outer loop
      vertex 51.7006 18.3957 57.4
      vertex 69.9803 20.65 57.4
      vertex 51.8292 18.2223 57.4
    endloop
  endfacet
  facet normal 0 0 -1
    outer loop
      vertex 51.5556 18.5556 57.4
      vertex 69.9803 20.65 57.4
      vertex 51.7006 18.3957 57.4
    endloop
  endfacet
  facet normal 0 0 -1
    outer loop
      vertex 51.3957 18.7006 57.4
      vertex 69.9803 20.65 57.4
      vertex 51.5556 18.5556 57.4
    endloop
  endfacet
  facet normal 0 0 -1
    outer loop
      vertex 51.2223 18.8292 57.4
      vertex 69.9803 20.65 57.4
      vertex 51.3957 18.7006 57.4
    endloop
  endfacet
  facet normal 0 0 -1
    outer loop
      vertex 51.0371 18.9402 57.4
      vertex 69.9803 20.65 57.4
      vertex 51.2223 18.8292 57.4
    endloop
  endfacet
  facet normal 0 0 -1
    outer loop
      vertex 50.8419 19.0325 57.4
      vertex 69.9803 20.65 57.4
      vertex 51.0371 18.9402 57.4
    endloop
  endfacet
  facet normal 0 0 -1
    outer loop
      vertex 50.6386 19.1053 57.4
      vertex 69.9803 20.65 57.4
      vertex 50.8419 19.0325 57.4
    endloop
  endfacet
  facet normal 0 0 -1
    outer loop
      vertex 46.35 20.65 57.4
      vertex 50.6386 19.1053 57.4
      vertex 50.4292 19.1577 57.4
    endloop
  endfacet
  facet normal 0 0 -1
    outer loop
      vertex 46.35 20.65 57.4
      vertex 50.4292 19.1577 57.4
      vertex 50.2156 19.1894 57.4
    endloop
  endfacet
  facet normal 0 0 -1
    outer loop
      vertex 46.35 20.65 57.4
      vertex 50.2156 19.1894 57.4
      vertex 50 19.2 57.4
    endloop
  endfacet
  facet normal 0 0 -1
    outer loop
      vertex 46.35 20.65 57.4
      vertex 50 19.2 57.4
      vertex 49.7844 19.1894 57.4
    endloop
  endfacet
  facet normal 0 0 -1
    outer loop
      vertex 46.35 20.65 57.4
      vertex 47.8 17 57.4
      vertex 46.35 13.35 57.4
    endloop
  endfacet
  facet normal 0 0 -1
    outer loop
      vertex 47.8 17 57.4
      vertex 46.35 20.65 57.4
      vertex 47.8106 17.2156 57.4
    endloop
  endfacet
  facet normal 0 0 -1
    outer loop
      vertex 47.8106 17.2156 57.4
      vertex 46.35 20.65 57.4
      vertex 47.8423 17.4292 57.4
    endloop
  endfacet
  facet normal 0 0 -1
    outer loop
      vertex 47.8423 17.4292 57.4
      vertex 46.35 20.65 57.4
      vertex 47.8947 17.6386 57.4
    endloop
  endfacet
  facet normal 0 0 -1
    outer loop
      vertex 50.6386 19.1053 57.4
      vertex 46.35 20.65 57.4
      vertex 69.9803 20.65 57.4
    endloop
  endfacet
  facet normal 0 0 -1
    outer loop
      vertex 49.5708 19.1577 57.4
      vertex 46.35 20.65 57.4
      vertex 49.7844 19.1894 57.4
    endloop
  endfacet
  facet normal 0 0 -1
    outer loop
      vertex 49.3614 19.1053 57.4
      vertex 46.35 20.65 57.4
      vertex 49.5708 19.1577 57.4
    endloop
  endfacet
  facet normal 0 0 -1
    outer loop
      vertex 49.1581 19.0325 57.4
      vertex 46.35 20.65 57.4
      vertex 49.3614 19.1053 57.4
    endloop
  endfacet
  facet normal 0 0 -1
    outer loop
      vertex 48.9629 18.9402 57.4
      vertex 46.35 20.65 57.4
      vertex 49.1581 19.0325 57.4
    endloop
  endfacet
  facet normal 0 0 -1
    outer loop
      vertex 48.7777 18.8292 57.4
      vertex 46.35 20.65 57.4
      vertex 48.9629 18.9402 57.4
    endloop
  endfacet
  facet normal 0 0 -1
    outer loop
      vertex 48.6043 18.7006 57.4
      vertex 46.35 20.65 57.4
      vertex 48.7777 18.8292 57.4
    endloop
  endfacet
  facet normal 0 0 -1
    outer loop
      vertex 48.4444 18.5556 57.4
      vertex 46.35 20.65 57.4
      vertex 48.6043 18.7006 57.4
    endloop
  endfacet
  facet normal 0 0 -1
    outer loop
      vertex 48.2994 18.3957 57.4
      vertex 46.35 20.65 57.4
      vertex 48.4444 18.5556 57.4
    endloop
  endfacet
  facet normal 0 0 -1
    outer loop
      vertex 48.1708 18.2223 57.4
      vertex 46.35 20.65 57.4
      vertex 48.2994 18.3957 57.4
    endloop
  endfacet
  facet normal 0 0 -1
    outer loop
      vertex 48.0598 18.0371 57.4
      vertex 46.35 20.65 57.4
      vertex 48.1708 18.2223 57.4
    endloop
  endfacet
  facet normal 0 0 -1
    outer loop
      vertex 47.9675 17.8419 57.4
      vertex 46.35 20.65 57.4
      vertex 48.0598 18.0371 57.4
    endloop
  endfacet
  facet normal 0 0 -1
    outer loop
      vertex 47.8947 17.6386 57.4
      vertex 46.35 20.65 57.4
      vertex 47.9675 17.8419 57.4
    endloop
  endfacet
  facet normal 0 0 1
    outer loop
      vertex 70 20.65 54
      vertex 52.2 17 54
      vertex 70 13.35 54
    endloop
  endfacet
  facet normal 0 0 1
    outer loop
      vertex 70 20.65 54
      vertex 52.1894 17.2156 54
      vertex 52.2 17 54
    endloop
  endfacet
  facet normal 0 0 1
    outer loop
      vertex 70 20.65 54
      vertex 52.1577 17.4292 54
      vertex 52.1894 17.2156 54
    endloop
  endfacet
  facet normal 0 0 1
    outer loop
      vertex 70 20.65 54
      vertex 52.1053 17.6386 54
      vertex 52.1577 17.4292 54
    endloop
  endfacet
  facet normal 0 0 1
    outer loop
      vertex 70 20.65 54
      vertex 52.0325 17.8419 54
      vertex 52.1053 17.6386 54
    endloop
  endfacet
  facet normal 0 0 1
    outer loop
      vertex 70 20.65 54
      vertex 51.9402 18.0371 54
      vertex 52.0325 17.8419 54
    endloop
  endfacet
  facet normal 0 0 1
    outer loop
      vertex 70 20.65 54
      vertex 51.8292 18.2223 54
      vertex 51.9402 18.0371 54
    endloop
  endfacet
  facet normal 0 0 1
    outer loop
      vertex 70 20.65 54
      vertex 51.7006 18.3957 54
      vertex 51.8292 18.2223 54
    endloop
  endfacet
  facet normal 0 0 1
    outer loop
      vertex 70 20.65 54
      vertex 51.5556 18.5556 54
      vertex 51.7006 18.3957 54
    endloop
  endfacet
  facet normal 0 0 1
    outer loop
      vertex 70 20.65 54
      vertex 51.3957 18.7006 54
      vertex 51.5556 18.5556 54
    endloop
  endfacet
  facet normal 0 0 1
    outer loop
      vertex 70 20.65 54
      vertex 51.2223 18.8292 54
      vertex 51.3957 18.7006 54
    endloop
  endfacet
  facet normal 0 0 1
    outer loop
      vertex 70 20.65 54
      vertex 51.0371 18.9402 54
      vertex 51.2223 18.8292 54
    endloop
  endfacet
  facet normal 0 0 1
    outer loop
      vertex 70 20.65 54
      vertex 50.8419 19.0325 54
      vertex 51.0371 18.9402 54
    endloop
  endfacet
  facet normal 0 0 1
    outer loop
      vertex 70 20.65 54
      vertex 50.6386 19.1053 54
      vertex 50.8419 19.0325 54
    endloop
  endfacet
  facet normal -0 0 1
    outer loop
      vertex 46.35 20.65 54
      vertex 50.6386 19.1053 54
      vertex 70 20.65 54
    endloop
  endfacet
  facet normal 0 0 1
    outer loop
      vertex 50.6386 19.1053 54
      vertex 46.35 20.65 54
      vertex 50.4292 19.1577 54
    endloop
  endfacet
  facet normal 0 0 1
    outer loop
      vertex 50.4292 19.1577 54
      vertex 46.35 20.65 54
      vertex 50.2156 19.1894 54
    endloop
  endfacet
  facet normal 0 0 1
    outer loop
      vertex 50.2156 19.1894 54
      vertex 46.35 20.65 54
      vertex 50 19.2 54
    endloop
  endfacet
  facet normal 0 0 1
    outer loop
      vertex 47.8106 17.2156 54
      vertex 46.35 20.65 54
      vertex 47.8 17 54
    endloop
  endfacet
  facet normal 0 0 1
    outer loop
      vertex 47.8423 17.4292 54
      vertex 46.35 20.65 54
      vertex 47.8106 17.2156 54
    endloop
  endfacet
  facet normal 0 0 1
    outer loop
      vertex 47.8947 17.6386 54
      vertex 46.35 20.65 54
      vertex 47.8423 17.4292 54
    endloop
  endfacet
  facet normal 0 0 1
    outer loop
      vertex 47.9675 17.8419 54
      vertex 46.35 20.65 54
      vertex 47.8947 17.6386 54
    endloop
  endfacet
  facet normal 0 0 1
    outer loop
      vertex 48.0598 18.0371 54
      vertex 46.35 20.65 54
      vertex 47.9675 17.8419 54
    endloop
  endfacet
  facet normal 0 0 1
    outer loop
      vertex 48.1708 18.2223 54
      vertex 46.35 20.65 54
      vertex 48.0598 18.0371 54
    endloop
  endfacet
  facet normal 0 0 1
    outer loop
      vertex 48.2994 18.3957 54
      vertex 46.35 20.65 54
      vertex 48.1708 18.2223 54
    endloop
  endfacet
  facet normal 0 0 1
    outer loop
      vertex 48.4444 18.5556 54
      vertex 46.35 20.65 54
      vertex 48.2994 18.3957 54
    endloop
  endfacet
  facet normal 0 0 1
    outer loop
      vertex 48.6043 18.7006 54
      vertex 46.35 20.65 54
      vertex 48.4444 18.5556 54
    endloop
  endfacet
  facet normal 0 0 1
    outer loop
      vertex 48.7777 18.8292 54
      vertex 46.35 20.65 54
      vertex 48.6043 18.7006 54
    endloop
  endfacet
  facet normal 0 0 1
    outer loop
      vertex 48.9629 18.9402 54
      vertex 46.35 20.65 54
      vertex 48.7777 18.8292 54
    endloop
  endfacet
  facet normal 0 0 1
    outer loop
      vertex 49.1581 19.0325 54
      vertex 46.35 20.65 54
      vertex 48.9629 18.9402 54
    endloop
  endfacet
  facet normal 0 0 1
    outer loop
      vertex 49.3614 19.1053 54
      vertex 46.35 20.65 54
      vertex 49.1581 19.0325 54
    endloop
  endfacet
  facet normal 0 0 1
    outer loop
      vertex 49.5708 19.1577 54
      vertex 46.35 20.65 54
      vertex 49.3614 19.1053 54
    endloop
  endfacet
  facet normal 0 0 1
    outer loop
      vertex 49.7844 19.1894 54
      vertex 46.35 20.65 54
      vertex 49.5708 19.1577 54
    endloop
  endfacet
  facet normal 0 0 1
    outer loop
      vertex 50 19.2 54
      vertex 46.35 20.65 54
      vertex 49.7844 19.1894 54
    endloop
  endfacet
  facet normal -0 0 1
    outer loop
      vertex 52.1894 16.7844 54
      vertex 70 13.35 54
      vertex 52.2 17 54
    endloop
  endfacet
  facet normal -0 0 1
    outer loop
      vertex 52.1577 16.5708 54
      vertex 70 13.35 54
      vertex 52.1894 16.7844 54
    endloop
  endfacet
  facet normal -0 0 1
    outer loop
      vertex 52.1053 16.3614 54
      vertex 70 13.35 54
      vertex 52.1577 16.5708 54
    endloop
  endfacet
  facet normal -0 0 1
    outer loop
      vertex 52.0325 16.1581 54
      vertex 70 13.35 54
      vertex 52.1053 16.3614 54
    endloop
  endfacet
  facet normal -0 0 1
    outer loop
      vertex 51.9402 15.9629 54
      vertex 70 13.35 54
      vertex 52.0325 16.1581 54
    endloop
  endfacet
  facet normal -0 0 1
    outer loop
      vertex 51.8292 15.7777 54
      vertex 70 13.35 54
      vertex 51.9402 15.9629 54
    endloop
  endfacet
  facet normal -0 0 1
    outer loop
      vertex 51.7006 15.6043 54
      vertex 70 13.35 54
      vertex 51.8292 15.7777 54
    endloop
  endfacet
  facet normal -0 0 1
    outer loop
      vertex 51.5556 15.4444 54
      vertex 70 13.35 54
      vertex 51.7006 15.6043 54
    endloop
  endfacet
  facet normal -0 0 1
    outer loop
      vertex 51.3957 15.2994 54
      vertex 70 13.35 54
      vertex 51.5556 15.4444 54
    endloop
  endfacet
  facet normal -0 0 1
    outer loop
      vertex 51.2223 15.1708 54
      vertex 70 13.35 54
      vertex 51.3957 15.2994 54
    endloop
  endfacet
  facet normal -0 0 1
    outer loop
      vertex 51.0371 15.0598 54
      vertex 70 13.35 54
      vertex 51.2223 15.1708 54
    endloop
  endfacet
  facet normal -0 0 1
    outer loop
      vertex 50.8419 14.9675 54
      vertex 70 13.35 54
      vertex 51.0371 15.0598 54
    endloop
  endfacet
  facet normal -0 0 1
    outer loop
      vertex 50.6386 14.8947 54
      vertex 70 13.35 54
      vertex 50.8419 14.9675 54
    endloop
  endfacet
  facet normal 0 0 1
    outer loop
      vertex 46.35 13.35 54
      vertex 50.6386 14.8947 54
      vertex 50.4292 14.8423 54
    endloop
  endfacet
  facet normal 0 0 1
    outer loop
      vertex 46.35 13.35 54
      vertex 50.4292 14.8423 54
      vertex 50.2156 14.8106 54
    endloop
  endfacet
  facet normal 0 0 1
    outer loop
      vertex 46.35 13.35 54
      vertex 50.2156 14.8106 54
      vertex 50 14.8 54
    endloop
  endfacet
  facet normal 0 0 1
    outer loop
      vertex 46.35 13.35 54
      vertex 50 14.8 54
      vertex 49.7844 14.8106 54
    endloop
  endfacet
  facet normal 0 0 1
    outer loop
      vertex 46.35 13.35 54
      vertex 47.8 17 54
      vertex 46.35 20.65 54
    endloop
  endfacet
  facet normal 0 0 1
    outer loop
      vertex 47.8 17 54
      vertex 46.35 13.35 54
      vertex 47.8106 16.7844 54
    endloop
  endfacet
  facet normal 0 0 1
    outer loop
      vertex 47.8106 16.7844 54
      vertex 46.35 13.35 54
      vertex 47.8423 16.5708 54
    endloop
  endfacet
  facet normal 0 0 1
    outer loop
      vertex 47.8423 16.5708 54
      vertex 46.35 13.35 54
      vertex 47.8947 16.3614 54
    endloop
  endfacet
  facet normal 0 0 1
    outer loop
      vertex 50.6386 14.8947 54
      vertex 46.35 13.35 54
      vertex 70 13.35 54
    endloop
  endfacet
  facet normal 0 0 1
    outer loop
      vertex 49.5708 14.8423 54
      vertex 46.35 13.35 54
      vertex 49.7844 14.8106 54
    endloop
  endfacet
  facet normal 0 0 1
    outer loop
      vertex 49.3614 14.8947 54
      vertex 46.35 13.35 54
      vertex 49.5708 14.8423 54
    endloop
  endfacet
  facet normal 0 0 1
    outer loop
      vertex 49.1581 14.9675 54
      vertex 46.35 13.35 54
      vertex 49.3614 14.8947 54
    endloop
  endfacet
  facet normal 0 0 1
    outer loop
      vertex 48.9629 15.0598 54
      vertex 46.35 13.35 54
      vertex 49.1581 14.9675 54
    endloop
  endfacet
  facet normal 0 0 1
    outer loop
      vertex 48.7777 15.1708 54
      vertex 46.35 13.35 54
      vertex 48.9629 15.0598 54
    endloop
  endfacet
  facet normal 0 0 1
    outer loop
      vertex 48.6043 15.2994 54
      vertex 46.35 13.35 54
      vertex 48.7777 15.1708 54
    endloop
  endfacet
  facet normal 0 0 1
    outer loop
      vertex 48.4444 15.4444 54
      vertex 46.35 13.35 54
      vertex 48.6043 15.2994 54
    endloop
  endfacet
  facet normal 0 0 1
    outer loop
      vertex 48.2994 15.6043 54
      vertex 46.35 13.35 54
      vertex 48.4444 15.4444 54
    endloop
  endfacet
  facet normal 0 0 1
    outer loop
      vertex 48.1708 15.7777 54
      vertex 46.35 13.35 54
      vertex 48.2994 15.6043 54
    endloop
  endfacet
  facet normal 0 0 1
    outer loop
      vertex 48.0598 15.9629 54
      vertex 46.35 13.35 54
      vertex 48.1708 15.7777 54
    endloop
  endfacet
  facet normal 0 0 1
    outer loop
      vertex 47.9675 16.1581 54
      vertex 46.35 13.35 54
      vertex 48.0598 15.9629 54
    endloop
  endfacet
  facet normal 0 0 1
    outer loop
      vertex 47.8947 16.3614 54
      vertex 46.35 13.35 54
      vertex 47.9675 16.1581 54
    endloop
  endfacet
  facet normal 1 -0 0
    outer loop
      vertex 46.35 13.35 57.4
      vertex 46.35 20.65 54
      vertex 46.35 20.65 57.4
    endloop
  endfacet
  facet normal 1 0 0
    outer loop
      vertex 46.35 20.65 54
      vertex 46.35 13.35 57.4
      vertex 46.35 13.35 54
    endloop
  endfacet
  facet normal 0 -1 0
    outer loop
      vertex 46.35 20.65 57.4
      vertex 70 20.65 57
      vertex 69.9803 20.65 57.4
    endloop
  endfacet
  facet normal 0 -1 0
    outer loop
      vertex 46.35 20.65 54
      vertex 70 20.65 57
      vertex 46.35 20.65 57.4
    endloop
  endfacet
  facet normal 0 -1 -0
    outer loop
      vertex 70 20.65 57
      vertex 46.35 20.65 54
      vertex 70 20.65 54
    endloop
  endfacet
  facet normal 0 1 0
    outer loop
      vertex 70 13.35 57
      vertex 46.35 13.35 57.4
      vertex 69.9803 13.35 57.4
    endloop
  endfacet
  facet normal 0 1 0
    outer loop
      vertex 46.35 13.35 54
      vertex 70 13.35 57
      vertex 70 13.35 54
    endloop
  endfacet
  facet normal 0 1 0
    outer loop
      vertex 70 13.35 57
      vertex 46.35 13.35 54
      vertex 46.35 13.35 57.4
    endloop
  endfacet
  facet normal 0.336925 0.941531 -0
    outer loop
      vertex -35.987 11.7464 0
      vertex -36.3011 11.8588 6
      vertex -35.987 11.7464 6
    endloop
  endfacet
  facet normal 0.336925 0.941531 0
    outer loop
      vertex -36.3011 11.8588 6
      vertex -35.987 11.7464 0
      vertex -36.3011 11.8588 0
    endloop
  endfacet
  facet normal -0.989199 -0.146581 0
    outer loop
      vertex -31.6164 15.3333 0
      vertex -31.6653 15.6633 6
      vertex -31.6653 15.6633 0
    endloop
  endfacet
  facet normal -0.989199 -0.146581 0
    outer loop
      vertex -31.6653 15.6633 6
      vertex -31.6164 15.3333 0
      vertex -31.6164 15.3333 6
    endloop
  endfacet
  facet normal -0.998792 -0.0491455 0
    outer loop
      vertex -31.6 15 0
      vertex -31.6164 15.3333 6
      vertex -31.6164 15.3333 0
    endloop
  endfacet
  facet normal -0.998792 -0.0491455 0
    outer loop
      vertex -31.6164 15.3333 6
      vertex -31.6 15 0
      vertex -31.6 15 6
    endloop
  endfacet
  facet normal -0.970019 -0.243029 0
    outer loop
      vertex -31.6653 15.6633 0
      vertex -31.7464 15.987 6
      vertex -31.7464 15.987 0
    endloop
  endfacet
  facet normal -0.970019 -0.243029 0
    outer loop
      vertex -31.7464 15.987 6
      vertex -31.6653 15.6633 0
      vertex -31.6653 15.6633 6
    endloop
  endfacet
  facet normal 0.989199 -0.146581 0
    outer loop
      vertex -38.3836 15.3333 6
      vertex -38.3347 15.6633 0
      vertex -38.3347 15.6633 6
    endloop
  endfacet
  facet normal 0.989199 -0.146581 0
    outer loop
      vertex -38.3347 15.6633 0
      vertex -38.3836 15.3333 6
      vertex -38.3836 15.3333 0
    endloop
  endfacet
  facet normal 0.243029 0.970019 -0
    outer loop
      vertex -35.6633 11.6653 0
      vertex -35.987 11.7464 6
      vertex -35.6633 11.6653 6
    endloop
  endfacet
  facet normal 0.243029 0.970019 0
    outer loop
      vertex -35.987 11.7464 6
      vertex -35.6633 11.6653 0
      vertex -35.987 11.7464 0
    endloop
  endfacet
  facet normal -0.336925 -0.941531 0
    outer loop
      vertex -34.013 18.2536 0
      vertex -33.6989 18.1412 6
      vertex -34.013 18.2536 6
    endloop
  endfacet
  facet normal -0.336925 -0.941531 -0
    outer loop
      vertex -33.6989 18.1412 6
      vertex -34.013 18.2536 0
      vertex -33.6989 18.1412 0
    endloop
  endfacet
  facet normal 0.514011 -0.857784 0
    outer loop
      vertex -36.8889 17.827 0
      vertex -36.6027 17.9985 6
      vertex -36.8889 17.827 6
    endloop
  endfacet
  facet normal 0.514011 -0.857784 0
    outer loop
      vertex -36.6027 17.9985 6
      vertex -36.8889 17.827 0
      vertex -36.6027 17.9985 0
    endloop
  endfacet
  facet normal 0.903927 0.427687 0
    outer loop
      vertex -37.9985 13.3973 6
      vertex -38.1412 13.6989 0
      vertex -38.1412 13.6989 6
    endloop
  endfacet
  facet normal 0.903927 0.427687 0
    outer loop
      vertex -38.1412 13.6989 0
      vertex -37.9985 13.3973 6
      vertex -37.9985 13.3973 0
    endloop
  endfacet
  facet normal 0.243029 -0.970019 0
    outer loop
      vertex -35.987 18.2536 0
      vertex -35.6633 18.3347 6
      vertex -35.987 18.2536 6
    endloop
  endfacet
  facet normal 0.243029 -0.970019 0
    outer loop
      vertex -35.6633 18.3347 6
      vertex -35.987 18.2536 0
      vertex -35.6633 18.3347 0
    endloop
  endfacet
  facet normal 0.857784 0.514011 0
    outer loop
      vertex -37.827 13.1111 6
      vertex -37.9985 13.3973 0
      vertex -37.9985 13.3973 6
    endloop
  endfacet
  facet normal 0.857784 0.514011 0
    outer loop
      vertex -37.9985 13.3973 0
      vertex -37.827 13.1111 6
      vertex -37.827 13.1111 0
    endloop
  endfacet
  facet normal -0.243029 0.970019 0
    outer loop
      vertex -34.013 11.7464 0
      vertex -34.3367 11.6653 6
      vertex -34.013 11.7464 6
    endloop
  endfacet
  facet normal -0.243029 0.970019 0
    outer loop
      vertex -34.3367 11.6653 6
      vertex -34.013 11.7464 0
      vertex -34.3367 11.6653 0
    endloop
  endfacet
  facet normal 0.595772 0.803154 -0
    outer loop
      vertex -36.8889 12.173 0
      vertex -37.1569 12.3718 6
      vertex -36.8889 12.173 6
    endloop
  endfacet
  facet normal 0.595772 0.803154 0
    outer loop
      vertex -37.1569 12.3718 6
      vertex -36.8889 12.173 0
      vertex -37.1569 12.3718 0
    endloop
  endfacet
  facet normal -0.514011 0.857784 0
    outer loop
      vertex -33.1111 12.173 0
      vertex -33.3973 12.0015 6
      vertex -33.1111 12.173 6
    endloop
  endfacet
  facet normal -0.514011 0.857784 0
    outer loop
      vertex -33.3973 12.0015 6
      vertex -33.1111 12.173 0
      vertex -33.3973 12.0015 0
    endloop
  endfacet
  facet normal -0.803154 0.595772 0
    outer loop
      vertex -32.3718 12.8431 0
      vertex -32.173 13.1111 6
      vertex -32.173 13.1111 0
    endloop
  endfacet
  facet normal -0.803154 0.595772 0
    outer loop
      vertex -32.173 13.1111 6
      vertex -32.3718 12.8431 0
      vertex -32.3718 12.8431 6
    endloop
  endfacet
  facet normal -0.146581 -0.989199 0
    outer loop
      vertex -34.6667 18.3836 0
      vertex -34.3367 18.3347 6
      vertex -34.6667 18.3836 6
    endloop
  endfacet
  facet normal -0.146581 -0.989199 -0
    outer loop
      vertex -34.3367 18.3347 6
      vertex -34.6667 18.3836 0
      vertex -34.3367 18.3347 0
    endloop
  endfacet
  facet normal 0.595772 -0.803154 0
    outer loop
      vertex -37.1569 17.6282 0
      vertex -36.8889 17.827 6
      vertex -37.1569 17.6282 6
    endloop
  endfacet
  facet normal 0.595772 -0.803154 0
    outer loop
      vertex -36.8889 17.827 6
      vertex -37.1569 17.6282 0
      vertex -36.8889 17.827 0
    endloop
  endfacet
  facet normal -0.427687 0.903927 0
    outer loop
      vertex -33.3973 12.0015 0
      vertex -33.6989 11.8588 6
      vertex -33.3973 12.0015 6
    endloop
  endfacet
  facet normal -0.427687 0.903927 0
    outer loop
      vertex -33.6989 11.8588 6
      vertex -33.3973 12.0015 0
      vertex -33.6989 11.8588 0
    endloop
  endfacet
  facet normal 0.803154 -0.595772 0
    outer loop
      vertex -37.827 16.8889 6
      vertex -37.6282 17.1569 0
      vertex -37.6282 17.1569 6
    endloop
  endfacet
  facet normal 0.803154 -0.595772 0
    outer loop
      vertex -37.6282 17.1569 0
      vertex -37.827 16.8889 6
      vertex -37.827 16.8889 0
    endloop
  endfacet
  facet normal -0.989199 0.146581 0
    outer loop
      vertex -31.6653 14.3367 0
      vertex -31.6164 14.6667 6
      vertex -31.6164 14.6667 0
    endloop
  endfacet
  facet normal -0.989199 0.146581 0
    outer loop
      vertex -31.6164 14.6667 6
      vertex -31.6653 14.3367 0
      vertex -31.6653 14.3367 6
    endloop
  endfacet
  facet normal 0.941531 -0.336925 0
    outer loop
      vertex -38.2536 15.987 6
      vertex -38.1412 16.3011 0
      vertex -38.1412 16.3011 6
    endloop
  endfacet
  facet normal 0.941531 -0.336925 0
    outer loop
      vertex -38.1412 16.3011 0
      vertex -38.2536 15.987 6
      vertex -38.2536 15.987 0
    endloop
  endfacet
  facet normal -0.427687 -0.903927 0
    outer loop
      vertex -33.6989 18.1412 0
      vertex -33.3973 17.9985 6
      vertex -33.6989 18.1412 6
    endloop
  endfacet
  facet normal -0.427687 -0.903927 -0
    outer loop
      vertex -33.3973 17.9985 6
      vertex -33.6989 18.1412 0
      vertex -33.3973 17.9985 0
    endloop
  endfacet
  facet normal 0.941531 0.336925 0
    outer loop
      vertex -38.1412 13.6989 6
      vertex -38.2536 14.013 0
      vertex -38.2536 14.013 6
    endloop
  endfacet
  facet normal 0.941531 0.336925 0
    outer loop
      vertex -38.2536 14.013 0
      vertex -38.1412 13.6989 6
      vertex -38.1412 13.6989 0
    endloop
  endfacet
  facet normal -0.970019 0.243029 0
    outer loop
      vertex -31.7464 14.013 0
      vertex -31.6653 14.3367 6
      vertex -31.6653 14.3367 0
    endloop
  endfacet
  facet normal -0.970019 0.243029 0
    outer loop
      vertex -31.6653 14.3367 6
      vertex -31.7464 14.013 0
      vertex -31.7464 14.013 6
    endloop
  endfacet
  facet normal 0.0491455 -0.998792 0
    outer loop
      vertex -35.3333 18.3836 0
      vertex -35 18.4 6
      vertex -35.3333 18.3836 6
    endloop
  endfacet
  facet normal 0.0491455 -0.998792 0
    outer loop
      vertex -35 18.4 6
      vertex -35.3333 18.3836 0
      vertex -35 18.4 0
    endloop
  endfacet
  facet normal 0.427687 -0.903927 0
    outer loop
      vertex -36.6027 17.9985 0
      vertex -36.3011 18.1412 6
      vertex -36.6027 17.9985 6
    endloop
  endfacet
  facet normal 0.427687 -0.903927 0
    outer loop
      vertex -36.3011 18.1412 6
      vertex -36.6027 17.9985 0
      vertex -36.3011 18.1412 0
    endloop
  endfacet
  facet normal 0.671329 -0.741159 0
    outer loop
      vertex -37.4042 17.4042 0
      vertex -37.1569 17.6282 6
      vertex -37.4042 17.4042 6
    endloop
  endfacet
  facet normal 0.671329 -0.741159 0
    outer loop
      vertex -37.1569 17.6282 6
      vertex -37.4042 17.4042 0
      vertex -37.1569 17.6282 0
    endloop
  endfacet
  facet normal -0.336925 0.941531 0
    outer loop
      vertex -33.6989 11.8588 0
      vertex -34.013 11.7464 6
      vertex -33.6989 11.8588 6
    endloop
  endfacet
  facet normal -0.336925 0.941531 0
    outer loop
      vertex -34.013 11.7464 6
      vertex -33.6989 11.8588 0
      vertex -34.013 11.7464 0
    endloop
  endfacet
  facet normal 0.336925 -0.941531 0
    outer loop
      vertex -36.3011 18.1412 0
      vertex -35.987 18.2536 6
      vertex -36.3011 18.1412 6
    endloop
  endfacet
  facet normal 0.336925 -0.941531 0
    outer loop
      vertex -35.987 18.2536 6
      vertex -36.3011 18.1412 0
      vertex -35.987 18.2536 0
    endloop
  endfacet
  facet normal -0.803154 -0.595772 0
    outer loop
      vertex -32.173 16.8889 0
      vertex -32.3718 17.1569 6
      vertex -32.3718 17.1569 0
    endloop
  endfacet
  facet normal -0.803154 -0.595772 0
    outer loop
      vertex -32.3718 17.1569 6
      vertex -32.173 16.8889 0
      vertex -32.173 16.8889 6
    endloop
  endfacet
  facet normal 0.857784 -0.514011 0
    outer loop
      vertex -37.9985 16.6027 6
      vertex -37.827 16.8889 0
      vertex -37.827 16.8889 6
    endloop
  endfacet
  facet normal 0.857784 -0.514011 0
    outer loop
      vertex -37.827 16.8889 0
      vertex -37.9985 16.6027 6
      vertex -37.9985 16.6027 0
    endloop
  endfacet
  facet normal -0.998792 0.0491455 0
    outer loop
      vertex -31.6164 14.6667 0
      vertex -31.6 15 6
      vertex -31.6 15 0
    endloop
  endfacet
  facet normal -0.998792 0.0491455 0
    outer loop
      vertex -31.6 15 6
      vertex -31.6164 14.6667 0
      vertex -31.6164 14.6667 6
    endloop
  endfacet
  facet normal -0.903927 0.427687 0
    outer loop
      vertex -32.0015 13.3973 0
      vertex -31.8588 13.6989 6
      vertex -31.8588 13.6989 0
    endloop
  endfacet
  facet normal -0.903927 0.427687 0
    outer loop
      vertex -31.8588 13.6989 6
      vertex -32.0015 13.3973 0
      vertex -32.0015 13.3973 6
    endloop
  endfacet
  facet normal -0.857784 -0.514011 0
    outer loop
      vertex -32.0015 16.6027 0
      vertex -32.173 16.8889 6
      vertex -32.173 16.8889 0
    endloop
  endfacet
  facet normal -0.857784 -0.514011 0
    outer loop
      vertex -32.173 16.8889 6
      vertex -32.0015 16.6027 0
      vertex -32.0015 16.6027 6
    endloop
  endfacet
  facet normal -0.595772 -0.803154 0
    outer loop
      vertex -33.1111 17.827 0
      vertex -32.8431 17.6282 6
      vertex -33.1111 17.827 6
    endloop
  endfacet
  facet normal -0.595772 -0.803154 -0
    outer loop
      vertex -32.8431 17.6282 6
      vertex -33.1111 17.827 0
      vertex -32.8431 17.6282 0
    endloop
  endfacet
  facet normal 0.514011 0.857784 -0
    outer loop
      vertex -36.6027 12.0015 0
      vertex -36.8889 12.173 6
      vertex -36.6027 12.0015 6
    endloop
  endfacet
  facet normal 0.514011 0.857784 0
    outer loop
      vertex -36.8889 12.173 6
      vertex -36.6027 12.0015 0
      vertex -36.8889 12.173 0
    endloop
  endfacet
  facet normal -0.514011 -0.857784 0
    outer loop
      vertex -33.3973 17.9985 0
      vertex -33.1111 17.827 6
      vertex -33.3973 17.9985 6
    endloop
  endfacet
  facet normal -0.514011 -0.857784 -0
    outer loop
      vertex -33.1111 17.827 6
      vertex -33.3973 17.9985 0
      vertex -33.1111 17.827 0
    endloop
  endfacet
  facet normal -0.146581 0.989199 0
    outer loop
      vertex -34.3367 11.6653 0
      vertex -34.6667 11.6164 6
      vertex -34.3367 11.6653 6
    endloop
  endfacet
  facet normal -0.146581 0.989199 0
    outer loop
      vertex -34.6667 11.6164 6
      vertex -34.3367 11.6653 0
      vertex -34.6667 11.6164 0
    endloop
  endfacet
  facet normal -0.941531 -0.336925 0
    outer loop
      vertex -31.7464 15.987 0
      vertex -31.8588 16.3011 6
      vertex -31.8588 16.3011 0
    endloop
  endfacet
  facet normal -0.941531 -0.336925 0
    outer loop
      vertex -31.8588 16.3011 6
      vertex -31.7464 15.987 0
      vertex -31.7464 15.987 6
    endloop
  endfacet
  facet normal -0.857784 0.514011 0
    outer loop
      vertex -32.173 13.1111 0
      vertex -32.0015 13.3973 6
      vertex -32.0015 13.3973 0
    endloop
  endfacet
  facet normal -0.857784 0.514011 0
    outer loop
      vertex -32.0015 13.3973 6
      vertex -32.173 13.1111 0
      vertex -32.173 13.1111 6
    endloop
  endfacet
  facet normal 0.998792 0.0491455 0
    outer loop
      vertex -38.3836 14.6667 6
      vertex -38.4 15 0
      vertex -38.4 15 6
    endloop
  endfacet
  facet normal 0.998792 0.0491455 0
    outer loop
      vertex -38.4 15 0
      vertex -38.3836 14.6667 6
      vertex -38.3836 14.6667 0
    endloop
  endfacet
  facet normal -0.941531 0.336925 0
    outer loop
      vertex -31.8588 13.6989 0
      vertex -31.7464 14.013 6
      vertex -31.7464 14.013 0
    endloop
  endfacet
  facet normal -0.941531 0.336925 0
    outer loop
      vertex -31.7464 14.013 6
      vertex -31.8588 13.6989 0
      vertex -31.8588 13.6989 6
    endloop
  endfacet
  facet normal -0.741159 -0.671329 0
    outer loop
      vertex -32.3718 17.1569 0
      vertex -32.5958 17.4042 6
      vertex -32.5958 17.4042 0
    endloop
  endfacet
  facet normal -0.741159 -0.671329 0
    outer loop
      vertex -32.5958 17.4042 6
      vertex -32.3718 17.1569 0
      vertex -32.3718 17.1569 6
    endloop
  endfacet
  facet normal -0.0491455 -0.998792 0
    outer loop
      vertex -35 18.4 0
      vertex -34.6667 18.3836 6
      vertex -35 18.4 6
    endloop
  endfacet
  facet normal -0.0491455 -0.998792 -0
    outer loop
      vertex -34.6667 18.3836 6
      vertex -35 18.4 0
      vertex -34.6667 18.3836 0
    endloop
  endfacet
  facet normal -0.903927 -0.427687 0
    outer loop
      vertex -31.8588 16.3011 0
      vertex -32.0015 16.6027 6
      vertex -32.0015 16.6027 0
    endloop
  endfacet
  facet normal -0.903927 -0.427687 0
    outer loop
      vertex -32.0015 16.6027 6
      vertex -31.8588 16.3011 0
      vertex -31.8588 16.3011 6
    endloop
  endfacet
  facet normal 0.146581 0.989199 -0
    outer loop
      vertex -35.3333 11.6164 0
      vertex -35.6633 11.6653 6
      vertex -35.3333 11.6164 6
    endloop
  endfacet
  facet normal 0.146581 0.989199 0
    outer loop
      vertex -35.6633 11.6653 6
      vertex -35.3333 11.6164 0
      vertex -35.6633 11.6653 0
    endloop
  endfacet
  facet normal -0.671329 0.741159 0
    outer loop
      vertex -32.5958 12.5958 0
      vertex -32.8431 12.3718 6
      vertex -32.5958 12.5958 6
    endloop
  endfacet
  facet normal -0.671329 0.741159 0
    outer loop
      vertex -32.8431 12.3718 6
      vertex -32.5958 12.5958 0
      vertex -32.8431 12.3718 0
    endloop
  endfacet
  facet normal 0.0491455 0.998792 -0
    outer loop
      vertex -35 11.6 0
      vertex -35.3333 11.6164 6
      vertex -35 11.6 6
    endloop
  endfacet
  facet normal 0.0491455 0.998792 0
    outer loop
      vertex -35.3333 11.6164 6
      vertex -35 11.6 0
      vertex -35.3333 11.6164 0
    endloop
  endfacet
  facet normal 0.741159 -0.671329 0
    outer loop
      vertex -37.6282 17.1569 6
      vertex -37.4042 17.4042 0
      vertex -37.4042 17.4042 6
    endloop
  endfacet
  facet normal 0.741159 -0.671329 0
    outer loop
      vertex -37.4042 17.4042 0
      vertex -37.6282 17.1569 6
      vertex -37.6282 17.1569 0
    endloop
  endfacet
  facet normal -0.671329 -0.741159 0
    outer loop
      vertex -32.8431 17.6282 0
      vertex -32.5958 17.4042 6
      vertex -32.8431 17.6282 6
    endloop
  endfacet
  facet normal -0.671329 -0.741159 -0
    outer loop
      vertex -32.5958 17.4042 6
      vertex -32.8431 17.6282 0
      vertex -32.5958 17.4042 0
    endloop
  endfacet
  facet normal 0.146581 -0.989199 0
    outer loop
      vertex -35.6633 18.3347 0
      vertex -35.3333 18.3836 6
      vertex -35.6633 18.3347 6
    endloop
  endfacet
  facet normal 0.146581 -0.989199 0
    outer loop
      vertex -35.3333 18.3836 6
      vertex -35.6633 18.3347 0
      vertex -35.3333 18.3836 0
    endloop
  endfacet
  facet normal 0.903927 -0.427687 0
    outer loop
      vertex -38.1412 16.3011 6
      vertex -37.9985 16.6027 0
      vertex -37.9985 16.6027 6
    endloop
  endfacet
  facet normal 0.903927 -0.427687 0
    outer loop
      vertex -37.9985 16.6027 0
      vertex -38.1412 16.3011 6
      vertex -38.1412 16.3011 0
    endloop
  endfacet
  facet normal 0.671329 0.741159 -0
    outer loop
      vertex -37.1569 12.3718 0
      vertex -37.4042 12.5958 6
      vertex -37.1569 12.3718 6
    endloop
  endfacet
  facet normal 0.671329 0.741159 0
    outer loop
      vertex -37.4042 12.5958 6
      vertex -37.1569 12.3718 0
      vertex -37.4042 12.5958 0
    endloop
  endfacet
  facet normal 0.970019 -0.243029 0
    outer loop
      vertex -38.3347 15.6633 6
      vertex -38.2536 15.987 0
      vertex -38.2536 15.987 6
    endloop
  endfacet
  facet normal 0.970019 -0.243029 0
    outer loop
      vertex -38.2536 15.987 0
      vertex -38.3347 15.6633 6
      vertex -38.3347 15.6633 0
    endloop
  endfacet
  facet normal -0.243029 -0.970019 0
    outer loop
      vertex -34.3367 18.3347 0
      vertex -34.013 18.2536 6
      vertex -34.3367 18.3347 6
    endloop
  endfacet
  facet normal -0.243029 -0.970019 -0
    outer loop
      vertex -34.013 18.2536 6
      vertex -34.3367 18.3347 0
      vertex -34.013 18.2536 0
    endloop
  endfacet
  facet normal 0.970019 0.243029 0
    outer loop
      vertex -38.2536 14.013 6
      vertex -38.3347 14.3367 0
      vertex -38.3347 14.3367 6
    endloop
  endfacet
  facet normal 0.970019 0.243029 0
    outer loop
      vertex -38.3347 14.3367 0
      vertex -38.2536 14.013 6
      vertex -38.2536 14.013 0
    endloop
  endfacet
  facet normal 0.427687 0.903927 -0
    outer loop
      vertex -36.3011 11.8588 0
      vertex -36.6027 12.0015 6
      vertex -36.3011 11.8588 6
    endloop
  endfacet
  facet normal 0.427687 0.903927 0
    outer loop
      vertex -36.6027 12.0015 6
      vertex -36.3011 11.8588 0
      vertex -36.6027 12.0015 0
    endloop
  endfacet
  facet normal 0.741159 0.671329 0
    outer loop
      vertex -37.4042 12.5958 6
      vertex -37.6282 12.8431 0
      vertex -37.6282 12.8431 6
    endloop
  endfacet
  facet normal 0.741159 0.671329 0
    outer loop
      vertex -37.6282 12.8431 0
      vertex -37.4042 12.5958 6
      vertex -37.4042 12.5958 0
    endloop
  endfacet
  facet normal -0.0491455 0.998792 0
    outer loop
      vertex -34.6667 11.6164 0
      vertex -35 11.6 6
      vertex -34.6667 11.6164 6
    endloop
  endfacet
  facet normal -0.0491455 0.998792 0
    outer loop
      vertex -35 11.6 6
      vertex -34.6667 11.6164 0
      vertex -35 11.6 0
    endloop
  endfacet
  facet normal 0.989199 0.146581 0
    outer loop
      vertex -38.3347 14.3367 6
      vertex -38.3836 14.6667 0
      vertex -38.3836 14.6667 6
    endloop
  endfacet
  facet normal 0.989199 0.146581 0
    outer loop
      vertex -38.3836 14.6667 0
      vertex -38.3347 14.3367 6
      vertex -38.3347 14.3367 0
    endloop
  endfacet
  facet normal -0.595772 0.803154 0
    outer loop
      vertex -32.8431 12.3718 0
      vertex -33.1111 12.173 6
      vertex -32.8431 12.3718 6
    endloop
  endfacet
  facet normal -0.595772 0.803154 0
    outer loop
      vertex -33.1111 12.173 6
      vertex -32.8431 12.3718 0
      vertex -33.1111 12.173 0
    endloop
  endfacet
  facet normal 0.803154 0.595772 0
    outer loop
      vertex -37.6282 12.8431 6
      vertex -37.827 13.1111 0
      vertex -37.827 13.1111 6
    endloop
  endfacet
  facet normal 0.803154 0.595772 0
    outer loop
      vertex -37.827 13.1111 0
      vertex -37.6282 12.8431 6
      vertex -37.6282 12.8431 0
    endloop
  endfacet
  facet normal 0.998792 -0.0491455 0
    outer loop
      vertex -38.4 15 6
      vertex -38.3836 15.3333 0
      vertex -38.3836 15.3333 6
    endloop
  endfacet
  facet normal 0.998792 -0.0491455 0
    outer loop
      vertex -38.3836 15.3333 0
      vertex -38.4 15 6
      vertex -38.4 15 0
    endloop
  endfacet
  facet normal -0.741159 0.671329 0
    outer loop
      vertex -32.5958 12.5958 0
      vertex -32.3718 12.8431 6
      vertex -32.3718 12.8431 0
    endloop
  endfacet
  facet normal -0.741159 0.671329 0
    outer loop
      vertex -32.3718 12.8431 6
      vertex -32.5958 12.5958 0
      vertex -32.5958 12.5958 6
    endloop
  endfacet
  facet normal -0.499996 0.866028 0
    outer loop
      vertex -29.25 11.6802 6
      vertex -35 8.36047 12
      vertex -29.25 11.6802 12
    endloop
  endfacet
  facet normal -0.499996 0.866028 0
    outer loop
      vertex -35 8.36047 12
      vertex -29.25 11.6802 6
      vertex -35 8.36047 6
    endloop
  endfacet
  facet normal -1 0 0
    outer loop
      vertex -29.25 11.6802 6
      vertex -29.25 30 12
      vertex -29.25 30 6
    endloop
  endfacet
  facet normal -1 -0 0
    outer loop
      vertex -29.25 30 12
      vertex -29.25 11.6802 6
      vertex -29.25 11.6802 12
    endloop
  endfacet
  facet normal 1 -0 0
    outer loop
      vertex -40.75 11.6802 12
      vertex -40.75 30 6
      vertex -40.75 30 12
    endloop
  endfacet
  facet normal 1 0 0
    outer loop
      vertex -40.75 30 6
      vertex -40.75 11.6802 12
      vertex -40.75 11.6802 6
    endloop
  endfacet
  facet normal 0.499996 0.866028 -0
    outer loop
      vertex -35 8.36047 6
      vertex -40.75 11.6802 12
      vertex -35 8.36047 12
    endloop
  endfacet
  facet normal 0.499996 0.866028 0
    outer loop
      vertex -40.75 11.6802 12
      vertex -35 8.36047 6
      vertex -40.75 11.6802 6
    endloop
  endfacet
  facet normal 0 0 -1
    outer loop
      vertex -40.75 11.6802 12
      vertex -29.25 11.6802 12
      vertex -35 8.36047 12
    endloop
  endfacet
  facet normal 0 0 -1
    outer loop
      vertex -29.25 11.6802 12
      vertex -40.75 11.6802 12
      vertex -29.25 30 12
    endloop
  endfacet
  facet normal -0 0 -1
    outer loop
      vertex -29.25 30 12
      vertex -40.75 11.6802 12
      vertex -40.75 30 12
    endloop
  endfacet
  facet normal -0 0 1
    outer loop
      vertex -31.7464 15.987 6
      vertex -29.25 11.6802 6
      vertex -29.25 30 6
    endloop
  endfacet
  facet normal 0 0 1
    outer loop
      vertex -29.25 11.6802 6
      vertex -31.6164 15.3333 6
      vertex -31.6 15 6
    endloop
  endfacet
  facet normal 0 0 1
    outer loop
      vertex -29.25 11.6802 6
      vertex -31.6653 15.6633 6
      vertex -31.6164 15.3333 6
    endloop
  endfacet
  facet normal 0 0 1
    outer loop
      vertex -29.25 11.6802 6
      vertex -31.7464 15.987 6
      vertex -31.6653 15.6633 6
    endloop
  endfacet
  facet normal 0 0 1
    outer loop
      vertex -29.25 30 6
      vertex -31.8588 16.3011 6
      vertex -31.7464 15.987 6
    endloop
  endfacet
  facet normal 0 0 1
    outer loop
      vertex -29.25 30 6
      vertex -32.0015 16.6027 6
      vertex -31.8588 16.3011 6
    endloop
  endfacet
  facet normal 0 0 1
    outer loop
      vertex -29.25 30 6
      vertex -32.173 16.8889 6
      vertex -32.0015 16.6027 6
    endloop
  endfacet
  facet normal 0 0 1
    outer loop
      vertex -29.25 30 6
      vertex -32.3718 17.1569 6
      vertex -32.173 16.8889 6
    endloop
  endfacet
  facet normal 0 0 1
    outer loop
      vertex -29.25 30 6
      vertex -32.5958 17.4042 6
      vertex -32.3718 17.1569 6
    endloop
  endfacet
  facet normal 0 0 1
    outer loop
      vertex -29.25 30 6
      vertex -32.8431 17.6282 6
      vertex -32.5958 17.4042 6
    endloop
  endfacet
  facet normal 0 0 1
    outer loop
      vertex -29.25 30 6
      vertex -33.1111 17.827 6
      vertex -32.8431 17.6282 6
    endloop
  endfacet
  facet normal 0 0 1
    outer loop
      vertex -29.25 30 6
      vertex -33.3973 17.9985 6
      vertex -33.1111 17.827 6
    endloop
  endfacet
  facet normal 0 0 1
    outer loop
      vertex -29.25 30 6
      vertex -33.6989 18.1412 6
      vertex -33.3973 17.9985 6
    endloop
  endfacet
  facet normal 0 0 1
    outer loop
      vertex -29.25 30 6
      vertex -34.013 18.2536 6
      vertex -33.6989 18.1412 6
    endloop
  endfacet
  facet normal 0 0 1
    outer loop
      vertex -29.25 30 6
      vertex -34.3367 18.3347 6
      vertex -34.013 18.2536 6
    endloop
  endfacet
  facet normal 0 0 1
    outer loop
      vertex -29.25 30 6
      vertex -34.6667 18.3836 6
      vertex -34.3367 18.3347 6
    endloop
  endfacet
  facet normal 0 0 1
    outer loop
      vertex -29.25 30 6
      vertex -35 18.4 6
      vertex -34.6667 18.3836 6
    endloop
  endfacet
  facet normal -0 0 1
    outer loop
      vertex -40.75 30 6
      vertex -35 18.4 6
      vertex -29.25 30 6
    endloop
  endfacet
  facet normal 0 0 1
    outer loop
      vertex -35 18.4 6
      vertex -40.75 30 6
      vertex -35.3333 18.3836 6
    endloop
  endfacet
  facet normal 0 0 1
    outer loop
      vertex -35.3333 18.3836 6
      vertex -40.75 30 6
      vertex -35.6633 18.3347 6
    endloop
  endfacet
  facet normal 0 0 1
    outer loop
      vertex -35.6633 18.3347 6
      vertex -40.75 30 6
      vertex -35.987 18.2536 6
    endloop
  endfacet
  facet normal 0 0 1
    outer loop
      vertex -35.987 18.2536 6
      vertex -40.75 30 6
      vertex -36.3011 18.1412 6
    endloop
  endfacet
  facet normal 0 0 1
    outer loop
      vertex -36.3011 18.1412 6
      vertex -40.75 30 6
      vertex -36.6027 17.9985 6
    endloop
  endfacet
  facet normal 0 0 1
    outer loop
      vertex -36.6027 17.9985 6
      vertex -40.75 30 6
      vertex -36.8889 17.827 6
    endloop
  endfacet
  facet normal 0 0 1
    outer loop
      vertex -36.8889 17.827 6
      vertex -40.75 30 6
      vertex -37.1569 17.6282 6
    endloop
  endfacet
  facet normal 0 0 1
    outer loop
      vertex -37.1569 17.6282 6
      vertex -40.75 30 6
      vertex -37.4042 17.4042 6
    endloop
  endfacet
  facet normal 0 0 1
    outer loop
      vertex -37.4042 17.4042 6
      vertex -40.75 30 6
      vertex -37.6282 17.1569 6
    endloop
  endfacet
  facet normal 0 0 1
    outer loop
      vertex -38.3347 15.6633 6
      vertex -40.75 11.6802 6
      vertex -38.3836 15.3333 6
    endloop
  endfacet
  facet normal 0 0 1
    outer loop
      vertex -38.2536 15.987 6
      vertex -40.75 11.6802 6
      vertex -38.3347 15.6633 6
    endloop
  endfacet
  facet normal 0 0 1
    outer loop
      vertex -40.75 11.6802 6
      vertex -38.2536 15.987 6
      vertex -40.75 30 6
    endloop
  endfacet
  facet normal 0 0 1
    outer loop
      vertex -38.1412 16.3011 6
      vertex -40.75 30 6
      vertex -38.2536 15.987 6
    endloop
  endfacet
  facet normal 0 0 1
    outer loop
      vertex -37.9985 16.6027 6
      vertex -40.75 30 6
      vertex -38.1412 16.3011 6
    endloop
  endfacet
  facet normal 0 0 1
    outer loop
      vertex -37.827 16.8889 6
      vertex -40.75 30 6
      vertex -37.9985 16.6027 6
    endloop
  endfacet
  facet normal 0 0 1
    outer loop
      vertex -37.6282 17.1569 6
      vertex -40.75 30 6
      vertex -37.827 16.8889 6
    endloop
  endfacet
  facet normal -0 0 1
    outer loop
      vertex -31.6164 14.6667 6
      vertex -29.25 11.6802 6
      vertex -31.6 15 6
    endloop
  endfacet
  facet normal -0 0 1
    outer loop
      vertex -31.6653 14.3367 6
      vertex -29.25 11.6802 6
      vertex -31.6164 14.6667 6
    endloop
  endfacet
  facet normal -0 0 1
    outer loop
      vertex -31.7464 14.013 6
      vertex -29.25 11.6802 6
      vertex -31.6653 14.3367 6
    endloop
  endfacet
  facet normal -0 0 1
    outer loop
      vertex -31.8588 13.6989 6
      vertex -29.25 11.6802 6
      vertex -31.7464 14.013 6
    endloop
  endfacet
  facet normal -0 0 1
    outer loop
      vertex -32.0015 13.3973 6
      vertex -29.25 11.6802 6
      vertex -31.8588 13.6989 6
    endloop
  endfacet
  facet normal -0 0 1
    outer loop
      vertex -32.173 13.1111 6
      vertex -29.25 11.6802 6
      vertex -32.0015 13.3973 6
    endloop
  endfacet
  facet normal -0 0 1
    outer loop
      vertex -32.3718 12.8431 6
      vertex -29.25 11.6802 6
      vertex -32.173 13.1111 6
    endloop
  endfacet
  facet normal -0 0 1
    outer loop
      vertex -32.5958 12.5958 6
      vertex -29.25 11.6802 6
      vertex -32.3718 12.8431 6
    endloop
  endfacet
  facet normal -0 0 1
    outer loop
      vertex -32.8431 12.3718 6
      vertex -29.25 11.6802 6
      vertex -32.5958 12.5958 6
    endloop
  endfacet
  facet normal -0 0 1
    outer loop
      vertex -33.1111 12.173 6
      vertex -29.25 11.6802 6
      vertex -32.8431 12.3718 6
    endloop
  endfacet
  facet normal -0 0 1
    outer loop
      vertex -33.3973 12.0015 6
      vertex -29.25 11.6802 6
      vertex -33.1111 12.173 6
    endloop
  endfacet
  facet normal 0 0 1
    outer loop
      vertex -35 8.36047 6
      vertex -33.3973 12.0015 6
      vertex -33.6989 11.8588 6
    endloop
  endfacet
  facet normal 0 0 1
    outer loop
      vertex -35 8.36047 6
      vertex -33.6989 11.8588 6
      vertex -34.013 11.7464 6
    endloop
  endfacet
  facet normal 0 0 1
    outer loop
      vertex -35 8.36047 6
      vertex -34.013 11.7464 6
      vertex -34.3367 11.6653 6
    endloop
  endfacet
  facet normal 0 0 1
    outer loop
      vertex -35 8.36047 6
      vertex -34.3367 11.6653 6
      vertex -34.6667 11.6164 6
    endloop
  endfacet
  facet normal 0 0 1
    outer loop
      vertex -35 8.36047 6
      vertex -34.6667 11.6164 6
      vertex -35 11.6 6
    endloop
  endfacet
  facet normal 0 0 1
    outer loop
      vertex -33.3973 12.0015 6
      vertex -35 8.36047 6
      vertex -29.25 11.6802 6
    endloop
  endfacet
  facet normal 0 0 1
    outer loop
      vertex -35.3333 11.6164 6
      vertex -35 8.36047 6
      vertex -35 11.6 6
    endloop
  endfacet
  facet normal 0 0 1
    outer loop
      vertex -35.6633 11.6653 6
      vertex -35 8.36047 6
      vertex -35.3333 11.6164 6
    endloop
  endfacet
  facet normal 0 0 1
    outer loop
      vertex -35.987 11.7464 6
      vertex -35 8.36047 6
      vertex -35.6633 11.6653 6
    endloop
  endfacet
  facet normal 0 0 1
    outer loop
      vertex -36.3011 11.8588 6
      vertex -35 8.36047 6
      vertex -35.987 11.7464 6
    endloop
  endfacet
  facet normal 0 0 1
    outer loop
      vertex -36.6027 12.0015 6
      vertex -35 8.36047 6
      vertex -36.3011 11.8588 6
    endloop
  endfacet
  facet normal 0 0 1
    outer loop
      vertex -40.75 11.6802 6
      vertex -36.6027 12.0015 6
      vertex -36.8889 12.173 6
    endloop
  endfacet
  facet normal 0 0 1
    outer loop
      vertex -40.75 11.6802 6
      vertex -36.8889 12.173 6
      vertex -37.1569 12.3718 6
    endloop
  endfacet
  facet normal 0 0 1
    outer loop
      vertex -40.75 11.6802 6
      vertex -37.1569 12.3718 6
      vertex -37.4042 12.5958 6
    endloop
  endfacet
  facet normal 0 0 1
    outer loop
      vertex -40.75 11.6802 6
      vertex -37.4042 12.5958 6
      vertex -37.6282 12.8431 6
    endloop
  endfacet
  facet normal 0 0 1
    outer loop
      vertex -40.75 11.6802 6
      vertex -37.6282 12.8431 6
      vertex -37.827 13.1111 6
    endloop
  endfacet
  facet normal 0 0 1
    outer loop
      vertex -40.75 11.6802 6
      vertex -37.827 13.1111 6
      vertex -37.9985 13.3973 6
    endloop
  endfacet
  facet normal 0 0 1
    outer loop
      vertex -38.3836 15.3333 6
      vertex -40.75 11.6802 6
      vertex -38.4 15 6
    endloop
  endfacet
  facet normal 0 0 1
    outer loop
      vertex -38.4 15 6
      vertex -40.75 11.6802 6
      vertex -38.3836 14.6667 6
    endloop
  endfacet
  facet normal 0 0 1
    outer loop
      vertex -36.6027 12.0015 6
      vertex -40.75 11.6802 6
      vertex -35 8.36047 6
    endloop
  endfacet
  facet normal 0 0 1
    outer loop
      vertex -38.1412 13.6989 6
      vertex -40.75 11.6802 6
      vertex -37.9985 13.3973 6
    endloop
  endfacet
  facet normal 0 0 1
    outer loop
      vertex -38.2536 14.013 6
      vertex -40.75 11.6802 6
      vertex -38.1412 13.6989 6
    endloop
  endfacet
  facet normal 0 0 1
    outer loop
      vertex -38.3347 14.3367 6
      vertex -40.75 11.6802 6
      vertex -38.2536 14.013 6
    endloop
  endfacet
  facet normal 0 0 1
    outer loop
      vertex -38.3836 14.6667 6
      vertex -40.75 11.6802 6
      vertex -38.3347 14.3367 6
    endloop
  endfacet
  facet normal 0.336925 0.941531 -0
    outer loop
      vertex 34.013 11.7464 0
      vertex 33.6989 11.8588 6
      vertex 34.013 11.7464 6
    endloop
  endfacet
  facet normal 0.336925 0.941531 0
    outer loop
      vertex 33.6989 11.8588 6
      vertex 34.013 11.7464 0
      vertex 33.6989 11.8588 0
    endloop
  endfacet
  facet normal -0.989199 -0.146581 0
    outer loop
      vertex 38.3836 15.3333 0
      vertex 38.3347 15.6633 6
      vertex 38.3347 15.6633 0
    endloop
  endfacet
  facet normal -0.989199 -0.146581 0
    outer loop
      vertex 38.3347 15.6633 6
      vertex 38.3836 15.3333 0
      vertex 38.3836 15.3333 6
    endloop
  endfacet
  facet normal -0.998792 -0.0491455 0
    outer loop
      vertex 38.4 15 0
      vertex 38.3836 15.3333 6
      vertex 38.3836 15.3333 0
    endloop
  endfacet
  facet normal -0.998792 -0.0491455 0
    outer loop
      vertex 38.3836 15.3333 6
      vertex 38.4 15 0
      vertex 38.4 15 6
    endloop
  endfacet
  facet normal -0.970019 -0.243029 0
    outer loop
      vertex 38.3347 15.6633 0
      vertex 38.2536 15.987 6
      vertex 38.2536 15.987 0
    endloop
  endfacet
  facet normal -0.970019 -0.243029 0
    outer loop
      vertex 38.2536 15.987 6
      vertex 38.3347 15.6633 0
      vertex 38.3347 15.6633 6
    endloop
  endfacet
  facet normal 0.989199 -0.146581 0
    outer loop
      vertex 31.6164 15.3333 6
      vertex 31.6653 15.6633 0
      vertex 31.6653 15.6633 6
    endloop
  endfacet
  facet normal 0.989199 -0.146581 0
    outer loop
      vertex 31.6653 15.6633 0
      vertex 31.6164 15.3333 6
      vertex 31.6164 15.3333 0
    endloop
  endfacet
  facet normal 0.243029 0.970019 -0
    outer loop
      vertex 34.3367 11.6653 0
      vertex 34.013 11.7464 6
      vertex 34.3367 11.6653 6
    endloop
  endfacet
  facet normal 0.243029 0.970019 0
    outer loop
      vertex 34.013 11.7464 6
      vertex 34.3367 11.6653 0
      vertex 34.013 11.7464 0
    endloop
  endfacet
  facet normal -0.336925 -0.941531 0
    outer loop
      vertex 35.987 18.2536 0
      vertex 36.3011 18.1412 6
      vertex 35.987 18.2536 6
    endloop
  endfacet
  facet normal -0.336925 -0.941531 -0
    outer loop
      vertex 36.3011 18.1412 6
      vertex 35.987 18.2536 0
      vertex 36.3011 18.1412 0
    endloop
  endfacet
  facet normal 0.514011 -0.857784 0
    outer loop
      vertex 33.1111 17.827 0
      vertex 33.3973 17.9985 6
      vertex 33.1111 17.827 6
    endloop
  endfacet
  facet normal 0.514011 -0.857784 0
    outer loop
      vertex 33.3973 17.9985 6
      vertex 33.1111 17.827 0
      vertex 33.3973 17.9985 0
    endloop
  endfacet
  facet normal 0.903927 0.427687 0
    outer loop
      vertex 32.0015 13.3973 6
      vertex 31.8588 13.6989 0
      vertex 31.8588 13.6989 6
    endloop
  endfacet
  facet normal 0.903927 0.427687 0
    outer loop
      vertex 31.8588 13.6989 0
      vertex 32.0015 13.3973 6
      vertex 32.0015 13.3973 0
    endloop
  endfacet
  facet normal 0.243029 -0.970019 0
    outer loop
      vertex 34.013 18.2536 0
      vertex 34.3367 18.3347 6
      vertex 34.013 18.2536 6
    endloop
  endfacet
  facet normal 0.243029 -0.970019 0
    outer loop
      vertex 34.3367 18.3347 6
      vertex 34.013 18.2536 0
      vertex 34.3367 18.3347 0
    endloop
  endfacet
  facet normal 0.857784 0.514011 0
    outer loop
      vertex 32.173 13.1111 6
      vertex 32.0015 13.3973 0
      vertex 32.0015 13.3973 6
    endloop
  endfacet
  facet normal 0.857784 0.514011 0
    outer loop
      vertex 32.0015 13.3973 0
      vertex 32.173 13.1111 6
      vertex 32.173 13.1111 0
    endloop
  endfacet
  facet normal -0.243029 0.970019 0
    outer loop
      vertex 35.987 11.7464 0
      vertex 35.6633 11.6653 6
      vertex 35.987 11.7464 6
    endloop
  endfacet
  facet normal -0.243029 0.970019 0
    outer loop
      vertex 35.6633 11.6653 6
      vertex 35.987 11.7464 0
      vertex 35.6633 11.6653 0
    endloop
  endfacet
  facet normal 0.595772 0.803154 -0
    outer loop
      vertex 33.1111 12.173 0
      vertex 32.8431 12.3718 6
      vertex 33.1111 12.173 6
    endloop
  endfacet
  facet normal 0.595772 0.803154 0
    outer loop
      vertex 32.8431 12.3718 6
      vertex 33.1111 12.173 0
      vertex 32.8431 12.3718 0
    endloop
  endfacet
  facet normal -0.514011 0.857784 0
    outer loop
      vertex 36.8889 12.173 0
      vertex 36.6027 12.0015 6
      vertex 36.8889 12.173 6
    endloop
  endfacet
  facet normal -0.514011 0.857784 0
    outer loop
      vertex 36.6027 12.0015 6
      vertex 36.8889 12.173 0
      vertex 36.6027 12.0015 0
    endloop
  endfacet
  facet normal -0.803154 0.595772 0
    outer loop
      vertex 37.6282 12.8431 0
      vertex 37.827 13.1111 6
      vertex 37.827 13.1111 0
    endloop
  endfacet
  facet normal -0.803154 0.595772 0
    outer loop
      vertex 37.827 13.1111 6
      vertex 37.6282 12.8431 0
      vertex 37.6282 12.8431 6
    endloop
  endfacet
  facet normal -0.146581 -0.989199 0
    outer loop
      vertex 35.3333 18.3836 0
      vertex 35.6633 18.3347 6
      vertex 35.3333 18.3836 6
    endloop
  endfacet
  facet normal -0.146581 -0.989199 -0
    outer loop
      vertex 35.6633 18.3347 6
      vertex 35.3333 18.3836 0
      vertex 35.6633 18.3347 0
    endloop
  endfacet
  facet normal 0.595772 -0.803154 0
    outer loop
      vertex 32.8431 17.6282 0
      vertex 33.1111 17.827 6
      vertex 32.8431 17.6282 6
    endloop
  endfacet
  facet normal 0.595772 -0.803154 0
    outer loop
      vertex 33.1111 17.827 6
      vertex 32.8431 17.6282 0
      vertex 33.1111 17.827 0
    endloop
  endfacet
  facet normal -0.427687 0.903927 0
    outer loop
      vertex 36.6027 12.0015 0
      vertex 36.3011 11.8588 6
      vertex 36.6027 12.0015 6
    endloop
  endfacet
  facet normal -0.427687 0.903927 0
    outer loop
      vertex 36.3011 11.8588 6
      vertex 36.6027 12.0015 0
      vertex 36.3011 11.8588 0
    endloop
  endfacet
  facet normal 0.803154 -0.595772 0
    outer loop
      vertex 32.173 16.8889 6
      vertex 32.3718 17.1569 0
      vertex 32.3718 17.1569 6
    endloop
  endfacet
  facet normal 0.803154 -0.595772 0
    outer loop
      vertex 32.3718 17.1569 0
      vertex 32.173 16.8889 6
      vertex 32.173 16.8889 0
    endloop
  endfacet
  facet normal -0.989199 0.146581 0
    outer loop
      vertex 38.3347 14.3367 0
      vertex 38.3836 14.6667 6
      vertex 38.3836 14.6667 0
    endloop
  endfacet
  facet normal -0.989199 0.146581 0
    outer loop
      vertex 38.3836 14.6667 6
      vertex 38.3347 14.3367 0
      vertex 38.3347 14.3367 6
    endloop
  endfacet
  facet normal 0.941531 -0.336925 0
    outer loop
      vertex 31.7464 15.987 6
      vertex 31.8588 16.3011 0
      vertex 31.8588 16.3011 6
    endloop
  endfacet
  facet normal 0.941531 -0.336925 0
    outer loop
      vertex 31.8588 16.3011 0
      vertex 31.7464 15.987 6
      vertex 31.7464 15.987 0
    endloop
  endfacet
  facet normal -0.427687 -0.903927 0
    outer loop
      vertex 36.3011 18.1412 0
      vertex 36.6027 17.9985 6
      vertex 36.3011 18.1412 6
    endloop
  endfacet
  facet normal -0.427687 -0.903927 -0
    outer loop
      vertex 36.6027 17.9985 6
      vertex 36.3011 18.1412 0
      vertex 36.6027 17.9985 0
    endloop
  endfacet
  facet normal 0.941531 0.336925 0
    outer loop
      vertex 31.8588 13.6989 6
      vertex 31.7464 14.013 0
      vertex 31.7464 14.013 6
    endloop
  endfacet
  facet normal 0.941531 0.336925 0
    outer loop
      vertex 31.7464 14.013 0
      vertex 31.8588 13.6989 6
      vertex 31.8588 13.6989 0
    endloop
  endfacet
  facet normal -0.970019 0.243029 0
    outer loop
      vertex 38.2536 14.013 0
      vertex 38.3347 14.3367 6
      vertex 38.3347 14.3367 0
    endloop
  endfacet
  facet normal -0.970019 0.243029 0
    outer loop
      vertex 38.3347 14.3367 6
      vertex 38.2536 14.013 0
      vertex 38.2536 14.013 6
    endloop
  endfacet
  facet normal 0.0491455 -0.998792 0
    outer loop
      vertex 34.6667 18.3836 0
      vertex 35 18.4 6
      vertex 34.6667 18.3836 6
    endloop
  endfacet
  facet normal 0.0491455 -0.998792 0
    outer loop
      vertex 35 18.4 6
      vertex 34.6667 18.3836 0
      vertex 35 18.4 0
    endloop
  endfacet
  facet normal -0.671329 -0.741159 0
    outer loop
      vertex 37.1569 17.6282 0
      vertex 37.4042 17.4042 6
      vertex 37.1569 17.6282 6
    endloop
  endfacet
  facet normal -0.671329 -0.741159 -0
    outer loop
      vertex 37.4042 17.4042 6
      vertex 37.1569 17.6282 0
      vertex 37.4042 17.4042 0
    endloop
  endfacet
  facet normal 0.427687 -0.903927 0
    outer loop
      vertex 33.3973 17.9985 0
      vertex 33.6989 18.1412 6
      vertex 33.3973 17.9985 6
    endloop
  endfacet
  facet normal 0.427687 -0.903927 0
    outer loop
      vertex 33.6989 18.1412 6
      vertex 33.3973 17.9985 0
      vertex 33.6989 18.1412 0
    endloop
  endfacet
  facet normal 0.671329 -0.741159 0
    outer loop
      vertex 32.5958 17.4042 0
      vertex 32.8431 17.6282 6
      vertex 32.5958 17.4042 6
    endloop
  endfacet
  facet normal 0.671329 -0.741159 0
    outer loop
      vertex 32.8431 17.6282 6
      vertex 32.5958 17.4042 0
      vertex 32.8431 17.6282 0
    endloop
  endfacet
  facet normal -0.336925 0.941531 0
    outer loop
      vertex 36.3011 11.8588 0
      vertex 35.987 11.7464 6
      vertex 36.3011 11.8588 6
    endloop
  endfacet
  facet normal -0.336925 0.941531 0
    outer loop
      vertex 35.987 11.7464 6
      vertex 36.3011 11.8588 0
      vertex 35.987 11.7464 0
    endloop
  endfacet
  facet normal 0.336925 -0.941531 0
    outer loop
      vertex 33.6989 18.1412 0
      vertex 34.013 18.2536 6
      vertex 33.6989 18.1412 6
    endloop
  endfacet
  facet normal 0.336925 -0.941531 0
    outer loop
      vertex 34.013 18.2536 6
      vertex 33.6989 18.1412 0
      vertex 34.013 18.2536 0
    endloop
  endfacet
  facet normal -0.803154 -0.595772 0
    outer loop
      vertex 37.827 16.8889 0
      vertex 37.6282 17.1569 6
      vertex 37.6282 17.1569 0
    endloop
  endfacet
  facet normal -0.803154 -0.595772 0
    outer loop
      vertex 37.6282 17.1569 6
      vertex 37.827 16.8889 0
      vertex 37.827 16.8889 6
    endloop
  endfacet
  facet normal 0.857784 -0.514011 0
    outer loop
      vertex 32.0015 16.6027 6
      vertex 32.173 16.8889 0
      vertex 32.173 16.8889 6
    endloop
  endfacet
  facet normal 0.857784 -0.514011 0
    outer loop
      vertex 32.173 16.8889 0
      vertex 32.0015 16.6027 6
      vertex 32.0015 16.6027 0
    endloop
  endfacet
  facet normal -0.998792 0.0491455 0
    outer loop
      vertex 38.3836 14.6667 0
      vertex 38.4 15 6
      vertex 38.4 15 0
    endloop
  endfacet
  facet normal -0.998792 0.0491455 0
    outer loop
      vertex 38.4 15 6
      vertex 38.3836 14.6667 0
      vertex 38.3836 14.6667 6
    endloop
  endfacet
  facet normal -0.903927 0.427687 0
    outer loop
      vertex 37.9985 13.3973 0
      vertex 38.1412 13.6989 6
      vertex 38.1412 13.6989 0
    endloop
  endfacet
  facet normal -0.903927 0.427687 0
    outer loop
      vertex 38.1412 13.6989 6
      vertex 37.9985 13.3973 0
      vertex 37.9985 13.3973 6
    endloop
  endfacet
  facet normal -0.857784 -0.514011 0
    outer loop
      vertex 37.9985 16.6027 0
      vertex 37.827 16.8889 6
      vertex 37.827 16.8889 0
    endloop
  endfacet
  facet normal -0.857784 -0.514011 0
    outer loop
      vertex 37.827 16.8889 6
      vertex 37.9985 16.6027 0
      vertex 37.9985 16.6027 6
    endloop
  endfacet
  facet normal 0.671329 0.741159 -0
    outer loop
      vertex 32.8431 12.3718 0
      vertex 32.5958 12.5958 6
      vertex 32.8431 12.3718 6
    endloop
  endfacet
  facet normal 0.671329 0.741159 0
    outer loop
      vertex 32.5958 12.5958 6
      vertex 32.8431 12.3718 0
      vertex 32.5958 12.5958 0
    endloop
  endfacet
  facet normal -0.595772 -0.803154 0
    outer loop
      vertex 36.8889 17.827 0
      vertex 37.1569 17.6282 6
      vertex 36.8889 17.827 6
    endloop
  endfacet
  facet normal -0.595772 -0.803154 -0
    outer loop
      vertex 37.1569 17.6282 6
      vertex 36.8889 17.827 0
      vertex 37.1569 17.6282 0
    endloop
  endfacet
  facet normal 0.514011 0.857784 -0
    outer loop
      vertex 33.3973 12.0015 0
      vertex 33.1111 12.173 6
      vertex 33.3973 12.0015 6
    endloop
  endfacet
  facet normal 0.514011 0.857784 0
    outer loop
      vertex 33.1111 12.173 6
      vertex 33.3973 12.0015 0
      vertex 33.1111 12.173 0
    endloop
  endfacet
  facet normal -0.514011 -0.857784 0
    outer loop
      vertex 36.6027 17.9985 0
      vertex 36.8889 17.827 6
      vertex 36.6027 17.9985 6
    endloop
  endfacet
  facet normal -0.514011 -0.857784 -0
    outer loop
      vertex 36.8889 17.827 6
      vertex 36.6027 17.9985 0
      vertex 36.8889 17.827 0
    endloop
  endfacet
  facet normal -0.146581 0.989199 0
    outer loop
      vertex 35.6633 11.6653 0
      vertex 35.3333 11.6164 6
      vertex 35.6633 11.6653 6
    endloop
  endfacet
  facet normal -0.146581 0.989199 0
    outer loop
      vertex 35.3333 11.6164 6
      vertex 35.6633 11.6653 0
      vertex 35.3333 11.6164 0
    endloop
  endfacet
  facet normal -0.941531 -0.336925 0
    outer loop
      vertex 38.2536 15.987 0
      vertex 38.1412 16.3011 6
      vertex 38.1412 16.3011 0
    endloop
  endfacet
  facet normal -0.941531 -0.336925 0
    outer loop
      vertex 38.1412 16.3011 6
      vertex 38.2536 15.987 0
      vertex 38.2536 15.987 6
    endloop
  endfacet
  facet normal -0.857784 0.514011 0
    outer loop
      vertex 37.827 13.1111 0
      vertex 37.9985 13.3973 6
      vertex 37.9985 13.3973 0
    endloop
  endfacet
  facet normal -0.857784 0.514011 0
    outer loop
      vertex 37.9985 13.3973 6
      vertex 37.827 13.1111 0
      vertex 37.827 13.1111 6
    endloop
  endfacet
  facet normal 0.998792 0.0491455 0
    outer loop
      vertex 31.6164 14.6667 6
      vertex 31.6 15 0
      vertex 31.6 15 6
    endloop
  endfacet
  facet normal 0.998792 0.0491455 0
    outer loop
      vertex 31.6 15 0
      vertex 31.6164 14.6667 6
      vertex 31.6164 14.6667 0
    endloop
  endfacet
  facet normal -0.941531 0.336925 0
    outer loop
      vertex 38.1412 13.6989 0
      vertex 38.2536 14.013 6
      vertex 38.2536 14.013 0
    endloop
  endfacet
  facet normal -0.941531 0.336925 0
    outer loop
      vertex 38.2536 14.013 6
      vertex 38.1412 13.6989 0
      vertex 38.1412 13.6989 6
    endloop
  endfacet
  facet normal 0.146581 -0.989199 0
    outer loop
      vertex 34.3367 18.3347 0
      vertex 34.6667 18.3836 6
      vertex 34.3367 18.3347 6
    endloop
  endfacet
  facet normal 0.146581 -0.989199 0
    outer loop
      vertex 34.6667 18.3836 6
      vertex 34.3367 18.3347 0
      vertex 34.6667 18.3836 0
    endloop
  endfacet
  facet normal -0.741159 -0.671329 0
    outer loop
      vertex 37.6282 17.1569 0
      vertex 37.4042 17.4042 6
      vertex 37.4042 17.4042 0
    endloop
  endfacet
  facet normal -0.741159 -0.671329 0
    outer loop
      vertex 37.4042 17.4042 6
      vertex 37.6282 17.1569 0
      vertex 37.6282 17.1569 6
    endloop
  endfacet
  facet normal -0.0491455 -0.998792 0
    outer loop
      vertex 35 18.4 0
      vertex 35.3333 18.3836 6
      vertex 35 18.4 6
    endloop
  endfacet
  facet normal -0.0491455 -0.998792 -0
    outer loop
      vertex 35.3333 18.3836 6
      vertex 35 18.4 0
      vertex 35.3333 18.3836 0
    endloop
  endfacet
  facet normal -0.903927 -0.427687 0
    outer loop
      vertex 38.1412 16.3011 0
      vertex 37.9985 16.6027 6
      vertex 37.9985 16.6027 0
    endloop
  endfacet
  facet normal -0.903927 -0.427687 0
    outer loop
      vertex 37.9985 16.6027 6
      vertex 38.1412 16.3011 0
      vertex 38.1412 16.3011 6
    endloop
  endfacet
  facet normal 0.146581 0.989199 -0
    outer loop
      vertex 34.6667 11.6164 0
      vertex 34.3367 11.6653 6
      vertex 34.6667 11.6164 6
    endloop
  endfacet
  facet normal 0.146581 0.989199 0
    outer loop
      vertex 34.3367 11.6653 6
      vertex 34.6667 11.6164 0
      vertex 34.3367 11.6653 0
    endloop
  endfacet
  facet normal -0.671329 0.741159 0
    outer loop
      vertex 37.4042 12.5958 0
      vertex 37.1569 12.3718 6
      vertex 37.4042 12.5958 6
    endloop
  endfacet
  facet normal -0.671329 0.741159 0
    outer loop
      vertex 37.1569 12.3718 6
      vertex 37.4042 12.5958 0
      vertex 37.1569 12.3718 0
    endloop
  endfacet
  facet normal 0.0491455 0.998792 -0
    outer loop
      vertex 35 11.6 0
      vertex 34.6667 11.6164 6
      vertex 35 11.6 6
    endloop
  endfacet
  facet normal 0.0491455 0.998792 0
    outer loop
      vertex 34.6667 11.6164 6
      vertex 35 11.6 0
      vertex 34.6667 11.6164 0
    endloop
  endfacet
  facet normal 0.741159 -0.671329 0
    outer loop
      vertex 32.3718 17.1569 6
      vertex 32.5958 17.4042 0
      vertex 32.5958 17.4042 6
    endloop
  endfacet
  facet normal 0.741159 -0.671329 0
    outer loop
      vertex 32.5958 17.4042 0
      vertex 32.3718 17.1569 6
      vertex 32.3718 17.1569 0
    endloop
  endfacet
  facet normal 0.903927 -0.427687 0
    outer loop
      vertex 31.8588 16.3011 6
      vertex 32.0015 16.6027 0
      vertex 32.0015 16.6027 6
    endloop
  endfacet
  facet normal 0.903927 -0.427687 0
    outer loop
      vertex 32.0015 16.6027 0
      vertex 31.8588 16.3011 6
      vertex 31.8588 16.3011 0
    endloop
  endfacet
  facet normal 0.970019 -0.243029 0
    outer loop
      vertex 31.6653 15.6633 6
      vertex 31.7464 15.987 0
      vertex 31.7464 15.987 6
    endloop
  endfacet
  facet normal 0.970019 -0.243029 0
    outer loop
      vertex 31.7464 15.987 0
      vertex 31.6653 15.6633 6
      vertex 31.6653 15.6633 0
    endloop
  endfacet
  facet normal -0.243029 -0.970019 0
    outer loop
      vertex 35.6633 18.3347 0
      vertex 35.987 18.2536 6
      vertex 35.6633 18.3347 6
    endloop
  endfacet
  facet normal -0.243029 -0.970019 -0
    outer loop
      vertex 35.987 18.2536 6
      vertex 35.6633 18.3347 0
      vertex 35.987 18.2536 0
    endloop
  endfacet
  facet normal 0.970019 0.243029 0
    outer loop
      vertex 31.7464 14.013 6
      vertex 31.6653 14.3367 0
      vertex 31.6653 14.3367 6
    endloop
  endfacet
  facet normal 0.970019 0.243029 0
    outer loop
      vertex 31.6653 14.3367 0
      vertex 31.7464 14.013 6
      vertex 31.7464 14.013 0
    endloop
  endfacet
  facet normal 0.427687 0.903927 -0
    outer loop
      vertex 33.6989 11.8588 0
      vertex 33.3973 12.0015 6
      vertex 33.6989 11.8588 6
    endloop
  endfacet
  facet normal 0.427687 0.903927 0
    outer loop
      vertex 33.3973 12.0015 6
      vertex 33.6989 11.8588 0
      vertex 33.3973 12.0015 0
    endloop
  endfacet
  facet normal 0.741159 0.671329 0
    outer loop
      vertex 32.5958 12.5958 6
      vertex 32.3718 12.8431 0
      vertex 32.3718 12.8431 6
    endloop
  endfacet
  facet normal 0.741159 0.671329 0
    outer loop
      vertex 32.3718 12.8431 0
      vertex 32.5958 12.5958 6
      vertex 32.5958 12.5958 0
    endloop
  endfacet
  facet normal -0.0491455 0.998792 0
    outer loop
      vertex 35.3333 11.6164 0
      vertex 35 11.6 6
      vertex 35.3333 11.6164 6
    endloop
  endfacet
  facet normal -0.0491455 0.998792 0
    outer loop
      vertex 35 11.6 6
      vertex 35.3333 11.6164 0
      vertex 35 11.6 0
    endloop
  endfacet
  facet normal 0.989199 0.146581 0
    outer loop
      vertex 31.6653 14.3367 6
      vertex 31.6164 14.6667 0
      vertex 31.6164 14.6667 6
    endloop
  endfacet
  facet normal 0.989199 0.146581 0
    outer loop
      vertex 31.6164 14.6667 0
      vertex 31.6653 14.3367 6
      vertex 31.6653 14.3367 0
    endloop
  endfacet
  facet normal -0.595772 0.803154 0
    outer loop
      vertex 37.1569 12.3718 0
      vertex 36.8889 12.173 6
      vertex 37.1569 12.3718 6
    endloop
  endfacet
  facet normal -0.595772 0.803154 0
    outer loop
      vertex 36.8889 12.173 6
      vertex 37.1569 12.3718 0
      vertex 36.8889 12.173 0
    endloop
  endfacet
  facet normal 0.803154 0.595772 0
    outer loop
      vertex 32.3718 12.8431 6
      vertex 32.173 13.1111 0
      vertex 32.173 13.1111 6
    endloop
  endfacet
  facet normal 0.803154 0.595772 0
    outer loop
      vertex 32.173 13.1111 0
      vertex 32.3718 12.8431 6
      vertex 32.3718 12.8431 0
    endloop
  endfacet
  facet normal 0.998792 -0.0491455 0
    outer loop
      vertex 31.6 15 6
      vertex 31.6164 15.3333 0
      vertex 31.6164 15.3333 6
    endloop
  endfacet
  facet normal 0.998792 -0.0491455 0
    outer loop
      vertex 31.6164 15.3333 0
      vertex 31.6 15 6
      vertex 31.6 15 0
    endloop
  endfacet
  facet normal -0.741159 0.671329 0
    outer loop
      vertex 37.4042 12.5958 0
      vertex 37.6282 12.8431 6
      vertex 37.6282 12.8431 0
    endloop
  endfacet
  facet normal -0.741159 0.671329 0
    outer loop
      vertex 37.6282 12.8431 6
      vertex 37.4042 12.5958 0
      vertex 37.4042 12.5958 6
    endloop
  endfacet
  facet normal -0.499996 0.866028 0
    outer loop
      vertex 40.75 11.6802 6
      vertex 35 8.36047 12
      vertex 40.75 11.6802 12
    endloop
  endfacet
  facet normal -0.499996 0.866028 0
    outer loop
      vertex 35 8.36047 12
      vertex 40.75 11.6802 6
      vertex 35 8.36047 6
    endloop
  endfacet
  facet normal -1 0 0
    outer loop
      vertex 40.75 11.6802 6
      vertex 40.75 30 12
      vertex 40.75 30 6
    endloop
  endfacet
  facet normal -1 -0 0
    outer loop
      vertex 40.75 30 12
      vertex 40.75 11.6802 6
      vertex 40.75 11.6802 12
    endloop
  endfacet
  facet normal 1 -0 0
    outer loop
      vertex 29.25 11.6802 12
      vertex 29.25 30 6
      vertex 29.25 30 12
    endloop
  endfacet
  facet normal 1 0 0
    outer loop
      vertex 29.25 30 6
      vertex 29.25 11.6802 12
      vertex 29.25 11.6802 6
    endloop
  endfacet
  facet normal 0.499996 0.866028 -0
    outer loop
      vertex 35 8.36047 6
      vertex 29.25 11.6802 12
      vertex 35 8.36047 12
    endloop
  endfacet
  facet normal 0.499996 0.866028 0
    outer loop
      vertex 29.25 11.6802 12
      vertex 35 8.36047 6
      vertex 29.25 11.6802 6
    endloop
  endfacet
  facet normal 0 0 -1
    outer loop
      vertex 29.25 11.6802 12
      vertex 40.75 11.6802 12
      vertex 35 8.36047 12
    endloop
  endfacet
  facet normal 0 0 -1
    outer loop
      vertex 40.75 11.6802 12
      vertex 29.25 11.6802 12
      vertex 40.75 30 12
    endloop
  endfacet
  facet normal -0 0 -1
    outer loop
      vertex 40.75 30 12
      vertex 29.25 11.6802 12
      vertex 29.25 30 12
    endloop
  endfacet
  facet normal -0 0 1
    outer loop
      vertex 38.2536 15.987 6
      vertex 40.75 11.6802 6
      vertex 40.75 30 6
    endloop
  endfacet
  facet normal 0 0 1
    outer loop
      vertex 40.75 11.6802 6
      vertex 38.3836 15.3333 6
      vertex 38.4 15 6
    endloop
  endfacet
  facet normal 0 0 1
    outer loop
      vertex 40.75 11.6802 6
      vertex 38.3347 15.6633 6
      vertex 38.3836 15.3333 6
    endloop
  endfacet
  facet normal 0 0 1
    outer loop
      vertex 40.75 11.6802 6
      vertex 38.2536 15.987 6
      vertex 38.3347 15.6633 6
    endloop
  endfacet
  facet normal 0 0 1
    outer loop
      vertex 40.75 30 6
      vertex 38.1412 16.3011 6
      vertex 38.2536 15.987 6
    endloop
  endfacet
  facet normal 0 0 1
    outer loop
      vertex 40.75 30 6
      vertex 37.9985 16.6027 6
      vertex 38.1412 16.3011 6
    endloop
  endfacet
  facet normal 0 0 1
    outer loop
      vertex 40.75 30 6
      vertex 37.827 16.8889 6
      vertex 37.9985 16.6027 6
    endloop
  endfacet
  facet normal 0 0 1
    outer loop
      vertex 40.75 30 6
      vertex 37.6282 17.1569 6
      vertex 37.827 16.8889 6
    endloop
  endfacet
  facet normal 0 0 1
    outer loop
      vertex 40.75 30 6
      vertex 37.4042 17.4042 6
      vertex 37.6282 17.1569 6
    endloop
  endfacet
  facet normal 0 0 1
    outer loop
      vertex 40.75 30 6
      vertex 37.1569 17.6282 6
      vertex 37.4042 17.4042 6
    endloop
  endfacet
  facet normal 0 0 1
    outer loop
      vertex 40.75 30 6
      vertex 36.8889 17.827 6
      vertex 37.1569 17.6282 6
    endloop
  endfacet
  facet normal 0 0 1
    outer loop
      vertex 40.75 30 6
      vertex 36.6027 17.9985 6
      vertex 36.8889 17.827 6
    endloop
  endfacet
  facet normal 0 0 1
    outer loop
      vertex 40.75 30 6
      vertex 36.3011 18.1412 6
      vertex 36.6027 17.9985 6
    endloop
  endfacet
  facet normal 0 0 1
    outer loop
      vertex 40.75 30 6
      vertex 35.987 18.2536 6
      vertex 36.3011 18.1412 6
    endloop
  endfacet
  facet normal 0 0 1
    outer loop
      vertex 40.75 30 6
      vertex 35.6633 18.3347 6
      vertex 35.987 18.2536 6
    endloop
  endfacet
  facet normal 0 0 1
    outer loop
      vertex 40.75 30 6
      vertex 35.3333 18.3836 6
      vertex 35.6633 18.3347 6
    endloop
  endfacet
  facet normal 0 0 1
    outer loop
      vertex 40.75 30 6
      vertex 35 18.4 6
      vertex 35.3333 18.3836 6
    endloop
  endfacet
  facet normal -0 0 1
    outer loop
      vertex 29.25 30 6
      vertex 35 18.4 6
      vertex 40.75 30 6
    endloop
  endfacet
  facet normal 0 0 1
    outer loop
      vertex 35 18.4 6
      vertex 29.25 30 6
      vertex 34.6667 18.3836 6
    endloop
  endfacet
  facet normal 0 0 1
    outer loop
      vertex 34.6667 18.3836 6
      vertex 29.25 30 6
      vertex 34.3367 18.3347 6
    endloop
  endfacet
  facet normal 0 0 1
    outer loop
      vertex 34.3367 18.3347 6
      vertex 29.25 30 6
      vertex 34.013 18.2536 6
    endloop
  endfacet
  facet normal 0 0 1
    outer loop
      vertex 34.013 18.2536 6
      vertex 29.25 30 6
      vertex 33.6989 18.1412 6
    endloop
  endfacet
  facet normal 0 0 1
    outer loop
      vertex 33.6989 18.1412 6
      vertex 29.25 30 6
      vertex 33.3973 17.9985 6
    endloop
  endfacet
  facet normal 0 0 1
    outer loop
      vertex 33.3973 17.9985 6
      vertex 29.25 30 6
      vertex 33.1111 17.827 6
    endloop
  endfacet
  facet normal 0 0 1
    outer loop
      vertex 33.1111 17.827 6
      vertex 29.25 30 6
      vertex 32.8431 17.6282 6
    endloop
  endfacet
  facet normal 0 0 1
    outer loop
      vertex 32.8431 17.6282 6
      vertex 29.25 30 6
      vertex 32.5958 17.4042 6
    endloop
  endfacet
  facet normal 0 0 1
    outer loop
      vertex 32.5958 17.4042 6
      vertex 29.25 30 6
      vertex 32.3718 17.1569 6
    endloop
  endfacet
  facet normal 0 0 1
    outer loop
      vertex 31.6653 15.6633 6
      vertex 29.25 11.6802 6
      vertex 31.6164 15.3333 6
    endloop
  endfacet
  facet normal 0 0 1
    outer loop
      vertex 31.7464 15.987 6
      vertex 29.25 11.6802 6
      vertex 31.6653 15.6633 6
    endloop
  endfacet
  facet normal 0 0 1
    outer loop
      vertex 29.25 11.6802 6
      vertex 31.7464 15.987 6
      vertex 29.25 30 6
    endloop
  endfacet
  facet normal 0 0 1
    outer loop
      vertex 31.8588 16.3011 6
      vertex 29.25 30 6
      vertex 31.7464 15.987 6
    endloop
  endfacet
  facet normal 0 0 1
    outer loop
      vertex 32.0015 16.6027 6
      vertex 29.25 30 6
      vertex 31.8588 16.3011 6
    endloop
  endfacet
  facet normal 0 0 1
    outer loop
      vertex 32.173 16.8889 6
      vertex 29.25 30 6
      vertex 32.0015 16.6027 6
    endloop
  endfacet
  facet normal 0 0 1
    outer loop
      vertex 32.3718 17.1569 6
      vertex 29.25 30 6
      vertex 32.173 16.8889 6
    endloop
  endfacet
  facet normal -0 0 1
    outer loop
      vertex 38.3836 14.6667 6
      vertex 40.75 11.6802 6
      vertex 38.4 15 6
    endloop
  endfacet
  facet normal -0 0 1
    outer loop
      vertex 38.3347 14.3367 6
      vertex 40.75 11.6802 6
      vertex 38.3836 14.6667 6
    endloop
  endfacet
  facet normal -0 0 1
    outer loop
      vertex 38.2536 14.013 6
      vertex 40.75 11.6802 6
      vertex 38.3347 14.3367 6
    endloop
  endfacet
  facet normal -0 0 1
    outer loop
      vertex 38.1412 13.6989 6
      vertex 40.75 11.6802 6
      vertex 38.2536 14.013 6
    endloop
  endfacet
  facet normal -0 0 1
    outer loop
      vertex 37.9985 13.3973 6
      vertex 40.75 11.6802 6
      vertex 38.1412 13.6989 6
    endloop
  endfacet
  facet normal -0 0 1
    outer loop
      vertex 37.827 13.1111 6
      vertex 40.75 11.6802 6
      vertex 37.9985 13.3973 6
    endloop
  endfacet
  facet normal -0 0 1
    outer loop
      vertex 37.6282 12.8431 6
      vertex 40.75 11.6802 6
      vertex 37.827 13.1111 6
    endloop
  endfacet
  facet normal -0 0 1
    outer loop
      vertex 37.4042 12.5958 6
      vertex 40.75 11.6802 6
      vertex 37.6282 12.8431 6
    endloop
  endfacet
  facet normal -0 0 1
    outer loop
      vertex 37.1569 12.3718 6
      vertex 40.75 11.6802 6
      vertex 37.4042 12.5958 6
    endloop
  endfacet
  facet normal -0 0 1
    outer loop
      vertex 36.8889 12.173 6
      vertex 40.75 11.6802 6
      vertex 37.1569 12.3718 6
    endloop
  endfacet
  facet normal -0 0 1
    outer loop
      vertex 36.6027 12.0015 6
      vertex 40.75 11.6802 6
      vertex 36.8889 12.173 6
    endloop
  endfacet
  facet normal 0 0 1
    outer loop
      vertex 35 8.36047 6
      vertex 36.6027 12.0015 6
      vertex 36.3011 11.8588 6
    endloop
  endfacet
  facet normal 0 0 1
    outer loop
      vertex 35 8.36047 6
      vertex 36.3011 11.8588 6
      vertex 35.987 11.7464 6
    endloop
  endfacet
  facet normal 0 0 1
    outer loop
      vertex 35 8.36047 6
      vertex 35.987 11.7464 6
      vertex 35.6633 11.6653 6
    endloop
  endfacet
  facet normal 0 0 1
    outer loop
      vertex 35 8.36047 6
      vertex 35.6633 11.6653 6
      vertex 35.3333 11.6164 6
    endloop
  endfacet
  facet normal 0 0 1
    outer loop
      vertex 35 8.36047 6
      vertex 35.3333 11.6164 6
      vertex 35 11.6 6
    endloop
  endfacet
  facet normal 0 0 1
    outer loop
      vertex 36.6027 12.0015 6
      vertex 35 8.36047 6
      vertex 40.75 11.6802 6
    endloop
  endfacet
  facet normal 0 0 1
    outer loop
      vertex 34.6667 11.6164 6
      vertex 35 8.36047 6
      vertex 35 11.6 6
    endloop
  endfacet
  facet normal 0 0 1
    outer loop
      vertex 34.3367 11.6653 6
      vertex 35 8.36047 6
      vertex 34.6667 11.6164 6
    endloop
  endfacet
  facet normal 0 0 1
    outer loop
      vertex 34.013 11.7464 6
      vertex 35 8.36047 6
      vertex 34.3367 11.6653 6
    endloop
  endfacet
  facet normal 0 0 1
    outer loop
      vertex 33.6989 11.8588 6
      vertex 35 8.36047 6
      vertex 34.013 11.7464 6
    endloop
  endfacet
  facet normal 0 0 1
    outer loop
      vertex 33.3973 12.0015 6
      vertex 35 8.36047 6
      vertex 33.6989 11.8588 6
    endloop
  endfacet
  facet normal 0 0 1
    outer loop
      vertex 29.25 11.6802 6
      vertex 33.3973 12.0015 6
      vertex 33.1111 12.173 6
    endloop
  endfacet
  facet normal 0 0 1
    outer loop
      vertex 29.25 11.6802 6
      vertex 33.1111 12.173 6
      vertex 32.8431 12.3718 6
    endloop
  endfacet
  facet normal 0 0 1
    outer loop
      vertex 29.25 11.6802 6
      vertex 32.8431 12.3718 6
      vertex 32.5958 12.5958 6
    endloop
  endfacet
  facet normal 0 0 1
    outer loop
      vertex 29.25 11.6802 6
      vertex 32.5958 12.5958 6
      vertex 32.3718 12.8431 6
    endloop
  endfacet
  facet normal 0 0 1
    outer loop
      vertex 29.25 11.6802 6
      vertex 32.3718 12.8431 6
      vertex 32.173 13.1111 6
    endloop
  endfacet
  facet normal 0 0 1
    outer loop
      vertex 29.25 11.6802 6
      vertex 32.173 13.1111 6
      vertex 32.0015 13.3973 6
    endloop
  endfacet
  facet normal 0 0 1
    outer loop
      vertex 31.6164 15.3333 6
      vertex 29.25 11.6802 6
      vertex 31.6 15 6
    endloop
  endfacet
  facet normal 0 0 1
    outer loop
      vertex 31.6 15 6
      vertex 29.25 11.6802 6
      vertex 31.6164 14.6667 6
    endloop
  endfacet
  facet normal 0 0 1
    outer loop
      vertex 33.3973 12.0015 6
      vertex 29.25 11.6802 6
      vertex 35 8.36047 6
    endloop
  endfacet
  facet normal 0 0 1
    outer loop
      vertex 31.8588 13.6989 6
      vertex 29.25 11.6802 6
      vertex 32.0015 13.3973 6
    endloop
  endfacet
  facet normal 0 0 1
    outer loop
      vertex 31.7464 14.013 6
      vertex 29.25 11.6802 6
      vertex 31.8588 13.6989 6
    endloop
  endfacet
  facet normal 0 0 1
    outer loop
      vertex 31.6653 14.3367 6
      vertex 29.25 11.6802 6
      vertex 31.7464 14.013 6
    endloop
  endfacet
  facet normal 0 0 1
    outer loop
      vertex 31.6164 14.6667 6
      vertex 29.25 11.6802 6
      vertex 31.6653 14.3367 6
    endloop
  endfacet
  facet normal -1 0 0
    outer loop
      vertex -15 0.00999928 18
      vertex -15 30 32
      vertex -15 30 18
    endloop
  endfacet
  facet normal -1 -0 0
    outer loop
      vertex -15 30 32
      vertex -15 0.00999928 18
      vertex -15 0.00999928 32
    endloop
  endfacet
  facet normal 0 0 -1
    outer loop
      vertex -19 0 32
      vertex -27 0 32
      vertex -19 0.00999928 32
    endloop
  endfacet
  facet normal 0 0 -1
    outer loop
      vertex -19 0.00999928 32
      vertex -15 30 32
      vertex -15 0.00999928 32
    endloop
  endfacet
  facet normal 0 0 -1
    outer loop
      vertex -27 30 32
      vertex -19 0.00999928 32
      vertex -27 0 32
    endloop
  endfacet
  facet normal 0 0 -1
    outer loop
      vertex -19 0.00999928 32
      vertex -27 30 32
      vertex -15 30 32
    endloop
  endfacet
  facet normal 0 0 1
    outer loop
      vertex -15 30 18
      vertex -19 0.00999928 18
      vertex -15 0.00999928 18
    endloop
  endfacet
  facet normal -0 0 1
    outer loop
      vertex -27 30 18
      vertex -19 0.00999928 18
      vertex -15 30 18
    endloop
  endfacet
  facet normal 0 0 1
    outer loop
      vertex -27 0 18
      vertex -19 0.00999928 18
      vertex -27 30 18
    endloop
  endfacet
  facet normal 0 0 1
    outer loop
      vertex -19 0.00999928 18
      vertex -27 0 18
      vertex -19 0 18
    endloop
  endfacet
  facet normal 1 -0 0
    outer loop
      vertex -27 0 32
      vertex -27 30 18
      vertex -27 30 32
    endloop
  endfacet
  facet normal 1 0 0
    outer loop
      vertex -27 30 18
      vertex -27 0 32
      vertex -27 0 18
    endloop
  endfacet
  facet normal -1 0 0
    outer loop
      vertex 27 0 18
      vertex 27 30 32
      vertex 27 30 18
    endloop
  endfacet
  facet normal -1 -0 0
    outer loop
      vertex 27 30 32
      vertex 27 0 18
      vertex 27 0 32
    endloop
  endfacet
  facet normal 0 0 -1
    outer loop
      vertex 19 0.00999928 32
      vertex 27 0 32
      vertex 19 0 32
    endloop
  endfacet
  facet normal 0 0 -1
    outer loop
      vertex 27 0 32
      vertex 19 0.00999928 32
      vertex 27 30 32
    endloop
  endfacet
  facet normal 0 0 -1
    outer loop
      vertex 15 30 32
      vertex 19 0.00999928 32
      vertex 15 0.00999928 32
    endloop
  endfacet
  facet normal 0 0 -1
    outer loop
      vertex 19 0.00999928 32
      vertex 15 30 32
      vertex 27 30 32
    endloop
  endfacet
  facet normal 0 0 1
    outer loop
      vertex 27 30 18
      vertex 19 0.00999928 18
      vertex 27 0 18
    endloop
  endfacet
  facet normal -0 0 1
    outer loop
      vertex 15 30 18
      vertex 19 0.00999928 18
      vertex 27 30 18
    endloop
  endfacet
  facet normal 0 0 1
    outer loop
      vertex 19 0.00999928 18
      vertex 15 30 18
      vertex 15 0.00999928 18
    endloop
  endfacet
  facet normal 0 0 1
    outer loop
      vertex 27 0 18
      vertex 19 0.00999928 18
      vertex 19 0 18
    endloop
  endfacet
  facet normal 1 -0 0
    outer loop
      vertex 15 0.00999928 32
      vertex 15 30 18
      vertex 15 30 32
    endloop
  endfacet
  facet normal 1 0 0
    outer loop
      vertex 15 30 18
      vertex 15 0.00999928 32
      vertex 15 0.00999928 18
    endloop
  endfacet
  facet normal 0.595773 0 0.803153
    outer loop
      vertex 66.4446 30 63.6518
      vertex 67.0751 0 63.1841
      vertex 67.0751 30 63.1841
    endloop
  endfacet
  facet normal 0.595773 0 0.803153
    outer loop
      vertex 67.0751 0 63.1841
      vertex 66.4446 30 63.6518
      vertex 66.4446 0 63.6518
    endloop
  endfacet
  facet normal -0.336901 0 0.94154
    outer loop
      vertex -65.0615 26 64.391
      vertex -64.3223 0 64.6555
      vertex -64.3223 26 64.6555
    endloop
  endfacet
  facet normal -0.336901 0 0.94154
    outer loop
      vertex -64.3223 0 64.6555
      vertex -65.0615 26 64.391
      vertex -65.0615 0 64.391
    endloop
  endfacet
  facet normal 0 0 1
    outer loop
      vertex 52.1894 16.7844 65
      vertex 62 26 65
      vertex 52.2 17 65
    endloop
  endfacet
  facet normal 0 0 1
    outer loop
      vertex 62 26 65
      vertex 52.1894 17.2156 65
      vertex 52.2 17 65
    endloop
  endfacet
  facet normal 0 0 1
    outer loop
      vertex 62 26 65
      vertex 52.1577 17.4292 65
      vertex 52.1894 17.2156 65
    endloop
  endfacet
  facet normal 0 0 1
    outer loop
      vertex 62 26 65
      vertex 52.1053 17.6386 65
      vertex 52.1577 17.4292 65
    endloop
  endfacet
  facet normal 0 0 1
    outer loop
      vertex 62 26 65
      vertex 52.0325 17.8419 65
      vertex 52.1053 17.6386 65
    endloop
  endfacet
  facet normal 0 0 1
    outer loop
      vertex 62 26 65
      vertex 51.9402 18.0371 65
      vertex 52.0325 17.8419 65
    endloop
  endfacet
  facet normal 0 0 1
    outer loop
      vertex 62 26 65
      vertex 51.8292 18.2223 65
      vertex 51.9402 18.0371 65
    endloop
  endfacet
  facet normal 0 0 1
    outer loop
      vertex 62 26 65
      vertex 51.7006 18.3957 65
      vertex 51.8292 18.2223 65
    endloop
  endfacet
  facet normal 0 0 1
    outer loop
      vertex 62 26 65
      vertex 51.5556 18.5556 65
      vertex 51.7006 18.3957 65
    endloop
  endfacet
  facet normal 0 0 1
    outer loop
      vertex 62 26 65
      vertex 51.3957 18.7006 65
      vertex 51.5556 18.5556 65
    endloop
  endfacet
  facet normal 0 0 1
    outer loop
      vertex 62 26 65
      vertex 51.2223 18.8292 65
      vertex 51.3957 18.7006 65
    endloop
  endfacet
  facet normal 0 0 1
    outer loop
      vertex 62 26 65
      vertex 51.0371 18.9402 65
      vertex 51.2223 18.8292 65
    endloop
  endfacet
  facet normal 0 0 1
    outer loop
      vertex 62 26 65
      vertex 50.8419 19.0325 65
      vertex 51.0371 18.9402 65
    endloop
  endfacet
  facet normal 0 0 1
    outer loop
      vertex 62 26 65
      vertex 50.6386 19.1053 65
      vertex 50.8419 19.0325 65
    endloop
  endfacet
  facet normal 0 0 1
    outer loop
      vertex 62 26 65
      vertex 50.4292 19.1577 65
      vertex 50.6386 19.1053 65
    endloop
  endfacet
  facet normal 0 0 1
    outer loop
      vertex 62 26 65
      vertex 50.2156 19.1894 65
      vertex 50.4292 19.1577 65
    endloop
  endfacet
  facet normal 0 0 1
    outer loop
      vertex 62 26 65
      vertex 50 19.2 65
      vertex 50.2156 19.1894 65
    endloop
  endfacet
  facet normal 0 0 1
    outer loop
      vertex 62 26 65
      vertex 49.7844 19.1894 65
      vertex 50 19.2 65
    endloop
  endfacet
  facet normal 0 0 1
    outer loop
      vertex 62 26 65
      vertex 49.5708 19.1577 65
      vertex 49.7844 19.1894 65
    endloop
  endfacet
  facet normal 0 0 1
    outer loop
      vertex 62 26 65
      vertex 49.3614 19.1053 65
      vertex 49.5708 19.1577 65
    endloop
  endfacet
  facet normal 0 0 1
    outer loop
      vertex 62 26 65
      vertex 49.1581 19.0325 65
      vertex 49.3614 19.1053 65
    endloop
  endfacet
  facet normal 0 0 1
    outer loop
      vertex 62 26 65
      vertex 48.9629 18.9402 65
      vertex 49.1581 19.0325 65
    endloop
  endfacet
  facet normal 0 0 1
    outer loop
      vertex 47.8106 17.2156 65
      vertex -47.8 17 65
      vertex 47.8 17 65
    endloop
  endfacet
  facet normal 0 0 1
    outer loop
      vertex -47.8106 17.2156 65
      vertex 47.8106 17.2156 65
      vertex 47.8423 17.4292 65
    endloop
  endfacet
  facet normal 0 0 1
    outer loop
      vertex -47.8423 17.4292 65
      vertex 47.8423 17.4292 65
      vertex 47.8947 17.6386 65
    endloop
  endfacet
  facet normal 0 0 1
    outer loop
      vertex -47.8947 17.6386 65
      vertex 47.8947 17.6386 65
      vertex 47.9675 17.8419 65
    endloop
  endfacet
  facet normal 0 0 1
    outer loop
      vertex -47.9675 17.8419 65
      vertex 47.9675 17.8419 65
      vertex 48.0598 18.0371 65
    endloop
  endfacet
  facet normal 0 0 1
    outer loop
      vertex -48.0598 18.0371 65
      vertex 48.0598 18.0371 65
      vertex 48.1708 18.2223 65
    endloop
  endfacet
  facet normal 0 0 1
    outer loop
      vertex -48.1708 18.2223 65
      vertex 48.1708 18.2223 65
      vertex 48.2994 18.3957 65
    endloop
  endfacet
  facet normal 0 0 1
    outer loop
      vertex -48.2994 18.3957 65
      vertex 48.2994 18.3957 65
      vertex 48.4444 18.5556 65
    endloop
  endfacet
  facet normal 0 0 1
    outer loop
      vertex -48.4444 18.5556 65
      vertex 48.4444 18.5556 65
      vertex 48.6043 18.7006 65
    endloop
  endfacet
  facet normal 0 0 1
    outer loop
      vertex -48.6043 18.7006 65
      vertex 48.6043 18.7006 65
      vertex 48.7777 18.8292 65
    endloop
  endfacet
  facet normal 0 0 1
    outer loop
      vertex -48.7777 18.8292 65
      vertex 48.7777 18.8292 65
      vertex 48.9629 18.9402 65
    endloop
  endfacet
  facet normal 0 0 1
    outer loop
      vertex -48.9629 18.9402 65
      vertex 48.9629 18.9402 65
      vertex 62 26 65
    endloop
  endfacet
  facet normal 0 0 1
    outer loop
      vertex 47.8106 17.2156 65
      vertex -47.8106 17.2156 65
      vertex -47.8 17 65
    endloop
  endfacet
  facet normal 0 0 1
    outer loop
      vertex 47.8423 17.4292 65
      vertex -47.8423 17.4292 65
      vertex -47.8106 17.2156 65
    endloop
  endfacet
  facet normal 0 0 1
    outer loop
      vertex 47.8947 17.6386 65
      vertex -47.8947 17.6386 65
      vertex -47.8423 17.4292 65
    endloop
  endfacet
  facet normal 0 0 1
    outer loop
      vertex 47.9675 17.8419 65
      vertex -47.9675 17.8419 65
      vertex -47.8947 17.6386 65
    endloop
  endfacet
  facet normal 0 0 1
    outer loop
      vertex 48.0598 18.0371 65
      vertex -48.0598 18.0371 65
      vertex -47.9675 17.8419 65
    endloop
  endfacet
  facet normal 0 0 1
    outer loop
      vertex 48.1708 18.2223 65
      vertex -48.1708 18.2223 65
      vertex -48.0598 18.0371 65
    endloop
  endfacet
  facet normal 0 0 1
    outer loop
      vertex 48.2994 18.3957 65
      vertex -48.2994 18.3957 65
      vertex -48.1708 18.2223 65
    endloop
  endfacet
  facet normal 0 0 1
    outer loop
      vertex 48.4444 18.5556 65
      vertex -48.4444 18.5556 65
      vertex -48.2994 18.3957 65
    endloop
  endfacet
  facet normal 0 0 1
    outer loop
      vertex 48.6043 18.7006 65
      vertex -48.6043 18.7006 65
      vertex -48.4444 18.5556 65
    endloop
  endfacet
  facet normal 0 0 1
    outer loop
      vertex 48.7777 18.8292 65
      vertex -48.7777 18.8292 65
      vertex -48.6043 18.7006 65
    endloop
  endfacet
  facet normal 0 0 1
    outer loop
      vertex 48.9629 18.9402 65
      vertex -48.9629 18.9402 65
      vertex -48.7777 18.8292 65
    endloop
  endfacet
  facet normal 0 0 1
    outer loop
      vertex 62 26 65
      vertex -49.1581 19.0325 65
      vertex -48.9629 18.9402 65
    endloop
  endfacet
  facet normal -0 0 1
    outer loop
      vertex -62 26 65
      vertex -49.1581 19.0325 65
      vertex 62 26 65
    endloop
  endfacet
  facet normal 0 0 1
    outer loop
      vertex -49.1581 19.0325 65
      vertex -62 26 65
      vertex -49.3614 19.1053 65
    endloop
  endfacet
  facet normal 0 0 1
    outer loop
      vertex -49.3614 19.1053 65
      vertex -62 26 65
      vertex -49.5708 19.1577 65
    endloop
  endfacet
  facet normal 0 0 1
    outer loop
      vertex -49.5708 19.1577 65
      vertex -62 26 65
      vertex -49.7844 19.1894 65
    endloop
  endfacet
  facet normal 0 0 1
    outer loop
      vertex -49.7844 19.1894 65
      vertex -62 26 65
      vertex -50 19.2 65
    endloop
  endfacet
  facet normal 0 0 1
    outer loop
      vertex -52.1894 17.2156 65
      vertex -62 26 65
      vertex -52.2 17 65
    endloop
  endfacet
  facet normal 0 0 1
    outer loop
      vertex -52.1577 17.4292 65
      vertex -62 26 65
      vertex -52.1894 17.2156 65
    endloop
  endfacet
  facet normal 0 0 1
    outer loop
      vertex -52.1053 17.6386 65
      vertex -62 26 65
      vertex -52.1577 17.4292 65
    endloop
  endfacet
  facet normal 0 0 1
    outer loop
      vertex -52.0325 17.8419 65
      vertex -62 26 65
      vertex -52.1053 17.6386 65
    endloop
  endfacet
  facet normal 0 0 1
    outer loop
      vertex -51.9402 18.0371 65
      vertex -62 26 65
      vertex -52.0325 17.8419 65
    endloop
  endfacet
  facet normal 0 0 1
    outer loop
      vertex -51.8292 18.2223 65
      vertex -62 26 65
      vertex -51.9402 18.0371 65
    endloop
  endfacet
  facet normal 0 0 1
    outer loop
      vertex -51.7006 18.3957 65
      vertex -62 26 65
      vertex -51.8292 18.2223 65
    endloop
  endfacet
  facet normal 0 0 1
    outer loop
      vertex -51.5556 18.5556 65
      vertex -62 26 65
      vertex -51.7006 18.3957 65
    endloop
  endfacet
  facet normal 0 0 1
    outer loop
      vertex -51.3957 18.7006 65
      vertex -62 26 65
      vertex -51.5556 18.5556 65
    endloop
  endfacet
  facet normal 0 0 1
    outer loop
      vertex -51.2223 18.8292 65
      vertex -62 26 65
      vertex -51.3957 18.7006 65
    endloop
  endfacet
  facet normal 0 0 1
    outer loop
      vertex -51.0371 18.9402 65
      vertex -62 26 65
      vertex -51.2223 18.8292 65
    endloop
  endfacet
  facet normal 0 0 1
    outer loop
      vertex -50.8419 19.0325 65
      vertex -62 26 65
      vertex -51.0371 18.9402 65
    endloop
  endfacet
  facet normal 0 0 1
    outer loop
      vertex -50.6386 19.1053 65
      vertex -62 26 65
      vertex -50.8419 19.0325 65
    endloop
  endfacet
  facet normal 0 0 1
    outer loop
      vertex -50.4292 19.1577 65
      vertex -62 26 65
      vertex -50.6386 19.1053 65
    endloop
  endfacet
  facet normal 0 0 1
    outer loop
      vertex -50.2156 19.1894 65
      vertex -62 26 65
      vertex -50.4292 19.1577 65
    endloop
  endfacet
  facet normal 0 0 1
    outer loop
      vertex -50 19.2 65
      vertex -62 26 65
      vertex -50.2156 19.1894 65
    endloop
  endfacet
  facet normal 0 0 1
    outer loop
      vertex 52.1577 16.5708 65
      vertex 62 26 65
      vertex 52.1894 16.7844 65
    endloop
  endfacet
  facet normal 0 0 1
    outer loop
      vertex 52.1053 16.3614 65
      vertex 62 26 65
      vertex 52.1577 16.5708 65
    endloop
  endfacet
  facet normal 0 0 1
    outer loop
      vertex 62 26 65
      vertex 52.1053 16.3614 65
      vertex 62 0 65
    endloop
  endfacet
  facet normal -0 0 1
    outer loop
      vertex 52.0325 16.1581 65
      vertex 62 0 65
      vertex 52.1053 16.3614 65
    endloop
  endfacet
  facet normal -0 0 1
    outer loop
      vertex 51.9402 15.9629 65
      vertex 62 0 65
      vertex 52.0325 16.1581 65
    endloop
  endfacet
  facet normal -0 0 1
    outer loop
      vertex 51.8292 15.7777 65
      vertex 62 0 65
      vertex 51.9402 15.9629 65
    endloop
  endfacet
  facet normal -0 0 1
    outer loop
      vertex 51.7006 15.6043 65
      vertex 62 0 65
      vertex 51.8292 15.7777 65
    endloop
  endfacet
  facet normal -0 0 1
    outer loop
      vertex 51.5556 15.4444 65
      vertex 62 0 65
      vertex 51.7006 15.6043 65
    endloop
  endfacet
  facet normal -0 0 1
    outer loop
      vertex 51.3957 15.2994 65
      vertex 62 0 65
      vertex 51.5556 15.4444 65
    endloop
  endfacet
  facet normal -0 0 1
    outer loop
      vertex 51.2223 15.1708 65
      vertex 62 0 65
      vertex 51.3957 15.2994 65
    endloop
  endfacet
  facet normal -0 0 1
    outer loop
      vertex 51.0371 15.0598 65
      vertex 62 0 65
      vertex 51.2223 15.1708 65
    endloop
  endfacet
  facet normal -0 0 1
    outer loop
      vertex 50.8419 14.9675 65
      vertex 62 0 65
      vertex 51.0371 15.0598 65
    endloop
  endfacet
  facet normal -0 0 1
    outer loop
      vertex 50.6386 14.8947 65
      vertex 62 0 65
      vertex 50.8419 14.9675 65
    endloop
  endfacet
  facet normal -0 0 1
    outer loop
      vertex 50.4292 14.8423 65
      vertex 62 0 65
      vertex 50.6386 14.8947 65
    endloop
  endfacet
  facet normal -0 0 1
    outer loop
      vertex 50.2156 14.8106 65
      vertex 62 0 65
      vertex 50.4292 14.8423 65
    endloop
  endfacet
  facet normal -0 0 1
    outer loop
      vertex 50 14.8 65
      vertex 62 0 65
      vertex 50.2156 14.8106 65
    endloop
  endfacet
  facet normal 0 0 1
    outer loop
      vertex 49.7844 14.8106 65
      vertex 62 0 65
      vertex 50 14.8 65
    endloop
  endfacet
  facet normal 0 0 1
    outer loop
      vertex 49.5708 14.8423 65
      vertex 62 0 65
      vertex 49.7844 14.8106 65
    endloop
  endfacet
  facet normal 0 0 1
    outer loop
      vertex 49.3614 14.8947 65
      vertex 62 0 65
      vertex 49.5708 14.8423 65
    endloop
  endfacet
  facet normal 0 0 1
    outer loop
      vertex 49.1581 14.9675 65
      vertex 62 0 65
      vertex 49.3614 14.8947 65
    endloop
  endfacet
  facet normal 0 0 1
    outer loop
      vertex 48.9629 15.0598 65
      vertex 62 0 65
      vertex 49.1581 14.9675 65
    endloop
  endfacet
  facet normal 0 0 1
    outer loop
      vertex 48.7777 15.1708 65
      vertex 62 0 65
      vertex 48.9629 15.0598 65
    endloop
  endfacet
  facet normal 0 0 1
    outer loop
      vertex 48.6043 15.2994 65
      vertex 62 0 65
      vertex 48.7777 15.1708 65
    endloop
  endfacet
  facet normal 0 0 1
    outer loop
      vertex -48.6043 15.2994 65
      vertex 48.6043 15.2994 65
      vertex 48.4444 15.4444 65
    endloop
  endfacet
  facet normal 0 0 1
    outer loop
      vertex -48.4444 15.4444 65
      vertex 48.4444 15.4444 65
      vertex 48.2994 15.6043 65
    endloop
  endfacet
  facet normal -0 0 1
    outer loop
      vertex -47.8 17 65
      vertex 47.8106 16.7844 65
      vertex 47.8 17 65
    endloop
  endfacet
  facet normal 0 0 1
    outer loop
      vertex -47.8106 16.7844 65
      vertex 47.8106 16.7844 65
      vertex -47.8 17 65
    endloop
  endfacet
  facet normal 0 0 1
    outer loop
      vertex 47.8106 16.7844 65
      vertex -47.8106 16.7844 65
      vertex 47.8423 16.5708 65
    endloop
  endfacet
  facet normal 0 0 1
    outer loop
      vertex -47.8423 16.5708 65
      vertex 47.8423 16.5708 65
      vertex -47.8106 16.7844 65
    endloop
  endfacet
  facet normal 0 0 1
    outer loop
      vertex 47.8423 16.5708 65
      vertex -47.8423 16.5708 65
      vertex 47.8947 16.3614 65
    endloop
  endfacet
  facet normal 0 0 1
    outer loop
      vertex -47.8947 16.3614 65
      vertex 47.8947 16.3614 65
      vertex -47.8423 16.5708 65
    endloop
  endfacet
  facet normal 0 0 1
    outer loop
      vertex 47.8947 16.3614 65
      vertex -47.8947 16.3614 65
      vertex 47.9675 16.1581 65
    endloop
  endfacet
  facet normal 0 0 1
    outer loop
      vertex -47.9675 16.1581 65
      vertex 47.9675 16.1581 65
      vertex -47.8947 16.3614 65
    endloop
  endfacet
  facet normal 0 0 1
    outer loop
      vertex 47.9675 16.1581 65
      vertex -47.9675 16.1581 65
      vertex 48.0598 15.9629 65
    endloop
  endfacet
  facet normal 0 0 1
    outer loop
      vertex -48.0598 15.9629 65
      vertex 48.0598 15.9629 65
      vertex -47.9675 16.1581 65
    endloop
  endfacet
  facet normal 0 0 1
    outer loop
      vertex 48.0598 15.9629 65
      vertex -48.0598 15.9629 65
      vertex 48.1708 15.7777 65
    endloop
  endfacet
  facet normal 0 0 1
    outer loop
      vertex -48.1708 15.7777 65
      vertex 48.1708 15.7777 65
      vertex -48.0598 15.9629 65
    endloop
  endfacet
  facet normal 0 0 1
    outer loop
      vertex 48.1708 15.7777 65
      vertex -48.1708 15.7777 65
      vertex 48.2994 15.6043 65
    endloop
  endfacet
  facet normal 0 0 1
    outer loop
      vertex -48.2994 15.6043 65
      vertex 48.2994 15.6043 65
      vertex -48.1708 15.7777 65
    endloop
  endfacet
  facet normal 0 0 1
    outer loop
      vertex -48.4444 15.4444 65
      vertex 48.2994 15.6043 65
      vertex -48.2994 15.6043 65
    endloop
  endfacet
  facet normal 0 0 1
    outer loop
      vertex 48.4444 15.4444 65
      vertex -48.4444 15.4444 65
      vertex -48.6043 15.2994 65
    endloop
  endfacet
  facet normal 0 0 1
    outer loop
      vertex 48.6043 15.2994 65
      vertex -48.6043 15.2994 65
      vertex 62 0 65
    endloop
  endfacet
  facet normal 0 0 1
    outer loop
      vertex -62 0 65
      vertex -48.6043 15.2994 65
      vertex -48.7777 15.1708 65
    endloop
  endfacet
  facet normal 0 0 1
    outer loop
      vertex -62 0 65
      vertex -48.7777 15.1708 65
      vertex -48.9629 15.0598 65
    endloop
  endfacet
  facet normal 0 0 1
    outer loop
      vertex -62 0 65
      vertex -48.9629 15.0598 65
      vertex -49.1581 14.9675 65
    endloop
  endfacet
  facet normal 0 0 1
    outer loop
      vertex -62 0 65
      vertex -49.1581 14.9675 65
      vertex -49.3614 14.8947 65
    endloop
  endfacet
  facet normal 0 0 1
    outer loop
      vertex -62 0 65
      vertex -49.3614 14.8947 65
      vertex -49.5708 14.8423 65
    endloop
  endfacet
  facet normal 0 0 1
    outer loop
      vertex -62 0 65
      vertex -49.5708 14.8423 65
      vertex -49.7844 14.8106 65
    endloop
  endfacet
  facet normal 0 0 1
    outer loop
      vertex -62 0 65
      vertex -49.7844 14.8106 65
      vertex -50 14.8 65
    endloop
  endfacet
  facet normal 0 0 1
    outer loop
      vertex -62 0 65
      vertex -50 14.8 65
      vertex -50.2156 14.8106 65
    endloop
  endfacet
  facet normal 0 0 1
    outer loop
      vertex -62 26 65
      vertex -52.1894 16.7844 65
      vertex -52.2 17 65
    endloop
  endfacet
  facet normal 0 0 1
    outer loop
      vertex -62 26 65
      vertex -52.1577 16.5708 65
      vertex -52.1894 16.7844 65
    endloop
  endfacet
  facet normal 0 0 1
    outer loop
      vertex -62 26 65
      vertex -52.1053 16.3614 65
      vertex -52.1577 16.5708 65
    endloop
  endfacet
  facet normal 0 0 1
    outer loop
      vertex -62 0 65
      vertex -52.1053 16.3614 65
      vertex -62 26 65
    endloop
  endfacet
  facet normal 0 0 1
    outer loop
      vertex -52.1053 16.3614 65
      vertex -62 0 65
      vertex -52.0325 16.1581 65
    endloop
  endfacet
  facet normal 0 0 1
    outer loop
      vertex -52.0325 16.1581 65
      vertex -62 0 65
      vertex -51.9402 15.9629 65
    endloop
  endfacet
  facet normal 0 0 1
    outer loop
      vertex -51.9402 15.9629 65
      vertex -62 0 65
      vertex -51.8292 15.7777 65
    endloop
  endfacet
  facet normal 0 0 1
    outer loop
      vertex -51.8292 15.7777 65
      vertex -62 0 65
      vertex -51.7006 15.6043 65
    endloop
  endfacet
  facet normal 0 0 1
    outer loop
      vertex -48.6043 15.2994 65
      vertex -62 0 65
      vertex 62 0 65
    endloop
  endfacet
  facet normal 0 0 1
    outer loop
      vertex -50.4292 14.8423 65
      vertex -62 0 65
      vertex -50.2156 14.8106 65
    endloop
  endfacet
  facet normal 0 0 1
    outer loop
      vertex -50.6386 14.8947 65
      vertex -62 0 65
      vertex -50.4292 14.8423 65
    endloop
  endfacet
  facet normal 0 0 1
    outer loop
      vertex -50.8419 14.9675 65
      vertex -62 0 65
      vertex -50.6386 14.8947 65
    endloop
  endfacet
  facet normal 0 0 1
    outer loop
      vertex -51.0371 15.0598 65
      vertex -62 0 65
      vertex -50.8419 14.9675 65
    endloop
  endfacet
  facet normal 0 0 1
    outer loop
      vertex -51.2223 15.1708 65
      vertex -62 0 65
      vertex -51.0371 15.0598 65
    endloop
  endfacet
  facet normal 0 0 1
    outer loop
      vertex -51.3957 15.2994 65
      vertex -62 0 65
      vertex -51.2223 15.1708 65
    endloop
  endfacet
  facet normal 0 0 1
    outer loop
      vertex -51.5556 15.4444 65
      vertex -62 0 65
      vertex -51.3957 15.2994 65
    endloop
  endfacet
  facet normal 0 0 1
    outer loop
      vertex -51.7006 15.6043 65
      vertex -62 0 65
      vertex -51.5556 15.4444 65
    endloop
  endfacet
  facet normal 0 0 -1
    outer loop
      vertex 70 30 0
      vertex 38.3836 14.6667 0
      vertex 38.4 15 0
    endloop
  endfacet
  facet normal 0 0 -1
    outer loop
      vertex 33.1111 12.173 0
      vertex 38.8159 -19.9249 0
      vertex 38.3482 -20.5554 0
    endloop
  endfacet
  facet normal 0 0 -1
    outer loop
      vertex 39.3431 -19.3431 0
      vertex 38.3347 14.3367 0
      vertex 38.3836 14.6667 0
    endloop
  endfacet
  facet normal 0 0 -1
    outer loop
      vertex 39.3431 -19.3431 0
      vertex 38.2536 14.013 0
      vertex 38.3347 14.3367 0
    endloop
  endfacet
  facet normal 0 0 -1
    outer loop
      vertex 39.3431 -19.3431 0
      vertex 38.1412 13.6989 0
      vertex 38.2536 14.013 0
    endloop
  endfacet
  facet normal 0 0 -1
    outer loop
      vertex 39.3431 -19.3431 0
      vertex 37.9985 13.3973 0
      vertex 38.1412 13.6989 0
    endloop
  endfacet
  facet normal 0 0 -1
    outer loop
      vertex 3.14025 11.1736 0
      vertex 38.3482 -20.5554 0
      vertex 37.9446 -21.2288 0
    endloop
  endfacet
  facet normal 0 0 -1
    outer loop
      vertex 39.3431 -19.3431 0
      vertex 37.827 13.1111 0
      vertex 37.9985 13.3973 0
    endloop
  endfacet
  facet normal 0 0 -1
    outer loop
      vertex 39.3431 -19.3431 0
      vertex 37.6282 12.8431 0
      vertex 37.827 13.1111 0
    endloop
  endfacet
  facet normal 0 0 -1
    outer loop
      vertex 2.33341 10.6345 0
      vertex 37.9446 -21.2288 0
      vertex 37.609 -21.9385 0
    endloop
  endfacet
  facet normal 0 0 -1
    outer loop
      vertex 39.3431 -19.3431 0
      vertex 37.4042 12.5958 0
      vertex 37.6282 12.8431 0
    endloop
  endfacet
  facet normal 0 0 -1
    outer loop
      vertex 1.89428 10.4268 0
      vertex 37.609 -21.9385 0
      vertex 37.3445 -22.6777 0
    endloop
  endfacet
  facet normal 0 0 -1
    outer loop
      vertex 39.3431 -19.3431 0
      vertex 37.1569 12.3718 0
      vertex 37.4042 12.5958 0
    endloop
  endfacet
  facet normal 0 0 -1
    outer loop
      vertex 1.43691 10.2631 0
      vertex 37.3445 -22.6777 0
      vertex 37.1537 -23.4393 0
    endloop
  endfacet
  facet normal 0 0 -1
    outer loop
      vertex 0.965696 10.1451 0
      vertex 37.1537 -23.4393 0
      vertex 37.0385 -24.2159 0
    endloop
  endfacet
  facet normal 0 0 -1
    outer loop
      vertex 0.485185 10.0738 0
      vertex 37.0385 -24.2159 0
      vertex 37 -25 0
    endloop
  endfacet
  facet normal 0 0 -1
    outer loop
      vertex 39.3431 -19.3431 0
      vertex 36.8889 12.173 0
      vertex 37.1569 12.3718 0
    endloop
  endfacet
  facet normal 0 0 -1
    outer loop
      vertex 52.9615 -24.2159 0
      vertex 70 -50 0
      vertex 53 -25 0
    endloop
  endfacet
  facet normal 0 0 -1
    outer loop
      vertex 70 -50 0
      vertex 52.9615 -25.7841 0
      vertex 53 -25 0
    endloop
  endfacet
  facet normal 0 0 -1
    outer loop
      vertex 70 -50 0
      vertex 52.8463 -26.5607 0
      vertex 52.9615 -25.7841 0
    endloop
  endfacet
  facet normal 0 0 -1
    outer loop
      vertex 70 -50 0
      vertex 52.6555 -27.3223 0
      vertex 52.8463 -26.5607 0
    endloop
  endfacet
  facet normal 0 0 -1
    outer loop
      vertex 70 -50 0
      vertex 52.391 -28.0615 0
      vertex 52.6555 -27.3223 0
    endloop
  endfacet
  facet normal 0 0 -1
    outer loop
      vertex 70 -50 0
      vertex 52.0554 -28.7712 0
      vertex 52.391 -28.0615 0
    endloop
  endfacet
  facet normal 0 0 -1
    outer loop
      vertex 70 -50 0
      vertex 51.6518 -29.4446 0
      vertex 52.0554 -28.7712 0
    endloop
  endfacet
  facet normal 0 0 -1
    outer loop
      vertex 70 -50 0
      vertex 51.1841 -30.0751 0
      vertex 51.6518 -29.4446 0
    endloop
  endfacet
  facet normal 0 0 -1
    outer loop
      vertex 70 -50 0
      vertex 50.6569 -30.6569 0
      vertex 51.1841 -30.0751 0
    endloop
  endfacet
  facet normal 0 0 -1
    outer loop
      vertex 70 -50 0
      vertex 50.0751 -31.1841 0
      vertex 50.6569 -30.6569 0
    endloop
  endfacet
  facet normal 0 0 -1
    outer loop
      vertex 70 -50 0
      vertex 49.4446 -31.6518 0
      vertex 50.0751 -31.1841 0
    endloop
  endfacet
  facet normal 0 0 -1
    outer loop
      vertex 70 -50 0
      vertex 48.7712 -32.0554 0
      vertex 49.4446 -31.6518 0
    endloop
  endfacet
  facet normal 0 0 -1
    outer loop
      vertex 70 -50 0
      vertex 48.0615 -32.391 0
      vertex 48.7712 -32.0554 0
    endloop
  endfacet
  facet normal 0 0 -1
    outer loop
      vertex 70 -50 0
      vertex 47.3223 -32.6555 0
      vertex 48.0615 -32.391 0
    endloop
  endfacet
  facet normal 0 0 -1
    outer loop
      vertex 70 -50 0
      vertex 46.5607 -32.8463 0
      vertex 47.3223 -32.6555 0
    endloop
  endfacet
  facet normal 0 0 -1
    outer loop
      vertex 70 -50 0
      vertex 45.7841 -32.9615 0
      vertex 46.5607 -32.8463 0
    endloop
  endfacet
  facet normal 0 0 -1
    outer loop
      vertex 70 -50 0
      vertex 45 -33 0
      vertex 45.7841 -32.9615 0
    endloop
  endfacet
  facet normal 0 0 -1
    outer loop
      vertex 70 -50 0
      vertex 44.2159 -32.9615 0
      vertex 45 -33 0
    endloop
  endfacet
  facet normal 0 0 -1
    outer loop
      vertex 70 -50 0
      vertex 43.4393 -32.8463 0
      vertex 44.2159 -32.9615 0
    endloop
  endfacet
  facet normal 0 0 -1
    outer loop
      vertex 70 -50 0
      vertex 42.6777 -32.6555 0
      vertex 43.4393 -32.8463 0
    endloop
  endfacet
  facet normal 0 0 -1
    outer loop
      vertex 70 -50 0
      vertex 41.9385 -32.391 0
      vertex 42.6777 -32.6555 0
    endloop
  endfacet
  facet normal 0 0 -1
    outer loop
      vertex -41.9385 -32.391 0
      vertex 41.9385 -32.391 0
      vertex 70 -50 0
    endloop
  endfacet
  facet normal 0 0 -1
    outer loop
      vertex 41.9385 -32.391 0
      vertex -41.9385 -32.391 0
      vertex 41.2288 -32.0554 0
    endloop
  endfacet
  facet normal 0 0 -1
    outer loop
      vertex 39.3431 -19.3431 0
      vertex 36.6027 12.0015 0
      vertex 36.8889 12.173 0
    endloop
  endfacet
  facet normal 0 0 -1
    outer loop
      vertex 39.3431 -19.3431 0
      vertex 36.3011 11.8588 0
      vertex 36.6027 12.0015 0
    endloop
  endfacet
  facet normal 0 0 -1
    outer loop
      vertex 39.3431 -19.3431 0
      vertex 35.987 11.7464 0
      vertex 36.3011 11.8588 0
    endloop
  endfacet
  facet normal 0 0 -1
    outer loop
      vertex 39.3431 -19.3431 0
      vertex 35.6633 11.6653 0
      vertex 35.987 11.7464 0
    endloop
  endfacet
  facet normal 0 0 -1
    outer loop
      vertex 39.3431 -19.3431 0
      vertex 35.3333 11.6164 0
      vertex 35.6633 11.6653 0
    endloop
  endfacet
  facet normal 0 0 -1
    outer loop
      vertex 39.3431 -19.3431 0
      vertex 35 11.6 0
      vertex 35.3333 11.6164 0
    endloop
  endfacet
  facet normal 0 0 -1
    outer loop
      vertex 0 10.05 0
      vertex 37 -25 0
      vertex 37.0385 -25.7841 0
    endloop
  endfacet
  facet normal 0 0 -1
    outer loop
      vertex 39.3431 -19.3431 0
      vertex 34.6667 11.6164 0
      vertex 35 11.6 0
    endloop
  endfacet
  facet normal 0 0 -1
    outer loop
      vertex 39.3431 -19.3431 0
      vertex 34.3367 11.6653 0
      vertex 34.6667 11.6164 0
    endloop
  endfacet
  facet normal 0 0 -1
    outer loop
      vertex 39.3431 -19.3431 0
      vertex 34.013 11.7464 0
      vertex 34.3367 11.6653 0
    endloop
  endfacet
  facet normal 0 0 -1
    outer loop
      vertex 39.3431 -19.3431 0
      vertex 33.6989 11.8588 0
      vertex 34.013 11.7464 0
    endloop
  endfacet
  facet normal 0 0 -1
    outer loop
      vertex 39.3431 -19.3431 0
      vertex 33.3973 12.0015 0
      vertex 33.6989 11.8588 0
    endloop
  endfacet
  facet normal 0 0 -1
    outer loop
      vertex 38.8159 -19.9249 0
      vertex 33.1111 12.173 0
      vertex 33.3973 12.0015 0
    endloop
  endfacet
  facet normal 0 0 -1
    outer loop
      vertex 38.3482 -20.5554 0
      vertex 3.14025 11.1736 0
      vertex 33.1111 12.173 0
    endloop
  endfacet
  facet normal -0 0 -1
    outer loop
      vertex 33.1111 12.173 0
      vertex 3.14025 11.1736 0
      vertex 32.8431 12.3718 0
    endloop
  endfacet
  facet normal 0 -0 -1
    outer loop
      vertex 3.50018 11.4998 0
      vertex 32.8431 12.3718 0
      vertex 3.14025 11.1736 0
    endloop
  endfacet
  facet normal -0 0 -1
    outer loop
      vertex 32.8431 12.3718 0
      vertex 3.50018 11.4998 0
      vertex 32.5958 12.5958 0
    endloop
  endfacet
  facet normal 0 -0 -1
    outer loop
      vertex 3.8264 11.8598 0
      vertex 32.5958 12.5958 0
      vertex 3.50018 11.4998 0
    endloop
  endfacet
  facet normal -0 0 -1
    outer loop
      vertex 32.5958 12.5958 0
      vertex 3.8264 11.8598 0
      vertex 32.3718 12.8431 0
    endloop
  endfacet
  facet normal 0 -0 -1
    outer loop
      vertex 4.11577 12.2499 0
      vertex 32.3718 12.8431 0
      vertex 3.8264 11.8598 0
    endloop
  endfacet
  facet normal -0 0 -1
    outer loop
      vertex 32.3718 12.8431 0
      vertex 4.11577 12.2499 0
      vertex 32.173 13.1111 0
    endloop
  endfacet
  facet normal 0 -0 -1
    outer loop
      vertex 4.36551 12.6666 0
      vertex 32.173 13.1111 0
      vertex 4.11577 12.2499 0
    endloop
  endfacet
  facet normal 0 0 -1
    outer loop
      vertex 31.6164 14.6667 0
      vertex 4.95 15 0
      vertex 31.6 15 0
    endloop
  endfacet
  facet normal -0 0 -1
    outer loop
      vertex 32.173 13.1111 0
      vertex 4.36551 12.6666 0
      vertex 32.0015 13.3973 0
    endloop
  endfacet
  facet normal 0 0 -1
    outer loop
      vertex -37.0385 -25.7841 0
      vertex 37.0385 -25.7841 0
      vertex 37.1537 -26.5607 0
    endloop
  endfacet
  facet normal 0 0 -1
    outer loop
      vertex -37.1537 -26.5607 0
      vertex 37.1537 -26.5607 0
      vertex 37.3445 -27.3223 0
    endloop
  endfacet
  facet normal 0 0 -1
    outer loop
      vertex -37.3445 -27.3223 0
      vertex 37.3445 -27.3223 0
      vertex 37.609 -28.0615 0
    endloop
  endfacet
  facet normal 0 0 -1
    outer loop
      vertex -37.609 -28.0615 0
      vertex 37.609 -28.0615 0
      vertex 37.9446 -28.7712 0
    endloop
  endfacet
  facet normal 0 0 -1
    outer loop
      vertex -37.9446 -28.7712 0
      vertex 37.9446 -28.7712 0
      vertex 38.3482 -29.4446 0
    endloop
  endfacet
  facet normal 0 0 -1
    outer loop
      vertex -38.3482 -29.4446 0
      vertex 38.3482 -29.4446 0
      vertex 38.8159 -30.0751 0
    endloop
  endfacet
  facet normal -0 0 -1
    outer loop
      vertex 31.6164 14.6667 0
      vertex 4.92616 14.5148 0
      vertex 4.95 15 0
    endloop
  endfacet
  facet normal 0 0 -1
    outer loop
      vertex 31.6653 14.3367 0
      vertex 4.92616 14.5148 0
      vertex 31.6164 14.6667 0
    endloop
  endfacet
  facet normal 0 -0 -1
    outer loop
      vertex 4.92616 14.5148 0
      vertex 31.6653 14.3367 0
      vertex 4.85489 14.0343 0
    endloop
  endfacet
  facet normal 0 0 -1
    outer loop
      vertex 31.7464 14.013 0
      vertex 4.85489 14.0343 0
      vertex 31.6653 14.3367 0
    endloop
  endfacet
  facet normal 0 -0 -1
    outer loop
      vertex 4.85489 14.0343 0
      vertex 31.7464 14.013 0
      vertex 4.73685 13.5631 0
    endloop
  endfacet
  facet normal -0 0 -1
    outer loop
      vertex 31.8588 13.6989 0
      vertex 4.73685 13.5631 0
      vertex 31.7464 14.013 0
    endloop
  endfacet
  facet normal 0 -0 -1
    outer loop
      vertex 4.73685 13.5631 0
      vertex 31.8588 13.6989 0
      vertex 4.5732 13.1057 0
    endloop
  endfacet
  facet normal -0 0 -1
    outer loop
      vertex 32.0015 13.3973 0
      vertex 4.5732 13.1057 0
      vertex 31.8588 13.6989 0
    endloop
  endfacet
  facet normal 0 -0 -1
    outer loop
      vertex 4.5732 13.1057 0
      vertex 32.0015 13.3973 0
      vertex 4.36551 12.6666 0
    endloop
  endfacet
  facet normal 0 0 -1
    outer loop
      vertex 37.9446 -21.2288 0
      vertex 2.75007 10.8842 0
      vertex 3.14025 11.1736 0
    endloop
  endfacet
  facet normal 0 0 -1
    outer loop
      vertex 37.9446 -21.2288 0
      vertex 2.33341 10.6345 0
      vertex 2.75007 10.8842 0
    endloop
  endfacet
  facet normal 0 0 -1
    outer loop
      vertex 37.609 -21.9385 0
      vertex 1.89428 10.4268 0
      vertex 2.33341 10.6345 0
    endloop
  endfacet
  facet normal 0 0 -1
    outer loop
      vertex -38.8159 -30.0751 0
      vertex 38.8159 -30.0751 0
      vertex 39.3431 -30.6569 0
    endloop
  endfacet
  facet normal 0 0 -1
    outer loop
      vertex 37.3445 -22.6777 0
      vertex 1.43691 10.2631 0
      vertex 1.89428 10.4268 0
    endloop
  endfacet
  facet normal 0 0 -1
    outer loop
      vertex 37.1537 -23.4393 0
      vertex 0.965696 10.1451 0
      vertex 1.43691 10.2631 0
    endloop
  endfacet
  facet normal 0 0 -1
    outer loop
      vertex 37.0385 -24.2159 0
      vertex 0.485185 10.0738 0
      vertex 0.965696 10.1451 0
    endloop
  endfacet
  facet normal 0 0 -1
    outer loop
      vertex 37 -25 0
      vertex 0 10.05 0
      vertex 0.485185 10.0738 0
    endloop
  endfacet
  facet normal 0 0 -1
    outer loop
      vertex 37.0385 -25.7841 0
      vertex -37.0385 -25.7841 0
      vertex 0 10.05 0
    endloop
  endfacet
  facet normal 0 -0 -1
    outer loop
      vertex -37 -25 0
      vertex 0 10.05 0
      vertex -37.0385 -25.7841 0
    endloop
  endfacet
  facet normal -0 0 -1
    outer loop
      vertex 0 10.05 0
      vertex -37 -25 0
      vertex -0.485185 10.0738 0
    endloop
  endfacet
  facet normal 0 0 -1
    outer loop
      vertex -37.0385 -24.2159 0
      vertex -0.485185 10.0738 0
      vertex -37 -25 0
    endloop
  endfacet
  facet normal -0 0 -1
    outer loop
      vertex -0.485185 10.0738 0
      vertex -37.0385 -24.2159 0
      vertex -0.965696 10.1451 0
    endloop
  endfacet
  facet normal -0 0 -1
    outer loop
      vertex -0.965696 10.1451 0
      vertex -37.1537 -23.4393 0
      vertex -1.43691 10.2631 0
    endloop
  endfacet
  facet normal 0 0 -1
    outer loop
      vertex -37.3445 -22.6777 0
      vertex -1.43691 10.2631 0
      vertex -37.1537 -23.4393 0
    endloop
  endfacet
  facet normal -0 0 -1
    outer loop
      vertex -1.43691 10.2631 0
      vertex -37.3445 -22.6777 0
      vertex -1.89428 10.4268 0
    endloop
  endfacet
  facet normal 0 0 -1
    outer loop
      vertex -4.92616 14.5148 0
      vertex -31.6 15 0
      vertex -4.95 15 0
    endloop
  endfacet
  facet normal 0 0 -1
    outer loop
      vertex -31.6653 14.3367 0
      vertex -4.92616 14.5148 0
      vertex -4.85489 14.0343 0
    endloop
  endfacet
  facet normal 0 0 -1
    outer loop
      vertex -31.7464 14.013 0
      vertex -4.85489 14.0343 0
      vertex -4.73685 13.5631 0
    endloop
  endfacet
  facet normal 0 0 -1
    outer loop
      vertex -31.8588 13.6989 0
      vertex -4.73685 13.5631 0
      vertex -4.5732 13.1057 0
    endloop
  endfacet
  facet normal 0 0 -1
    outer loop
      vertex -32.0015 13.3973 0
      vertex -4.5732 13.1057 0
      vertex -4.36551 12.6666 0
    endloop
  endfacet
  facet normal 0 0 -1
    outer loop
      vertex -32.173 13.1111 0
      vertex -4.36551 12.6666 0
      vertex -4.11577 12.2499 0
    endloop
  endfacet
  facet normal 0 0 -1
    outer loop
      vertex -32.3718 12.8431 0
      vertex -4.11577 12.2499 0
      vertex -3.8264 11.8598 0
    endloop
  endfacet
  facet normal 0 0 -1
    outer loop
      vertex -32.5958 12.5958 0
      vertex -3.8264 11.8598 0
      vertex -3.50018 11.4998 0
    endloop
  endfacet
  facet normal 0 0 -1
    outer loop
      vertex -37.609 -21.9385 0
      vertex -1.89428 10.4268 0
      vertex -37.3445 -22.6777 0
    endloop
  endfacet
  facet normal 0 0 -1
    outer loop
      vertex -39.3431 -30.6569 0
      vertex 39.3431 -30.6569 0
      vertex 39.9249 -31.1841 0
    endloop
  endfacet
  facet normal 0 0 -1
    outer loop
      vertex -39.9249 -31.1841 0
      vertex 39.9249 -31.1841 0
      vertex 40.5554 -31.6518 0
    endloop
  endfacet
  facet normal 0 0 -1
    outer loop
      vertex -4.92616 14.5148 0
      vertex -31.6164 14.6667 0
      vertex -31.6 15 0
    endloop
  endfacet
  facet normal -0 0 -1
    outer loop
      vertex -4.92616 14.5148 0
      vertex -31.6653 14.3367 0
      vertex -31.6164 14.6667 0
    endloop
  endfacet
  facet normal -0 0 -1
    outer loop
      vertex -4.85489 14.0343 0
      vertex -31.7464 14.013 0
      vertex -31.6653 14.3367 0
    endloop
  endfacet
  facet normal 0 0 -1
    outer loop
      vertex -4.73685 13.5631 0
      vertex -31.8588 13.6989 0
      vertex -31.7464 14.013 0
    endloop
  endfacet
  facet normal 0 0 -1
    outer loop
      vertex -4.5732 13.1057 0
      vertex -32.0015 13.3973 0
      vertex -31.8588 13.6989 0
    endloop
  endfacet
  facet normal 0 -0 -1
    outer loop
      vertex -41.2288 -32.0554 0
      vertex 41.2288 -32.0554 0
      vertex -41.9385 -32.391 0
    endloop
  endfacet
  facet normal -0 0 -1
    outer loop
      vertex -2.33341 10.6345 0
      vertex -37.9446 -21.2288 0
      vertex -2.75007 10.8842 0
    endloop
  endfacet
  facet normal -0 0 -1
    outer loop
      vertex -2.75007 10.8842 0
      vertex -37.9446 -21.2288 0
      vertex -3.14025 11.1736 0
    endloop
  endfacet
  facet normal 0 0 -1
    outer loop
      vertex -4.36551 12.6666 0
      vertex -32.173 13.1111 0
      vertex -32.0015 13.3973 0
    endloop
  endfacet
  facet normal 0 0 -1
    outer loop
      vertex -4.11577 12.2499 0
      vertex -32.3718 12.8431 0
      vertex -32.173 13.1111 0
    endloop
  endfacet
  facet normal 0 0 -1
    outer loop
      vertex -38.3482 -20.5554 0
      vertex -3.14025 11.1736 0
      vertex -37.9446 -21.2288 0
    endloop
  endfacet
  facet normal 0 0 -1
    outer loop
      vertex -3.8264 11.8598 0
      vertex -32.5958 12.5958 0
      vertex -32.3718 12.8431 0
    endloop
  endfacet
  facet normal 0 -0 -1
    outer loop
      vertex -32.8431 12.3718 0
      vertex -3.14025 11.1736 0
      vertex -38.3482 -20.5554 0
    endloop
  endfacet
  facet normal 0 0 -1
    outer loop
      vertex -3.50018 11.4998 0
      vertex -32.8431 12.3718 0
      vertex -32.5958 12.5958 0
    endloop
  endfacet
  facet normal 0 0 -1
    outer loop
      vertex -3.14025 11.1736 0
      vertex -32.8431 12.3718 0
      vertex -3.50018 11.4998 0
    endloop
  endfacet
  facet normal 0 0 -1
    outer loop
      vertex -32.8431 12.3718 0
      vertex -38.3482 -20.5554 0
      vertex -33.1111 12.173 0
    endloop
  endfacet
  facet normal 0 0 -1
    outer loop
      vertex -38.8159 -19.9249 0
      vertex -33.1111 12.173 0
      vertex -38.3482 -20.5554 0
    endloop
  endfacet
  facet normal 0 0 -1
    outer loop
      vertex -33.1111 12.173 0
      vertex -38.8159 -19.9249 0
      vertex -33.3973 12.0015 0
    endloop
  endfacet
  facet normal 0 0 -1
    outer loop
      vertex -39.3431 -19.3431 0
      vertex -33.3973 12.0015 0
      vertex -38.8159 -19.9249 0
    endloop
  endfacet
  facet normal 0 0 -1
    outer loop
      vertex -39.9249 -18.8159 0
      vertex -33.6989 11.8588 0
      vertex -39.3431 -19.3431 0
    endloop
  endfacet
  facet normal 0 0 -1
    outer loop
      vertex -33.6989 11.8588 0
      vertex -39.9249 -18.8159 0
      vertex -34.013 11.7464 0
    endloop
  endfacet
  facet normal 0 0 -1
    outer loop
      vertex -34.013 11.7464 0
      vertex -39.9249 -18.8159 0
      vertex -34.3367 11.6653 0
    endloop
  endfacet
  facet normal 0 0 -1
    outer loop
      vertex -37.9446 -21.2288 0
      vertex -2.33341 10.6345 0
      vertex -37.609 -21.9385 0
    endloop
  endfacet
  facet normal -0 0 -1
    outer loop
      vertex -1.89428 10.4268 0
      vertex -37.609 -21.9385 0
      vertex -2.33341 10.6345 0
    endloop
  endfacet
  facet normal 0 0 -1
    outer loop
      vertex -37.1537 -23.4393 0
      vertex -0.965696 10.1451 0
      vertex -37.0385 -24.2159 0
    endloop
  endfacet
  facet normal 0 0 -1
    outer loop
      vertex 37.1537 -26.5607 0
      vertex -37.1537 -26.5607 0
      vertex -37.0385 -25.7841 0
    endloop
  endfacet
  facet normal 0 0 -1
    outer loop
      vertex 37.3445 -27.3223 0
      vertex -37.3445 -27.3223 0
      vertex -37.1537 -26.5607 0
    endloop
  endfacet
  facet normal 0 0 -1
    outer loop
      vertex 37.609 -28.0615 0
      vertex -37.609 -28.0615 0
      vertex -37.3445 -27.3223 0
    endloop
  endfacet
  facet normal 0 0 -1
    outer loop
      vertex 37.9446 -28.7712 0
      vertex -37.9446 -28.7712 0
      vertex -37.609 -28.0615 0
    endloop
  endfacet
  facet normal 0 0 -1
    outer loop
      vertex 38.3482 -29.4446 0
      vertex -38.3482 -29.4446 0
      vertex -37.9446 -28.7712 0
    endloop
  endfacet
  facet normal 0 0 -1
    outer loop
      vertex 38.8159 -30.0751 0
      vertex -38.8159 -30.0751 0
      vertex -38.3482 -29.4446 0
    endloop
  endfacet
  facet normal 0 0 -1
    outer loop
      vertex 39.3431 -30.6569 0
      vertex -39.3431 -30.6569 0
      vertex -38.8159 -30.0751 0
    endloop
  endfacet
  facet normal 0 0 -1
    outer loop
      vertex 39.9249 -31.1841 0
      vertex -39.9249 -31.1841 0
      vertex -39.3431 -30.6569 0
    endloop
  endfacet
  facet normal 0 0 -1
    outer loop
      vertex 40.5554 -31.6518 0
      vertex -40.5554 -31.6518 0
      vertex -39.9249 -31.1841 0
    endloop
  endfacet
  facet normal -0 0 -1
    outer loop
      vertex 40.5554 -31.6518 0
      vertex -41.2288 -32.0554 0
      vertex -40.5554 -31.6518 0
    endloop
  endfacet
  facet normal 0 0 -1
    outer loop
      vertex 41.2288 -32.0554 0
      vertex -41.2288 -32.0554 0
      vertex 40.5554 -31.6518 0
    endloop
  endfacet
  facet normal 0 0 -1
    outer loop
      vertex -70 -50 0
      vertex -41.9385 -32.391 0
      vertex 70 -50 0
    endloop
  endfacet
  facet normal 0 0 -1
    outer loop
      vertex -41.9385 -32.391 0
      vertex -70 -50 0
      vertex -42.6777 -32.6555 0
    endloop
  endfacet
  facet normal 0 0 -1
    outer loop
      vertex -42.6777 -32.6555 0
      vertex -70 -50 0
      vertex -43.4393 -32.8463 0
    endloop
  endfacet
  facet normal 0 0 -1
    outer loop
      vertex -43.4393 -32.8463 0
      vertex -70 -50 0
      vertex -44.2159 -32.9615 0
    endloop
  endfacet
  facet normal 0 0 -1
    outer loop
      vertex -44.2159 -32.9615 0
      vertex -70 -50 0
      vertex -45 -33 0
    endloop
  endfacet
  facet normal -0 0 -1
    outer loop
      vertex -52.9615 -25.7841 0
      vertex -70 -50 0
      vertex -53 -25 0
    endloop
  endfacet
  facet normal -0 0 -1
    outer loop
      vertex -52.8463 -26.5607 0
      vertex -70 -50 0
      vertex -52.9615 -25.7841 0
    endloop
  endfacet
  facet normal -0 0 -1
    outer loop
      vertex -52.6555 -27.3223 0
      vertex -70 -50 0
      vertex -52.8463 -26.5607 0
    endloop
  endfacet
  facet normal -0 0 -1
    outer loop
      vertex -52.391 -28.0615 0
      vertex -70 -50 0
      vertex -52.6555 -27.3223 0
    endloop
  endfacet
  facet normal -0 0 -1
    outer loop
      vertex -52.0554 -28.7712 0
      vertex -70 -50 0
      vertex -52.391 -28.0615 0
    endloop
  endfacet
  facet normal -0 0 -1
    outer loop
      vertex -51.6518 -29.4446 0
      vertex -70 -50 0
      vertex -52.0554 -28.7712 0
    endloop
  endfacet
  facet normal -0 0 -1
    outer loop
      vertex -51.1841 -30.0751 0
      vertex -70 -50 0
      vertex -51.6518 -29.4446 0
    endloop
  endfacet
  facet normal -0 0 -1
    outer loop
      vertex -50.6569 -30.6569 0
      vertex -70 -50 0
      vertex -51.1841 -30.0751 0
    endloop
  endfacet
  facet normal -0 0 -1
    outer loop
      vertex -50.0751 -31.1841 0
      vertex -70 -50 0
      vertex -50.6569 -30.6569 0
    endloop
  endfacet
  facet normal -0 0 -1
    outer loop
      vertex -49.4446 -31.6518 0
      vertex -70 -50 0
      vertex -50.0751 -31.1841 0
    endloop
  endfacet
  facet normal -0 0 -1
    outer loop
      vertex -48.7712 -32.0554 0
      vertex -70 -50 0
      vertex -49.4446 -31.6518 0
    endloop
  endfacet
  facet normal -0 0 -1
    outer loop
      vertex -48.0615 -32.391 0
      vertex -70 -50 0
      vertex -48.7712 -32.0554 0
    endloop
  endfacet
  facet normal -0 0 -1
    outer loop
      vertex -47.3223 -32.6555 0
      vertex -70 -50 0
      vertex -48.0615 -32.391 0
    endloop
  endfacet
  facet normal -0 0 -1
    outer loop
      vertex -46.5607 -32.8463 0
      vertex -70 -50 0
      vertex -47.3223 -32.6555 0
    endloop
  endfacet
  facet normal -0 0 -1
    outer loop
      vertex -45.7841 -32.9615 0
      vertex -70 -50 0
      vertex -46.5607 -32.8463 0
    endloop
  endfacet
  facet normal -0 0 -1
    outer loop
      vertex -45 -33 0
      vertex -70 -50 0
      vertex -45.7841 -32.9615 0
    endloop
  endfacet
  facet normal 0 0 -1
    outer loop
      vertex 52.8463 -23.4393 0
      vertex 70 -50 0
      vertex 52.9615 -24.2159 0
    endloop
  endfacet
  facet normal 0 0 -1
    outer loop
      vertex 70 -50 0
      vertex 52.8463 -23.4393 0
      vertex 70 30 0
    endloop
  endfacet
  facet normal 0 0 -1
    outer loop
      vertex 52.6555 -22.6777 0
      vertex 70 30 0
      vertex 52.8463 -23.4393 0
    endloop
  endfacet
  facet normal 0 0 -1
    outer loop
      vertex 52.391 -21.9385 0
      vertex 70 30 0
      vertex 52.6555 -22.6777 0
    endloop
  endfacet
  facet normal 0 0 -1
    outer loop
      vertex 52.0554 -21.2288 0
      vertex 70 30 0
      vertex 52.391 -21.9385 0
    endloop
  endfacet
  facet normal 0 0 -1
    outer loop
      vertex 51.6518 -20.5554 0
      vertex 70 30 0
      vertex 52.0554 -21.2288 0
    endloop
  endfacet
  facet normal 0 0 -1
    outer loop
      vertex 51.1841 -19.9249 0
      vertex 70 30 0
      vertex 51.6518 -20.5554 0
    endloop
  endfacet
  facet normal 0 0 -1
    outer loop
      vertex 50.6569 -19.3431 0
      vertex 70 30 0
      vertex 51.1841 -19.9249 0
    endloop
  endfacet
  facet normal 0 0 -1
    outer loop
      vertex 50.0751 -18.8159 0
      vertex 70 30 0
      vertex 50.6569 -19.3431 0
    endloop
  endfacet
  facet normal 0 0 -1
    outer loop
      vertex 49.4446 -18.3482 0
      vertex 70 30 0
      vertex 50.0751 -18.8159 0
    endloop
  endfacet
  facet normal 0 0 -1
    outer loop
      vertex 48.7712 -17.9446 0
      vertex 70 30 0
      vertex 49.4446 -18.3482 0
    endloop
  endfacet
  facet normal 0 0 -1
    outer loop
      vertex 38.3836 14.6667 0
      vertex 48.7712 -17.9446 0
      vertex 48.0615 -17.609 0
    endloop
  endfacet
  facet normal 0 0 -1
    outer loop
      vertex 38.3836 14.6667 0
      vertex 48.0615 -17.609 0
      vertex 47.3223 -17.3445 0
    endloop
  endfacet
  facet normal 0 0 -1
    outer loop
      vertex 38.3836 14.6667 0
      vertex 47.3223 -17.3445 0
      vertex 46.5607 -17.1537 0
    endloop
  endfacet
  facet normal 0 0 -1
    outer loop
      vertex 38.3836 14.6667 0
      vertex 46.5607 -17.1537 0
      vertex 45.7841 -17.0385 0
    endloop
  endfacet
  facet normal 0 0 -1
    outer loop
      vertex 38.3836 14.6667 0
      vertex 45.7841 -17.0385 0
      vertex 45 -17 0
    endloop
  endfacet
  facet normal 0 0 -1
    outer loop
      vertex 38.3836 14.6667 0
      vertex 45 -17 0
      vertex 44.2159 -17.0385 0
    endloop
  endfacet
  facet normal 0 0 -1
    outer loop
      vertex 38.3836 14.6667 0
      vertex 44.2159 -17.0385 0
      vertex 43.4393 -17.1537 0
    endloop
  endfacet
  facet normal 0 0 -1
    outer loop
      vertex 38.3836 14.6667 0
      vertex 43.4393 -17.1537 0
      vertex 42.6777 -17.3445 0
    endloop
  endfacet
  facet normal 0 0 -1
    outer loop
      vertex 38.3836 14.6667 0
      vertex 42.6777 -17.3445 0
      vertex 41.9385 -17.609 0
    endloop
  endfacet
  facet normal 0 0 -1
    outer loop
      vertex 38.3836 14.6667 0
      vertex 41.9385 -17.609 0
      vertex 41.2288 -17.9446 0
    endloop
  endfacet
  facet normal 0 0 -1
    outer loop
      vertex 38.3836 14.6667 0
      vertex 41.2288 -17.9446 0
      vertex 40.5554 -18.3482 0
    endloop
  endfacet
  facet normal 0 0 -1
    outer loop
      vertex 38.3836 14.6667 0
      vertex 40.5554 -18.3482 0
      vertex 39.9249 -18.8159 0
    endloop
  endfacet
  facet normal 0 0 -1
    outer loop
      vertex 38.3836 14.6667 0
      vertex 39.9249 -18.8159 0
      vertex 39.3431 -19.3431 0
    endloop
  endfacet
  facet normal 0 0 -1
    outer loop
      vertex 33.3973 12.0015 0
      vertex 39.3431 -19.3431 0
      vertex 38.8159 -19.9249 0
    endloop
  endfacet
  facet normal 0 0 -1
    outer loop
      vertex 38.3836 14.6667 0
      vertex 70 30 0
      vertex 48.7712 -17.9446 0
    endloop
  endfacet
  facet normal 0 0 -1
    outer loop
      vertex 38.3836 15.3333 0
      vertex 70 30 0
      vertex 38.4 15 0
    endloop
  endfacet
  facet normal 0 0 -1
    outer loop
      vertex 38.3347 15.6633 0
      vertex 70 30 0
      vertex 38.3836 15.3333 0
    endloop
  endfacet
  facet normal 0 0 -1
    outer loop
      vertex 38.2536 15.987 0
      vertex 70 30 0
      vertex 38.3347 15.6633 0
    endloop
  endfacet
  facet normal 0 0 -1
    outer loop
      vertex 38.1412 16.3011 0
      vertex 70 30 0
      vertex 38.2536 15.987 0
    endloop
  endfacet
  facet normal 0 0 -1
    outer loop
      vertex 37.9985 16.6027 0
      vertex 70 30 0
      vertex 38.1412 16.3011 0
    endloop
  endfacet
  facet normal 0 0 -1
    outer loop
      vertex 37.827 16.8889 0
      vertex 70 30 0
      vertex 37.9985 16.6027 0
    endloop
  endfacet
  facet normal 0 0 -1
    outer loop
      vertex 37.6282 17.1569 0
      vertex 70 30 0
      vertex 37.827 16.8889 0
    endloop
  endfacet
  facet normal 0 0 -1
    outer loop
      vertex 37.4042 17.4042 0
      vertex 70 30 0
      vertex 37.6282 17.1569 0
    endloop
  endfacet
  facet normal 0 0 -1
    outer loop
      vertex 37.1569 17.6282 0
      vertex 70 30 0
      vertex 37.4042 17.4042 0
    endloop
  endfacet
  facet normal 0 0 -1
    outer loop
      vertex 36.8889 17.827 0
      vertex 70 30 0
      vertex 37.1569 17.6282 0
    endloop
  endfacet
  facet normal 0 0 -1
    outer loop
      vertex 36.6027 17.9985 0
      vertex 70 30 0
      vertex 36.8889 17.827 0
    endloop
  endfacet
  facet normal 0 0 -1
    outer loop
      vertex 36.3011 18.1412 0
      vertex 70 30 0
      vertex 36.6027 17.9985 0
    endloop
  endfacet
  facet normal 0 0 -1
    outer loop
      vertex 35.987 18.2536 0
      vertex 70 30 0
      vertex 36.3011 18.1412 0
    endloop
  endfacet
  facet normal 0 0 -1
    outer loop
      vertex 35.6633 18.3347 0
      vertex 70 30 0
      vertex 35.987 18.2536 0
    endloop
  endfacet
  facet normal 0 0 -1
    outer loop
      vertex 35.3333 18.3836 0
      vertex 70 30 0
      vertex 35.6633 18.3347 0
    endloop
  endfacet
  facet normal 0 0 -1
    outer loop
      vertex 35 18.4 0
      vertex 70 30 0
      vertex 35.3333 18.3836 0
    endloop
  endfacet
  facet normal 0 0 -1
    outer loop
      vertex 34.6667 18.3836 0
      vertex 70 30 0
      vertex 35 18.4 0
    endloop
  endfacet
  facet normal 0 0 -1
    outer loop
      vertex 0.965696 19.8549 0
      vertex 34.6667 18.3836 0
      vertex 34.3367 18.3347 0
    endloop
  endfacet
  facet normal 0 0 -1
    outer loop
      vertex 1.43691 19.7369 0
      vertex 34.3367 18.3347 0
      vertex 34.013 18.2536 0
    endloop
  endfacet
  facet normal 0 0 -1
    outer loop
      vertex 4.95 15 0
      vertex 31.6164 15.3333 0
      vertex 31.6 15 0
    endloop
  endfacet
  facet normal 0 0 -1
    outer loop
      vertex 4.92616 15.4852 0
      vertex 31.6164 15.3333 0
      vertex 4.95 15 0
    endloop
  endfacet
  facet normal 0 0 -1
    outer loop
      vertex 31.6164 15.3333 0
      vertex 4.92616 15.4852 0
      vertex 31.6653 15.6633 0
    endloop
  endfacet
  facet normal 0 0 -1
    outer loop
      vertex 4.85489 15.9657 0
      vertex 31.6653 15.6633 0
      vertex 4.92616 15.4852 0
    endloop
  endfacet
  facet normal 0 0 -1
    outer loop
      vertex 31.6653 15.6633 0
      vertex 4.85489 15.9657 0
      vertex 31.7464 15.987 0
    endloop
  endfacet
  facet normal 0 0 -1
    outer loop
      vertex 4.73685 16.4369 0
      vertex 31.7464 15.987 0
      vertex 4.85489 15.9657 0
    endloop
  endfacet
  facet normal 0 0 -1
    outer loop
      vertex 31.7464 15.987 0
      vertex 4.73685 16.4369 0
      vertex 31.8588 16.3011 0
    endloop
  endfacet
  facet normal 0 0 -1
    outer loop
      vertex 4.5732 16.8943 0
      vertex 31.8588 16.3011 0
      vertex 4.73685 16.4369 0
    endloop
  endfacet
  facet normal 0 0 -1
    outer loop
      vertex 31.8588 16.3011 0
      vertex 4.5732 16.8943 0
      vertex 32.0015 16.6027 0
    endloop
  endfacet
  facet normal 0 0 -1
    outer loop
      vertex 4.36551 17.3334 0
      vertex 32.0015 16.6027 0
      vertex 4.5732 16.8943 0
    endloop
  endfacet
  facet normal 0 0 -1
    outer loop
      vertex 32.0015 16.6027 0
      vertex 4.36551 17.3334 0
      vertex 32.173 16.8889 0
    endloop
  endfacet
  facet normal 0 0 -1
    outer loop
      vertex 4.11577 17.7501 0
      vertex 32.173 16.8889 0
      vertex 4.36551 17.3334 0
    endloop
  endfacet
  facet normal 0 0 -1
    outer loop
      vertex 32.173 16.8889 0
      vertex 4.11577 17.7501 0
      vertex 32.3718 17.1569 0
    endloop
  endfacet
  facet normal 0 0 -1
    outer loop
      vertex 3.8264 18.1402 0
      vertex 32.3718 17.1569 0
      vertex 4.11577 17.7501 0
    endloop
  endfacet
  facet normal 0 0 -1
    outer loop
      vertex 32.3718 17.1569 0
      vertex 3.8264 18.1402 0
      vertex 32.5958 17.4042 0
    endloop
  endfacet
  facet normal 0 0 -1
    outer loop
      vertex 3.50018 18.5002 0
      vertex 32.5958 17.4042 0
      vertex 3.8264 18.1402 0
    endloop
  endfacet
  facet normal 0 0 -1
    outer loop
      vertex 32.5958 17.4042 0
      vertex 3.50018 18.5002 0
      vertex 32.8431 17.6282 0
    endloop
  endfacet
  facet normal 0 0 -1
    outer loop
      vertex 3.14025 18.8264 0
      vertex 32.8431 17.6282 0
      vertex 3.50018 18.5002 0
    endloop
  endfacet
  facet normal 0 0 -1
    outer loop
      vertex 32.8431 17.6282 0
      vertex 3.14025 18.8264 0
      vertex 33.1111 17.827 0
    endloop
  endfacet
  facet normal 0 0 -1
    outer loop
      vertex 2.75007 19.1158 0
      vertex 33.1111 17.827 0
      vertex 3.14025 18.8264 0
    endloop
  endfacet
  facet normal 0 0 -1
    outer loop
      vertex 33.1111 17.827 0
      vertex 2.75007 19.1158 0
      vertex 33.3973 17.9985 0
    endloop
  endfacet
  facet normal 0 0 -1
    outer loop
      vertex 2.33341 19.3655 0
      vertex 33.3973 17.9985 0
      vertex 2.75007 19.1158 0
    endloop
  endfacet
  facet normal 0 0 -1
    outer loop
      vertex 33.3973 17.9985 0
      vertex 2.33341 19.3655 0
      vertex 33.6989 18.1412 0
    endloop
  endfacet
  facet normal 0 0 -1
    outer loop
      vertex 1.89428 19.5732 0
      vertex 33.6989 18.1412 0
      vertex 2.33341 19.3655 0
    endloop
  endfacet
  facet normal 0 0 -1
    outer loop
      vertex 33.6989 18.1412 0
      vertex 1.89428 19.5732 0
      vertex 34.013 18.2536 0
    endloop
  endfacet
  facet normal 0 0 -1
    outer loop
      vertex 1.43691 19.7369 0
      vertex 34.013 18.2536 0
      vertex 1.89428 19.5732 0
    endloop
  endfacet
  facet normal 0 0 -1
    outer loop
      vertex 34.3367 18.3347 0
      vertex 1.43691 19.7369 0
      vertex 0.965696 19.8549 0
    endloop
  endfacet
  facet normal 0 0 -1
    outer loop
      vertex 34.6667 18.3836 0
      vertex 0.965696 19.8549 0
      vertex 70 30 0
    endloop
  endfacet
  facet normal 0 0 -1
    outer loop
      vertex 0.485185 19.9262 0
      vertex 70 30 0
      vertex 0.965696 19.8549 0
    endloop
  endfacet
  facet normal 0 0 -1
    outer loop
      vertex 0 19.95 0
      vertex 70 30 0
      vertex 0.485185 19.9262 0
    endloop
  endfacet
  facet normal 0 0 -1
    outer loop
      vertex -70 30 0
      vertex 0 19.95 0
      vertex -0.485185 19.9262 0
    endloop
  endfacet
  facet normal 0 0 -1
    outer loop
      vertex -31.6 15 0
      vertex -4.92616 15.4852 0
      vertex -4.95 15 0
    endloop
  endfacet
  facet normal 0 0 -1
    outer loop
      vertex -31.6164 15.3333 0
      vertex -4.92616 15.4852 0
      vertex -31.6 15 0
    endloop
  endfacet
  facet normal 0 0 -1
    outer loop
      vertex -31.6653 15.6633 0
      vertex -4.92616 15.4852 0
      vertex -31.6164 15.3333 0
    endloop
  endfacet
  facet normal 0 0 -1
    outer loop
      vertex -4.92616 15.4852 0
      vertex -31.6653 15.6633 0
      vertex -4.85489 15.9657 0
    endloop
  endfacet
  facet normal 0 0 -1
    outer loop
      vertex -31.7464 15.987 0
      vertex -4.85489 15.9657 0
      vertex -31.6653 15.6633 0
    endloop
  endfacet
  facet normal 0 0 -1
    outer loop
      vertex -4.85489 15.9657 0
      vertex -31.7464 15.987 0
      vertex -4.73685 16.4369 0
    endloop
  endfacet
  facet normal 0 0 -1
    outer loop
      vertex -31.8588 16.3011 0
      vertex -4.73685 16.4369 0
      vertex -31.7464 15.987 0
    endloop
  endfacet
  facet normal -0 0 -1
    outer loop
      vertex -4.73685 16.4369 0
      vertex -31.8588 16.3011 0
      vertex -4.5732 16.8943 0
    endloop
  endfacet
  facet normal 0 0 -1
    outer loop
      vertex -32.0015 16.6027 0
      vertex -4.5732 16.8943 0
      vertex -31.8588 16.3011 0
    endloop
  endfacet
  facet normal -0 0 -1
    outer loop
      vertex -4.5732 16.8943 0
      vertex -32.0015 16.6027 0
      vertex -4.36551 17.3334 0
    endloop
  endfacet
  facet normal 0 0 -1
    outer loop
      vertex -32.173 16.8889 0
      vertex -4.36551 17.3334 0
      vertex -32.0015 16.6027 0
    endloop
  endfacet
  facet normal -0 0 -1
    outer loop
      vertex -4.36551 17.3334 0
      vertex -32.173 16.8889 0
      vertex -4.11577 17.7501 0
    endloop
  endfacet
  facet normal 0 0 -1
    outer loop
      vertex -32.3718 17.1569 0
      vertex -4.11577 17.7501 0
      vertex -32.173 16.8889 0
    endloop
  endfacet
  facet normal -0 0 -1
    outer loop
      vertex -4.11577 17.7501 0
      vertex -32.3718 17.1569 0
      vertex -3.8264 18.1402 0
    endloop
  endfacet
  facet normal 0 0 -1
    outer loop
      vertex -32.5958 17.4042 0
      vertex -3.8264 18.1402 0
      vertex -32.3718 17.1569 0
    endloop
  endfacet
  facet normal -0 0 -1
    outer loop
      vertex -3.8264 18.1402 0
      vertex -32.5958 17.4042 0
      vertex -3.50018 18.5002 0
    endloop
  endfacet
  facet normal 0 0 -1
    outer loop
      vertex -32.8431 17.6282 0
      vertex -3.50018 18.5002 0
      vertex -32.5958 17.4042 0
    endloop
  endfacet
  facet normal -0 0 -1
    outer loop
      vertex -3.50018 18.5002 0
      vertex -32.8431 17.6282 0
      vertex -3.14025 18.8264 0
    endloop
  endfacet
  facet normal 0 0 -1
    outer loop
      vertex -33.1111 17.827 0
      vertex -3.14025 18.8264 0
      vertex -32.8431 17.6282 0
    endloop
  endfacet
  facet normal -0 0 -1
    outer loop
      vertex -3.14025 18.8264 0
      vertex -33.1111 17.827 0
      vertex -2.75007 19.1158 0
    endloop
  endfacet
  facet normal 0 0 -1
    outer loop
      vertex -33.3973 17.9985 0
      vertex -2.75007 19.1158 0
      vertex -33.1111 17.827 0
    endloop
  endfacet
  facet normal -0 0 -1
    outer loop
      vertex -2.75007 19.1158 0
      vertex -33.3973 17.9985 0
      vertex -2.33341 19.3655 0
    endloop
  endfacet
  facet normal 0 0 -1
    outer loop
      vertex -33.6989 18.1412 0
      vertex -2.33341 19.3655 0
      vertex -33.3973 17.9985 0
    endloop
  endfacet
  facet normal -0 0 -1
    outer loop
      vertex -2.33341 19.3655 0
      vertex -33.6989 18.1412 0
      vertex -1.89428 19.5732 0
    endloop
  endfacet
  facet normal 0 0 -1
    outer loop
      vertex -34.013 18.2536 0
      vertex -1.89428 19.5732 0
      vertex -33.6989 18.1412 0
    endloop
  endfacet
  facet normal -0 0 -1
    outer loop
      vertex -1.89428 19.5732 0
      vertex -34.013 18.2536 0
      vertex -1.43691 19.7369 0
    endloop
  endfacet
  facet normal 0 0 -1
    outer loop
      vertex -34.3367 18.3347 0
      vertex -1.43691 19.7369 0
      vertex -34.013 18.2536 0
    endloop
  endfacet
  facet normal -0 0 -1
    outer loop
      vertex -1.43691 19.7369 0
      vertex -34.3367 18.3347 0
      vertex -0.965696 19.8549 0
    endloop
  endfacet
  facet normal 0 0 -1
    outer loop
      vertex -34.6667 18.3836 0
      vertex -0.965696 19.8549 0
      vertex -34.3367 18.3347 0
    endloop
  endfacet
  facet normal 0 0 -1
    outer loop
      vertex -70 30 0
      vertex -0.965696 19.8549 0
      vertex -34.6667 18.3836 0
    endloop
  endfacet
  facet normal 0 0 -1
    outer loop
      vertex -0.965696 19.8549 0
      vertex -70 30 0
      vertex -0.485185 19.9262 0
    endloop
  endfacet
  facet normal 0 0 -1
    outer loop
      vertex -70 30 0
      vertex -34.6667 18.3836 0
      vertex -35 18.4 0
    endloop
  endfacet
  facet normal 0 0 -1
    outer loop
      vertex -70 30 0
      vertex -35 18.4 0
      vertex -35.3333 18.3836 0
    endloop
  endfacet
  facet normal -0 0 -1
    outer loop
      vertex -36.8889 12.173 0
      vertex -45.7841 -17.0385 0
      vertex -37.1569 12.3718 0
    endloop
  endfacet
  facet normal -0 0 -1
    outer loop
      vertex -37.1569 12.3718 0
      vertex -45.7841 -17.0385 0
      vertex -37.4042 12.5958 0
    endloop
  endfacet
  facet normal 0 0 -1
    outer loop
      vertex -46.5607 -17.1537 0
      vertex -37.4042 12.5958 0
      vertex -45.7841 -17.0385 0
    endloop
  endfacet
  facet normal -0 0 -1
    outer loop
      vertex -37.4042 12.5958 0
      vertex -46.5607 -17.1537 0
      vertex -37.6282 12.8431 0
    endloop
  endfacet
  facet normal 0 0 -1
    outer loop
      vertex -47.3223 -17.3445 0
      vertex -37.6282 12.8431 0
      vertex -46.5607 -17.1537 0
    endloop
  endfacet
  facet normal -0 0 -1
    outer loop
      vertex -37.6282 12.8431 0
      vertex -47.3223 -17.3445 0
      vertex -37.827 13.1111 0
    endloop
  endfacet
  facet normal 0 0 -1
    outer loop
      vertex -48.0615 -17.609 0
      vertex -37.827 13.1111 0
      vertex -47.3223 -17.3445 0
    endloop
  endfacet
  facet normal -0 0 -1
    outer loop
      vertex -37.827 13.1111 0
      vertex -48.0615 -17.609 0
      vertex -37.9985 13.3973 0
    endloop
  endfacet
  facet normal 0 0 -1
    outer loop
      vertex -48.7712 -17.9446 0
      vertex -37.9985 13.3973 0
      vertex -48.0615 -17.609 0
    endloop
  endfacet
  facet normal -0 0 -1
    outer loop
      vertex -37.9985 13.3973 0
      vertex -48.7712 -17.9446 0
      vertex -38.1412 13.6989 0
    endloop
  endfacet
  facet normal 0 0 -1
    outer loop
      vertex -49.4446 -18.3482 0
      vertex -38.1412 13.6989 0
      vertex -48.7712 -17.9446 0
    endloop
  endfacet
  facet normal 0 0 -1
    outer loop
      vertex -70 30 0
      vertex -38.1412 13.6989 0
      vertex -49.4446 -18.3482 0
    endloop
  endfacet
  facet normal 0 0 -1
    outer loop
      vertex -38.2536 14.013 0
      vertex -70 30 0
      vertex -38.3347 14.3367 0
    endloop
  endfacet
  facet normal 0 0 -1
    outer loop
      vertex -38.3347 14.3367 0
      vertex -70 30 0
      vertex -38.3836 14.6667 0
    endloop
  endfacet
  facet normal 0 0 -1
    outer loop
      vertex -38.3836 14.6667 0
      vertex -70 30 0
      vertex -38.4 15 0
    endloop
  endfacet
  facet normal 0 0 -1
    outer loop
      vertex -38.4 15 0
      vertex -70 30 0
      vertex -38.3836 15.3333 0
    endloop
  endfacet
  facet normal 0 0 -1
    outer loop
      vertex -38.3836 15.3333 0
      vertex -70 30 0
      vertex -38.3347 15.6633 0
    endloop
  endfacet
  facet normal 0 0 -1
    outer loop
      vertex -38.1412 13.6989 0
      vertex -70 30 0
      vertex -38.2536 14.013 0
    endloop
  endfacet
  facet normal 0 0 -1
    outer loop
      vertex -70 30 0
      vertex -49.4446 -18.3482 0
      vertex -50.0751 -18.8159 0
    endloop
  endfacet
  facet normal 0 0 -1
    outer loop
      vertex -70 30 0
      vertex -50.0751 -18.8159 0
      vertex -50.6569 -19.3431 0
    endloop
  endfacet
  facet normal 0 0 -1
    outer loop
      vertex -70 30 0
      vertex -50.6569 -19.3431 0
      vertex -51.1841 -19.9249 0
    endloop
  endfacet
  facet normal 0 0 -1
    outer loop
      vertex -38.3347 15.6633 0
      vertex -70 30 0
      vertex -38.2536 15.987 0
    endloop
  endfacet
  facet normal 0 0 -1
    outer loop
      vertex -70 30 0
      vertex -51.1841 -19.9249 0
      vertex -51.6518 -20.5554 0
    endloop
  endfacet
  facet normal 0 0 -1
    outer loop
      vertex -70 30 0
      vertex -51.6518 -20.5554 0
      vertex -52.0554 -21.2288 0
    endloop
  endfacet
  facet normal 0 0 -1
    outer loop
      vertex -70 30 0
      vertex -52.0554 -21.2288 0
      vertex -52.391 -21.9385 0
    endloop
  endfacet
  facet normal 0 0 -1
    outer loop
      vertex -70 -50 0
      vertex -52.9615 -24.2159 0
      vertex -53 -25 0
    endloop
  endfacet
  facet normal 0 0 -1
    outer loop
      vertex -70 -50 0
      vertex -52.8463 -23.4393 0
      vertex -52.9615 -24.2159 0
    endloop
  endfacet
  facet normal 0 0 -1
    outer loop
      vertex -70 -50 0
      vertex -52.6555 -22.6777 0
      vertex -52.8463 -23.4393 0
    endloop
  endfacet
  facet normal 0 0 -1
    outer loop
      vertex -70 30 0
      vertex -52.6555 -22.6777 0
      vertex -70 -50 0
    endloop
  endfacet
  facet normal 0 0 -1
    outer loop
      vertex -52.6555 -22.6777 0
      vertex -70 30 0
      vertex -52.391 -21.9385 0
    endloop
  endfacet
  facet normal 0 0 -1
    outer loop
      vertex -38.2536 15.987 0
      vertex -70 30 0
      vertex -38.1412 16.3011 0
    endloop
  endfacet
  facet normal 0 0 -1
    outer loop
      vertex 0 19.95 0
      vertex -70 30 0
      vertex 70 30 0
    endloop
  endfacet
  facet normal 0 0 -1
    outer loop
      vertex -35.6633 18.3347 0
      vertex -70 30 0
      vertex -35.3333 18.3836 0
    endloop
  endfacet
  facet normal 0 0 -1
    outer loop
      vertex -35.987 18.2536 0
      vertex -70 30 0
      vertex -35.6633 18.3347 0
    endloop
  endfacet
  facet normal 0 0 -1
    outer loop
      vertex -36.3011 18.1412 0
      vertex -70 30 0
      vertex -35.987 18.2536 0
    endloop
  endfacet
  facet normal 0 0 -1
    outer loop
      vertex -36.6027 17.9985 0
      vertex -70 30 0
      vertex -36.3011 18.1412 0
    endloop
  endfacet
  facet normal 0 0 -1
    outer loop
      vertex -36.8889 17.827 0
      vertex -70 30 0
      vertex -36.6027 17.9985 0
    endloop
  endfacet
  facet normal 0 0 -1
    outer loop
      vertex -37.1569 17.6282 0
      vertex -70 30 0
      vertex -36.8889 17.827 0
    endloop
  endfacet
  facet normal 0 0 -1
    outer loop
      vertex -37.4042 17.4042 0
      vertex -70 30 0
      vertex -37.1569 17.6282 0
    endloop
  endfacet
  facet normal 0 0 -1
    outer loop
      vertex -37.6282 17.1569 0
      vertex -70 30 0
      vertex -37.4042 17.4042 0
    endloop
  endfacet
  facet normal 0 0 -1
    outer loop
      vertex -37.827 16.8889 0
      vertex -70 30 0
      vertex -37.6282 17.1569 0
    endloop
  endfacet
  facet normal 0 0 -1
    outer loop
      vertex -37.9985 16.6027 0
      vertex -70 30 0
      vertex -37.827 16.8889 0
    endloop
  endfacet
  facet normal 0 0 -1
    outer loop
      vertex -38.1412 16.3011 0
      vertex -70 30 0
      vertex -37.9985 16.6027 0
    endloop
  endfacet
  facet normal 0 0 -1
    outer loop
      vertex -33.3973 12.0015 0
      vertex -39.3431 -19.3431 0
      vertex -33.6989 11.8588 0
    endloop
  endfacet
  facet normal 0 0 -1
    outer loop
      vertex -40.5554 -18.3482 0
      vertex -34.3367 11.6653 0
      vertex -39.9249 -18.8159 0
    endloop
  endfacet
  facet normal 0 0 -1
    outer loop
      vertex -34.3367 11.6653 0
      vertex -40.5554 -18.3482 0
      vertex -34.6667 11.6164 0
    endloop
  endfacet
  facet normal 0 0 -1
    outer loop
      vertex -41.2288 -17.9446 0
      vertex -34.6667 11.6164 0
      vertex -40.5554 -18.3482 0
    endloop
  endfacet
  facet normal 0 0 -1
    outer loop
      vertex -34.6667 11.6164 0
      vertex -41.2288 -17.9446 0
      vertex -35 11.6 0
    endloop
  endfacet
  facet normal 0 0 -1
    outer loop
      vertex -41.9385 -17.609 0
      vertex -35 11.6 0
      vertex -41.2288 -17.9446 0
    endloop
  endfacet
  facet normal -0 0 -1
    outer loop
      vertex -35 11.6 0
      vertex -41.9385 -17.609 0
      vertex -35.3333 11.6164 0
    endloop
  endfacet
  facet normal 0 0 -1
    outer loop
      vertex -42.6777 -17.3445 0
      vertex -35.3333 11.6164 0
      vertex -41.9385 -17.609 0
    endloop
  endfacet
  facet normal -0 0 -1
    outer loop
      vertex -35.3333 11.6164 0
      vertex -42.6777 -17.3445 0
      vertex -35.6633 11.6653 0
    endloop
  endfacet
  facet normal -0 0 -1
    outer loop
      vertex -35.6633 11.6653 0
      vertex -42.6777 -17.3445 0
      vertex -35.987 11.7464 0
    endloop
  endfacet
  facet normal 0 0 -1
    outer loop
      vertex -43.4393 -17.1537 0
      vertex -35.987 11.7464 0
      vertex -42.6777 -17.3445 0
    endloop
  endfacet
  facet normal -0 0 -1
    outer loop
      vertex -35.987 11.7464 0
      vertex -43.4393 -17.1537 0
      vertex -36.3011 11.8588 0
    endloop
  endfacet
  facet normal 0 0 -1
    outer loop
      vertex -44.2159 -17.0385 0
      vertex -36.3011 11.8588 0
      vertex -43.4393 -17.1537 0
    endloop
  endfacet
  facet normal -0 0 -1
    outer loop
      vertex -36.3011 11.8588 0
      vertex -44.2159 -17.0385 0
      vertex -36.6027 12.0015 0
    endloop
  endfacet
  facet normal 0 0 -1
    outer loop
      vertex -45 -17 0
      vertex -36.6027 12.0015 0
      vertex -44.2159 -17.0385 0
    endloop
  endfacet
  facet normal -0 0 -1
    outer loop
      vertex -36.6027 12.0015 0
      vertex -45 -17 0
      vertex -36.8889 12.173 0
    endloop
  endfacet
  facet normal 0 0 -1
    outer loop
      vertex -45.7841 -17.0385 0
      vertex -36.8889 12.173 0
      vertex -45 -17 0
    endloop
  endfacet
  facet normal 1 0 0
    outer loop
      vertex 70 -45 60
      vertex 70 -50 60
      vertex 70 -45 30
    endloop
  endfacet
  facet normal 1 0 0
    outer loop
      vertex 70 13.35 57
      vertex 70 0 57
      vertex 70 13.35 54
    endloop
  endfacet
  facet normal 1 0 0
    outer loop
      vertex 70 20.65 54
      vertex 70 30 57
      vertex 70 20.65 57
    endloop
  endfacet
  facet normal 1 0 0
    outer loop
      vertex 70 30 57
      vertex 70 20.65 54
      vertex 70 30 0
    endloop
  endfacet
  facet normal 1 0 0
    outer loop
      vertex 70 0 30
      vertex 70 20.65 54
      vertex 70 13.35 54
    endloop
  endfacet
  facet normal 1 0 0
    outer loop
      vertex 70 0 30
      vertex 70 13.35 54
      vertex 70 0 57
    endloop
  endfacet
  facet normal 1 0 0
    outer loop
      vertex 70 20.65 54
      vertex 70 0 30
      vertex 70 30 0
    endloop
  endfacet
  facet normal 1 0 0
    outer loop
      vertex 70 -50 0
      vertex 70 0 30
      vertex 70 -45 30
    endloop
  endfacet
  facet normal 1 0 0
    outer loop
      vertex 70 0 30
      vertex 70 -50 0
      vertex 70 30 0
    endloop
  endfacet
  facet normal 1 0 0
    outer loop
      vertex 70 -50 0
      vertex 70 -45 30
      vertex 70 -50 60
    endloop
  endfacet
  facet normal -0.243015 0 0.970023
    outer loop
      vertex -64.3223 26 64.6555
      vertex -63.5607 0 64.8463
      vertex -63.5607 26 64.8463
    endloop
  endfacet
  facet normal -0.243015 0 0.970023
    outer loop
      vertex -63.5607 0 64.8463
      vertex -64.3223 26 64.6555
      vertex -64.3223 0 64.6555
    endloop
  endfacet
  facet normal -1 0 0
    outer loop
      vertex -70 30 0
      vertex -70 20.65 54
      vertex -70 30 57
    endloop
  endfacet
  facet normal -1 0 0
    outer loop
      vertex -70 0 30
      vertex -70 20.65 54
      vertex -70 30 0
    endloop
  endfacet
  facet normal -1 0 0
    outer loop
      vertex -70 0 57
      vertex -70 13.35 54
      vertex -70 0 30
    endloop
  endfacet
  facet normal -1 -0 0
    outer loop
      vertex -70 20.65 54
      vertex -70 0 30
      vertex -70 13.35 54
    endloop
  endfacet
  facet normal -1 0 0
    outer loop
      vertex -70 -50 0
      vertex -70 0 30
      vertex -70 30 0
    endloop
  endfacet
  facet normal -1 -0 0
    outer loop
      vertex -70 0 30
      vertex -70 -50 0
      vertex -70 -45 30
    endloop
  endfacet
  facet normal -1 0 0
    outer loop
      vertex -70 -50 60
      vertex -70 -45 30
      vertex -70 -50 0
    endloop
  endfacet
  facet normal -1 0 0
    outer loop
      vertex -70 -45 30
      vertex -70 -50 60
      vertex -70 -45 60
    endloop
  endfacet
  facet normal -1 -0 0
    outer loop
      vertex -70 30 57
      vertex -70 20.65 54
      vertex -70 20.65 57
    endloop
  endfacet
  facet normal -1 0 0
    outer loop
      vertex -70 13.35 54
      vertex -70 0 57
      vertex -70 13.35 57
    endloop
  endfacet
  facet normal 0.67148 0 0.741023
    outer loop
      vertex 67.0751 30 63.1841
      vertex 67.6569 0 62.6569
      vertex 67.6569 30 62.6569
    endloop
  endfacet
  facet normal 0.67148 0 0.741023
    outer loop
      vertex 67.6569 0 62.6569
      vertex 67.0751 30 63.1841
      vertex 67.0751 0 63.1841
    endloop
  endfacet
  facet normal -0.998789 0 0.0491904
    outer loop
      vertex -70 13.35 57
      vertex -70 0 57
      vertex -69.9803 13.35 57.4
    endloop
  endfacet
  facet normal -0.998789 0 0.0491904
    outer loop
      vertex -69.9803 20.65 57.4
      vertex -70 30 57
      vertex -70 20.65 57
    endloop
  endfacet
  facet normal -0.998797 -6.37179e-06 0.0490418
    outer loop
      vertex -70 30 57
      vertex -69.9803 20.65 57.4
      vertex -69.9615 30 57.7841
    endloop
  endfacet
  facet normal -0.998804 0 0.0488871
    outer loop
      vertex -69.9803 13.35 57.4
      vertex -69.9615 30 57.7841
      vertex -69.9803 20.65 57.4
    endloop
  endfacet
  facet normal -0.998804 0 0.0488871
    outer loop
      vertex -69.9803 13.35 57.4
      vertex -69.9615 0 57.7841
      vertex -69.9615 30 57.7841
    endloop
  endfacet
  facet normal -0.998797 4.46264e-06 0.0490418
    outer loop
      vertex -69.9615 0 57.7841
      vertex -69.9803 13.35 57.4
      vertex -70 0 57
    endloop
  endfacet
  facet normal 0.94154 -0 0.336901
    outer loop
      vertex 69.391 0 60.0615
      vertex 69.6555 30 59.3223
      vertex 69.391 30 60.0615
    endloop
  endfacet
  facet normal 0.94154 0 0.336901
    outer loop
      vertex 69.6555 30 59.3223
      vertex 69.391 0 60.0615
      vertex 69.6555 0 59.3223
    endloop
  endfacet
  facet normal 0.85774 -0 0.514084
    outer loop
      vertex 68.6518 0 61.4446
      vertex 69.0554 30 60.7712
      vertex 68.6518 30 61.4446
    endloop
  endfacet
  facet normal 0.85774 0 0.514084
    outer loop
      vertex 69.0554 30 60.7712
      vertex 68.6518 0 61.4446
      vertex 69.0554 0 60.7712
    endloop
  endfacet
  facet normal -0.595773 0 0.803153
    outer loop
      vertex -67.0751 30 63.1841
      vertex -66.4446 0 63.6518
      vertex -66.4446 30 63.6518
    endloop
  endfacet
  facet normal -0.595773 0 0.803153
    outer loop
      vertex -66.4446 0 63.6518
      vertex -67.0751 30 63.1841
      vertex -67.0751 0 63.1841
    endloop
  endfacet
  facet normal 0.336901 0 0.94154
    outer loop
      vertex 64.3223 26 64.6555
      vertex 65.0615 0 64.391
      vertex 65.0615 26 64.391
    endloop
  endfacet
  facet normal 0.336901 0 0.94154
    outer loop
      vertex 65.0615 0 64.391
      vertex 64.3223 26 64.6555
      vertex 64.3223 0 64.6555
    endloop
  endfacet
  facet normal 0.513985 -0 0.857799
    outer loop
      vertex 66 26 63.9182
      vertex 66.4446 30 63.6518
      vertex 66 30 63.9182
    endloop
  endfacet
  facet normal 0.513985 0 0.857799
    outer loop
      vertex 66.4446 30 63.6518
      vertex 66 26 63.9182
      vertex 66.4446 0 63.6518
    endloop
  endfacet
  facet normal 0.514275 -0 0.857625
    outer loop
      vertex 65.7712 0 64.0554
      vertex 66 26 63.9182
      vertex 65.7712 26 64.0554
    endloop
  endfacet
  facet normal 0.514084 2.29274e-06 0.85774
    outer loop
      vertex 66 26 63.9182
      vertex 65.7712 0 64.0554
      vertex 66.4446 0 63.6518
    endloop
  endfacet
  facet normal -0.513985 0 0.857799
    outer loop
      vertex -66 30 63.9182
      vertex -66.4446 30 63.6518
      vertex -66 26 63.9182
    endloop
  endfacet
  facet normal -0.514275 0 0.857625
    outer loop
      vertex -66 26 63.9182
      vertex -65.7712 0 64.0554
      vertex -65.7712 26 64.0554
    endloop
  endfacet
  facet normal -0.513985 0 0.857799
    outer loop
      vertex -66.4446 0 63.6518
      vertex -66 26 63.9182
      vertex -66.4446 30 63.6518
    endloop
  endfacet
  facet normal -0.514084 2.29274e-06 0.85774
    outer loop
      vertex -66 26 63.9182
      vertex -66.4446 0 63.6518
      vertex -65.7712 0 64.0554
    endloop
  endfacet
  facet normal -0.970023 0 0.243015
    outer loop
      vertex -69.8463 0 58.5607
      vertex -69.6555 30 59.3223
      vertex -69.8463 30 58.5607
    endloop
  endfacet
  facet normal -0.970023 0 0.243015
    outer loop
      vertex -69.6555 30 59.3223
      vertex -69.8463 0 58.5607
      vertex -69.6555 0 59.3223
    endloop
  endfacet
  facet normal -0.94154 0 0.336901
    outer loop
      vertex -69.6555 0 59.3223
      vertex -69.391 30 60.0615
      vertex -69.6555 30 59.3223
    endloop
  endfacet
  facet normal -0.94154 0 0.336901
    outer loop
      vertex -69.391 30 60.0615
      vertex -69.6555 0 59.3223
      vertex -69.391 0 60.0615
    endloop
  endfacet
  facet normal 0.741023 -0 0.67148
    outer loop
      vertex 67.6569 0 62.6569
      vertex 68.1841 30 62.0751
      vertex 67.6569 30 62.6569
    endloop
  endfacet
  facet normal 0.741023 0 0.67148
    outer loop
      vertex 68.1841 30 62.0751
      vertex 67.6569 0 62.6569
      vertex 68.1841 0 62.0751
    endloop
  endfacet
  facet normal -0.67148 0 0.741023
    outer loop
      vertex -67.6569 30 62.6569
      vertex -67.0751 0 63.1841
      vertex -67.0751 30 63.1841
    endloop
  endfacet
  facet normal -0.67148 0 0.741023
    outer loop
      vertex -67.0751 0 63.1841
      vertex -67.6569 30 62.6569
      vertex -67.6569 0 62.6569
    endloop
  endfacet
  facet normal 0.998797 -6.37179e-06 0.0490418
    outer loop
      vertex 69.9615 30 57.7841
      vertex 69.9803 20.65 57.4
      vertex 70 30 57
    endloop
  endfacet
  facet normal 0.998804 0 0.0488871
    outer loop
      vertex 69.9615 30 57.7841
      vertex 69.9803 13.35 57.4
      vertex 69.9803 20.65 57.4
    endloop
  endfacet
  facet normal 0.998804 -0 0.0488871
    outer loop
      vertex 69.9615 0 57.7841
      vertex 69.9803 13.35 57.4
      vertex 69.9615 30 57.7841
    endloop
  endfacet
  facet normal 0.998797 4.46264e-06 0.0490418
    outer loop
      vertex 70 0 57
      vertex 69.9803 13.35 57.4
      vertex 69.9615 0 57.7841
    endloop
  endfacet
  facet normal 0.998789 0 0.0491904
    outer loop
      vertex 69.9803 13.35 57.4
      vertex 70 0 57
      vertex 70 13.35 57
    endloop
  endfacet
  facet normal 0.998789 0 0.0491904
    outer loop
      vertex 70 30 57
      vertex 69.9803 20.65 57.4
      vertex 70 20.65 57
    endloop
  endfacet
  facet normal 0.970023 -0 0.243015
    outer loop
      vertex 69.6555 0 59.3223
      vertex 69.8463 30 58.5607
      vertex 69.6555 30 59.3223
    endloop
  endfacet
  facet normal 0.970023 0 0.243015
    outer loop
      vertex 69.8463 30 58.5607
      vertex 69.6555 0 59.3223
      vertex 69.8463 0 58.5607
    endloop
  endfacet
  facet normal 0.90402 -0 0.427489
    outer loop
      vertex 69.0554 0 60.7712
      vertex 69.391 30 60.0615
      vertex 69.0554 30 60.7712
    endloop
  endfacet
  facet normal 0.90402 0 0.427489
    outer loop
      vertex 69.391 30 60.0615
      vertex 69.0554 0 60.7712
      vertex 69.391 0 60.0615
    endloop
  endfacet
  facet normal -0.427489 0 0.90402
    outer loop
      vertex -65.7712 26 64.0554
      vertex -65.0615 0 64.391
      vertex -65.0615 26 64.391
    endloop
  endfacet
  facet normal -0.427489 0 0.90402
    outer loop
      vertex -65.0615 0 64.391
      vertex -65.7712 26 64.0554
      vertex -65.7712 0 64.0554
    endloop
  endfacet
  facet normal -0.989176 0 0.146733
    outer loop
      vertex -69.9615 0 57.7841
      vertex -69.8463 30 58.5607
      vertex -69.9615 30 57.7841
    endloop
  endfacet
  facet normal -0.989176 0 0.146733
    outer loop
      vertex -69.8463 30 58.5607
      vertex -69.9615 0 57.7841
      vertex -69.8463 0 58.5607
    endloop
  endfacet
  facet normal -0.90402 0 0.427489
    outer loop
      vertex -69.391 0 60.0615
      vertex -69.0554 30 60.7712
      vertex -69.391 30 60.0615
    endloop
  endfacet
  facet normal -0.90402 0 0.427489
    outer loop
      vertex -69.0554 30 60.7712
      vertex -69.391 0 60.0615
      vertex -69.0554 0 60.7712
    endloop
  endfacet
  facet normal -0.146733 0 0.989176
    outer loop
      vertex -63.5607 26 64.8463
      vertex -62.7841 0 64.9615
      vertex -62.7841 26 64.9615
    endloop
  endfacet
  facet normal -0.146733 0 0.989176
    outer loop
      vertex -62.7841 0 64.9615
      vertex -63.5607 26 64.8463
      vertex -63.5607 0 64.8463
    endloop
  endfacet
  facet normal -0.0490418 0 0.998797
    outer loop
      vertex -62.7841 26 64.9615
      vertex -62 0 65
      vertex -62 26 65
    endloop
  endfacet
  facet normal -0.0490418 0 0.998797
    outer loop
      vertex -62 0 65
      vertex -62.7841 26 64.9615
      vertex -62.7841 0 64.9615
    endloop
  endfacet
  facet normal 0.803153 -0 0.595773
    outer loop
      vertex 68.1841 0 62.0751
      vertex 68.6518 30 61.4446
      vertex 68.1841 30 62.0751
    endloop
  endfacet
  facet normal 0.803153 0 0.595773
    outer loop
      vertex 68.6518 30 61.4446
      vertex 68.1841 0 62.0751
      vertex 68.6518 0 61.4446
    endloop
  endfacet
  facet normal 0.989176 -0 0.146733
    outer loop
      vertex 69.8463 0 58.5607
      vertex 69.9615 30 57.7841
      vertex 69.8463 30 58.5607
    endloop
  endfacet
  facet normal 0.989176 0 0.146733
    outer loop
      vertex 69.9615 30 57.7841
      vertex 69.8463 0 58.5607
      vertex 69.9615 0 57.7841
    endloop
  endfacet
  facet normal 0.0490418 0 0.998797
    outer loop
      vertex 62 26 65
      vertex 62.7841 0 64.9615
      vertex 62.7841 26 64.9615
    endloop
  endfacet
  facet normal 0.0490418 0 0.998797
    outer loop
      vertex 62.7841 0 64.9615
      vertex 62 26 65
      vertex 62 0 65
    endloop
  endfacet
  facet normal 0.427489 0 0.90402
    outer loop
      vertex 65.0615 26 64.391
      vertex 65.7712 0 64.0554
      vertex 65.7712 26 64.0554
    endloop
  endfacet
  facet normal 0.427489 0 0.90402
    outer loop
      vertex 65.7712 0 64.0554
      vertex 65.0615 26 64.391
      vertex 65.0615 0 64.391
    endloop
  endfacet
  facet normal -0.803153 0 0.595773
    outer loop
      vertex -68.6518 0 61.4446
      vertex -68.1841 30 62.0751
      vertex -68.6518 30 61.4446
    endloop
  endfacet
  facet normal -0.803153 0 0.595773
    outer loop
      vertex -68.1841 30 62.0751
      vertex -68.6518 0 61.4446
      vertex -68.1841 0 62.0751
    endloop
  endfacet
  facet normal -0.85774 0 0.514084
    outer loop
      vertex -69.0554 0 60.7712
      vertex -68.6518 30 61.4446
      vertex -69.0554 30 60.7712
    endloop
  endfacet
  facet normal -0.85774 0 0.514084
    outer loop
      vertex -68.6518 30 61.4446
      vertex -69.0554 0 60.7712
      vertex -68.6518 0 61.4446
    endloop
  endfacet
  facet normal 0.243015 0 0.970023
    outer loop
      vertex 63.5607 26 64.8463
      vertex 64.3223 0 64.6555
      vertex 64.3223 26 64.6555
    endloop
  endfacet
  facet normal 0.243015 0 0.970023
    outer loop
      vertex 64.3223 0 64.6555
      vertex 63.5607 26 64.8463
      vertex 63.5607 0 64.8463
    endloop
  endfacet
  facet normal 0.146733 0 0.989176
    outer loop
      vertex 62.7841 26 64.9615
      vertex 63.5607 0 64.8463
      vertex 63.5607 26 64.8463
    endloop
  endfacet
  facet normal 0.146733 0 0.989176
    outer loop
      vertex 63.5607 0 64.8463
      vertex 62.7841 26 64.9615
      vertex 62.7841 0 64.9615
    endloop
  endfacet
  facet normal -0.741023 0 0.67148
    outer loop
      vertex -68.1841 0 62.0751
      vertex -67.6569 30 62.6569
      vertex -68.1841 30 62.0751
    endloop
  endfacet
  facet normal -0.741023 0 0.67148
    outer loop
      vertex -67.6569 30 62.6569
      vertex -68.1841 0 62.0751
      vertex -67.6569 0 62.6569
    endloop
  endfacet
  facet normal 0 1 0
    outer loop
      vertex 66 30 62
      vertex 66.4446 30 63.6518
      vertex 67.0751 30 63.1841
    endloop
  endfacet
  facet normal 0 1 0
    outer loop
      vertex 66 30 62
      vertex 67.0751 30 63.1841
      vertex 67.6569 30 62.6569
    endloop
  endfacet
  facet normal 0 1 0
    outer loop
      vertex 66 30 62
      vertex 67.6569 30 62.6569
      vertex 68.1841 30 62.0751
    endloop
  endfacet
  facet normal 0 1 0
    outer loop
      vertex 66.4446 30 63.6518
      vertex 66 30 62
      vertex 66 30 63.9182
    endloop
  endfacet
  facet normal 0 1 0
    outer loop
      vertex 69.0554 30 60.7712
      vertex 66 30 62
      vertex 68.6518 30 61.4446
    endloop
  endfacet
  facet normal 0 1 0
    outer loop
      vertex 68.6518 30 61.4446
      vertex 66 30 62
      vertex 68.1841 30 62.0751
    endloop
  endfacet
  facet normal 0 1 -0
    outer loop
      vertex -66 30 62
      vertex -66.4446 30 63.6518
      vertex -66 30 63.9182
    endloop
  endfacet
  facet normal 0 1 0
    outer loop
      vertex -66.4446 30 63.6518
      vertex -66 30 62
      vertex -67.0751 30 63.1841
    endloop
  endfacet
  facet normal 0 1 0
    outer loop
      vertex -67.0751 30 63.1841
      vertex -66 30 62
      vertex -67.6569 30 62.6569
    endloop
  endfacet
  facet normal 0 1 0
    outer loop
      vertex -67.6569 30 62.6569
      vertex -66 30 62
      vertex -68.1841 30 62.0751
    endloop
  endfacet
  facet normal 0 1 0
    outer loop
      vertex -66 30 62
      vertex -68.6518 30 61.4446
      vertex -68.1841 30 62.0751
    endloop
  endfacet
  facet normal 0 1 0
    outer loop
      vertex 6 30 44
      vertex 66 30 62
      vertex 50 30 53.662
    endloop
  endfacet
  facet normal 0 1 0
    outer loop
      vertex 69.391 30 60.0615
      vertex 66 30 62
      vertex 69.0554 30 60.7712
    endloop
  endfacet
  facet normal 0 1 0
    outer loop
      vertex 66 30 62
      vertex 6 30 44
      vertex -66 30 62
    endloop
  endfacet
  facet normal 0 1 0
    outer loop
      vertex 69.6555 30 59.3223
      vertex 66 30 62
      vertex 69.391 30 60.0615
    endloop
  endfacet
  facet normal 0 1 -0
    outer loop
      vertex -54.331 30 49.331
      vertex -66 30 62
      vertex -50 30 53.662
    endloop
  endfacet
  facet normal 0 1 0
    outer loop
      vertex 69.8463 30 58.5607
      vertex 66 30 62
      vertex 69.6555 30 59.3223
    endloop
  endfacet
  facet normal 0 1 -0
    outer loop
      vertex -54.7347 30 48.8857
      vertex -66 30 62
      vertex -54.331 30 49.331
    endloop
  endfacet
  facet normal 0 1 0
    outer loop
      vertex 69.9615 30 57.7841
      vertex 66 30 62
      vertex 69.8463 30 58.5607
    endloop
  endfacet
  facet normal -0 1 0
    outer loop
      vertex -69.9615 30 57.7841
      vertex -66 30 62
      vertex -70 30 57
    endloop
  endfacet
  facet normal 0 1 0
    outer loop
      vertex 66 30 62
      vertex 69.9615 30 57.7841
      vertex 70 30 57
    endloop
  endfacet
  facet normal 0 1 0
    outer loop
      vertex -66 30 62
      vertex -69.0554 30 60.7712
      vertex -68.6518 30 61.4446
    endloop
  endfacet
  facet normal 0 1 0
    outer loop
      vertex 54.7347 30 48.8857
      vertex 66 30 62
      vertex 70 30 57
    endloop
  endfacet
  facet normal 0 1 0
    outer loop
      vertex -66 30 62
      vertex -69.391 30 60.0615
      vertex -69.0554 30 60.7712
    endloop
  endfacet
  facet normal 0 1 0
    outer loop
      vertex -66 30 62
      vertex -69.6555 30 59.3223
      vertex -69.391 30 60.0615
    endloop
  endfacet
  facet normal 0 1 0
    outer loop
      vertex 66 30 62
      vertex 54.331 30 49.331
      vertex 50 30 53.662
    endloop
  endfacet
  facet normal 0 1 0
    outer loop
      vertex 66 30 62
      vertex 54.7347 30 48.8857
      vertex 54.331 30 49.331
    endloop
  endfacet
  facet normal 0 1 0
    outer loop
      vertex 70 30 57
      vertex 55.0927 30 48.4029
      vertex 54.7347 30 48.8857
    endloop
  endfacet
  facet normal 0 1 0
    outer loop
      vertex 70 30 57
      vertex 55.4018 30 47.8873
      vertex 55.0927 30 48.4029
    endloop
  endfacet
  facet normal 0 1 0
    outer loop
      vertex 70 30 57
      vertex 55.6588 30 47.3439
      vertex 55.4018 30 47.8873
    endloop
  endfacet
  facet normal 0 1 0
    outer loop
      vertex 70 30 57
      vertex 55.8613 30 46.778
      vertex 55.6588 30 47.3439
    endloop
  endfacet
  facet normal 0 1 0
    outer loop
      vertex 70 30 57
      vertex 56.0073 30 46.1949
      vertex 55.8613 30 46.778
    endloop
  endfacet
  facet normal 0 1 0
    outer loop
      vertex 70 30 57
      vertex 56.0955 30 45.6003
      vertex 56.0073 30 46.1949
    endloop
  endfacet
  facet normal 0 1 0
    outer loop
      vertex 70 30 57
      vertex 56.125 30 45
      vertex 56.0955 30 45.6003
    endloop
  endfacet
  facet normal 0 1 0
    outer loop
      vertex 70 30 57
      vertex 56.0955 30 44.3997
      vertex 56.125 30 45
    endloop
  endfacet
  facet normal 0 1 0
    outer loop
      vertex 70 30 57
      vertex 56.0073 30 43.8051
      vertex 56.0955 30 44.3997
    endloop
  endfacet
  facet normal 0 1 0
    outer loop
      vertex 70 30 57
      vertex 55.8613 30 43.222
      vertex 56.0073 30 43.8051
    endloop
  endfacet
  facet normal 0 1 0
    outer loop
      vertex 70 30 57
      vertex 55.6588 30 42.6561
      vertex 55.8613 30 43.222
    endloop
  endfacet
  facet normal 0 1 0
    outer loop
      vertex 70 30 57
      vertex 55.4018 30 42.1127
      vertex 55.6588 30 42.6561
    endloop
  endfacet
  facet normal 0 1 -0
    outer loop
      vertex 70 30 0
      vertex 55.4018 30 42.1127
      vertex 70 30 57
    endloop
  endfacet
  facet normal 0 1 0
    outer loop
      vertex 55.4018 30 42.1127
      vertex 70 30 0
      vertex 55.0927 30 41.5971
    endloop
  endfacet
  facet normal 0 1 0
    outer loop
      vertex 55.0927 30 41.5971
      vertex 70 30 0
      vertex 54.7347 30 41.1143
    endloop
  endfacet
  facet normal 0 1 0
    outer loop
      vertex 40.75 30 12
      vertex 50 30 38.875
      vertex 50.6003 30 38.9045
    endloop
  endfacet
  facet normal 0 1 0
    outer loop
      vertex 40.75 30 12
      vertex 50.6003 30 38.9045
      vertex 51.1949 30 38.9927
    endloop
  endfacet
  facet normal 0 1 0
    outer loop
      vertex 40.75 30 12
      vertex 51.1949 30 38.9927
      vertex 51.778 30 39.1387
    endloop
  endfacet
  facet normal 0 1 0
    outer loop
      vertex 50 30 38.875
      vertex 40.75 30 12
      vertex 27 30 32
    endloop
  endfacet
  facet normal 0 1 0
    outer loop
      vertex 40.75 30 12
      vertex 51.778 30 39.1387
      vertex 52.3439 30 39.3412
    endloop
  endfacet
  facet normal 0 1 0
    outer loop
      vertex 70 30 0
      vertex 52.3439 30 39.3412
      vertex 52.8873 30 39.5982
    endloop
  endfacet
  facet normal 0 1 0
    outer loop
      vertex 70 30 0
      vertex 52.8873 30 39.5982
      vertex 53.4029 30 39.9073
    endloop
  endfacet
  facet normal 0 1 0
    outer loop
      vertex 70 30 0
      vertex 53.4029 30 39.9073
      vertex 53.8857 30 40.2653
    endloop
  endfacet
  facet normal 0 1 0
    outer loop
      vertex 29.25 30 12
      vertex 15 30 18
      vertex 27 30 18
    endloop
  endfacet
  facet normal 0 1 0
    outer loop
      vertex 15 30 18
      vertex 7.35 30 14.8
      vertex -15 30 18
    endloop
  endfacet
  facet normal 0 1 -0
    outer loop
      vertex -7.35 30 14.8
      vertex -15 30 18
      vertex 7.35 30 14.8
    endloop
  endfacet
  facet normal 0 1 -0
    outer loop
      vertex 29.25 30 12
      vertex 27 30 18
      vertex 40.75 30 12
    endloop
  endfacet
  facet normal 0 1 0
    outer loop
      vertex 27 30 32
      vertex 40.75 30 12
      vertex 27 30 18
    endloop
  endfacet
  facet normal 0 1 0
    outer loop
      vertex 70 30 0
      vertex 53.8857 30 40.2653
      vertex 54.331 30 40.669
    endloop
  endfacet
  facet normal 0 1 0
    outer loop
      vertex 54.7347 30 41.1143
      vertex 70 30 0
      vertex 54.331 30 40.669
    endloop
  endfacet
  facet normal 0 1 0
    outer loop
      vertex 52.3439 30 39.3412
      vertex 70 30 0
      vertex 40.75 30 12
    endloop
  endfacet
  facet normal 0 1 0
    outer loop
      vertex 70 30 0
      vertex 29.25 30 6
      vertex 40.75 30 6
    endloop
  endfacet
  facet normal 0 1 0
    outer loop
      vertex 29.25 30 6
      vertex 70 30 0
      vertex 7.35 30 6
    endloop
  endfacet
  facet normal 0 1 0
    outer loop
      vertex 7.35 30 6
      vertex 70 30 0
      vertex -7.35 30 6
    endloop
  endfacet
  facet normal 0 1 0
    outer loop
      vertex -70 30 0
      vertex -7.35 30 6
      vertex 70 30 0
    endloop
  endfacet
  facet normal 0 1 0
    outer loop
      vertex -7.35 30 6
      vertex -70 30 0
      vertex -29.25 30 6
    endloop
  endfacet
  facet normal 0 1 0
    outer loop
      vertex 40.75 30 12
      vertex 70 30 0
      vertex 40.75 30 6
    endloop
  endfacet
  facet normal 0 1 0
    outer loop
      vertex -29.25 30 6
      vertex -15 30 18
      vertex -7.35 30 6
    endloop
  endfacet
  facet normal 0 1 0
    outer loop
      vertex -15 30 18
      vertex -29.25 30 6
      vertex -29.25 30 12
    endloop
  endfacet
  facet normal 0 1 -0
    outer loop
      vertex 29.25 30 6
      vertex 15 30 18
      vertex 29.25 30 12
    endloop
  endfacet
  facet normal 0 1 0
    outer loop
      vertex 15 30 18
      vertex 29.25 30 6
      vertex 7.35 30 6
    endloop
  endfacet
  facet normal 0 1 0
    outer loop
      vertex 15 30 18
      vertex 7.35 30 6
      vertex 7.35 30 14.8
    endloop
  endfacet
  facet normal 0 1 0
    outer loop
      vertex 6 30 44
      vertex 50 30 53.662
      vertex 45.669 30 49.331
    endloop
  endfacet
  facet normal 0 1 -0
    outer loop
      vertex -6 30 44
      vertex -66 30 62
      vertex 6 30 44
    endloop
  endfacet
  facet normal 0 1 0
    outer loop
      vertex 6 30 44
      vertex 45.669 30 49.331
      vertex 45.2653 30 48.8857
    endloop
  endfacet
  facet normal 0 1 0
    outer loop
      vertex -66 30 62
      vertex -6 30 44
      vertex -50 30 53.662
    endloop
  endfacet
  facet normal 0 1 0
    outer loop
      vertex 6 30 44
      vertex 45.2653 30 48.8857
      vertex 44.9073 30 48.4029
    endloop
  endfacet
  facet normal 0 1 0
    outer loop
      vertex -50 30 53.662
      vertex -6 30 44
      vertex -45.669 30 49.331
    endloop
  endfacet
  facet normal 0 1 0
    outer loop
      vertex 6 30 44
      vertex 44.9073 30 48.4029
      vertex 44.5982 30 47.8873
    endloop
  endfacet
  facet normal 0 1 0
    outer loop
      vertex -45.669 30 49.331
      vertex -6 30 44
      vertex -45.2653 30 48.8857
    endloop
  endfacet
  facet normal 0 1 0
    outer loop
      vertex 6 30 44
      vertex 44.5982 30 47.8873
      vertex 44.3412 30 47.3439
    endloop
  endfacet
  facet normal 0 1 0
    outer loop
      vertex -45.2653 30 48.8857
      vertex -6 30 44
      vertex -44.9073 30 48.4029
    endloop
  endfacet
  facet normal 0 1 0
    outer loop
      vertex 6 30 44
      vertex 44.3412 30 47.3439
      vertex 44.1387 30 46.778
    endloop
  endfacet
  facet normal 0 1 0
    outer loop
      vertex -44.9073 30 48.4029
      vertex -6 30 44
      vertex -44.5982 30 47.8873
    endloop
  endfacet
  facet normal 0 1 0
    outer loop
      vertex 27 30 32
      vertex 44.1387 30 46.778
      vertex 43.9927 30 46.1949
    endloop
  endfacet
  facet normal 0 1 0
    outer loop
      vertex -44.5982 30 47.8873
      vertex -6 30 44
      vertex -44.3412 30 47.3439
    endloop
  endfacet
  facet normal 0 1 0
    outer loop
      vertex 27 30 32
      vertex 43.9927 30 46.1949
      vertex 43.9045 30 45.6003
    endloop
  endfacet
  facet normal 0 1 0
    outer loop
      vertex -44.3412 30 47.3439
      vertex -6 30 44
      vertex -44.1387 30 46.778
    endloop
  endfacet
  facet normal 0 1 0
    outer loop
      vertex 27 30 32
      vertex 43.9045 30 45.6003
      vertex 43.875 30 45
    endloop
  endfacet
  facet normal 0 1 -0
    outer loop
      vertex -27 30 32
      vertex -44.1387 30 46.778
      vertex -6 30 44
    endloop
  endfacet
  facet normal 0 1 0
    outer loop
      vertex 27 30 32
      vertex 43.875 30 45
      vertex 43.9045 30 44.3997
    endloop
  endfacet
  facet normal 0 1 0
    outer loop
      vertex -44.1387 30 46.778
      vertex -27 30 32
      vertex -43.9927 30 46.1949
    endloop
  endfacet
  facet normal 0 1 0
    outer loop
      vertex -43.9927 30 46.1949
      vertex -27 30 32
      vertex -43.9045 30 45.6003
    endloop
  endfacet
  facet normal 0 1 0
    outer loop
      vertex 27 30 32
      vertex 43.9045 30 44.3997
      vertex 43.9927 30 43.8051
    endloop
  endfacet
  facet normal 0 1 0
    outer loop
      vertex 27 30 32
      vertex 43.9927 30 43.8051
      vertex 44.1387 30 43.222
    endloop
  endfacet
  facet normal 0 1 0
    outer loop
      vertex 27 30 32
      vertex 44.1387 30 43.222
      vertex 44.3412 30 42.6561
    endloop
  endfacet
  facet normal 0 1 0
    outer loop
      vertex 27 30 32
      vertex 44.3412 30 42.6561
      vertex 44.5982 30 42.1127
    endloop
  endfacet
  facet normal 0 1 0
    outer loop
      vertex 27 30 32
      vertex 44.5982 30 42.1127
      vertex 44.9073 30 41.5971
    endloop
  endfacet
  facet normal 0 1 0
    outer loop
      vertex 27 30 32
      vertex 44.9073 30 41.5971
      vertex 45.2653 30 41.1143
    endloop
  endfacet
  facet normal 0 1 0
    outer loop
      vertex 27 30 32
      vertex 45.2653 30 41.1143
      vertex 45.669 30 40.669
    endloop
  endfacet
  facet normal 0 1 0
    outer loop
      vertex 27 30 32
      vertex 45.669 30 40.669
      vertex 46.1143 30 40.2653
    endloop
  endfacet
  facet normal 0 1 0
    outer loop
      vertex 27 30 32
      vertex 46.1143 30 40.2653
      vertex 46.5971 30 39.9073
    endloop
  endfacet
  facet normal 0 1 0
    outer loop
      vertex 27 30 32
      vertex 46.5971 30 39.9073
      vertex 47.1127 30 39.5982
    endloop
  endfacet
  facet normal 0 1 0
    outer loop
      vertex 27 30 32
      vertex 47.1127 30 39.5982
      vertex 47.6561 30 39.3412
    endloop
  endfacet
  facet normal 0 1 0
    outer loop
      vertex 27 30 32
      vertex 47.6561 30 39.3412
      vertex 48.222 30 39.1387
    endloop
  endfacet
  facet normal 0 1 0
    outer loop
      vertex 27 30 32
      vertex 48.222 30 39.1387
      vertex 48.8051 30 38.9927
    endloop
  endfacet
  facet normal 0 1 0
    outer loop
      vertex 27 30 32
      vertex 48.8051 30 38.9927
      vertex 49.3997 30 38.9045
    endloop
  endfacet
  facet normal 0 1 0
    outer loop
      vertex 27 30 32
      vertex 49.3997 30 38.9045
      vertex 50 30 38.875
    endloop
  endfacet
  facet normal 0 1 0
    outer loop
      vertex 44.1387 30 46.778
      vertex 27 30 32
      vertex 6 30 44
    endloop
  endfacet
  facet normal 0 1 -0
    outer loop
      vertex 15 30 32
      vertex 6 30 44
      vertex 27 30 32
    endloop
  endfacet
  facet normal 0 1 0
    outer loop
      vertex 15 30 32
      vertex 6 30 20
      vertex 6 30 44
    endloop
  endfacet
  facet normal 0 1 0
    outer loop
      vertex 6 30 20
      vertex 15 30 18
      vertex -6 30 20
    endloop
  endfacet
  facet normal 0 1 -0
    outer loop
      vertex 15 30 18
      vertex 6 30 20
      vertex 15 30 32
    endloop
  endfacet
  facet normal 0 1 0
    outer loop
      vertex -66 30 62
      vertex -69.8463 30 58.5607
      vertex -69.6555 30 59.3223
    endloop
  endfacet
  facet normal 0 1 0
    outer loop
      vertex -66 30 62
      vertex -69.9615 30 57.7841
      vertex -69.8463 30 58.5607
    endloop
  endfacet
  facet normal 0 1 0
    outer loop
      vertex -66 30 62
      vertex -54.7347 30 48.8857
      vertex -70 30 57
    endloop
  endfacet
  facet normal 0 1 -0
    outer loop
      vertex -55.0927 30 48.4029
      vertex -70 30 57
      vertex -54.7347 30 48.8857
    endloop
  endfacet
  facet normal 0 1 -0
    outer loop
      vertex -55.4018 30 47.8873
      vertex -70 30 57
      vertex -55.0927 30 48.4029
    endloop
  endfacet
  facet normal 0 1 -0
    outer loop
      vertex -55.6588 30 47.3439
      vertex -70 30 57
      vertex -55.4018 30 47.8873
    endloop
  endfacet
  facet normal 0 1 -0
    outer loop
      vertex -55.8613 30 46.778
      vertex -70 30 57
      vertex -55.6588 30 47.3439
    endloop
  endfacet
  facet normal 0 1 -0
    outer loop
      vertex -56.0073 30 46.1949
      vertex -70 30 57
      vertex -55.8613 30 46.778
    endloop
  endfacet
  facet normal 0 1 -0
    outer loop
      vertex -56.0955 30 45.6003
      vertex -70 30 57
      vertex -56.0073 30 46.1949
    endloop
  endfacet
  facet normal 0 1 -0
    outer loop
      vertex -56.125 30 45
      vertex -70 30 57
      vertex -56.0955 30 45.6003
    endloop
  endfacet
  facet normal 0 1 0
    outer loop
      vertex -56.0955 30 44.3997
      vertex -70 30 57
      vertex -56.125 30 45
    endloop
  endfacet
  facet normal 0 1 0
    outer loop
      vertex -56.0073 30 43.8051
      vertex -70 30 57
      vertex -56.0955 30 44.3997
    endloop
  endfacet
  facet normal 0 1 0
    outer loop
      vertex -55.8613 30 43.222
      vertex -70 30 57
      vertex -56.0073 30 43.8051
    endloop
  endfacet
  facet normal 0 1 0
    outer loop
      vertex -55.6588 30 42.6561
      vertex -70 30 57
      vertex -55.8613 30 43.222
    endloop
  endfacet
  facet normal 0 1 0
    outer loop
      vertex -55.4018 30 42.1127
      vertex -70 30 57
      vertex -55.6588 30 42.6561
    endloop
  endfacet
  facet normal 0 1 0
    outer loop
      vertex -70 30 0
      vertex -55.4018 30 42.1127
      vertex -55.0927 30 41.5971
    endloop
  endfacet
  facet normal 0 1 0
    outer loop
      vertex -70 30 0
      vertex -55.0927 30 41.5971
      vertex -54.7347 30 41.1143
    endloop
  endfacet
  facet normal 0 1 0
    outer loop
      vertex -70 30 0
      vertex -54.7347 30 41.1143
      vertex -54.331 30 40.669
    endloop
  endfacet
  facet normal 0 1 0
    outer loop
      vertex -48.8051 30 38.9927
      vertex -40.75 30 12
      vertex -49.3997 30 38.9045
    endloop
  endfacet
  facet normal 0 1 0
    outer loop
      vertex -49.3997 30 38.9045
      vertex -40.75 30 12
      vertex -50 30 38.875
    endloop
  endfacet
  facet normal 0 1 0
    outer loop
      vertex -50 30 38.875
      vertex -40.75 30 12
      vertex -50.6003 30 38.9045
    endloop
  endfacet
  facet normal 0 1 0
    outer loop
      vertex -50.6003 30 38.9045
      vertex -40.75 30 12
      vertex -51.1949 30 38.9927
    endloop
  endfacet
  facet normal 0 1 0
    outer loop
      vertex -40.75 30 12
      vertex -27 30 32
      vertex -27 30 18
    endloop
  endfacet
  facet normal 0 1 0
    outer loop
      vertex -51.1949 30 38.9927
      vertex -40.75 30 12
      vertex -51.778 30 39.1387
    endloop
  endfacet
  facet normal 0 1 0
    outer loop
      vertex -51.778 30 39.1387
      vertex -40.75 30 12
      vertex -52.3439 30 39.3412
    endloop
  endfacet
  facet normal 0 1 0
    outer loop
      vertex -70 30 0
      vertex -52.3439 30 39.3412
      vertex -40.75 30 12
    endloop
  endfacet
  facet normal 0 1 0
    outer loop
      vertex -52.3439 30 39.3412
      vertex -70 30 0
      vertex -52.8873 30 39.5982
    endloop
  endfacet
  facet normal 0 1 -0
    outer loop
      vertex -7.35 30 6
      vertex -15 30 18
      vertex -7.35 30 14.8
    endloop
  endfacet
  facet normal 0 1 0
    outer loop
      vertex -15 30 18
      vertex -29.25 30 12
      vertex -27 30 18
    endloop
  endfacet
  facet normal 0 1 0
    outer loop
      vertex -40.75 30 12
      vertex -27 30 18
      vertex -29.25 30 12
    endloop
  endfacet
  facet normal 0 1 0
    outer loop
      vertex -52.8873 30 39.5982
      vertex -70 30 0
      vertex -53.4029 30 39.9073
    endloop
  endfacet
  facet normal 0 1 0
    outer loop
      vertex -53.4029 30 39.9073
      vertex -70 30 0
      vertex -53.8857 30 40.2653
    endloop
  endfacet
  facet normal 0 1 0
    outer loop
      vertex -53.8857 30 40.2653
      vertex -70 30 0
      vertex -54.331 30 40.669
    endloop
  endfacet
  facet normal 0 1 0
    outer loop
      vertex -70 30 0
      vertex -40.75 30 12
      vertex -40.75 30 6
    endloop
  endfacet
  facet normal 0 1 0
    outer loop
      vertex -55.4018 30 42.1127
      vertex -70 30 0
      vertex -70 30 57
    endloop
  endfacet
  facet normal 0 1 0
    outer loop
      vertex -29.25 30 6
      vertex -70 30 0
      vertex -40.75 30 6
    endloop
  endfacet
  facet normal 0 1 0
    outer loop
      vertex -43.9045 30 45.6003
      vertex -27 30 32
      vertex -43.875 30 45
    endloop
  endfacet
  facet normal 0 1 0
    outer loop
      vertex -27 30 32
      vertex -6 30 44
      vertex -15 30 32
    endloop
  endfacet
  facet normal 0 1 0
    outer loop
      vertex -43.875 30 45
      vertex -27 30 32
      vertex -43.9045 30 44.3997
    endloop
  endfacet
  facet normal 0 1 0
    outer loop
      vertex -43.9045 30 44.3997
      vertex -27 30 32
      vertex -43.9927 30 43.8051
    endloop
  endfacet
  facet normal 0 1 0
    outer loop
      vertex -43.9927 30 43.8051
      vertex -27 30 32
      vertex -44.1387 30 43.222
    endloop
  endfacet
  facet normal 0 1 0
    outer loop
      vertex -44.1387 30 43.222
      vertex -27 30 32
      vertex -44.3412 30 42.6561
    endloop
  endfacet
  facet normal 0 1 0
    outer loop
      vertex -44.3412 30 42.6561
      vertex -27 30 32
      vertex -44.5982 30 42.1127
    endloop
  endfacet
  facet normal 0 1 0
    outer loop
      vertex -44.5982 30 42.1127
      vertex -27 30 32
      vertex -44.9073 30 41.5971
    endloop
  endfacet
  facet normal 0 1 0
    outer loop
      vertex -44.9073 30 41.5971
      vertex -27 30 32
      vertex -45.2653 30 41.1143
    endloop
  endfacet
  facet normal 0 1 0
    outer loop
      vertex -45.2653 30 41.1143
      vertex -27 30 32
      vertex -45.669 30 40.669
    endloop
  endfacet
  facet normal 0 1 0
    outer loop
      vertex -45.669 30 40.669
      vertex -27 30 32
      vertex -46.1143 30 40.2653
    endloop
  endfacet
  facet normal 0 1 0
    outer loop
      vertex -46.1143 30 40.2653
      vertex -27 30 32
      vertex -46.5971 30 39.9073
    endloop
  endfacet
  facet normal 0 1 0
    outer loop
      vertex -46.5971 30 39.9073
      vertex -27 30 32
      vertex -47.1127 30 39.5982
    endloop
  endfacet
  facet normal 0 1 -0
    outer loop
      vertex -40.75 30 12
      vertex -47.1127 30 39.5982
      vertex -27 30 32
    endloop
  endfacet
  facet normal 0 1 0
    outer loop
      vertex -47.1127 30 39.5982
      vertex -40.75 30 12
      vertex -47.6561 30 39.3412
    endloop
  endfacet
  facet normal 0 1 0
    outer loop
      vertex -48.222 30 39.1387
      vertex -40.75 30 12
      vertex -48.8051 30 38.9927
    endloop
  endfacet
  facet normal 0 1 0
    outer loop
      vertex -47.6561 30 39.3412
      vertex -40.75 30 12
      vertex -48.222 30 39.1387
    endloop
  endfacet
  facet normal 0 1 -0
    outer loop
      vertex -6 30 20
      vertex -15 30 32
      vertex -6 30 44
    endloop
  endfacet
  facet normal 0 1 0
    outer loop
      vertex -6 30 20
      vertex -15 30 18
      vertex -15 30 32
    endloop
  endfacet
  facet normal 0 1 0
    outer loop
      vertex -15 30 18
      vertex -6 30 20
      vertex 15 30 18
    endloop
  endfacet
  facet normal 0 -1 0
    outer loop
      vertex 19 0 18
      vertex 19 0 6
      vertex 27 0 18
    endloop
  endfacet
  facet normal 0 -1 0
    outer loop
      vertex 27 0 18
      vertex 65 0 30
      vertex 27 0 32
    endloop
  endfacet
  facet normal 0 -1 0
    outer loop
      vertex 65 0 6
      vertex 27 0 18
      vertex 19 0 6
    endloop
  endfacet
  facet normal 0 -1 0
    outer loop
      vertex 27 0 18
      vertex 65 0 6
      vertex 65 0 30
    endloop
  endfacet
  facet normal 0 -1 0
    outer loop
      vertex 6 0 20
      vertex 14 0 43
      vertex 6 0 44
    endloop
  endfacet
  facet normal 0 -1 0
    outer loop
      vertex 6 0 20
      vertex 14 0 6
      vertex 14 0 43
    endloop
  endfacet
  facet normal 0 -1 0
    outer loop
      vertex 14 0 6
      vertex 6 0 20
      vertex -14 0 6
    endloop
  endfacet
  facet normal 0 -1 0
    outer loop
      vertex -14 0 56.15
      vertex -6 0 20
      vertex -6 0 44
    endloop
  endfacet
  facet normal 0 -1 -0
    outer loop
      vertex -6 0 20
      vertex -14 0 6
      vertex 6 0 20
    endloop
  endfacet
  facet normal 0 -1 0
    outer loop
      vertex -14 0 6
      vertex -6 0 20
      vertex -14 0 56.15
    endloop
  endfacet
  facet normal 0 -1 0
    outer loop
      vertex -70 0 57
      vertex -62 0 65
      vertex -62.7841 0 64.9615
    endloop
  endfacet
  facet normal 0 -1 0
    outer loop
      vertex -62 0 65
      vertex -14 0 56.15
      vertex 62 0 65
    endloop
  endfacet
  facet normal 0 -1 0
    outer loop
      vertex -70 0 57
      vertex -62.7841 0 64.9615
      vertex -63.5607 0 64.8463
    endloop
  endfacet
  facet normal 0 -1 0
    outer loop
      vertex 19 0 43
      vertex 62 0 65
      vertex -14 0 56.15
    endloop
  endfacet
  facet normal 0 -1 0
    outer loop
      vertex -70 0 57
      vertex -63.5607 0 64.8463
      vertex -64.3223 0 64.6555
    endloop
  endfacet
  facet normal 0 -1 0
    outer loop
      vertex 27 0 32
      vertex 62 0 65
      vertex 19 0 43
    endloop
  endfacet
  facet normal 0 -1 0
    outer loop
      vertex -70 0 57
      vertex -64.3223 0 64.6555
      vertex -65.0615 0 64.391
    endloop
  endfacet
  facet normal 0 -1 0
    outer loop
      vertex 65 0 30
      vertex 62 0 65
      vertex 27 0 32
    endloop
  endfacet
  facet normal 0 -1 0
    outer loop
      vertex -70 0 57
      vertex -65.0615 0 64.391
      vertex -65.7712 0 64.0554
    endloop
  endfacet
  facet normal -0 -1 0
    outer loop
      vertex 70 0 57
      vertex 62 0 65
      vertex 65 0 30
    endloop
  endfacet
  facet normal 0 -1 0
    outer loop
      vertex -70 0 57
      vertex -65.7712 0 64.0554
      vertex -66.4446 0 63.6518
    endloop
  endfacet
  facet normal 0 -1 0
    outer loop
      vertex 62 0 65
      vertex 70 0 57
      vertex 62.7841 0 64.9615
    endloop
  endfacet
  facet normal 0 -1 0
    outer loop
      vertex -70 0 57
      vertex -66.4446 0 63.6518
      vertex -67.0751 0 63.1841
    endloop
  endfacet
  facet normal 0 -1 0
    outer loop
      vertex 62.7841 0 64.9615
      vertex 70 0 57
      vertex 63.5607 0 64.8463
    endloop
  endfacet
  facet normal 0 -1 0
    outer loop
      vertex -70 0 57
      vertex -67.0751 0 63.1841
      vertex -67.6569 0 62.6569
    endloop
  endfacet
  facet normal 0 -1 0
    outer loop
      vertex 63.5607 0 64.8463
      vertex 70 0 57
      vertex 64.3223 0 64.6555
    endloop
  endfacet
  facet normal 0 -1 0
    outer loop
      vertex -70 0 57
      vertex -67.6569 0 62.6569
      vertex -68.1841 0 62.0751
    endloop
  endfacet
  facet normal 0 -1 0
    outer loop
      vertex 65.0615 0 64.391
      vertex 70 0 57
      vertex 65.7712 0 64.0554
    endloop
  endfacet
  facet normal 0 -1 0
    outer loop
      vertex -70 0 57
      vertex -68.1841 0 62.0751
      vertex -68.6518 0 61.4446
    endloop
  endfacet
  facet normal 0 -1 0
    outer loop
      vertex 65.7712 0 64.0554
      vertex 70 0 57
      vertex 66.4446 0 63.6518
    endloop
  endfacet
  facet normal 0 -1 0
    outer loop
      vertex -70 0 57
      vertex -68.6518 0 61.4446
      vertex -69.0554 0 60.7712
    endloop
  endfacet
  facet normal 0 -1 0
    outer loop
      vertex 66.4446 0 63.6518
      vertex 70 0 57
      vertex 67.0751 0 63.1841
    endloop
  endfacet
  facet normal 0 -1 0
    outer loop
      vertex -70 0 57
      vertex -69.0554 0 60.7712
      vertex -69.391 0 60.0615
    endloop
  endfacet
  facet normal 0 -1 0
    outer loop
      vertex 67.0751 0 63.1841
      vertex 70 0 57
      vertex 67.6569 0 62.6569
    endloop
  endfacet
  facet normal 0 -1 0
    outer loop
      vertex -70 0 57
      vertex -69.391 0 60.0615
      vertex -69.6555 0 59.3223
    endloop
  endfacet
  facet normal 0 -1 0
    outer loop
      vertex 67.6569 0 62.6569
      vertex 70 0 57
      vertex 68.1841 0 62.0751
    endloop
  endfacet
  facet normal 0 -1 0
    outer loop
      vertex -70 0 57
      vertex -69.6555 0 59.3223
      vertex -69.8463 0 58.5607
    endloop
  endfacet
  facet normal 0 -1 0
    outer loop
      vertex 68.6518 0 61.4446
      vertex 70 0 57
      vertex 69.0554 0 60.7712
    endloop
  endfacet
  facet normal 0 -1 0
    outer loop
      vertex -70 0 57
      vertex -69.8463 0 58.5607
      vertex -69.9615 0 57.7841
    endloop
  endfacet
  facet normal 0 -1 0
    outer loop
      vertex 69.0554 0 60.7712
      vertex 70 0 57
      vertex 69.391 0 60.0615
    endloop
  endfacet
  facet normal 0 -1 0
    outer loop
      vertex -62 0 65
      vertex -70 0 57
      vertex -65 0 30
    endloop
  endfacet
  facet normal 0 -1 0
    outer loop
      vertex -62 0 65
      vertex -19 0 56.15
      vertex -14 0 56.15
    endloop
  endfacet
  facet normal 0 -1 0
    outer loop
      vertex 69.391 0 60.0615
      vertex 70 0 57
      vertex 69.6555 0 59.3223
    endloop
  endfacet
  facet normal 0 -1 0
    outer loop
      vertex -62 0 65
      vertex -27 0 32
      vertex -19 0 56.15
    endloop
  endfacet
  facet normal 0 -1 0
    outer loop
      vertex -65 0 30
      vertex -70 0 57
      vertex -70 0 30
    endloop
  endfacet
  facet normal 0 -1 -0
    outer loop
      vertex -62 0 65
      vertex -65 0 30
      vertex -27 0 32
    endloop
  endfacet
  facet normal 0 -1 0
    outer loop
      vertex -65 0 30
      vertex -27 0 18
      vertex -27 0 32
    endloop
  endfacet
  facet normal 0 -1 0
    outer loop
      vertex -65 0 6
      vertex -27 0 18
      vertex -65 0 30
    endloop
  endfacet
  facet normal 0 -1 0
    outer loop
      vertex -19 0 6
      vertex -27 0 18
      vertex -65 0 6
    endloop
  endfacet
  facet normal 0 -1 0
    outer loop
      vertex -27 0 18
      vertex -19 0 6
      vertex -19 0 18
    endloop
  endfacet
  facet normal 0 -1 0
    outer loop
      vertex 69.6555 0 59.3223
      vertex 70 0 57
      vertex 69.8463 0 58.5607
    endloop
  endfacet
  facet normal 0 -1 0
    outer loop
      vertex 6 0 44
      vertex -14 0 56.15
      vertex -6 0 44
    endloop
  endfacet
  facet normal 0 -1 0
    outer loop
      vertex 14 0 43
      vertex -14 0 56.15
      vertex 6 0 44
    endloop
  endfacet
  facet normal 0 -1 0
    outer loop
      vertex -14 0 56.15
      vertex 14 0 43
      vertex 19 0 43
    endloop
  endfacet
  facet normal 0 -1 0
    outer loop
      vertex 69.8463 0 58.5607
      vertex 70 0 57
      vertex 69.9615 0 57.7841
    endloop
  endfacet
  facet normal 0 -1 0
    outer loop
      vertex 27 0 32
      vertex 19 0 43
      vertex 19 0 32
    endloop
  endfacet
  facet normal 0 -1 0
    outer loop
      vertex 68.1841 0 62.0751
      vertex 70 0 57
      vertex 68.6518 0 61.4446
    endloop
  endfacet
  facet normal 0 -1 0
    outer loop
      vertex 64.3223 0 64.6555
      vertex 70 0 57
      vertex 65.0615 0 64.391
    endloop
  endfacet
  facet normal 0 -1 -0
    outer loop
      vertex 70 0 57
      vertex 65 0 30
      vertex 70 0 30
    endloop
  endfacet
  facet normal 0 -1 -0
    outer loop
      vertex -19 0 56.15
      vertex -27 0 32
      vertex -19 0 32
    endloop
  endfacet
  facet normal -1 0 0
    outer loop
      vertex 6 0 20
      vertex 6 30 44
      vertex 6 30 20
    endloop
  endfacet
  facet normal -1 -0 0
    outer loop
      vertex 6 30 44
      vertex 6 0 20
      vertex 6 0 44
    endloop
  endfacet
  facet normal 0 0 -1
    outer loop
      vertex -6 0 44
      vertex 6 30 44
      vertex 6 0 44
    endloop
  endfacet
  facet normal -0 0 -1
    outer loop
      vertex 6 30 44
      vertex -6 0 44
      vertex -6 30 44
    endloop
  endfacet
  facet normal -0 0 1
    outer loop
      vertex -6 30 20
      vertex 6 0 20
      vertex 6 30 20
    endloop
  endfacet
  facet normal 0 0 1
    outer loop
      vertex 6 0 20
      vertex -6 30 20
      vertex -6 0 20
    endloop
  endfacet
  facet normal 1 -0 0
    outer loop
      vertex -6 0 44
      vertex -6 30 20
      vertex -6 30 44
    endloop
  endfacet
  facet normal 1 0 0
    outer loop
      vertex -6 30 20
      vertex -6 0 44
      vertex -6 0 20
    endloop
  endfacet
  facet normal 0.336982 0.941511 -0
    outer loop
      vertex -1.43691 10.2631 0
      vertex -1.89428 10.4268 6
      vertex -1.43691 10.2631 6
    endloop
  endfacet
  facet normal 0.336982 0.941511 0
    outer loop
      vertex -1.89428 10.4268 6
      vertex -1.43691 10.2631 0
      vertex -1.89428 10.4268 0
    endloop
  endfacet
  facet normal 0.59573 -0.803185 0
    outer loop
      vertex -3.14025 18.8264 0
      vertex -2.75007 19.1158 6
      vertex -3.14025 18.8264 6
    endloop
  endfacet
  facet normal 0.59573 -0.803185 0
    outer loop
      vertex -2.75007 19.1158 6
      vertex -3.14025 18.8264 0
      vertex -2.75007 19.1158 0
    endloop
  endfacet
  facet normal -0.989178 -0.14672 0
    outer loop
      vertex 4.92616 15.4852 0
      vertex 4.85489 15.9657 6
      vertex 4.85489 15.9657 0
    endloop
  endfacet
  facet normal -0.989178 -0.14672 0
    outer loop
      vertex 4.85489 15.9657 6
      vertex 4.92616 15.4852 0
      vertex 4.92616 15.4852 6
    endloop
  endfacet
  facet normal -0.998795 -0.0490752 0
    outer loop
      vertex 4.95 15 0
      vertex 4.92616 15.4852 6
      vertex 4.92616 15.4852 0
    endloop
  endfacet
  facet normal -0.998795 -0.0490752 0
    outer loop
      vertex 4.92616 15.4852 6
      vertex 4.95 15 0
      vertex 4.95 15 6
    endloop
  endfacet
  facet normal -0.970026 -0.243001 0
    outer loop
      vertex 4.85489 15.9657 0
      vertex 4.73685 16.4369 6
      vertex 4.73685 16.4369 0
    endloop
  endfacet
  facet normal -0.970026 -0.243001 0
    outer loop
      vertex 4.73685 16.4369 6
      vertex 4.85489 15.9657 0
      vertex 4.85489 15.9657 6
    endloop
  endfacet
  facet normal -0.146777 -0.98917 0
    outer loop
      vertex 0.485185 19.9262 0
      vertex 0.965696 19.8549 6
      vertex 0.485185 19.9262 6
    endloop
  endfacet
  facet normal -0.146777 -0.98917 -0
    outer loop
      vertex 0.965696 19.8549 6
      vertex 0.485185 19.9262 0
      vertex 0.965696 19.8549 0
    endloop
  endfacet
  facet normal 0.146777 -0.98917 0
    outer loop
      vertex -0.965696 19.8549 0
      vertex -0.485185 19.9262 6
      vertex -0.965696 19.8549 6
    endloop
  endfacet
  facet normal 0.146777 -0.98917 0
    outer loop
      vertex -0.485185 19.9262 6
      vertex -0.965696 19.8549 0
      vertex -0.485185 19.9262 0
    endloop
  endfacet
  facet normal -0.803156 -0.595769 0
    outer loop
      vertex 4.11577 17.7501 0
      vertex 3.8264 18.1402 6
      vertex 3.8264 18.1402 0
    endloop
  endfacet
  facet normal -0.803156 -0.595769 0
    outer loop
      vertex 3.8264 18.1402 6
      vertex 4.11577 17.7501 0
      vertex 4.11577 17.7501 6
    endloop
  endfacet
  facet normal -0.514048 0.857762 0
    outer loop
      vertex 2.75007 10.8842 0
      vertex 2.33341 10.6345 6
      vertex 2.75007 10.8842 6
    endloop
  endfacet
  facet normal -0.514048 0.857762 0
    outer loop
      vertex 2.33341 10.6345 6
      vertex 2.75007 10.8842 0
      vertex 2.33341 10.6345 0
    endloop
  endfacet
  facet normal -0.59573 -0.803185 0
    outer loop
      vertex 2.75007 19.1158 0
      vertex 3.14025 18.8264 6
      vertex 2.75007 19.1158 6
    endloop
  endfacet
  facet normal -0.59573 -0.803185 -0
    outer loop
      vertex 3.14025 18.8264 6
      vertex 2.75007 19.1158 0
      vertex 3.14025 18.8264 0
    endloop
  endfacet
  facet normal -0.998795 0.0490752 0
    outer loop
      vertex 4.92616 14.5148 0
      vertex 4.95 15 6
      vertex 4.95 15 0
    endloop
  endfacet
  facet normal -0.998795 0.0490752 0
    outer loop
      vertex 4.95 15 6
      vertex 4.92616 14.5148 0
      vertex 4.92616 14.5148 6
    endloop
  endfacet
  facet normal 0.242916 -0.970047 0
    outer loop
      vertex -1.43691 19.7369 0
      vertex -0.965696 19.8549 6
      vertex -1.43691 19.7369 6
    endloop
  endfacet
  facet normal 0.242916 -0.970047 0
    outer loop
      vertex -0.965696 19.8549 6
      vertex -1.43691 19.7369 0
      vertex -0.965696 19.8549 0
    endloop
  endfacet
  facet normal -0.427567 -0.903984 0
    outer loop
      vertex 1.89428 19.5732 0
      vertex 2.33341 19.3655 6
      vertex 1.89428 19.5732 6
    endloop
  endfacet
  facet normal -0.427567 -0.903984 -0
    outer loop
      vertex 2.33341 19.3655 6
      vertex 1.89428 19.5732 0
      vertex 2.33341 19.3655 0
    endloop
  endfacet
  facet normal 0.242916 0.970047 -0
    outer loop
      vertex -0.965696 10.1451 0
      vertex -1.43691 10.2631 6
      vertex -0.965696 10.1451 6
    endloop
  endfacet
  facet normal 0.242916 0.970047 0
    outer loop
      vertex -1.43691 10.2631 6
      vertex -0.965696 10.1451 0
      vertex -1.43691 10.2631 0
    endloop
  endfacet
  facet normal 0.989178 0.14672 0
    outer loop
      vertex -4.85489 14.0343 6
      vertex -4.92616 14.5148 0
      vertex -4.92616 14.5148 6
    endloop
  endfacet
  facet normal 0.989178 0.14672 0
    outer loop
      vertex -4.92616 14.5148 0
      vertex -4.85489 14.0343 6
      vertex -4.85489 14.0343 0
    endloop
  endfacet
  facet normal -0.671535 0.740973 0
    outer loop
      vertex 3.50018 11.4998 0
      vertex 3.14025 11.1736 6
      vertex 3.50018 11.4998 6
    endloop
  endfacet
  facet normal -0.671535 0.740973 0
    outer loop
      vertex 3.14025 11.1736 6
      vertex 3.50018 11.4998 0
      vertex 3.14025 11.1736 0
    endloop
  endfacet
  facet normal 0.427567 -0.903984 0
    outer loop
      vertex -2.33341 19.3655 0
      vertex -1.89428 19.5732 6
      vertex -2.33341 19.3655 6
    endloop
  endfacet
  facet normal 0.427567 -0.903984 0
    outer loop
      vertex -1.89428 19.5732 6
      vertex -2.33341 19.3655 0
      vertex -1.89428 19.5732 0
    endloop
  endfacet
  facet normal -0.336982 0.941511 0
    outer loop
      vertex 1.89428 10.4268 0
      vertex 1.43691 10.2631 6
      vertex 1.89428 10.4268 6
    endloop
  endfacet
  facet normal -0.336982 0.941511 0
    outer loop
      vertex 1.43691 10.2631 6
      vertex 1.89428 10.4268 0
      vertex 1.43691 10.2631 0
    endloop
  endfacet
  facet normal 0.90398 -0.427574 0
    outer loop
      vertex -4.5732 16.8943 6
      vertex -4.36551 17.3334 0
      vertex -4.36551 17.3334 6
    endloop
  endfacet
  facet normal 0.90398 -0.427574 0
    outer loop
      vertex -4.36551 17.3334 0
      vertex -4.5732 16.8943 6
      vertex -4.5732 16.8943 0
    endloop
  endfacet
  facet normal 0.803156 0.595769 0
    outer loop
      vertex -3.8264 11.8598 6
      vertex -4.11577 12.2499 0
      vertex -4.11577 12.2499 6
    endloop
  endfacet
  facet normal 0.803156 0.595769 0
    outer loop
      vertex -4.11577 12.2499 0
      vertex -3.8264 11.8598 6
      vertex -3.8264 11.8598 0
    endloop
  endfacet
  facet normal 0.514048 0.857762 -0
    outer loop
      vertex -2.33341 10.6345 0
      vertex -2.75007 10.8842 6
      vertex -2.33341 10.6345 6
    endloop
  endfacet
  facet normal 0.514048 0.857762 0
    outer loop
      vertex -2.75007 10.8842 6
      vertex -2.33341 10.6345 0
      vertex -2.75007 10.8842 0
    endloop
  endfacet
  facet normal -0.803156 0.595769 0
    outer loop
      vertex 3.8264 11.8598 0
      vertex 4.11577 12.2499 6
      vertex 4.11577 12.2499 0
    endloop
  endfacet
  facet normal -0.803156 0.595769 0
    outer loop
      vertex 4.11577 12.2499 6
      vertex 3.8264 11.8598 0
      vertex 3.8264 11.8598 6
    endloop
  endfacet
  facet normal 0.514048 -0.857762 0
    outer loop
      vertex -2.75007 19.1158 0
      vertex -2.33341 19.3655 6
      vertex -2.75007 19.1158 6
    endloop
  endfacet
  facet normal 0.514048 -0.857762 0
    outer loop
      vertex -2.33341 19.3655 6
      vertex -2.75007 19.1158 0
      vertex -2.33341 19.3655 0
    endloop
  endfacet
  facet normal 0.427567 0.903984 -0
    outer loop
      vertex -1.89428 10.4268 0
      vertex -2.33341 10.6345 6
      vertex -1.89428 10.4268 6
    endloop
  endfacet
  facet normal 0.427567 0.903984 0
    outer loop
      vertex -2.33341 10.6345 6
      vertex -1.89428 10.4268 0
      vertex -2.33341 10.6345 0
    endloop
  endfacet
  facet normal 0.59573 0.803185 -0
    outer loop
      vertex -2.75007 10.8842 0
      vertex -3.14025 11.1736 6
      vertex -2.75007 10.8842 6
    endloop
  endfacet
  facet normal 0.59573 0.803185 0
    outer loop
      vertex -3.14025 11.1736 6
      vertex -2.75007 10.8842 0
      vertex -3.14025 11.1736 0
    endloop
  endfacet
  facet normal -0.336982 -0.941511 0
    outer loop
      vertex 1.43691 19.7369 0
      vertex 1.89428 19.5732 6
      vertex 1.43691 19.7369 6
    endloop
  endfacet
  facet normal -0.336982 -0.941511 -0
    outer loop
      vertex 1.89428 19.5732 6
      vertex 1.43691 19.7369 0
      vertex 1.89428 19.5732 0
    endloop
  endfacet
  facet normal 0.741018 0.671486 0
    outer loop
      vertex -3.50018 11.4998 6
      vertex -3.8264 11.8598 0
      vertex -3.8264 11.8598 6
    endloop
  endfacet
  facet normal 0.741018 0.671486 0
    outer loop
      vertex -3.8264 11.8598 0
      vertex -3.50018 11.4998 6
      vertex -3.50018 11.4998 0
    endloop
  endfacet
  facet normal 0.336982 -0.941511 0
    outer loop
      vertex -1.89428 19.5732 0
      vertex -1.43691 19.7369 6
      vertex -1.89428 19.5732 6
    endloop
  endfacet
  facet normal 0.336982 -0.941511 0
    outer loop
      vertex -1.43691 19.7369 6
      vertex -1.89428 19.5732 0
      vertex -1.43691 19.7369 0
    endloop
  endfacet
  facet normal 0.90398 0.427574 0
    outer loop
      vertex -4.36551 12.6666 6
      vertex -4.5732 13.1057 0
      vertex -4.5732 13.1057 6
    endloop
  endfacet
  facet normal 0.90398 0.427574 0
    outer loop
      vertex -4.5732 13.1057 0
      vertex -4.36551 12.6666 6
      vertex -4.36551 12.6666 0
    endloop
  endfacet
  facet normal 0.941551 0.336871 0
    outer loop
      vertex -4.5732 13.1057 6
      vertex -4.73685 13.5631 0
      vertex -4.73685 13.5631 6
    endloop
  endfacet
  facet normal 0.941551 0.336871 0
    outer loop
      vertex -4.73685 13.5631 0
      vertex -4.5732 13.1057 6
      vertex -4.5732 13.1057 0
    endloop
  endfacet
  facet normal -0.90398 -0.427574 0
    outer loop
      vertex 4.5732 16.8943 0
      vertex 4.36551 17.3334 6
      vertex 4.36551 17.3334 0
    endloop
  endfacet
  facet normal -0.90398 -0.427574 0
    outer loop
      vertex 4.36551 17.3334 6
      vertex 4.5732 16.8943 0
      vertex 4.5732 16.8943 6
    endloop
  endfacet
  facet normal 0.970026 0.243001 0
    outer loop
      vertex -4.73685 13.5631 6
      vertex -4.85489 14.0343 0
      vertex -4.85489 14.0343 6
    endloop
  endfacet
  facet normal 0.970026 0.243001 0
    outer loop
      vertex -4.85489 14.0343 0
      vertex -4.73685 13.5631 6
      vertex -4.73685 13.5631 0
    endloop
  endfacet
  facet normal -0.671535 -0.740973 0
    outer loop
      vertex 3.14025 18.8264 0
      vertex 3.50018 18.5002 6
      vertex 3.14025 18.8264 6
    endloop
  endfacet
  facet normal -0.671535 -0.740973 -0
    outer loop
      vertex 3.50018 18.5002 6
      vertex 3.14025 18.8264 0
      vertex 3.50018 18.5002 0
    endloop
  endfacet
  facet normal 0.671535 0.740973 -0
    outer loop
      vertex -3.14025 11.1736 0
      vertex -3.50018 11.4998 6
      vertex -3.14025 11.1736 6
    endloop
  endfacet
  facet normal 0.671535 0.740973 0
    outer loop
      vertex -3.50018 11.4998 6
      vertex -3.14025 11.1736 0
      vertex -3.50018 11.4998 0
    endloop
  endfacet
  facet normal -0.970026 0.243001 0
    outer loop
      vertex 4.73685 13.5631 0
      vertex 4.85489 14.0343 6
      vertex 4.85489 14.0343 0
    endloop
  endfacet
  facet normal -0.970026 0.243001 0
    outer loop
      vertex 4.85489 14.0343 6
      vertex 4.73685 13.5631 0
      vertex 4.73685 13.5631 6
    endloop
  endfacet
  facet normal -0.741018 0.671486 0
    outer loop
      vertex 3.50018 11.4998 0
      vertex 3.8264 11.8598 6
      vertex 3.8264 11.8598 0
    endloop
  endfacet
  facet normal -0.741018 0.671486 0
    outer loop
      vertex 3.8264 11.8598 6
      vertex 3.50018 11.4998 0
      vertex 3.50018 11.4998 6
    endloop
  endfacet
  facet normal -0.146777 0.98917 0
    outer loop
      vertex 0.965696 10.1451 0
      vertex 0.485185 10.0738 6
      vertex 0.965696 10.1451 6
    endloop
  endfacet
  facet normal -0.146777 0.98917 0
    outer loop
      vertex 0.485185 10.0738 6
      vertex 0.965696 10.1451 0
      vertex 0.485185 10.0738 0
    endloop
  endfacet
  facet normal 0.989178 -0.14672 0
    outer loop
      vertex -4.92616 15.4852 6
      vertex -4.85489 15.9657 0
      vertex -4.85489 15.9657 6
    endloop
  endfacet
  facet normal 0.989178 -0.14672 0
    outer loop
      vertex -4.85489 15.9657 0
      vertex -4.92616 15.4852 6
      vertex -4.92616 15.4852 0
    endloop
  endfacet
  facet normal -0.514048 -0.857762 0
    outer loop
      vertex 2.33341 19.3655 0
      vertex 2.75007 19.1158 6
      vertex 2.33341 19.3655 6
    endloop
  endfacet
  facet normal -0.514048 -0.857762 -0
    outer loop
      vertex 2.75007 19.1158 6
      vertex 2.33341 19.3655 0
      vertex 2.75007 19.1158 0
    endloop
  endfacet
  facet normal 0.970026 -0.243001 0
    outer loop
      vertex -4.85489 15.9657 6
      vertex -4.73685 16.4369 0
      vertex -4.73685 16.4369 6
    endloop
  endfacet
  facet normal 0.970026 -0.243001 0
    outer loop
      vertex -4.73685 16.4369 0
      vertex -4.85489 15.9657 6
      vertex -4.85489 15.9657 0
    endloop
  endfacet
  facet normal -0.857747 0.514072 0
    outer loop
      vertex 4.11577 12.2499 0
      vertex 4.36551 12.6666 6
      vertex 4.36551 12.6666 0
    endloop
  endfacet
  facet normal -0.857747 0.514072 0
    outer loop
      vertex 4.36551 12.6666 6
      vertex 4.11577 12.2499 0
      vertex 4.11577 12.2499 6
    endloop
  endfacet
  facet normal -0.941551 -0.336871 0
    outer loop
      vertex 4.73685 16.4369 0
      vertex 4.5732 16.8943 6
      vertex 4.5732 16.8943 0
    endloop
  endfacet
  facet normal -0.941551 -0.336871 0
    outer loop
      vertex 4.5732 16.8943 6
      vertex 4.73685 16.4369 0
      vertex 4.73685 16.4369 6
    endloop
  endfacet
  facet normal -0.242916 -0.970047 0
    outer loop
      vertex 0.965696 19.8549 0
      vertex 1.43691 19.7369 6
      vertex 0.965696 19.8549 6
    endloop
  endfacet
  facet normal -0.242916 -0.970047 -0
    outer loop
      vertex 1.43691 19.7369 6
      vertex 0.965696 19.8549 0
      vertex 1.43691 19.7369 0
    endloop
  endfacet
  facet normal -0.0489945 -0.998799 0
    outer loop
      vertex 0 19.95 0
      vertex 0.485185 19.9262 6
      vertex 0 19.95 6
    endloop
  endfacet
  facet normal -0.0489945 -0.998799 -0
    outer loop
      vertex 0.485185 19.9262 6
      vertex 0 19.95 0
      vertex 0.485185 19.9262 0
    endloop
  endfacet
  facet normal -0.427567 0.903984 0
    outer loop
      vertex 2.33341 10.6345 0
      vertex 1.89428 10.4268 6
      vertex 2.33341 10.6345 6
    endloop
  endfacet
  facet normal -0.427567 0.903984 0
    outer loop
      vertex 1.89428 10.4268 6
      vertex 2.33341 10.6345 0
      vertex 1.89428 10.4268 0
    endloop
  endfacet
  facet normal 0.0489945 -0.998799 0
    outer loop
      vertex -0.485185 19.9262 0
      vertex 0 19.95 6
      vertex -0.485185 19.9262 6
    endloop
  endfacet
  facet normal 0.0489945 -0.998799 0
    outer loop
      vertex 0 19.95 6
      vertex -0.485185 19.9262 0
      vertex 0 19.95 0
    endloop
  endfacet
  facet normal -0.989178 0.14672 0
    outer loop
      vertex 4.85489 14.0343 0
      vertex 4.92616 14.5148 6
      vertex 4.92616 14.5148 0
    endloop
  endfacet
  facet normal -0.989178 0.14672 0
    outer loop
      vertex 4.92616 14.5148 6
      vertex 4.85489 14.0343 0
      vertex 4.85489 14.0343 6
    endloop
  endfacet
  facet normal -0.857747 -0.514072 0
    outer loop
      vertex 4.36551 17.3334 0
      vertex 4.11577 17.7501 6
      vertex 4.11577 17.7501 0
    endloop
  endfacet
  facet normal -0.857747 -0.514072 0
    outer loop
      vertex 4.11577 17.7501 6
      vertex 4.36551 17.3334 0
      vertex 4.36551 17.3334 6
    endloop
  endfacet
  facet normal 0.671535 -0.740973 0
    outer loop
      vertex -3.50018 18.5002 0
      vertex -3.14025 18.8264 6
      vertex -3.50018 18.5002 6
    endloop
  endfacet
  facet normal 0.671535 -0.740973 0
    outer loop
      vertex -3.14025 18.8264 6
      vertex -3.50018 18.5002 0
      vertex -3.14025 18.8264 0
    endloop
  endfacet
  facet normal -0.242916 0.970047 0
    outer loop
      vertex 1.43691 10.2631 0
      vertex 0.965696 10.1451 6
      vertex 1.43691 10.2631 6
    endloop
  endfacet
  facet normal -0.242916 0.970047 0
    outer loop
      vertex 0.965696 10.1451 6
      vertex 1.43691 10.2631 0
      vertex 0.965696 10.1451 0
    endloop
  endfacet
  facet normal 0.0489945 0.998799 -0
    outer loop
      vertex 0 10.05 0
      vertex -0.485185 10.0738 6
      vertex 0 10.05 6
    endloop
  endfacet
  facet normal 0.0489945 0.998799 0
    outer loop
      vertex -0.485185 10.0738 6
      vertex 0 10.05 0
      vertex -0.485185 10.0738 0
    endloop
  endfacet
  facet normal 0.741018 -0.671486 0
    outer loop
      vertex -3.8264 18.1402 6
      vertex -3.50018 18.5002 0
      vertex -3.50018 18.5002 6
    endloop
  endfacet
  facet normal 0.741018 -0.671486 0
    outer loop
      vertex -3.50018 18.5002 0
      vertex -3.8264 18.1402 6
      vertex -3.8264 18.1402 0
    endloop
  endfacet
  facet normal 0.941551 -0.336871 0
    outer loop
      vertex -4.73685 16.4369 6
      vertex -4.5732 16.8943 0
      vertex -4.5732 16.8943 6
    endloop
  endfacet
  facet normal 0.941551 -0.336871 0
    outer loop
      vertex -4.5732 16.8943 0
      vertex -4.73685 16.4369 6
      vertex -4.73685 16.4369 0
    endloop
  endfacet
  facet normal -0.90398 0.427574 0
    outer loop
      vertex 4.36551 12.6666 0
      vertex 4.5732 13.1057 6
      vertex 4.5732 13.1057 0
    endloop
  endfacet
  facet normal -0.90398 0.427574 0
    outer loop
      vertex 4.5732 13.1057 6
      vertex 4.36551 12.6666 0
      vertex 4.36551 12.6666 6
    endloop
  endfacet
  facet normal -0.0489945 0.998799 0
    outer loop
      vertex 0.485185 10.0738 0
      vertex 0 10.05 6
      vertex 0.485185 10.0738 6
    endloop
  endfacet
  facet normal -0.0489945 0.998799 0
    outer loop
      vertex 0 10.05 6
      vertex 0.485185 10.0738 0
      vertex 0 10.05 0
    endloop
  endfacet
  facet normal -0.941551 0.336871 0
    outer loop
      vertex 4.5732 13.1057 0
      vertex 4.73685 13.5631 6
      vertex 4.73685 13.5631 0
    endloop
  endfacet
  facet normal -0.941551 0.336871 0
    outer loop
      vertex 4.73685 13.5631 6
      vertex 4.5732 13.1057 0
      vertex 4.5732 13.1057 6
    endloop
  endfacet
  facet normal 0.998795 -0.0490752 0
    outer loop
      vertex -4.95 15 6
      vertex -4.92616 15.4852 0
      vertex -4.92616 15.4852 6
    endloop
  endfacet
  facet normal 0.998795 -0.0490752 0
    outer loop
      vertex -4.92616 15.4852 0
      vertex -4.95 15 6
      vertex -4.95 15 0
    endloop
  endfacet
  facet normal -0.741018 -0.671486 0
    outer loop
      vertex 3.8264 18.1402 0
      vertex 3.50018 18.5002 6
      vertex 3.50018 18.5002 0
    endloop
  endfacet
  facet normal -0.741018 -0.671486 0
    outer loop
      vertex 3.50018 18.5002 6
      vertex 3.8264 18.1402 0
      vertex 3.8264 18.1402 6
    endloop
  endfacet
  facet normal -0.59573 0.803185 0
    outer loop
      vertex 3.14025 11.1736 0
      vertex 2.75007 10.8842 6
      vertex 3.14025 11.1736 6
    endloop
  endfacet
  facet normal -0.59573 0.803185 0
    outer loop
      vertex 2.75007 10.8842 6
      vertex 3.14025 11.1736 0
      vertex 2.75007 10.8842 0
    endloop
  endfacet
  facet normal 0.857747 -0.514072 0
    outer loop
      vertex -4.36551 17.3334 6
      vertex -4.11577 17.7501 0
      vertex -4.11577 17.7501 6
    endloop
  endfacet
  facet normal 0.857747 -0.514072 0
    outer loop
      vertex -4.11577 17.7501 0
      vertex -4.36551 17.3334 6
      vertex -4.36551 17.3334 0
    endloop
  endfacet
  facet normal 0.857747 0.514072 0
    outer loop
      vertex -4.11577 12.2499 6
      vertex -4.36551 12.6666 0
      vertex -4.36551 12.6666 6
    endloop
  endfacet
  facet normal 0.857747 0.514072 0
    outer loop
      vertex -4.36551 12.6666 0
      vertex -4.11577 12.2499 6
      vertex -4.11577 12.2499 0
    endloop
  endfacet
  facet normal 0.998795 0.0490752 0
    outer loop
      vertex -4.92616 14.5148 6
      vertex -4.95 15 0
      vertex -4.95 15 6
    endloop
  endfacet
  facet normal 0.998795 0.0490752 0
    outer loop
      vertex -4.95 15 0
      vertex -4.92616 14.5148 6
      vertex -4.92616 14.5148 0
    endloop
  endfacet
  facet normal 0.146777 0.98917 -0
    outer loop
      vertex -0.485185 10.0738 0
      vertex -0.965696 10.1451 6
      vertex -0.485185 10.0738 6
    endloop
  endfacet
  facet normal 0.146777 0.98917 0
    outer loop
      vertex -0.965696 10.1451 6
      vertex -0.485185 10.0738 0
      vertex -0.965696 10.1451 0
    endloop
  endfacet
  facet normal 0.803156 -0.595769 0
    outer loop
      vertex -4.11577 17.7501 6
      vertex -3.8264 18.1402 0
      vertex -3.8264 18.1402 6
    endloop
  endfacet
  facet normal 0.803156 -0.595769 0
    outer loop
      vertex -3.8264 18.1402 0
      vertex -4.11577 17.7501 6
      vertex -4.11577 17.7501 0
    endloop
  endfacet
  facet normal -0.866022 -0.500005 0
    outer loop
      vertex 8.48705 15 6
      vertex 7.35 16.9694 14.8
      vertex 7.35 16.9694 6
    endloop
  endfacet
  facet normal -0.866022 -0.500005 0
    outer loop
      vertex 7.35 16.9694 14.8
      vertex 8.48705 15 6
      vertex 8.48705 15 14.8
    endloop
  endfacet
  facet normal 0.866022 -0.500005 0
    outer loop
      vertex -8.48705 15 14.8
      vertex -7.35 16.9694 6
      vertex -7.35 16.9694 14.8
    endloop
  endfacet
  facet normal 0.866022 -0.500005 0
    outer loop
      vertex -7.35 16.9694 6
      vertex -8.48705 15 14.8
      vertex -8.48705 15 6
    endloop
  endfacet
  facet normal -0 0 1
    outer loop
      vertex 3.50018 18.5002 6
      vertex 7.35 16.9694 6
      vertex 7.35 30 6
    endloop
  endfacet
  facet normal 0 0 1
    outer loop
      vertex 7.35 16.9694 6
      vertex 4.92616 15.4852 6
      vertex 4.95 15 6
    endloop
  endfacet
  facet normal 0 0 1
    outer loop
      vertex 7.35 16.9694 6
      vertex 4.85489 15.9657 6
      vertex 4.92616 15.4852 6
    endloop
  endfacet
  facet normal 0 0 1
    outer loop
      vertex 7.35 16.9694 6
      vertex 4.73685 16.4369 6
      vertex 4.85489 15.9657 6
    endloop
  endfacet
  facet normal 0 0 1
    outer loop
      vertex 7.35 16.9694 6
      vertex 4.5732 16.8943 6
      vertex 4.73685 16.4369 6
    endloop
  endfacet
  facet normal 0 0 1
    outer loop
      vertex 7.35 16.9694 6
      vertex 4.36551 17.3334 6
      vertex 4.5732 16.8943 6
    endloop
  endfacet
  facet normal 0 0 1
    outer loop
      vertex 7.35 16.9694 6
      vertex 4.11577 17.7501 6
      vertex 4.36551 17.3334 6
    endloop
  endfacet
  facet normal 0 0 1
    outer loop
      vertex 7.35 16.9694 6
      vertex 3.8264 18.1402 6
      vertex 4.11577 17.7501 6
    endloop
  endfacet
  facet normal 0 0 1
    outer loop
      vertex 7.35 16.9694 6
      vertex 3.50018 18.5002 6
      vertex 3.8264 18.1402 6
    endloop
  endfacet
  facet normal 0 0 1
    outer loop
      vertex 7.35 30 6
      vertex 3.14025 18.8264 6
      vertex 3.50018 18.5002 6
    endloop
  endfacet
  facet normal 0 0 1
    outer loop
      vertex 7.35 30 6
      vertex 2.75007 19.1158 6
      vertex 3.14025 18.8264 6
    endloop
  endfacet
  facet normal 0 0 1
    outer loop
      vertex 7.35 30 6
      vertex 2.33341 19.3655 6
      vertex 2.75007 19.1158 6
    endloop
  endfacet
  facet normal 0 0 1
    outer loop
      vertex 7.35 30 6
      vertex 1.89428 19.5732 6
      vertex 2.33341 19.3655 6
    endloop
  endfacet
  facet normal 0 0 1
    outer loop
      vertex 7.35 30 6
      vertex 1.43691 19.7369 6
      vertex 1.89428 19.5732 6
    endloop
  endfacet
  facet normal 0 0 1
    outer loop
      vertex 7.35 30 6
      vertex 0.965696 19.8549 6
      vertex 1.43691 19.7369 6
    endloop
  endfacet
  facet normal 0 0 1
    outer loop
      vertex 7.35 30 6
      vertex 0.485185 19.9262 6
      vertex 0.965696 19.8549 6
    endloop
  endfacet
  facet normal 0 0 1
    outer loop
      vertex 7.35 30 6
      vertex 0 19.95 6
      vertex 0.485185 19.9262 6
    endloop
  endfacet
  facet normal -0 0 1
    outer loop
      vertex -7.35 30 6
      vertex 0 19.95 6
      vertex 7.35 30 6
    endloop
  endfacet
  facet normal 0 0 1
    outer loop
      vertex 0 19.95 6
      vertex -7.35 30 6
      vertex -0.485185 19.9262 6
    endloop
  endfacet
  facet normal 0 0 1
    outer loop
      vertex -0.485185 19.9262 6
      vertex -7.35 30 6
      vertex -0.965696 19.8549 6
    endloop
  endfacet
  facet normal 0 0 1
    outer loop
      vertex -0.965696 19.8549 6
      vertex -7.35 30 6
      vertex -1.43691 19.7369 6
    endloop
  endfacet
  facet normal 0 0 1
    outer loop
      vertex -1.43691 19.7369 6
      vertex -7.35 30 6
      vertex -1.89428 19.5732 6
    endloop
  endfacet
  facet normal 0 0 1
    outer loop
      vertex -1.89428 19.5732 6
      vertex -7.35 30 6
      vertex -2.33341 19.3655 6
    endloop
  endfacet
  facet normal 0 0 1
    outer loop
      vertex -2.33341 19.3655 6
      vertex -7.35 30 6
      vertex -2.75007 19.1158 6
    endloop
  endfacet
  facet normal 0 0 1
    outer loop
      vertex -2.75007 19.1158 6
      vertex -7.35 30 6
      vertex -3.14025 18.8264 6
    endloop
  endfacet
  facet normal 0 0 1
    outer loop
      vertex -4.85489 15.9657 6
      vertex -7.35 16.9694 6
      vertex -4.92616 15.4852 6
    endloop
  endfacet
  facet normal 0 0 1
    outer loop
      vertex -4.73685 16.4369 6
      vertex -7.35 16.9694 6
      vertex -4.85489 15.9657 6
    endloop
  endfacet
  facet normal 0 0 1
    outer loop
      vertex -4.5732 16.8943 6
      vertex -7.35 16.9694 6
      vertex -4.73685 16.4369 6
    endloop
  endfacet
  facet normal 0 0 1
    outer loop
      vertex -4.36551 17.3334 6
      vertex -7.35 16.9694 6
      vertex -4.5732 16.8943 6
    endloop
  endfacet
  facet normal 0 0 1
    outer loop
      vertex -4.11577 17.7501 6
      vertex -7.35 16.9694 6
      vertex -4.36551 17.3334 6
    endloop
  endfacet
  facet normal 0 0 1
    outer loop
      vertex -3.8264 18.1402 6
      vertex -7.35 16.9694 6
      vertex -4.11577 17.7501 6
    endloop
  endfacet
  facet normal 0 0 1
    outer loop
      vertex -3.50018 18.5002 6
      vertex -7.35 16.9694 6
      vertex -3.8264 18.1402 6
    endloop
  endfacet
  facet normal 0 0 1
    outer loop
      vertex -7.35 16.9694 6
      vertex -3.50018 18.5002 6
      vertex -7.35 30 6
    endloop
  endfacet
  facet normal 0 0 1
    outer loop
      vertex -3.14025 18.8264 6
      vertex -7.35 30 6
      vertex -3.50018 18.5002 6
    endloop
  endfacet
  facet normal 0 0 1
    outer loop
      vertex 4.95 15 6
      vertex 8.48705 15 6
      vertex 7.35 16.9694 6
    endloop
  endfacet
  facet normal 0 0 1
    outer loop
      vertex 4.92616 14.5148 6
      vertex 8.48705 15 6
      vertex 4.95 15 6
    endloop
  endfacet
  facet normal 0 0 1
    outer loop
      vertex 4.85489 14.0343 6
      vertex 8.48705 15 6
      vertex 4.92616 14.5148 6
    endloop
  endfacet
  facet normal 0 0 1
    outer loop
      vertex 4.73685 13.5631 6
      vertex 8.48705 15 6
      vertex 4.85489 14.0343 6
    endloop
  endfacet
  facet normal 0 0 1
    outer loop
      vertex 4.5732 13.1057 6
      vertex 8.48705 15 6
      vertex 4.73685 13.5631 6
    endloop
  endfacet
  facet normal 0 0 1
    outer loop
      vertex 4.36551 12.6666 6
      vertex 8.48705 15 6
      vertex 4.5732 13.1057 6
    endloop
  endfacet
  facet normal -0 0 1
    outer loop
      vertex 4.36551 12.6666 6
      vertex 4.24352 7.65 6
      vertex 8.48705 15 6
    endloop
  endfacet
  facet normal -0 0 1
    outer loop
      vertex 4.11577 12.2499 6
      vertex 4.24352 7.65 6
      vertex 4.36551 12.6666 6
    endloop
  endfacet
  facet normal -0 0 1
    outer loop
      vertex 3.8264 11.8598 6
      vertex 4.24352 7.65 6
      vertex 4.11577 12.2499 6
    endloop
  endfacet
  facet normal -0 0 1
    outer loop
      vertex 3.50018 11.4998 6
      vertex 4.24352 7.65 6
      vertex 3.8264 11.8598 6
    endloop
  endfacet
  facet normal -0 0 1
    outer loop
      vertex 3.14025 11.1736 6
      vertex 4.24352 7.65 6
      vertex 3.50018 11.4998 6
    endloop
  endfacet
  facet normal -0 0 1
    outer loop
      vertex 2.75007 10.8842 6
      vertex 4.24352 7.65 6
      vertex 3.14025 11.1736 6
    endloop
  endfacet
  facet normal -0 0 1
    outer loop
      vertex 2.33341 10.6345 6
      vertex 4.24352 7.65 6
      vertex 2.75007 10.8842 6
    endloop
  endfacet
  facet normal -0 0 1
    outer loop
      vertex 1.89428 10.4268 6
      vertex 4.24352 7.65 6
      vertex 2.33341 10.6345 6
    endloop
  endfacet
  facet normal -0 0 1
    outer loop
      vertex 1.43691 10.2631 6
      vertex 4.24352 7.65 6
      vertex 1.89428 10.4268 6
    endloop
  endfacet
  facet normal -0 0 1
    outer loop
      vertex 0.965696 10.1451 6
      vertex 4.24352 7.65 6
      vertex 1.43691 10.2631 6
    endloop
  endfacet
  facet normal -0 0 1
    outer loop
      vertex 0.485185 10.0738 6
      vertex 4.24352 7.65 6
      vertex 0.965696 10.1451 6
    endloop
  endfacet
  facet normal -0 0 1
    outer loop
      vertex 0 10.05 6
      vertex 4.24352 7.65 6
      vertex 0.485185 10.0738 6
    endloop
  endfacet
  facet normal 0 0 1
    outer loop
      vertex -4.24352 7.65 6
      vertex 0 10.05 6
      vertex -0.485185 10.0738 6
    endloop
  endfacet
  facet normal 0 0 1
    outer loop
      vertex -4.24352 7.65 6
      vertex -0.485185 10.0738 6
      vertex -0.965696 10.1451 6
    endloop
  endfacet
  facet normal 0 0 1
    outer loop
      vertex -4.24352 7.65 6
      vertex -0.965696 10.1451 6
      vertex -1.43691 10.2631 6
    endloop
  endfacet
  facet normal 0 0 1
    outer loop
      vertex -4.24352 7.65 6
      vertex -1.43691 10.2631 6
      vertex -1.89428 10.4268 6
    endloop
  endfacet
  facet normal 0 0 1
    outer loop
      vertex 0 10.05 6
      vertex -4.24352 7.65 6
      vertex 4.24352 7.65 6
    endloop
  endfacet
  facet normal 0 0 1
    outer loop
      vertex -2.33341 10.6345 6
      vertex -4.24352 7.65 6
      vertex -1.89428 10.4268 6
    endloop
  endfacet
  facet normal 0 0 1
    outer loop
      vertex -2.75007 10.8842 6
      vertex -4.24352 7.65 6
      vertex -2.33341 10.6345 6
    endloop
  endfacet
  facet normal 0 0 1
    outer loop
      vertex -3.14025 11.1736 6
      vertex -4.24352 7.65 6
      vertex -2.75007 10.8842 6
    endloop
  endfacet
  facet normal 0 0 1
    outer loop
      vertex -3.50018 11.4998 6
      vertex -4.24352 7.65 6
      vertex -3.14025 11.1736 6
    endloop
  endfacet
  facet normal 0 0 1
    outer loop
      vertex -3.8264 11.8598 6
      vertex -4.24352 7.65 6
      vertex -3.50018 11.4998 6
    endloop
  endfacet
  facet normal 0 0 1
    outer loop
      vertex -4.11577 12.2499 6
      vertex -4.24352 7.65 6
      vertex -3.8264 11.8598 6
    endloop
  endfacet
  facet normal 0 0 1
    outer loop
      vertex -4.36551 12.6666 6
      vertex -4.24352 7.65 6
      vertex -4.11577 12.2499 6
    endloop
  endfacet
  facet normal 0 0 1
    outer loop
      vertex -8.48705 15 6
      vertex -4.36551 12.6666 6
      vertex -4.5732 13.1057 6
    endloop
  endfacet
  facet normal 0 0 1
    outer loop
      vertex -8.48705 15 6
      vertex -4.5732 13.1057 6
      vertex -4.73685 13.5631 6
    endloop
  endfacet
  facet normal 0 0 1
    outer loop
      vertex -8.48705 15 6
      vertex -4.73685 13.5631 6
      vertex -4.85489 14.0343 6
    endloop
  endfacet
  facet normal 0 0 1
    outer loop
      vertex -8.48705 15 6
      vertex -4.85489 14.0343 6
      vertex -4.92616 14.5148 6
    endloop
  endfacet
  facet normal 0 0 1
    outer loop
      vertex -4.92616 15.4852 6
      vertex -7.35 16.9694 6
      vertex -4.95 15 6
    endloop
  endfacet
  facet normal 0 0 1
    outer loop
      vertex -8.48705 15 6
      vertex -4.95 15 6
      vertex -7.35 16.9694 6
    endloop
  endfacet
  facet normal 0 0 1
    outer loop
      vertex -4.95 15 6
      vertex -8.48705 15 6
      vertex -4.92616 14.5148 6
    endloop
  endfacet
  facet normal 0 0 1
    outer loop
      vertex -4.36551 12.6666 6
      vertex -8.48705 15 6
      vertex -4.24352 7.65 6
    endloop
  endfacet
  facet normal 0.866025 0.5 0
    outer loop
      vertex -4.24352 7.65 14.8
      vertex -8.48705 15 6
      vertex -8.48705 15 14.8
    endloop
  endfacet
  facet normal 0.866025 0.5 0
    outer loop
      vertex -8.48705 15 6
      vertex -4.24352 7.65 14.8
      vertex -4.24352 7.65 6
    endloop
  endfacet
  facet normal 0 0 -1
    outer loop
      vertex -4.24352 7.65 14.8
      vertex -8.48705 15 14.8
      vertex -7.35 16.9694 14.8
    endloop
  endfacet
  facet normal 0 0 -1
    outer loop
      vertex 4.24352 7.65 14.8
      vertex 7.35 16.9694 14.8
      vertex 8.48705 15 14.8
    endloop
  endfacet
  facet normal 0 0 -1
    outer loop
      vertex -7.35 16.9694 14.8
      vertex 7.35 16.9694 14.8
      vertex 4.24352 7.65 14.8
    endloop
  endfacet
  facet normal 0 0 -1
    outer loop
      vertex -7.35 16.9694 14.8
      vertex 4.24352 7.65 14.8
      vertex -4.24352 7.65 14.8
    endloop
  endfacet
  facet normal 0 0 -1
    outer loop
      vertex 7.35 16.9694 14.8
      vertex -7.35 16.9694 14.8
      vertex 7.35 30 14.8
    endloop
  endfacet
  facet normal -0 0 -1
    outer loop
      vertex 7.35 30 14.8
      vertex -7.35 16.9694 14.8
      vertex -7.35 30 14.8
    endloop
  endfacet
  facet normal -0.866025 0.5 0
    outer loop
      vertex 4.24352 7.65 6
      vertex 8.48705 15 14.8
      vertex 8.48705 15 6
    endloop
  endfacet
  facet normal -0.866025 0.5 0
    outer loop
      vertex 8.48705 15 14.8
      vertex 4.24352 7.65 6
      vertex 4.24352 7.65 14.8
    endloop
  endfacet
  facet normal 0 1 -0
    outer loop
      vertex 4.24352 7.65 6
      vertex -4.24352 7.65 14.8
      vertex 4.24352 7.65 14.8
    endloop
  endfacet
  facet normal 0 1 0
    outer loop
      vertex -4.24352 7.65 14.8
      vertex 4.24352 7.65 6
      vertex -4.24352 7.65 6
    endloop
  endfacet
  facet normal -1 0 0
    outer loop
      vertex 7.35 16.9694 6
      vertex 7.35 30 14.8
      vertex 7.35 30 6
    endloop
  endfacet
  facet normal -1 -0 0
    outer loop
      vertex 7.35 30 14.8
      vertex 7.35 16.9694 6
      vertex 7.35 16.9694 14.8
    endloop
  endfacet
  facet normal 1 -0 0
    outer loop
      vertex -7.35 16.9694 14.8
      vertex -7.35 30 6
      vertex -7.35 30 14.8
    endloop
  endfacet
  facet normal 1 0 0
    outer loop
      vertex -7.35 30 6
      vertex -7.35 16.9694 14.8
      vertex -7.35 16.9694 6
    endloop
  endfacet
  facet normal -1 0 0
    outer loop
      vertex 66 26 62
      vertex 66 30 63.9182
      vertex 66 30 62
    endloop
  endfacet
  facet normal -1 -0 0
    outer loop
      vertex 66 30 63.9182
      vertex 66 26 62
      vertex 66 26 63.9182
    endloop
  endfacet
  facet normal -0 0 1
    outer loop
      vertex -66 30 62
      vertex 66 26 62
      vertex 66 30 62
    endloop
  endfacet
  facet normal 0 0 1
    outer loop
      vertex 66 26 62
      vertex -66 30 62
      vertex -66 26 62
    endloop
  endfacet
  facet normal 1 -0 0
    outer loop
      vertex -66 26 63.9182
      vertex -66 30 62
      vertex -66 30 63.9182
    endloop
  endfacet
  facet normal 1 0 0
    outer loop
      vertex -66 30 62
      vertex -66 26 63.9182
      vertex -66 26 62
    endloop
  endfacet
  facet normal 0 1 0
    outer loop
      vertex 66 26 62
      vertex 62 26 65
      vertex 62.7841 26 64.9615
    endloop
  endfacet
  facet normal 0 1 0
    outer loop
      vertex 62 26 65
      vertex 66 26 62
      vertex -62 26 65
    endloop
  endfacet
  facet normal 0 1 0
    outer loop
      vertex 66 26 62
      vertex 62.7841 26 64.9615
      vertex 63.5607 26 64.8463
    endloop
  endfacet
  facet normal 0 1 0
    outer loop
      vertex -66 26 62
      vertex -62 26 65
      vertex 66 26 62
    endloop
  endfacet
  facet normal 0 1 0
    outer loop
      vertex 66 26 62
      vertex 63.5607 26 64.8463
      vertex 64.3223 26 64.6555
    endloop
  endfacet
  facet normal 0 1 0
    outer loop
      vertex -62 26 65
      vertex -66 26 62
      vertex -62.7841 26 64.9615
    endloop
  endfacet
  facet normal 0 1 0
    outer loop
      vertex 66 26 62
      vertex 64.3223 26 64.6555
      vertex 65.0615 26 64.391
    endloop
  endfacet
  facet normal 0 1 0
    outer loop
      vertex -62.7841 26 64.9615
      vertex -66 26 62
      vertex -63.5607 26 64.8463
    endloop
  endfacet
  facet normal 0 1 0
    outer loop
      vertex 66 26 62
      vertex 65.0615 26 64.391
      vertex 65.7712 26 64.0554
    endloop
  endfacet
  facet normal 0 1 0
    outer loop
      vertex -63.5607 26 64.8463
      vertex -66 26 62
      vertex -64.3223 26 64.6555
    endloop
  endfacet
  facet normal 0 1 -0
    outer loop
      vertex 66 26 62
      vertex 65.7712 26 64.0554
      vertex 66 26 63.9182
    endloop
  endfacet
  facet normal 0 1 0
    outer loop
      vertex -64.3223 26 64.6555
      vertex -66 26 62
      vertex -65.0615 26 64.391
    endloop
  endfacet
  facet normal 0 1 0
    outer loop
      vertex -65.0615 26 64.391
      vertex -66 26 62
      vertex -65.7712 26 64.0554
    endloop
  endfacet
  facet normal 0 1 0
    outer loop
      vertex -65.7712 26 64.0554
      vertex -66 26 62
      vertex -66 26 63.9182
    endloop
  endfacet
  facet normal 1 -0 0
    outer loop
      vertex -65 -45 30
      vertex -65 0 6
      vertex -65 0 30
    endloop
  endfacet
  facet normal 1 0 0
    outer loop
      vertex -65 0 6
      vertex -65 -45 30
      vertex -65 -45 6
    endloop
  endfacet
  facet normal -0 0 1
    outer loop
      vertex -70 0 30
      vertex -65 -45 30
      vertex -65 0 30
    endloop
  endfacet
  facet normal 0 0 1
    outer loop
      vertex -65 -45 30
      vertex -70 0 30
      vertex -70 -45 30
    endloop
  endfacet
  facet normal 0 1 -0
    outer loop
      vertex -15 0.00999928 18
      vertex -19 0.00999928 32
      vertex -15 0.00999928 32
    endloop
  endfacet
  facet normal 0 1 0
    outer loop
      vertex -19 0.00999928 32
      vertex -15 0.00999928 18
      vertex -19 0.00999928 18
    endloop
  endfacet
  facet normal 0 1 -0
    outer loop
      vertex 19 0.00999928 18
      vertex 15 0.00999928 32
      vertex 19 0.00999928 32
    endloop
  endfacet
  facet normal 0 1 0
    outer loop
      vertex 15 0.00999928 32
      vertex 19 0.00999928 18
      vertex 15 0.00999928 18
    endloop
  endfacet
  facet normal 0 -1 0
    outer loop
      vertex -37.8106 -50 40.2156
      vertex -5.74164 -50 48.2583
      vertex -37.8423 -50 40.4292
    endloop
  endfacet
  facet normal 0 -1 0
    outer loop
      vertex 0 -50 44
      vertex 39.7844 -50 42.1894
      vertex 40 -50 42.2
    endloop
  endfacet
  facet normal 0 -1 -0
    outer loop
      vertex -5.74164 -50 48.2583
      vertex -37.8106 -50 40.2156
      vertex -5.54328 -50 47.7039
    endloop
  endfacet
  facet normal 0 -1 0
    outer loop
      vertex 0 -50 44
      vertex 39.5708 -50 42.1577
      vertex 39.7844 -50 42.1894
    endloop
  endfacet
  facet normal 0 -1 0
    outer loop
      vertex -37.8 -50 40
      vertex -5.54328 -50 47.7039
      vertex -37.8106 -50 40.2156
    endloop
  endfacet
  facet normal 0 -1 0
    outer loop
      vertex 0 -50 44
      vertex 39.3614 -50 42.1053
      vertex 39.5708 -50 42.1577
    endloop
  endfacet
  facet normal 0 -1 -0
    outer loop
      vertex -5.54328 -50 47.7039
      vertex -37.8 -50 40
      vertex -5.29153 -50 47.1716
    endloop
  endfacet
  facet normal 0 -1 0
    outer loop
      vertex 0 -50 44
      vertex 39.1581 -50 42.0325
      vertex 39.3614 -50 42.1053
    endloop
  endfacet
  facet normal 0 -1 0
    outer loop
      vertex -37.8106 -50 39.7844
      vertex -5.29153 -50 47.1716
      vertex -37.8 -50 40
    endloop
  endfacet
  facet normal 0 -1 0
    outer loop
      vertex 0 -50 44
      vertex 38.9629 -50 41.9402
      vertex 39.1581 -50 42.0325
    endloop
  endfacet
  facet normal 0 -1 -0
    outer loop
      vertex -5.29153 -50 47.1716
      vertex -37.8106 -50 39.7844
      vertex -4.98882 -50 46.6666
    endloop
  endfacet
  facet normal 0 -1 0
    outer loop
      vertex 0 -50 44
      vertex 38.7777 -50 41.8292
      vertex 38.9629 -50 41.9402
    endloop
  endfacet
  facet normal 0 -1 0
    outer loop
      vertex -37.8423 -50 39.5708
      vertex -4.98882 -50 46.6666
      vertex -37.8106 -50 39.7844
    endloop
  endfacet
  facet normal 0 -1 0
    outer loop
      vertex 0 -50 44
      vertex 38.6043 -50 41.7006
      vertex 38.7777 -50 41.8292
    endloop
  endfacet
  facet normal 0 -1 -0
    outer loop
      vertex -4.98882 -50 46.6666
      vertex -37.8423 -50 39.5708
      vertex -4.63806 -50 46.1936
    endloop
  endfacet
  facet normal 0 -1 0
    outer loop
      vertex 0 -50 44
      vertex 38.4444 -50 41.5556
      vertex 38.6043 -50 41.7006
    endloop
  endfacet
  facet normal 0 -1 0
    outer loop
      vertex -37.8947 -50 39.3614
      vertex -4.63806 -50 46.1936
      vertex -37.8423 -50 39.5708
    endloop
  endfacet
  facet normal 0 -1 0
    outer loop
      vertex 0 -50 44
      vertex 38.2994 -50 41.3957
      vertex 38.4444 -50 41.5556
    endloop
  endfacet
  facet normal 0 -1 -0
    outer loop
      vertex -4.63806 -50 46.1936
      vertex -37.8947 -50 39.3614
      vertex -4.24264 -50 45.7574
    endloop
  endfacet
  facet normal 0 -1 0
    outer loop
      vertex 0 -50 44
      vertex 38.1708 -50 41.2223
      vertex 38.2994 -50 41.3957
    endloop
  endfacet
  facet normal 0 -1 0
    outer loop
      vertex -37.9675 -50 39.1581
      vertex -4.24264 -50 45.7574
      vertex -37.8947 -50 39.3614
    endloop
  endfacet
  facet normal 0 -1 0
    outer loop
      vertex 0 -50 44
      vertex 38.0598 -50 41.0371
      vertex 38.1708 -50 41.2223
    endloop
  endfacet
  facet normal 0 -1 0
    outer loop
      vertex -38.0598 -50 38.9629
      vertex -4.24264 -50 45.7574
      vertex -37.9675 -50 39.1581
    endloop
  endfacet
  facet normal 0 -1 0
    outer loop
      vertex 0 -50 44
      vertex 37.9675 -50 40.8419
      vertex 38.0598 -50 41.0371
    endloop
  endfacet
  facet normal 0 -1 -0
    outer loop
      vertex -4.24264 -50 45.7574
      vertex -38.0598 -50 38.9629
      vertex -3.80636 -50 45.3619
    endloop
  endfacet
  facet normal 0 -1 0
    outer loop
      vertex 0 -50 44
      vertex 37.8947 -50 40.6386
      vertex 37.9675 -50 40.8419
    endloop
  endfacet
  facet normal 0 -1 0
    outer loop
      vertex -38.1708 -50 38.7777
      vertex -3.80636 -50 45.3619
      vertex -38.0598 -50 38.9629
    endloop
  endfacet
  facet normal 0 -1 0
    outer loop
      vertex 0 -50 44
      vertex 37.8423 -50 40.4292
      vertex 37.8947 -50 40.6386
    endloop
  endfacet
  facet normal 0 -1 -0
    outer loop
      vertex -3.80636 -50 45.3619
      vertex -38.1708 -50 38.7777
      vertex -3.33342 -50 45.0112
    endloop
  endfacet
  facet normal 0 -1 0
    outer loop
      vertex 0 -50 44
      vertex 37.8106 -50 40.2156
      vertex 37.8423 -50 40.4292
    endloop
  endfacet
  facet normal 0 -1 0
    outer loop
      vertex -38.2994 -50 38.6043
      vertex -3.33342 -50 45.0112
      vertex -38.1708 -50 38.7777
    endloop
  endfacet
  facet normal 0 -1 0
    outer loop
      vertex 0 -50 44
      vertex 37.8 -50 40
      vertex 37.8106 -50 40.2156
    endloop
  endfacet
  facet normal 0 -1 -0
    outer loop
      vertex -3.33342 -50 45.0112
      vertex -38.2994 -50 38.6043
      vertex -2.82838 -50 44.7085
    endloop
  endfacet
  facet normal 0 -1 0
    outer loop
      vertex 0 -50 44
      vertex 37.8106 -50 39.7844
      vertex 37.8 -50 40
    endloop
  endfacet
  facet normal 0 -1 0
    outer loop
      vertex -38.4444 -50 38.4444
      vertex -2.82838 -50 44.7085
      vertex -38.2994 -50 38.6043
    endloop
  endfacet
  facet normal 0 -1 0
    outer loop
      vertex 0 -50 44
      vertex 37.8423 -50 39.5708
      vertex 37.8106 -50 39.7844
    endloop
  endfacet
  facet normal 0 -1 -0
    outer loop
      vertex -2.82838 -50 44.7085
      vertex -38.4444 -50 38.4444
      vertex -2.2961 -50 44.4567
    endloop
  endfacet
  facet normal 0 -1 0
    outer loop
      vertex 0 -50 44
      vertex 37.8947 -50 39.3614
      vertex 37.8423 -50 39.5708
    endloop
  endfacet
  facet normal 0 -1 0
    outer loop
      vertex -38.6043 -50 38.2994
      vertex -2.2961 -50 44.4567
      vertex -38.4444 -50 38.4444
    endloop
  endfacet
  facet normal 0 -1 0
    outer loop
      vertex 0 -50 44
      vertex 37.9675 -50 39.1581
      vertex 37.8947 -50 39.3614
    endloop
  endfacet
  facet normal 0 -1 -0
    outer loop
      vertex -2.2961 -50 44.4567
      vertex -38.6043 -50 38.2994
      vertex -1.74171 -50 44.2584
    endloop
  endfacet
  facet normal 0 -1 0
    outer loop
      vertex 0 -50 44
      vertex 38.0598 -50 38.9629
      vertex 37.9675 -50 39.1581
    endloop
  endfacet
  facet normal 0 -1 0
    outer loop
      vertex -38.7777 -50 38.1708
      vertex -1.74171 -50 44.2584
      vertex -38.6043 -50 38.2994
    endloop
  endfacet
  facet normal 0 -1 0
    outer loop
      vertex 0 -50 44
      vertex 38.1708 -50 38.7777
      vertex 38.0598 -50 38.9629
    endloop
  endfacet
  facet normal 0 -1 -0
    outer loop
      vertex -1.74171 -50 44.2584
      vertex -38.7777 -50 38.1708
      vertex -1.17054 -50 44.1153
    endloop
  endfacet
  facet normal 0 -1 0
    outer loop
      vertex 0 -50 44
      vertex 38.2994 -50 38.6043
      vertex 38.1708 -50 38.7777
    endloop
  endfacet
  facet normal 0 -1 0
    outer loop
      vertex -38.9629 -50 38.0598
      vertex -1.17054 -50 44.1153
      vertex -38.7777 -50 38.1708
    endloop
  endfacet
  facet normal 0 -1 0
    outer loop
      vertex 0 -50 44
      vertex 38.4444 -50 38.4444
      vertex 38.2994 -50 38.6043
    endloop
  endfacet
  facet normal 0 -1 0
    outer loop
      vertex -70 -50 0
      vertex -1.17054 -50 44.1153
      vertex -38.9629 -50 38.0598
    endloop
  endfacet
  facet normal 0 -1 0
    outer loop
      vertex 0 -50 44
      vertex 38.6043 -50 38.2994
      vertex 38.4444 -50 38.4444
    endloop
  endfacet
  facet normal 0 -1 -0
    outer loop
      vertex -1.17054 -50 44.1153
      vertex -70 -50 0
      vertex -0.588102 -50 44.0289
    endloop
  endfacet
  facet normal 0 -1 0
    outer loop
      vertex 0 -50 44
      vertex 38.7777 -50 38.1708
      vertex 38.6043 -50 38.2994
    endloop
  endfacet
  facet normal 0 -1 -0
    outer loop
      vertex -0.588102 -50 44.0289
      vertex -70 -50 0
      vertex 0 -50 44
    endloop
  endfacet
  facet normal 0 -1 0
    outer loop
      vertex 0 -50 44
      vertex 38.9629 -50 38.0598
      vertex 38.7777 -50 38.1708
    endloop
  endfacet
  facet normal 0 -1 0
    outer loop
      vertex -70 -50 0
      vertex -38.9629 -50 38.0598
      vertex -39.1581 -50 37.9675
    endloop
  endfacet
  facet normal 0 -1 0
    outer loop
      vertex 70 -50 0
      vertex 0 -50 44
      vertex -70 -50 0
    endloop
  endfacet
  facet normal 0 -1 0
    outer loop
      vertex -70 -50 0
      vertex -39.1581 -50 37.9675
      vertex -39.3614 -50 37.8947
    endloop
  endfacet
  facet normal 0 -1 0
    outer loop
      vertex 0 -50 44
      vertex 70 -50 0
      vertex 38.9629 -50 38.0598
    endloop
  endfacet
  facet normal 0 -1 0
    outer loop
      vertex -70 -50 0
      vertex -39.3614 -50 37.8947
      vertex -39.5708 -50 37.8423
    endloop
  endfacet
  facet normal 0 -1 0
    outer loop
      vertex 38.9629 -50 38.0598
      vertex 70 -50 0
      vertex 39.1581 -50 37.9675
    endloop
  endfacet
  facet normal 0 -1 0
    outer loop
      vertex -70 -50 0
      vertex -39.5708 -50 37.8423
      vertex -39.7844 -50 37.8106
    endloop
  endfacet
  facet normal 0 -1 0
    outer loop
      vertex 39.1581 -50 37.9675
      vertex 70 -50 0
      vertex 39.3614 -50 37.8947
    endloop
  endfacet
  facet normal 0 -1 0
    outer loop
      vertex -70 -50 0
      vertex -39.7844 -50 37.8106
      vertex -40 -50 37.8
    endloop
  endfacet
  facet normal 0 -1 0
    outer loop
      vertex 39.3614 -50 37.8947
      vertex 70 -50 0
      vertex 39.5708 -50 37.8423
    endloop
  endfacet
  facet normal 0 -1 0
    outer loop
      vertex -70 -50 60
      vertex 0 -50 56
      vertex 70 -50 60
    endloop
  endfacet
  facet normal 0 -1 0
    outer loop
      vertex -70 -50 60
      vertex -0.588102 -50 55.9711
      vertex 0 -50 56
    endloop
  endfacet
  facet normal 0 -1 0
    outer loop
      vertex -70 -50 60
      vertex -1.17054 -50 55.8847
      vertex -0.588102 -50 55.9711
    endloop
  endfacet
  facet normal 0 -1 0
    outer loop
      vertex -70 -50 60
      vertex -1.74171 -50 55.7416
      vertex -1.17054 -50 55.8847
    endloop
  endfacet
  facet normal 0 -1 0
    outer loop
      vertex -70 -50 60
      vertex -2.2961 -50 55.5433
      vertex -1.74171 -50 55.7416
    endloop
  endfacet
  facet normal 0 -1 0
    outer loop
      vertex -70 -50 60
      vertex -2.82838 -50 55.2915
      vertex -2.2961 -50 55.5433
    endloop
  endfacet
  facet normal 0 -1 0
    outer loop
      vertex -70 -50 60
      vertex -3.33342 -50 54.9888
      vertex -2.82838 -50 55.2915
    endloop
  endfacet
  facet normal 0 -1 0
    outer loop
      vertex -70 -50 60
      vertex -3.80636 -50 54.6381
      vertex -3.33342 -50 54.9888
    endloop
  endfacet
  facet normal 0 -1 0
    outer loop
      vertex -70 -50 60
      vertex -4.24264 -50 54.2426
      vertex -3.80636 -50 54.6381
    endloop
  endfacet
  facet normal 0 -1 0
    outer loop
      vertex -39.7844 -50 42.1894
      vertex -70 -50 60
      vertex -40 -50 42.2
    endloop
  endfacet
  facet normal 0 -1 0
    outer loop
      vertex -70 -50 60
      vertex -39.7844 -50 42.1894
      vertex -4.24264 -50 54.2426
    endloop
  endfacet
  facet normal 0 -1 0
    outer loop
      vertex -39.5708 -50 42.1577
      vertex -4.24264 -50 54.2426
      vertex -39.7844 -50 42.1894
    endloop
  endfacet
  facet normal 0 -1 0
    outer loop
      vertex -4.24264 -50 54.2426
      vertex -39.5708 -50 42.1577
      vertex -4.63806 -50 53.8064
    endloop
  endfacet
  facet normal 0 -1 0
    outer loop
      vertex -39.3614 -50 42.1053
      vertex -4.63806 -50 53.8064
      vertex -39.5708 -50 42.1577
    endloop
  endfacet
  facet normal 0 -1 0
    outer loop
      vertex -4.63806 -50 53.8064
      vertex -39.3614 -50 42.1053
      vertex -4.98882 -50 53.3334
    endloop
  endfacet
  facet normal 0 -1 0
    outer loop
      vertex -39.1581 -50 42.0325
      vertex -4.98882 -50 53.3334
      vertex -39.3614 -50 42.1053
    endloop
  endfacet
  facet normal 0 -1 0
    outer loop
      vertex -4.98882 -50 53.3334
      vertex -39.1581 -50 42.0325
      vertex -5.29153 -50 52.8284
    endloop
  endfacet
  facet normal 0 -1 0
    outer loop
      vertex -38.9629 -50 41.9402
      vertex -5.29153 -50 52.8284
      vertex -39.1581 -50 42.0325
    endloop
  endfacet
  facet normal 0 -1 0
    outer loop
      vertex -5.29153 -50 52.8284
      vertex -38.9629 -50 41.9402
      vertex -5.54328 -50 52.2961
    endloop
  endfacet
  facet normal 0 -1 0
    outer loop
      vertex -38.7777 -50 41.8292
      vertex -5.54328 -50 52.2961
      vertex -38.9629 -50 41.9402
    endloop
  endfacet
  facet normal 0 -1 0
    outer loop
      vertex -5.54328 -50 52.2961
      vertex -38.7777 -50 41.8292
      vertex -5.74164 -50 51.7417
    endloop
  endfacet
  facet normal 0 -1 0
    outer loop
      vertex -38.6043 -50 41.7006
      vertex -5.74164 -50 51.7417
      vertex -38.7777 -50 41.8292
    endloop
  endfacet
  facet normal 0 -1 0
    outer loop
      vertex -5.74164 -50 51.7417
      vertex -38.6043 -50 41.7006
      vertex -5.88471 -50 51.1705
    endloop
  endfacet
  facet normal 0 -1 0
    outer loop
      vertex -38.4444 -50 41.5556
      vertex -5.88471 -50 51.1705
      vertex -38.6043 -50 41.7006
    endloop
  endfacet
  facet normal 0 -1 0
    outer loop
      vertex -38.2994 -50 41.3957
      vertex -5.88471 -50 51.1705
      vertex -38.4444 -50 41.5556
    endloop
  endfacet
  facet normal 0 -1 0
    outer loop
      vertex -5.88471 -50 51.1705
      vertex -38.2994 -50 41.3957
      vertex -5.97111 -50 50.5881
    endloop
  endfacet
  facet normal 0 -1 0
    outer loop
      vertex -38.1708 -50 41.2223
      vertex -5.97111 -50 50.5881
      vertex -38.2994 -50 41.3957
    endloop
  endfacet
  facet normal 0 -1 0
    outer loop
      vertex -5.97111 -50 50.5881
      vertex -38.1708 -50 41.2223
      vertex -6 -50 50
    endloop
  endfacet
  facet normal 0 -1 0
    outer loop
      vertex -38.0598 -50 41.0371
      vertex -6 -50 50
      vertex -38.1708 -50 41.2223
    endloop
  endfacet
  facet normal 0 -1 -0
    outer loop
      vertex -6 -50 50
      vertex -38.0598 -50 41.0371
      vertex -5.97111 -50 49.4119
    endloop
  endfacet
  facet normal 0 -1 0
    outer loop
      vertex -37.9675 -50 40.8419
      vertex -5.97111 -50 49.4119
      vertex -38.0598 -50 41.0371
    endloop
  endfacet
  facet normal 0 -1 -0
    outer loop
      vertex -5.88471 -50 48.8295
      vertex -37.8947 -50 40.6386
      vertex -5.74164 -50 48.2583
    endloop
  endfacet
  facet normal 0 -1 0
    outer loop
      vertex -37.8947 -50 40.6386
      vertex -5.88471 -50 48.8295
      vertex -37.9675 -50 40.8419
    endloop
  endfacet
  facet normal 0 -1 -0
    outer loop
      vertex -5.97111 -50 49.4119
      vertex -37.9675 -50 40.8419
      vertex -5.88471 -50 48.8295
    endloop
  endfacet
  facet normal 0 -1 0
    outer loop
      vertex -70 -50 60
      vertex -40.2156 -50 42.1894
      vertex -40 -50 42.2
    endloop
  endfacet
  facet normal 0 -1 0
    outer loop
      vertex -70 -50 60
      vertex -40.4292 -50 42.1577
      vertex -40.2156 -50 42.1894
    endloop
  endfacet
  facet normal 0 -1 0
    outer loop
      vertex -70 -50 60
      vertex -40.6386 -50 42.1053
      vertex -40.4292 -50 42.1577
    endloop
  endfacet
  facet normal 0 -1 0
    outer loop
      vertex -70 -50 60
      vertex -40.8419 -50 42.0325
      vertex -40.6386 -50 42.1053
    endloop
  endfacet
  facet normal 0 -1 0
    outer loop
      vertex -70 -50 60
      vertex -41.0371 -50 41.9402
      vertex -40.8419 -50 42.0325
    endloop
  endfacet
  facet normal 0 -1 0
    outer loop
      vertex -70 -50 60
      vertex -41.2223 -50 41.8292
      vertex -41.0371 -50 41.9402
    endloop
  endfacet
  facet normal 0 -1 0
    outer loop
      vertex -70 -50 60
      vertex -41.3957 -50 41.7006
      vertex -41.2223 -50 41.8292
    endloop
  endfacet
  facet normal 0 -1 0
    outer loop
      vertex -70 -50 60
      vertex -41.5556 -50 41.5556
      vertex -41.3957 -50 41.7006
    endloop
  endfacet
  facet normal 0 -1 0
    outer loop
      vertex -70 -50 60
      vertex -41.7006 -50 41.3957
      vertex -41.5556 -50 41.5556
    endloop
  endfacet
  facet normal 0 -1 0
    outer loop
      vertex -70 -50 60
      vertex -41.8292 -50 41.2223
      vertex -41.7006 -50 41.3957
    endloop
  endfacet
  facet normal 0 -1 0
    outer loop
      vertex -70 -50 60
      vertex -41.9402 -50 41.0371
      vertex -41.8292 -50 41.2223
    endloop
  endfacet
  facet normal 0 -1 0
    outer loop
      vertex -70 -50 60
      vertex -42.0325 -50 40.8419
      vertex -41.9402 -50 41.0371
    endloop
  endfacet
  facet normal 0 -1 0
    outer loop
      vertex -70 -50 60
      vertex -42.1053 -50 40.6386
      vertex -42.0325 -50 40.8419
    endloop
  endfacet
  facet normal 0 -1 0
    outer loop
      vertex -70 -50 60
      vertex -42.1577 -50 40.4292
      vertex -42.1053 -50 40.6386
    endloop
  endfacet
  facet normal 0 -1 0
    outer loop
      vertex -70 -50 60
      vertex -42.1894 -50 40.2156
      vertex -42.1577 -50 40.4292
    endloop
  endfacet
  facet normal 0 -1 0
    outer loop
      vertex -70 -50 60
      vertex -42.2 -50 40
      vertex -42.1894 -50 40.2156
    endloop
  endfacet
  facet normal 0 -1 0
    outer loop
      vertex -70 -50 60
      vertex -42.1894 -50 39.7844
      vertex -42.2 -50 40
    endloop
  endfacet
  facet normal 0 -1 0
    outer loop
      vertex -70 -50 60
      vertex -42.1577 -50 39.5708
      vertex -42.1894 -50 39.7844
    endloop
  endfacet
  facet normal 0 -1 0
    outer loop
      vertex -70 -50 60
      vertex -42.1053 -50 39.3614
      vertex -42.1577 -50 39.5708
    endloop
  endfacet
  facet normal 0 -1 0
    outer loop
      vertex -70 -50 0
      vertex -42.1053 -50 39.3614
      vertex -70 -50 60
    endloop
  endfacet
  facet normal 0 -1 -0
    outer loop
      vertex -42.1053 -50 39.3614
      vertex -70 -50 0
      vertex -42.0325 -50 39.1581
    endloop
  endfacet
  facet normal 0 -1 -0
    outer loop
      vertex -42.0325 -50 39.1581
      vertex -70 -50 0
      vertex -41.9402 -50 38.9629
    endloop
  endfacet
  facet normal 0 -1 -0
    outer loop
      vertex -41.9402 -50 38.9629
      vertex -70 -50 0
      vertex -41.8292 -50 38.7777
    endloop
  endfacet
  facet normal 0 -1 -0
    outer loop
      vertex -41.8292 -50 38.7777
      vertex -70 -50 0
      vertex -41.7006 -50 38.6043
    endloop
  endfacet
  facet normal 0 -1 -0
    outer loop
      vertex -41.7006 -50 38.6043
      vertex -70 -50 0
      vertex -41.5556 -50 38.4444
    endloop
  endfacet
  facet normal 0 -1 0
    outer loop
      vertex 39.5708 -50 37.8423
      vertex 70 -50 0
      vertex 39.7844 -50 37.8106
    endloop
  endfacet
  facet normal 0 -1 -0
    outer loop
      vertex -40.2156 -50 37.8106
      vertex -70 -50 0
      vertex -40 -50 37.8
    endloop
  endfacet
  facet normal 0 -1 -0
    outer loop
      vertex -40.4292 -50 37.8423
      vertex -70 -50 0
      vertex -40.2156 -50 37.8106
    endloop
  endfacet
  facet normal 0 -1 -0
    outer loop
      vertex -40.6386 -50 37.8947
      vertex -70 -50 0
      vertex -40.4292 -50 37.8423
    endloop
  endfacet
  facet normal 0 -1 -0
    outer loop
      vertex -40.8419 -50 37.9675
      vertex -70 -50 0
      vertex -40.6386 -50 37.8947
    endloop
  endfacet
  facet normal 0 -1 -0
    outer loop
      vertex -41.0371 -50 38.0598
      vertex -70 -50 0
      vertex -40.8419 -50 37.9675
    endloop
  endfacet
  facet normal 0 -1 -0
    outer loop
      vertex -41.2223 -50 38.1708
      vertex -70 -50 0
      vertex -41.0371 -50 38.0598
    endloop
  endfacet
  facet normal 0 -1 -0
    outer loop
      vertex -41.3957 -50 38.2994
      vertex -70 -50 0
      vertex -41.2223 -50 38.1708
    endloop
  endfacet
  facet normal 0 -1 -0
    outer loop
      vertex -41.5556 -50 38.4444
      vertex -70 -50 0
      vertex -41.3957 -50 38.2994
    endloop
  endfacet
  facet normal 0 -1 0
    outer loop
      vertex 0.588102 -50 55.9711
      vertex 70 -50 60
      vertex 0 -50 56
    endloop
  endfacet
  facet normal 0 -1 0
    outer loop
      vertex 1.17054 -50 55.8847
      vertex 70 -50 60
      vertex 0.588102 -50 55.9711
    endloop
  endfacet
  facet normal 0 -1 0
    outer loop
      vertex 1.74171 -50 55.7416
      vertex 70 -50 60
      vertex 1.17054 -50 55.8847
    endloop
  endfacet
  facet normal 0 -1 0
    outer loop
      vertex 2.2961 -50 55.5433
      vertex 70 -50 60
      vertex 1.74171 -50 55.7416
    endloop
  endfacet
  facet normal 0 -1 0
    outer loop
      vertex 2.82838 -50 55.2915
      vertex 70 -50 60
      vertex 2.2961 -50 55.5433
    endloop
  endfacet
  facet normal 0 -1 0
    outer loop
      vertex 3.33342 -50 54.9888
      vertex 70 -50 60
      vertex 2.82838 -50 55.2915
    endloop
  endfacet
  facet normal 0 -1 0
    outer loop
      vertex 3.80636 -50 54.6381
      vertex 70 -50 60
      vertex 3.33342 -50 54.9888
    endloop
  endfacet
  facet normal 0 -1 0
    outer loop
      vertex 4.24264 -50 54.2426
      vertex 70 -50 60
      vertex 3.80636 -50 54.6381
    endloop
  endfacet
  facet normal 0 -1 0
    outer loop
      vertex 40 -50 42.2
      vertex 4.24264 -50 54.2426
      vertex 4.63806 -50 53.8064
    endloop
  endfacet
  facet normal 0 -1 0
    outer loop
      vertex 40 -50 42.2
      vertex 4.63806 -50 53.8064
      vertex 4.98882 -50 53.3334
    endloop
  endfacet
  facet normal 0 -1 0
    outer loop
      vertex 40 -50 42.2
      vertex 4.98882 -50 53.3334
      vertex 5.29153 -50 52.8284
    endloop
  endfacet
  facet normal 0 -1 0
    outer loop
      vertex 40 -50 42.2
      vertex 5.29153 -50 52.8284
      vertex 5.54328 -50 52.2961
    endloop
  endfacet
  facet normal 0 -1 0
    outer loop
      vertex 40 -50 42.2
      vertex 5.54328 -50 52.2961
      vertex 5.74164 -50 51.7417
    endloop
  endfacet
  facet normal 0 -1 0
    outer loop
      vertex 40 -50 42.2
      vertex 5.74164 -50 51.7417
      vertex 5.88471 -50 51.1705
    endloop
  endfacet
  facet normal 0 -1 0
    outer loop
      vertex 40 -50 42.2
      vertex 5.88471 -50 51.1705
      vertex 5.97111 -50 50.5881
    endloop
  endfacet
  facet normal 0 -1 0
    outer loop
      vertex 40 -50 42.2
      vertex 5.97111 -50 50.5881
      vertex 6 -50 50
    endloop
  endfacet
  facet normal 0 -1 0
    outer loop
      vertex 40 -50 42.2
      vertex 6 -50 50
      vertex 5.97111 -50 49.4119
    endloop
  endfacet
  facet normal 0 -1 0
    outer loop
      vertex 40 -50 42.2
      vertex 5.97111 -50 49.4119
      vertex 5.88471 -50 48.8295
    endloop
  endfacet
  facet normal 0 -1 0
    outer loop
      vertex 40 -50 42.2
      vertex 5.88471 -50 48.8295
      vertex 5.74164 -50 48.2583
    endloop
  endfacet
  facet normal 0 -1 0
    outer loop
      vertex 40 -50 42.2
      vertex 5.74164 -50 48.2583
      vertex 5.54328 -50 47.7039
    endloop
  endfacet
  facet normal 0 -1 0
    outer loop
      vertex 40 -50 42.2
      vertex 5.54328 -50 47.7039
      vertex 5.29153 -50 47.1716
    endloop
  endfacet
  facet normal 0 -1 0
    outer loop
      vertex 40 -50 42.2
      vertex 5.29153 -50 47.1716
      vertex 4.98882 -50 46.6666
    endloop
  endfacet
  facet normal 0 -1 0
    outer loop
      vertex 40 -50 42.2
      vertex 4.98882 -50 46.6666
      vertex 4.63806 -50 46.1936
    endloop
  endfacet
  facet normal 0 -1 0
    outer loop
      vertex 40 -50 42.2
      vertex 4.63806 -50 46.1936
      vertex 4.24264 -50 45.7574
    endloop
  endfacet
  facet normal 0 -1 0
    outer loop
      vertex 40 -50 42.2
      vertex 4.24264 -50 45.7574
      vertex 3.80636 -50 45.3619
    endloop
  endfacet
  facet normal 0 -1 0
    outer loop
      vertex 40 -50 42.2
      vertex 3.80636 -50 45.3619
      vertex 3.33342 -50 45.0112
    endloop
  endfacet
  facet normal 0 -1 0
    outer loop
      vertex 40 -50 42.2
      vertex 3.33342 -50 45.0112
      vertex 2.82838 -50 44.7085
    endloop
  endfacet
  facet normal 0 -1 0
    outer loop
      vertex 40 -50 42.2
      vertex 2.82838 -50 44.7085
      vertex 2.2961 -50 44.4567
    endloop
  endfacet
  facet normal 0 -1 0
    outer loop
      vertex 40 -50 42.2
      vertex 2.2961 -50 44.4567
      vertex 1.74171 -50 44.2584
    endloop
  endfacet
  facet normal 0 -1 0
    outer loop
      vertex 40 -50 42.2
      vertex 1.74171 -50 44.2584
      vertex 1.17054 -50 44.1153
    endloop
  endfacet
  facet normal 0 -1 0
    outer loop
      vertex -37.8423 -50 40.4292
      vertex -5.74164 -50 48.2583
      vertex -37.8947 -50 40.6386
    endloop
  endfacet
  facet normal 0 -1 0
    outer loop
      vertex 40 -50 42.2
      vertex 0.588102 -50 44.0289
      vertex 0 -50 44
    endloop
  endfacet
  facet normal 0 -1 0
    outer loop
      vertex 40 -50 42.2
      vertex 1.17054 -50 44.1153
      vertex 0.588102 -50 44.0289
    endloop
  endfacet
  facet normal 0 -1 0
    outer loop
      vertex 4.24264 -50 54.2426
      vertex 40 -50 42.2
      vertex 70 -50 60
    endloop
  endfacet
  facet normal 0 -1 0
    outer loop
      vertex 40.2156 -50 42.1894
      vertex 70 -50 60
      vertex 40 -50 42.2
    endloop
  endfacet
  facet normal 0 -1 0
    outer loop
      vertex 40.4292 -50 42.1577
      vertex 70 -50 60
      vertex 40.2156 -50 42.1894
    endloop
  endfacet
  facet normal 0 -1 0
    outer loop
      vertex 40.6386 -50 42.1053
      vertex 70 -50 60
      vertex 40.4292 -50 42.1577
    endloop
  endfacet
  facet normal 0 -1 0
    outer loop
      vertex 40.8419 -50 42.0325
      vertex 70 -50 60
      vertex 40.6386 -50 42.1053
    endloop
  endfacet
  facet normal 0 -1 0
    outer loop
      vertex 41.0371 -50 41.9402
      vertex 70 -50 60
      vertex 40.8419 -50 42.0325
    endloop
  endfacet
  facet normal 0 -1 0
    outer loop
      vertex 41.2223 -50 41.8292
      vertex 70 -50 60
      vertex 41.0371 -50 41.9402
    endloop
  endfacet
  facet normal 0 -1 0
    outer loop
      vertex 41.3957 -50 41.7006
      vertex 70 -50 60
      vertex 41.2223 -50 41.8292
    endloop
  endfacet
  facet normal 0 -1 0
    outer loop
      vertex 41.5556 -50 41.5556
      vertex 70 -50 60
      vertex 41.3957 -50 41.7006
    endloop
  endfacet
  facet normal 0 -1 0
    outer loop
      vertex 41.7006 -50 41.3957
      vertex 70 -50 60
      vertex 41.5556 -50 41.5556
    endloop
  endfacet
  facet normal 0 -1 0
    outer loop
      vertex 41.8292 -50 41.2223
      vertex 70 -50 60
      vertex 41.7006 -50 41.3957
    endloop
  endfacet
  facet normal 0 -1 0
    outer loop
      vertex 41.9402 -50 41.0371
      vertex 70 -50 60
      vertex 41.8292 -50 41.2223
    endloop
  endfacet
  facet normal 0 -1 0
    outer loop
      vertex 42.0325 -50 40.8419
      vertex 70 -50 60
      vertex 41.9402 -50 41.0371
    endloop
  endfacet
  facet normal 0 -1 0
    outer loop
      vertex 42.1053 -50 40.6386
      vertex 70 -50 60
      vertex 42.0325 -50 40.8419
    endloop
  endfacet
  facet normal 0 -1 0
    outer loop
      vertex 42.1577 -50 40.4292
      vertex 70 -50 60
      vertex 42.1053 -50 40.6386
    endloop
  endfacet
  facet normal 0 -1 0
    outer loop
      vertex 42.1894 -50 40.2156
      vertex 70 -50 60
      vertex 42.1577 -50 40.4292
    endloop
  endfacet
  facet normal 0 -1 0
    outer loop
      vertex 42.2 -50 40
      vertex 70 -50 60
      vertex 42.1894 -50 40.2156
    endloop
  endfacet
  facet normal 0 -1 0
    outer loop
      vertex 42.1894 -50 39.7844
      vertex 70 -50 60
      vertex 42.2 -50 40
    endloop
  endfacet
  facet normal 0 -1 0
    outer loop
      vertex 42.1577 -50 39.5708
      vertex 70 -50 60
      vertex 42.1894 -50 39.7844
    endloop
  endfacet
  facet normal 0 -1 0
    outer loop
      vertex 42.1053 -50 39.3614
      vertex 70 -50 60
      vertex 42.1577 -50 39.5708
    endloop
  endfacet
  facet normal 0 -1 0
    outer loop
      vertex 70 -50 0
      vertex 42.1053 -50 39.3614
      vertex 42.0325 -50 39.1581
    endloop
  endfacet
  facet normal 0 -1 0
    outer loop
      vertex 70 -50 0
      vertex 42.0325 -50 39.1581
      vertex 41.9402 -50 38.9629
    endloop
  endfacet
  facet normal 0 -1 0
    outer loop
      vertex 70 -50 0
      vertex 41.9402 -50 38.9629
      vertex 41.8292 -50 38.7777
    endloop
  endfacet
  facet normal 0 -1 0
    outer loop
      vertex 70 -50 0
      vertex 41.8292 -50 38.7777
      vertex 41.7006 -50 38.6043
    endloop
  endfacet
  facet normal 0 -1 0
    outer loop
      vertex 70 -50 0
      vertex 41.7006 -50 38.6043
      vertex 41.5556 -50 38.4444
    endloop
  endfacet
  facet normal 0 -1 0
    outer loop
      vertex 70 -50 0
      vertex 41.5556 -50 38.4444
      vertex 41.3957 -50 38.2994
    endloop
  endfacet
  facet normal 0 -1 0
    outer loop
      vertex 39.7844 -50 37.8106
      vertex 70 -50 0
      vertex 40 -50 37.8
    endloop
  endfacet
  facet normal 0 -1 0
    outer loop
      vertex 40 -50 37.8
      vertex 70 -50 0
      vertex 40.2156 -50 37.8106
    endloop
  endfacet
  facet normal 0 -1 0
    outer loop
      vertex 40.2156 -50 37.8106
      vertex 70 -50 0
      vertex 40.4292 -50 37.8423
    endloop
  endfacet
  facet normal 0 -1 0
    outer loop
      vertex 42.1053 -50 39.3614
      vertex 70 -50 0
      vertex 70 -50 60
    endloop
  endfacet
  facet normal 0 -1 0
    outer loop
      vertex 41.2223 -50 38.1708
      vertex 70 -50 0
      vertex 41.3957 -50 38.2994
    endloop
  endfacet
  facet normal 0 -1 0
    outer loop
      vertex 41.0371 -50 38.0598
      vertex 70 -50 0
      vertex 41.2223 -50 38.1708
    endloop
  endfacet
  facet normal 0 -1 0
    outer loop
      vertex 40.8419 -50 37.9675
      vertex 70 -50 0
      vertex 41.0371 -50 38.0598
    endloop
  endfacet
  facet normal 0 -1 0
    outer loop
      vertex 40.6386 -50 37.8947
      vertex 70 -50 0
      vertex 40.8419 -50 37.9675
    endloop
  endfacet
  facet normal 0 -1 0
    outer loop
      vertex 40.4292 -50 37.8423
      vertex 70 -50 0
      vertex 40.6386 -50 37.8947
    endloop
  endfacet
  facet normal -0 0 1
    outer loop
      vertex 65 0 30
      vertex 70 -45 30
      vertex 70 0 30
    endloop
  endfacet
  facet normal 0 0 1
    outer loop
      vertex 70 -45 30
      vertex 65 0 30
      vertex 65 -45 30
    endloop
  endfacet
  facet normal -1 0 0
    outer loop
      vertex 65 -45 6
      vertex 65 0 30
      vertex 65 0 6
    endloop
  endfacet
  facet normal -1 -0 0
    outer loop
      vertex 65 0 30
      vertex 65 -45 6
      vertex 65 -45 30
    endloop
  endfacet
  facet normal -0 0 1
    outer loop
      vertex -14 0 6
      vertex 14 -45 6
      vertex 14 0 6
    endloop
  endfacet
  facet normal 0 0 1
    outer loop
      vertex 14 -45 6
      vertex -14 0 6
      vertex -14 -45 6
    endloop
  endfacet
  facet normal -0 0 1
    outer loop
      vertex 52.9615 -24.2159 6
      vertex 65 -45 6
      vertex 65 0 6
    endloop
  endfacet
  facet normal 0 0 1
    outer loop
      vertex 65 -45 6
      vertex 52.9615 -24.2159 6
      vertex 53 -25 6
    endloop
  endfacet
  facet normal 0 0 1
    outer loop
      vertex 65 0 6
      vertex 52.8463 -23.4393 6
      vertex 52.9615 -24.2159 6
    endloop
  endfacet
  facet normal 0 0 1
    outer loop
      vertex 65 0 6
      vertex 52.6555 -22.6777 6
      vertex 52.8463 -23.4393 6
    endloop
  endfacet
  facet normal 0 0 1
    outer loop
      vertex 65 0 6
      vertex 52.391 -21.9385 6
      vertex 52.6555 -22.6777 6
    endloop
  endfacet
  facet normal 0 0 1
    outer loop
      vertex 65 0 6
      vertex 52.0554 -21.2288 6
      vertex 52.391 -21.9385 6
    endloop
  endfacet
  facet normal 0 0 1
    outer loop
      vertex 65 0 6
      vertex 51.6518 -20.5554 6
      vertex 52.0554 -21.2288 6
    endloop
  endfacet
  facet normal 0 0 1
    outer loop
      vertex 65 0 6
      vertex 51.1841 -19.9249 6
      vertex 51.6518 -20.5554 6
    endloop
  endfacet
  facet normal 0 0 1
    outer loop
      vertex 65 0 6
      vertex 50.6569 -19.3431 6
      vertex 51.1841 -19.9249 6
    endloop
  endfacet
  facet normal 0 0 1
    outer loop
      vertex 65 0 6
      vertex 50.0751 -18.8159 6
      vertex 50.6569 -19.3431 6
    endloop
  endfacet
  facet normal 0 0 1
    outer loop
      vertex 65 0 6
      vertex 49.4446 -18.3482 6
      vertex 50.0751 -18.8159 6
    endloop
  endfacet
  facet normal 0 0 1
    outer loop
      vertex 65 0 6
      vertex 48.7712 -17.9446 6
      vertex 49.4446 -18.3482 6
    endloop
  endfacet
  facet normal 0 0 1
    outer loop
      vertex 65 0 6
      vertex 48.0615 -17.609 6
      vertex 48.7712 -17.9446 6
    endloop
  endfacet
  facet normal 0 0 1
    outer loop
      vertex 65 0 6
      vertex 47.3223 -17.3445 6
      vertex 48.0615 -17.609 6
    endloop
  endfacet
  facet normal 0 0 1
    outer loop
      vertex 65 0 6
      vertex 46.5607 -17.1537 6
      vertex 47.3223 -17.3445 6
    endloop
  endfacet
  facet normal 0 0 1
    outer loop
      vertex 65 0 6
      vertex 45.7841 -17.0385 6
      vertex 46.5607 -17.1537 6
    endloop
  endfacet
  facet normal 0 0 1
    outer loop
      vertex 65 0 6
      vertex 45 -17 6
      vertex 45.7841 -17.0385 6
    endloop
  endfacet
  facet normal 0 0 1
    outer loop
      vertex 65 0 6
      vertex 44.2159 -17.0385 6
      vertex 45 -17 6
    endloop
  endfacet
  facet normal -0 0 1
    outer loop
      vertex 19 0 6
      vertex 44.2159 -17.0385 6
      vertex 65 0 6
    endloop
  endfacet
  facet normal 0 0 1
    outer loop
      vertex 44.2159 -17.0385 6
      vertex 19 0 6
      vertex 43.4393 -17.1537 6
    endloop
  endfacet
  facet normal 0 0 1
    outer loop
      vertex 43.4393 -17.1537 6
      vertex 19 0 6
      vertex 42.6777 -17.3445 6
    endloop
  endfacet
  facet normal 0 0 1
    outer loop
      vertex 42.6777 -17.3445 6
      vertex 19 0 6
      vertex 41.9385 -17.609 6
    endloop
  endfacet
  facet normal 0 0 1
    outer loop
      vertex 41.9385 -17.609 6
      vertex 19 0 6
      vertex 41.2288 -17.9446 6
    endloop
  endfacet
  facet normal 0 0 1
    outer loop
      vertex 41.2288 -17.9446 6
      vertex 19 0 6
      vertex 40.5554 -18.3482 6
    endloop
  endfacet
  facet normal 0 0 1
    outer loop
      vertex 19 -45 6
      vertex 37.0385 -24.2159 6
      vertex 19 0 6
    endloop
  endfacet
  facet normal 0 0 1
    outer loop
      vertex 37.1537 -23.4393 6
      vertex 19 0 6
      vertex 37.0385 -24.2159 6
    endloop
  endfacet
  facet normal 0 0 1
    outer loop
      vertex 37.3445 -22.6777 6
      vertex 19 0 6
      vertex 37.1537 -23.4393 6
    endloop
  endfacet
  facet normal 0 0 1
    outer loop
      vertex 37.609 -21.9385 6
      vertex 19 0 6
      vertex 37.3445 -22.6777 6
    endloop
  endfacet
  facet normal 0 0 1
    outer loop
      vertex 37.9446 -21.2288 6
      vertex 19 0 6
      vertex 37.609 -21.9385 6
    endloop
  endfacet
  facet normal 0 0 1
    outer loop
      vertex 38.3482 -20.5554 6
      vertex 19 0 6
      vertex 37.9446 -21.2288 6
    endloop
  endfacet
  facet normal 0 0 1
    outer loop
      vertex 38.8159 -19.9249 6
      vertex 19 0 6
      vertex 38.3482 -20.5554 6
    endloop
  endfacet
  facet normal 0 0 1
    outer loop
      vertex 39.3431 -19.3431 6
      vertex 19 0 6
      vertex 38.8159 -19.9249 6
    endloop
  endfacet
  facet normal 0 0 1
    outer loop
      vertex 39.9249 -18.8159 6
      vertex 19 0 6
      vertex 39.3431 -19.3431 6
    endloop
  endfacet
  facet normal 0 0 1
    outer loop
      vertex 40.5554 -18.3482 6
      vertex 19 0 6
      vertex 39.9249 -18.8159 6
    endloop
  endfacet
  facet normal -0 0 1
    outer loop
      vertex 52.9615 -25.7841 6
      vertex 65 -45 6
      vertex 53 -25 6
    endloop
  endfacet
  facet normal -0 0 1
    outer loop
      vertex 52.8463 -26.5607 6
      vertex 65 -45 6
      vertex 52.9615 -25.7841 6
    endloop
  endfacet
  facet normal -0 0 1
    outer loop
      vertex 52.6555 -27.3223 6
      vertex 65 -45 6
      vertex 52.8463 -26.5607 6
    endloop
  endfacet
  facet normal -0 0 1
    outer loop
      vertex 52.391 -28.0615 6
      vertex 65 -45 6
      vertex 52.6555 -27.3223 6
    endloop
  endfacet
  facet normal -0 0 1
    outer loop
      vertex 52.0554 -28.7712 6
      vertex 65 -45 6
      vertex 52.391 -28.0615 6
    endloop
  endfacet
  facet normal -0 0 1
    outer loop
      vertex 51.6518 -29.4446 6
      vertex 65 -45 6
      vertex 52.0554 -28.7712 6
    endloop
  endfacet
  facet normal -0 0 1
    outer loop
      vertex 51.1841 -30.0751 6
      vertex 65 -45 6
      vertex 51.6518 -29.4446 6
    endloop
  endfacet
  facet normal -0 0 1
    outer loop
      vertex 50.6569 -30.6569 6
      vertex 65 -45 6
      vertex 51.1841 -30.0751 6
    endloop
  endfacet
  facet normal -0 0 1
    outer loop
      vertex 50.0751 -31.1841 6
      vertex 65 -45 6
      vertex 50.6569 -30.6569 6
    endloop
  endfacet
  facet normal -0 0 1
    outer loop
      vertex 49.4446 -31.6518 6
      vertex 65 -45 6
      vertex 50.0751 -31.1841 6
    endloop
  endfacet
  facet normal -0 0 1
    outer loop
      vertex 48.7712 -32.0554 6
      vertex 65 -45 6
      vertex 49.4446 -31.6518 6
    endloop
  endfacet
  facet normal -0 0 1
    outer loop
      vertex 48.0615 -32.391 6
      vertex 65 -45 6
      vertex 48.7712 -32.0554 6
    endloop
  endfacet
  facet normal -0 0 1
    outer loop
      vertex 47.3223 -32.6555 6
      vertex 65 -45 6
      vertex 48.0615 -32.391 6
    endloop
  endfacet
  facet normal -0 0 1
    outer loop
      vertex 46.5607 -32.8463 6
      vertex 65 -45 6
      vertex 47.3223 -32.6555 6
    endloop
  endfacet
  facet normal -0 0 1
    outer loop
      vertex 45.7841 -32.9615 6
      vertex 65 -45 6
      vertex 46.5607 -32.8463 6
    endloop
  endfacet
  facet normal -0 0 1
    outer loop
      vertex 45 -33 6
      vertex 65 -45 6
      vertex 45.7841 -32.9615 6
    endloop
  endfacet
  facet normal 0 0 1
    outer loop
      vertex 44.2159 -32.9615 6
      vertex 65 -45 6
      vertex 45 -33 6
    endloop
  endfacet
  facet normal 0 0 1
    outer loop
      vertex 19 -45 6
      vertex 44.2159 -32.9615 6
      vertex 43.4393 -32.8463 6
    endloop
  endfacet
  facet normal 0 0 1
    outer loop
      vertex 19 -45 6
      vertex 43.4393 -32.8463 6
      vertex 42.6777 -32.6555 6
    endloop
  endfacet
  facet normal 0 0 1
    outer loop
      vertex 19 -45 6
      vertex 42.6777 -32.6555 6
      vertex 41.9385 -32.391 6
    endloop
  endfacet
  facet normal 0 0 1
    outer loop
      vertex 19 -45 6
      vertex 41.9385 -32.391 6
      vertex 41.2288 -32.0554 6
    endloop
  endfacet
  facet normal 0 0 1
    outer loop
      vertex 37.0385 -24.2159 6
      vertex 19 -45 6
      vertex 37 -25 6
    endloop
  endfacet
  facet normal 0 0 1
    outer loop
      vertex 37 -25 6
      vertex 19 -45 6
      vertex 37.0385 -25.7841 6
    endloop
  endfacet
  facet normal 0 0 1
    outer loop
      vertex 37.0385 -25.7841 6
      vertex 19 -45 6
      vertex 37.1537 -26.5607 6
    endloop
  endfacet
  facet normal 0 0 1
    outer loop
      vertex 37.1537 -26.5607 6
      vertex 19 -45 6
      vertex 37.3445 -27.3223 6
    endloop
  endfacet
  facet normal 0 0 1
    outer loop
      vertex 37.3445 -27.3223 6
      vertex 19 -45 6
      vertex 37.609 -28.0615 6
    endloop
  endfacet
  facet normal 0 0 1
    outer loop
      vertex 37.609 -28.0615 6
      vertex 19 -45 6
      vertex 37.9446 -28.7712 6
    endloop
  endfacet
  facet normal 0 0 1
    outer loop
      vertex 44.2159 -32.9615 6
      vertex 19 -45 6
      vertex 65 -45 6
    endloop
  endfacet
  facet normal 0 0 1
    outer loop
      vertex 40.5554 -31.6518 6
      vertex 19 -45 6
      vertex 41.2288 -32.0554 6
    endloop
  endfacet
  facet normal 0 0 1
    outer loop
      vertex 39.9249 -31.1841 6
      vertex 19 -45 6
      vertex 40.5554 -31.6518 6
    endloop
  endfacet
  facet normal 0 0 1
    outer loop
      vertex 39.3431 -30.6569 6
      vertex 19 -45 6
      vertex 39.9249 -31.1841 6
    endloop
  endfacet
  facet normal 0 0 1
    outer loop
      vertex 38.8159 -30.0751 6
      vertex 19 -45 6
      vertex 39.3431 -30.6569 6
    endloop
  endfacet
  facet normal 0 0 1
    outer loop
      vertex 38.3482 -29.4446 6
      vertex 19 -45 6
      vertex 38.8159 -30.0751 6
    endloop
  endfacet
  facet normal 0 0 1
    outer loop
      vertex 37.9446 -28.7712 6
      vertex 19 -45 6
      vertex 38.3482 -29.4446 6
    endloop
  endfacet
  facet normal -0 0 1
    outer loop
      vertex -37.0385 -24.2159 6
      vertex -19 -45 6
      vertex -19 0 6
    endloop
  endfacet
  facet normal 0 0 1
    outer loop
      vertex -19 -45 6
      vertex -37.0385 -24.2159 6
      vertex -37 -25 6
    endloop
  endfacet
  facet normal 0 0 1
    outer loop
      vertex -19 0 6
      vertex -37.1537 -23.4393 6
      vertex -37.0385 -24.2159 6
    endloop
  endfacet
  facet normal 0 0 1
    outer loop
      vertex -19 0 6
      vertex -37.3445 -22.6777 6
      vertex -37.1537 -23.4393 6
    endloop
  endfacet
  facet normal 0 0 1
    outer loop
      vertex -19 0 6
      vertex -37.609 -21.9385 6
      vertex -37.3445 -22.6777 6
    endloop
  endfacet
  facet normal 0 0 1
    outer loop
      vertex -19 0 6
      vertex -37.9446 -21.2288 6
      vertex -37.609 -21.9385 6
    endloop
  endfacet
  facet normal 0 0 1
    outer loop
      vertex -19 0 6
      vertex -38.3482 -20.5554 6
      vertex -37.9446 -21.2288 6
    endloop
  endfacet
  facet normal 0 0 1
    outer loop
      vertex -19 0 6
      vertex -38.8159 -19.9249 6
      vertex -38.3482 -20.5554 6
    endloop
  endfacet
  facet normal 0 0 1
    outer loop
      vertex -19 0 6
      vertex -39.3431 -19.3431 6
      vertex -38.8159 -19.9249 6
    endloop
  endfacet
  facet normal 0 0 1
    outer loop
      vertex -19 0 6
      vertex -39.9249 -18.8159 6
      vertex -39.3431 -19.3431 6
    endloop
  endfacet
  facet normal 0 0 1
    outer loop
      vertex -19 0 6
      vertex -40.5554 -18.3482 6
      vertex -39.9249 -18.8159 6
    endloop
  endfacet
  facet normal 0 0 1
    outer loop
      vertex -19 0 6
      vertex -41.2288 -17.9446 6
      vertex -40.5554 -18.3482 6
    endloop
  endfacet
  facet normal 0 0 1
    outer loop
      vertex -19 0 6
      vertex -41.9385 -17.609 6
      vertex -41.2288 -17.9446 6
    endloop
  endfacet
  facet normal 0 0 1
    outer loop
      vertex -19 0 6
      vertex -42.6777 -17.3445 6
      vertex -41.9385 -17.609 6
    endloop
  endfacet
  facet normal 0 0 1
    outer loop
      vertex -19 0 6
      vertex -43.4393 -17.1537 6
      vertex -42.6777 -17.3445 6
    endloop
  endfacet
  facet normal 0 0 1
    outer loop
      vertex -19 0 6
      vertex -44.2159 -17.0385 6
      vertex -43.4393 -17.1537 6
    endloop
  endfacet
  facet normal -0 0 1
    outer loop
      vertex -65 0 6
      vertex -44.2159 -17.0385 6
      vertex -19 0 6
    endloop
  endfacet
  facet normal 0 0 1
    outer loop
      vertex -44.2159 -17.0385 6
      vertex -65 0 6
      vertex -45 -17 6
    endloop
  endfacet
  facet normal 0 0 1
    outer loop
      vertex -45 -17 6
      vertex -65 0 6
      vertex -45.7841 -17.0385 6
    endloop
  endfacet
  facet normal 0 0 1
    outer loop
      vertex -45.7841 -17.0385 6
      vertex -65 0 6
      vertex -46.5607 -17.1537 6
    endloop
  endfacet
  facet normal 0 0 1
    outer loop
      vertex -46.5607 -17.1537 6
      vertex -65 0 6
      vertex -47.3223 -17.3445 6
    endloop
  endfacet
  facet normal 0 0 1
    outer loop
      vertex -47.3223 -17.3445 6
      vertex -65 0 6
      vertex -48.0615 -17.609 6
    endloop
  endfacet
  facet normal 0 0 1
    outer loop
      vertex -48.0615 -17.609 6
      vertex -65 0 6
      vertex -48.7712 -17.9446 6
    endloop
  endfacet
  facet normal 0 0 1
    outer loop
      vertex -65 -45 6
      vertex -52.9615 -24.2159 6
      vertex -65 0 6
    endloop
  endfacet
  facet normal 0 0 1
    outer loop
      vertex -52.8463 -23.4393 6
      vertex -65 0 6
      vertex -52.9615 -24.2159 6
    endloop
  endfacet
  facet normal 0 0 1
    outer loop
      vertex -52.6555 -22.6777 6
      vertex -65 0 6
      vertex -52.8463 -23.4393 6
    endloop
  endfacet
  facet normal 0 0 1
    outer loop
      vertex -52.391 -21.9385 6
      vertex -65 0 6
      vertex -52.6555 -22.6777 6
    endloop
  endfacet
  facet normal 0 0 1
    outer loop
      vertex -52.0554 -21.2288 6
      vertex -65 0 6
      vertex -52.391 -21.9385 6
    endloop
  endfacet
  facet normal 0 0 1
    outer loop
      vertex -51.6518 -20.5554 6
      vertex -65 0 6
      vertex -52.0554 -21.2288 6
    endloop
  endfacet
  facet normal 0 0 1
    outer loop
      vertex -51.1841 -19.9249 6
      vertex -65 0 6
      vertex -51.6518 -20.5554 6
    endloop
  endfacet
  facet normal 0 0 1
    outer loop
      vertex -50.6569 -19.3431 6
      vertex -65 0 6
      vertex -51.1841 -19.9249 6
    endloop
  endfacet
  facet normal 0 0 1
    outer loop
      vertex -50.0751 -18.8159 6
      vertex -65 0 6
      vertex -50.6569 -19.3431 6
    endloop
  endfacet
  facet normal 0 0 1
    outer loop
      vertex -49.4446 -18.3482 6
      vertex -65 0 6
      vertex -50.0751 -18.8159 6
    endloop
  endfacet
  facet normal 0 0 1
    outer loop
      vertex -48.7712 -17.9446 6
      vertex -65 0 6
      vertex -49.4446 -18.3482 6
    endloop
  endfacet
  facet normal -0 0 1
    outer loop
      vertex -37.0385 -25.7841 6
      vertex -19 -45 6
      vertex -37 -25 6
    endloop
  endfacet
  facet normal -0 0 1
    outer loop
      vertex -37.1537 -26.5607 6
      vertex -19 -45 6
      vertex -37.0385 -25.7841 6
    endloop
  endfacet
  facet normal -0 0 1
    outer loop
      vertex -37.3445 -27.3223 6
      vertex -19 -45 6
      vertex -37.1537 -26.5607 6
    endloop
  endfacet
  facet normal -0 0 1
    outer loop
      vertex -37.609 -28.0615 6
      vertex -19 -45 6
      vertex -37.3445 -27.3223 6
    endloop
  endfacet
  facet normal -0 0 1
    outer loop
      vertex -37.9446 -28.7712 6
      vertex -19 -45 6
      vertex -37.609 -28.0615 6
    endloop
  endfacet
  facet normal -0 0 1
    outer loop
      vertex -38.3482 -29.4446 6
      vertex -19 -45 6
      vertex -37.9446 -28.7712 6
    endloop
  endfacet
  facet normal -0 0 1
    outer loop
      vertex -38.8159 -30.0751 6
      vertex -19 -45 6
      vertex -38.3482 -29.4446 6
    endloop
  endfacet
  facet normal -0 0 1
    outer loop
      vertex -39.3431 -30.6569 6
      vertex -19 -45 6
      vertex -38.8159 -30.0751 6
    endloop
  endfacet
  facet normal -0 0 1
    outer loop
      vertex -39.9249 -31.1841 6
      vertex -19 -45 6
      vertex -39.3431 -30.6569 6
    endloop
  endfacet
  facet normal -0 0 1
    outer loop
      vertex -40.5554 -31.6518 6
      vertex -19 -45 6
      vertex -39.9249 -31.1841 6
    endloop
  endfacet
  facet normal -0 0 1
    outer loop
      vertex -41.2288 -32.0554 6
      vertex -19 -45 6
      vertex -40.5554 -31.6518 6
    endloop
  endfacet
  facet normal -0 0 1
    outer loop
      vertex -41.9385 -32.391 6
      vertex -19 -45 6
      vertex -41.2288 -32.0554 6
    endloop
  endfacet
  facet normal -0 0 1
    outer loop
      vertex -42.6777 -32.6555 6
      vertex -19 -45 6
      vertex -41.9385 -32.391 6
    endloop
  endfacet
  facet normal -0 0 1
    outer loop
      vertex -43.4393 -32.8463 6
      vertex -19 -45 6
      vertex -42.6777 -32.6555 6
    endloop
  endfacet
  facet normal -0 0 1
    outer loop
      vertex -44.2159 -32.9615 6
      vertex -19 -45 6
      vertex -43.4393 -32.8463 6
    endloop
  endfacet
  facet normal 0 0 1
    outer loop
      vertex -65 -45 6
      vertex -44.2159 -32.9615 6
      vertex -45 -33 6
    endloop
  endfacet
  facet normal 0 0 1
    outer loop
      vertex -65 -45 6
      vertex -45 -33 6
      vertex -45.7841 -32.9615 6
    endloop
  endfacet
  facet normal 0 0 1
    outer loop
      vertex -65 -45 6
      vertex -45.7841 -32.9615 6
      vertex -46.5607 -32.8463 6
    endloop
  endfacet
  facet normal 0 0 1
    outer loop
      vertex -65 -45 6
      vertex -46.5607 -32.8463 6
      vertex -47.3223 -32.6555 6
    endloop
  endfacet
  facet normal 0 0 1
    outer loop
      vertex -65 -45 6
      vertex -47.3223 -32.6555 6
      vertex -48.0615 -32.391 6
    endloop
  endfacet
  facet normal 0 0 1
    outer loop
      vertex -52.9615 -24.2159 6
      vertex -65 -45 6
      vertex -53 -25 6
    endloop
  endfacet
  facet normal 0 0 1
    outer loop
      vertex -53 -25 6
      vertex -65 -45 6
      vertex -52.9615 -25.7841 6
    endloop
  endfacet
  facet normal 0 0 1
    outer loop
      vertex -52.9615 -25.7841 6
      vertex -65 -45 6
      vertex -52.8463 -26.5607 6
    endloop
  endfacet
  facet normal 0 0 1
    outer loop
      vertex -52.8463 -26.5607 6
      vertex -65 -45 6
      vertex -52.6555 -27.3223 6
    endloop
  endfacet
  facet normal 0 0 1
    outer loop
      vertex -44.2159 -32.9615 6
      vertex -65 -45 6
      vertex -19 -45 6
    endloop
  endfacet
  facet normal 0 0 1
    outer loop
      vertex -48.7712 -32.0554 6
      vertex -65 -45 6
      vertex -48.0615 -32.391 6
    endloop
  endfacet
  facet normal 0 0 1
    outer loop
      vertex -49.4446 -31.6518 6
      vertex -65 -45 6
      vertex -48.7712 -32.0554 6
    endloop
  endfacet
  facet normal 0 0 1
    outer loop
      vertex -50.0751 -31.1841 6
      vertex -65 -45 6
      vertex -49.4446 -31.6518 6
    endloop
  endfacet
  facet normal 0 0 1
    outer loop
      vertex -50.6569 -30.6569 6
      vertex -65 -45 6
      vertex -50.0751 -31.1841 6
    endloop
  endfacet
  facet normal 0 0 1
    outer loop
      vertex -51.1841 -30.0751 6
      vertex -65 -45 6
      vertex -50.6569 -30.6569 6
    endloop
  endfacet
  facet normal 0 0 1
    outer loop
      vertex -51.6518 -29.4446 6
      vertex -65 -45 6
      vertex -51.1841 -30.0751 6
    endloop
  endfacet
  facet normal 0 0 1
    outer loop
      vertex -52.0554 -28.7712 6
      vertex -65 -45 6
      vertex -51.6518 -29.4446 6
    endloop
  endfacet
  facet normal 0 0 1
    outer loop
      vertex -52.391 -28.0615 6
      vertex -65 -45 6
      vertex -52.0554 -28.7712 6
    endloop
  endfacet
  facet normal 0 0 1
    outer loop
      vertex -52.6555 -27.3223 6
      vertex -65 -45 6
      vertex -52.391 -28.0615 6
    endloop
  endfacet
  facet normal 1 -0 0
    outer loop
      vertex -14 -37.5833 45.1281
      vertex -14 -32.1317 39.1317
      vertex -14 -37.4533 45.2245
    endloop
  endfacet
  facet normal 1 0 0
    outer loop
      vertex -14 -35.5 31
      vertex -14 -36.8579 15.6617
      vertex -14 -36.85 15.5
    endloop
  endfacet
  facet normal 1 -0 0
    outer loop
      vertex -14 -37.7222 45.0448
      vertex -14 -32.1317 39.1317
      vertex -14 -37.5833 45.1281
    endloop
  endfacet
  facet normal 1 0 0
    outer loop
      vertex -14 -35.5 31
      vertex -14 -36.8817 15.8219
      vertex -14 -36.8579 15.6617
    endloop
  endfacet
  facet normal 1 0 0
    outer loop
      vertex -14 -32.1317 39.1317
      vertex -14 -37.7222 45.0448
      vertex -14 -32.8896 38.2955
    endloop
  endfacet
  facet normal 1 0 0
    outer loop
      vertex -14 -35.5 31
      vertex -14 -36.921 15.979
      vertex -14 -36.8817 15.8219
    endloop
  endfacet
  facet normal 1 -0 0
    outer loop
      vertex -14 -37.8686 44.9756
      vertex -14 -32.8896 38.2955
      vertex -14 -37.7222 45.0448
    endloop
  endfacet
  facet normal 1 0 0
    outer loop
      vertex -14 -35.5 31
      vertex -14 -36.9756 16.1314
      vertex -14 -36.921 15.979
    endloop
  endfacet
  facet normal 1 -0 0
    outer loop
      vertex -14 -38.021 44.921
      vertex -14 -32.8896 38.2955
      vertex -14 -37.8686 44.9756
    endloop
  endfacet
  facet normal 1 0 0
    outer loop
      vertex -14 -35.5 31
      vertex -14 -37.0448 16.2778
      vertex -14 -36.9756 16.1314
    endloop
  endfacet
  facet normal 1 0 0
    outer loop
      vertex -14 -32.8896 38.2955
      vertex -14 -38.021 44.921
      vertex -14 -33.5619 37.3891
    endloop
  endfacet
  facet normal 1 0 0
    outer loop
      vertex -14 -35.5 31
      vertex -14 -37.1281 16.4167
      vertex -14 -37.0448 16.2778
    endloop
  endfacet
  facet normal 1 -0 0
    outer loop
      vertex -14 -38.1781 44.8817
      vertex -14 -33.5619 37.3891
      vertex -14 -38.021 44.921
    endloop
  endfacet
  facet normal 1 0 0
    outer loop
      vertex -14 -35.5 31
      vertex -14 -37.2245 16.5467
      vertex -14 -37.1281 16.4167
    endloop
  endfacet
  facet normal 1 -0 0
    outer loop
      vertex -14 -38.3383 44.8579
      vertex -14 -33.5619 37.3891
      vertex -14 -38.1781 44.8817
    endloop
  endfacet
  facet normal 1 0 0
    outer loop
      vertex -14 -35.5 31
      vertex -14 -37.3333 16.6667
      vertex -14 -37.2245 16.5467
    endloop
  endfacet
  facet normal 1 -0 0
    outer loop
      vertex -14 -38.5 44.85
      vertex -14 -33.5619 37.3891
      vertex -14 -38.3383 44.8579
    endloop
  endfacet
  facet normal 1 0 0
    outer loop
      vertex -14 -35.5 31
      vertex -14 -37.4533 16.7755
      vertex -14 -37.3333 16.6667
    endloop
  endfacet
  facet normal 1 0 0
    outer loop
      vertex -14 -33.5619 37.3891
      vertex -14 -38.5 44.85
      vertex -14 -34.1421 36.4211
    endloop
  endfacet
  facet normal 1 0 0
    outer loop
      vertex -14 -35.5 31
      vertex -14 -37.5833 16.8719
      vertex -14 -37.4533 16.7755
    endloop
  endfacet
  facet normal 1 -0 0
    outer loop
      vertex -14 -39.5 44.85
      vertex -14 -34.1421 36.4211
      vertex -14 -38.5 44.85
    endloop
  endfacet
  facet normal 1 0 0
    outer loop
      vertex -14 -35.5 31
      vertex -14 -37.7222 16.9552
      vertex -14 -37.5833 16.8719
    endloop
  endfacet
  facet normal 1 0 0
    outer loop
      vertex -14 -39.6617 44.8579
      vertex -14 -34.1421 36.4211
      vertex -14 -39.5 44.85
    endloop
  endfacet
  facet normal 1 0 0
    outer loop
      vertex -14 -35.5 31
      vertex -14 -37.8686 17.0244
      vertex -14 -37.7222 16.9552
    endloop
  endfacet
  facet normal 1 0 0
    outer loop
      vertex -14 -34.1421 36.4211
      vertex -14 -39.6617 44.8579
      vertex -14 -34.6246 35.4009
    endloop
  endfacet
  facet normal 1 0 0
    outer loop
      vertex -14 -35.5 31
      vertex -14 -38.021 17.079
      vertex -14 -37.8686 17.0244
    endloop
  endfacet
  facet normal 1 0 0
    outer loop
      vertex -14 -39.8219 44.8817
      vertex -14 -34.6246 35.4009
      vertex -14 -39.6617 44.8579
    endloop
  endfacet
  facet normal 1 0 0
    outer loop
      vertex -14 -35.5 31
      vertex -14 -38.1781 17.1183
      vertex -14 -38.021 17.079
    endloop
  endfacet
  facet normal 1 0 0
    outer loop
      vertex -14 -39.979 44.921
      vertex -14 -34.6246 35.4009
      vertex -14 -39.8219 44.8817
    endloop
  endfacet
  facet normal 1 0 0
    outer loop
      vertex -14 -35.5 31
      vertex -14 -38.3383 17.1421
      vertex -14 -38.1781 17.1183
    endloop
  endfacet
  facet normal 1 0 0
    outer loop
      vertex -14 -34.6246 35.4009
      vertex -14 -39.979 44.921
      vertex -14 -35.0048 34.3383
    endloop
  endfacet
  facet normal 1 0 0
    outer loop
      vertex -14 -35.5 31
      vertex -14 -38.5 17.15
      vertex -14 -38.3383 17.1421
    endloop
  endfacet
  facet normal 1 0 0
    outer loop
      vertex -14 -40.1314 44.9756
      vertex -14 -35.0048 34.3383
      vertex -14 -39.979 44.921
    endloop
  endfacet
  facet normal 1 0 0
    outer loop
      vertex -14 -35.5 31
      vertex -14 -39.5 17.15
      vertex -14 -38.5 17.15
    endloop
  endfacet
  facet normal 1 0 0
    outer loop
      vertex -14 -40.2778 45.0448
      vertex -14 -35.0048 34.3383
      vertex -14 -40.1314 44.9756
    endloop
  endfacet
  facet normal 1 0 0
    outer loop
      vertex -14 -35.5 31
      vertex -14 -39.6617 17.1421
      vertex -14 -39.5 17.15
    endloop
  endfacet
  facet normal 1 0 0
    outer loop
      vertex -14 -35.0048 34.3383
      vertex -14 -40.2778 45.0448
      vertex -14 -35.279 33.2435
    endloop
  endfacet
  facet normal 1 0 0
    outer loop
      vertex -14 -35.5 31
      vertex -14 -39.8219 17.1183
      vertex -14 -39.6617 17.1421
    endloop
  endfacet
  facet normal 1 0 0
    outer loop
      vertex -14 -40.4167 45.1281
      vertex -14 -35.279 33.2435
      vertex -14 -40.2778 45.0448
    endloop
  endfacet
  facet normal 1 0 0
    outer loop
      vertex -14 -35.5 31
      vertex -14 -39.979 17.079
      vertex -14 -39.8219 17.1183
    endloop
  endfacet
  facet normal 1 0 0
    outer loop
      vertex -14 -35.279 33.2435
      vertex -14 -40.4167 45.1281
      vertex -14 -35.4446 32.1272
    endloop
  endfacet
  facet normal 1 0 0
    outer loop
      vertex -14 -35.5 31
      vertex -14 -40.1314 17.0244
      vertex -14 -39.979 17.079
    endloop
  endfacet
  facet normal 1 0 0
    outer loop
      vertex -14 -40.5467 45.2245
      vertex -14 -35.4446 32.1272
      vertex -14 -40.4167 45.1281
    endloop
  endfacet
  facet normal 1 0 0
    outer loop
      vertex -14 -35.5 31
      vertex -14 -40.2778 16.9552
      vertex -14 -40.1314 17.0244
    endloop
  endfacet
  facet normal 1 0 0
    outer loop
      vertex -14 -40.6667 45.3333
      vertex -14 -35.4446 32.1272
      vertex -14 -40.5467 45.2245
    endloop
  endfacet
  facet normal 1 0 0
    outer loop
      vertex -14 -35.5 31
      vertex -14 -40.4167 16.8719
      vertex -14 -40.2778 16.9552
    endloop
  endfacet
  facet normal 1 0 0
    outer loop
      vertex -14 -35.4446 32.1272
      vertex -14 -40.6667 45.3333
      vertex -14 -35.5 31
    endloop
  endfacet
  facet normal 1 0 0
    outer loop
      vertex -14 -35.5 31
      vertex -14 -40.5467 16.7755
      vertex -14 -40.4167 16.8719
    endloop
  endfacet
  facet normal 1 0 0
    outer loop
      vertex -14 -40.7755 45.4533
      vertex -14 -35.5 31
      vertex -14 -40.6667 45.3333
    endloop
  endfacet
  facet normal 1 0 0
    outer loop
      vertex -14 -35.5 31
      vertex -14 -40.6667 16.6667
      vertex -14 -40.5467 16.7755
    endloop
  endfacet
  facet normal 1 0 0
    outer loop
      vertex -14 -40.7755 16.5467
      vertex -14 -35.5 31
      vertex -14 -40.7755 45.4533
    endloop
  endfacet
  facet normal 1 0 0
    outer loop
      vertex -14 -35.5 31
      vertex -14 -40.7755 16.5467
      vertex -14 -40.6667 16.6667
    endloop
  endfacet
  facet normal 1 0 0
    outer loop
      vertex -14 -40.8719 45.5833
      vertex -14 -40.7755 16.5467
      vertex -14 -40.7755 45.4533
    endloop
  endfacet
  facet normal 1 0 0
    outer loop
      vertex -14 -40.8719 45.5833
      vertex -14 -40.8719 16.4167
      vertex -14 -40.7755 16.5467
    endloop
  endfacet
  facet normal 1 0 0
    outer loop
      vertex -14 -40.9552 45.7222
      vertex -14 -40.8719 16.4167
      vertex -14 -40.8719 45.5833
    endloop
  endfacet
  facet normal 1 0 0
    outer loop
      vertex -14 -40.9552 45.7222
      vertex -14 -40.9552 16.2778
      vertex -14 -40.8719 16.4167
    endloop
  endfacet
  facet normal 1 0 0
    outer loop
      vertex -14 -41.0244 45.8686
      vertex -14 -40.9552 16.2778
      vertex -14 -40.9552 45.7222
    endloop
  endfacet
  facet normal 1 0 0
    outer loop
      vertex -14 -41.0244 45.8686
      vertex -14 -41.0244 16.1314
      vertex -14 -40.9552 16.2778
    endloop
  endfacet
  facet normal 1 0 0
    outer loop
      vertex -14 -41.0789 46.021
      vertex -14 -41.0244 16.1314
      vertex -14 -41.0244 45.8686
    endloop
  endfacet
  facet normal 1 0 0
    outer loop
      vertex -14 -41.0789 46.021
      vertex -14 -41.0789 15.979
      vertex -14 -41.0244 16.1314
    endloop
  endfacet
  facet normal 1 0 0
    outer loop
      vertex -14 -45 56.15
      vertex -14 -41.0789 46.021
      vertex -14 -41.1183 46.1781
    endloop
  endfacet
  facet normal 1 0 0
    outer loop
      vertex -14 -41.0789 46.021
      vertex -14 -45 56.15
      vertex -14 -41.0789 15.979
    endloop
  endfacet
  facet normal 1 0 0
    outer loop
      vertex -14 -45 56.15
      vertex -14 -41.1183 46.1781
      vertex -14 -41.1421 46.3383
    endloop
  endfacet
  facet normal 1 0 0
    outer loop
      vertex -14 -45 6
      vertex -14 -41.0789 15.979
      vertex -14 -45 56.15
    endloop
  endfacet
  facet normal 1 0 0
    outer loop
      vertex -14 -45 56.15
      vertex -14 -41.1421 46.3383
      vertex -14 -41.15 46.5
    endloop
  endfacet
  facet normal 1 0 0
    outer loop
      vertex -14 -41.0789 15.979
      vertex -14 -45 6
      vertex -14 -41.1183 15.8219
    endloop
  endfacet
  facet normal 1 0 0
    outer loop
      vertex -14 -5.92105 46.021
      vertex -14 0 56.15
      vertex -14 -5.8817 46.1781
    endloop
  endfacet
  facet normal 1 0 0
    outer loop
      vertex -14 0 6
      vertex -14 -5.85795 15.6617
      vertex -14 -5.85 15.5
    endloop
  endfacet
  facet normal 1 0 0
    outer loop
      vertex -14 -5.9756 45.8686
      vertex -14 0 56.15
      vertex -14 -5.92105 46.021
    endloop
  endfacet
  facet normal 1 0 0
    outer loop
      vertex -14 0 6
      vertex -14 -5.8817 15.8219
      vertex -14 -5.85795 15.6617
    endloop
  endfacet
  facet normal 1 0 0
    outer loop
      vertex -14 0 56.15
      vertex -14 -5.9756 45.8686
      vertex -14 0 6
    endloop
  endfacet
  facet normal 1 0 0
    outer loop
      vertex -14 0 6
      vertex -14 -5.92105 15.979
      vertex -14 -5.8817 15.8219
    endloop
  endfacet
  facet normal 1 -0 0
    outer loop
      vertex -14 -5.9756 16.1314
      vertex -14 0 6
      vertex -14 -5.9756 45.8686
    endloop
  endfacet
  facet normal 1 0 0
    outer loop
      vertex -14 0 6
      vertex -14 -5.9756 16.1314
      vertex -14 -5.92105 15.979
    endloop
  endfacet
  facet normal 1 -0 0
    outer loop
      vertex -14 -6.04483 45.7222
      vertex -14 -5.9756 16.1314
      vertex -14 -5.9756 45.8686
    endloop
  endfacet
  facet normal 1 0 0
    outer loop
      vertex -14 -6.04483 45.7222
      vertex -14 -6.04483 16.2778
      vertex -14 -5.9756 16.1314
    endloop
  endfacet
  facet normal 1 -0 0
    outer loop
      vertex -14 -6.12808 45.5833
      vertex -14 -6.04483 16.2778
      vertex -14 -6.04483 45.7222
    endloop
  endfacet
  facet normal 1 0 0
    outer loop
      vertex -14 -6.12808 45.5833
      vertex -14 -6.12808 16.4167
      vertex -14 -6.04483 16.2778
    endloop
  endfacet
  facet normal 1 -0 0
    outer loop
      vertex -14 -6.22453 45.4533
      vertex -14 -6.12808 16.4167
      vertex -14 -6.12808 45.5833
    endloop
  endfacet
  facet normal 1 0 0
    outer loop
      vertex -14 -6.22453 45.4533
      vertex -14 -6.22453 16.5467
      vertex -14 -6.12808 16.4167
    endloop
  endfacet
  facet normal 1 -0 0
    outer loop
      vertex -14 -6.33327 45.3333
      vertex -14 -6.22453 16.5467
      vertex -14 -6.22453 45.4533
    endloop
  endfacet
  facet normal 1 0 0
    outer loop
      vertex -14 -6.33327 45.3333
      vertex -14 -6.33327 16.6667
      vertex -14 -6.22453 16.5467
    endloop
  endfacet
  facet normal 1 0 0
    outer loop
      vertex -14 -12.5 31
      vertex -14 -6.33327 45.3333
      vertex -14 -6.45325 45.2245
    endloop
  endfacet
  facet normal 1 0 0
    outer loop
      vertex -14 -6.33327 45.3333
      vertex -14 -12.5 31
      vertex -14 -6.33327 16.6667
    endloop
  endfacet
  facet normal 1 0 0
    outer loop
      vertex -14 -12.5554 32.1272
      vertex -14 -6.45325 45.2245
      vertex -14 -6.58331 45.1281
    endloop
  endfacet
  facet normal 1 0 0
    outer loop
      vertex -14 -6.33327 16.6667
      vertex -14 -12.5 31
      vertex -14 -6.45325 16.7755
    endloop
  endfacet
  facet normal 1 0 0
    outer loop
      vertex -14 -12.5554 32.1272
      vertex -14 -6.58331 45.1281
      vertex -14 -6.7222 45.0448
    endloop
  endfacet
  facet normal 1 -0 0
    outer loop
      vertex -14 -12.5554 29.8728
      vertex -14 -6.45325 16.7755
      vertex -14 -12.5 31
    endloop
  endfacet
  facet normal 1 0 0
    outer loop
      vertex -14 -12.721 33.2435
      vertex -14 -6.7222 45.0448
      vertex -14 -6.86857 44.9756
    endloop
  endfacet
  facet normal 1 0 0
    outer loop
      vertex -14 -6.45325 16.7755
      vertex -14 -12.5554 29.8728
      vertex -14 -6.58331 16.8719
    endloop
  endfacet
  facet normal 1 0 0
    outer loop
      vertex -14 -12.721 33.2435
      vertex -14 -6.86857 44.9756
      vertex -14 -7.02103 44.921
    endloop
  endfacet
  facet normal 1 0 0
    outer loop
      vertex -14 -6.58331 16.8719
      vertex -14 -12.5554 29.8728
      vertex -14 -6.7222 16.9552
    endloop
  endfacet
  facet normal 1 0 0
    outer loop
      vertex -14 -12.9952 34.3383
      vertex -14 -7.02103 44.921
      vertex -14 -7.1781 44.8817
    endloop
  endfacet
  facet normal 1 -0 0
    outer loop
      vertex -14 -12.721 28.7565
      vertex -14 -6.7222 16.9552
      vertex -14 -12.5554 29.8728
    endloop
  endfacet
  facet normal 1 0 0
    outer loop
      vertex -14 -12.9952 34.3383
      vertex -14 -7.1781 44.8817
      vertex -14 -7.33827 44.8579
    endloop
  endfacet
  facet normal 1 0 0
    outer loop
      vertex -14 -6.7222 16.9552
      vertex -14 -12.721 28.7565
      vertex -14 -6.86857 17.0244
    endloop
  endfacet
  facet normal 1 0 0
    outer loop
      vertex -14 -13.3754 35.4009
      vertex -14 -7.33827 44.8579
      vertex -14 -7.5 44.85
    endloop
  endfacet
  facet normal 1 0 0
    outer loop
      vertex -14 -6.86857 17.0244
      vertex -14 -12.721 28.7565
      vertex -14 -7.02103 17.079
    endloop
  endfacet
  facet normal 1 0 0
    outer loop
      vertex -14 -13.3754 35.4009
      vertex -14 -7.5 44.85
      vertex -14 -8.5 44.85
    endloop
  endfacet
  facet normal 1 -0 0
    outer loop
      vertex -14 -12.9952 27.6617
      vertex -14 -7.02103 17.079
      vertex -14 -12.721 28.7565
    endloop
  endfacet
  facet normal 1 0 0
    outer loop
      vertex -14 -13.8579 36.4211
      vertex -14 -8.5 44.85
      vertex -14 -8.66173 44.8579
    endloop
  endfacet
  facet normal 1 0 0
    outer loop
      vertex -14 -7.02103 17.079
      vertex -14 -12.9952 27.6617
      vertex -14 -7.1781 17.1183
    endloop
  endfacet
  facet normal 1 0 0
    outer loop
      vertex -14 -13.8579 36.4211
      vertex -14 -8.66173 44.8579
      vertex -14 -8.8219 44.8817
    endloop
  endfacet
  facet normal 1 0 0
    outer loop
      vertex -14 -7.1781 17.1183
      vertex -14 -12.9952 27.6617
      vertex -14 -7.33827 17.1421
    endloop
  endfacet
  facet normal 1 0 0
    outer loop
      vertex -14 -14.4381 37.3891
      vertex -14 -8.8219 44.8817
      vertex -14 -8.97897 44.921
    endloop
  endfacet
  facet normal 1 -0 0
    outer loop
      vertex -14 -13.3754 26.5991
      vertex -14 -7.33827 17.1421
      vertex -14 -12.9952 27.6617
    endloop
  endfacet
  facet normal 1 0 0
    outer loop
      vertex -14 -14.4381 37.3891
      vertex -14 -8.97897 44.921
      vertex -14 -9.13143 44.9756
    endloop
  endfacet
  facet normal 1 0 0
    outer loop
      vertex -14 -7.33827 17.1421
      vertex -14 -13.3754 26.5991
      vertex -14 -7.5 17.15
    endloop
  endfacet
  facet normal 1 0 0
    outer loop
      vertex -14 -15.1104 38.2955
      vertex -14 -9.13143 44.9756
      vertex -14 -9.27781 45.0448
    endloop
  endfacet
  facet normal 1 0 0
    outer loop
      vertex -14 -7.5 17.15
      vertex -14 -13.3754 26.5991
      vertex -14 -8.5 17.15
    endloop
  endfacet
  facet normal 1 0 0
    outer loop
      vertex -14 -15.1104 38.2955
      vertex -14 -9.27781 45.0448
      vertex -14 -9.41669 45.1281
    endloop
  endfacet
  facet normal 1 -0 0
    outer loop
      vertex -14 -13.8579 25.5789
      vertex -14 -8.5 17.15
      vertex -14 -13.3754 26.5991
    endloop
  endfacet
  facet normal 1 0 0
    outer loop
      vertex -14 -15.1104 38.2955
      vertex -14 -9.41669 45.1281
      vertex -14 -9.54675 45.2245
    endloop
  endfacet
  facet normal 1 0 0
    outer loop
      vertex -14 -8.5 17.15
      vertex -14 -13.8579 25.5789
      vertex -14 -8.66173 17.1421
    endloop
  endfacet
  facet normal 1 0 0
    outer loop
      vertex -14 -15.8683 39.1317
      vertex -14 -9.54675 45.2245
      vertex -14 -9.66673 45.3333
    endloop
  endfacet
  facet normal 1 0 0
    outer loop
      vertex -14 -8.66173 17.1421
      vertex -14 -13.8579 25.5789
      vertex -14 -8.8219 17.1183
    endloop
  endfacet
  facet normal 1 0 0
    outer loop
      vertex -14 -15.8683 39.1317
      vertex -14 -9.66673 45.3333
      vertex -14 -9.77547 45.4533
    endloop
  endfacet
  facet normal 1 -0 0
    outer loop
      vertex -14 -14.4381 24.6109
      vertex -14 -8.8219 17.1183
      vertex -14 -13.8579 25.5789
    endloop
  endfacet
  facet normal 1 0 0
    outer loop
      vertex -14 -16.7045 39.8896
      vertex -14 -9.77547 45.4533
      vertex -14 -9.87193 45.5833
    endloop
  endfacet
  facet normal 1 0 0
    outer loop
      vertex -14 -8.8219 17.1183
      vertex -14 -14.4381 24.6109
      vertex -14 -8.97897 17.079
    endloop
  endfacet
  facet normal 1 0 0
    outer loop
      vertex -14 -16.7045 39.8896
      vertex -14 -9.87193 45.5833
      vertex -14 -9.95517 45.7222
    endloop
  endfacet
  facet normal 1 0 0
    outer loop
      vertex -14 -8.97897 17.079
      vertex -14 -14.4381 24.6109
      vertex -14 -9.13143 17.0244
    endloop
  endfacet
  facet normal 1 0 0
    outer loop
      vertex -14 -16.7045 39.8896
      vertex -14 -9.95517 45.7222
      vertex -14 -10.0244 45.8686
    endloop
  endfacet
  facet normal 1 -0 0
    outer loop
      vertex -14 -15.1104 23.7045
      vertex -14 -9.13143 17.0244
      vertex -14 -14.4381 24.6109
    endloop
  endfacet
  facet normal 1 0 0
    outer loop
      vertex -14 -17.6109 40.5619
      vertex -14 -10.0244 45.8686
      vertex -14 -10.079 46.021
    endloop
  endfacet
  facet normal 1 0 0
    outer loop
      vertex -14 -9.13143 17.0244
      vertex -14 -15.1104 23.7045
      vertex -14 -9.27781 16.9552
    endloop
  endfacet
  facet normal 1 0 0
    outer loop
      vertex -14 -17.6109 40.5619
      vertex -14 -10.079 46.021
      vertex -14 -10.1183 46.1781
    endloop
  endfacet
  facet normal 1 0 0
    outer loop
      vertex -14 -9.27781 16.9552
      vertex -14 -15.1104 23.7045
      vertex -14 -9.41669 16.8719
    endloop
  endfacet
  facet normal 1 0 0
    outer loop
      vertex -14 -18.5789 41.1421
      vertex -14 -10.1183 46.1781
      vertex -14 -10.1421 46.3383
    endloop
  endfacet
  facet normal 1 0 0
    outer loop
      vertex -14 -9.41669 16.8719
      vertex -14 -15.1104 23.7045
      vertex -14 -9.54675 16.7755
    endloop
  endfacet
  facet normal 1 0 0
    outer loop
      vertex -14 -18.5789 41.1421
      vertex -14 -10.1421 46.3383
      vertex -14 -10.15 46.5
    endloop
  endfacet
  facet normal 1 -0 0
    outer loop
      vertex -14 -15.8683 22.8683
      vertex -14 -9.54675 16.7755
      vertex -14 -15.1104 23.7045
    endloop
  endfacet
  facet normal 1 0 0
    outer loop
      vertex -14 -5.85795 46.3383
      vertex -14 0 56.15
      vertex -14 -5.85 46.5
    endloop
  endfacet
  facet normal 1 0 0
    outer loop
      vertex -14 0 56.15
      vertex -14 -5.85795 46.6617
      vertex -14 -5.85 46.5
    endloop
  endfacet
  facet normal 1 0 0
    outer loop
      vertex -14 0 56.15
      vertex -14 -5.8817 46.8219
      vertex -14 -5.85795 46.6617
    endloop
  endfacet
  facet normal 1 0 0
    outer loop
      vertex -14 0 56.15
      vertex -14 -5.92105 46.979
      vertex -14 -5.8817 46.8219
    endloop
  endfacet
  facet normal 1 0 0
    outer loop
      vertex -14 0 56.15
      vertex -14 -5.9756 47.1314
      vertex -14 -5.92105 46.979
    endloop
  endfacet
  facet normal 1 0 0
    outer loop
      vertex -14 0 56.15
      vertex -14 -6.04483 47.2778
      vertex -14 -5.9756 47.1314
    endloop
  endfacet
  facet normal 1 0 0
    outer loop
      vertex -14 0 56.15
      vertex -14 -6.12808 47.4167
      vertex -14 -6.04483 47.2778
    endloop
  endfacet
  facet normal 1 0 0
    outer loop
      vertex -14 0 56.15
      vertex -14 -6.22453 47.5467
      vertex -14 -6.12808 47.4167
    endloop
  endfacet
  facet normal 1 0 0
    outer loop
      vertex -14 0 56.15
      vertex -14 -6.33327 47.6667
      vertex -14 -6.22453 47.5467
    endloop
  endfacet
  facet normal 1 0 0
    outer loop
      vertex -14 0 56.15
      vertex -14 -6.45325 47.7755
      vertex -14 -6.33327 47.6667
    endloop
  endfacet
  facet normal 1 0 0
    outer loop
      vertex -14 0 56.15
      vertex -14 -6.58331 47.8719
      vertex -14 -6.45325 47.7755
    endloop
  endfacet
  facet normal 1 0 0
    outer loop
      vertex -14 0 56.15
      vertex -14 -6.7222 47.9552
      vertex -14 -6.58331 47.8719
    endloop
  endfacet
  facet normal 1 0 0
    outer loop
      vertex -14 0 56.15
      vertex -14 -6.86857 48.0244
      vertex -14 -6.7222 47.9552
    endloop
  endfacet
  facet normal 1 0 0
    outer loop
      vertex -14 0 56.15
      vertex -14 -7.02103 48.0789
      vertex -14 -6.86857 48.0244
    endloop
  endfacet
  facet normal 1 0 0
    outer loop
      vertex -14 0 56.15
      vertex -14 -7.1781 48.1183
      vertex -14 -7.02103 48.0789
    endloop
  endfacet
  facet normal 1 0 0
    outer loop
      vertex -14 0 56.15
      vertex -14 -7.33827 48.1421
      vertex -14 -7.1781 48.1183
    endloop
  endfacet
  facet normal 1 0 0
    outer loop
      vertex -14 0 56.15
      vertex -14 -7.5 48.15
      vertex -14 -7.33827 48.1421
    endloop
  endfacet
  facet normal 1 0 0
    outer loop
      vertex -14 0 56.15
      vertex -14 -8.5 48.15
      vertex -14 -7.5 48.15
    endloop
  endfacet
  facet normal 1 0 0
    outer loop
      vertex -14 0 56.15
      vertex -14 -8.66173 48.1421
      vertex -14 -8.5 48.15
    endloop
  endfacet
  facet normal 1 0 0
    outer loop
      vertex -14 0 56.15
      vertex -14 -8.8219 48.1183
      vertex -14 -8.66173 48.1421
    endloop
  endfacet
  facet normal 1 0 0
    outer loop
      vertex -14 0 56.15
      vertex -14 -8.97897 48.0789
      vertex -14 -8.8219 48.1183
    endloop
  endfacet
  facet normal 1 0 0
    outer loop
      vertex -14 0 56.15
      vertex -14 -9.13143 48.0244
      vertex -14 -8.97897 48.0789
    endloop
  endfacet
  facet normal 1 0 0
    outer loop
      vertex -14 0 56.15
      vertex -14 -9.27781 47.9552
      vertex -14 -9.13143 48.0244
    endloop
  endfacet
  facet normal 1 -0 0
    outer loop
      vertex -14 -45 56.15
      vertex -14 -9.27781 47.9552
      vertex -14 0 56.15
    endloop
  endfacet
  facet normal 1 0 0
    outer loop
      vertex -14 -9.27781 47.9552
      vertex -14 -45 56.15
      vertex -14 -9.41669 47.8719
    endloop
  endfacet
  facet normal 1 0 0
    outer loop
      vertex -14 -9.54675 16.7755
      vertex -14 -15.8683 22.8683
      vertex -14 -9.66673 16.6667
    endloop
  endfacet
  facet normal 1 0 0
    outer loop
      vertex -14 -18.5789 41.1421
      vertex -14 -10.15 46.5
      vertex -14 -10.1421 46.6617
    endloop
  endfacet
  facet normal 1 0 0
    outer loop
      vertex -14 -19.5991 41.6246
      vertex -14 -10.1421 46.6617
      vertex -14 -10.1183 46.8219
    endloop
  endfacet
  facet normal 1 0 0
    outer loop
      vertex -14 -6.45325 45.2245
      vertex -14 -12.5554 32.1272
      vertex -14 -12.5 31
    endloop
  endfacet
  facet normal 1 0 0
    outer loop
      vertex -14 -6.7222 45.0448
      vertex -14 -12.721 33.2435
      vertex -14 -12.5554 32.1272
    endloop
  endfacet
  facet normal 1 0 0
    outer loop
      vertex -14 -7.02103 44.921
      vertex -14 -12.9952 34.3383
      vertex -14 -12.721 33.2435
    endloop
  endfacet
  facet normal 1 0 0
    outer loop
      vertex -14 -7.33827 44.8579
      vertex -14 -13.3754 35.4009
      vertex -14 -12.9952 34.3383
    endloop
  endfacet
  facet normal 1 0 0
    outer loop
      vertex -14 -19.5991 41.6246
      vertex -14 -10.1183 46.8219
      vertex -14 -10.079 46.979
    endloop
  endfacet
  facet normal 1 0 0
    outer loop
      vertex -14 -8.5 44.85
      vertex -14 -13.8579 36.4211
      vertex -14 -13.3754 35.4009
    endloop
  endfacet
  facet normal 1 0 0
    outer loop
      vertex -14 -20.6617 42.0048
      vertex -14 -10.079 46.979
      vertex -14 -10.0244 47.1314
    endloop
  endfacet
  facet normal 1 0 0
    outer loop
      vertex -14 -8.8219 44.8817
      vertex -14 -14.4381 37.3891
      vertex -14 -13.8579 36.4211
    endloop
  endfacet
  facet normal 1 0 0
    outer loop
      vertex -14 -9.13143 44.9756
      vertex -14 -15.1104 38.2955
      vertex -14 -14.4381 37.3891
    endloop
  endfacet
  facet normal 1 0 0
    outer loop
      vertex -14 -20.6617 42.0048
      vertex -14 -10.0244 47.1314
      vertex -14 -9.95517 47.2778
    endloop
  endfacet
  facet normal 1 0 0
    outer loop
      vertex -14 -9.54675 45.2245
      vertex -14 -15.8683 39.1317
      vertex -14 -15.1104 38.2955
    endloop
  endfacet
  facet normal 1 0 0
    outer loop
      vertex -14 -21.7565 42.279
      vertex -14 -9.95517 47.2778
      vertex -14 -9.87193 47.4167
    endloop
  endfacet
  facet normal 1 0 0
    outer loop
      vertex -14 -9.77547 45.4533
      vertex -14 -16.7045 39.8896
      vertex -14 -15.8683 39.1317
    endloop
  endfacet
  facet normal 1 0 0
    outer loop
      vertex -14 -21.7565 42.279
      vertex -14 -9.87193 47.4167
      vertex -14 -9.77547 47.5467
    endloop
  endfacet
  facet normal 1 0 0
    outer loop
      vertex -14 -10.0244 45.8686
      vertex -14 -17.6109 40.5619
      vertex -14 -16.7045 39.8896
    endloop
  endfacet
  facet normal 1 0 0
    outer loop
      vertex -14 -22.8728 42.4446
      vertex -14 -9.77547 47.5467
      vertex -14 -9.66673 47.6667
    endloop
  endfacet
  facet normal 1 0 0
    outer loop
      vertex -14 -24 42.5
      vertex -14 -9.66673 47.6667
      vertex -14 -9.54675 47.7755
    endloop
  endfacet
  facet normal 1 0 0
    outer loop
      vertex -14 -10.1183 46.1781
      vertex -14 -18.5789 41.1421
      vertex -14 -17.6109 40.5619
    endloop
  endfacet
  facet normal 1 0 -0
    outer loop
      vertex -14 -37.5833 47.8719
      vertex -14 -9.41669 47.8719
      vertex -14 -45 56.15
    endloop
  endfacet
  facet normal 1 0 0
    outer loop
      vertex -14 -10.1421 46.6617
      vertex -14 -19.5991 41.6246
      vertex -14 -18.5789 41.1421
    endloop
  endfacet
  facet normal 1 0 0
    outer loop
      vertex -14 -10.079 46.979
      vertex -14 -20.6617 42.0048
      vertex -14 -19.5991 41.6246
    endloop
  endfacet
  facet normal 1 0 0
    outer loop
      vertex -14 -9.95517 47.2778
      vertex -14 -21.7565 42.279
      vertex -14 -20.6617 42.0048
    endloop
  endfacet
  facet normal 1 0 0
    outer loop
      vertex -14 -9.77547 47.5467
      vertex -14 -22.8728 42.4446
      vertex -14 -21.7565 42.279
    endloop
  endfacet
  facet normal 1 0 0
    outer loop
      vertex -14 -9.66673 47.6667
      vertex -14 -24 42.5
      vertex -14 -22.8728 42.4446
    endloop
  endfacet
  facet normal 1 0 0
    outer loop
      vertex -14 -9.54675 47.7755
      vertex -14 -37.4533 47.7755
      vertex -14 -24 42.5
    endloop
  endfacet
  facet normal 1 -0 -0
    outer loop
      vertex -14 -37.3333 47.6667
      vertex -14 -24 42.5
      vertex -14 -37.4533 47.7755
    endloop
  endfacet
  facet normal 1 0 0
    outer loop
      vertex -14 -24 42.5
      vertex -14 -37.3333 47.6667
      vertex -14 -25.1272 42.4446
    endloop
  endfacet
  facet normal 1 -0 -0
    outer loop
      vertex -14 -37.1281 47.4167
      vertex -14 -25.1272 42.4446
      vertex -14 -37.2245 47.5467
    endloop
  endfacet
  facet normal 1 -0 -0
    outer loop
      vertex -14 -37.0448 47.2778
      vertex -14 -26.2435 42.279
      vertex -14 -37.1281 47.4167
    endloop
  endfacet
  facet normal 1 0 0
    outer loop
      vertex -14 -31.2955 39.8896
      vertex -14 -37.3333 45.3333
      vertex -14 -32.1317 39.1317
    endloop
  endfacet
  facet normal 1 -0 0
    outer loop
      vertex -14 -37.3333 45.3333
      vertex -14 -31.2955 39.8896
      vertex -14 -37.2245 45.4533
    endloop
  endfacet
  facet normal 1 -0 0
    outer loop
      vertex -14 -37.2245 45.4533
      vertex -14 -31.2955 39.8896
      vertex -14 -37.1281 45.5833
    endloop
  endfacet
  facet normal 1 -0 0
    outer loop
      vertex -14 -37.1281 45.5833
      vertex -14 -31.2955 39.8896
      vertex -14 -37.0448 45.7222
    endloop
  endfacet
  facet normal 1 0 0
    outer loop
      vertex -14 -30.3891 40.5619
      vertex -14 -37.0448 45.7222
      vertex -14 -31.2955 39.8896
    endloop
  endfacet
  facet normal 1 -0 0
    outer loop
      vertex -14 -37.0448 45.7222
      vertex -14 -30.3891 40.5619
      vertex -14 -36.9756 45.8686
    endloop
  endfacet
  facet normal 1 -0 0
    outer loop
      vertex -14 -36.9756 45.8686
      vertex -14 -30.3891 40.5619
      vertex -14 -36.921 46.021
    endloop
  endfacet
  facet normal 1 0 0
    outer loop
      vertex -14 -29.4211 41.1421
      vertex -14 -36.921 46.021
      vertex -14 -30.3891 40.5619
    endloop
  endfacet
  facet normal 1 -0 0
    outer loop
      vertex -14 -36.921 46.021
      vertex -14 -29.4211 41.1421
      vertex -14 -36.8817 46.1781
    endloop
  endfacet
  facet normal 1 -0 0
    outer loop
      vertex -14 -36.8817 46.1781
      vertex -14 -29.4211 41.1421
      vertex -14 -36.8579 46.3383
    endloop
  endfacet
  facet normal 1 -0 0
    outer loop
      vertex -14 -36.8579 46.3383
      vertex -14 -29.4211 41.1421
      vertex -14 -36.85 46.5
    endloop
  endfacet
  facet normal 1 0 0
    outer loop
      vertex -14 -26.2435 42.279
      vertex -14 -36.9756 47.1314
      vertex -14 -27.3383 42.0048
    endloop
  endfacet
  facet normal 1 0 0
    outer loop
      vertex -14 -28.4009 41.6246
      vertex -14 -36.85 46.5
      vertex -14 -29.4211 41.1421
    endloop
  endfacet
  facet normal 1 -0 -0
    outer loop
      vertex -14 -36.85 46.5
      vertex -14 -28.4009 41.6246
      vertex -14 -36.8579 46.6617
    endloop
  endfacet
  facet normal 1 -0 -0
    outer loop
      vertex -14 -36.8579 46.6617
      vertex -14 -28.4009 41.6246
      vertex -14 -36.8817 46.8219
    endloop
  endfacet
  facet normal 1 0 0
    outer loop
      vertex -14 -27.3383 42.0048
      vertex -14 -36.8817 46.8219
      vertex -14 -28.4009 41.6246
    endloop
  endfacet
  facet normal 1 -0 -0
    outer loop
      vertex -14 -36.8817 46.8219
      vertex -14 -27.3383 42.0048
      vertex -14 -36.921 46.979
    endloop
  endfacet
  facet normal 1 -0 -0
    outer loop
      vertex -14 -36.921 46.979
      vertex -14 -27.3383 42.0048
      vertex -14 -36.9756 47.1314
    endloop
  endfacet
  facet normal 1 -0 -0
    outer loop
      vertex -14 -36.9756 47.1314
      vertex -14 -26.2435 42.279
      vertex -14 -37.0448 47.2778
    endloop
  endfacet
  facet normal 1 0 0
    outer loop
      vertex -14 -25.1272 42.4446
      vertex -14 -37.1281 47.4167
      vertex -14 -26.2435 42.279
    endloop
  endfacet
  facet normal 1 -0 -0
    outer loop
      vertex -14 -37.2245 47.5467
      vertex -14 -25.1272 42.4446
      vertex -14 -37.3333 47.6667
    endloop
  endfacet
  facet normal 1 0 0
    outer loop
      vertex -14 -9.54675 47.7755
      vertex -14 -37.5833 47.8719
      vertex -14 -37.4533 47.7755
    endloop
  endfacet
  facet normal 1 0 0
    outer loop
      vertex -14 -9.41669 47.8719
      vertex -14 -37.5833 47.8719
      vertex -14 -9.54675 47.7755
    endloop
  endfacet
  facet normal 1 0 0
    outer loop
      vertex -14 -37.5833 47.8719
      vertex -14 -45 56.15
      vertex -14 -37.7222 47.9552
    endloop
  endfacet
  facet normal 1 0 0
    outer loop
      vertex -14 -37.7222 47.9552
      vertex -14 -45 56.15
      vertex -14 -37.8686 48.0244
    endloop
  endfacet
  facet normal 1 0 0
    outer loop
      vertex -14 -37.8686 48.0244
      vertex -14 -45 56.15
      vertex -14 -38.021 48.0789
    endloop
  endfacet
  facet normal 1 0 0
    outer loop
      vertex -14 -38.021 48.0789
      vertex -14 -45 56.15
      vertex -14 -38.1781 48.1183
    endloop
  endfacet
  facet normal 1 0 0
    outer loop
      vertex -14 -38.1781 48.1183
      vertex -14 -45 56.15
      vertex -14 -38.3383 48.1421
    endloop
  endfacet
  facet normal 1 0 0
    outer loop
      vertex -14 -38.3383 48.1421
      vertex -14 -45 56.15
      vertex -14 -38.5 48.15
    endloop
  endfacet
  facet normal 1 0 0
    outer loop
      vertex -14 -38.5 48.15
      vertex -14 -45 56.15
      vertex -14 -39.5 48.15
    endloop
  endfacet
  facet normal 1 0 0
    outer loop
      vertex -14 -39.5 48.15
      vertex -14 -45 56.15
      vertex -14 -39.6617 48.1421
    endloop
  endfacet
  facet normal 1 0 0
    outer loop
      vertex -14 -41.1183 15.8219
      vertex -14 -45 6
      vertex -14 -41.1421 15.6617
    endloop
  endfacet
  facet normal 1 0 0
    outer loop
      vertex -14 -41.1421 46.6617
      vertex -14 -45 56.15
      vertex -14 -41.15 46.5
    endloop
  endfacet
  facet normal 1 0 0
    outer loop
      vertex -14 -41.1183 46.8219
      vertex -14 -45 56.15
      vertex -14 -41.1421 46.6617
    endloop
  endfacet
  facet normal 1 0 0
    outer loop
      vertex -14 -41.0789 46.979
      vertex -14 -45 56.15
      vertex -14 -41.1183 46.8219
    endloop
  endfacet
  facet normal 1 0 0
    outer loop
      vertex -14 -41.0244 47.1314
      vertex -14 -45 56.15
      vertex -14 -41.0789 46.979
    endloop
  endfacet
  facet normal 1 0 0
    outer loop
      vertex -14 -40.9552 47.2778
      vertex -14 -45 56.15
      vertex -14 -41.0244 47.1314
    endloop
  endfacet
  facet normal 1 0 0
    outer loop
      vertex -14 -40.8719 47.4167
      vertex -14 -45 56.15
      vertex -14 -40.9552 47.2778
    endloop
  endfacet
  facet normal 1 0 0
    outer loop
      vertex -14 -40.7755 47.5467
      vertex -14 -45 56.15
      vertex -14 -40.8719 47.4167
    endloop
  endfacet
  facet normal 1 0 0
    outer loop
      vertex -14 -40.6667 47.6667
      vertex -14 -45 56.15
      vertex -14 -40.7755 47.5467
    endloop
  endfacet
  facet normal 1 0 0
    outer loop
      vertex -14 -40.5467 47.7755
      vertex -14 -45 56.15
      vertex -14 -40.6667 47.6667
    endloop
  endfacet
  facet normal 1 0 0
    outer loop
      vertex -14 -40.4167 47.8719
      vertex -14 -45 56.15
      vertex -14 -40.5467 47.7755
    endloop
  endfacet
  facet normal 1 0 0
    outer loop
      vertex -14 -40.2778 47.9552
      vertex -14 -45 56.15
      vertex -14 -40.4167 47.8719
    endloop
  endfacet
  facet normal 1 0 0
    outer loop
      vertex -14 -40.1314 48.0244
      vertex -14 -45 56.15
      vertex -14 -40.2778 47.9552
    endloop
  endfacet
  facet normal 1 0 0
    outer loop
      vertex -14 -39.979 48.0789
      vertex -14 -45 56.15
      vertex -14 -40.1314 48.0244
    endloop
  endfacet
  facet normal 1 0 0
    outer loop
      vertex -14 -39.8219 48.1183
      vertex -14 -45 56.15
      vertex -14 -39.979 48.0789
    endloop
  endfacet
  facet normal 1 0 0
    outer loop
      vertex -14 -39.6617 48.1421
      vertex -14 -45 56.15
      vertex -14 -39.8219 48.1183
    endloop
  endfacet
  facet normal 1 0 0
    outer loop
      vertex -14 -5.8817 46.1781
      vertex -14 0 56.15
      vertex -14 -5.85795 46.3383
    endloop
  endfacet
  facet normal 1 -0 0
    outer loop
      vertex -14 -5.85795 15.3383
      vertex -14 0 6
      vertex -14 -5.85 15.5
    endloop
  endfacet
  facet normal 1 -0 0
    outer loop
      vertex -14 -5.8817 15.1781
      vertex -14 0 6
      vertex -14 -5.85795 15.3383
    endloop
  endfacet
  facet normal 1 -0 0
    outer loop
      vertex -14 -5.92105 15.021
      vertex -14 0 6
      vertex -14 -5.8817 15.1781
    endloop
  endfacet
  facet normal 1 -0 0
    outer loop
      vertex -14 -5.9756 14.8686
      vertex -14 0 6
      vertex -14 -5.92105 15.021
    endloop
  endfacet
  facet normal 1 -0 0
    outer loop
      vertex -14 -6.04483 14.7222
      vertex -14 0 6
      vertex -14 -5.9756 14.8686
    endloop
  endfacet
  facet normal 1 -0 0
    outer loop
      vertex -14 -6.12808 14.5833
      vertex -14 0 6
      vertex -14 -6.04483 14.7222
    endloop
  endfacet
  facet normal 1 -0 0
    outer loop
      vertex -14 -6.22453 14.4533
      vertex -14 0 6
      vertex -14 -6.12808 14.5833
    endloop
  endfacet
  facet normal 1 -0 0
    outer loop
      vertex -14 -6.33327 14.3333
      vertex -14 0 6
      vertex -14 -6.22453 14.4533
    endloop
  endfacet
  facet normal 1 -0 0
    outer loop
      vertex -14 -6.45325 14.2245
      vertex -14 0 6
      vertex -14 -6.33327 14.3333
    endloop
  endfacet
  facet normal 1 -0 0
    outer loop
      vertex -14 -6.58331 14.1281
      vertex -14 0 6
      vertex -14 -6.45325 14.2245
    endloop
  endfacet
  facet normal 1 -0 0
    outer loop
      vertex -14 -6.7222 14.0448
      vertex -14 0 6
      vertex -14 -6.58331 14.1281
    endloop
  endfacet
  facet normal 1 -0 0
    outer loop
      vertex -14 -6.86857 13.9756
      vertex -14 0 6
      vertex -14 -6.7222 14.0448
    endloop
  endfacet
  facet normal 1 -0 0
    outer loop
      vertex -14 -7.02103 13.921
      vertex -14 0 6
      vertex -14 -6.86857 13.9756
    endloop
  endfacet
  facet normal 1 -0 0
    outer loop
      vertex -14 -7.1781 13.8817
      vertex -14 0 6
      vertex -14 -7.02103 13.921
    endloop
  endfacet
  facet normal 1 -0 0
    outer loop
      vertex -14 -7.33827 13.8579
      vertex -14 0 6
      vertex -14 -7.1781 13.8817
    endloop
  endfacet
  facet normal 1 -0 0
    outer loop
      vertex -14 -7.5 13.85
      vertex -14 0 6
      vertex -14 -7.33827 13.8579
    endloop
  endfacet
  facet normal 1 -0 0
    outer loop
      vertex -14 -8.5 13.85
      vertex -14 0 6
      vertex -14 -7.5 13.85
    endloop
  endfacet
  facet normal 1 0 0
    outer loop
      vertex -14 -8.66173 13.8579
      vertex -14 0 6
      vertex -14 -8.5 13.85
    endloop
  endfacet
  facet normal 1 0 0
    outer loop
      vertex -14 -8.8219 13.8817
      vertex -14 0 6
      vertex -14 -8.66173 13.8579
    endloop
  endfacet
  facet normal 1 0 0
    outer loop
      vertex -14 -8.97897 13.921
      vertex -14 0 6
      vertex -14 -8.8219 13.8817
    endloop
  endfacet
  facet normal 1 0 0
    outer loop
      vertex -14 -9.13143 13.9756
      vertex -14 0 6
      vertex -14 -8.97897 13.921
    endloop
  endfacet
  facet normal 1 0 0
    outer loop
      vertex -14 -9.27781 14.0448
      vertex -14 0 6
      vertex -14 -9.13143 13.9756
    endloop
  endfacet
  facet normal 1 0 0
    outer loop
      vertex -14 -45 6
      vertex -14 -9.27781 14.0448
      vertex -14 -9.41669 14.1281
    endloop
  endfacet
  facet normal 1 0 0
    outer loop
      vertex -14 -37.5833 14.1281
      vertex -14 -9.41669 14.1281
      vertex -14 -9.54675 14.2245
    endloop
  endfacet
  facet normal 1 0 0
    outer loop
      vertex -14 -9.66673 16.6667
      vertex -14 -15.8683 22.8683
      vertex -14 -9.77547 16.5467
    endloop
  endfacet
  facet normal 1 -0 0
    outer loop
      vertex -14 -16.7045 22.1104
      vertex -14 -9.77547 16.5467
      vertex -14 -15.8683 22.8683
    endloop
  endfacet
  facet normal 1 0 0
    outer loop
      vertex -14 -9.77547 16.5467
      vertex -14 -16.7045 22.1104
      vertex -14 -9.87193 16.4167
    endloop
  endfacet
  facet normal 1 0 0
    outer loop
      vertex -14 -9.87193 16.4167
      vertex -14 -16.7045 22.1104
      vertex -14 -9.95517 16.2778
    endloop
  endfacet
  facet normal 1 0 0
    outer loop
      vertex -14 -9.95517 16.2778
      vertex -14 -16.7045 22.1104
      vertex -14 -10.0244 16.1314
    endloop
  endfacet
  facet normal 1 -0 0
    outer loop
      vertex -14 -17.6109 21.4381
      vertex -14 -10.0244 16.1314
      vertex -14 -16.7045 22.1104
    endloop
  endfacet
  facet normal 1 0 0
    outer loop
      vertex -14 -10.0244 16.1314
      vertex -14 -17.6109 21.4381
      vertex -14 -10.079 15.979
    endloop
  endfacet
  facet normal 1 0 0
    outer loop
      vertex -14 -10.079 15.979
      vertex -14 -17.6109 21.4381
      vertex -14 -10.1183 15.8219
    endloop
  endfacet
  facet normal 1 -0 0
    outer loop
      vertex -14 -18.5789 20.8579
      vertex -14 -10.1183 15.8219
      vertex -14 -17.6109 21.4381
    endloop
  endfacet
  facet normal 1 0 0
    outer loop
      vertex -14 -10.1183 15.8219
      vertex -14 -18.5789 20.8579
      vertex -14 -10.1421 15.6617
    endloop
  endfacet
  facet normal 1 0 0
    outer loop
      vertex -14 -10.1421 15.6617
      vertex -14 -18.5789 20.8579
      vertex -14 -10.15 15.5
    endloop
  endfacet
  facet normal 1 0 0
    outer loop
      vertex -14 -10.15 15.5
      vertex -14 -18.5789 20.8579
      vertex -14 -10.1421 15.3383
    endloop
  endfacet
  facet normal 1 -0 0
    outer loop
      vertex -14 -19.5991 20.3754
      vertex -14 -10.1421 15.3383
      vertex -14 -18.5789 20.8579
    endloop
  endfacet
  facet normal 1 0 0
    outer loop
      vertex -14 -10.1421 15.3383
      vertex -14 -19.5991 20.3754
      vertex -14 -10.1183 15.1781
    endloop
  endfacet
  facet normal 1 0 0
    outer loop
      vertex -14 -10.1183 15.1781
      vertex -14 -19.5991 20.3754
      vertex -14 -10.079 15.021
    endloop
  endfacet
  facet normal 1 -0 0
    outer loop
      vertex -14 -20.6617 19.9952
      vertex -14 -10.079 15.021
      vertex -14 -19.5991 20.3754
    endloop
  endfacet
  facet normal 1 0 0
    outer loop
      vertex -14 -10.079 15.021
      vertex -14 -20.6617 19.9952
      vertex -14 -10.0244 14.8686
    endloop
  endfacet
  facet normal 1 0 0
    outer loop
      vertex -14 -10.0244 14.8686
      vertex -14 -20.6617 19.9952
      vertex -14 -9.95517 14.7222
    endloop
  endfacet
  facet normal 1 -0 0
    outer loop
      vertex -14 -21.7565 19.721
      vertex -14 -9.95517 14.7222
      vertex -14 -20.6617 19.9952
    endloop
  endfacet
  facet normal 1 0 0
    outer loop
      vertex -14 -9.95517 14.7222
      vertex -14 -21.7565 19.721
      vertex -14 -9.87193 14.5833
    endloop
  endfacet
  facet normal 1 0 0
    outer loop
      vertex -14 -9.87193 14.5833
      vertex -14 -21.7565 19.721
      vertex -14 -9.77547 14.4533
    endloop
  endfacet
  facet normal 1 -0 0
    outer loop
      vertex -14 -22.8728 19.5554
      vertex -14 -9.77547 14.4533
      vertex -14 -21.7565 19.721
    endloop
  endfacet
  facet normal 1 0 0
    outer loop
      vertex -14 -9.77547 14.4533
      vertex -14 -22.8728 19.5554
      vertex -14 -9.66673 14.3333
    endloop
  endfacet
  facet normal 1 -0 0
    outer loop
      vertex -14 -24 19.5
      vertex -14 -9.66673 14.3333
      vertex -14 -22.8728 19.5554
    endloop
  endfacet
  facet normal 1 0 0
    outer loop
      vertex -14 -9.66673 14.3333
      vertex -14 -24 19.5
      vertex -14 -9.54675 14.2245
    endloop
  endfacet
  facet normal 1 0 0
    outer loop
      vertex -14 -37.4533 14.2245
      vertex -14 -9.54675 14.2245
      vertex -14 -24 19.5
    endloop
  endfacet
  facet normal 1 0 0
    outer loop
      vertex -14 -37.3333 14.3333
      vertex -14 -24 19.5
      vertex -14 -25.1272 19.5554
    endloop
  endfacet
  facet normal 1 0 0
    outer loop
      vertex -14 -37.1281 14.5833
      vertex -14 -25.1272 19.5554
      vertex -14 -26.2435 19.721
    endloop
  endfacet
  facet normal 1 0 0
    outer loop
      vertex -14 -36.9756 14.8686
      vertex -14 -26.2435 19.721
      vertex -14 -27.3383 19.9952
    endloop
  endfacet
  facet normal 1 0 0
    outer loop
      vertex -14 -36.8817 15.1781
      vertex -14 -27.3383 19.9952
      vertex -14 -28.4009 20.3754
    endloop
  endfacet
  facet normal 1 0 0
    outer loop
      vertex -14 -36.85 15.5
      vertex -14 -28.4009 20.3754
      vertex -14 -29.4211 20.8579
    endloop
  endfacet
  facet normal 1 -0 0
    outer loop
      vertex -14 -37.4533 45.2245
      vertex -14 -32.1317 39.1317
      vertex -14 -37.3333 45.3333
    endloop
  endfacet
  facet normal 1 0 0
    outer loop
      vertex -14 -35.5 31
      vertex -14 -36.85 15.5
      vertex -14 -35.4446 29.8728
    endloop
  endfacet
  facet normal 1 0 0
    outer loop
      vertex -14 -36.85 15.5
      vertex -14 -35.279 28.7565
      vertex -14 -35.4446 29.8728
    endloop
  endfacet
  facet normal 1 0 0
    outer loop
      vertex -14 -36.85 15.5
      vertex -14 -35.0048 27.6617
      vertex -14 -35.279 28.7565
    endloop
  endfacet
  facet normal 1 0 0
    outer loop
      vertex -14 -36.85 15.5
      vertex -14 -34.6246 26.5991
      vertex -14 -35.0048 27.6617
    endloop
  endfacet
  facet normal 1 0 0
    outer loop
      vertex -14 -36.85 15.5
      vertex -14 -34.1421 25.5789
      vertex -14 -34.6246 26.5991
    endloop
  endfacet
  facet normal 1 0 0
    outer loop
      vertex -14 -36.85 15.5
      vertex -14 -33.5619 24.6109
      vertex -14 -34.1421 25.5789
    endloop
  endfacet
  facet normal 1 0 0
    outer loop
      vertex -14 -36.85 15.5
      vertex -14 -32.8896 23.7045
      vertex -14 -33.5619 24.6109
    endloop
  endfacet
  facet normal 1 0 0
    outer loop
      vertex -14 -36.85 15.5
      vertex -14 -32.1317 22.8683
      vertex -14 -32.8896 23.7045
    endloop
  endfacet
  facet normal 1 0 0
    outer loop
      vertex -14 -36.85 15.5
      vertex -14 -31.2955 22.1104
      vertex -14 -32.1317 22.8683
    endloop
  endfacet
  facet normal 1 0 0
    outer loop
      vertex -14 -36.85 15.5
      vertex -14 -30.3891 21.4381
      vertex -14 -31.2955 22.1104
    endloop
  endfacet
  facet normal 1 0 0
    outer loop
      vertex -14 -36.85 15.5
      vertex -14 -29.4211 20.8579
      vertex -14 -30.3891 21.4381
    endloop
  endfacet
  facet normal 1 0 0
    outer loop
      vertex -14 -28.4009 20.3754
      vertex -14 -36.85 15.5
      vertex -14 -36.8579 15.3383
    endloop
  endfacet
  facet normal 1 0 0
    outer loop
      vertex -14 -28.4009 20.3754
      vertex -14 -36.8579 15.3383
      vertex -14 -36.8817 15.1781
    endloop
  endfacet
  facet normal 1 0 0
    outer loop
      vertex -14 -27.3383 19.9952
      vertex -14 -36.8817 15.1781
      vertex -14 -36.921 15.021
    endloop
  endfacet
  facet normal 1 0 0
    outer loop
      vertex -14 -27.3383 19.9952
      vertex -14 -36.921 15.021
      vertex -14 -36.9756 14.8686
    endloop
  endfacet
  facet normal 1 0 0
    outer loop
      vertex -14 -26.2435 19.721
      vertex -14 -36.9756 14.8686
      vertex -14 -37.0448 14.7222
    endloop
  endfacet
  facet normal 1 0 0
    outer loop
      vertex -14 -26.2435 19.721
      vertex -14 -37.0448 14.7222
      vertex -14 -37.1281 14.5833
    endloop
  endfacet
  facet normal 1 0 0
    outer loop
      vertex -14 -25.1272 19.5554
      vertex -14 -37.1281 14.5833
      vertex -14 -37.2245 14.4533
    endloop
  endfacet
  facet normal 1 0 0
    outer loop
      vertex -14 -25.1272 19.5554
      vertex -14 -37.2245 14.4533
      vertex -14 -37.3333 14.3333
    endloop
  endfacet
  facet normal 1 0 0
    outer loop
      vertex -14 -24 19.5
      vertex -14 -37.3333 14.3333
      vertex -14 -37.4533 14.2245
    endloop
  endfacet
  facet normal 1 0 0
    outer loop
      vertex -14 -37.5833 14.1281
      vertex -14 -9.54675 14.2245
      vertex -14 -37.4533 14.2245
    endloop
  endfacet
  facet normal 1 0 0
    outer loop
      vertex -14 -9.41669 14.1281
      vertex -14 -37.5833 14.1281
      vertex -14 -45 6
    endloop
  endfacet
  facet normal 1 0 0
    outer loop
      vertex -14 -45 6
      vertex -14 -37.5833 14.1281
      vertex -14 -37.7222 14.0448
    endloop
  endfacet
  facet normal 1 0 0
    outer loop
      vertex -14 -45 6
      vertex -14 -37.7222 14.0448
      vertex -14 -37.8686 13.9756
    endloop
  endfacet
  facet normal 1 0 0
    outer loop
      vertex -14 -45 6
      vertex -14 -37.8686 13.9756
      vertex -14 -38.021 13.921
    endloop
  endfacet
  facet normal 1 0 0
    outer loop
      vertex -14 -45 6
      vertex -14 -38.021 13.921
      vertex -14 -38.1781 13.8817
    endloop
  endfacet
  facet normal 1 0 0
    outer loop
      vertex -14 -45 6
      vertex -14 -38.1781 13.8817
      vertex -14 -38.3383 13.8579
    endloop
  endfacet
  facet normal 1 0 0
    outer loop
      vertex -14 -45 6
      vertex -14 -38.3383 13.8579
      vertex -14 -38.5 13.85
    endloop
  endfacet
  facet normal 1 0 0
    outer loop
      vertex -14 -45 6
      vertex -14 -38.5 13.85
      vertex -14 -39.5 13.85
    endloop
  endfacet
  facet normal 1 0 0
    outer loop
      vertex -14 -45 6
      vertex -14 -39.5 13.85
      vertex -14 -39.6617 13.8579
    endloop
  endfacet
  facet normal 1 0 0
    outer loop
      vertex -14 -45 6
      vertex -14 -39.6617 13.8579
      vertex -14 -39.8219 13.8817
    endloop
  endfacet
  facet normal 1 0 0
    outer loop
      vertex -14 -41.1421 15.6617
      vertex -14 -45 6
      vertex -14 -41.15 15.5
    endloop
  endfacet
  facet normal 1 0 0
    outer loop
      vertex -14 -9.27781 14.0448
      vertex -14 -45 6
      vertex -14 0 6
    endloop
  endfacet
  facet normal 1 0 0
    outer loop
      vertex -14 -39.979 13.921
      vertex -14 -45 6
      vertex -14 -39.8219 13.8817
    endloop
  endfacet
  facet normal 1 0 0
    outer loop
      vertex -14 -40.1314 13.9756
      vertex -14 -45 6
      vertex -14 -39.979 13.921
    endloop
  endfacet
  facet normal 1 0 0
    outer loop
      vertex -14 -40.2778 14.0448
      vertex -14 -45 6
      vertex -14 -40.1314 13.9756
    endloop
  endfacet
  facet normal 1 0 0
    outer loop
      vertex -14 -40.4167 14.1281
      vertex -14 -45 6
      vertex -14 -40.2778 14.0448
    endloop
  endfacet
  facet normal 1 0 0
    outer loop
      vertex -14 -40.5467 14.2245
      vertex -14 -45 6
      vertex -14 -40.4167 14.1281
    endloop
  endfacet
  facet normal 1 0 0
    outer loop
      vertex -14 -40.6667 14.3333
      vertex -14 -45 6
      vertex -14 -40.5467 14.2245
    endloop
  endfacet
  facet normal 1 0 0
    outer loop
      vertex -14 -40.7755 14.4533
      vertex -14 -45 6
      vertex -14 -40.6667 14.3333
    endloop
  endfacet
  facet normal 1 0 0
    outer loop
      vertex -14 -40.8719 14.5833
      vertex -14 -45 6
      vertex -14 -40.7755 14.4533
    endloop
  endfacet
  facet normal 1 0 0
    outer loop
      vertex -14 -40.9552 14.7222
      vertex -14 -45 6
      vertex -14 -40.8719 14.5833
    endloop
  endfacet
  facet normal 1 0 0
    outer loop
      vertex -14 -41.0244 14.8686
      vertex -14 -45 6
      vertex -14 -40.9552 14.7222
    endloop
  endfacet
  facet normal 1 0 0
    outer loop
      vertex -14 -41.0789 15.021
      vertex -14 -45 6
      vertex -14 -41.0244 14.8686
    endloop
  endfacet
  facet normal 1 0 0
    outer loop
      vertex -14 -41.1183 15.1781
      vertex -14 -45 6
      vertex -14 -41.0789 15.021
    endloop
  endfacet
  facet normal 1 0 0
    outer loop
      vertex -14 -41.1421 15.3383
      vertex -14 -45 6
      vertex -14 -41.1183 15.1781
    endloop
  endfacet
  facet normal 1 0 0
    outer loop
      vertex -14 -41.15 15.5
      vertex -14 -45 6
      vertex -14 -41.1421 15.3383
    endloop
  endfacet
  facet normal -0 0 1
    outer loop
      vertex -19 0 56.15
      vertex -14 -45 56.15
      vertex -14 0 56.15
    endloop
  endfacet
  facet normal 0 0 1
    outer loop
      vertex -14 -45 56.15
      vertex -19 0 56.15
      vertex -19 -45 56.15
    endloop
  endfacet
  facet normal -1 0 0
    outer loop
      vertex -19 -37.5833 16.8719
      vertex -19 -32.1317 22.8683
      vertex -19 -37.4533 16.7755
    endloop
  endfacet
  facet normal -1 0 0
    outer loop
      vertex -19 -35.5 31
      vertex -19 -36.8579 46.3383
      vertex -19 -36.85 46.5
    endloop
  endfacet
  facet normal -1 0 0
    outer loop
      vertex -19 -37.7222 16.9552
      vertex -19 -32.1317 22.8683
      vertex -19 -37.5833 16.8719
    endloop
  endfacet
  facet normal -1 0 0
    outer loop
      vertex -19 -35.5 31
      vertex -19 -36.8817 46.1781
      vertex -19 -36.8579 46.3383
    endloop
  endfacet
  facet normal -1 -0 0
    outer loop
      vertex -19 -32.1317 22.8683
      vertex -19 -37.7222 16.9552
      vertex -19 -32.8896 23.7045
    endloop
  endfacet
  facet normal -1 0 0
    outer loop
      vertex -19 -35.5 31
      vertex -19 -36.921 46.021
      vertex -19 -36.8817 46.1781
    endloop
  endfacet
  facet normal -1 0 0
    outer loop
      vertex -19 -37.8686 17.0244
      vertex -19 -32.8896 23.7045
      vertex -19 -37.7222 16.9552
    endloop
  endfacet
  facet normal -1 0 0
    outer loop
      vertex -19 -35.5 31
      vertex -19 -36.9756 45.8686
      vertex -19 -36.921 46.021
    endloop
  endfacet
  facet normal -1 0 0
    outer loop
      vertex -19 -38.021 17.079
      vertex -19 -32.8896 23.7045
      vertex -19 -37.8686 17.0244
    endloop
  endfacet
  facet normal -1 0 0
    outer loop
      vertex -19 -35.5 31
      vertex -19 -37.0448 45.7222
      vertex -19 -36.9756 45.8686
    endloop
  endfacet
  facet normal -1 -0 0
    outer loop
      vertex -19 -32.8896 23.7045
      vertex -19 -38.021 17.079
      vertex -19 -33.5619 24.6109
    endloop
  endfacet
  facet normal -1 0 0
    outer loop
      vertex -19 -35.5 31
      vertex -19 -37.1281 45.5833
      vertex -19 -37.0448 45.7222
    endloop
  endfacet
  facet normal -1 0 0
    outer loop
      vertex -19 -38.1781 17.1183
      vertex -19 -33.5619 24.6109
      vertex -19 -38.021 17.079
    endloop
  endfacet
  facet normal -1 0 0
    outer loop
      vertex -19 -35.5 31
      vertex -19 -37.2245 45.4533
      vertex -19 -37.1281 45.5833
    endloop
  endfacet
  facet normal -1 0 0
    outer loop
      vertex -19 -38.3383 17.1421
      vertex -19 -33.5619 24.6109
      vertex -19 -38.1781 17.1183
    endloop
  endfacet
  facet normal -1 0 0
    outer loop
      vertex -19 -35.5 31
      vertex -19 -37.3333 45.3333
      vertex -19 -37.2245 45.4533
    endloop
  endfacet
  facet normal -1 0 0
    outer loop
      vertex -19 -38.5 17.15
      vertex -19 -33.5619 24.6109
      vertex -19 -38.3383 17.1421
    endloop
  endfacet
  facet normal -1 0 0
    outer loop
      vertex -19 -35.5 31
      vertex -19 -37.4533 45.2245
      vertex -19 -37.3333 45.3333
    endloop
  endfacet
  facet normal -1 -0 0
    outer loop
      vertex -19 -33.5619 24.6109
      vertex -19 -38.5 17.15
      vertex -19 -34.1421 25.5789
    endloop
  endfacet
  facet normal -1 0 0
    outer loop
      vertex -19 -35.5 31
      vertex -19 -37.5833 45.1281
      vertex -19 -37.4533 45.2245
    endloop
  endfacet
  facet normal -1 0 0
    outer loop
      vertex -19 -39.5 17.15
      vertex -19 -34.1421 25.5789
      vertex -19 -38.5 17.15
    endloop
  endfacet
  facet normal -1 0 0
    outer loop
      vertex -19 -35.5 31
      vertex -19 -37.7222 45.0448
      vertex -19 -37.5833 45.1281
    endloop
  endfacet
  facet normal -1 0 0
    outer loop
      vertex -19 -39.6617 17.1421
      vertex -19 -34.1421 25.5789
      vertex -19 -39.5 17.15
    endloop
  endfacet
  facet normal -1 0 0
    outer loop
      vertex -19 -35.5 31
      vertex -19 -37.8686 44.9756
      vertex -19 -37.7222 45.0448
    endloop
  endfacet
  facet normal -1 -0 0
    outer loop
      vertex -19 -34.1421 25.5789
      vertex -19 -39.6617 17.1421
      vertex -19 -34.6246 26.5991
    endloop
  endfacet
  facet normal -1 0 0
    outer loop
      vertex -19 -35.5 31
      vertex -19 -38.021 44.921
      vertex -19 -37.8686 44.9756
    endloop
  endfacet
  facet normal -1 0 0
    outer loop
      vertex -19 -39.8219 17.1183
      vertex -19 -34.6246 26.5991
      vertex -19 -39.6617 17.1421
    endloop
  endfacet
  facet normal -1 0 0
    outer loop
      vertex -19 -35.5 31
      vertex -19 -38.1781 44.8817
      vertex -19 -38.021 44.921
    endloop
  endfacet
  facet normal -1 0 0
    outer loop
      vertex -19 -39.979 17.079
      vertex -19 -34.6246 26.5991
      vertex -19 -39.8219 17.1183
    endloop
  endfacet
  facet normal -1 0 0
    outer loop
      vertex -19 -35.5 31
      vertex -19 -38.3383 44.8579
      vertex -19 -38.1781 44.8817
    endloop
  endfacet
  facet normal -1 -0 0
    outer loop
      vertex -19 -34.6246 26.5991
      vertex -19 -39.979 17.079
      vertex -19 -35.0048 27.6617
    endloop
  endfacet
  facet normal -1 0 0
    outer loop
      vertex -19 -35.5 31
      vertex -19 -38.5 44.85
      vertex -19 -38.3383 44.8579
    endloop
  endfacet
  facet normal -1 0 0
    outer loop
      vertex -19 -40.1314 17.0244
      vertex -19 -35.0048 27.6617
      vertex -19 -39.979 17.079
    endloop
  endfacet
  facet normal -1 0 0
    outer loop
      vertex -19 -35.5 31
      vertex -19 -39.5 44.85
      vertex -19 -38.5 44.85
    endloop
  endfacet
  facet normal -1 0 0
    outer loop
      vertex -19 -40.2778 16.9552
      vertex -19 -35.0048 27.6617
      vertex -19 -40.1314 17.0244
    endloop
  endfacet
  facet normal -1 0 0
    outer loop
      vertex -19 -35.5 31
      vertex -19 -39.6617 44.8579
      vertex -19 -39.5 44.85
    endloop
  endfacet
  facet normal -1 -0 0
    outer loop
      vertex -19 -35.0048 27.6617
      vertex -19 -40.2778 16.9552
      vertex -19 -35.279 28.7565
    endloop
  endfacet
  facet normal -1 0 0
    outer loop
      vertex -19 -35.5 31
      vertex -19 -39.8219 44.8817
      vertex -19 -39.6617 44.8579
    endloop
  endfacet
  facet normal -1 0 0
    outer loop
      vertex -19 -40.4167 16.8719
      vertex -19 -35.279 28.7565
      vertex -19 -40.2778 16.9552
    endloop
  endfacet
  facet normal -1 0 0
    outer loop
      vertex -19 -35.5 31
      vertex -19 -39.979 44.921
      vertex -19 -39.8219 44.8817
    endloop
  endfacet
  facet normal -1 -0 0
    outer loop
      vertex -19 -35.279 28.7565
      vertex -19 -40.4167 16.8719
      vertex -19 -35.4446 29.8728
    endloop
  endfacet
  facet normal -1 0 0
    outer loop
      vertex -19 -35.5 31
      vertex -19 -40.1314 44.9756
      vertex -19 -39.979 44.921
    endloop
  endfacet
  facet normal -1 0 0
    outer loop
      vertex -19 -40.5467 16.7755
      vertex -19 -35.4446 29.8728
      vertex -19 -40.4167 16.8719
    endloop
  endfacet
  facet normal -1 0 0
    outer loop
      vertex -19 -35.5 31
      vertex -19 -40.2778 45.0448
      vertex -19 -40.1314 44.9756
    endloop
  endfacet
  facet normal -1 0 0
    outer loop
      vertex -19 -40.6667 16.6667
      vertex -19 -35.4446 29.8728
      vertex -19 -40.5467 16.7755
    endloop
  endfacet
  facet normal -1 0 0
    outer loop
      vertex -19 -35.5 31
      vertex -19 -40.4167 45.1281
      vertex -19 -40.2778 45.0448
    endloop
  endfacet
  facet normal -1 -0 0
    outer loop
      vertex -19 -35.4446 29.8728
      vertex -19 -40.6667 16.6667
      vertex -19 -35.5 31
    endloop
  endfacet
  facet normal -1 0 0
    outer loop
      vertex -19 -35.5 31
      vertex -19 -40.5467 45.2245
      vertex -19 -40.4167 45.1281
    endloop
  endfacet
  facet normal -1 0 0
    outer loop
      vertex -19 -40.7755 16.5467
      vertex -19 -35.5 31
      vertex -19 -40.6667 16.6667
    endloop
  endfacet
  facet normal -1 0 0
    outer loop
      vertex -19 -35.5 31
      vertex -19 -40.6667 45.3333
      vertex -19 -40.5467 45.2245
    endloop
  endfacet
  facet normal -1 0 0
    outer loop
      vertex -19 -40.7755 45.4533
      vertex -19 -35.5 31
      vertex -19 -40.7755 16.5467
    endloop
  endfacet
  facet normal -1 0 0
    outer loop
      vertex -19 -35.5 31
      vertex -19 -40.7755 45.4533
      vertex -19 -40.6667 45.3333
    endloop
  endfacet
  facet normal -1 0 0
    outer loop
      vertex -19 -40.8719 16.4167
      vertex -19 -40.7755 45.4533
      vertex -19 -40.7755 16.5467
    endloop
  endfacet
  facet normal -1 0 0
    outer loop
      vertex -19 -40.8719 16.4167
      vertex -19 -40.8719 45.5833
      vertex -19 -40.7755 45.4533
    endloop
  endfacet
  facet normal -1 0 0
    outer loop
      vertex -19 -40.9552 16.2778
      vertex -19 -40.8719 45.5833
      vertex -19 -40.8719 16.4167
    endloop
  endfacet
  facet normal -1 0 0
    outer loop
      vertex -19 -40.9552 16.2778
      vertex -19 -40.9552 45.7222
      vertex -19 -40.8719 45.5833
    endloop
  endfacet
  facet normal -1 0 0
    outer loop
      vertex -19 -41.0244 16.1314
      vertex -19 -40.9552 45.7222
      vertex -19 -40.9552 16.2778
    endloop
  endfacet
  facet normal -1 0 0
    outer loop
      vertex -19 -41.0244 16.1314
      vertex -19 -41.0244 45.8686
      vertex -19 -40.9552 45.7222
    endloop
  endfacet
  facet normal -1 0 0
    outer loop
      vertex -19 -41.0789 15.979
      vertex -19 -41.0244 45.8686
      vertex -19 -41.0244 16.1314
    endloop
  endfacet
  facet normal -1 0 0
    outer loop
      vertex -19 -41.0789 15.979
      vertex -19 -41.0789 46.021
      vertex -19 -41.0244 45.8686
    endloop
  endfacet
  facet normal -1 0 0
    outer loop
      vertex -19 -45 6
      vertex -19 -41.0789 15.979
      vertex -19 -41.1183 15.8219
    endloop
  endfacet
  facet normal -1 -0 0
    outer loop
      vertex -19 -41.0789 15.979
      vertex -19 -45 6
      vertex -19 -41.0789 46.021
    endloop
  endfacet
  facet normal -1 0 0
    outer loop
      vertex -19 -45 6
      vertex -19 -41.1183 15.8219
      vertex -19 -41.1421 15.6617
    endloop
  endfacet
  facet normal -1 0 0
    outer loop
      vertex -19 -45 56.15
      vertex -19 -41.0789 46.021
      vertex -19 -45 6
    endloop
  endfacet
  facet normal -1 0 0
    outer loop
      vertex -19 -45 6
      vertex -19 -41.1421 15.6617
      vertex -19 -41.15 15.5
    endloop
  endfacet
  facet normal -1 0 0
    outer loop
      vertex -19 -41.0789 46.021
      vertex -19 -45 56.15
      vertex -19 -41.1183 46.1781
    endloop
  endfacet
  facet normal -1 0 0
    outer loop
      vertex -19 -5.92105 15.979
      vertex -19 0 18
      vertex -19 -5.8817 15.8219
    endloop
  endfacet
  facet normal -1 0 0
    outer loop
      vertex -19 0 32
      vertex -19 -5.85795 46.3383
      vertex -19 -5.85 46.5
    endloop
  endfacet
  facet normal -1 0 0
    outer loop
      vertex -19 -5.9756 16.1314
      vertex -19 0 18
      vertex -19 -5.92105 15.979
    endloop
  endfacet
  facet normal -1 0 0
    outer loop
      vertex -19 0 32
      vertex -19 -5.8817 46.1781
      vertex -19 -5.85795 46.3383
    endloop
  endfacet
  facet normal -1 0 0
    outer loop
      vertex -19 -6.04483 16.2778
      vertex -19 0 18
      vertex -19 -5.9756 16.1314
    endloop
  endfacet
  facet normal -1 0 0
    outer loop
      vertex -19 0 32
      vertex -19 -5.92105 46.021
      vertex -19 -5.8817 46.1781
    endloop
  endfacet
  facet normal -1 0 0
    outer loop
      vertex -19 -6.12808 16.4167
      vertex -19 0 18
      vertex -19 -6.04483 16.2778
    endloop
  endfacet
  facet normal -1 0 0
    outer loop
      vertex -19 0 32
      vertex -19 -5.9756 45.8686
      vertex -19 -5.92105 46.021
    endloop
  endfacet
  facet normal -1 0 0
    outer loop
      vertex -19 -6.22453 16.5467
      vertex -19 0 18
      vertex -19 -6.12808 16.4167
    endloop
  endfacet
  facet normal -1 0 0
    outer loop
      vertex -19 0 32
      vertex -19 -6.04483 45.7222
      vertex -19 -5.9756 45.8686
    endloop
  endfacet
  facet normal -1 0 0
    outer loop
      vertex -19 -6.33327 16.6667
      vertex -19 0 18
      vertex -19 -6.22453 16.5467
    endloop
  endfacet
  facet normal -1 0 0
    outer loop
      vertex -19 0 32
      vertex -19 -6.12808 45.5833
      vertex -19 -6.04483 45.7222
    endloop
  endfacet
  facet normal -1 0 0
    outer loop
      vertex -19 -6.45325 16.7755
      vertex -19 0 18
      vertex -19 -6.33327 16.6667
    endloop
  endfacet
  facet normal -1 0 0
    outer loop
      vertex -19 0 32
      vertex -19 -6.22453 45.4533
      vertex -19 -6.12808 45.5833
    endloop
  endfacet
  facet normal -1 0 0
    outer loop
      vertex -19 -6.58331 16.8719
      vertex -19 0 18
      vertex -19 -6.45325 16.7755
    endloop
  endfacet
  facet normal -1 0 0
    outer loop
      vertex -19 0 32
      vertex -19 -6.33327 45.3333
      vertex -19 -6.22453 45.4533
    endloop
  endfacet
  facet normal -1 0 0
    outer loop
      vertex -19 -6.7222 16.9552
      vertex -19 0 18
      vertex -19 -6.58331 16.8719
    endloop
  endfacet
  facet normal -1 0 0
    outer loop
      vertex -19 -12.5554 32.1272
      vertex -19 0 32
      vertex -19 -12.5 31
    endloop
  endfacet
  facet normal -1 0 0
    outer loop
      vertex -19 -6.86857 17.0244
      vertex -19 0 18
      vertex -19 -6.7222 16.9552
    endloop
  endfacet
  facet normal -1 0 0
    outer loop
      vertex -19 0 32
      vertex -19 -6.45325 45.2245
      vertex -19 -6.33327 45.3333
    endloop
  endfacet
  facet normal -1 0 0
    outer loop
      vertex -19 -7.02103 17.079
      vertex -19 0 18
      vertex -19 -6.86857 17.0244
    endloop
  endfacet
  facet normal -1 0 0
    outer loop
      vertex -19 -12.721 33.2435
      vertex -19 0 32
      vertex -19 -12.5554 32.1272
    endloop
  endfacet
  facet normal -1 -0 0
    outer loop
      vertex -19 0 18
      vertex -19 -7.02103 17.079
      vertex -19 0 32
    endloop
  endfacet
  facet normal -1 0 0
    outer loop
      vertex -19 0 32
      vertex -19 -6.58331 45.1281
      vertex -19 -6.45325 45.2245
    endloop
  endfacet
  facet normal -1 0 0
    outer loop
      vertex -19 -12.9952 27.6617
      vertex -19 0 32
      vertex -19 -7.02103 17.079
    endloop
  endfacet
  facet normal -1 0 0
    outer loop
      vertex -19 0 32
      vertex -19 -6.7222 45.0448
      vertex -19 -6.58331 45.1281
    endloop
  endfacet
  facet normal -1 0 0
    outer loop
      vertex -19 -12.9952 27.6617
      vertex -19 -7.02103 17.079
      vertex -19 -7.1781 17.1183
    endloop
  endfacet
  facet normal -1 0 0
    outer loop
      vertex -19 -12.9952 34.3383
      vertex -19 0 32
      vertex -19 -12.721 33.2435
    endloop
  endfacet
  facet normal -1 0 0
    outer loop
      vertex -19 -12.9952 27.6617
      vertex -19 -7.1781 17.1183
      vertex -19 -7.33827 17.1421
    endloop
  endfacet
  facet normal -1 0 0
    outer loop
      vertex -19 0 32
      vertex -19 -6.86857 44.9756
      vertex -19 -6.7222 45.0448
    endloop
  endfacet
  facet normal -1 0 0
    outer loop
      vertex -19 -13.3754 26.5991
      vertex -19 -7.33827 17.1421
      vertex -19 -7.5 17.15
    endloop
  endfacet
  facet normal -1 0 0
    outer loop
      vertex -19 0 32
      vertex -19 -7.02103 44.921
      vertex -19 -6.86857 44.9756
    endloop
  endfacet
  facet normal -1 0 0
    outer loop
      vertex -19 -13.3754 26.5991
      vertex -19 -7.5 17.15
      vertex -19 -8.5 17.15
    endloop
  endfacet
  facet normal -1 0 -0
    outer loop
      vertex -19 -7.1781 44.8817
      vertex -19 0 32
      vertex -19 -12.9952 34.3383
    endloop
  endfacet
  facet normal -1 0 0
    outer loop
      vertex -19 -13.8579 25.5789
      vertex -19 -8.5 17.15
      vertex -19 -8.66173 17.1421
    endloop
  endfacet
  facet normal -1 0 0
    outer loop
      vertex -19 0 32
      vertex -19 -7.1781 44.8817
      vertex -19 -7.02103 44.921
    endloop
  endfacet
  facet normal -1 0 0
    outer loop
      vertex -19 -13.8579 25.5789
      vertex -19 -8.66173 17.1421
      vertex -19 -8.8219 17.1183
    endloop
  endfacet
  facet normal -1 0 0
    outer loop
      vertex -19 -7.1781 44.8817
      vertex -19 -12.9952 34.3383
      vertex -19 -7.33827 44.8579
    endloop
  endfacet
  facet normal -1 0 0
    outer loop
      vertex -19 -14.4381 24.6109
      vertex -19 -8.8219 17.1183
      vertex -19 -8.97897 17.079
    endloop
  endfacet
  facet normal -1 0 0
    outer loop
      vertex -19 -13.3754 35.4009
      vertex -19 -7.33827 44.8579
      vertex -19 -12.9952 34.3383
    endloop
  endfacet
  facet normal -1 0 0
    outer loop
      vertex -19 -14.4381 24.6109
      vertex -19 -8.97897 17.079
      vertex -19 -9.13143 17.0244
    endloop
  endfacet
  facet normal -1 0 0
    outer loop
      vertex -19 -7.33827 44.8579
      vertex -19 -13.3754 35.4009
      vertex -19 -7.5 44.85
    endloop
  endfacet
  facet normal -1 0 0
    outer loop
      vertex -19 -15.1104 23.7045
      vertex -19 -9.13143 17.0244
      vertex -19 -9.27781 16.9552
    endloop
  endfacet
  facet normal -1 -0 0
    outer loop
      vertex -19 -7.5 44.85
      vertex -19 -13.3754 35.4009
      vertex -19 -8.5 44.85
    endloop
  endfacet
  facet normal -1 0 0
    outer loop
      vertex -19 -15.1104 23.7045
      vertex -19 -9.27781 16.9552
      vertex -19 -9.41669 16.8719
    endloop
  endfacet
  facet normal -1 0 0
    outer loop
      vertex -19 -13.8579 36.4211
      vertex -19 -8.5 44.85
      vertex -19 -13.3754 35.4009
    endloop
  endfacet
  facet normal -1 0 0
    outer loop
      vertex -19 -15.1104 23.7045
      vertex -19 -9.41669 16.8719
      vertex -19 -9.54675 16.7755
    endloop
  endfacet
  facet normal -1 -0 0
    outer loop
      vertex -19 -8.5 44.85
      vertex -19 -13.8579 36.4211
      vertex -19 -8.66173 44.8579
    endloop
  endfacet
  facet normal -1 0 0
    outer loop
      vertex -19 -15.8683 22.8683
      vertex -19 -9.54675 16.7755
      vertex -19 -9.66673 16.6667
    endloop
  endfacet
  facet normal -1 -0 0
    outer loop
      vertex -19 -8.66173 44.8579
      vertex -19 -13.8579 36.4211
      vertex -19 -8.8219 44.8817
    endloop
  endfacet
  facet normal -1 0 0
    outer loop
      vertex -19 -15.8683 22.8683
      vertex -19 -9.66673 16.6667
      vertex -19 -9.77547 16.5467
    endloop
  endfacet
  facet normal -1 0 0
    outer loop
      vertex -19 -14.4381 37.3891
      vertex -19 -8.8219 44.8817
      vertex -19 -13.8579 36.4211
    endloop
  endfacet
  facet normal -1 0 0
    outer loop
      vertex -19 -16.7045 22.1104
      vertex -19 -9.77547 16.5467
      vertex -19 -9.87193 16.4167
    endloop
  endfacet
  facet normal -1 -0 0
    outer loop
      vertex -19 -8.8219 44.8817
      vertex -19 -14.4381 37.3891
      vertex -19 -8.97897 44.921
    endloop
  endfacet
  facet normal -1 0 0
    outer loop
      vertex -19 -16.7045 22.1104
      vertex -19 -9.87193 16.4167
      vertex -19 -9.95517 16.2778
    endloop
  endfacet
  facet normal -1 -0 0
    outer loop
      vertex -19 -8.97897 44.921
      vertex -19 -14.4381 37.3891
      vertex -19 -9.13143 44.9756
    endloop
  endfacet
  facet normal -1 0 0
    outer loop
      vertex -19 -16.7045 22.1104
      vertex -19 -9.95517 16.2778
      vertex -19 -10.0244 16.1314
    endloop
  endfacet
  facet normal -1 0 0
    outer loop
      vertex -19 -15.1104 38.2955
      vertex -19 -9.13143 44.9756
      vertex -19 -14.4381 37.3891
    endloop
  endfacet
  facet normal -1 0 0
    outer loop
      vertex -19 -17.6109 21.4381
      vertex -19 -10.0244 16.1314
      vertex -19 -10.079 15.979
    endloop
  endfacet
  facet normal -1 -0 0
    outer loop
      vertex -19 -9.13143 44.9756
      vertex -19 -15.1104 38.2955
      vertex -19 -9.27781 45.0448
    endloop
  endfacet
  facet normal -1 0 0
    outer loop
      vertex -19 -17.6109 21.4381
      vertex -19 -10.079 15.979
      vertex -19 -10.1183 15.8219
    endloop
  endfacet
  facet normal -1 -0 0
    outer loop
      vertex -19 -9.27781 45.0448
      vertex -19 -15.1104 38.2955
      vertex -19 -9.41669 45.1281
    endloop
  endfacet
  facet normal -1 0 0
    outer loop
      vertex -19 -18.5789 20.8579
      vertex -19 -10.1183 15.8219
      vertex -19 -10.1421 15.6617
    endloop
  endfacet
  facet normal -1 -0 0
    outer loop
      vertex -19 -9.41669 45.1281
      vertex -19 -15.1104 38.2955
      vertex -19 -9.54675 45.2245
    endloop
  endfacet
  facet normal -1 0 0
    outer loop
      vertex -19 -18.5789 20.8579
      vertex -19 -10.1421 15.6617
      vertex -19 -10.15 15.5
    endloop
  endfacet
  facet normal -1 0 0
    outer loop
      vertex -19 -15.8683 39.1317
      vertex -19 -9.54675 45.2245
      vertex -19 -15.1104 38.2955
    endloop
  endfacet
  facet normal -1 0 0
    outer loop
      vertex -19 -6.04483 14.7222
      vertex -19 0 18
      vertex -19 0 6
    endloop
  endfacet
  facet normal -1 0 0
    outer loop
      vertex -19 -5.85795 15.6617
      vertex -19 0 18
      vertex -19 -5.85 15.5
    endloop
  endfacet
  facet normal -1 0 0
    outer loop
      vertex -19 -5.8817 15.8219
      vertex -19 0 18
      vertex -19 -5.85795 15.6617
    endloop
  endfacet
  facet normal -1 0 0
    outer loop
      vertex -19 0 18
      vertex -19 -5.85795 15.3383
      vertex -19 -5.85 15.5
    endloop
  endfacet
  facet normal -1 0 0
    outer loop
      vertex -19 0 18
      vertex -19 -5.8817 15.1781
      vertex -19 -5.85795 15.3383
    endloop
  endfacet
  facet normal -1 0 0
    outer loop
      vertex -19 0 18
      vertex -19 -5.92105 15.021
      vertex -19 -5.8817 15.1781
    endloop
  endfacet
  facet normal -1 0 0
    outer loop
      vertex -19 0 18
      vertex -19 -5.9756 14.8686
      vertex -19 -5.92105 15.021
    endloop
  endfacet
  facet normal -1 0 0
    outer loop
      vertex -19 0 18
      vertex -19 -6.04483 14.7222
      vertex -19 -5.9756 14.8686
    endloop
  endfacet
  facet normal -1 0 0
    outer loop
      vertex -19 0 6
      vertex -19 -6.12808 14.5833
      vertex -19 -6.04483 14.7222
    endloop
  endfacet
  facet normal -1 0 0
    outer loop
      vertex -19 0 6
      vertex -19 -6.22453 14.4533
      vertex -19 -6.12808 14.5833
    endloop
  endfacet
  facet normal -1 0 0
    outer loop
      vertex -19 0 6
      vertex -19 -6.33327 14.3333
      vertex -19 -6.22453 14.4533
    endloop
  endfacet
  facet normal -1 0 0
    outer loop
      vertex -19 0 6
      vertex -19 -6.45325 14.2245
      vertex -19 -6.33327 14.3333
    endloop
  endfacet
  facet normal -1 0 0
    outer loop
      vertex -19 0 6
      vertex -19 -6.58331 14.1281
      vertex -19 -6.45325 14.2245
    endloop
  endfacet
  facet normal -1 0 0
    outer loop
      vertex -19 0 6
      vertex -19 -6.7222 14.0448
      vertex -19 -6.58331 14.1281
    endloop
  endfacet
  facet normal -1 0 0
    outer loop
      vertex -19 0 6
      vertex -19 -6.86857 13.9756
      vertex -19 -6.7222 14.0448
    endloop
  endfacet
  facet normal -1 0 0
    outer loop
      vertex -19 0 6
      vertex -19 -7.02103 13.921
      vertex -19 -6.86857 13.9756
    endloop
  endfacet
  facet normal -1 0 0
    outer loop
      vertex -19 0 6
      vertex -19 -7.1781 13.8817
      vertex -19 -7.02103 13.921
    endloop
  endfacet
  facet normal -1 0 0
    outer loop
      vertex -19 0 6
      vertex -19 -7.33827 13.8579
      vertex -19 -7.1781 13.8817
    endloop
  endfacet
  facet normal -1 0 0
    outer loop
      vertex -19 0 6
      vertex -19 -7.5 13.85
      vertex -19 -7.33827 13.8579
    endloop
  endfacet
  facet normal -1 0 0
    outer loop
      vertex -19 0 6
      vertex -19 -8.5 13.85
      vertex -19 -7.5 13.85
    endloop
  endfacet
  facet normal -1 0 0
    outer loop
      vertex -19 0 6
      vertex -19 -8.66173 13.8579
      vertex -19 -8.5 13.85
    endloop
  endfacet
  facet normal -1 0 0
    outer loop
      vertex -19 0 6
      vertex -19 -8.8219 13.8817
      vertex -19 -8.66173 13.8579
    endloop
  endfacet
  facet normal -1 0 0
    outer loop
      vertex -19 0 6
      vertex -19 -8.97897 13.921
      vertex -19 -8.8219 13.8817
    endloop
  endfacet
  facet normal -1 0 0
    outer loop
      vertex -19 0 6
      vertex -19 -9.13143 13.9756
      vertex -19 -8.97897 13.921
    endloop
  endfacet
  facet normal -1 0 0
    outer loop
      vertex -19 0 6
      vertex -19 -9.27781 14.0448
      vertex -19 -9.13143 13.9756
    endloop
  endfacet
  facet normal -1 0 0
    outer loop
      vertex -19 -45 6
      vertex -19 -9.27781 14.0448
      vertex -19 0 6
    endloop
  endfacet
  facet normal -1 -0 0
    outer loop
      vertex -19 -9.27781 14.0448
      vertex -19 -45 6
      vertex -19 -9.41669 14.1281
    endloop
  endfacet
  facet normal -1 -0 0
    outer loop
      vertex -19 -9.54675 45.2245
      vertex -19 -15.8683 39.1317
      vertex -19 -9.66673 45.3333
    endloop
  endfacet
  facet normal -1 0 0
    outer loop
      vertex -19 -18.5789 20.8579
      vertex -19 -10.15 15.5
      vertex -19 -10.1421 15.3383
    endloop
  endfacet
  facet normal -1 0 0
    outer loop
      vertex -19 -19.5991 20.3754
      vertex -19 -10.1421 15.3383
      vertex -19 -10.1183 15.1781
    endloop
  endfacet
  facet normal -1 0 0
    outer loop
      vertex -19 0 32
      vertex -19 -12.5554 29.8728
      vertex -19 -12.5 31
    endloop
  endfacet
  facet normal -1 0 0
    outer loop
      vertex -19 0 32
      vertex -19 -12.721 28.7565
      vertex -19 -12.5554 29.8728
    endloop
  endfacet
  facet normal -1 0 0
    outer loop
      vertex -19 0 32
      vertex -19 -12.9952 27.6617
      vertex -19 -12.721 28.7565
    endloop
  endfacet
  facet normal -1 0 0
    outer loop
      vertex -19 -7.33827 17.1421
      vertex -19 -13.3754 26.5991
      vertex -19 -12.9952 27.6617
    endloop
  endfacet
  facet normal -1 0 0
    outer loop
      vertex -19 -19.5991 20.3754
      vertex -19 -10.1183 15.1781
      vertex -19 -10.079 15.021
    endloop
  endfacet
  facet normal -1 0 0
    outer loop
      vertex -19 -8.5 17.15
      vertex -19 -13.8579 25.5789
      vertex -19 -13.3754 26.5991
    endloop
  endfacet
  facet normal -1 0 0
    outer loop
      vertex -19 -20.6617 19.9952
      vertex -19 -10.079 15.021
      vertex -19 -10.0244 14.8686
    endloop
  endfacet
  facet normal -1 0 0
    outer loop
      vertex -19 -8.8219 17.1183
      vertex -19 -14.4381 24.6109
      vertex -19 -13.8579 25.5789
    endloop
  endfacet
  facet normal -1 0 0
    outer loop
      vertex -19 -9.13143 17.0244
      vertex -19 -15.1104 23.7045
      vertex -19 -14.4381 24.6109
    endloop
  endfacet
  facet normal -1 0 0
    outer loop
      vertex -19 -20.6617 19.9952
      vertex -19 -10.0244 14.8686
      vertex -19 -9.95517 14.7222
    endloop
  endfacet
  facet normal -1 0 0
    outer loop
      vertex -19 -9.54675 16.7755
      vertex -19 -15.8683 22.8683
      vertex -19 -15.1104 23.7045
    endloop
  endfacet
  facet normal -1 0 0
    outer loop
      vertex -19 -21.7565 19.721
      vertex -19 -9.95517 14.7222
      vertex -19 -9.87193 14.5833
    endloop
  endfacet
  facet normal -1 0 0
    outer loop
      vertex -19 -9.77547 16.5467
      vertex -19 -16.7045 22.1104
      vertex -19 -15.8683 22.8683
    endloop
  endfacet
  facet normal -1 0 0
    outer loop
      vertex -19 -21.7565 19.721
      vertex -19 -9.87193 14.5833
      vertex -19 -9.77547 14.4533
    endloop
  endfacet
  facet normal -1 0 0
    outer loop
      vertex -19 -10.0244 16.1314
      vertex -19 -17.6109 21.4381
      vertex -19 -16.7045 22.1104
    endloop
  endfacet
  facet normal -1 0 0
    outer loop
      vertex -19 -22.8728 19.5554
      vertex -19 -9.77547 14.4533
      vertex -19 -9.66673 14.3333
    endloop
  endfacet
  facet normal -1 0 0
    outer loop
      vertex -19 -24 19.5
      vertex -19 -9.66673 14.3333
      vertex -19 -9.54675 14.2245
    endloop
  endfacet
  facet normal -1 0 0
    outer loop
      vertex -19 -10.1183 15.8219
      vertex -19 -18.5789 20.8579
      vertex -19 -17.6109 21.4381
    endloop
  endfacet
  facet normal -1 0 -0
    outer loop
      vertex -19 -37.5833 14.1281
      vertex -19 -9.41669 14.1281
      vertex -19 -45 6
    endloop
  endfacet
  facet normal -1 0 0
    outer loop
      vertex -19 -10.1421 15.3383
      vertex -19 -19.5991 20.3754
      vertex -19 -18.5789 20.8579
    endloop
  endfacet
  facet normal -1 0 0
    outer loop
      vertex -19 -10.079 15.021
      vertex -19 -20.6617 19.9952
      vertex -19 -19.5991 20.3754
    endloop
  endfacet
  facet normal -1 0 0
    outer loop
      vertex -19 -9.95517 14.7222
      vertex -19 -21.7565 19.721
      vertex -19 -20.6617 19.9952
    endloop
  endfacet
  facet normal -1 0 0
    outer loop
      vertex -19 -9.77547 14.4533
      vertex -19 -22.8728 19.5554
      vertex -19 -21.7565 19.721
    endloop
  endfacet
  facet normal -1 0 0
    outer loop
      vertex -19 -9.66673 14.3333
      vertex -19 -24 19.5
      vertex -19 -22.8728 19.5554
    endloop
  endfacet
  facet normal -1 0 0
    outer loop
      vertex -19 -9.54675 14.2245
      vertex -19 -37.4533 14.2245
      vertex -19 -24 19.5
    endloop
  endfacet
  facet normal -1 0 -0
    outer loop
      vertex -19 -37.3333 14.3333
      vertex -19 -24 19.5
      vertex -19 -37.4533 14.2245
    endloop
  endfacet
  facet normal -1 -0 0
    outer loop
      vertex -19 -24 19.5
      vertex -19 -37.3333 14.3333
      vertex -19 -25.1272 19.5554
    endloop
  endfacet
  facet normal -1 0 -0
    outer loop
      vertex -19 -37.1281 14.5833
      vertex -19 -25.1272 19.5554
      vertex -19 -37.2245 14.4533
    endloop
  endfacet
  facet normal -1 0 -0
    outer loop
      vertex -19 -37.0448 14.7222
      vertex -19 -26.2435 19.721
      vertex -19 -37.1281 14.5833
    endloop
  endfacet
  facet normal -1 -0 0
    outer loop
      vertex -19 -31.2955 22.1104
      vertex -19 -37.3333 16.6667
      vertex -19 -32.1317 22.8683
    endloop
  endfacet
  facet normal -1 0 0
    outer loop
      vertex -19 -37.3333 16.6667
      vertex -19 -31.2955 22.1104
      vertex -19 -37.2245 16.5467
    endloop
  endfacet
  facet normal -1 0 0
    outer loop
      vertex -19 -37.2245 16.5467
      vertex -19 -31.2955 22.1104
      vertex -19 -37.1281 16.4167
    endloop
  endfacet
  facet normal -1 0 0
    outer loop
      vertex -19 -37.1281 16.4167
      vertex -19 -31.2955 22.1104
      vertex -19 -37.0448 16.2778
    endloop
  endfacet
  facet normal -1 -0 0
    outer loop
      vertex -19 -30.3891 21.4381
      vertex -19 -37.0448 16.2778
      vertex -19 -31.2955 22.1104
    endloop
  endfacet
  facet normal -1 0 0
    outer loop
      vertex -19 -37.0448 16.2778
      vertex -19 -30.3891 21.4381
      vertex -19 -36.9756 16.1314
    endloop
  endfacet
  facet normal -1 0 0
    outer loop
      vertex -19 -36.9756 16.1314
      vertex -19 -30.3891 21.4381
      vertex -19 -36.921 15.979
    endloop
  endfacet
  facet normal -1 -0 0
    outer loop
      vertex -19 -29.4211 20.8579
      vertex -19 -36.921 15.979
      vertex -19 -30.3891 21.4381
    endloop
  endfacet
  facet normal -1 0 0
    outer loop
      vertex -19 -36.921 15.979
      vertex -19 -29.4211 20.8579
      vertex -19 -36.8817 15.8219
    endloop
  endfacet
  facet normal -1 0 0
    outer loop
      vertex -19 -36.8817 15.8219
      vertex -19 -29.4211 20.8579
      vertex -19 -36.8579 15.6617
    endloop
  endfacet
  facet normal -1 0 0
    outer loop
      vertex -19 -36.8579 15.6617
      vertex -19 -29.4211 20.8579
      vertex -19 -36.85 15.5
    endloop
  endfacet
  facet normal -1 -0 0
    outer loop
      vertex -19 -26.2435 19.721
      vertex -19 -36.9756 14.8686
      vertex -19 -27.3383 19.9952
    endloop
  endfacet
  facet normal -1 -0 0
    outer loop
      vertex -19 -28.4009 20.3754
      vertex -19 -36.85 15.5
      vertex -19 -29.4211 20.8579
    endloop
  endfacet
  facet normal -1 0 -0
    outer loop
      vertex -19 -36.85 15.5
      vertex -19 -28.4009 20.3754
      vertex -19 -36.8579 15.3383
    endloop
  endfacet
  facet normal -1 0 -0
    outer loop
      vertex -19 -36.8579 15.3383
      vertex -19 -28.4009 20.3754
      vertex -19 -36.8817 15.1781
    endloop
  endfacet
  facet normal -1 -0 0
    outer loop
      vertex -19 -27.3383 19.9952
      vertex -19 -36.8817 15.1781
      vertex -19 -28.4009 20.3754
    endloop
  endfacet
  facet normal -1 0 -0
    outer loop
      vertex -19 -36.8817 15.1781
      vertex -19 -27.3383 19.9952
      vertex -19 -36.921 15.021
    endloop
  endfacet
  facet normal -1 0 -0
    outer loop
      vertex -19 -36.921 15.021
      vertex -19 -27.3383 19.9952
      vertex -19 -36.9756 14.8686
    endloop
  endfacet
  facet normal -1 0 -0
    outer loop
      vertex -19 -36.9756 14.8686
      vertex -19 -26.2435 19.721
      vertex -19 -37.0448 14.7222
    endloop
  endfacet
  facet normal -1 -0 0
    outer loop
      vertex -19 -25.1272 19.5554
      vertex -19 -37.1281 14.5833
      vertex -19 -26.2435 19.721
    endloop
  endfacet
  facet normal -1 0 -0
    outer loop
      vertex -19 -37.2245 14.4533
      vertex -19 -25.1272 19.5554
      vertex -19 -37.3333 14.3333
    endloop
  endfacet
  facet normal -1 -0 0
    outer loop
      vertex -19 -9.54675 14.2245
      vertex -19 -37.5833 14.1281
      vertex -19 -37.4533 14.2245
    endloop
  endfacet
  facet normal -1 0 0
    outer loop
      vertex -19 -9.41669 14.1281
      vertex -19 -37.5833 14.1281
      vertex -19 -9.54675 14.2245
    endloop
  endfacet
  facet normal -1 0 0
    outer loop
      vertex -19 -37.5833 14.1281
      vertex -19 -45 6
      vertex -19 -37.7222 14.0448
    endloop
  endfacet
  facet normal -1 0 0
    outer loop
      vertex -19 -37.7222 14.0448
      vertex -19 -45 6
      vertex -19 -37.8686 13.9756
    endloop
  endfacet
  facet normal -1 0 0
    outer loop
      vertex -19 -37.8686 13.9756
      vertex -19 -45 6
      vertex -19 -38.021 13.921
    endloop
  endfacet
  facet normal -1 0 0
    outer loop
      vertex -19 -38.021 13.921
      vertex -19 -45 6
      vertex -19 -38.1781 13.8817
    endloop
  endfacet
  facet normal -1 0 0
    outer loop
      vertex -19 -38.1781 13.8817
      vertex -19 -45 6
      vertex -19 -38.3383 13.8579
    endloop
  endfacet
  facet normal -1 0 0
    outer loop
      vertex -19 -38.3383 13.8579
      vertex -19 -45 6
      vertex -19 -38.5 13.85
    endloop
  endfacet
  facet normal -1 -0 0
    outer loop
      vertex -19 -38.5 13.85
      vertex -19 -45 6
      vertex -19 -39.5 13.85
    endloop
  endfacet
  facet normal -1 -0 0
    outer loop
      vertex -19 -39.5 13.85
      vertex -19 -45 6
      vertex -19 -39.6617 13.8579
    endloop
  endfacet
  facet normal -1 0 0
    outer loop
      vertex -19 -41.1183 46.1781
      vertex -19 -45 56.15
      vertex -19 -41.1421 46.3383
    endloop
  endfacet
  facet normal -1 -0 0
    outer loop
      vertex -19 -41.1421 15.3383
      vertex -19 -45 6
      vertex -19 -41.15 15.5
    endloop
  endfacet
  facet normal -1 -0 0
    outer loop
      vertex -19 -41.1183 15.1781
      vertex -19 -45 6
      vertex -19 -41.1421 15.3383
    endloop
  endfacet
  facet normal -1 -0 0
    outer loop
      vertex -19 -41.0789 15.021
      vertex -19 -45 6
      vertex -19 -41.1183 15.1781
    endloop
  endfacet
  facet normal -1 -0 0
    outer loop
      vertex -19 -41.0244 14.8686
      vertex -19 -45 6
      vertex -19 -41.0789 15.021
    endloop
  endfacet
  facet normal -1 -0 0
    outer loop
      vertex -19 -40.9552 14.7222
      vertex -19 -45 6
      vertex -19 -41.0244 14.8686
    endloop
  endfacet
  facet normal -1 -0 0
    outer loop
      vertex -19 -40.8719 14.5833
      vertex -19 -45 6
      vertex -19 -40.9552 14.7222
    endloop
  endfacet
  facet normal -1 -0 0
    outer loop
      vertex -19 -40.7755 14.4533
      vertex -19 -45 6
      vertex -19 -40.8719 14.5833
    endloop
  endfacet
  facet normal -1 -0 0
    outer loop
      vertex -19 -40.6667 14.3333
      vertex -19 -45 6
      vertex -19 -40.7755 14.4533
    endloop
  endfacet
  facet normal -1 -0 0
    outer loop
      vertex -19 -40.5467 14.2245
      vertex -19 -45 6
      vertex -19 -40.6667 14.3333
    endloop
  endfacet
  facet normal -1 -0 0
    outer loop
      vertex -19 -40.4167 14.1281
      vertex -19 -45 6
      vertex -19 -40.5467 14.2245
    endloop
  endfacet
  facet normal -1 -0 0
    outer loop
      vertex -19 -40.2778 14.0448
      vertex -19 -45 6
      vertex -19 -40.4167 14.1281
    endloop
  endfacet
  facet normal -1 -0 0
    outer loop
      vertex -19 -40.1314 13.9756
      vertex -19 -45 6
      vertex -19 -40.2778 14.0448
    endloop
  endfacet
  facet normal -1 -0 0
    outer loop
      vertex -19 -39.979 13.921
      vertex -19 -45 6
      vertex -19 -40.1314 13.9756
    endloop
  endfacet
  facet normal -1 -0 0
    outer loop
      vertex -19 -39.8219 13.8817
      vertex -19 -45 6
      vertex -19 -39.979 13.921
    endloop
  endfacet
  facet normal -1 -0 0
    outer loop
      vertex -19 -39.6617 13.8579
      vertex -19 -45 6
      vertex -19 -39.8219 13.8817
    endloop
  endfacet
  facet normal -1 0 0
    outer loop
      vertex -19 0 18
      vertex -19 0.00999928 32
      vertex -19 0.00999928 18
    endloop
  endfacet
  facet normal -1 -0 0
    outer loop
      vertex -19 0.00999928 32
      vertex -19 0 18
      vertex -19 0 32
    endloop
  endfacet
  facet normal -1 0 0
    outer loop
      vertex -19 0 32
      vertex -19 -5.85 46.5
      vertex -19 0 56.15
    endloop
  endfacet
  facet normal -1 0 0
    outer loop
      vertex -19 -5.85795 46.6617
      vertex -19 0 56.15
      vertex -19 -5.85 46.5
    endloop
  endfacet
  facet normal -1 0 0
    outer loop
      vertex -19 -5.8817 46.8219
      vertex -19 0 56.15
      vertex -19 -5.85795 46.6617
    endloop
  endfacet
  facet normal -1 0 0
    outer loop
      vertex -19 -5.92105 46.979
      vertex -19 0 56.15
      vertex -19 -5.8817 46.8219
    endloop
  endfacet
  facet normal -1 0 0
    outer loop
      vertex -19 -5.9756 47.1314
      vertex -19 0 56.15
      vertex -19 -5.92105 46.979
    endloop
  endfacet
  facet normal -1 0 0
    outer loop
      vertex -19 -6.04483 47.2778
      vertex -19 0 56.15
      vertex -19 -5.9756 47.1314
    endloop
  endfacet
  facet normal -1 0 0
    outer loop
      vertex -19 -6.12808 47.4167
      vertex -19 0 56.15
      vertex -19 -6.04483 47.2778
    endloop
  endfacet
  facet normal -1 0 0
    outer loop
      vertex -19 -6.22453 47.5467
      vertex -19 0 56.15
      vertex -19 -6.12808 47.4167
    endloop
  endfacet
  facet normal -1 0 0
    outer loop
      vertex -19 -6.33327 47.6667
      vertex -19 0 56.15
      vertex -19 -6.22453 47.5467
    endloop
  endfacet
  facet normal -1 0 0
    outer loop
      vertex -19 -6.45325 47.7755
      vertex -19 0 56.15
      vertex -19 -6.33327 47.6667
    endloop
  endfacet
  facet normal -1 0 0
    outer loop
      vertex -19 -6.58331 47.8719
      vertex -19 0 56.15
      vertex -19 -6.45325 47.7755
    endloop
  endfacet
  facet normal -1 0 0
    outer loop
      vertex -19 -6.7222 47.9552
      vertex -19 0 56.15
      vertex -19 -6.58331 47.8719
    endloop
  endfacet
  facet normal -1 0 0
    outer loop
      vertex -19 -6.86857 48.0244
      vertex -19 0 56.15
      vertex -19 -6.7222 47.9552
    endloop
  endfacet
  facet normal -1 0 0
    outer loop
      vertex -19 -7.02103 48.0789
      vertex -19 0 56.15
      vertex -19 -6.86857 48.0244
    endloop
  endfacet
  facet normal -1 0 0
    outer loop
      vertex -19 -7.1781 48.1183
      vertex -19 0 56.15
      vertex -19 -7.02103 48.0789
    endloop
  endfacet
  facet normal -1 0 0
    outer loop
      vertex -19 -7.33827 48.1421
      vertex -19 0 56.15
      vertex -19 -7.1781 48.1183
    endloop
  endfacet
  facet normal -1 0 0
    outer loop
      vertex -19 -7.5 48.15
      vertex -19 0 56.15
      vertex -19 -7.33827 48.1421
    endloop
  endfacet
  facet normal -1 0 0
    outer loop
      vertex -19 -8.5 48.15
      vertex -19 0 56.15
      vertex -19 -7.5 48.15
    endloop
  endfacet
  facet normal -1 0 0
    outer loop
      vertex -19 -8.66173 48.1421
      vertex -19 0 56.15
      vertex -19 -8.5 48.15
    endloop
  endfacet
  facet normal -1 0 0
    outer loop
      vertex -19 -8.8219 48.1183
      vertex -19 0 56.15
      vertex -19 -8.66173 48.1421
    endloop
  endfacet
  facet normal -1 0 0
    outer loop
      vertex -19 -8.97897 48.0789
      vertex -19 0 56.15
      vertex -19 -8.8219 48.1183
    endloop
  endfacet
  facet normal -1 0 0
    outer loop
      vertex -19 -9.13143 48.0244
      vertex -19 0 56.15
      vertex -19 -8.97897 48.0789
    endloop
  endfacet
  facet normal -1 0 0
    outer loop
      vertex -19 -9.27781 47.9552
      vertex -19 0 56.15
      vertex -19 -9.13143 48.0244
    endloop
  endfacet
  facet normal -1 0 0
    outer loop
      vertex -19 -45 56.15
      vertex -19 -9.27781 47.9552
      vertex -19 -9.41669 47.8719
    endloop
  endfacet
  facet normal -1 0 0
    outer loop
      vertex -19 -37.5833 47.8719
      vertex -19 -9.41669 47.8719
      vertex -19 -9.54675 47.7755
    endloop
  endfacet
  facet normal -1 -0 0
    outer loop
      vertex -19 -9.66673 45.3333
      vertex -19 -15.8683 39.1317
      vertex -19 -9.77547 45.4533
    endloop
  endfacet
  facet normal -1 0 0
    outer loop
      vertex -19 -16.7045 39.8896
      vertex -19 -9.77547 45.4533
      vertex -19 -15.8683 39.1317
    endloop
  endfacet
  facet normal -1 -0 0
    outer loop
      vertex -19 -9.77547 45.4533
      vertex -19 -16.7045 39.8896
      vertex -19 -9.87193 45.5833
    endloop
  endfacet
  facet normal -1 -0 0
    outer loop
      vertex -19 -9.87193 45.5833
      vertex -19 -16.7045 39.8896
      vertex -19 -9.95517 45.7222
    endloop
  endfacet
  facet normal -1 -0 0
    outer loop
      vertex -19 -9.95517 45.7222
      vertex -19 -16.7045 39.8896
      vertex -19 -10.0244 45.8686
    endloop
  endfacet
  facet normal -1 0 0
    outer loop
      vertex -19 -17.6109 40.5619
      vertex -19 -10.0244 45.8686
      vertex -19 -16.7045 39.8896
    endloop
  endfacet
  facet normal -1 -0 0
    outer loop
      vertex -19 -10.0244 45.8686
      vertex -19 -17.6109 40.5619
      vertex -19 -10.079 46.021
    endloop
  endfacet
  facet normal -1 -0 0
    outer loop
      vertex -19 -10.079 46.021
      vertex -19 -17.6109 40.5619
      vertex -19 -10.1183 46.1781
    endloop
  endfacet
  facet normal -1 0 0
    outer loop
      vertex -19 -18.5789 41.1421
      vertex -19 -10.1183 46.1781
      vertex -19 -17.6109 40.5619
    endloop
  endfacet
  facet normal -1 -0 0
    outer loop
      vertex -19 -10.1183 46.1781
      vertex -19 -18.5789 41.1421
      vertex -19 -10.1421 46.3383
    endloop
  endfacet
  facet normal -1 -0 0
    outer loop
      vertex -19 -10.1421 46.3383
      vertex -19 -18.5789 41.1421
      vertex -19 -10.15 46.5
    endloop
  endfacet
  facet normal -1 -0 0
    outer loop
      vertex -19 -10.15 46.5
      vertex -19 -18.5789 41.1421
      vertex -19 -10.1421 46.6617
    endloop
  endfacet
  facet normal -1 0 0
    outer loop
      vertex -19 -19.5991 41.6246
      vertex -19 -10.1421 46.6617
      vertex -19 -18.5789 41.1421
    endloop
  endfacet
  facet normal -1 -0 0
    outer loop
      vertex -19 -10.1421 46.6617
      vertex -19 -19.5991 41.6246
      vertex -19 -10.1183 46.8219
    endloop
  endfacet
  facet normal -1 -0 0
    outer loop
      vertex -19 -10.1183 46.8219
      vertex -19 -19.5991 41.6246
      vertex -19 -10.079 46.979
    endloop
  endfacet
  facet normal -1 0 0
    outer loop
      vertex -19 -20.6617 42.0048
      vertex -19 -10.079 46.979
      vertex -19 -19.5991 41.6246
    endloop
  endfacet
  facet normal -1 -0 0
    outer loop
      vertex -19 -10.079 46.979
      vertex -19 -20.6617 42.0048
      vertex -19 -10.0244 47.1314
    endloop
  endfacet
  facet normal -1 -0 0
    outer loop
      vertex -19 -10.0244 47.1314
      vertex -19 -20.6617 42.0048
      vertex -19 -9.95517 47.2778
    endloop
  endfacet
  facet normal -1 0 0
    outer loop
      vertex -19 -21.7565 42.279
      vertex -19 -9.95517 47.2778
      vertex -19 -20.6617 42.0048
    endloop
  endfacet
  facet normal -1 -0 0
    outer loop
      vertex -19 -9.95517 47.2778
      vertex -19 -21.7565 42.279
      vertex -19 -9.87193 47.4167
    endloop
  endfacet
  facet normal -1 -0 0
    outer loop
      vertex -19 -9.87193 47.4167
      vertex -19 -21.7565 42.279
      vertex -19 -9.77547 47.5467
    endloop
  endfacet
  facet normal -1 0 0
    outer loop
      vertex -19 -22.8728 42.4446
      vertex -19 -9.77547 47.5467
      vertex -19 -21.7565 42.279
    endloop
  endfacet
  facet normal -1 -0 0
    outer loop
      vertex -19 -9.77547 47.5467
      vertex -19 -22.8728 42.4446
      vertex -19 -9.66673 47.6667
    endloop
  endfacet
  facet normal -1 0 0
    outer loop
      vertex -19 -24 42.5
      vertex -19 -9.66673 47.6667
      vertex -19 -22.8728 42.4446
    endloop
  endfacet
  facet normal -1 -0 0
    outer loop
      vertex -19 -9.66673 47.6667
      vertex -19 -24 42.5
      vertex -19 -9.54675 47.7755
    endloop
  endfacet
  facet normal -1 0 0
    outer loop
      vertex -19 -37.4533 47.7755
      vertex -19 -9.54675 47.7755
      vertex -19 -24 42.5
    endloop
  endfacet
  facet normal -1 0 0
    outer loop
      vertex -19 -37.3333 47.6667
      vertex -19 -24 42.5
      vertex -19 -25.1272 42.4446
    endloop
  endfacet
  facet normal -1 0 0
    outer loop
      vertex -19 -37.1281 47.4167
      vertex -19 -25.1272 42.4446
      vertex -19 -26.2435 42.279
    endloop
  endfacet
  facet normal -1 0 0
    outer loop
      vertex -19 -36.9756 47.1314
      vertex -19 -26.2435 42.279
      vertex -19 -27.3383 42.0048
    endloop
  endfacet
  facet normal -1 0 0
    outer loop
      vertex -19 -36.8817 46.8219
      vertex -19 -27.3383 42.0048
      vertex -19 -28.4009 41.6246
    endloop
  endfacet
  facet normal -1 0 0
    outer loop
      vertex -19 -36.85 46.5
      vertex -19 -28.4009 41.6246
      vertex -19 -29.4211 41.1421
    endloop
  endfacet
  facet normal -1 0 0
    outer loop
      vertex -19 -37.4533 16.7755
      vertex -19 -32.1317 22.8683
      vertex -19 -37.3333 16.6667
    endloop
  endfacet
  facet normal -1 0 0
    outer loop
      vertex -19 -35.5 31
      vertex -19 -36.85 46.5
      vertex -19 -35.4446 32.1272
    endloop
  endfacet
  facet normal -1 0 0
    outer loop
      vertex -19 -36.85 46.5
      vertex -19 -35.279 33.2435
      vertex -19 -35.4446 32.1272
    endloop
  endfacet
  facet normal -1 0 0
    outer loop
      vertex -19 -36.85 46.5
      vertex -19 -35.0048 34.3383
      vertex -19 -35.279 33.2435
    endloop
  endfacet
  facet normal -1 0 0
    outer loop
      vertex -19 -36.85 46.5
      vertex -19 -34.6246 35.4009
      vertex -19 -35.0048 34.3383
    endloop
  endfacet
  facet normal -1 0 0
    outer loop
      vertex -19 -36.85 46.5
      vertex -19 -34.1421 36.4211
      vertex -19 -34.6246 35.4009
    endloop
  endfacet
  facet normal -1 0 0
    outer loop
      vertex -19 -36.85 46.5
      vertex -19 -33.5619 37.3891
      vertex -19 -34.1421 36.4211
    endloop
  endfacet
  facet normal -1 0 0
    outer loop
      vertex -19 -36.85 46.5
      vertex -19 -32.8896 38.2955
      vertex -19 -33.5619 37.3891
    endloop
  endfacet
  facet normal -1 0 0
    outer loop
      vertex -19 -36.85 46.5
      vertex -19 -32.1317 39.1317
      vertex -19 -32.8896 38.2955
    endloop
  endfacet
  facet normal -1 0 0
    outer loop
      vertex -19 -36.85 46.5
      vertex -19 -31.2955 39.8896
      vertex -19 -32.1317 39.1317
    endloop
  endfacet
  facet normal -1 0 0
    outer loop
      vertex -19 -36.85 46.5
      vertex -19 -30.3891 40.5619
      vertex -19 -31.2955 39.8896
    endloop
  endfacet
  facet normal -1 0 0
    outer loop
      vertex -19 -36.85 46.5
      vertex -19 -29.4211 41.1421
      vertex -19 -30.3891 40.5619
    endloop
  endfacet
  facet normal -1 0 0
    outer loop
      vertex -19 -28.4009 41.6246
      vertex -19 -36.85 46.5
      vertex -19 -36.8579 46.6617
    endloop
  endfacet
  facet normal -1 0 0
    outer loop
      vertex -19 -28.4009 41.6246
      vertex -19 -36.8579 46.6617
      vertex -19 -36.8817 46.8219
    endloop
  endfacet
  facet normal -1 0 0
    outer loop
      vertex -19 -27.3383 42.0048
      vertex -19 -36.8817 46.8219
      vertex -19 -36.921 46.979
    endloop
  endfacet
  facet normal -1 0 0
    outer loop
      vertex -19 -27.3383 42.0048
      vertex -19 -36.921 46.979
      vertex -19 -36.9756 47.1314
    endloop
  endfacet
  facet normal -1 0 0
    outer loop
      vertex -19 -26.2435 42.279
      vertex -19 -36.9756 47.1314
      vertex -19 -37.0448 47.2778
    endloop
  endfacet
  facet normal -1 0 0
    outer loop
      vertex -19 -26.2435 42.279
      vertex -19 -37.0448 47.2778
      vertex -19 -37.1281 47.4167
    endloop
  endfacet
  facet normal -1 0 0
    outer loop
      vertex -19 -25.1272 42.4446
      vertex -19 -37.1281 47.4167
      vertex -19 -37.2245 47.5467
    endloop
  endfacet
  facet normal -1 0 0
    outer loop
      vertex -19 -25.1272 42.4446
      vertex -19 -37.2245 47.5467
      vertex -19 -37.3333 47.6667
    endloop
  endfacet
  facet normal -1 0 0
    outer loop
      vertex -19 -24 42.5
      vertex -19 -37.3333 47.6667
      vertex -19 -37.4533 47.7755
    endloop
  endfacet
  facet normal -1 0 0
    outer loop
      vertex -19 -37.5833 47.8719
      vertex -19 -9.54675 47.7755
      vertex -19 -37.4533 47.7755
    endloop
  endfacet
  facet normal -1 0 0
    outer loop
      vertex -19 -9.41669 47.8719
      vertex -19 -37.5833 47.8719
      vertex -19 -45 56.15
    endloop
  endfacet
  facet normal -1 0 0
    outer loop
      vertex -19 -45 56.15
      vertex -19 -37.5833 47.8719
      vertex -19 -37.7222 47.9552
    endloop
  endfacet
  facet normal -1 0 0
    outer loop
      vertex -19 -45 56.15
      vertex -19 -37.7222 47.9552
      vertex -19 -37.8686 48.0244
    endloop
  endfacet
  facet normal -1 0 0
    outer loop
      vertex -19 -45 56.15
      vertex -19 -37.8686 48.0244
      vertex -19 -38.021 48.0789
    endloop
  endfacet
  facet normal -1 0 0
    outer loop
      vertex -19 -45 56.15
      vertex -19 -38.021 48.0789
      vertex -19 -38.1781 48.1183
    endloop
  endfacet
  facet normal -1 0 0
    outer loop
      vertex -19 -45 56.15
      vertex -19 -38.1781 48.1183
      vertex -19 -38.3383 48.1421
    endloop
  endfacet
  facet normal -1 0 0
    outer loop
      vertex -19 -45 56.15
      vertex -19 -38.3383 48.1421
      vertex -19 -38.5 48.15
    endloop
  endfacet
  facet normal -1 0 0
    outer loop
      vertex -19 -45 56.15
      vertex -19 -38.5 48.15
      vertex -19 -39.5 48.15
    endloop
  endfacet
  facet normal -1 0 0
    outer loop
      vertex -19 -45 56.15
      vertex -19 -39.5 48.15
      vertex -19 -39.6617 48.1421
    endloop
  endfacet
  facet normal -1 0 0
    outer loop
      vertex -19 -45 56.15
      vertex -19 -39.6617 48.1421
      vertex -19 -39.8219 48.1183
    endloop
  endfacet
  facet normal -1 0 0
    outer loop
      vertex -19 -41.1421 46.3383
      vertex -19 -45 56.15
      vertex -19 -41.15 46.5
    endloop
  endfacet
  facet normal -1 0 0
    outer loop
      vertex -19 -9.27781 47.9552
      vertex -19 -45 56.15
      vertex -19 0 56.15
    endloop
  endfacet
  facet normal -1 0 0
    outer loop
      vertex -19 -39.979 48.0789
      vertex -19 -45 56.15
      vertex -19 -39.8219 48.1183
    endloop
  endfacet
  facet normal -1 0 0
    outer loop
      vertex -19 -40.1314 48.0244
      vertex -19 -45 56.15
      vertex -19 -39.979 48.0789
    endloop
  endfacet
  facet normal -1 0 0
    outer loop
      vertex -19 -40.2778 47.9552
      vertex -19 -45 56.15
      vertex -19 -40.1314 48.0244
    endloop
  endfacet
  facet normal -1 0 0
    outer loop
      vertex -19 -40.4167 47.8719
      vertex -19 -45 56.15
      vertex -19 -40.2778 47.9552
    endloop
  endfacet
  facet normal -1 0 0
    outer loop
      vertex -19 -40.5467 47.7755
      vertex -19 -45 56.15
      vertex -19 -40.4167 47.8719
    endloop
  endfacet
  facet normal -1 0 0
    outer loop
      vertex -19 -40.6667 47.6667
      vertex -19 -45 56.15
      vertex -19 -40.5467 47.7755
    endloop
  endfacet
  facet normal -1 0 0
    outer loop
      vertex -19 -40.7755 47.5467
      vertex -19 -45 56.15
      vertex -19 -40.6667 47.6667
    endloop
  endfacet
  facet normal -1 0 0
    outer loop
      vertex -19 -40.8719 47.4167
      vertex -19 -45 56.15
      vertex -19 -40.7755 47.5467
    endloop
  endfacet
  facet normal -1 0 0
    outer loop
      vertex -19 -40.9552 47.2778
      vertex -19 -45 56.15
      vertex -19 -40.8719 47.4167
    endloop
  endfacet
  facet normal -1 0 0
    outer loop
      vertex -19 -41.0244 47.1314
      vertex -19 -45 56.15
      vertex -19 -40.9552 47.2778
    endloop
  endfacet
  facet normal -1 0 0
    outer loop
      vertex -19 -41.0789 46.979
      vertex -19 -45 56.15
      vertex -19 -41.0244 47.1314
    endloop
  endfacet
  facet normal -1 0 0
    outer loop
      vertex -19 -41.1183 46.8219
      vertex -19 -45 56.15
      vertex -19 -41.0789 46.979
    endloop
  endfacet
  facet normal -1 0 0
    outer loop
      vertex -19 -41.1421 46.6617
      vertex -19 -45 56.15
      vertex -19 -41.1183 46.8219
    endloop
  endfacet
  facet normal -1 0 0
    outer loop
      vertex -19 -41.15 46.5
      vertex -19 -45 56.15
      vertex -19 -41.1421 46.6617
    endloop
  endfacet
  facet normal 1 -0 0
    outer loop
      vertex 19 -45 43
      vertex 19 0 32
      vertex 19 0 43
    endloop
  endfacet
  facet normal 1 0 0
    outer loop
      vertex 19 0 32
      vertex 19 -45 43
      vertex 19 0 18
    endloop
  endfacet
  facet normal 1 0 0
    outer loop
      vertex 19 -45 6
      vertex 19 0 18
      vertex 19 -45 43
    endloop
  endfacet
  facet normal 1 0 0
    outer loop
      vertex 19 0 18
      vertex 19 -45 6
      vertex 19 0 6
    endloop
  endfacet
  facet normal 1 -0 0
    outer loop
      vertex 19 0 32
      vertex 19 0.00999928 18
      vertex 19 0.00999928 32
    endloop
  endfacet
  facet normal 1 0 0
    outer loop
      vertex 19 0.00999928 18
      vertex 19 0 32
      vertex 19 0 18
    endloop
  endfacet
  facet normal -0 0 1
    outer loop
      vertex 14 0 43
      vertex 19 -45 43
      vertex 19 0 43
    endloop
  endfacet
  facet normal 0 0 1
    outer loop
      vertex 19 -45 43
      vertex 14 0 43
      vertex 14 -45 43
    endloop
  endfacet
  facet normal -1 0 0
    outer loop
      vertex 14 -45 6
      vertex 14 0 43
      vertex 14 0 6
    endloop
  endfacet
  facet normal -1 -0 0
    outer loop
      vertex 14 0 43
      vertex 14 -45 6
      vertex 14 -45 43
    endloop
  endfacet
  facet normal -0 0 1
    outer loop
      vertex -70 -45 60
      vertex 70 -50 60
      vertex 70 -45 60
    endloop
  endfacet
  facet normal 0 0 1
    outer loop
      vertex 70 -50 60
      vertex -70 -45 60
      vertex -70 -50 60
    endloop
  endfacet
  facet normal 0 1 0
    outer loop
      vertex -19 -45 56.15
      vertex -39.7844 -45 42.1894
      vertex -40 -45 42.2
    endloop
  endfacet
  facet normal 0 1 0
    outer loop
      vertex -19 -45 56.15
      vertex -39.5708 -45 42.1577
      vertex -39.7844 -45 42.1894
    endloop
  endfacet
  facet normal 0 1 0
    outer loop
      vertex -19 -45 56.15
      vertex -39.3614 -45 42.1053
      vertex -39.5708 -45 42.1577
    endloop
  endfacet
  facet normal 0 1 0
    outer loop
      vertex -19 -45 56.15
      vertex -39.1581 -45 42.0325
      vertex -39.3614 -45 42.1053
    endloop
  endfacet
  facet normal 0 1 0
    outer loop
      vertex -19 -45 56.15
      vertex -38.9629 -45 41.9402
      vertex -39.1581 -45 42.0325
    endloop
  endfacet
  facet normal 0 1 0
    outer loop
      vertex -19 -45 56.15
      vertex -38.7777 -45 41.8292
      vertex -38.9629 -45 41.9402
    endloop
  endfacet
  facet normal 0 1 0
    outer loop
      vertex -19 -45 56.15
      vertex -38.6043 -45 41.7006
      vertex -38.7777 -45 41.8292
    endloop
  endfacet
  facet normal 0 1 0
    outer loop
      vertex -19 -45 56.15
      vertex -38.4444 -45 41.5556
      vertex -38.6043 -45 41.7006
    endloop
  endfacet
  facet normal 0 1 0
    outer loop
      vertex -19 -45 56.15
      vertex -38.2994 -45 41.3957
      vertex -38.4444 -45 41.5556
    endloop
  endfacet
  facet normal 0 1 0
    outer loop
      vertex -19 -45 56.15
      vertex -38.1708 -45 41.2223
      vertex -38.2994 -45 41.3957
    endloop
  endfacet
  facet normal 0 1 0
    outer loop
      vertex -19 -45 56.15
      vertex -38.0598 -45 41.0371
      vertex -38.1708 -45 41.2223
    endloop
  endfacet
  facet normal 0 1 0
    outer loop
      vertex -19 -45 56.15
      vertex -37.9675 -45 40.8419
      vertex -38.0598 -45 41.0371
    endloop
  endfacet
  facet normal 0 1 0
    outer loop
      vertex -19 -45 56.15
      vertex -37.8947 -45 40.6386
      vertex -37.9675 -45 40.8419
    endloop
  endfacet
  facet normal 0 1 0
    outer loop
      vertex -19 -45 56.15
      vertex -37.8423 -45 40.4292
      vertex -37.8947 -45 40.6386
    endloop
  endfacet
  facet normal 0 1 0
    outer loop
      vertex -19 -45 56.15
      vertex -37.8106 -45 40.2156
      vertex -37.8423 -45 40.4292
    endloop
  endfacet
  facet normal 0 1 0
    outer loop
      vertex -19 -45 56.15
      vertex -37.8 -45 40
      vertex -37.8106 -45 40.2156
    endloop
  endfacet
  facet normal 0 1 0
    outer loop
      vertex -19 -45 56.15
      vertex -37.8106 -45 39.7844
      vertex -37.8 -45 40
    endloop
  endfacet
  facet normal 0 1 0
    outer loop
      vertex -19 -45 56.15
      vertex -37.8423 -45 39.5708
      vertex -37.8106 -45 39.7844
    endloop
  endfacet
  facet normal 0 1 0
    outer loop
      vertex -19 -45 56.15
      vertex -37.8947 -45 39.3614
      vertex -37.8423 -45 39.5708
    endloop
  endfacet
  facet normal 0 1 -0
    outer loop
      vertex -19 -45 6
      vertex -37.8947 -45 39.3614
      vertex -19 -45 56.15
    endloop
  endfacet
  facet normal 0 1 0
    outer loop
      vertex -37.8947 -45 39.3614
      vertex -19 -45 6
      vertex -37.9675 -45 39.1581
    endloop
  endfacet
  facet normal 0 1 0
    outer loop
      vertex -37.9675 -45 39.1581
      vertex -19 -45 6
      vertex -38.0598 -45 38.9629
    endloop
  endfacet
  facet normal 0 1 0
    outer loop
      vertex -38.0598 -45 38.9629
      vertex -19 -45 6
      vertex -38.1708 -45 38.7777
    endloop
  endfacet
  facet normal 0 1 0
    outer loop
      vertex -38.1708 -45 38.7777
      vertex -19 -45 6
      vertex -38.2994 -45 38.6043
    endloop
  endfacet
  facet normal 0 1 0
    outer loop
      vertex -19 -45 6
      vertex -40 -45 37.8
      vertex -39.7844 -45 37.8106
    endloop
  endfacet
  facet normal 0 1 0
    outer loop
      vertex -19 -45 6
      vertex -39.7844 -45 37.8106
      vertex -39.5708 -45 37.8423
    endloop
  endfacet
  facet normal 0 1 0
    outer loop
      vertex -19 -45 6
      vertex -39.5708 -45 37.8423
      vertex -39.3614 -45 37.8947
    endloop
  endfacet
  facet normal 0 1 0
    outer loop
      vertex -38.2994 -45 38.6043
      vertex -19 -45 6
      vertex -38.4444 -45 38.4444
    endloop
  endfacet
  facet normal 0 1 0
    outer loop
      vertex -19 -45 6
      vertex -38.6043 -45 38.2994
      vertex -38.4444 -45 38.4444
    endloop
  endfacet
  facet normal 0 1 0
    outer loop
      vertex -19 -45 6
      vertex -38.7777 -45 38.1708
      vertex -38.6043 -45 38.2994
    endloop
  endfacet
  facet normal 0 1 0
    outer loop
      vertex -19 -45 6
      vertex -38.9629 -45 38.0598
      vertex -38.7777 -45 38.1708
    endloop
  endfacet
  facet normal 0 1 0
    outer loop
      vertex -19 -45 6
      vertex -39.1581 -45 37.9675
      vertex -38.9629 -45 38.0598
    endloop
  endfacet
  facet normal 0 1 0
    outer loop
      vertex -19 -45 6
      vertex -39.3614 -45 37.8947
      vertex -39.1581 -45 37.9675
    endloop
  endfacet
  facet normal 0 1 0
    outer loop
      vertex -40 -45 37.8
      vertex -19 -45 6
      vertex -65 -45 6
    endloop
  endfacet
  facet normal 0 1 0
    outer loop
      vertex -40 -45 37.8
      vertex -65 -45 6
      vertex -65 -45 30
    endloop
  endfacet
  facet normal 0 1 0
    outer loop
      vertex 70 -45 60
      vertex -14 -45 56.15
      vertex -70 -45 60
    endloop
  endfacet
  facet normal 0 1 0
    outer loop
      vertex 70 -45 60
      vertex 0 -45 56
      vertex -14 -45 56.15
    endloop
  endfacet
  facet normal 0 1 0
    outer loop
      vertex 70 -45 60
      vertex 0.588102 -45 55.9711
      vertex 0 -45 56
    endloop
  endfacet
  facet normal 0 1 0
    outer loop
      vertex 70 -45 60
      vertex 1.17054 -45 55.8847
      vertex 0.588102 -45 55.9711
    endloop
  endfacet
  facet normal 0 1 0
    outer loop
      vertex 70 -45 60
      vertex 1.74171 -45 55.7416
      vertex 1.17054 -45 55.8847
    endloop
  endfacet
  facet normal 0 1 0
    outer loop
      vertex 70 -45 60
      vertex 2.2961 -45 55.5433
      vertex 1.74171 -45 55.7416
    endloop
  endfacet
  facet normal 0 1 0
    outer loop
      vertex 70 -45 60
      vertex 2.82838 -45 55.2915
      vertex 2.2961 -45 55.5433
    endloop
  endfacet
  facet normal 0 1 0
    outer loop
      vertex 70 -45 60
      vertex 3.33342 -45 54.9888
      vertex 2.82838 -45 55.2915
    endloop
  endfacet
  facet normal 0 1 0
    outer loop
      vertex 70 -45 60
      vertex 3.80636 -45 54.6381
      vertex 3.33342 -45 54.9888
    endloop
  endfacet
  facet normal 0 1 0
    outer loop
      vertex 70 -45 60
      vertex 4.24264 -45 54.2426
      vertex 3.80636 -45 54.6381
    endloop
  endfacet
  facet normal 0 1 -0
    outer loop
      vertex 39.7844 -45 42.1894
      vertex 4.24264 -45 54.2426
      vertex 70 -45 60
    endloop
  endfacet
  facet normal 0 1 -0
    outer loop
      vertex 39.5708 -45 42.1577
      vertex 4.24264 -45 54.2426
      vertex 39.7844 -45 42.1894
    endloop
  endfacet
  facet normal 0 1 0
    outer loop
      vertex 4.24264 -45 54.2426
      vertex 39.5708 -45 42.1577
      vertex 4.63806 -45 53.8064
    endloop
  endfacet
  facet normal 0 1 -0
    outer loop
      vertex 39.3614 -45 42.1053
      vertex 4.63806 -45 53.8064
      vertex 39.5708 -45 42.1577
    endloop
  endfacet
  facet normal -0 1 -0
    outer loop
      vertex 19 -45 43
      vertex 4.63806 -45 53.8064
      vertex 39.3614 -45 42.1053
    endloop
  endfacet
  facet normal 0 1 0
    outer loop
      vertex 4.63806 -45 53.8064
      vertex 19 -45 43
      vertex 4.98882 -45 53.3334
    endloop
  endfacet
  facet normal 0 1 0
    outer loop
      vertex 4.98882 -45 53.3334
      vertex 19 -45 43
      vertex 5.29153 -45 52.8284
    endloop
  endfacet
  facet normal 0 1 0
    outer loop
      vertex 5.74164 -45 51.7417
      vertex 19 -45 43
      vertex 5.88471 -45 51.1705
    endloop
  endfacet
  facet normal 0 1 -0
    outer loop
      vertex 14 -45 43
      vertex 5.88471 -45 51.1705
      vertex 19 -45 43
    endloop
  endfacet
  facet normal 0 1 0
    outer loop
      vertex 5.88471 -45 51.1705
      vertex 14 -45 43
      vertex 5.97111 -45 50.5881
    endloop
  endfacet
  facet normal 0 1 0
    outer loop
      vertex 5.97111 -45 50.5881
      vertex 14 -45 43
      vertex 6 -45 50
    endloop
  endfacet
  facet normal 0 1 0
    outer loop
      vertex 5.97111 -45 49.4119
      vertex 14 -45 43
      vertex 5.88471 -45 48.8295
    endloop
  endfacet
  facet normal 0 1 0
    outer loop
      vertex 5.88471 -45 48.8295
      vertex 14 -45 43
      vertex 5.74164 -45 48.2583
    endloop
  endfacet
  facet normal 0 1 0
    outer loop
      vertex 5.74164 -45 48.2583
      vertex 14 -45 43
      vertex 5.54328 -45 47.7039
    endloop
  endfacet
  facet normal 0 1 0
    outer loop
      vertex 5.54328 -45 47.7039
      vertex 14 -45 43
      vertex 5.29153 -45 47.1716
    endloop
  endfacet
  facet normal 0 1 0
    outer loop
      vertex 5.29153 -45 47.1716
      vertex 14 -45 43
      vertex 4.98882 -45 46.6666
    endloop
  endfacet
  facet normal 0 1 0
    outer loop
      vertex 4.98882 -45 46.6666
      vertex 14 -45 43
      vertex 4.63806 -45 46.1936
    endloop
  endfacet
  facet normal 0 1 0
    outer loop
      vertex 4.63806 -45 46.1936
      vertex 14 -45 43
      vertex 4.24264 -45 45.7574
    endloop
  endfacet
  facet normal 0 1 0
    outer loop
      vertex 4.24264 -45 45.7574
      vertex 14 -45 43
      vertex 3.80636 -45 45.3619
    endloop
  endfacet
  facet normal 0 1 0
    outer loop
      vertex 3.80636 -45 45.3619
      vertex 14 -45 43
      vertex 3.33342 -45 45.0112
    endloop
  endfacet
  facet normal 0 1 0
    outer loop
      vertex 3.33342 -45 45.0112
      vertex 14 -45 43
      vertex 2.82838 -45 44.7085
    endloop
  endfacet
  facet normal 0 1 0
    outer loop
      vertex 2.82838 -45 44.7085
      vertex 14 -45 43
      vertex 2.2961 -45 44.4567
    endloop
  endfacet
  facet normal 0 1 -0
    outer loop
      vertex 14 -45 6
      vertex 1.17054 -45 44.1153
      vertex 14 -45 43
    endloop
  endfacet
  facet normal 0 1 0
    outer loop
      vertex 1.74171 -45 44.2584
      vertex 14 -45 43
      vertex 1.17054 -45 44.1153
    endloop
  endfacet
  facet normal 0 1 0
    outer loop
      vertex 2.2961 -45 44.4567
      vertex 14 -45 43
      vertex 1.74171 -45 44.2584
    endloop
  endfacet
  facet normal 0 1 0
    outer loop
      vertex 39.7844 -45 42.1894
      vertex 70 -45 60
      vertex 40 -45 42.2
    endloop
  endfacet
  facet normal 0 1 0
    outer loop
      vertex 70 -45 60
      vertex 40.2156 -45 42.1894
      vertex 40 -45 42.2
    endloop
  endfacet
  facet normal 0 1 0
    outer loop
      vertex 70 -45 60
      vertex 40.4292 -45 42.1577
      vertex 40.2156 -45 42.1894
    endloop
  endfacet
  facet normal 0 1 0
    outer loop
      vertex 70 -45 60
      vertex 40.6386 -45 42.1053
      vertex 40.4292 -45 42.1577
    endloop
  endfacet
  facet normal 0 1 0
    outer loop
      vertex 70 -45 60
      vertex 40.8419 -45 42.0325
      vertex 40.6386 -45 42.1053
    endloop
  endfacet
  facet normal 0 1 0
    outer loop
      vertex 70 -45 60
      vertex 41.0371 -45 41.9402
      vertex 40.8419 -45 42.0325
    endloop
  endfacet
  facet normal 0 1 0
    outer loop
      vertex 70 -45 60
      vertex 41.2223 -45 41.8292
      vertex 41.0371 -45 41.9402
    endloop
  endfacet
  facet normal 0 1 0
    outer loop
      vertex 70 -45 60
      vertex 41.3957 -45 41.7006
      vertex 41.2223 -45 41.8292
    endloop
  endfacet
  facet normal 0 1 0
    outer loop
      vertex 70 -45 60
      vertex 41.5556 -45 41.5556
      vertex 41.3957 -45 41.7006
    endloop
  endfacet
  facet normal 0 1 0
    outer loop
      vertex 70 -45 60
      vertex 41.7006 -45 41.3957
      vertex 41.5556 -45 41.5556
    endloop
  endfacet
  facet normal 0 1 0
    outer loop
      vertex 70 -45 60
      vertex 41.8292 -45 41.2223
      vertex 41.7006 -45 41.3957
    endloop
  endfacet
  facet normal 0 1 0
    outer loop
      vertex 70 -45 60
      vertex 41.9402 -45 41.0371
      vertex 41.8292 -45 41.2223
    endloop
  endfacet
  facet normal 0 1 0
    outer loop
      vertex 70 -45 60
      vertex 42.0325 -45 40.8419
      vertex 41.9402 -45 41.0371
    endloop
  endfacet
  facet normal 0 1 0
    outer loop
      vertex 70 -45 60
      vertex 42.1053 -45 40.6386
      vertex 42.0325 -45 40.8419
    endloop
  endfacet
  facet normal 0 1 -0
    outer loop
      vertex 65 -45 30
      vertex 42.1053 -45 40.6386
      vertex 70 -45 60
    endloop
  endfacet
  facet normal 0 1 0
    outer loop
      vertex 42.1053 -45 40.6386
      vertex 65 -45 30
      vertex 42.1577 -45 40.4292
    endloop
  endfacet
  facet normal 0 1 0
    outer loop
      vertex 42.1577 -45 40.4292
      vertex 65 -45 30
      vertex 42.1894 -45 40.2156
    endloop
  endfacet
  facet normal 0 1 0
    outer loop
      vertex 42.1894 -45 40.2156
      vertex 65 -45 30
      vertex 42.2 -45 40
    endloop
  endfacet
  facet normal 0 1 0
    outer loop
      vertex 42.2 -45 40
      vertex 65 -45 30
      vertex 42.1894 -45 39.7844
    endloop
  endfacet
  facet normal 0 1 0
    outer loop
      vertex 42.1894 -45 39.7844
      vertex 65 -45 30
      vertex 42.1577 -45 39.5708
    endloop
  endfacet
  facet normal 0 1 0
    outer loop
      vertex 42.1577 -45 39.5708
      vertex 65 -45 30
      vertex 42.1053 -45 39.3614
    endloop
  endfacet
  facet normal 0 1 0
    outer loop
      vertex 42.1053 -45 39.3614
      vertex 65 -45 30
      vertex 42.0325 -45 39.1581
    endloop
  endfacet
  facet normal 0 1 0
    outer loop
      vertex 42.0325 -45 39.1581
      vertex 65 -45 30
      vertex 41.9402 -45 38.9629
    endloop
  endfacet
  facet normal 0 1 0
    outer loop
      vertex 41.9402 -45 38.9629
      vertex 65 -45 30
      vertex 41.8292 -45 38.7777
    endloop
  endfacet
  facet normal 0 1 0
    outer loop
      vertex 41.8292 -45 38.7777
      vertex 65 -45 30
      vertex 41.7006 -45 38.6043
    endloop
  endfacet
  facet normal 0 1 0
    outer loop
      vertex 41.7006 -45 38.6043
      vertex 65 -45 30
      vertex 41.5556 -45 38.4444
    endloop
  endfacet
  facet normal 0 1 0
    outer loop
      vertex 40.6386 -45 37.8947
      vertex 65 -45 6
      vertex 40.4292 -45 37.8423
    endloop
  endfacet
  facet normal 0 1 -0
    outer loop
      vertex 65 -45 6
      vertex 40.6386 -45 37.8947
      vertex 65 -45 30
    endloop
  endfacet
  facet normal 0 1 0
    outer loop
      vertex 40.8419 -45 37.9675
      vertex 65 -45 30
      vertex 40.6386 -45 37.8947
    endloop
  endfacet
  facet normal 0 1 0
    outer loop
      vertex 41.0371 -45 38.0598
      vertex 65 -45 30
      vertex 40.8419 -45 37.9675
    endloop
  endfacet
  facet normal 0 1 0
    outer loop
      vertex 41.2223 -45 38.1708
      vertex 65 -45 30
      vertex 41.0371 -45 38.0598
    endloop
  endfacet
  facet normal 0 1 0
    outer loop
      vertex 41.3957 -45 38.2994
      vertex 65 -45 30
      vertex 41.2223 -45 38.1708
    endloop
  endfacet
  facet normal 0 1 0
    outer loop
      vertex 41.5556 -45 38.4444
      vertex 65 -45 30
      vertex 41.3957 -45 38.2994
    endloop
  endfacet
  facet normal 0 1 0
    outer loop
      vertex 65 -45 30
      vertex 70 -45 60
      vertex 70 -45 30
    endloop
  endfacet
  facet normal 0 1 -0
    outer loop
      vertex -19 -45 56.15
      vertex -70 -45 60
      vertex -14 -45 56.15
    endloop
  endfacet
  facet normal 0 1 0
    outer loop
      vertex -40.2156 -45 42.1894
      vertex -19 -45 56.15
      vertex -40 -45 42.2
    endloop
  endfacet
  facet normal 0 1 0
    outer loop
      vertex -19 -45 56.15
      vertex -40.2156 -45 42.1894
      vertex -70 -45 60
    endloop
  endfacet
  facet normal 0 1 -0
    outer loop
      vertex -40.4292 -45 42.1577
      vertex -70 -45 60
      vertex -40.2156 -45 42.1894
    endloop
  endfacet
  facet normal 0 1 -0
    outer loop
      vertex -40.6386 -45 42.1053
      vertex -70 -45 60
      vertex -40.4292 -45 42.1577
    endloop
  endfacet
  facet normal 0 1 -0
    outer loop
      vertex -40.8419 -45 42.0325
      vertex -70 -45 60
      vertex -40.6386 -45 42.1053
    endloop
  endfacet
  facet normal 0 1 -0
    outer loop
      vertex -41.0371 -45 41.9402
      vertex -70 -45 60
      vertex -40.8419 -45 42.0325
    endloop
  endfacet
  facet normal 0 1 -0
    outer loop
      vertex -41.2223 -45 41.8292
      vertex -70 -45 60
      vertex -41.0371 -45 41.9402
    endloop
  endfacet
  facet normal 0 1 -0
    outer loop
      vertex -41.3957 -45 41.7006
      vertex -70 -45 60
      vertex -41.2223 -45 41.8292
    endloop
  endfacet
  facet normal 0 1 -0
    outer loop
      vertex -41.5556 -45 41.5556
      vertex -70 -45 60
      vertex -41.3957 -45 41.7006
    endloop
  endfacet
  facet normal 0 1 -0
    outer loop
      vertex -41.7006 -45 41.3957
      vertex -70 -45 60
      vertex -41.5556 -45 41.5556
    endloop
  endfacet
  facet normal 0 1 -0
    outer loop
      vertex -41.8292 -45 41.2223
      vertex -70 -45 60
      vertex -41.7006 -45 41.3957
    endloop
  endfacet
  facet normal 0 1 -0
    outer loop
      vertex -41.9402 -45 41.0371
      vertex -70 -45 60
      vertex -41.8292 -45 41.2223
    endloop
  endfacet
  facet normal 0 1 -0
    outer loop
      vertex -42.0325 -45 40.8419
      vertex -70 -45 60
      vertex -41.9402 -45 41.0371
    endloop
  endfacet
  facet normal 0 1 -0
    outer loop
      vertex -42.1053 -45 40.6386
      vertex -70 -45 60
      vertex -42.0325 -45 40.8419
    endloop
  endfacet
  facet normal 0 1 0
    outer loop
      vertex -65 -45 30
      vertex -42.1053 -45 40.6386
      vertex -42.1577 -45 40.4292
    endloop
  endfacet
  facet normal 0 1 0
    outer loop
      vertex -65 -45 30
      vertex -42.1577 -45 40.4292
      vertex -42.1894 -45 40.2156
    endloop
  endfacet
  facet normal 0 1 0
    outer loop
      vertex -65 -45 30
      vertex -42.1894 -45 40.2156
      vertex -42.2 -45 40
    endloop
  endfacet
  facet normal 0 1 0
    outer loop
      vertex -65 -45 30
      vertex -42.2 -45 40
      vertex -42.1894 -45 39.7844
    endloop
  endfacet
  facet normal 0 1 0
    outer loop
      vertex -65 -45 30
      vertex -42.1894 -45 39.7844
      vertex -42.1577 -45 39.5708
    endloop
  endfacet
  facet normal 0 1 0
    outer loop
      vertex -65 -45 30
      vertex -42.1577 -45 39.5708
      vertex -42.1053 -45 39.3614
    endloop
  endfacet
  facet normal 0 1 0
    outer loop
      vertex -65 -45 30
      vertex -42.1053 -45 39.3614
      vertex -42.0325 -45 39.1581
    endloop
  endfacet
  facet normal 0 1 0
    outer loop
      vertex -65 -45 30
      vertex -42.0325 -45 39.1581
      vertex -41.9402 -45 38.9629
    endloop
  endfacet
  facet normal 0 1 0
    outer loop
      vertex -65 -45 30
      vertex -41.9402 -45 38.9629
      vertex -41.8292 -45 38.7777
    endloop
  endfacet
  facet normal 0 1 0
    outer loop
      vertex -65 -45 30
      vertex -41.8292 -45 38.7777
      vertex -41.7006 -45 38.6043
    endloop
  endfacet
  facet normal 0 1 0
    outer loop
      vertex -65 -45 30
      vertex -41.7006 -45 38.6043
      vertex -41.5556 -45 38.4444
    endloop
  endfacet
  facet normal 0 1 0
    outer loop
      vertex -65 -45 30
      vertex -41.5556 -45 38.4444
      vertex -41.3957 -45 38.2994
    endloop
  endfacet
  facet normal 0 1 0
    outer loop
      vertex -65 -45 30
      vertex -40.2156 -45 37.8106
      vertex -40 -45 37.8
    endloop
  endfacet
  facet normal 0 1 0
    outer loop
      vertex -65 -45 30
      vertex -40.4292 -45 37.8423
      vertex -40.2156 -45 37.8106
    endloop
  endfacet
  facet normal 0 1 0
    outer loop
      vertex -65 -45 30
      vertex -40.6386 -45 37.8947
      vertex -40.4292 -45 37.8423
    endloop
  endfacet
  facet normal 0 1 0
    outer loop
      vertex -65 -45 30
      vertex -40.8419 -45 37.9675
      vertex -40.6386 -45 37.8947
    endloop
  endfacet
  facet normal 0 1 0
    outer loop
      vertex -65 -45 30
      vertex -41.0371 -45 38.0598
      vertex -40.8419 -45 37.9675
    endloop
  endfacet
  facet normal 0 1 0
    outer loop
      vertex -65 -45 30
      vertex -41.2223 -45 38.1708
      vertex -41.0371 -45 38.0598
    endloop
  endfacet
  facet normal 0 1 0
    outer loop
      vertex -65 -45 30
      vertex -41.3957 -45 38.2994
      vertex -41.2223 -45 38.1708
    endloop
  endfacet
  facet normal 0 1 0
    outer loop
      vertex -42.1053 -45 40.6386
      vertex -65 -45 30
      vertex -70 -45 60
    endloop
  endfacet
  facet normal 0 1 0
    outer loop
      vertex -70 -45 60
      vertex -65 -45 30
      vertex -70 -45 30
    endloop
  endfacet
  facet normal 0 1 -0
    outer loop
      vertex -0.588102 -45 55.9711
      vertex -14 -45 56.15
      vertex 0 -45 56
    endloop
  endfacet
  facet normal 0 1 -0
    outer loop
      vertex -1.17054 -45 55.8847
      vertex -14 -45 56.15
      vertex -0.588102 -45 55.9711
    endloop
  endfacet
  facet normal 0 1 -0
    outer loop
      vertex -1.74171 -45 55.7416
      vertex -14 -45 56.15
      vertex -1.17054 -45 55.8847
    endloop
  endfacet
  facet normal 0 1 -0
    outer loop
      vertex -2.2961 -45 55.5433
      vertex -14 -45 56.15
      vertex -1.74171 -45 55.7416
    endloop
  endfacet
  facet normal 0 1 -0
    outer loop
      vertex -2.82838 -45 55.2915
      vertex -14 -45 56.15
      vertex -2.2961 -45 55.5433
    endloop
  endfacet
  facet normal 0 1 -0
    outer loop
      vertex -3.33342 -45 54.9888
      vertex -14 -45 56.15
      vertex -2.82838 -45 55.2915
    endloop
  endfacet
  facet normal 0 1 -0
    outer loop
      vertex -3.80636 -45 54.6381
      vertex -14 -45 56.15
      vertex -3.33342 -45 54.9888
    endloop
  endfacet
  facet normal 0 1 -0
    outer loop
      vertex -4.24264 -45 54.2426
      vertex -14 -45 56.15
      vertex -3.80636 -45 54.6381
    endloop
  endfacet
  facet normal 0 1 -0
    outer loop
      vertex -4.63806 -45 53.8064
      vertex -14 -45 56.15
      vertex -4.24264 -45 54.2426
    endloop
  endfacet
  facet normal 0 1 -0
    outer loop
      vertex -4.98882 -45 53.3334
      vertex -14 -45 56.15
      vertex -4.63806 -45 53.8064
    endloop
  endfacet
  facet normal 0 1 -0
    outer loop
      vertex -5.29153 -45 52.8284
      vertex -14 -45 56.15
      vertex -4.98882 -45 53.3334
    endloop
  endfacet
  facet normal 0 1 -0
    outer loop
      vertex -5.54328 -45 52.2961
      vertex -14 -45 56.15
      vertex -5.29153 -45 52.8284
    endloop
  endfacet
  facet normal 0 1 -0
    outer loop
      vertex -5.74164 -45 51.7417
      vertex -14 -45 56.15
      vertex -5.54328 -45 52.2961
    endloop
  endfacet
  facet normal 0 1 -0
    outer loop
      vertex -5.88471 -45 51.1705
      vertex -14 -45 56.15
      vertex -5.74164 -45 51.7417
    endloop
  endfacet
  facet normal 0 1 -0
    outer loop
      vertex -5.97111 -45 50.5881
      vertex -14 -45 56.15
      vertex -5.88471 -45 51.1705
    endloop
  endfacet
  facet normal 0 1 -0
    outer loop
      vertex -6 -45 50
      vertex -14 -45 56.15
      vertex -5.97111 -45 50.5881
    endloop
  endfacet
  facet normal 0 1 0
    outer loop
      vertex -5.97111 -45 49.4119
      vertex -14 -45 56.15
      vertex -6 -45 50
    endloop
  endfacet
  facet normal 0 1 0
    outer loop
      vertex -5.88471 -45 48.8295
      vertex -14 -45 56.15
      vertex -5.97111 -45 49.4119
    endloop
  endfacet
  facet normal 0 1 0
    outer loop
      vertex -5.74164 -45 48.2583
      vertex -14 -45 56.15
      vertex -5.88471 -45 48.8295
    endloop
  endfacet
  facet normal 0 1 0
    outer loop
      vertex -5.54328 -45 47.7039
      vertex -14 -45 56.15
      vertex -5.74164 -45 48.2583
    endloop
  endfacet
  facet normal 0 1 0
    outer loop
      vertex -5.29153 -45 47.1716
      vertex -14 -45 56.15
      vertex -5.54328 -45 47.7039
    endloop
  endfacet
  facet normal 0 1 0
    outer loop
      vertex -4.98882 -45 46.6666
      vertex -14 -45 56.15
      vertex -5.29153 -45 47.1716
    endloop
  endfacet
  facet normal 0 1 0
    outer loop
      vertex -14 -45 6
      vertex -4.98882 -45 46.6666
      vertex -4.63806 -45 46.1936
    endloop
  endfacet
  facet normal 0 1 0
    outer loop
      vertex -14 -45 6
      vertex -4.63806 -45 46.1936
      vertex -4.24264 -45 45.7574
    endloop
  endfacet
  facet normal 0 1 0
    outer loop
      vertex 1.17054 -45 44.1153
      vertex 14 -45 6
      vertex 0.588102 -45 44.0289
    endloop
  endfacet
  facet normal 0 1 0
    outer loop
      vertex 0.588102 -45 44.0289
      vertex 14 -45 6
      vertex 0 -45 44
    endloop
  endfacet
  facet normal 0 1 0
    outer loop
      vertex -14 -45 6
      vertex 0 -45 44
      vertex 14 -45 6
    endloop
  endfacet
  facet normal 0 1 0
    outer loop
      vertex 0 -45 44
      vertex -14 -45 6
      vertex -0.588102 -45 44.0289
    endloop
  endfacet
  facet normal 0 1 0
    outer loop
      vertex -0.588102 -45 44.0289
      vertex -14 -45 6
      vertex -1.17054 -45 44.1153
    endloop
  endfacet
  facet normal 0 1 0
    outer loop
      vertex -1.17054 -45 44.1153
      vertex -14 -45 6
      vertex -1.74171 -45 44.2584
    endloop
  endfacet
  facet normal 0 1 0
    outer loop
      vertex -1.74171 -45 44.2584
      vertex -14 -45 6
      vertex -2.2961 -45 44.4567
    endloop
  endfacet
  facet normal 0 1 0
    outer loop
      vertex -2.2961 -45 44.4567
      vertex -14 -45 6
      vertex -2.82838 -45 44.7085
    endloop
  endfacet
  facet normal 0 1 0
    outer loop
      vertex -2.82838 -45 44.7085
      vertex -14 -45 6
      vertex -3.33342 -45 45.0112
    endloop
  endfacet
  facet normal 0 1 0
    outer loop
      vertex -3.33342 -45 45.0112
      vertex -14 -45 6
      vertex -3.80636 -45 45.3619
    endloop
  endfacet
  facet normal 0 1 0
    outer loop
      vertex -3.80636 -45 45.3619
      vertex -14 -45 6
      vertex -4.24264 -45 45.7574
    endloop
  endfacet
  facet normal 0 1 0
    outer loop
      vertex -4.98882 -45 46.6666
      vertex -14 -45 6
      vertex -14 -45 56.15
    endloop
  endfacet
  facet normal 0 1 0
    outer loop
      vertex 5.29153 -45 52.8284
      vertex 19 -45 43
      vertex 5.54328 -45 52.2961
    endloop
  endfacet
  facet normal 0 1 0
    outer loop
      vertex 6 -45 50
      vertex 14 -45 43
      vertex 5.97111 -45 49.4119
    endloop
  endfacet
  facet normal 0 1 0
    outer loop
      vertex 5.54328 -45 52.2961
      vertex 19 -45 43
      vertex 5.74164 -45 51.7417
    endloop
  endfacet
  facet normal 0 1 -0
    outer loop
      vertex 39.1581 -45 42.0325
      vertex 19 -45 43
      vertex 39.3614 -45 42.1053
    endloop
  endfacet
  facet normal 0 1 -0
    outer loop
      vertex 38.9629 -45 41.9402
      vertex 19 -45 43
      vertex 39.1581 -45 42.0325
    endloop
  endfacet
  facet normal 0 1 -0
    outer loop
      vertex 38.7777 -45 41.8292
      vertex 19 -45 43
      vertex 38.9629 -45 41.9402
    endloop
  endfacet
  facet normal 0 1 -0
    outer loop
      vertex 38.6043 -45 41.7006
      vertex 19 -45 43
      vertex 38.7777 -45 41.8292
    endloop
  endfacet
  facet normal 0 1 -0
    outer loop
      vertex 38.4444 -45 41.5556
      vertex 19 -45 43
      vertex 38.6043 -45 41.7006
    endloop
  endfacet
  facet normal 0 1 -0
    outer loop
      vertex 38.2994 -45 41.3957
      vertex 19 -45 43
      vertex 38.4444 -45 41.5556
    endloop
  endfacet
  facet normal 0 1 -0
    outer loop
      vertex 38.1708 -45 41.2223
      vertex 19 -45 43
      vertex 38.2994 -45 41.3957
    endloop
  endfacet
  facet normal 0 1 -0
    outer loop
      vertex 38.0598 -45 41.0371
      vertex 19 -45 43
      vertex 38.1708 -45 41.2223
    endloop
  endfacet
  facet normal 0 1 -0
    outer loop
      vertex 37.9675 -45 40.8419
      vertex 19 -45 43
      vertex 38.0598 -45 41.0371
    endloop
  endfacet
  facet normal 0 1 -0
    outer loop
      vertex 37.8947 -45 40.6386
      vertex 19 -45 43
      vertex 37.9675 -45 40.8419
    endloop
  endfacet
  facet normal 0 1 -0
    outer loop
      vertex 37.8423 -45 40.4292
      vertex 19 -45 43
      vertex 37.8947 -45 40.6386
    endloop
  endfacet
  facet normal 0 1 -0
    outer loop
      vertex 37.8106 -45 40.2156
      vertex 19 -45 43
      vertex 37.8423 -45 40.4292
    endloop
  endfacet
  facet normal 0 1 -0
    outer loop
      vertex 37.8 -45 40
      vertex 19 -45 43
      vertex 37.8106 -45 40.2156
    endloop
  endfacet
  facet normal 0 1 0
    outer loop
      vertex 37.8106 -45 39.7844
      vertex 19 -45 43
      vertex 37.8 -45 40
    endloop
  endfacet
  facet normal 0 1 0
    outer loop
      vertex 37.8423 -45 39.5708
      vertex 19 -45 43
      vertex 37.8106 -45 39.7844
    endloop
  endfacet
  facet normal 0 1 0
    outer loop
      vertex 37.8947 -45 39.3614
      vertex 19 -45 43
      vertex 37.8423 -45 39.5708
    endloop
  endfacet
  facet normal 0 1 0
    outer loop
      vertex 37.9675 -45 39.1581
      vertex 19 -45 43
      vertex 37.8947 -45 39.3614
    endloop
  endfacet
  facet normal 0 1 0
    outer loop
      vertex 38.0598 -45 38.9629
      vertex 19 -45 43
      vertex 37.9675 -45 39.1581
    endloop
  endfacet
  facet normal 0 1 0
    outer loop
      vertex 38.1708 -45 38.7777
      vertex 19 -45 43
      vertex 38.0598 -45 38.9629
    endloop
  endfacet
  facet normal 0 1 0
    outer loop
      vertex 38.2994 -45 38.6043
      vertex 19 -45 43
      vertex 38.1708 -45 38.7777
    endloop
  endfacet
  facet normal 0 1 0
    outer loop
      vertex 38.4444 -45 38.4444
      vertex 19 -45 43
      vertex 38.2994 -45 38.6043
    endloop
  endfacet
  facet normal 0 1 0
    outer loop
      vertex 19 -45 6
      vertex 38.4444 -45 38.4444
      vertex 38.6043 -45 38.2994
    endloop
  endfacet
  facet normal 0 1 0
    outer loop
      vertex 19 -45 6
      vertex 38.6043 -45 38.2994
      vertex 38.7777 -45 38.1708
    endloop
  endfacet
  facet normal 0 1 0
    outer loop
      vertex 19 -45 6
      vertex 38.7777 -45 38.1708
      vertex 38.9629 -45 38.0598
    endloop
  endfacet
  facet normal 0 1 0
    outer loop
      vertex 19 -45 6
      vertex 38.9629 -45 38.0598
      vertex 39.1581 -45 37.9675
    endloop
  endfacet
  facet normal 0 1 0
    outer loop
      vertex 19 -45 6
      vertex 39.1581 -45 37.9675
      vertex 39.3614 -45 37.8947
    endloop
  endfacet
  facet normal 0 1 0
    outer loop
      vertex 40.4292 -45 37.8423
      vertex 65 -45 6
      vertex 40.2156 -45 37.8106
    endloop
  endfacet
  facet normal 0 1 0
    outer loop
      vertex 19 -45 6
      vertex 40.2156 -45 37.8106
      vertex 65 -45 6
    endloop
  endfacet
  facet normal 0 1 0
    outer loop
      vertex 40.2156 -45 37.8106
      vertex 19 -45 6
      vertex 40 -45 37.8
    endloop
  endfacet
  facet normal 0 1 0
    outer loop
      vertex 40 -45 37.8
      vertex 19 -45 6
      vertex 39.7844 -45 37.8106
    endloop
  endfacet
  facet normal 0 1 0
    outer loop
      vertex 39.7844 -45 37.8106
      vertex 19 -45 6
      vertex 39.5708 -45 37.8423
    endloop
  endfacet
  facet normal 0 1 0
    outer loop
      vertex 39.5708 -45 37.8423
      vertex 19 -45 6
      vertex 39.3614 -45 37.8947
    endloop
  endfacet
  facet normal 0 1 0
    outer loop
      vertex 38.4444 -45 38.4444
      vertex 19 -45 6
      vertex 19 -45 43
    endloop
  endfacet
  facet normal -0 0.242681 0.970106
    outer loop
      vertex -19 -39.8219 13.8817
      vertex -14 -39.979 13.921
      vertex -14 -39.8219 13.8817
    endloop
  endfacet
  facet normal 0 0.242681 0.970106
    outer loop
      vertex -14 -39.979 13.921
      vertex -19 -39.8219 13.8817
      vertex -19 -39.979 13.921
    endloop
  endfacet
  facet normal 0 -0.803251 -0.595641
    outer loop
      vertex -19 -37.1281 16.4167
      vertex -14 -37.2245 16.5467
      vertex -19 -37.2245 16.5467
    endloop
  endfacet
  facet normal 0 -0.803251 -0.595641
    outer loop
      vertex -14 -37.2245 16.5467
      vertex -19 -37.1281 16.4167
      vertex -14 -37.1281 16.4167
    endloop
  endfacet
  facet normal 0 -0.242681 -0.970106
    outer loop
      vertex -19 -38.1781 17.1183
      vertex -14 -38.021 17.079
      vertex -14 -38.1781 17.1183
    endloop
  endfacet
  facet normal -0 -0.242681 -0.970106
    outer loop
      vertex -14 -38.021 17.079
      vertex -19 -38.1781 17.1183
      vertex -19 -38.021 17.079
    endloop
  endfacet
  facet normal 0 0.595641 -0.803251
    outer loop
      vertex -19 -40.5467 16.7755
      vertex -14 -40.4167 16.8719
      vertex -14 -40.5467 16.7755
    endloop
  endfacet
  facet normal 0 0.595641 -0.803251
    outer loop
      vertex -14 -40.4167 16.8719
      vertex -19 -40.5467 16.7755
      vertex -19 -40.4167 16.8719
    endloop
  endfacet
  facet normal 0 0.242681 -0.970106
    outer loop
      vertex -19 -39.979 17.079
      vertex -14 -39.8219 17.1183
      vertex -14 -39.979 17.079
    endloop
  endfacet
  facet normal 0 0.242681 -0.970106
    outer loop
      vertex -14 -39.8219 17.1183
      vertex -19 -39.979 17.079
      vertex -19 -39.8219 17.1183
    endloop
  endfacet
  facet normal 0 -0.0487977 -0.998809
    outer loop
      vertex -19 -38.5 17.15
      vertex -14 -38.3383 17.1421
      vertex -14 -38.5 17.15
    endloop
  endfacet
  facet normal -0 -0.0487977 -0.998809
    outer loop
      vertex -14 -38.3383 17.1421
      vertex -19 -38.5 17.15
      vertex -19 -38.3383 17.1421
    endloop
  endfacet
  facet normal 0 0.427343 -0.90409
    outer loop
      vertex -19 -40.2778 16.9552
      vertex -14 -40.1314 17.0244
      vertex -14 -40.2778 16.9552
    endloop
  endfacet
  facet normal 0 0.427343 -0.90409
    outer loop
      vertex -14 -40.1314 17.0244
      vertex -19 -40.2778 16.9552
      vertex -19 -40.1314 17.0244
    endloop
  endfacet
  facet normal 0 0.803251 -0.595641
    outer loop
      vertex -14 -40.8719 16.4167
      vertex -19 -40.7755 16.5467
      vertex -14 -40.7755 16.5467
    endloop
  endfacet
  facet normal 0 0.803251 -0.595641
    outer loop
      vertex -19 -40.7755 16.5467
      vertex -14 -40.8719 16.4167
      vertex -19 -40.8719 16.4167
    endloop
  endfacet
  facet normal 0 0.337275 -0.941406
    outer loop
      vertex -19 -40.1314 17.0244
      vertex -14 -39.979 17.079
      vertex -14 -40.1314 17.0244
    endloop
  endfacet
  facet normal 0 0.337275 -0.941406
    outer loop
      vertex -14 -39.979 17.079
      vertex -19 -40.1314 17.0244
      vertex -19 -39.979 17.079
    endloop
  endfacet
  facet normal 0 0.514314 -0.857602
    outer loop
      vertex -19 -40.4167 16.8719
      vertex -14 -40.2778 16.9552
      vertex -14 -40.4167 16.8719
    endloop
  endfacet
  facet normal 0 0.514314 -0.857602
    outer loop
      vertex -14 -40.2778 16.9552
      vertex -19 -40.4167 16.8719
      vertex -19 -40.2778 16.9552
    endloop
  endfacet
  facet normal 0 0.740833 0.671689
    outer loop
      vertex -14 -40.6667 14.3333
      vertex -19 -40.7755 14.4533
      vertex -14 -40.7755 14.4533
    endloop
  endfacet
  facet normal 0 0.740833 0.671689
    outer loop
      vertex -19 -40.7755 14.4533
      vertex -14 -40.6667 14.3333
      vertex -19 -40.6667 14.3333
    endloop
  endfacet
  facet normal 0 -0.90409 -0.427343
    outer loop
      vertex -19 -36.9756 16.1314
      vertex -14 -37.0448 16.2778
      vertex -19 -37.0448 16.2778
    endloop
  endfacet
  facet normal 0 -0.90409 -0.427343
    outer loop
      vertex -14 -37.0448 16.2778
      vertex -19 -36.9756 16.1314
      vertex -14 -36.9756 16.1314
    endloop
  endfacet
  facet normal 0 0.998809 -0.0487977
    outer loop
      vertex -14 -41.15 15.5
      vertex -19 -41.1421 15.6617
      vertex -14 -41.1421 15.6617
    endloop
  endfacet
  facet normal 0 0.998809 -0.0487977
    outer loop
      vertex -19 -41.1421 15.6617
      vertex -14 -41.15 15.5
      vertex -19 -41.15 15.5
    endloop
  endfacet
  facet normal 0 0.857602 0.514314
    outer loop
      vertex -14 -40.8719 14.5833
      vertex -19 -40.9552 14.7222
      vertex -14 -40.9552 14.7222
    endloop
  endfacet
  facet normal 0 0.857602 0.514314
    outer loop
      vertex -19 -40.9552 14.7222
      vertex -14 -40.8719 14.5833
      vertex -19 -40.8719 14.5833
    endloop
  endfacet
  facet normal 0 -0.337275 -0.941406
    outer loop
      vertex -19 -38.021 17.079
      vertex -14 -37.8686 17.0244
      vertex -14 -38.021 17.079
    endloop
  endfacet
  facet normal -0 -0.337275 -0.941406
    outer loop
      vertex -14 -37.8686 17.0244
      vertex -19 -38.021 17.079
      vertex -19 -37.8686 17.0244
    endloop
  endfacet
  facet normal -0 0.595641 0.803251
    outer loop
      vertex -19 -40.4167 14.1281
      vertex -14 -40.5467 14.2245
      vertex -14 -40.4167 14.1281
    endloop
  endfacet
  facet normal 0 0.595641 0.803251
    outer loop
      vertex -14 -40.5467 14.2245
      vertex -19 -40.4167 14.1281
      vertex -19 -40.5467 14.2245
    endloop
  endfacet
  facet normal 0 0.857602 -0.514314
    outer loop
      vertex -14 -40.9552 16.2778
      vertex -19 -40.8719 16.4167
      vertex -14 -40.8719 16.4167
    endloop
  endfacet
  facet normal 0 0.857602 -0.514314
    outer loop
      vertex -19 -40.8719 16.4167
      vertex -14 -40.9552 16.2778
      vertex -19 -40.9552 16.2778
    endloop
  endfacet
  facet normal 0 -0.90409 0.427343
    outer loop
      vertex -19 -37.0448 14.7222
      vertex -14 -36.9756 14.8686
      vertex -19 -36.9756 14.8686
    endloop
  endfacet
  facet normal 0 -0.90409 0.427343
    outer loop
      vertex -14 -36.9756 14.8686
      vertex -19 -37.0448 14.7222
      vertex -14 -37.0448 14.7222
    endloop
  endfacet
  facet normal 0 0.740833 -0.671689
    outer loop
      vertex -14 -40.7755 16.5467
      vertex -19 -40.6667 16.6667
      vertex -14 -40.6667 16.6667
    endloop
  endfacet
  facet normal 0 0.740833 -0.671689
    outer loop
      vertex -19 -40.6667 16.6667
      vertex -14 -40.7755 16.5467
      vertex -19 -40.7755 16.5467
    endloop
  endfacet
  facet normal 0 -0.740833 -0.671689
    outer loop
      vertex -19 -37.2245 16.5467
      vertex -14 -37.3333 16.6667
      vertex -19 -37.3333 16.6667
    endloop
  endfacet
  facet normal 0 -0.740833 -0.671689
    outer loop
      vertex -14 -37.3333 16.6667
      vertex -19 -37.2245 16.5467
      vertex -14 -37.2245 16.5467
    endloop
  endfacet
  facet normal 0 0.0487977 -0.998809
    outer loop
      vertex -19 -39.6617 17.1421
      vertex -14 -39.5 17.15
      vertex -14 -39.6617 17.1421
    endloop
  endfacet
  facet normal 0 0.0487977 -0.998809
    outer loop
      vertex -14 -39.5 17.15
      vertex -19 -39.6617 17.1421
      vertex -19 -39.5 17.15
    endloop
  endfacet
  facet normal 0 -0.595641 -0.803251
    outer loop
      vertex -19 -37.5833 16.8719
      vertex -14 -37.4533 16.7755
      vertex -14 -37.5833 16.8719
    endloop
  endfacet
  facet normal -0 -0.595641 -0.803251
    outer loop
      vertex -14 -37.4533 16.7755
      vertex -19 -37.5833 16.8719
      vertex -19 -37.4533 16.7755
    endloop
  endfacet
  facet normal 0 0.941602 -0.336728
    outer loop
      vertex -14 -41.0789 15.979
      vertex -19 -41.0244 16.1314
      vertex -14 -41.0244 16.1314
    endloop
  endfacet
  facet normal 0 0.941602 -0.336728
    outer loop
      vertex -19 -41.0244 16.1314
      vertex -14 -41.0789 15.979
      vertex -19 -41.0789 15.979
    endloop
  endfacet
  facet normal 0 -0.0487977 0.998809
    outer loop
      vertex -19 -38.3383 13.8579
      vertex -14 -38.5 13.85
      vertex -14 -38.3383 13.8579
    endloop
  endfacet
  facet normal 0 -0.0487977 0.998809
    outer loop
      vertex -14 -38.5 13.85
      vertex -19 -38.3383 13.8579
      vertex -19 -38.5 13.85
    endloop
  endfacet
  facet normal 0 -0.595641 0.803251
    outer loop
      vertex -19 -37.4533 14.2245
      vertex -14 -37.5833 14.1281
      vertex -14 -37.4533 14.2245
    endloop
  endfacet
  facet normal 0 -0.595641 0.803251
    outer loop
      vertex -14 -37.5833 14.1281
      vertex -19 -37.4533 14.2245
      vertex -19 -37.5833 14.1281
    endloop
  endfacet
  facet normal 0 0.90409 -0.427343
    outer loop
      vertex -14 -41.0244 16.1314
      vertex -19 -40.9552 16.2778
      vertex -14 -40.9552 16.2778
    endloop
  endfacet
  facet normal 0 0.90409 -0.427343
    outer loop
      vertex -19 -40.9552 16.2778
      vertex -14 -41.0244 16.1314
      vertex -19 -41.0244 16.1314
    endloop
  endfacet
  facet normal -0 0.427343 0.90409
    outer loop
      vertex -19 -40.1314 13.9756
      vertex -14 -40.2778 14.0448
      vertex -14 -40.1314 13.9756
    endloop
  endfacet
  facet normal 0 0.427343 0.90409
    outer loop
      vertex -14 -40.2778 14.0448
      vertex -19 -40.1314 13.9756
      vertex -19 -40.2778 14.0448
    endloop
  endfacet
  facet normal 0 -0.514314 -0.857602
    outer loop
      vertex -19 -37.7222 16.9552
      vertex -14 -37.5833 16.8719
      vertex -14 -37.7222 16.9552
    endloop
  endfacet
  facet normal -0 -0.514314 -0.857602
    outer loop
      vertex -14 -37.5833 16.8719
      vertex -19 -37.7222 16.9552
      vertex -19 -37.5833 16.8719
    endloop
  endfacet
  facet normal -0 0 1
    outer loop
      vertex -19 -38.5 13.85
      vertex -14 -39.5 13.85
      vertex -14 -38.5 13.85
    endloop
  endfacet
  facet normal 0 0 1
    outer loop
      vertex -14 -39.5 13.85
      vertex -19 -38.5 13.85
      vertex -19 -39.5 13.85
    endloop
  endfacet
  facet normal 0 -0.337275 0.941406
    outer loop
      vertex -19 -37.8686 13.9756
      vertex -14 -38.021 13.921
      vertex -14 -37.8686 13.9756
    endloop
  endfacet
  facet normal 0 -0.337275 0.941406
    outer loop
      vertex -14 -38.021 13.921
      vertex -19 -37.8686 13.9756
      vertex -19 -38.021 13.921
    endloop
  endfacet
  facet normal -0 0.146951 0.989144
    outer loop
      vertex -19 -39.6617 13.8579
      vertex -14 -39.8219 13.8817
      vertex -14 -39.6617 13.8579
    endloop
  endfacet
  facet normal 0 0.146951 0.989144
    outer loop
      vertex -14 -39.8219 13.8817
      vertex -19 -39.6617 13.8579
      vertex -19 -39.8219 13.8817
    endloop
  endfacet
  facet normal 0 0.671689 -0.740833
    outer loop
      vertex -19 -40.6667 16.6667
      vertex -14 -40.5467 16.7755
      vertex -14 -40.6667 16.6667
    endloop
  endfacet
  facet normal 0 0.671689 -0.740833
    outer loop
      vertex -14 -40.5467 16.7755
      vertex -19 -40.6667 16.6667
      vertex -19 -40.5467 16.7755
    endloop
  endfacet
  facet normal -0 0.671689 0.740833
    outer loop
      vertex -19 -40.5467 14.2245
      vertex -14 -40.6667 14.3333
      vertex -14 -40.5467 14.2245
    endloop
  endfacet
  facet normal 0 0.671689 0.740833
    outer loop
      vertex -14 -40.6667 14.3333
      vertex -19 -40.5467 14.2245
      vertex -19 -40.6667 14.3333
    endloop
  endfacet
  facet normal 0 0.969961 -0.243262
    outer loop
      vertex -14 -41.1183 15.8219
      vertex -19 -41.0789 15.979
      vertex -14 -41.0789 15.979
    endloop
  endfacet
  facet normal 0 0.969961 -0.243262
    outer loop
      vertex -19 -41.0789 15.979
      vertex -14 -41.1183 15.8219
      vertex -19 -41.1183 15.8219
    endloop
  endfacet
  facet normal 0 -0.671689 0.740833
    outer loop
      vertex -19 -37.3333 14.3333
      vertex -14 -37.4533 14.2245
      vertex -14 -37.3333 14.3333
    endloop
  endfacet
  facet normal 0 -0.671689 0.740833
    outer loop
      vertex -14 -37.4533 14.2245
      vertex -19 -37.3333 14.3333
      vertex -19 -37.4533 14.2245
    endloop
  endfacet
  facet normal 0 -0.998809 -0.0487977
    outer loop
      vertex -19 -36.85 15.5
      vertex -14 -36.8579 15.6617
      vertex -19 -36.8579 15.6617
    endloop
  endfacet
  facet normal 0 -0.998809 -0.0487977
    outer loop
      vertex -14 -36.8579 15.6617
      vertex -19 -36.85 15.5
      vertex -14 -36.85 15.5
    endloop
  endfacet
  facet normal 0 -0.740833 0.671689
    outer loop
      vertex -19 -37.3333 14.3333
      vertex -14 -37.2245 14.4533
      vertex -19 -37.2245 14.4533
    endloop
  endfacet
  facet normal 0 -0.740833 0.671689
    outer loop
      vertex -14 -37.2245 14.4533
      vertex -19 -37.3333 14.3333
      vertex -14 -37.3333 14.3333
    endloop
  endfacet
  facet normal 0 0.989144 -0.146951
    outer loop
      vertex -14 -41.1421 15.6617
      vertex -19 -41.1183 15.8219
      vertex -14 -41.1183 15.8219
    endloop
  endfacet
  facet normal 0 0.989144 -0.146951
    outer loop
      vertex -19 -41.1183 15.8219
      vertex -14 -41.1421 15.6617
      vertex -19 -41.1421 15.6617
    endloop
  endfacet
  facet normal 0 0.989144 0.146951
    outer loop
      vertex -14 -41.1183 15.1781
      vertex -19 -41.1421 15.3383
      vertex -14 -41.1421 15.3383
    endloop
  endfacet
  facet normal 0 0.989144 0.146951
    outer loop
      vertex -19 -41.1421 15.3383
      vertex -14 -41.1183 15.1781
      vertex -19 -41.1183 15.1781
    endloop
  endfacet
  facet normal 0 0.998809 0.0487977
    outer loop
      vertex -14 -41.1421 15.3383
      vertex -19 -41.15 15.5
      vertex -14 -41.15 15.5
    endloop
  endfacet
  facet normal 0 0.998809 0.0487977
    outer loop
      vertex -19 -41.15 15.5
      vertex -14 -41.1421 15.3383
      vertex -19 -41.1421 15.3383
    endloop
  endfacet
  facet normal 0 0.803251 0.595641
    outer loop
      vertex -14 -40.7755 14.4533
      vertex -19 -40.8719 14.5833
      vertex -14 -40.8719 14.5833
    endloop
  endfacet
  facet normal 0 0.803251 0.595641
    outer loop
      vertex -19 -40.8719 14.5833
      vertex -14 -40.7755 14.4533
      vertex -19 -40.7755 14.4533
    endloop
  endfacet
  facet normal -0 0.514314 0.857602
    outer loop
      vertex -19 -40.2778 14.0448
      vertex -14 -40.4167 14.1281
      vertex -14 -40.2778 14.0448
    endloop
  endfacet
  facet normal 0 0.514314 0.857602
    outer loop
      vertex -14 -40.4167 14.1281
      vertex -19 -40.2778 14.0448
      vertex -19 -40.4167 14.1281
    endloop
  endfacet
  facet normal 0 -0.941406 0.337275
    outer loop
      vertex -19 -36.9756 14.8686
      vertex -14 -36.921 15.021
      vertex -19 -36.921 15.021
    endloop
  endfacet
  facet normal 0 -0.941406 0.337275
    outer loop
      vertex -14 -36.921 15.021
      vertex -19 -36.9756 14.8686
      vertex -14 -36.9756 14.8686
    endloop
  endfacet
  facet normal -0 0.0487977 0.998809
    outer loop
      vertex -19 -39.5 13.85
      vertex -14 -39.6617 13.8579
      vertex -14 -39.5 13.85
    endloop
  endfacet
  facet normal 0 0.0487977 0.998809
    outer loop
      vertex -14 -39.6617 13.8579
      vertex -19 -39.5 13.85
      vertex -19 -39.6617 13.8579
    endloop
  endfacet
  facet normal 0 0 -1
    outer loop
      vertex -19 -39.5 17.15
      vertex -14 -38.5 17.15
      vertex -14 -39.5 17.15
    endloop
  endfacet
  facet normal -0 0 -1
    outer loop
      vertex -14 -38.5 17.15
      vertex -19 -39.5 17.15
      vertex -19 -38.5 17.15
    endloop
  endfacet
  facet normal 0 -0.803251 0.595641
    outer loop
      vertex -19 -37.2245 14.4533
      vertex -14 -37.1281 14.5833
      vertex -19 -37.1281 14.5833
    endloop
  endfacet
  facet normal 0 -0.803251 0.595641
    outer loop
      vertex -14 -37.1281 14.5833
      vertex -19 -37.2245 14.4533
      vertex -14 -37.2245 14.4533
    endloop
  endfacet
  facet normal 0 -0.146951 -0.989144
    outer loop
      vertex -19 -38.3383 17.1421
      vertex -14 -38.1781 17.1183
      vertex -14 -38.3383 17.1421
    endloop
  endfacet
  facet normal -0 -0.146951 -0.989144
    outer loop
      vertex -14 -38.1781 17.1183
      vertex -19 -38.3383 17.1421
      vertex -19 -38.1781 17.1183
    endloop
  endfacet
  facet normal 0 -0.514314 0.857602
    outer loop
      vertex -19 -37.5833 14.1281
      vertex -14 -37.7222 14.0448
      vertex -14 -37.5833 14.1281
    endloop
  endfacet
  facet normal 0 -0.514314 0.857602
    outer loop
      vertex -14 -37.7222 14.0448
      vertex -19 -37.5833 14.1281
      vertex -19 -37.7222 14.0448
    endloop
  endfacet
  facet normal -0 0.337275 0.941406
    outer loop
      vertex -19 -39.979 13.921
      vertex -14 -40.1314 13.9756
      vertex -14 -39.979 13.921
    endloop
  endfacet
  facet normal 0 0.337275 0.941406
    outer loop
      vertex -14 -40.1314 13.9756
      vertex -19 -39.979 13.921
      vertex -19 -40.1314 13.9756
    endloop
  endfacet
  facet normal 0 0.941602 0.336728
    outer loop
      vertex -14 -41.0244 14.8686
      vertex -19 -41.0789 15.021
      vertex -14 -41.0789 15.021
    endloop
  endfacet
  facet normal 0 0.941602 0.336728
    outer loop
      vertex -19 -41.0789 15.021
      vertex -14 -41.0244 14.8686
      vertex -19 -41.0244 14.8686
    endloop
  endfacet
  facet normal 0 -0.427343 0.90409
    outer loop
      vertex -19 -37.7222 14.0448
      vertex -14 -37.8686 13.9756
      vertex -14 -37.7222 14.0448
    endloop
  endfacet
  facet normal 0 -0.427343 0.90409
    outer loop
      vertex -14 -37.8686 13.9756
      vertex -19 -37.7222 14.0448
      vertex -19 -37.8686 13.9756
    endloop
  endfacet
  facet normal 0 0.969961 0.243262
    outer loop
      vertex -14 -41.0789 15.021
      vertex -19 -41.1183 15.1781
      vertex -14 -41.1183 15.1781
    endloop
  endfacet
  facet normal 0 0.969961 0.243262
    outer loop
      vertex -19 -41.1183 15.1781
      vertex -14 -41.0789 15.021
      vertex -19 -41.0789 15.021
    endloop
  endfacet
  facet normal 0 -0.970106 0.242681
    outer loop
      vertex -19 -36.921 15.021
      vertex -14 -36.8817 15.1781
      vertex -19 -36.8817 15.1781
    endloop
  endfacet
  facet normal 0 -0.970106 0.242681
    outer loop
      vertex -14 -36.8817 15.1781
      vertex -19 -36.921 15.021
      vertex -14 -36.921 15.021
    endloop
  endfacet
  facet normal 0 0.146951 -0.989144
    outer loop
      vertex -19 -39.8219 17.1183
      vertex -14 -39.6617 17.1421
      vertex -14 -39.8219 17.1183
    endloop
  endfacet
  facet normal 0 0.146951 -0.989144
    outer loop
      vertex -14 -39.6617 17.1421
      vertex -19 -39.8219 17.1183
      vertex -19 -39.6617 17.1421
    endloop
  endfacet
  facet normal 0 -0.146951 0.989144
    outer loop
      vertex -19 -38.1781 13.8817
      vertex -14 -38.3383 13.8579
      vertex -14 -38.1781 13.8817
    endloop
  endfacet
  facet normal 0 -0.146951 0.989144
    outer loop
      vertex -14 -38.3383 13.8579
      vertex -19 -38.1781 13.8817
      vertex -19 -38.3383 13.8579
    endloop
  endfacet
  facet normal 0 -0.857602 -0.514314
    outer loop
      vertex -19 -37.0448 16.2778
      vertex -14 -37.1281 16.4167
      vertex -19 -37.1281 16.4167
    endloop
  endfacet
  facet normal 0 -0.857602 -0.514314
    outer loop
      vertex -14 -37.1281 16.4167
      vertex -19 -37.0448 16.2778
      vertex -14 -37.0448 16.2778
    endloop
  endfacet
  facet normal 0 -0.242681 0.970106
    outer loop
      vertex -19 -38.021 13.921
      vertex -14 -38.1781 13.8817
      vertex -14 -38.021 13.921
    endloop
  endfacet
  facet normal 0 -0.242681 0.970106
    outer loop
      vertex -14 -38.1781 13.8817
      vertex -19 -38.021 13.921
      vertex -19 -38.1781 13.8817
    endloop
  endfacet
  facet normal 0 -0.857602 0.514314
    outer loop
      vertex -19 -37.1281 14.5833
      vertex -14 -37.0448 14.7222
      vertex -19 -37.0448 14.7222
    endloop
  endfacet
  facet normal 0 -0.857602 0.514314
    outer loop
      vertex -14 -37.0448 14.7222
      vertex -19 -37.1281 14.5833
      vertex -14 -37.1281 14.5833
    endloop
  endfacet
  facet normal 0 0.90409 0.427343
    outer loop
      vertex -14 -40.9552 14.7222
      vertex -19 -41.0244 14.8686
      vertex -14 -41.0244 14.8686
    endloop
  endfacet
  facet normal 0 0.90409 0.427343
    outer loop
      vertex -19 -41.0244 14.8686
      vertex -14 -40.9552 14.7222
      vertex -19 -40.9552 14.7222
    endloop
  endfacet
  facet normal 0 -0.970106 -0.242681
    outer loop
      vertex -19 -36.8817 15.8219
      vertex -14 -36.921 15.979
      vertex -19 -36.921 15.979
    endloop
  endfacet
  facet normal 0 -0.970106 -0.242681
    outer loop
      vertex -14 -36.921 15.979
      vertex -19 -36.8817 15.8219
      vertex -14 -36.8817 15.8219
    endloop
  endfacet
  facet normal 0 -0.989144 0.146951
    outer loop
      vertex -19 -36.8817 15.1781
      vertex -14 -36.8579 15.3383
      vertex -19 -36.8579 15.3383
    endloop
  endfacet
  facet normal 0 -0.989144 0.146951
    outer loop
      vertex -14 -36.8579 15.3383
      vertex -19 -36.8817 15.1781
      vertex -14 -36.8817 15.1781
    endloop
  endfacet
  facet normal 0 -0.671689 -0.740833
    outer loop
      vertex -19 -37.4533 16.7755
      vertex -14 -37.3333 16.6667
      vertex -14 -37.4533 16.7755
    endloop
  endfacet
  facet normal -0 -0.671689 -0.740833
    outer loop
      vertex -14 -37.3333 16.6667
      vertex -19 -37.4533 16.7755
      vertex -19 -37.3333 16.6667
    endloop
  endfacet
  facet normal 0 -0.427343 -0.90409
    outer loop
      vertex -19 -37.8686 17.0244
      vertex -14 -37.7222 16.9552
      vertex -14 -37.8686 17.0244
    endloop
  endfacet
  facet normal -0 -0.427343 -0.90409
    outer loop
      vertex -14 -37.7222 16.9552
      vertex -19 -37.8686 17.0244
      vertex -19 -37.7222 16.9552
    endloop
  endfacet
  facet normal 0 -0.998809 0.0487977
    outer loop
      vertex -19 -36.8579 15.3383
      vertex -14 -36.85 15.5
      vertex -19 -36.85 15.5
    endloop
  endfacet
  facet normal 0 -0.998809 0.0487977
    outer loop
      vertex -14 -36.85 15.5
      vertex -19 -36.8579 15.3383
      vertex -14 -36.8579 15.3383
    endloop
  endfacet
  facet normal 0 -0.989144 -0.146951
    outer loop
      vertex -19 -36.8579 15.6617
      vertex -14 -36.8817 15.8219
      vertex -19 -36.8817 15.8219
    endloop
  endfacet
  facet normal 0 -0.989144 -0.146951
    outer loop
      vertex -14 -36.8817 15.8219
      vertex -19 -36.8579 15.6617
      vertex -14 -36.8579 15.6617
    endloop
  endfacet
  facet normal 0 -0.941406 -0.337275
    outer loop
      vertex -19 -36.921 15.979
      vertex -14 -36.9756 16.1314
      vertex -19 -36.9756 16.1314
    endloop
  endfacet
  facet normal 0 -0.941406 -0.337275
    outer loop
      vertex -14 -36.9756 16.1314
      vertex -19 -36.921 15.979
      vertex -14 -36.921 15.979
    endloop
  endfacet
  facet normal -0 0.242681 0.970106
    outer loop
      vertex -19 -39.8219 44.8817
      vertex -14 -39.979 44.921
      vertex -14 -39.8219 44.8817
    endloop
  endfacet
  facet normal 0 0.242681 0.970106
    outer loop
      vertex -14 -39.979 44.921
      vertex -19 -39.8219 44.8817
      vertex -19 -39.979 44.921
    endloop
  endfacet
  facet normal 0 -0.803251 -0.595641
    outer loop
      vertex -19 -37.1281 47.4167
      vertex -14 -37.2245 47.5467
      vertex -19 -37.2245 47.5467
    endloop
  endfacet
  facet normal 0 -0.803251 -0.595641
    outer loop
      vertex -14 -37.2245 47.5467
      vertex -19 -37.1281 47.4167
      vertex -14 -37.1281 47.4167
    endloop
  endfacet
  facet normal 0 -0.243262 -0.969961
    outer loop
      vertex -19 -38.1781 48.1183
      vertex -14 -38.021 48.0789
      vertex -14 -38.1781 48.1183
    endloop
  endfacet
  facet normal -0 -0.243262 -0.969961
    outer loop
      vertex -14 -38.021 48.0789
      vertex -19 -38.1781 48.1183
      vertex -19 -38.021 48.0789
    endloop
  endfacet
  facet normal 0 0.595641 -0.803251
    outer loop
      vertex -19 -40.5467 47.7755
      vertex -14 -40.4167 47.8719
      vertex -14 -40.5467 47.7755
    endloop
  endfacet
  facet normal 0 0.595641 -0.803251
    outer loop
      vertex -14 -40.4167 47.8719
      vertex -19 -40.5467 47.7755
      vertex -19 -40.4167 47.8719
    endloop
  endfacet
  facet normal 0 0.243262 -0.969961
    outer loop
      vertex -19 -39.979 48.0789
      vertex -14 -39.8219 48.1183
      vertex -14 -39.979 48.0789
    endloop
  endfacet
  facet normal 0 0.243262 -0.969961
    outer loop
      vertex -14 -39.8219 48.1183
      vertex -19 -39.979 48.0789
      vertex -19 -39.8219 48.1183
    endloop
  endfacet
  facet normal 0 0.427343 -0.90409
    outer loop
      vertex -19 -40.2778 47.9552
      vertex -14 -40.1314 48.0244
      vertex -14 -40.2778 47.9552
    endloop
  endfacet
  facet normal 0 0.427343 -0.90409
    outer loop
      vertex -14 -40.1314 48.0244
      vertex -19 -40.2778 47.9552
      vertex -19 -40.1314 48.0244
    endloop
  endfacet
  facet normal 0 0.803251 -0.595641
    outer loop
      vertex -14 -40.8719 47.4167
      vertex -19 -40.7755 47.5467
      vertex -14 -40.7755 47.5467
    endloop
  endfacet
  facet normal 0 0.803251 -0.595641
    outer loop
      vertex -19 -40.7755 47.5467
      vertex -14 -40.8719 47.4167
      vertex -19 -40.8719 47.4167
    endloop
  endfacet
  facet normal 0 0.336728 -0.941602
    outer loop
      vertex -19 -40.1314 48.0244
      vertex -14 -39.979 48.0789
      vertex -14 -40.1314 48.0244
    endloop
  endfacet
  facet normal 0 0.336728 -0.941602
    outer loop
      vertex -14 -39.979 48.0789
      vertex -19 -40.1314 48.0244
      vertex -19 -39.979 48.0789
    endloop
  endfacet
  facet normal 0 0.514314 -0.857602
    outer loop
      vertex -19 -40.4167 47.8719
      vertex -14 -40.2778 47.9552
      vertex -14 -40.4167 47.8719
    endloop
  endfacet
  facet normal 0 0.514314 -0.857602
    outer loop
      vertex -14 -40.2778 47.9552
      vertex -19 -40.4167 47.8719
      vertex -19 -40.2778 47.9552
    endloop
  endfacet
  facet normal 0 0.740833 0.671689
    outer loop
      vertex -14 -40.6667 45.3333
      vertex -19 -40.7755 45.4533
      vertex -14 -40.7755 45.4533
    endloop
  endfacet
  facet normal 0 0.740833 0.671689
    outer loop
      vertex -19 -40.7755 45.4533
      vertex -14 -40.6667 45.3333
      vertex -19 -40.6667 45.3333
    endloop
  endfacet
  facet normal 0 -0.90409 -0.427343
    outer loop
      vertex -19 -36.9756 47.1314
      vertex -14 -37.0448 47.2778
      vertex -19 -37.0448 47.2778
    endloop
  endfacet
  facet normal 0 -0.90409 -0.427343
    outer loop
      vertex -14 -37.0448 47.2778
      vertex -19 -36.9756 47.1314
      vertex -14 -36.9756 47.1314
    endloop
  endfacet
  facet normal 0 0.998809 -0.0487977
    outer loop
      vertex -14 -41.15 46.5
      vertex -19 -41.1421 46.6617
      vertex -14 -41.1421 46.6617
    endloop
  endfacet
  facet normal 0 0.998809 -0.0487977
    outer loop
      vertex -19 -41.1421 46.6617
      vertex -14 -41.15 46.5
      vertex -19 -41.15 46.5
    endloop
  endfacet
  facet normal 0 0.857602 0.514314
    outer loop
      vertex -14 -40.8719 45.5833
      vertex -19 -40.9552 45.7222
      vertex -14 -40.9552 45.7222
    endloop
  endfacet
  facet normal 0 0.857602 0.514314
    outer loop
      vertex -19 -40.9552 45.7222
      vertex -14 -40.8719 45.5833
      vertex -19 -40.8719 45.5833
    endloop
  endfacet
  facet normal 0 -0.336728 -0.941602
    outer loop
      vertex -19 -38.021 48.0789
      vertex -14 -37.8686 48.0244
      vertex -14 -38.021 48.0789
    endloop
  endfacet
  facet normal -0 -0.336728 -0.941602
    outer loop
      vertex -14 -37.8686 48.0244
      vertex -19 -38.021 48.0789
      vertex -19 -37.8686 48.0244
    endloop
  endfacet
  facet normal -0 0.595641 0.803251
    outer loop
      vertex -19 -40.4167 45.1281
      vertex -14 -40.5467 45.2245
      vertex -14 -40.4167 45.1281
    endloop
  endfacet
  facet normal 0 0.595641 0.803251
    outer loop
      vertex -14 -40.5467 45.2245
      vertex -19 -40.4167 45.1281
      vertex -19 -40.5467 45.2245
    endloop
  endfacet
  facet normal 0 0.857602 -0.514314
    outer loop
      vertex -14 -40.9552 47.2778
      vertex -19 -40.8719 47.4167
      vertex -14 -40.8719 47.4167
    endloop
  endfacet
  facet normal 0 0.857602 -0.514314
    outer loop
      vertex -19 -40.8719 47.4167
      vertex -14 -40.9552 47.2778
      vertex -19 -40.9552 47.2778
    endloop
  endfacet
  facet normal 0 -0.90409 0.427343
    outer loop
      vertex -19 -37.0448 45.7222
      vertex -14 -36.9756 45.8686
      vertex -19 -36.9756 45.8686
    endloop
  endfacet
  facet normal 0 -0.90409 0.427343
    outer loop
      vertex -14 -36.9756 45.8686
      vertex -19 -37.0448 45.7222
      vertex -14 -37.0448 45.7222
    endloop
  endfacet
  facet normal 0 0.740833 -0.671689
    outer loop
      vertex -14 -40.7755 47.5467
      vertex -19 -40.6667 47.6667
      vertex -14 -40.6667 47.6667
    endloop
  endfacet
  facet normal 0 0.740833 -0.671689
    outer loop
      vertex -19 -40.6667 47.6667
      vertex -14 -40.7755 47.5467
      vertex -19 -40.7755 47.5467
    endloop
  endfacet
  facet normal 0 -0.740833 -0.671689
    outer loop
      vertex -19 -37.2245 47.5467
      vertex -14 -37.3333 47.6667
      vertex -19 -37.3333 47.6667
    endloop
  endfacet
  facet normal 0 -0.740833 -0.671689
    outer loop
      vertex -14 -37.3333 47.6667
      vertex -19 -37.2245 47.5467
      vertex -14 -37.2245 47.5467
    endloop
  endfacet
  facet normal 0 0.0487977 -0.998809
    outer loop
      vertex -19 -39.6617 48.1421
      vertex -14 -39.5 48.15
      vertex -14 -39.6617 48.1421
    endloop
  endfacet
  facet normal 0 0.0487977 -0.998809
    outer loop
      vertex -14 -39.5 48.15
      vertex -19 -39.6617 48.1421
      vertex -19 -39.5 48.15
    endloop
  endfacet
  facet normal 0 -0.595641 -0.803251
    outer loop
      vertex -19 -37.5833 47.8719
      vertex -14 -37.4533 47.7755
      vertex -14 -37.5833 47.8719
    endloop
  endfacet
  facet normal -0 -0.595641 -0.803251
    outer loop
      vertex -14 -37.4533 47.7755
      vertex -19 -37.5833 47.8719
      vertex -19 -37.4533 47.7755
    endloop
  endfacet
  facet normal 0 0.941602 -0.336728
    outer loop
      vertex -14 -41.0789 46.979
      vertex -19 -41.0244 47.1314
      vertex -14 -41.0244 47.1314
    endloop
  endfacet
  facet normal 0 0.941602 -0.336728
    outer loop
      vertex -19 -41.0244 47.1314
      vertex -14 -41.0789 46.979
      vertex -19 -41.0789 46.979
    endloop
  endfacet
  facet normal 0 -0.0487977 0.998809
    outer loop
      vertex -19 -38.3383 44.8579
      vertex -14 -38.5 44.85
      vertex -14 -38.3383 44.8579
    endloop
  endfacet
  facet normal 0 -0.0487977 0.998809
    outer loop
      vertex -14 -38.5 44.85
      vertex -19 -38.3383 44.8579
      vertex -19 -38.5 44.85
    endloop
  endfacet
  facet normal 0 -0.595641 0.803251
    outer loop
      vertex -19 -37.4533 45.2245
      vertex -14 -37.5833 45.1281
      vertex -14 -37.4533 45.2245
    endloop
  endfacet
  facet normal 0 -0.595641 0.803251
    outer loop
      vertex -14 -37.5833 45.1281
      vertex -19 -37.4533 45.2245
      vertex -19 -37.5833 45.1281
    endloop
  endfacet
  facet normal 0 0.90409 -0.427343
    outer loop
      vertex -14 -41.0244 47.1314
      vertex -19 -40.9552 47.2778
      vertex -14 -40.9552 47.2778
    endloop
  endfacet
  facet normal 0 0.90409 -0.427343
    outer loop
      vertex -19 -40.9552 47.2778
      vertex -14 -41.0244 47.1314
      vertex -19 -41.0244 47.1314
    endloop
  endfacet
  facet normal -0 0.427343 0.90409
    outer loop
      vertex -19 -40.1314 44.9756
      vertex -14 -40.2778 45.0448
      vertex -14 -40.1314 44.9756
    endloop
  endfacet
  facet normal 0 0.427343 0.90409
    outer loop
      vertex -14 -40.2778 45.0448
      vertex -19 -40.1314 44.9756
      vertex -19 -40.2778 45.0448
    endloop
  endfacet
  facet normal 0 -0.514314 -0.857602
    outer loop
      vertex -19 -37.7222 47.9552
      vertex -14 -37.5833 47.8719
      vertex -14 -37.7222 47.9552
    endloop
  endfacet
  facet normal -0 -0.514314 -0.857602
    outer loop
      vertex -14 -37.5833 47.8719
      vertex -19 -37.7222 47.9552
      vertex -19 -37.5833 47.8719
    endloop
  endfacet
  facet normal -0 0 1
    outer loop
      vertex -19 -38.5 44.85
      vertex -14 -39.5 44.85
      vertex -14 -38.5 44.85
    endloop
  endfacet
  facet normal 0 0 1
    outer loop
      vertex -14 -39.5 44.85
      vertex -19 -38.5 44.85
      vertex -19 -39.5 44.85
    endloop
  endfacet
  facet normal 0 -0.337275 0.941406
    outer loop
      vertex -19 -37.8686 44.9756
      vertex -14 -38.021 44.921
      vertex -14 -37.8686 44.9756
    endloop
  endfacet
  facet normal 0 -0.337275 0.941406
    outer loop
      vertex -14 -38.021 44.921
      vertex -19 -37.8686 44.9756
      vertex -19 -38.021 44.921
    endloop
  endfacet
  facet normal -0 0.146951 0.989144
    outer loop
      vertex -19 -39.6617 44.8579
      vertex -14 -39.8219 44.8817
      vertex -14 -39.6617 44.8579
    endloop
  endfacet
  facet normal 0 0.146951 0.989144
    outer loop
      vertex -14 -39.8219 44.8817
      vertex -19 -39.6617 44.8579
      vertex -19 -39.8219 44.8817
    endloop
  endfacet
  facet normal 0 0.671689 -0.740833
    outer loop
      vertex -19 -40.6667 47.6667
      vertex -14 -40.5467 47.7755
      vertex -14 -40.6667 47.6667
    endloop
  endfacet
  facet normal 0 0.671689 -0.740833
    outer loop
      vertex -14 -40.5467 47.7755
      vertex -19 -40.6667 47.6667
      vertex -19 -40.5467 47.7755
    endloop
  endfacet
  facet normal -0 0.671689 0.740833
    outer loop
      vertex -19 -40.5467 45.2245
      vertex -14 -40.6667 45.3333
      vertex -14 -40.5467 45.2245
    endloop
  endfacet
  facet normal 0 0.671689 0.740833
    outer loop
      vertex -14 -40.6667 45.3333
      vertex -19 -40.5467 45.2245
      vertex -19 -40.6667 45.3333
    endloop
  endfacet
  facet normal 0 0.969961 -0.243262
    outer loop
      vertex -14 -41.1183 46.8219
      vertex -19 -41.0789 46.979
      vertex -14 -41.0789 46.979
    endloop
  endfacet
  facet normal 0 0.969961 -0.243262
    outer loop
      vertex -19 -41.0789 46.979
      vertex -14 -41.1183 46.8219
      vertex -19 -41.1183 46.8219
    endloop
  endfacet
  facet normal 0 -0.671689 0.740833
    outer loop
      vertex -19 -37.3333 45.3333
      vertex -14 -37.4533 45.2245
      vertex -14 -37.3333 45.3333
    endloop
  endfacet
  facet normal 0 -0.671689 0.740833
    outer loop
      vertex -14 -37.4533 45.2245
      vertex -19 -37.3333 45.3333
      vertex -19 -37.4533 45.2245
    endloop
  endfacet
  facet normal 0 -0.989144 -0.146951
    outer loop
      vertex -19 -36.8579 46.6617
      vertex -14 -36.8817 46.8219
      vertex -19 -36.8817 46.8219
    endloop
  endfacet
  facet normal 0 -0.989144 -0.146951
    outer loop
      vertex -14 -36.8817 46.8219
      vertex -19 -36.8579 46.6617
      vertex -14 -36.8579 46.6617
    endloop
  endfacet
  facet normal 0 -0.998809 -0.0487977
    outer loop
      vertex -19 -36.85 46.5
      vertex -14 -36.8579 46.6617
      vertex -19 -36.8579 46.6617
    endloop
  endfacet
  facet normal 0 -0.998809 -0.0487977
    outer loop
      vertex -14 -36.8579 46.6617
      vertex -19 -36.85 46.5
      vertex -14 -36.85 46.5
    endloop
  endfacet
  facet normal 0 -0.740833 0.671689
    outer loop
      vertex -19 -37.3333 45.3333
      vertex -14 -37.2245 45.4533
      vertex -19 -37.2245 45.4533
    endloop
  endfacet
  facet normal 0 -0.740833 0.671689
    outer loop
      vertex -14 -37.2245 45.4533
      vertex -19 -37.3333 45.3333
      vertex -14 -37.3333 45.3333
    endloop
  endfacet
  facet normal 0 0.989144 -0.146951
    outer loop
      vertex -14 -41.1421 46.6617
      vertex -19 -41.1183 46.8219
      vertex -14 -41.1183 46.8219
    endloop
  endfacet
  facet normal 0 0.989144 -0.146951
    outer loop
      vertex -19 -41.1183 46.8219
      vertex -14 -41.1421 46.6617
      vertex -19 -41.1421 46.6617
    endloop
  endfacet
  facet normal 0 0.989144 0.146951
    outer loop
      vertex -14 -41.1183 46.1781
      vertex -19 -41.1421 46.3383
      vertex -14 -41.1421 46.3383
    endloop
  endfacet
  facet normal 0 0.989144 0.146951
    outer loop
      vertex -19 -41.1421 46.3383
      vertex -14 -41.1183 46.1781
      vertex -19 -41.1183 46.1781
    endloop
  endfacet
  facet normal 0 0.998809 0.0487977
    outer loop
      vertex -14 -41.1421 46.3383
      vertex -19 -41.15 46.5
      vertex -14 -41.15 46.5
    endloop
  endfacet
  facet normal 0 0.998809 0.0487977
    outer loop
      vertex -19 -41.15 46.5
      vertex -14 -41.1421 46.3383
      vertex -19 -41.1421 46.3383
    endloop
  endfacet
  facet normal 0 0.803251 0.595641
    outer loop
      vertex -14 -40.7755 45.4533
      vertex -19 -40.8719 45.5833
      vertex -14 -40.8719 45.5833
    endloop
  endfacet
  facet normal 0 0.803251 0.595641
    outer loop
      vertex -19 -40.8719 45.5833
      vertex -14 -40.7755 45.4533
      vertex -19 -40.7755 45.4533
    endloop
  endfacet
  facet normal -0 0.514314 0.857602
    outer loop
      vertex -19 -40.2778 45.0448
      vertex -14 -40.4167 45.1281
      vertex -14 -40.2778 45.0448
    endloop
  endfacet
  facet normal 0 0.514314 0.857602
    outer loop
      vertex -14 -40.4167 45.1281
      vertex -19 -40.2778 45.0448
      vertex -19 -40.4167 45.1281
    endloop
  endfacet
  facet normal 0 -0.941406 0.337275
    outer loop
      vertex -19 -36.9756 45.8686
      vertex -14 -36.921 46.021
      vertex -19 -36.921 46.021
    endloop
  endfacet
  facet normal 0 -0.941406 0.337275
    outer loop
      vertex -14 -36.921 46.021
      vertex -19 -36.9756 45.8686
      vertex -14 -36.9756 45.8686
    endloop
  endfacet
  facet normal -0 0.0487977 0.998809
    outer loop
      vertex -19 -39.5 44.85
      vertex -14 -39.6617 44.8579
      vertex -14 -39.5 44.85
    endloop
  endfacet
  facet normal 0 0.0487977 0.998809
    outer loop
      vertex -14 -39.6617 44.8579
      vertex -19 -39.5 44.85
      vertex -19 -39.6617 44.8579
    endloop
  endfacet
  facet normal 0 0 -1
    outer loop
      vertex -19 -39.5 48.15
      vertex -14 -38.5 48.15
      vertex -14 -39.5 48.15
    endloop
  endfacet
  facet normal -0 0 -1
    outer loop
      vertex -14 -38.5 48.15
      vertex -19 -39.5 48.15
      vertex -19 -38.5 48.15
    endloop
  endfacet
  facet normal 0 -0.803251 0.595641
    outer loop
      vertex -19 -37.2245 45.4533
      vertex -14 -37.1281 45.5833
      vertex -19 -37.1281 45.5833
    endloop
  endfacet
  facet normal 0 -0.803251 0.595641
    outer loop
      vertex -14 -37.1281 45.5833
      vertex -19 -37.2245 45.4533
      vertex -14 -37.2245 45.4533
    endloop
  endfacet
  facet normal 0 -0.146951 -0.989144
    outer loop
      vertex -19 -38.3383 48.1421
      vertex -14 -38.1781 48.1183
      vertex -14 -38.3383 48.1421
    endloop
  endfacet
  facet normal -0 -0.146951 -0.989144
    outer loop
      vertex -14 -38.1781 48.1183
      vertex -19 -38.3383 48.1421
      vertex -19 -38.1781 48.1183
    endloop
  endfacet
  facet normal 0 -0.514314 0.857602
    outer loop
      vertex -19 -37.5833 45.1281
      vertex -14 -37.7222 45.0448
      vertex -14 -37.5833 45.1281
    endloop
  endfacet
  facet normal 0 -0.514314 0.857602
    outer loop
      vertex -14 -37.7222 45.0448
      vertex -19 -37.5833 45.1281
      vertex -19 -37.7222 45.0448
    endloop
  endfacet
  facet normal 0 -0.427343 -0.90409
    outer loop
      vertex -19 -37.8686 48.0244
      vertex -14 -37.7222 47.9552
      vertex -14 -37.8686 48.0244
    endloop
  endfacet
  facet normal -0 -0.427343 -0.90409
    outer loop
      vertex -14 -37.7222 47.9552
      vertex -19 -37.8686 48.0244
      vertex -19 -37.7222 47.9552
    endloop
  endfacet
  facet normal -0 0.337275 0.941406
    outer loop
      vertex -19 -39.979 44.921
      vertex -14 -40.1314 44.9756
      vertex -14 -39.979 44.921
    endloop
  endfacet
  facet normal 0 0.337275 0.941406
    outer loop
      vertex -14 -40.1314 44.9756
      vertex -19 -39.979 44.921
      vertex -19 -40.1314 44.9756
    endloop
  endfacet
  facet normal 0 0.941602 0.336728
    outer loop
      vertex -14 -41.0244 45.8686
      vertex -19 -41.0789 46.021
      vertex -14 -41.0789 46.021
    endloop
  endfacet
  facet normal 0 0.941602 0.336728
    outer loop
      vertex -19 -41.0789 46.021
      vertex -14 -41.0244 45.8686
      vertex -19 -41.0244 45.8686
    endloop
  endfacet
  facet normal 0 -0.427343 0.90409
    outer loop
      vertex -19 -37.7222 45.0448
      vertex -14 -37.8686 44.9756
      vertex -14 -37.7222 45.0448
    endloop
  endfacet
  facet normal 0 -0.427343 0.90409
    outer loop
      vertex -14 -37.8686 44.9756
      vertex -19 -37.7222 45.0448
      vertex -19 -37.8686 44.9756
    endloop
  endfacet
  facet normal 0 0.969961 0.243262
    outer loop
      vertex -14 -41.0789 46.021
      vertex -19 -41.1183 46.1781
      vertex -14 -41.1183 46.1781
    endloop
  endfacet
  facet normal 0 0.969961 0.243262
    outer loop
      vertex -19 -41.1183 46.1781
      vertex -14 -41.0789 46.021
      vertex -19 -41.0789 46.021
    endloop
  endfacet
  facet normal 0 -0.970106 0.242681
    outer loop
      vertex -19 -36.921 46.021
      vertex -14 -36.8817 46.1781
      vertex -19 -36.8817 46.1781
    endloop
  endfacet
  facet normal 0 -0.970106 0.242681
    outer loop
      vertex -14 -36.8817 46.1781
      vertex -19 -36.921 46.021
      vertex -14 -36.921 46.021
    endloop
  endfacet
  facet normal 0 0.146951 -0.989144
    outer loop
      vertex -19 -39.8219 48.1183
      vertex -14 -39.6617 48.1421
      vertex -14 -39.8219 48.1183
    endloop
  endfacet
  facet normal 0 0.146951 -0.989144
    outer loop
      vertex -14 -39.6617 48.1421
      vertex -19 -39.8219 48.1183
      vertex -19 -39.6617 48.1421
    endloop
  endfacet
  facet normal 0 -0.146951 0.989144
    outer loop
      vertex -19 -38.1781 44.8817
      vertex -14 -38.3383 44.8579
      vertex -14 -38.1781 44.8817
    endloop
  endfacet
  facet normal 0 -0.146951 0.989144
    outer loop
      vertex -14 -38.3383 44.8579
      vertex -19 -38.1781 44.8817
      vertex -19 -38.3383 44.8579
    endloop
  endfacet
  facet normal 0 -0.857602 -0.514314
    outer loop
      vertex -19 -37.0448 47.2778
      vertex -14 -37.1281 47.4167
      vertex -19 -37.1281 47.4167
    endloop
  endfacet
  facet normal 0 -0.857602 -0.514314
    outer loop
      vertex -14 -37.1281 47.4167
      vertex -19 -37.0448 47.2778
      vertex -14 -37.0448 47.2778
    endloop
  endfacet
  facet normal 0 -0.857602 0.514314
    outer loop
      vertex -19 -37.1281 45.5833
      vertex -14 -37.0448 45.7222
      vertex -19 -37.0448 45.7222
    endloop
  endfacet
  facet normal 0 -0.857602 0.514314
    outer loop
      vertex -14 -37.0448 45.7222
      vertex -19 -37.1281 45.5833
      vertex -14 -37.1281 45.5833
    endloop
  endfacet
  facet normal 0 0.90409 0.427343
    outer loop
      vertex -14 -40.9552 45.7222
      vertex -19 -41.0244 45.8686
      vertex -14 -41.0244 45.8686
    endloop
  endfacet
  facet normal 0 0.90409 0.427343
    outer loop
      vertex -19 -41.0244 45.8686
      vertex -14 -40.9552 45.7222
      vertex -19 -40.9552 45.7222
    endloop
  endfacet
  facet normal 0 -0.970106 -0.242681
    outer loop
      vertex -19 -36.8817 46.8219
      vertex -14 -36.921 46.979
      vertex -19 -36.921 46.979
    endloop
  endfacet
  facet normal 0 -0.970106 -0.242681
    outer loop
      vertex -14 -36.921 46.979
      vertex -19 -36.8817 46.8219
      vertex -14 -36.8817 46.8219
    endloop
  endfacet
  facet normal 0 -0.242681 0.970106
    outer loop
      vertex -19 -38.021 44.921
      vertex -14 -38.1781 44.8817
      vertex -14 -38.021 44.921
    endloop
  endfacet
  facet normal 0 -0.242681 0.970106
    outer loop
      vertex -14 -38.1781 44.8817
      vertex -19 -38.021 44.921
      vertex -19 -38.1781 44.8817
    endloop
  endfacet
  facet normal 0 -0.989144 0.146951
    outer loop
      vertex -19 -36.8817 46.1781
      vertex -14 -36.8579 46.3383
      vertex -19 -36.8579 46.3383
    endloop
  endfacet
  facet normal 0 -0.989144 0.146951
    outer loop
      vertex -14 -36.8579 46.3383
      vertex -19 -36.8817 46.1781
      vertex -14 -36.8817 46.1781
    endloop
  endfacet
  facet normal 0 -0.671689 -0.740833
    outer loop
      vertex -19 -37.4533 47.7755
      vertex -14 -37.3333 47.6667
      vertex -14 -37.4533 47.7755
    endloop
  endfacet
  facet normal -0 -0.671689 -0.740833
    outer loop
      vertex -14 -37.3333 47.6667
      vertex -19 -37.4533 47.7755
      vertex -19 -37.3333 47.6667
    endloop
  endfacet
  facet normal 0 -0.998809 0.0487977
    outer loop
      vertex -19 -36.8579 46.3383
      vertex -14 -36.85 46.5
      vertex -19 -36.85 46.5
    endloop
  endfacet
  facet normal 0 -0.998809 0.0487977
    outer loop
      vertex -14 -36.85 46.5
      vertex -19 -36.8579 46.3383
      vertex -14 -36.8579 46.3383
    endloop
  endfacet
  facet normal 0 -0.0487977 -0.998809
    outer loop
      vertex -19 -38.5 48.15
      vertex -14 -38.3383 48.1421
      vertex -14 -38.5 48.15
    endloop
  endfacet
  facet normal -0 -0.0487977 -0.998809
    outer loop
      vertex -14 -38.3383 48.1421
      vertex -19 -38.5 48.15
      vertex -19 -38.3383 48.1421
    endloop
  endfacet
  facet normal 0 -0.941406 -0.337275
    outer loop
      vertex -19 -36.921 46.979
      vertex -14 -36.9756 47.1314
      vertex -19 -36.9756 47.1314
    endloop
  endfacet
  facet normal 0 -0.941406 -0.337275
    outer loop
      vertex -14 -36.9756 47.1314
      vertex -19 -36.921 46.979
      vertex -14 -36.921 46.979
    endloop
  endfacet
  facet normal -0 0.242725 0.970095
    outer loop
      vertex -19 -8.8219 13.8817
      vertex -14 -8.97897 13.921
      vertex -14 -8.8219 13.8817
    endloop
  endfacet
  facet normal 0 0.242725 0.970095
    outer loop
      vertex -14 -8.97897 13.921
      vertex -19 -8.8219 13.8817
      vertex -19 -8.97897 13.921
    endloop
  endfacet
  facet normal 0 -0.803103 -0.59584
    outer loop
      vertex -19 -6.12808 16.4167
      vertex -14 -6.22453 16.5467
      vertex -19 -6.22453 16.5467
    endloop
  endfacet
  facet normal 0 -0.803103 -0.59584
    outer loop
      vertex -14 -6.22453 16.5467
      vertex -19 -6.12808 16.4167
      vertex -14 -6.12808 16.4167
    endloop
  endfacet
  facet normal 0 -0.242725 -0.970095
    outer loop
      vertex -19 -7.1781 17.1183
      vertex -14 -7.02103 17.079
      vertex -14 -7.1781 17.1183
    endloop
  endfacet
  facet normal -0 -0.242725 -0.970095
    outer loop
      vertex -14 -7.02103 17.079
      vertex -19 -7.1781 17.1183
      vertex -19 -7.02103 17.079
    endloop
  endfacet
  facet normal 0 0.595464 -0.803382
    outer loop
      vertex -19 -9.54675 16.7755
      vertex -14 -9.41669 16.8719
      vertex -14 -9.54675 16.7755
    endloop
  endfacet
  facet normal 0 0.595464 -0.803382
    outer loop
      vertex -14 -9.41669 16.8719
      vertex -19 -9.54675 16.7755
      vertex -19 -9.41669 16.8719
    endloop
  endfacet
  facet normal 0 0.242725 -0.970095
    outer loop
      vertex -19 -8.97897 17.079
      vertex -14 -8.8219 17.1183
      vertex -14 -8.97897 17.079
    endloop
  endfacet
  facet normal 0 0.242725 -0.970095
    outer loop
      vertex -14 -8.8219 17.1183
      vertex -19 -8.97897 17.079
      vertex -19 -8.8219 17.1183
    endloop
  endfacet
  facet normal 0 0.427391 -0.904067
    outer loop
      vertex -19 -9.27781 16.9552
      vertex -14 -9.13143 17.0244
      vertex -14 -9.27781 16.9552
    endloop
  endfacet
  facet normal 0 0.427391 -0.904067
    outer loop
      vertex -14 -9.13143 17.0244
      vertex -19 -9.27781 16.9552
      vertex -19 -9.13143 17.0244
    endloop
  endfacet
  facet normal 0 0.803073 -0.59588
    outer loop
      vertex -14 -9.87193 16.4167
      vertex -19 -9.77547 16.5467
      vertex -14 -9.77547 16.5467
    endloop
  endfacet
  facet normal 0 0.803073 -0.59588
    outer loop
      vertex -19 -9.77547 16.5467
      vertex -14 -9.87193 16.4167
      vertex -19 -9.87193 16.4167
    endloop
  endfacet
  facet normal 0 0.337158 -0.941448
    outer loop
      vertex -19 -9.13143 17.0244
      vertex -14 -8.97897 17.079
      vertex -14 -9.13143 17.0244
    endloop
  endfacet
  facet normal 0 0.337158 -0.941448
    outer loop
      vertex -14 -8.97897 17.079
      vertex -19 -9.13143 17.0244
      vertex -19 -8.97897 17.079
    endloop
  endfacet
  facet normal 0 0.514369 -0.857569
    outer loop
      vertex -19 -9.41669 16.8719
      vertex -14 -9.27781 16.9552
      vertex -14 -9.41669 16.8719
    endloop
  endfacet
  facet normal 0 0.514369 -0.857569
    outer loop
      vertex -14 -9.27781 16.9552
      vertex -19 -9.41669 16.8719
      vertex -19 -9.27781 16.9552
    endloop
  endfacet
  facet normal 0 0.741018 0.671486
    outer loop
      vertex -14 -9.66673 14.3333
      vertex -19 -9.77547 14.4533
      vertex -14 -9.77547 14.4533
    endloop
  endfacet
  facet normal 0 0.741018 0.671486
    outer loop
      vertex -19 -9.77547 14.4533
      vertex -14 -9.66673 14.3333
      vertex -19 -9.66673 14.3333
    endloop
  endfacet
  facet normal 0 -0.904018 -0.427494
    outer loop
      vertex -19 -5.9756 16.1314
      vertex -14 -6.04483 16.2778
      vertex -19 -6.04483 16.2778
    endloop
  endfacet
  facet normal 0 -0.904018 -0.427494
    outer loop
      vertex -14 -6.04483 16.2778
      vertex -19 -5.9756 16.1314
      vertex -14 -5.9756 16.1314
    endloop
  endfacet
  facet normal 0 0.998809 -0.0487977
    outer loop
      vertex -14 -10.15 15.5
      vertex -19 -10.1421 15.6617
      vertex -14 -10.1421 15.6617
    endloop
  endfacet
  facet normal 0 0.998809 -0.0487977
    outer loop
      vertex -19 -10.1421 15.6617
      vertex -14 -10.15 15.5
      vertex -19 -10.15 15.5
    endloop
  endfacet
  facet normal 0 0.857765 0.514042
    outer loop
      vertex -14 -9.87193 14.5833
      vertex -19 -9.95517 14.7222
      vertex -14 -9.95517 14.7222
    endloop
  endfacet
  facet normal 0 0.857765 0.514042
    outer loop
      vertex -19 -9.95517 14.7222
      vertex -14 -9.87193 14.5833
      vertex -19 -9.87193 14.5833
    endloop
  endfacet
  facet normal 0 -0.337158 -0.941448
    outer loop
      vertex -19 -7.02103 17.079
      vertex -14 -6.86857 17.0244
      vertex -14 -7.02103 17.079
    endloop
  endfacet
  facet normal -0 -0.337158 -0.941448
    outer loop
      vertex -14 -6.86857 17.0244
      vertex -19 -7.02103 17.079
      vertex -19 -6.86857 17.0244
    endloop
  endfacet
  facet normal -0 0.595464 0.803382
    outer loop
      vertex -19 -9.41669 14.1281
      vertex -14 -9.54675 14.2245
      vertex -14 -9.41669 14.1281
    endloop
  endfacet
  facet normal 0 0.595464 0.803382
    outer loop
      vertex -14 -9.54675 14.2245
      vertex -19 -9.41669 14.1281
      vertex -19 -9.54675 14.2245
    endloop
  endfacet
  facet normal 0 0.857765 -0.514042
    outer loop
      vertex -14 -9.95517 16.2778
      vertex -19 -9.87193 16.4167
      vertex -14 -9.87193 16.4167
    endloop
  endfacet
  facet normal 0 0.857765 -0.514042
    outer loop
      vertex -19 -9.87193 16.4167
      vertex -14 -9.95517 16.2778
      vertex -19 -9.95517 16.2778
    endloop
  endfacet
  facet normal 0 -0.904018 0.427494
    outer loop
      vertex -19 -6.04483 14.7222
      vertex -14 -5.9756 14.8686
      vertex -19 -5.9756 14.8686
    endloop
  endfacet
  facet normal 0 -0.904018 0.427494
    outer loop
      vertex -14 -5.9756 14.8686
      vertex -19 -6.04483 14.7222
      vertex -14 -6.04483 14.7222
    endloop
  endfacet
  facet normal 0 0.741018 -0.671486
    outer loop
      vertex -14 -9.77547 16.5467
      vertex -19 -9.66673 16.6667
      vertex -14 -9.66673 16.6667
    endloop
  endfacet
  facet normal 0 0.741018 -0.671486
    outer loop
      vertex -19 -9.66673 16.6667
      vertex -14 -9.77547 16.5467
      vertex -19 -9.77547 16.5467
    endloop
  endfacet
  facet normal 0 -0.741018 -0.671486
    outer loop
      vertex -19 -6.22453 16.5467
      vertex -14 -6.33327 16.6667
      vertex -19 -6.33327 16.6667
    endloop
  endfacet
  facet normal 0 -0.741018 -0.671486
    outer loop
      vertex -14 -6.33327 16.6667
      vertex -19 -6.22453 16.5467
      vertex -14 -6.22453 16.5467
    endloop
  endfacet
  facet normal 0 0.0487887 -0.998809
    outer loop
      vertex -19 -8.66173 17.1421
      vertex -14 -8.5 17.15
      vertex -14 -8.66173 17.1421
    endloop
  endfacet
  facet normal 0 0.0487887 -0.998809
    outer loop
      vertex -14 -8.5 17.15
      vertex -19 -8.66173 17.1421
      vertex -19 -8.5 17.15
    endloop
  endfacet
  facet normal 0 -0.595464 -0.803382
    outer loop
      vertex -19 -6.58331 16.8719
      vertex -14 -6.45325 16.7755
      vertex -14 -6.58331 16.8719
    endloop
  endfacet
  facet normal -0 -0.595464 -0.803382
    outer loop
      vertex -14 -6.45325 16.7755
      vertex -19 -6.58331 16.8719
      vertex -19 -6.45325 16.7755
    endloop
  endfacet
  facet normal 0 0.941406 -0.337275
    outer loop
      vertex -14 -10.079 15.979
      vertex -19 -10.0244 16.1314
      vertex -14 -10.0244 16.1314
    endloop
  endfacet
  facet normal 0 0.941406 -0.337275
    outer loop
      vertex -19 -10.0244 16.1314
      vertex -14 -10.079 15.979
      vertex -19 -10.079 15.979
    endloop
  endfacet
  facet normal 0 -0.0487887 0.998809
    outer loop
      vertex -19 -7.33827 13.8579
      vertex -14 -7.5 13.85
      vertex -14 -7.33827 13.8579
    endloop
  endfacet
  facet normal 0 -0.0487887 0.998809
    outer loop
      vertex -14 -7.5 13.85
      vertex -19 -7.33827 13.8579
      vertex -19 -7.5 13.85
    endloop
  endfacet
  facet normal -0 0.337158 0.941448
    outer loop
      vertex -19 -8.97897 13.921
      vertex -14 -9.13143 13.9756
      vertex -14 -8.97897 13.921
    endloop
  endfacet
  facet normal 0 0.337158 0.941448
    outer loop
      vertex -14 -9.13143 13.9756
      vertex -19 -8.97897 13.921
      vertex -19 -9.13143 13.9756
    endloop
  endfacet
  facet normal 0 -0.595464 0.803382
    outer loop
      vertex -19 -6.45325 14.2245
      vertex -14 -6.58331 14.1281
      vertex -14 -6.45325 14.2245
    endloop
  endfacet
  facet normal 0 -0.595464 0.803382
    outer loop
      vertex -14 -6.58331 14.1281
      vertex -19 -6.45325 14.2245
      vertex -19 -6.58331 14.1281
    endloop
  endfacet
  facet normal 0 0.904018 -0.427494
    outer loop
      vertex -14 -10.0244 16.1314
      vertex -19 -9.95517 16.2778
      vertex -14 -9.95517 16.2778
    endloop
  endfacet
  facet normal 0 0.904018 -0.427494
    outer loop
      vertex -19 -9.95517 16.2778
      vertex -14 -10.0244 16.1314
      vertex -19 -10.0244 16.1314
    endloop
  endfacet
  facet normal -0 0.427391 0.904067
    outer loop
      vertex -19 -9.13143 13.9756
      vertex -14 -9.27781 14.0448
      vertex -14 -9.13143 13.9756
    endloop
  endfacet
  facet normal 0 0.427391 0.904067
    outer loop
      vertex -14 -9.27781 14.0448
      vertex -19 -9.13143 13.9756
      vertex -19 -9.27781 14.0448
    endloop
  endfacet
  facet normal 0 -0.514341 -0.857586
    outer loop
      vertex -19 -6.7222 16.9552
      vertex -14 -6.58331 16.8719
      vertex -14 -6.7222 16.9552
    endloop
  endfacet
  facet normal -0 -0.514341 -0.857586
    outer loop
      vertex -14 -6.58331 16.8719
      vertex -19 -6.7222 16.9552
      vertex -19 -6.58331 16.8719
    endloop
  endfacet
  facet normal -0 0 1
    outer loop
      vertex -19 -7.5 13.85
      vertex -14 -8.5 13.85
      vertex -14 -7.5 13.85
    endloop
  endfacet
  facet normal 0 0 1
    outer loop
      vertex -14 -8.5 13.85
      vertex -19 -7.5 13.85
      vertex -19 -8.5 13.85
    endloop
  endfacet
  facet normal 0 -0.337158 0.941448
    outer loop
      vertex -19 -6.86857 13.9756
      vertex -14 -7.02103 13.921
      vertex -14 -6.86857 13.9756
    endloop
  endfacet
  facet normal 0 -0.337158 0.941448
    outer loop
      vertex -14 -7.02103 13.921
      vertex -19 -6.86857 13.9756
      vertex -19 -7.02103 13.921
    endloop
  endfacet
  facet normal -0 0.146978 0.98914
    outer loop
      vertex -19 -8.66173 13.8579
      vertex -14 -8.8219 13.8817
      vertex -14 -8.66173 13.8579
    endloop
  endfacet
  facet normal 0 0.146978 0.98914
    outer loop
      vertex -14 -8.8219 13.8817
      vertex -19 -8.66173 13.8579
      vertex -19 -8.8219 13.8817
    endloop
  endfacet
  facet normal 0 0.67175 -0.740778
    outer loop
      vertex -19 -9.66673 16.6667
      vertex -14 -9.54675 16.7755
      vertex -14 -9.66673 16.6667
    endloop
  endfacet
  facet normal 0 0.67175 -0.740778
    outer loop
      vertex -14 -9.54675 16.7755
      vertex -19 -9.66673 16.6667
      vertex -19 -9.54675 16.7755
    endloop
  endfacet
  facet normal -0 0.67175 0.740778
    outer loop
      vertex -19 -9.54675 14.2245
      vertex -14 -9.66673 14.3333
      vertex -14 -9.54675 14.2245
    endloop
  endfacet
  facet normal 0 0.67175 0.740778
    outer loop
      vertex -14 -9.66673 14.3333
      vertex -19 -9.54675 14.2245
      vertex -19 -9.66673 14.3333
    endloop
  endfacet
  facet normal 0 0.970106 -0.242681
    outer loop
      vertex -14 -10.1183 15.8219
      vertex -19 -10.079 15.979
      vertex -14 -10.079 15.979
    endloop
  endfacet
  facet normal 0 0.970106 -0.242681
    outer loop
      vertex -19 -10.079 15.979
      vertex -14 -10.1183 15.8219
      vertex -19 -10.1183 15.8219
    endloop
  endfacet
  facet normal 0 -0.67175 0.740778
    outer loop
      vertex -19 -6.33327 14.3333
      vertex -14 -6.45325 14.2245
      vertex -14 -6.33327 14.3333
    endloop
  endfacet
  facet normal 0 -0.67175 0.740778
    outer loop
      vertex -14 -6.45325 14.2245
      vertex -19 -6.33327 14.3333
      vertex -19 -6.45325 14.2245
    endloop
  endfacet
  facet normal 0 -0.998794 -0.0491058
    outer loop
      vertex -19 -5.85 15.5
      vertex -14 -5.85795 15.6617
      vertex -19 -5.85795 15.6617
    endloop
  endfacet
  facet normal 0 -0.998794 -0.0491058
    outer loop
      vertex -14 -5.85795 15.6617
      vertex -19 -5.85 15.5
      vertex -14 -5.85 15.5
    endloop
  endfacet
  facet normal 0 -0.741018 0.671486
    outer loop
      vertex -19 -6.33327 14.3333
      vertex -14 -6.22453 14.4533
      vertex -19 -6.22453 14.4533
    endloop
  endfacet
  facet normal 0 -0.741018 0.671486
    outer loop
      vertex -14 -6.22453 14.4533
      vertex -19 -6.33327 14.3333
      vertex -14 -6.33327 14.3333
    endloop
  endfacet
  facet normal 0 0.989144 -0.146951
    outer loop
      vertex -14 -10.1421 15.6617
      vertex -19 -10.1183 15.8219
      vertex -14 -10.1183 15.8219
    endloop
  endfacet
  facet normal 0 0.989144 -0.146951
    outer loop
      vertex -19 -10.1183 15.8219
      vertex -14 -10.1421 15.6617
      vertex -19 -10.1421 15.6617
    endloop
  endfacet
  facet normal 0 0.989144 0.146951
    outer loop
      vertex -14 -10.1183 15.1781
      vertex -19 -10.1421 15.3383
      vertex -14 -10.1421 15.3383
    endloop
  endfacet
  facet normal 0 0.989144 0.146951
    outer loop
      vertex -19 -10.1421 15.3383
      vertex -14 -10.1183 15.1781
      vertex -19 -10.1183 15.1781
    endloop
  endfacet
  facet normal 0 0.998809 0.0487977
    outer loop
      vertex -14 -10.1421 15.3383
      vertex -19 -10.15 15.5
      vertex -14 -10.15 15.5
    endloop
  endfacet
  facet normal 0 0.998809 0.0487977
    outer loop
      vertex -19 -10.15 15.5
      vertex -14 -10.1421 15.3383
      vertex -19 -10.1421 15.3383
    endloop
  endfacet
  facet normal 0 0.803073 0.59588
    outer loop
      vertex -14 -9.77547 14.4533
      vertex -19 -9.87193 14.5833
      vertex -14 -9.87193 14.5833
    endloop
  endfacet
  facet normal 0 0.803073 0.59588
    outer loop
      vertex -19 -9.87193 14.5833
      vertex -14 -9.77547 14.4533
      vertex -19 -9.77547 14.4533
    endloop
  endfacet
  facet normal -0 0.514369 0.857569
    outer loop
      vertex -19 -9.27781 14.0448
      vertex -14 -9.41669 14.1281
      vertex -14 -9.27781 14.0448
    endloop
  endfacet
  facet normal 0 0.514369 0.857569
    outer loop
      vertex -14 -9.41669 14.1281
      vertex -19 -9.27781 14.0448
      vertex -19 -9.41669 14.1281
    endloop
  endfacet
  facet normal 0 -0.941504 0.337002
    outer loop
      vertex -19 -5.9756 14.8686
      vertex -14 -5.92105 15.021
      vertex -19 -5.92105 15.021
    endloop
  endfacet
  facet normal 0 -0.941504 0.337002
    outer loop
      vertex -14 -5.92105 15.021
      vertex -19 -5.9756 14.8686
      vertex -14 -5.9756 14.8686
    endloop
  endfacet
  facet normal -0 0.0487887 0.998809
    outer loop
      vertex -19 -8.5 13.85
      vertex -14 -8.66173 13.8579
      vertex -14 -8.5 13.85
    endloop
  endfacet
  facet normal 0 0.0487887 0.998809
    outer loop
      vertex -14 -8.66173 13.8579
      vertex -19 -8.5 13.85
      vertex -19 -8.66173 13.8579
    endloop
  endfacet
  facet normal 0 0 -1
    outer loop
      vertex -19 -8.5 17.15
      vertex -14 -7.5 17.15
      vertex -14 -8.5 17.15
    endloop
  endfacet
  facet normal -0 0 -1
    outer loop
      vertex -14 -7.5 17.15
      vertex -19 -8.5 17.15
      vertex -19 -7.5 17.15
    endloop
  endfacet
  facet normal 0 -0.803103 0.59584
    outer loop
      vertex -19 -6.22453 14.4533
      vertex -14 -6.12808 14.5833
      vertex -19 -6.12808 14.5833
    endloop
  endfacet
  facet normal 0 -0.803103 0.59584
    outer loop
      vertex -14 -6.12808 14.5833
      vertex -19 -6.22453 14.4533
      vertex -14 -6.22453 14.4533
    endloop
  endfacet
  facet normal 0 -0.146978 -0.98914
    outer loop
      vertex -19 -7.33827 17.1421
      vertex -14 -7.1781 17.1183
      vertex -14 -7.33827 17.1421
    endloop
  endfacet
  facet normal -0 -0.146978 -0.98914
    outer loop
      vertex -14 -7.1781 17.1183
      vertex -19 -7.33827 17.1421
      vertex -19 -7.1781 17.1183
    endloop
  endfacet
  facet normal 0 -0.514341 0.857586
    outer loop
      vertex -19 -6.58331 14.1281
      vertex -14 -6.7222 14.0448
      vertex -14 -6.58331 14.1281
    endloop
  endfacet
  facet normal 0 -0.514341 0.857586
    outer loop
      vertex -14 -6.7222 14.0448
      vertex -19 -6.58331 14.1281
      vertex -19 -6.7222 14.0448
    endloop
  endfacet
  facet normal 0 0.941406 0.337275
    outer loop
      vertex -14 -10.0244 14.8686
      vertex -19 -10.079 15.021
      vertex -14 -10.079 15.021
    endloop
  endfacet
  facet normal 0 0.941406 0.337275
    outer loop
      vertex -19 -10.079 15.021
      vertex -14 -10.0244 14.8686
      vertex -19 -10.0244 14.8686
    endloop
  endfacet
  facet normal 0 -0.427414 0.904056
    outer loop
      vertex -19 -6.7222 14.0448
      vertex -14 -6.86857 13.9756
      vertex -14 -6.7222 14.0448
    endloop
  endfacet
  facet normal 0 -0.427414 0.904056
    outer loop
      vertex -14 -6.86857 13.9756
      vertex -19 -6.7222 14.0448
      vertex -19 -6.86857 13.9756
    endloop
  endfacet
  facet normal 0 0.970106 0.242681
    outer loop
      vertex -14 -10.079 15.021
      vertex -19 -10.1183 15.1781
      vertex -14 -10.1183 15.1781
    endloop
  endfacet
  facet normal 0 0.970106 0.242681
    outer loop
      vertex -19 -10.1183 15.1781
      vertex -14 -10.079 15.021
      vertex -19 -10.079 15.021
    endloop
  endfacet
  facet normal 0 -0.970033 0.242971
    outer loop
      vertex -19 -5.92105 15.021
      vertex -14 -5.8817 15.1781
      vertex -19 -5.8817 15.1781
    endloop
  endfacet
  facet normal 0 -0.970033 0.242971
    outer loop
      vertex -14 -5.8817 15.1781
      vertex -19 -5.92105 15.021
      vertex -14 -5.92105 15.021
    endloop
  endfacet
  facet normal 0 0.146978 -0.98914
    outer loop
      vertex -19 -8.8219 17.1183
      vertex -14 -8.66173 17.1421
      vertex -14 -8.8219 17.1183
    endloop
  endfacet
  facet normal 0 0.146978 -0.98914
    outer loop
      vertex -14 -8.66173 17.1421
      vertex -19 -8.8219 17.1183
      vertex -19 -8.66173 17.1421
    endloop
  endfacet
  facet normal 0 -0.146978 0.98914
    outer loop
      vertex -19 -7.1781 13.8817
      vertex -14 -7.33827 13.8579
      vertex -14 -7.1781 13.8817
    endloop
  endfacet
  facet normal 0 -0.146978 0.98914
    outer loop
      vertex -14 -7.33827 13.8579
      vertex -19 -7.1781 13.8817
      vertex -19 -7.33827 13.8579
    endloop
  endfacet
  facet normal 0 -0.857738 -0.514087
    outer loop
      vertex -19 -6.04483 16.2778
      vertex -14 -6.12808 16.4167
      vertex -19 -6.12808 16.4167
    endloop
  endfacet
  facet normal 0 -0.857738 -0.514087
    outer loop
      vertex -14 -6.12808 16.4167
      vertex -19 -6.04483 16.2778
      vertex -14 -6.04483 16.2778
    endloop
  endfacet
  facet normal 0 -0.857738 0.514087
    outer loop
      vertex -19 -6.12808 14.5833
      vertex -14 -6.04483 14.7222
      vertex -19 -6.04483 14.7222
    endloop
  endfacet
  facet normal 0 -0.857738 0.514087
    outer loop
      vertex -14 -6.04483 14.7222
      vertex -19 -6.12808 14.5833
      vertex -14 -6.12808 14.5833
    endloop
  endfacet
  facet normal 0 0.904018 0.427494
    outer loop
      vertex -14 -9.95517 14.7222
      vertex -19 -10.0244 14.8686
      vertex -14 -10.0244 14.8686
    endloop
  endfacet
  facet normal 0 0.904018 0.427494
    outer loop
      vertex -19 -10.0244 14.8686
      vertex -14 -9.95517 14.7222
      vertex -19 -9.95517 14.7222
    endloop
  endfacet
  facet normal 0 -0.970033 -0.242971
    outer loop
      vertex -19 -5.8817 15.8219
      vertex -14 -5.92105 15.979
      vertex -19 -5.92105 15.979
    endloop
  endfacet
  facet normal 0 -0.970033 -0.242971
    outer loop
      vertex -14 -5.92105 15.979
      vertex -19 -5.8817 15.8219
      vertex -14 -5.8817 15.8219
    endloop
  endfacet
  facet normal 0 -0.242725 0.970095
    outer loop
      vertex -19 -7.02103 13.921
      vertex -14 -7.1781 13.8817
      vertex -14 -7.02103 13.921
    endloop
  endfacet
  facet normal 0 -0.242725 0.970095
    outer loop
      vertex -14 -7.1781 13.8817
      vertex -19 -7.02103 13.921
      vertex -19 -7.1781 13.8817
    endloop
  endfacet
  facet normal 0 -0.989189 0.146649
    outer loop
      vertex -19 -5.8817 15.1781
      vertex -14 -5.85795 15.3383
      vertex -19 -5.85795 15.3383
    endloop
  endfacet
  facet normal 0 -0.989189 0.146649
    outer loop
      vertex -14 -5.85795 15.3383
      vertex -19 -5.8817 15.1781
      vertex -14 -5.8817 15.1781
    endloop
  endfacet
  facet normal 0 -0.67175 -0.740778
    outer loop
      vertex -19 -6.45325 16.7755
      vertex -14 -6.33327 16.6667
      vertex -14 -6.45325 16.7755
    endloop
  endfacet
  facet normal -0 -0.67175 -0.740778
    outer loop
      vertex -14 -6.33327 16.6667
      vertex -19 -6.45325 16.7755
      vertex -19 -6.33327 16.6667
    endloop
  endfacet
  facet normal 0 -0.427414 -0.904056
    outer loop
      vertex -19 -6.86857 17.0244
      vertex -14 -6.7222 16.9552
      vertex -14 -6.86857 17.0244
    endloop
  endfacet
  facet normal -0 -0.427414 -0.904056
    outer loop
      vertex -14 -6.7222 16.9552
      vertex -19 -6.86857 17.0244
      vertex -19 -6.7222 16.9552
    endloop
  endfacet
  facet normal 0 -0.998794 0.0491058
    outer loop
      vertex -19 -5.85795 15.3383
      vertex -14 -5.85 15.5
      vertex -19 -5.85 15.5
    endloop
  endfacet
  facet normal 0 -0.998794 0.0491058
    outer loop
      vertex -14 -5.85 15.5
      vertex -19 -5.85795 15.3383
      vertex -14 -5.85795 15.3383
    endloop
  endfacet
  facet normal 0 -0.0487887 -0.998809
    outer loop
      vertex -19 -7.5 17.15
      vertex -14 -7.33827 17.1421
      vertex -14 -7.5 17.15
    endloop
  endfacet
  facet normal -0 -0.0487887 -0.998809
    outer loop
      vertex -14 -7.33827 17.1421
      vertex -19 -7.5 17.15
      vertex -19 -7.33827 17.1421
    endloop
  endfacet
  facet normal 0 -0.989189 -0.146649
    outer loop
      vertex -19 -5.85795 15.6617
      vertex -14 -5.8817 15.8219
      vertex -19 -5.8817 15.8219
    endloop
  endfacet
  facet normal 0 -0.989189 -0.146649
    outer loop
      vertex -14 -5.8817 15.8219
      vertex -19 -5.85795 15.6617
      vertex -14 -5.85795 15.6617
    endloop
  endfacet
  facet normal 0 -0.941504 -0.337002
    outer loop
      vertex -19 -5.92105 15.979
      vertex -14 -5.9756 16.1314
      vertex -19 -5.9756 16.1314
    endloop
  endfacet
  facet normal 0 -0.941504 -0.337002
    outer loop
      vertex -14 -5.9756 16.1314
      vertex -19 -5.92105 15.979
      vertex -14 -5.92105 15.979
    endloop
  endfacet
  facet normal -0 0.242725 0.970095
    outer loop
      vertex -19 -8.8219 44.8817
      vertex -14 -8.97897 44.921
      vertex -14 -8.8219 44.8817
    endloop
  endfacet
  facet normal 0 0.242725 0.970095
    outer loop
      vertex -14 -8.97897 44.921
      vertex -19 -8.8219 44.8817
      vertex -19 -8.97897 44.921
    endloop
  endfacet
  facet normal 0 -0.803103 -0.59584
    outer loop
      vertex -19 -6.12808 47.4167
      vertex -14 -6.22453 47.5467
      vertex -19 -6.22453 47.5467
    endloop
  endfacet
  facet normal 0 -0.803103 -0.59584
    outer loop
      vertex -14 -6.22453 47.5467
      vertex -19 -6.12808 47.4167
      vertex -14 -6.12808 47.4167
    endloop
  endfacet
  facet normal 0 -0.243306 -0.96995
    outer loop
      vertex -19 -7.1781 48.1183
      vertex -14 -7.02103 48.0789
      vertex -14 -7.1781 48.1183
    endloop
  endfacet
  facet normal -0 -0.243306 -0.96995
    outer loop
      vertex -14 -7.02103 48.0789
      vertex -19 -7.1781 48.1183
      vertex -19 -7.02103 48.0789
    endloop
  endfacet
  facet normal 0 0.595464 -0.803382
    outer loop
      vertex -19 -9.54675 47.7755
      vertex -14 -9.41669 47.8719
      vertex -14 -9.54675 47.7755
    endloop
  endfacet
  facet normal 0 0.595464 -0.803382
    outer loop
      vertex -14 -9.41669 47.8719
      vertex -19 -9.54675 47.7755
      vertex -19 -9.41669 47.8719
    endloop
  endfacet
  facet normal 0 0.243306 -0.96995
    outer loop
      vertex -19 -8.97897 48.0789
      vertex -14 -8.8219 48.1183
      vertex -14 -8.97897 48.0789
    endloop
  endfacet
  facet normal 0 0.243306 -0.96995
    outer loop
      vertex -14 -8.8219 48.1183
      vertex -19 -8.97897 48.0789
      vertex -19 -8.8219 48.1183
    endloop
  endfacet
  facet normal 0 -0.0487887 -0.998809
    outer loop
      vertex -19 -7.5 48.15
      vertex -14 -7.33827 48.1421
      vertex -14 -7.5 48.15
    endloop
  endfacet
  facet normal -0 -0.0487887 -0.998809
    outer loop
      vertex -14 -7.33827 48.1421
      vertex -19 -7.5 48.15
      vertex -19 -7.33827 48.1421
    endloop
  endfacet
  facet normal 0 0.427391 -0.904067
    outer loop
      vertex -19 -9.27781 47.9552
      vertex -14 -9.13143 48.0244
      vertex -14 -9.27781 47.9552
    endloop
  endfacet
  facet normal 0 0.427391 -0.904067
    outer loop
      vertex -14 -9.13143 48.0244
      vertex -19 -9.27781 47.9552
      vertex -19 -9.13143 48.0244
    endloop
  endfacet
  facet normal 0 0.803073 -0.59588
    outer loop
      vertex -14 -9.87193 47.4167
      vertex -19 -9.77547 47.5467
      vertex -14 -9.77547 47.5467
    endloop
  endfacet
  facet normal 0 0.803073 -0.59588
    outer loop
      vertex -19 -9.77547 47.5467
      vertex -14 -9.87193 47.4167
      vertex -19 -9.87193 47.4167
    endloop
  endfacet
  facet normal 0 0.33661 -0.941644
    outer loop
      vertex -19 -9.13143 48.0244
      vertex -14 -8.97897 48.0789
      vertex -14 -9.13143 48.0244
    endloop
  endfacet
  facet normal 0 0.33661 -0.941644
    outer loop
      vertex -14 -8.97897 48.0789
      vertex -19 -9.13143 48.0244
      vertex -19 -8.97897 48.0789
    endloop
  endfacet
  facet normal 0 0.514369 -0.857569
    outer loop
      vertex -19 -9.41669 47.8719
      vertex -14 -9.27781 47.9552
      vertex -14 -9.41669 47.8719
    endloop
  endfacet
  facet normal 0 0.514369 -0.857569
    outer loop
      vertex -14 -9.27781 47.9552
      vertex -19 -9.41669 47.8719
      vertex -19 -9.27781 47.9552
    endloop
  endfacet
  facet normal 0 0.741018 0.671486
    outer loop
      vertex -14 -9.66673 45.3333
      vertex -19 -9.77547 45.4533
      vertex -14 -9.77547 45.4533
    endloop
  endfacet
  facet normal 0 0.741018 0.671486
    outer loop
      vertex -19 -9.77547 45.4533
      vertex -14 -9.66673 45.3333
      vertex -19 -9.66673 45.3333
    endloop
  endfacet
  facet normal 0 -0.904018 -0.427494
    outer loop
      vertex -19 -5.9756 47.1314
      vertex -14 -6.04483 47.2778
      vertex -19 -6.04483 47.2778
    endloop
  endfacet
  facet normal 0 -0.904018 -0.427494
    outer loop
      vertex -14 -6.04483 47.2778
      vertex -19 -5.9756 47.1314
      vertex -14 -5.9756 47.1314
    endloop
  endfacet
  facet normal 0 0.998809 -0.0487977
    outer loop
      vertex -14 -10.15 46.5
      vertex -19 -10.1421 46.6617
      vertex -14 -10.1421 46.6617
    endloop
  endfacet
  facet normal 0 0.998809 -0.0487977
    outer loop
      vertex -19 -10.1421 46.6617
      vertex -14 -10.15 46.5
      vertex -19 -10.15 46.5
    endloop
  endfacet
  facet normal 0 0.857765 0.514042
    outer loop
      vertex -14 -9.87193 45.5833
      vertex -19 -9.95517 45.7222
      vertex -14 -9.95517 45.7222
    endloop
  endfacet
  facet normal 0 0.857765 0.514042
    outer loop
      vertex -19 -9.95517 45.7222
      vertex -14 -9.87193 45.5833
      vertex -19 -9.87193 45.5833
    endloop
  endfacet
  facet normal 0 -0.33661 -0.941644
    outer loop
      vertex -19 -7.02103 48.0789
      vertex -14 -6.86857 48.0244
      vertex -14 -7.02103 48.0789
    endloop
  endfacet
  facet normal -0 -0.33661 -0.941644
    outer loop
      vertex -14 -6.86857 48.0244
      vertex -19 -7.02103 48.0789
      vertex -19 -6.86857 48.0244
    endloop
  endfacet
  facet normal -0 0.595464 0.803382
    outer loop
      vertex -19 -9.41669 45.1281
      vertex -14 -9.54675 45.2245
      vertex -14 -9.41669 45.1281
    endloop
  endfacet
  facet normal 0 0.595464 0.803382
    outer loop
      vertex -14 -9.54675 45.2245
      vertex -19 -9.41669 45.1281
      vertex -19 -9.54675 45.2245
    endloop
  endfacet
  facet normal 0 0.857765 -0.514042
    outer loop
      vertex -14 -9.95517 47.2778
      vertex -19 -9.87193 47.4167
      vertex -14 -9.87193 47.4167
    endloop
  endfacet
  facet normal 0 0.857765 -0.514042
    outer loop
      vertex -19 -9.87193 47.4167
      vertex -14 -9.95517 47.2778
      vertex -19 -9.95517 47.2778
    endloop
  endfacet
  facet normal 0 -0.904018 0.427494
    outer loop
      vertex -19 -6.04483 45.7222
      vertex -14 -5.9756 45.8686
      vertex -19 -5.9756 45.8686
    endloop
  endfacet
  facet normal 0 -0.904018 0.427494
    outer loop
      vertex -14 -5.9756 45.8686
      vertex -19 -6.04483 45.7222
      vertex -14 -6.04483 45.7222
    endloop
  endfacet
  facet normal 0 0.741018 -0.671486
    outer loop
      vertex -14 -9.77547 47.5467
      vertex -19 -9.66673 47.6667
      vertex -14 -9.66673 47.6667
    endloop
  endfacet
  facet normal 0 0.741018 -0.671486
    outer loop
      vertex -19 -9.66673 47.6667
      vertex -14 -9.77547 47.5467
      vertex -19 -9.77547 47.5467
    endloop
  endfacet
  facet normal 0 -0.741018 -0.671486
    outer loop
      vertex -19 -6.22453 47.5467
      vertex -14 -6.33327 47.6667
      vertex -19 -6.33327 47.6667
    endloop
  endfacet
  facet normal 0 -0.741018 -0.671486
    outer loop
      vertex -14 -6.33327 47.6667
      vertex -19 -6.22453 47.5467
      vertex -14 -6.22453 47.5467
    endloop
  endfacet
  facet normal 0 0.0487887 -0.998809
    outer loop
      vertex -19 -8.66173 48.1421
      vertex -14 -8.5 48.15
      vertex -14 -8.66173 48.1421
    endloop
  endfacet
  facet normal 0 0.0487887 -0.998809
    outer loop
      vertex -14 -8.5 48.15
      vertex -19 -8.66173 48.1421
      vertex -19 -8.5 48.15
    endloop
  endfacet
  facet normal 0 -0.595464 -0.803382
    outer loop
      vertex -19 -6.58331 47.8719
      vertex -14 -6.45325 47.7755
      vertex -14 -6.58331 47.8719
    endloop
  endfacet
  facet normal -0 -0.595464 -0.803382
    outer loop
      vertex -14 -6.45325 47.7755
      vertex -19 -6.58331 47.8719
      vertex -19 -6.45325 47.7755
    endloop
  endfacet
  facet normal 0 0.941406 -0.337275
    outer loop
      vertex -14 -10.079 46.979
      vertex -19 -10.0244 47.1314
      vertex -14 -10.0244 47.1314
    endloop
  endfacet
  facet normal 0 0.941406 -0.337275
    outer loop
      vertex -19 -10.0244 47.1314
      vertex -14 -10.079 46.979
      vertex -19 -10.079 46.979
    endloop
  endfacet
  facet normal 0 -0.0487887 0.998809
    outer loop
      vertex -19 -7.33827 44.8579
      vertex -14 -7.5 44.85
      vertex -14 -7.33827 44.8579
    endloop
  endfacet
  facet normal 0 -0.0487887 0.998809
    outer loop
      vertex -14 -7.5 44.85
      vertex -19 -7.33827 44.8579
      vertex -19 -7.5 44.85
    endloop
  endfacet
  facet normal -0 0.337158 0.941448
    outer loop
      vertex -19 -8.97897 44.921
      vertex -14 -9.13143 44.9756
      vertex -14 -8.97897 44.921
    endloop
  endfacet
  facet normal 0 0.337158 0.941448
    outer loop
      vertex -14 -9.13143 44.9756
      vertex -19 -8.97897 44.921
      vertex -19 -9.13143 44.9756
    endloop
  endfacet
  facet normal 0 -0.595464 0.803382
    outer loop
      vertex -19 -6.45325 45.2245
      vertex -14 -6.58331 45.1281
      vertex -14 -6.45325 45.2245
    endloop
  endfacet
  facet normal 0 -0.595464 0.803382
    outer loop
      vertex -14 -6.58331 45.1281
      vertex -19 -6.45325 45.2245
      vertex -19 -6.58331 45.1281
    endloop
  endfacet
  facet normal 0 0.904018 -0.427494
    outer loop
      vertex -14 -10.0244 47.1314
      vertex -19 -9.95517 47.2778
      vertex -14 -9.95517 47.2778
    endloop
  endfacet
  facet normal 0 0.904018 -0.427494
    outer loop
      vertex -19 -9.95517 47.2778
      vertex -14 -10.0244 47.1314
      vertex -19 -10.0244 47.1314
    endloop
  endfacet
  facet normal -0 0.427391 0.904067
    outer loop
      vertex -19 -9.13143 44.9756
      vertex -14 -9.27781 45.0448
      vertex -14 -9.13143 44.9756
    endloop
  endfacet
  facet normal 0 0.427391 0.904067
    outer loop
      vertex -14 -9.27781 45.0448
      vertex -19 -9.13143 44.9756
      vertex -19 -9.27781 45.0448
    endloop
  endfacet
  facet normal 0 -0.514341 -0.857586
    outer loop
      vertex -19 -6.7222 47.9552
      vertex -14 -6.58331 47.8719
      vertex -14 -6.7222 47.9552
    endloop
  endfacet
  facet normal -0 -0.514341 -0.857586
    outer loop
      vertex -14 -6.58331 47.8719
      vertex -19 -6.7222 47.9552
      vertex -19 -6.58331 47.8719
    endloop
  endfacet
  facet normal -0 0 1
    outer loop
      vertex -19 -7.5 44.85
      vertex -14 -8.5 44.85
      vertex -14 -7.5 44.85
    endloop
  endfacet
  facet normal 0 0 1
    outer loop
      vertex -14 -8.5 44.85
      vertex -19 -7.5 44.85
      vertex -19 -8.5 44.85
    endloop
  endfacet
  facet normal 0 -0.337158 0.941448
    outer loop
      vertex -19 -6.86857 44.9756
      vertex -14 -7.02103 44.921
      vertex -14 -6.86857 44.9756
    endloop
  endfacet
  facet normal 0 -0.337158 0.941448
    outer loop
      vertex -14 -7.02103 44.921
      vertex -19 -6.86857 44.9756
      vertex -19 -7.02103 44.921
    endloop
  endfacet
  facet normal -0 0.146978 0.98914
    outer loop
      vertex -19 -8.66173 44.8579
      vertex -14 -8.8219 44.8817
      vertex -14 -8.66173 44.8579
    endloop
  endfacet
  facet normal 0 0.146978 0.98914
    outer loop
      vertex -14 -8.8219 44.8817
      vertex -19 -8.66173 44.8579
      vertex -19 -8.8219 44.8817
    endloop
  endfacet
  facet normal 0 0.67175 -0.740778
    outer loop
      vertex -19 -9.66673 47.6667
      vertex -14 -9.54675 47.7755
      vertex -14 -9.66673 47.6667
    endloop
  endfacet
  facet normal 0 0.67175 -0.740778
    outer loop
      vertex -14 -9.54675 47.7755
      vertex -19 -9.66673 47.6667
      vertex -19 -9.54675 47.7755
    endloop
  endfacet
  facet normal -0 0.67175 0.740778
    outer loop
      vertex -19 -9.54675 45.2245
      vertex -14 -9.66673 45.3333
      vertex -14 -9.54675 45.2245
    endloop
  endfacet
  facet normal 0 0.67175 0.740778
    outer loop
      vertex -14 -9.66673 45.3333
      vertex -19 -9.54675 45.2245
      vertex -19 -9.66673 45.3333
    endloop
  endfacet
  facet normal 0 0.970106 -0.242681
    outer loop
      vertex -14 -10.1183 46.8219
      vertex -19 -10.079 46.979
      vertex -14 -10.079 46.979
    endloop
  endfacet
  facet normal 0 0.970106 -0.242681
    outer loop
      vertex -19 -10.079 46.979
      vertex -14 -10.1183 46.8219
      vertex -19 -10.1183 46.8219
    endloop
  endfacet
  facet normal 0 -0.67175 0.740778
    outer loop
      vertex -19 -6.33327 45.3333
      vertex -14 -6.45325 45.2245
      vertex -14 -6.33327 45.3333
    endloop
  endfacet
  facet normal 0 -0.67175 0.740778
    outer loop
      vertex -14 -6.45325 45.2245
      vertex -19 -6.33327 45.3333
      vertex -19 -6.45325 45.2245
    endloop
  endfacet
  facet normal 0 -0.989189 -0.146649
    outer loop
      vertex -19 -5.85795 46.6617
      vertex -14 -5.8817 46.8219
      vertex -19 -5.8817 46.8219
    endloop
  endfacet
  facet normal 0 -0.989189 -0.146649
    outer loop
      vertex -14 -5.8817 46.8219
      vertex -19 -5.85795 46.6617
      vertex -14 -5.85795 46.6617
    endloop
  endfacet
  facet normal 0 -0.998794 -0.0491058
    outer loop
      vertex -19 -5.85 46.5
      vertex -14 -5.85795 46.6617
      vertex -19 -5.85795 46.6617
    endloop
  endfacet
  facet normal 0 -0.998794 -0.0491058
    outer loop
      vertex -14 -5.85795 46.6617
      vertex -19 -5.85 46.5
      vertex -14 -5.85 46.5
    endloop
  endfacet
  facet normal 0 -0.741018 0.671486
    outer loop
      vertex -19 -6.33327 45.3333
      vertex -14 -6.22453 45.4533
      vertex -19 -6.22453 45.4533
    endloop
  endfacet
  facet normal 0 -0.741018 0.671486
    outer loop
      vertex -14 -6.22453 45.4533
      vertex -19 -6.33327 45.3333
      vertex -14 -6.33327 45.3333
    endloop
  endfacet
  facet normal 0 0.989144 -0.146951
    outer loop
      vertex -14 -10.1421 46.6617
      vertex -19 -10.1183 46.8219
      vertex -14 -10.1183 46.8219
    endloop
  endfacet
  facet normal 0 0.989144 -0.146951
    outer loop
      vertex -19 -10.1183 46.8219
      vertex -14 -10.1421 46.6617
      vertex -19 -10.1421 46.6617
    endloop
  endfacet
  facet normal 0 0.989144 0.146951
    outer loop
      vertex -14 -10.1183 46.1781
      vertex -19 -10.1421 46.3383
      vertex -14 -10.1421 46.3383
    endloop
  endfacet
  facet normal 0 0.989144 0.146951
    outer loop
      vertex -19 -10.1421 46.3383
      vertex -14 -10.1183 46.1781
      vertex -19 -10.1183 46.1781
    endloop
  endfacet
  facet normal 0 0.998809 0.0487977
    outer loop
      vertex -14 -10.1421 46.3383
      vertex -19 -10.15 46.5
      vertex -14 -10.15 46.5
    endloop
  endfacet
  facet normal 0 0.998809 0.0487977
    outer loop
      vertex -19 -10.15 46.5
      vertex -14 -10.1421 46.3383
      vertex -19 -10.1421 46.3383
    endloop
  endfacet
  facet normal 0 0.803073 0.59588
    outer loop
      vertex -14 -9.77547 45.4533
      vertex -19 -9.87193 45.5833
      vertex -14 -9.87193 45.5833
    endloop
  endfacet
  facet normal 0 0.803073 0.59588
    outer loop
      vertex -19 -9.87193 45.5833
      vertex -14 -9.77547 45.4533
      vertex -19 -9.77547 45.4533
    endloop
  endfacet
  facet normal -0 0.514369 0.857569
    outer loop
      vertex -19 -9.27781 45.0448
      vertex -14 -9.41669 45.1281
      vertex -14 -9.27781 45.0448
    endloop
  endfacet
  facet normal 0 0.514369 0.857569
    outer loop
      vertex -14 -9.41669 45.1281
      vertex -19 -9.27781 45.0448
      vertex -19 -9.41669 45.1281
    endloop
  endfacet
  facet normal 0 -0.941504 0.337002
    outer loop
      vertex -19 -5.9756 45.8686
      vertex -14 -5.92105 46.021
      vertex -19 -5.92105 46.021
    endloop
  endfacet
  facet normal 0 -0.941504 0.337002
    outer loop
      vertex -14 -5.92105 46.021
      vertex -19 -5.9756 45.8686
      vertex -14 -5.9756 45.8686
    endloop
  endfacet
  facet normal -0 0.0487887 0.998809
    outer loop
      vertex -19 -8.5 44.85
      vertex -14 -8.66173 44.8579
      vertex -14 -8.5 44.85
    endloop
  endfacet
  facet normal 0 0.0487887 0.998809
    outer loop
      vertex -14 -8.66173 44.8579
      vertex -19 -8.5 44.85
      vertex -19 -8.66173 44.8579
    endloop
  endfacet
  facet normal 0 0 -1
    outer loop
      vertex -19 -8.5 48.15
      vertex -14 -7.5 48.15
      vertex -14 -8.5 48.15
    endloop
  endfacet
  facet normal -0 0 -1
    outer loop
      vertex -14 -7.5 48.15
      vertex -19 -8.5 48.15
      vertex -19 -7.5 48.15
    endloop
  endfacet
  facet normal 0 -0.803103 0.59584
    outer loop
      vertex -19 -6.22453 45.4533
      vertex -14 -6.12808 45.5833
      vertex -19 -6.12808 45.5833
    endloop
  endfacet
  facet normal 0 -0.803103 0.59584
    outer loop
      vertex -14 -6.12808 45.5833
      vertex -19 -6.22453 45.4533
      vertex -14 -6.22453 45.4533
    endloop
  endfacet
  facet normal 0 -0.146978 -0.98914
    outer loop
      vertex -19 -7.33827 48.1421
      vertex -14 -7.1781 48.1183
      vertex -14 -7.33827 48.1421
    endloop
  endfacet
  facet normal -0 -0.146978 -0.98914
    outer loop
      vertex -14 -7.1781 48.1183
      vertex -19 -7.33827 48.1421
      vertex -19 -7.1781 48.1183
    endloop
  endfacet
  facet normal 0 -0.514341 0.857586
    outer loop
      vertex -19 -6.58331 45.1281
      vertex -14 -6.7222 45.0448
      vertex -14 -6.58331 45.1281
    endloop
  endfacet
  facet normal 0 -0.514341 0.857586
    outer loop
      vertex -14 -6.7222 45.0448
      vertex -19 -6.58331 45.1281
      vertex -19 -6.7222 45.0448
    endloop
  endfacet
  facet normal 0 -0.427414 -0.904056
    outer loop
      vertex -19 -6.86857 48.0244
      vertex -14 -6.7222 47.9552
      vertex -14 -6.86857 48.0244
    endloop
  endfacet
  facet normal -0 -0.427414 -0.904056
    outer loop
      vertex -14 -6.7222 47.9552
      vertex -19 -6.86857 48.0244
      vertex -19 -6.7222 47.9552
    endloop
  endfacet
  facet normal 0 0.941406 0.337275
    outer loop
      vertex -14 -10.0244 45.8686
      vertex -19 -10.079 46.021
      vertex -14 -10.079 46.021
    endloop
  endfacet
  facet normal 0 0.941406 0.337275
    outer loop
      vertex -19 -10.079 46.021
      vertex -14 -10.0244 45.8686
      vertex -19 -10.0244 45.8686
    endloop
  endfacet
  facet normal 0 -0.427414 0.904056
    outer loop
      vertex -19 -6.7222 45.0448
      vertex -14 -6.86857 44.9756
      vertex -14 -6.7222 45.0448
    endloop
  endfacet
  facet normal 0 -0.427414 0.904056
    outer loop
      vertex -14 -6.86857 44.9756
      vertex -19 -6.7222 45.0448
      vertex -19 -6.86857 44.9756
    endloop
  endfacet
  facet normal 0 0.970106 0.242681
    outer loop
      vertex -14 -10.079 46.021
      vertex -19 -10.1183 46.1781
      vertex -14 -10.1183 46.1781
    endloop
  endfacet
  facet normal 0 0.970106 0.242681
    outer loop
      vertex -19 -10.1183 46.1781
      vertex -14 -10.079 46.021
      vertex -19 -10.079 46.021
    endloop
  endfacet
  facet normal 0 -0.970033 0.242971
    outer loop
      vertex -19 -5.92105 46.021
      vertex -14 -5.8817 46.1781
      vertex -19 -5.8817 46.1781
    endloop
  endfacet
  facet normal 0 -0.970033 0.242971
    outer loop
      vertex -14 -5.8817 46.1781
      vertex -19 -5.92105 46.021
      vertex -14 -5.92105 46.021
    endloop
  endfacet
  facet normal 0 0.146978 -0.98914
    outer loop
      vertex -19 -8.8219 48.1183
      vertex -14 -8.66173 48.1421
      vertex -14 -8.8219 48.1183
    endloop
  endfacet
  facet normal 0 0.146978 -0.98914
    outer loop
      vertex -14 -8.66173 48.1421
      vertex -19 -8.8219 48.1183
      vertex -19 -8.66173 48.1421
    endloop
  endfacet
  facet normal 0 -0.146978 0.98914
    outer loop
      vertex -19 -7.1781 44.8817
      vertex -14 -7.33827 44.8579
      vertex -14 -7.1781 44.8817
    endloop
  endfacet
  facet normal 0 -0.146978 0.98914
    outer loop
      vertex -14 -7.33827 44.8579
      vertex -19 -7.1781 44.8817
      vertex -19 -7.33827 44.8579
    endloop
  endfacet
  facet normal 0 -0.857738 -0.514087
    outer loop
      vertex -19 -6.04483 47.2778
      vertex -14 -6.12808 47.4167
      vertex -19 -6.12808 47.4167
    endloop
  endfacet
  facet normal 0 -0.857738 -0.514087
    outer loop
      vertex -14 -6.12808 47.4167
      vertex -19 -6.04483 47.2778
      vertex -14 -6.04483 47.2778
    endloop
  endfacet
  facet normal 0 -0.857738 0.514087
    outer loop
      vertex -19 -6.12808 45.5833
      vertex -14 -6.04483 45.7222
      vertex -19 -6.04483 45.7222
    endloop
  endfacet
  facet normal 0 -0.857738 0.514087
    outer loop
      vertex -14 -6.04483 45.7222
      vertex -19 -6.12808 45.5833
      vertex -14 -6.12808 45.5833
    endloop
  endfacet
  facet normal 0 0.904018 0.427494
    outer loop
      vertex -14 -9.95517 45.7222
      vertex -19 -10.0244 45.8686
      vertex -14 -10.0244 45.8686
    endloop
  endfacet
  facet normal 0 0.904018 0.427494
    outer loop
      vertex -19 -10.0244 45.8686
      vertex -14 -9.95517 45.7222
      vertex -19 -9.95517 45.7222
    endloop
  endfacet
  facet normal 0 -0.970033 -0.242971
    outer loop
      vertex -19 -5.8817 46.8219
      vertex -14 -5.92105 46.979
      vertex -19 -5.92105 46.979
    endloop
  endfacet
  facet normal 0 -0.970033 -0.242971
    outer loop
      vertex -14 -5.92105 46.979
      vertex -19 -5.8817 46.8219
      vertex -14 -5.8817 46.8219
    endloop
  endfacet
  facet normal 0 -0.242725 0.970095
    outer loop
      vertex -19 -7.02103 44.921
      vertex -14 -7.1781 44.8817
      vertex -14 -7.02103 44.921
    endloop
  endfacet
  facet normal 0 -0.242725 0.970095
    outer loop
      vertex -14 -7.1781 44.8817
      vertex -19 -7.02103 44.921
      vertex -19 -7.1781 44.8817
    endloop
  endfacet
  facet normal 0 -0.989189 0.146649
    outer loop
      vertex -19 -5.8817 46.1781
      vertex -14 -5.85795 46.3383
      vertex -19 -5.85795 46.3383
    endloop
  endfacet
  facet normal 0 -0.989189 0.146649
    outer loop
      vertex -14 -5.85795 46.3383
      vertex -19 -5.8817 46.1781
      vertex -14 -5.8817 46.1781
    endloop
  endfacet
  facet normal 0 -0.67175 -0.740778
    outer loop
      vertex -19 -6.45325 47.7755
      vertex -14 -6.33327 47.6667
      vertex -14 -6.45325 47.7755
    endloop
  endfacet
  facet normal -0 -0.67175 -0.740778
    outer loop
      vertex -14 -6.33327 47.6667
      vertex -19 -6.45325 47.7755
      vertex -19 -6.33327 47.6667
    endloop
  endfacet
  facet normal 0 -0.998794 0.0491058
    outer loop
      vertex -19 -5.85795 46.3383
      vertex -14 -5.85 46.5
      vertex -19 -5.85 46.5
    endloop
  endfacet
  facet normal 0 -0.998794 0.0491058
    outer loop
      vertex -14 -5.85 46.5
      vertex -19 -5.85795 46.3383
      vertex -14 -5.85795 46.3383
    endloop
  endfacet
  facet normal 0 -0.941504 -0.337002
    outer loop
      vertex -19 -5.92105 46.979
      vertex -14 -5.9756 47.1314
      vertex -19 -5.9756 47.1314
    endloop
  endfacet
  facet normal 0 -0.941504 -0.337002
    outer loop
      vertex -14 -5.9756 47.1314
      vertex -19 -5.92105 46.979
      vertex -14 -5.92105 46.979
    endloop
  endfacet
  facet normal 0 -0.242953 0.970038
    outer loop
      vertex -19 -20.6617 19.9952
      vertex -14 -21.7565 19.721
      vertex -14 -20.6617 19.9952
    endloop
  endfacet
  facet normal 0 -0.242953 0.970038
    outer loop
      vertex -14 -21.7565 19.721
      vertex -19 -20.6617 19.9952
      vertex -19 -21.7565 19.721
    endloop
  endfacet
  facet normal 0 0.903996 0.427542
    outer loop
      vertex -14 -34.1421 25.5789
      vertex -19 -34.6246 26.5991
      vertex -14 -34.6246 26.5991
    endloop
  endfacet
  facet normal 0 0.903996 0.427542
    outer loop
      vertex -19 -34.6246 26.5991
      vertex -14 -34.1421 25.5789
      vertex -19 -34.1421 25.5789
    endloop
  endfacet
  facet normal 0 -0.803179 -0.595738
    outer loop
      vertex -19 -14.4381 37.3891
      vertex -14 -15.1104 38.2955
      vertex -19 -15.1104 38.2955
    endloop
  endfacet
  facet normal 0 -0.803179 -0.595738
    outer loop
      vertex -14 -15.1104 38.2955
      vertex -19 -14.4381 37.3891
      vertex -14 -14.4381 37.3891
    endloop
  endfacet
  facet normal 0 0.427542 -0.903996
    outer loop
      vertex -19 -29.4211 41.1421
      vertex -14 -28.4009 41.6246
      vertex -14 -29.4211 41.1421
    endloop
  endfacet
  facet normal 0 0.427542 -0.903996
    outer loop
      vertex -14 -28.4009 41.6246
      vertex -19 -29.4211 41.1421
      vertex -19 -28.4009 41.6246
    endloop
  endfacet
  facet normal 0 -0.0490891 0.998794
    outer loop
      vertex -19 -22.8728 19.5554
      vertex -14 -24 19.5
      vertex -14 -22.8728 19.5554
    endloop
  endfacet
  facet normal 0 -0.0490891 0.998794
    outer loop
      vertex -14 -24 19.5
      vertex -19 -22.8728 19.5554
      vertex -19 -24 19.5
    endloop
  endfacet
  facet normal 0 -0.427542 -0.903996
    outer loop
      vertex -19 -19.5991 41.6246
      vertex -14 -18.5789 41.1421
      vertex -14 -19.5991 41.6246
    endloop
  endfacet
  facet normal -0 -0.427542 -0.903996
    outer loop
      vertex -14 -18.5789 41.1421
      vertex -19 -19.5991 41.6246
      vertex -19 -18.5789 41.1421
    endloop
  endfacet
  facet normal 0 -0.242953 -0.970038
    outer loop
      vertex -19 -21.7565 42.279
      vertex -14 -20.6617 42.0048
      vertex -14 -21.7565 42.279
    endloop
  endfacet
  facet normal -0 -0.242953 -0.970038
    outer loop
      vertex -14 -20.6617 42.0048
      vertex -19 -21.7565 42.279
      vertex -19 -20.6617 42.0048
    endloop
  endfacet
  facet normal 0 0.857727 0.514105
    outer loop
      vertex -14 -33.5619 24.6109
      vertex -19 -34.1421 25.5789
      vertex -14 -34.1421 25.5789
    endloop
  endfacet
  facet normal 0 0.857727 0.514105
    outer loop
      vertex -19 -34.1421 25.5789
      vertex -14 -33.5619 24.6109
      vertex -19 -33.5619 24.6109
    endloop
  endfacet
  facet normal 0 0.970038 0.242953
    outer loop
      vertex -14 -35.0048 27.6617
      vertex -19 -35.279 28.7565
      vertex -14 -35.279 28.7565
    endloop
  endfacet
  facet normal 0 0.970038 0.242953
    outer loop
      vertex -19 -35.279 28.7565
      vertex -14 -35.0048 27.6617
      vertex -19 -35.0048 27.6617
    endloop
  endfacet
  facet normal 0 -0.998794 0.0490891
    outer loop
      vertex -19 -12.5554 29.8728
      vertex -14 -12.5 31
      vertex -19 -12.5 31
    endloop
  endfacet
  facet normal 0 -0.998794 0.0490891
    outer loop
      vertex -14 -12.5 31
      vertex -19 -12.5554 29.8728
      vertex -14 -12.5554 29.8728
    endloop
  endfacet
  facet normal 0 -0.427542 0.903996
    outer loop
      vertex -19 -18.5789 20.8579
      vertex -14 -19.5991 20.3754
      vertex -14 -18.5789 20.8579
    endloop
  endfacet
  facet normal 0 -0.427542 0.903996
    outer loop
      vertex -14 -19.5991 20.3754
      vertex -19 -18.5789 20.8579
      vertex -19 -19.5991 20.3754
    endloop
  endfacet
  facet normal 0 -0.903996 0.427542
    outer loop
      vertex -19 -13.8579 25.5789
      vertex -14 -13.3754 26.5991
      vertex -19 -13.3754 26.5991
    endloop
  endfacet
  facet normal 0 -0.903996 0.427542
    outer loop
      vertex -14 -13.3754 26.5991
      vertex -19 -13.8579 25.5789
      vertex -14 -13.8579 25.5789
    endloop
  endfacet
  facet normal 0 0.989175 0.146741
    outer loop
      vertex -14 -35.279 28.7565
      vertex -19 -35.4446 29.8728
      vertex -14 -35.4446 29.8728
    endloop
  endfacet
  facet normal 0 0.989175 0.146741
    outer loop
      vertex -19 -35.4446 29.8728
      vertex -14 -35.279 28.7565
      vertex -19 -35.279 28.7565
    endloop
  endfacet
  facet normal -0 0.595738 0.803179
    outer loop
      vertex -19 -30.3891 21.4381
      vertex -14 -31.2955 22.1104
      vertex -14 -30.3891 21.4381
    endloop
  endfacet
  facet normal 0 0.595738 0.803179
    outer loop
      vertex -14 -31.2955 22.1104
      vertex -19 -30.3891 21.4381
      vertex -19 -31.2955 22.1104
    endloop
  endfacet
  facet normal 0 -0.857727 -0.514105
    outer loop
      vertex -19 -13.8579 36.4211
      vertex -14 -14.4381 37.3891
      vertex -19 -14.4381 37.3891
    endloop
  endfacet
  facet normal 0 -0.857727 -0.514105
    outer loop
      vertex -14 -14.4381 37.3891
      vertex -19 -13.8579 36.4211
      vertex -14 -13.8579 36.4211
    endloop
  endfacet
  facet normal -0 0.146741 0.989175
    outer loop
      vertex -19 -25.1272 19.5554
      vertex -14 -26.2435 19.721
      vertex -14 -25.1272 19.5554
    endloop
  endfacet
  facet normal 0 0.146741 0.989175
    outer loop
      vertex -14 -26.2435 19.721
      vertex -19 -25.1272 19.5554
      vertex -19 -26.2435 19.721
    endloop
  endfacet
  facet normal 0 0.803179 0.595738
    outer loop
      vertex -14 -32.8896 23.7045
      vertex -19 -33.5619 24.6109
      vertex -14 -33.5619 24.6109
    endloop
  endfacet
  facet normal 0 0.803179 0.595738
    outer loop
      vertex -19 -33.5619 24.6109
      vertex -14 -32.8896 23.7045
      vertex -19 -32.8896 23.7045
    endloop
  endfacet
  facet normal 0 0.857727 -0.514105
    outer loop
      vertex -14 -34.1421 36.4211
      vertex -19 -33.5619 37.3891
      vertex -14 -33.5619 37.3891
    endloop
  endfacet
  facet normal 0 0.857727 -0.514105
    outer loop
      vertex -19 -33.5619 37.3891
      vertex -14 -34.1421 36.4211
      vertex -19 -34.1421 36.4211
    endloop
  endfacet
  facet normal 0 0.998794 -0.0490891
    outer loop
      vertex -14 -35.5 31
      vertex -19 -35.4446 32.1272
      vertex -14 -35.4446 32.1272
    endloop
  endfacet
  facet normal 0 0.998794 -0.0490891
    outer loop
      vertex -19 -35.4446 32.1272
      vertex -14 -35.5 31
      vertex -19 -35.5 31
    endloop
  endfacet
  facet normal 0 -0.803179 0.595738
    outer loop
      vertex -19 -15.1104 23.7045
      vertex -14 -14.4381 24.6109
      vertex -19 -14.4381 24.6109
    endloop
  endfacet
  facet normal 0 -0.803179 0.595738
    outer loop
      vertex -14 -14.4381 24.6109
      vertex -19 -15.1104 23.7045
      vertex -14 -15.1104 23.7045
    endloop
  endfacet
  facet normal -0 0.242953 0.970038
    outer loop
      vertex -19 -26.2435 19.721
      vertex -14 -27.3383 19.9952
      vertex -14 -26.2435 19.721
    endloop
  endfacet
  facet normal 0 0.242953 0.970038
    outer loop
      vertex -14 -27.3383 19.9952
      vertex -19 -26.2435 19.721
      vertex -19 -27.3383 19.9952
    endloop
  endfacet
  facet normal 0 -0.146741 -0.989175
    outer loop
      vertex -19 -22.8728 42.4446
      vertex -14 -21.7565 42.279
      vertex -14 -22.8728 42.4446
    endloop
  endfacet
  facet normal -0 -0.146741 -0.989175
    outer loop
      vertex -14 -21.7565 42.279
      vertex -19 -22.8728 42.4446
      vertex -19 -21.7565 42.279
    endloop
  endfacet
  facet normal 0 -0.514105 -0.857727
    outer loop
      vertex -19 -18.5789 41.1421
      vertex -14 -17.6109 40.5619
      vertex -14 -18.5789 41.1421
    endloop
  endfacet
  facet normal -0 -0.514105 -0.857727
    outer loop
      vertex -14 -17.6109 40.5619
      vertex -19 -18.5789 41.1421
      vertex -19 -17.6109 40.5619
    endloop
  endfacet
  facet normal 0 -0.595738 0.803179
    outer loop
      vertex -19 -16.7045 22.1104
      vertex -14 -17.6109 21.4381
      vertex -14 -16.7045 22.1104
    endloop
  endfacet
  facet normal 0 -0.595738 0.803179
    outer loop
      vertex -14 -17.6109 21.4381
      vertex -19 -16.7045 22.1104
      vertex -19 -17.6109 21.4381
    endloop
  endfacet
  facet normal 0 -0.989175 -0.146741
    outer loop
      vertex -19 -12.5554 32.1272
      vertex -14 -12.721 33.2435
      vertex -19 -12.721 33.2435
    endloop
  endfacet
  facet normal 0 -0.989175 -0.146741
    outer loop
      vertex -14 -12.721 33.2435
      vertex -19 -12.5554 32.1272
      vertex -14 -12.5554 32.1272
    endloop
  endfacet
  facet normal 0 0.242953 -0.970038
    outer loop
      vertex -19 -27.3383 42.0048
      vertex -14 -26.2435 42.279
      vertex -14 -27.3383 42.0048
    endloop
  endfacet
  facet normal 0 0.242953 -0.970038
    outer loop
      vertex -14 -26.2435 42.279
      vertex -19 -27.3383 42.0048
      vertex -19 -26.2435 42.279
    endloop
  endfacet
  facet normal 0 0.0490891 -0.998794
    outer loop
      vertex -19 -25.1272 42.4446
      vertex -14 -24 42.5
      vertex -14 -25.1272 42.4446
    endloop
  endfacet
  facet normal 0 0.0490891 -0.998794
    outer loop
      vertex -14 -24 42.5
      vertex -19 -25.1272 42.4446
      vertex -19 -24 42.5
    endloop
  endfacet
  facet normal 0 -0.857727 0.514105
    outer loop
      vertex -19 -14.4381 24.6109
      vertex -14 -13.8579 25.5789
      vertex -19 -13.8579 25.5789
    endloop
  endfacet
  facet normal 0 -0.857727 0.514105
    outer loop
      vertex -14 -13.8579 25.5789
      vertex -19 -14.4381 24.6109
      vertex -14 -14.4381 24.6109
    endloop
  endfacet
  facet normal 0 -0.146741 0.989175
    outer loop
      vertex -19 -21.7565 19.721
      vertex -14 -22.8728 19.5554
      vertex -14 -21.7565 19.721
    endloop
  endfacet
  facet normal 0 -0.146741 0.989175
    outer loop
      vertex -14 -22.8728 19.5554
      vertex -19 -21.7565 19.721
      vertex -19 -22.8728 19.5554
    endloop
  endfacet
  facet normal -0 0.0490891 0.998794
    outer loop
      vertex -19 -24 19.5
      vertex -14 -25.1272 19.5554
      vertex -14 -24 19.5
    endloop
  endfacet
  facet normal 0 0.0490891 0.998794
    outer loop
      vertex -14 -25.1272 19.5554
      vertex -19 -24 19.5
      vertex -19 -25.1272 19.5554
    endloop
  endfacet
  facet normal -0 0.427542 0.903996
    outer loop
      vertex -19 -28.4009 20.3754
      vertex -14 -29.4211 20.8579
      vertex -14 -28.4009 20.3754
    endloop
  endfacet
  facet normal 0 0.427542 0.903996
    outer loop
      vertex -14 -29.4211 20.8579
      vertex -19 -28.4009 20.3754
      vertex -19 -29.4211 20.8579
    endloop
  endfacet
  facet normal 0 -0.989175 0.146741
    outer loop
      vertex -19 -12.721 28.7565
      vertex -14 -12.5554 29.8728
      vertex -19 -12.5554 29.8728
    endloop
  endfacet
  facet normal 0 -0.989175 0.146741
    outer loop
      vertex -14 -12.5554 29.8728
      vertex -19 -12.721 28.7565
      vertex -14 -12.721 28.7565
    endloop
  endfacet
  facet normal 0 -0.998794 -0.0490891
    outer loop
      vertex -19 -12.5 31
      vertex -14 -12.5554 32.1272
      vertex -19 -12.5554 32.1272
    endloop
  endfacet
  facet normal 0 -0.998794 -0.0490891
    outer loop
      vertex -14 -12.5554 32.1272
      vertex -19 -12.5 31
      vertex -14 -12.5 31
    endloop
  endfacet
  facet normal 0 -0.671565 -0.740946
    outer loop
      vertex -19 -16.7045 39.8896
      vertex -14 -15.8683 39.1317
      vertex -14 -16.7045 39.8896
    endloop
  endfacet
  facet normal -0 -0.671565 -0.740946
    outer loop
      vertex -14 -15.8683 39.1317
      vertex -19 -16.7045 39.8896
      vertex -19 -15.8683 39.1317
    endloop
  endfacet
  facet normal 0 0.740946 -0.671565
    outer loop
      vertex -14 -32.8896 38.2955
      vertex -19 -32.1317 39.1317
      vertex -14 -32.1317 39.1317
    endloop
  endfacet
  facet normal 0 0.740946 -0.671565
    outer loop
      vertex -19 -32.1317 39.1317
      vertex -14 -32.8896 38.2955
      vertex -19 -32.8896 38.2955
    endloop
  endfacet
  facet normal 0 0.998794 0.0490891
    outer loop
      vertex -14 -35.4446 29.8728
      vertex -19 -35.5 31
      vertex -14 -35.5 31
    endloop
  endfacet
  facet normal 0 0.998794 0.0490891
    outer loop
      vertex -19 -35.5 31
      vertex -14 -35.4446 29.8728
      vertex -19 -35.4446 29.8728
    endloop
  endfacet
  facet normal 0 -0.336886 0.941545
    outer loop
      vertex -19 -19.5991 20.3754
      vertex -14 -20.6617 19.9952
      vertex -14 -19.5991 20.3754
    endloop
  endfacet
  facet normal 0 -0.336886 0.941545
    outer loop
      vertex -14 -20.6617 19.9952
      vertex -19 -19.5991 20.3754
      vertex -19 -20.6617 19.9952
    endloop
  endfacet
  facet normal -0 0.514105 0.857727
    outer loop
      vertex -19 -29.4211 20.8579
      vertex -14 -30.3891 21.4381
      vertex -14 -29.4211 20.8579
    endloop
  endfacet
  facet normal 0 0.514105 0.857727
    outer loop
      vertex -14 -30.3891 21.4381
      vertex -19 -29.4211 20.8579
      vertex -19 -30.3891 21.4381
    endloop
  endfacet
  facet normal 0 -0.970038 -0.242953
    outer loop
      vertex -19 -12.721 33.2435
      vertex -14 -12.9952 34.3383
      vertex -19 -12.9952 34.3383
    endloop
  endfacet
  facet normal 0 -0.970038 -0.242953
    outer loop
      vertex -14 -12.9952 34.3383
      vertex -19 -12.721 33.2435
      vertex -14 -12.721 33.2435
    endloop
  endfacet
  facet normal 0 0.941545 0.336886
    outer loop
      vertex -14 -34.6246 26.5991
      vertex -19 -35.0048 27.6617
      vertex -14 -35.0048 27.6617
    endloop
  endfacet
  facet normal 0 0.941545 0.336886
    outer loop
      vertex -19 -35.0048 27.6617
      vertex -14 -34.6246 26.5991
      vertex -19 -34.6246 26.5991
    endloop
  endfacet
  facet normal 0 -0.903996 -0.427542
    outer loop
      vertex -19 -13.3754 35.4009
      vertex -14 -13.8579 36.4211
      vertex -19 -13.8579 36.4211
    endloop
  endfacet
  facet normal 0 -0.903996 -0.427542
    outer loop
      vertex -14 -13.8579 36.4211
      vertex -19 -13.3754 35.4009
      vertex -14 -13.3754 35.4009
    endloop
  endfacet
  facet normal 0 -0.740946 -0.671565
    outer loop
      vertex -19 -15.1104 38.2955
      vertex -14 -15.8683 39.1317
      vertex -19 -15.8683 39.1317
    endloop
  endfacet
  facet normal 0 -0.740946 -0.671565
    outer loop
      vertex -14 -15.8683 39.1317
      vertex -19 -15.1104 38.2955
      vertex -14 -15.1104 38.2955
    endloop
  endfacet
  facet normal 0 -0.514105 0.857727
    outer loop
      vertex -19 -17.6109 21.4381
      vertex -14 -18.5789 20.8579
      vertex -14 -17.6109 21.4381
    endloop
  endfacet
  facet normal 0 -0.514105 0.857727
    outer loop
      vertex -14 -18.5789 20.8579
      vertex -19 -17.6109 21.4381
      vertex -19 -18.5789 20.8579
    endloop
  endfacet
  facet normal 0 -0.941545 0.336886
    outer loop
      vertex -19 -13.3754 26.5991
      vertex -14 -12.9952 27.6617
      vertex -19 -12.9952 27.6617
    endloop
  endfacet
  facet normal 0 -0.941545 0.336886
    outer loop
      vertex -14 -12.9952 27.6617
      vertex -19 -13.3754 26.5991
      vertex -14 -13.3754 26.5991
    endloop
  endfacet
  facet normal 0 -0.941545 -0.336886
    outer loop
      vertex -19 -12.9952 34.3383
      vertex -14 -13.3754 35.4009
      vertex -19 -13.3754 35.4009
    endloop
  endfacet
  facet normal 0 -0.941545 -0.336886
    outer loop
      vertex -14 -13.3754 35.4009
      vertex -19 -12.9952 34.3383
      vertex -14 -12.9952 34.3383
    endloop
  endfacet
  facet normal 0 0.514105 -0.857727
    outer loop
      vertex -19 -30.3891 40.5619
      vertex -14 -29.4211 41.1421
      vertex -14 -30.3891 40.5619
    endloop
  endfacet
  facet normal 0 0.514105 -0.857727
    outer loop
      vertex -14 -29.4211 41.1421
      vertex -19 -30.3891 40.5619
      vertex -19 -29.4211 41.1421
    endloop
  endfacet
  facet normal 0 0.336886 -0.941545
    outer loop
      vertex -19 -28.4009 41.6246
      vertex -14 -27.3383 42.0048
      vertex -14 -28.4009 41.6246
    endloop
  endfacet
  facet normal 0 0.336886 -0.941545
    outer loop
      vertex -14 -27.3383 42.0048
      vertex -19 -28.4009 41.6246
      vertex -19 -27.3383 42.0048
    endloop
  endfacet
  facet normal 0 0.740946 0.671565
    outer loop
      vertex -14 -32.1317 22.8683
      vertex -19 -32.8896 23.7045
      vertex -14 -32.8896 23.7045
    endloop
  endfacet
  facet normal 0 0.740946 0.671565
    outer loop
      vertex -19 -32.8896 23.7045
      vertex -14 -32.1317 22.8683
      vertex -19 -32.1317 22.8683
    endloop
  endfacet
  facet normal 0 -0.671565 0.740946
    outer loop
      vertex -19 -15.8683 22.8683
      vertex -14 -16.7045 22.1104
      vertex -14 -15.8683 22.8683
    endloop
  endfacet
  facet normal 0 -0.671565 0.740946
    outer loop
      vertex -14 -16.7045 22.1104
      vertex -19 -15.8683 22.8683
      vertex -19 -16.7045 22.1104
    endloop
  endfacet
  facet normal 0 -0.740946 0.671565
    outer loop
      vertex -19 -15.8683 22.8683
      vertex -14 -15.1104 23.7045
      vertex -19 -15.1104 23.7045
    endloop
  endfacet
  facet normal 0 -0.740946 0.671565
    outer loop
      vertex -14 -15.1104 23.7045
      vertex -19 -15.8683 22.8683
      vertex -14 -15.8683 22.8683
    endloop
  endfacet
  facet normal 0 0.146741 -0.989175
    outer loop
      vertex -19 -26.2435 42.279
      vertex -14 -25.1272 42.4446
      vertex -14 -26.2435 42.279
    endloop
  endfacet
  facet normal 0 0.146741 -0.989175
    outer loop
      vertex -14 -25.1272 42.4446
      vertex -19 -26.2435 42.279
      vertex -19 -25.1272 42.4446
    endloop
  endfacet
  facet normal 0 0.671565 -0.740946
    outer loop
      vertex -19 -32.1317 39.1317
      vertex -14 -31.2955 39.8896
      vertex -14 -32.1317 39.1317
    endloop
  endfacet
  facet normal 0 0.671565 -0.740946
    outer loop
      vertex -14 -31.2955 39.8896
      vertex -19 -32.1317 39.1317
      vertex -19 -31.2955 39.8896
    endloop
  endfacet
  facet normal 0 -0.970038 0.242953
    outer loop
      vertex -19 -12.9952 27.6617
      vertex -14 -12.721 28.7565
      vertex -19 -12.721 28.7565
    endloop
  endfacet
  facet normal 0 -0.970038 0.242953
    outer loop
      vertex -14 -12.721 28.7565
      vertex -19 -12.9952 27.6617
      vertex -14 -12.9952 27.6617
    endloop
  endfacet
  facet normal 0 0.803179 -0.595738
    outer loop
      vertex -14 -33.5619 37.3891
      vertex -19 -32.8896 38.2955
      vertex -14 -32.8896 38.2955
    endloop
  endfacet
  facet normal 0 0.803179 -0.595738
    outer loop
      vertex -19 -32.8896 38.2955
      vertex -14 -33.5619 37.3891
      vertex -19 -33.5619 37.3891
    endloop
  endfacet
  facet normal 0 0.903996 -0.427542
    outer loop
      vertex -14 -34.6246 35.4009
      vertex -19 -34.1421 36.4211
      vertex -14 -34.1421 36.4211
    endloop
  endfacet
  facet normal 0 0.903996 -0.427542
    outer loop
      vertex -19 -34.1421 36.4211
      vertex -14 -34.6246 35.4009
      vertex -19 -34.6246 35.4009
    endloop
  endfacet
  facet normal 0 0.595738 -0.803179
    outer loop
      vertex -19 -31.2955 39.8896
      vertex -14 -30.3891 40.5619
      vertex -14 -31.2955 39.8896
    endloop
  endfacet
  facet normal 0 0.595738 -0.803179
    outer loop
      vertex -14 -30.3891 40.5619
      vertex -19 -31.2955 39.8896
      vertex -19 -30.3891 40.5619
    endloop
  endfacet
  facet normal 0 0.970038 -0.242953
    outer loop
      vertex -14 -35.279 33.2435
      vertex -19 -35.0048 34.3383
      vertex -14 -35.0048 34.3383
    endloop
  endfacet
  facet normal 0 0.970038 -0.242953
    outer loop
      vertex -19 -35.0048 34.3383
      vertex -14 -35.279 33.2435
      vertex -19 -35.279 33.2435
    endloop
  endfacet
  facet normal 0 -0.336886 -0.941545
    outer loop
      vertex -19 -20.6617 42.0048
      vertex -14 -19.5991 41.6246
      vertex -14 -20.6617 42.0048
    endloop
  endfacet
  facet normal -0 -0.336886 -0.941545
    outer loop
      vertex -14 -19.5991 41.6246
      vertex -19 -20.6617 42.0048
      vertex -19 -19.5991 41.6246
    endloop
  endfacet
  facet normal -0 0.336886 0.941545
    outer loop
      vertex -19 -27.3383 19.9952
      vertex -14 -28.4009 20.3754
      vertex -14 -27.3383 19.9952
    endloop
  endfacet
  facet normal 0 0.336886 0.941545
    outer loop
      vertex -14 -28.4009 20.3754
      vertex -19 -27.3383 19.9952
      vertex -19 -28.4009 20.3754
    endloop
  endfacet
  facet normal 0 -0.595738 -0.803179
    outer loop
      vertex -19 -17.6109 40.5619
      vertex -14 -16.7045 39.8896
      vertex -14 -17.6109 40.5619
    endloop
  endfacet
  facet normal -0 -0.595738 -0.803179
    outer loop
      vertex -14 -16.7045 39.8896
      vertex -19 -17.6109 40.5619
      vertex -19 -16.7045 39.8896
    endloop
  endfacet
  facet normal 0 0.989175 -0.146741
    outer loop
      vertex -14 -35.4446 32.1272
      vertex -19 -35.279 33.2435
      vertex -14 -35.279 33.2435
    endloop
  endfacet
  facet normal 0 0.989175 -0.146741
    outer loop
      vertex -19 -35.279 33.2435
      vertex -14 -35.4446 32.1272
      vertex -19 -35.4446 32.1272
    endloop
  endfacet
  facet normal 0 -0.0490891 -0.998794
    outer loop
      vertex -19 -24 42.5
      vertex -14 -22.8728 42.4446
      vertex -14 -24 42.5
    endloop
  endfacet
  facet normal -0 -0.0490891 -0.998794
    outer loop
      vertex -14 -22.8728 42.4446
      vertex -19 -24 42.5
      vertex -19 -22.8728 42.4446
    endloop
  endfacet
  facet normal 0 0.941545 -0.336886
    outer loop
      vertex -14 -35.0048 34.3383
      vertex -19 -34.6246 35.4009
      vertex -14 -34.6246 35.4009
    endloop
  endfacet
  facet normal 0 0.941545 -0.336886
    outer loop
      vertex -19 -34.6246 35.4009
      vertex -14 -35.0048 34.3383
      vertex -19 -35.0048 34.3383
    endloop
  endfacet
  facet normal -0 0.671565 0.740946
    outer loop
      vertex -19 -31.2955 22.1104
      vertex -14 -32.1317 22.8683
      vertex -14 -31.2955 22.1104
    endloop
  endfacet
  facet normal 0 0.671565 0.740946
    outer loop
      vertex -14 -32.1317 22.8683
      vertex -19 -31.2955 22.1104
      vertex -19 -32.1317 22.8683
    endloop
  endfacet
  facet normal -0.989166 0 0.1468
    outer loop
      vertex -37.8423 -50 39.5708
      vertex -37.8106 -45 39.7844
      vertex -37.8423 -45 39.5708
    endloop
  endfacet
  facet normal -0.989166 0 0.1468
    outer loop
      vertex -37.8106 -45 39.7844
      vertex -37.8423 -50 39.5708
      vertex -37.8106 -50 39.7844
    endloop
  endfacet
  facet normal -0.998794 0 0.0491058
    outer loop
      vertex -37.8106 -50 39.7844
      vertex -37.8 -45 40
      vertex -37.8106 -45 39.7844
    endloop
  endfacet
  facet normal -0.998794 0 0.0491058
    outer loop
      vertex -37.8 -45 40
      vertex -37.8106 -50 39.7844
      vertex -37.8 -50 40
    endloop
  endfacet
  facet normal -0.970088 0 0.242754
    outer loop
      vertex -37.8947 -50 39.3614
      vertex -37.8423 -45 39.5708
      vertex -37.8947 -45 39.3614
    endloop
  endfacet
  facet normal -0.970088 0 0.242754
    outer loop
      vertex -37.8423 -45 39.5708
      vertex -37.8947 -50 39.3614
      vertex -37.8423 -50 39.5708
    endloop
  endfacet
  facet normal -0.740778 0 0.67175
    outer loop
      vertex -38.4444 -50 38.4444
      vertex -38.2994 -45 38.6043
      vertex -38.4444 -45 38.4444
    endloop
  endfacet
  facet normal -0.740778 0 0.67175
    outer loop
      vertex -38.2994 -45 38.6043
      vertex -38.4444 -50 38.4444
      vertex -38.2994 -50 38.6043
    endloop
  endfacet
  facet normal 0.857738 -0 0.514087
    outer loop
      vertex -41.9402 -50 38.9629
      vertex -41.8292 -45 38.7777
      vertex -41.9402 -45 38.9629
    endloop
  endfacet
  facet normal 0.857738 0 0.514087
    outer loop
      vertex -41.8292 -45 38.7777
      vertex -41.9402 -50 38.9629
      vertex -41.8292 -50 38.7777
    endloop
  endfacet
  facet normal 0.427469 0 0.90403
    outer loop
      vertex -41.0371 -45 38.0598
      vertex -40.8419 -50 37.9675
      vertex -40.8419 -45 37.9675
    endloop
  endfacet
  facet normal 0.427469 0 0.90403
    outer loop
      vertex -40.8419 -50 37.9675
      vertex -41.0371 -45 38.0598
      vertex -41.0371 -50 38.0598
    endloop
  endfacet
  facet normal -0.1468 0 -0.989166
    outer loop
      vertex -39.7844 -50 42.1894
      vertex -39.5708 -45 42.1577
      vertex -39.5708 -50 42.1577
    endloop
  endfacet
  facet normal -0.1468 0 -0.989166
    outer loop
      vertex -39.5708 -45 42.1577
      vertex -39.7844 -50 42.1894
      vertex -39.7844 -45 42.1894
    endloop
  endfacet
  facet normal -0.337128 0 0.941459
    outer loop
      vertex -39.3614 -45 37.8947
      vertex -39.1581 -50 37.9675
      vertex -39.1581 -45 37.9675
    endloop
  endfacet
  facet normal -0.337128 0 0.941459
    outer loop
      vertex -39.1581 -50 37.9675
      vertex -39.3614 -45 37.8947
      vertex -39.3614 -50 37.8947
    endloop
  endfacet
  facet normal -0.514087 0 0.857738
    outer loop
      vertex -38.9629 -45 38.0598
      vertex -38.7777 -50 38.1708
      vertex -38.7777 -45 38.1708
    endloop
  endfacet
  facet normal -0.514087 0 0.857738
    outer loop
      vertex -38.7777 -50 38.1708
      vertex -38.9629 -45 38.0598
      vertex -38.9629 -50 38.0598
    endloop
  endfacet
  facet normal -0.998794 0 -0.0491058
    outer loop
      vertex -37.8 -50 40
      vertex -37.8106 -45 40.2156
      vertex -37.8 -45 40
    endloop
  endfacet
  facet normal -0.998794 -0 -0.0491058
    outer loop
      vertex -37.8106 -45 40.2156
      vertex -37.8 -50 40
      vertex -37.8106 -50 40.2156
    endloop
  endfacet
  facet normal -0.803212 0 -0.595693
    outer loop
      vertex -38.1708 -50 41.2223
      vertex -38.2994 -45 41.3957
      vertex -38.1708 -45 41.2223
    endloop
  endfacet
  facet normal -0.803212 -0 -0.595693
    outer loop
      vertex -38.2994 -45 41.3957
      vertex -38.1708 -50 41.2223
      vertex -38.2994 -50 41.3957
    endloop
  endfacet
  facet normal -0.0491058 0 0.998794
    outer loop
      vertex -40 -45 37.8
      vertex -39.7844 -50 37.8106
      vertex -39.7844 -45 37.8106
    endloop
  endfacet
  facet normal -0.0491058 0 0.998794
    outer loop
      vertex -39.7844 -50 37.8106
      vertex -40 -45 37.8
      vertex -40 -50 37.8
    endloop
  endfacet
  facet normal 0.740778 0 -0.67175
    outer loop
      vertex -41.5556 -50 41.5556
      vertex -41.7006 -45 41.3957
      vertex -41.5556 -45 41.5556
    endloop
  endfacet
  facet normal 0.740778 0 -0.67175
    outer loop
      vertex -41.7006 -45 41.3957
      vertex -41.5556 -50 41.5556
      vertex -41.7006 -50 41.3957
    endloop
  endfacet
  facet normal 0.514087 0 0.857738
    outer loop
      vertex -41.2223 -45 38.1708
      vertex -41.0371 -50 38.0598
      vertex -41.0371 -45 38.0598
    endloop
  endfacet
  facet normal 0.514087 0 0.857738
    outer loop
      vertex -41.0371 -50 38.0598
      vertex -41.2223 -45 38.1708
      vertex -41.2223 -50 38.1708
    endloop
  endfacet
  facet normal 0.427469 0 -0.90403
    outer loop
      vertex -41.0371 -50 41.9402
      vertex -40.8419 -45 42.0325
      vertex -40.8419 -50 42.0325
    endloop
  endfacet
  facet normal 0.427469 0 -0.90403
    outer loop
      vertex -40.8419 -45 42.0325
      vertex -41.0371 -50 41.9402
      vertex -41.0371 -45 41.9402
    endloop
  endfacet
  facet normal -0.242754 0 -0.970088
    outer loop
      vertex -39.5708 -50 42.1577
      vertex -39.3614 -45 42.1053
      vertex -39.3614 -50 42.1053
    endloop
  endfacet
  facet normal -0.242754 0 -0.970088
    outer loop
      vertex -39.3614 -45 42.1053
      vertex -39.5708 -50 42.1577
      vertex -39.5708 -45 42.1577
    endloop
  endfacet
  facet normal -0.514087 0 -0.857738
    outer loop
      vertex -38.9629 -50 41.9402
      vertex -38.7777 -45 41.8292
      vertex -38.7777 -50 41.8292
    endloop
  endfacet
  facet normal -0.514087 0 -0.857738
    outer loop
      vertex -38.7777 -45 41.8292
      vertex -38.9629 -50 41.9402
      vertex -38.9629 -45 41.9402
    endloop
  endfacet
  facet normal -0.941459 0 -0.337128
    outer loop
      vertex -37.8947 -50 40.6386
      vertex -37.9675 -45 40.8419
      vertex -37.8947 -45 40.6386
    endloop
  endfacet
  facet normal -0.941459 -0 -0.337128
    outer loop
      vertex -37.9675 -45 40.8419
      vertex -37.8947 -50 40.6386
      vertex -37.9675 -50 40.8419
    endloop
  endfacet
  facet normal 0.740778 -0 0.67175
    outer loop
      vertex -41.7006 -50 38.6043
      vertex -41.5556 -45 38.4444
      vertex -41.7006 -45 38.6043
    endloop
  endfacet
  facet normal 0.740778 0 0.67175
    outer loop
      vertex -41.5556 -45 38.4444
      vertex -41.7006 -50 38.6043
      vertex -41.5556 -50 38.4444
    endloop
  endfacet
  facet normal 0.0491058 0 0.998794
    outer loop
      vertex -40.2156 -45 37.8106
      vertex -40 -50 37.8
      vertex -40 -45 37.8
    endloop
  endfacet
  facet normal 0.0491058 0 0.998794
    outer loop
      vertex -40 -50 37.8
      vertex -40.2156 -45 37.8106
      vertex -40.2156 -50 37.8106
    endloop
  endfacet
  facet normal 0.67175 0 0.740778
    outer loop
      vertex -41.5556 -45 38.4444
      vertex -41.3957 -50 38.2994
      vertex -41.3957 -45 38.2994
    endloop
  endfacet
  facet normal 0.67175 0 0.740778
    outer loop
      vertex -41.3957 -50 38.2994
      vertex -41.5556 -45 38.4444
      vertex -41.5556 -50 38.4444
    endloop
  endfacet
  facet normal 0.1468 0 0.989166
    outer loop
      vertex -40.4292 -45 37.8423
      vertex -40.2156 -50 37.8106
      vertex -40.2156 -45 37.8106
    endloop
  endfacet
  facet normal 0.1468 0 0.989166
    outer loop
      vertex -40.2156 -50 37.8106
      vertex -40.4292 -45 37.8423
      vertex -40.4292 -50 37.8423
    endloop
  endfacet
  facet normal -0.857738 0 -0.514087
    outer loop
      vertex -38.0598 -50 41.0371
      vertex -38.1708 -45 41.2223
      vertex -38.0598 -45 41.0371
    endloop
  endfacet
  facet normal -0.857738 -0 -0.514087
    outer loop
      vertex -38.1708 -45 41.2223
      vertex -38.0598 -50 41.0371
      vertex -38.1708 -50 41.2223
    endloop
  endfacet
  facet normal -0.427469 0 -0.90403
    outer loop
      vertex -39.1581 -50 42.0325
      vertex -38.9629 -45 41.9402
      vertex -38.9629 -50 41.9402
    endloop
  endfacet
  facet normal -0.427469 0 -0.90403
    outer loop
      vertex -38.9629 -45 41.9402
      vertex -39.1581 -50 42.0325
      vertex -39.1581 -45 42.0325
    endloop
  endfacet
  facet normal -0.67175 0 0.740778
    outer loop
      vertex -38.6043 -45 38.2994
      vertex -38.4444 -50 38.4444
      vertex -38.4444 -45 38.4444
    endloop
  endfacet
  facet normal -0.67175 0 0.740778
    outer loop
      vertex -38.4444 -50 38.4444
      vertex -38.6043 -45 38.2994
      vertex -38.6043 -50 38.2994
    endloop
  endfacet
  facet normal 0.242754 0 0.970088
    outer loop
      vertex -40.6386 -45 37.8947
      vertex -40.4292 -50 37.8423
      vertex -40.4292 -45 37.8423
    endloop
  endfacet
  facet normal 0.242754 0 0.970088
    outer loop
      vertex -40.4292 -50 37.8423
      vertex -40.6386 -45 37.8947
      vertex -40.6386 -50 37.8947
    endloop
  endfacet
  facet normal -0.427469 0 0.90403
    outer loop
      vertex -39.1581 -45 37.9675
      vertex -38.9629 -50 38.0598
      vertex -38.9629 -45 38.0598
    endloop
  endfacet
  facet normal -0.427469 0 0.90403
    outer loop
      vertex -38.9629 -50 38.0598
      vertex -39.1581 -45 37.9675
      vertex -39.1581 -50 37.9675
    endloop
  endfacet
  facet normal 0.803212 -0 0.595693
    outer loop
      vertex -41.8292 -50 38.7777
      vertex -41.7006 -45 38.6043
      vertex -41.8292 -45 38.7777
    endloop
  endfacet
  facet normal 0.803212 0 0.595693
    outer loop
      vertex -41.7006 -45 38.6043
      vertex -41.8292 -50 38.7777
      vertex -41.7006 -50 38.6043
    endloop
  endfacet
  facet normal -0.0491058 0 -0.998794
    outer loop
      vertex -40 -50 42.2
      vertex -39.7844 -45 42.1894
      vertex -39.7844 -50 42.1894
    endloop
  endfacet
  facet normal -0.0491058 0 -0.998794
    outer loop
      vertex -39.7844 -45 42.1894
      vertex -40 -50 42.2
      vertex -40 -45 42.2
    endloop
  endfacet
  facet normal -0.803212 0 0.595693
    outer loop
      vertex -38.2994 -50 38.6043
      vertex -38.1708 -45 38.7777
      vertex -38.2994 -45 38.6043
    endloop
  endfacet
  facet normal -0.803212 0 0.595693
    outer loop
      vertex -38.1708 -45 38.7777
      vertex -38.2994 -50 38.6043
      vertex -38.1708 -50 38.7777
    endloop
  endfacet
  facet normal -0.90403 0 -0.427469
    outer loop
      vertex -37.9675 -50 40.8419
      vertex -38.0598 -45 41.0371
      vertex -37.9675 -45 40.8419
    endloop
  endfacet
  facet normal -0.90403 -0 -0.427469
    outer loop
      vertex -38.0598 -45 41.0371
      vertex -37.9675 -50 40.8419
      vertex -38.0598 -50 41.0371
    endloop
  endfacet
  facet normal 0.242754 0 -0.970088
    outer loop
      vertex -40.6386 -50 42.1053
      vertex -40.4292 -45 42.1577
      vertex -40.4292 -50 42.1577
    endloop
  endfacet
  facet normal 0.242754 0 -0.970088
    outer loop
      vertex -40.4292 -45 42.1577
      vertex -40.6386 -50 42.1053
      vertex -40.6386 -45 42.1053
    endloop
  endfacet
  facet normal 0.67175 0 -0.740778
    outer loop
      vertex -41.5556 -50 41.5556
      vertex -41.3957 -45 41.7006
      vertex -41.3957 -50 41.7006
    endloop
  endfacet
  facet normal 0.67175 0 -0.740778
    outer loop
      vertex -41.3957 -45 41.7006
      vertex -41.5556 -50 41.5556
      vertex -41.5556 -45 41.5556
    endloop
  endfacet
  facet normal 0.998794 -0 0.0491058
    outer loop
      vertex -42.2 -50 40
      vertex -42.1894 -45 39.7844
      vertex -42.2 -45 40
    endloop
  endfacet
  facet normal 0.998794 0 0.0491058
    outer loop
      vertex -42.1894 -45 39.7844
      vertex -42.2 -50 40
      vertex -42.1894 -50 39.7844
    endloop
  endfacet
  facet normal -0.337128 0 -0.941459
    outer loop
      vertex -39.3614 -50 42.1053
      vertex -39.1581 -45 42.0325
      vertex -39.1581 -50 42.0325
    endloop
  endfacet
  facet normal -0.337128 0 -0.941459
    outer loop
      vertex -39.1581 -45 42.0325
      vertex -39.3614 -50 42.1053
      vertex -39.3614 -45 42.1053
    endloop
  endfacet
  facet normal -0.67175 0 -0.740778
    outer loop
      vertex -38.6043 -50 41.7006
      vertex -38.4444 -45 41.5556
      vertex -38.4444 -50 41.5556
    endloop
  endfacet
  facet normal -0.67175 0 -0.740778
    outer loop
      vertex -38.4444 -45 41.5556
      vertex -38.6043 -50 41.7006
      vertex -38.6043 -45 41.7006
    endloop
  endfacet
  facet normal -0.970088 0 -0.242754
    outer loop
      vertex -37.8423 -50 40.4292
      vertex -37.8947 -45 40.6386
      vertex -37.8423 -45 40.4292
    endloop
  endfacet
  facet normal -0.970088 -0 -0.242754
    outer loop
      vertex -37.8947 -45 40.6386
      vertex -37.8423 -50 40.4292
      vertex -37.8947 -50 40.6386
    endloop
  endfacet
  facet normal -0.740778 0 -0.67175
    outer loop
      vertex -38.2994 -50 41.3957
      vertex -38.4444 -45 41.5556
      vertex -38.2994 -45 41.3957
    endloop
  endfacet
  facet normal -0.740778 -0 -0.67175
    outer loop
      vertex -38.4444 -45 41.5556
      vertex -38.2994 -50 41.3957
      vertex -38.4444 -50 41.5556
    endloop
  endfacet
  facet normal -0.941459 0 0.337128
    outer loop
      vertex -37.9675 -50 39.1581
      vertex -37.8947 -45 39.3614
      vertex -37.9675 -45 39.1581
    endloop
  endfacet
  facet normal -0.941459 0 0.337128
    outer loop
      vertex -37.8947 -45 39.3614
      vertex -37.9675 -50 39.1581
      vertex -37.8947 -50 39.3614
    endloop
  endfacet
  facet normal -0.595693 0 0.803212
    outer loop
      vertex -38.7777 -45 38.1708
      vertex -38.6043 -50 38.2994
      vertex -38.6043 -45 38.2994
    endloop
  endfacet
  facet normal -0.595693 0 0.803212
    outer loop
      vertex -38.6043 -50 38.2994
      vertex -38.7777 -45 38.1708
      vertex -38.7777 -50 38.1708
    endloop
  endfacet
  facet normal 0.90403 -0 0.427469
    outer loop
      vertex -42.0325 -50 39.1581
      vertex -41.9402 -45 38.9629
      vertex -42.0325 -45 39.1581
    endloop
  endfacet
  facet normal 0.90403 0 0.427469
    outer loop
      vertex -41.9402 -45 38.9629
      vertex -42.0325 -50 39.1581
      vertex -41.9402 -50 38.9629
    endloop
  endfacet
  facet normal 0.970088 0 -0.242754
    outer loop
      vertex -42.1053 -50 40.6386
      vertex -42.1577 -45 40.4292
      vertex -42.1053 -45 40.6386
    endloop
  endfacet
  facet normal 0.970088 0 -0.242754
    outer loop
      vertex -42.1577 -45 40.4292
      vertex -42.1053 -50 40.6386
      vertex -42.1577 -50 40.4292
    endloop
  endfacet
  facet normal -0.90403 0 0.427469
    outer loop
      vertex -38.0598 -50 38.9629
      vertex -37.9675 -45 39.1581
      vertex -38.0598 -45 38.9629
    endloop
  endfacet
  facet normal -0.90403 0 0.427469
    outer loop
      vertex -37.9675 -45 39.1581
      vertex -38.0598 -50 38.9629
      vertex -37.9675 -50 39.1581
    endloop
  endfacet
  facet normal -0.989166 0 -0.1468
    outer loop
      vertex -37.8106 -50 40.2156
      vertex -37.8423 -45 40.4292
      vertex -37.8106 -45 40.2156
    endloop
  endfacet
  facet normal -0.989166 -0 -0.1468
    outer loop
      vertex -37.8423 -45 40.4292
      vertex -37.8106 -50 40.2156
      vertex -37.8423 -50 40.4292
    endloop
  endfacet
  facet normal -0.857738 0 0.514087
    outer loop
      vertex -38.1708 -50 38.7777
      vertex -38.0598 -45 38.9629
      vertex -38.1708 -45 38.7777
    endloop
  endfacet
  facet normal -0.857738 0 0.514087
    outer loop
      vertex -38.0598 -45 38.9629
      vertex -38.1708 -50 38.7777
      vertex -38.0598 -50 38.9629
    endloop
  endfacet
  facet normal 0.337128 0 0.941459
    outer loop
      vertex -40.8419 -45 37.9675
      vertex -40.6386 -50 37.8947
      vertex -40.6386 -45 37.8947
    endloop
  endfacet
  facet normal 0.337128 0 0.941459
    outer loop
      vertex -40.6386 -50 37.8947
      vertex -40.8419 -45 37.9675
      vertex -40.8419 -50 37.9675
    endloop
  endfacet
  facet normal 0.803212 0 -0.595693
    outer loop
      vertex -41.7006 -50 41.3957
      vertex -41.8292 -45 41.2223
      vertex -41.7006 -45 41.3957
    endloop
  endfacet
  facet normal 0.803212 0 -0.595693
    outer loop
      vertex -41.8292 -45 41.2223
      vertex -41.7006 -50 41.3957
      vertex -41.8292 -50 41.2223
    endloop
  endfacet
  facet normal 0.857738 0 -0.514087
    outer loop
      vertex -41.8292 -50 41.2223
      vertex -41.9402 -45 41.0371
      vertex -41.8292 -45 41.2223
    endloop
  endfacet
  facet normal 0.857738 0 -0.514087
    outer loop
      vertex -41.9402 -45 41.0371
      vertex -41.8292 -50 41.2223
      vertex -41.9402 -50 41.0371
    endloop
  endfacet
  facet normal 0.989166 0 -0.1468
    outer loop
      vertex -42.1577 -50 40.4292
      vertex -42.1894 -45 40.2156
      vertex -42.1577 -45 40.4292
    endloop
  endfacet
  facet normal 0.989166 0 -0.1468
    outer loop
      vertex -42.1894 -45 40.2156
      vertex -42.1577 -50 40.4292
      vertex -42.1894 -50 40.2156
    endloop
  endfacet
  facet normal 0.0491058 0 -0.998794
    outer loop
      vertex -40.2156 -50 42.1894
      vertex -40 -45 42.2
      vertex -40 -50 42.2
    endloop
  endfacet
  facet normal 0.0491058 0 -0.998794
    outer loop
      vertex -40 -45 42.2
      vertex -40.2156 -50 42.1894
      vertex -40.2156 -45 42.1894
    endloop
  endfacet
  facet normal 0.970088 -0 0.242754
    outer loop
      vertex -42.1577 -50 39.5708
      vertex -42.1053 -45 39.3614
      vertex -42.1577 -45 39.5708
    endloop
  endfacet
  facet normal 0.970088 0 0.242754
    outer loop
      vertex -42.1053 -45 39.3614
      vertex -42.1577 -50 39.5708
      vertex -42.1053 -50 39.3614
    endloop
  endfacet
  facet normal 0.595693 0 0.803212
    outer loop
      vertex -41.3957 -45 38.2994
      vertex -41.2223 -50 38.1708
      vertex -41.2223 -45 38.1708
    endloop
  endfacet
  facet normal 0.595693 0 0.803212
    outer loop
      vertex -41.2223 -50 38.1708
      vertex -41.3957 -45 38.2994
      vertex -41.3957 -50 38.2994
    endloop
  endfacet
  facet normal 0.90403 0 -0.427469
    outer loop
      vertex -41.9402 -50 41.0371
      vertex -42.0325 -45 40.8419
      vertex -41.9402 -45 41.0371
    endloop
  endfacet
  facet normal 0.90403 0 -0.427469
    outer loop
      vertex -42.0325 -45 40.8419
      vertex -41.9402 -50 41.0371
      vertex -42.0325 -50 40.8419
    endloop
  endfacet
  facet normal 0.989166 -0 0.1468
    outer loop
      vertex -42.1894 -50 39.7844
      vertex -42.1577 -45 39.5708
      vertex -42.1894 -45 39.7844
    endloop
  endfacet
  facet normal 0.989166 0 0.1468
    outer loop
      vertex -42.1577 -45 39.5708
      vertex -42.1894 -50 39.7844
      vertex -42.1577 -50 39.5708
    endloop
  endfacet
  facet normal -0.242754 0 0.970088
    outer loop
      vertex -39.5708 -45 37.8423
      vertex -39.3614 -50 37.8947
      vertex -39.3614 -45 37.8947
    endloop
  endfacet
  facet normal -0.242754 0 0.970088
    outer loop
      vertex -39.3614 -50 37.8947
      vertex -39.5708 -45 37.8423
      vertex -39.5708 -50 37.8423
    endloop
  endfacet
  facet normal 0.941459 0 -0.337128
    outer loop
      vertex -42.0325 -50 40.8419
      vertex -42.1053 -45 40.6386
      vertex -42.0325 -45 40.8419
    endloop
  endfacet
  facet normal 0.941459 0 -0.337128
    outer loop
      vertex -42.1053 -45 40.6386
      vertex -42.0325 -50 40.8419
      vertex -42.1053 -50 40.6386
    endloop
  endfacet
  facet normal -0.595693 0 -0.803212
    outer loop
      vertex -38.7777 -50 41.8292
      vertex -38.6043 -45 41.7006
      vertex -38.6043 -50 41.7006
    endloop
  endfacet
  facet normal -0.595693 0 -0.803212
    outer loop
      vertex -38.6043 -45 41.7006
      vertex -38.7777 -50 41.8292
      vertex -38.7777 -45 41.8292
    endloop
  endfacet
  facet normal 0.941459 -0 0.337128
    outer loop
      vertex -42.1053 -50 39.3614
      vertex -42.0325 -45 39.1581
      vertex -42.1053 -45 39.3614
    endloop
  endfacet
  facet normal 0.941459 0 0.337128
    outer loop
      vertex -42.0325 -45 39.1581
      vertex -42.1053 -50 39.3614
      vertex -42.0325 -50 39.1581
    endloop
  endfacet
  facet normal 0.1468 0 -0.989166
    outer loop
      vertex -40.4292 -50 42.1577
      vertex -40.2156 -45 42.1894
      vertex -40.2156 -50 42.1894
    endloop
  endfacet
  facet normal 0.1468 0 -0.989166
    outer loop
      vertex -40.2156 -45 42.1894
      vertex -40.4292 -50 42.1577
      vertex -40.4292 -45 42.1577
    endloop
  endfacet
  facet normal 0.595693 0 -0.803212
    outer loop
      vertex -41.3957 -50 41.7006
      vertex -41.2223 -45 41.8292
      vertex -41.2223 -50 41.8292
    endloop
  endfacet
  facet normal 0.595693 0 -0.803212
    outer loop
      vertex -41.2223 -45 41.8292
      vertex -41.3957 -50 41.7006
      vertex -41.3957 -45 41.7006
    endloop
  endfacet
  facet normal 0.514087 0 -0.857738
    outer loop
      vertex -41.2223 -50 41.8292
      vertex -41.0371 -45 41.9402
      vertex -41.0371 -50 41.9402
    endloop
  endfacet
  facet normal 0.514087 0 -0.857738
    outer loop
      vertex -41.0371 -45 41.9402
      vertex -41.2223 -50 41.8292
      vertex -41.2223 -45 41.8292
    endloop
  endfacet
  facet normal 0.998794 0 -0.0491058
    outer loop
      vertex -42.1894 -50 40.2156
      vertex -42.2 -45 40
      vertex -42.1894 -45 40.2156
    endloop
  endfacet
  facet normal 0.998794 0 -0.0491058
    outer loop
      vertex -42.2 -45 40
      vertex -42.1894 -50 40.2156
      vertex -42.2 -50 40
    endloop
  endfacet
  facet normal -0.1468 0 0.989166
    outer loop
      vertex -39.7844 -45 37.8106
      vertex -39.5708 -50 37.8423
      vertex -39.5708 -45 37.8423
    endloop
  endfacet
  facet normal -0.1468 0 0.989166
    outer loop
      vertex -39.5708 -50 37.8423
      vertex -39.7844 -45 37.8106
      vertex -39.7844 -50 37.8106
    endloop
  endfacet
  facet normal 0.337128 0 -0.941459
    outer loop
      vertex -40.8419 -50 42.0325
      vertex -40.6386 -45 42.1053
      vertex -40.6386 -50 42.1053
    endloop
  endfacet
  facet normal 0.337128 0 -0.941459
    outer loop
      vertex -40.6386 -45 42.1053
      vertex -40.8419 -50 42.0325
      vertex -40.8419 -45 42.0325
    endloop
  endfacet
  facet normal -0.989166 0 0.1468
    outer loop
      vertex 42.1577 -50 39.5708
      vertex 42.1894 -45 39.7844
      vertex 42.1577 -45 39.5708
    endloop
  endfacet
  facet normal -0.989166 0 0.1468
    outer loop
      vertex 42.1894 -45 39.7844
      vertex 42.1577 -50 39.5708
      vertex 42.1894 -50 39.7844
    endloop
  endfacet
  facet normal -0.998794 0 0.0491058
    outer loop
      vertex 42.1894 -50 39.7844
      vertex 42.2 -45 40
      vertex 42.1894 -45 39.7844
    endloop
  endfacet
  facet normal -0.998794 0 0.0491058
    outer loop
      vertex 42.2 -45 40
      vertex 42.1894 -50 39.7844
      vertex 42.2 -50 40
    endloop
  endfacet
  facet normal -0.970088 0 0.242754
    outer loop
      vertex 42.1053 -50 39.3614
      vertex 42.1577 -45 39.5708
      vertex 42.1053 -45 39.3614
    endloop
  endfacet
  facet normal -0.970088 0 0.242754
    outer loop
      vertex 42.1577 -45 39.5708
      vertex 42.1053 -50 39.3614
      vertex 42.1577 -50 39.5708
    endloop
  endfacet
  facet normal -0.740778 0 0.67175
    outer loop
      vertex 41.5556 -50 38.4444
      vertex 41.7006 -45 38.6043
      vertex 41.5556 -45 38.4444
    endloop
  endfacet
  facet normal -0.740778 0 0.67175
    outer loop
      vertex 41.7006 -45 38.6043
      vertex 41.5556 -50 38.4444
      vertex 41.7006 -50 38.6043
    endloop
  endfacet
  facet normal 0.857738 -0 0.514087
    outer loop
      vertex 38.0598 -50 38.9629
      vertex 38.1708 -45 38.7777
      vertex 38.0598 -45 38.9629
    endloop
  endfacet
  facet normal 0.857738 0 0.514087
    outer loop
      vertex 38.1708 -45 38.7777
      vertex 38.0598 -50 38.9629
      vertex 38.1708 -50 38.7777
    endloop
  endfacet
  facet normal 0.427469 0 0.90403
    outer loop
      vertex 38.9629 -45 38.0598
      vertex 39.1581 -50 37.9675
      vertex 39.1581 -45 37.9675
    endloop
  endfacet
  facet normal 0.427469 0 0.90403
    outer loop
      vertex 39.1581 -50 37.9675
      vertex 38.9629 -45 38.0598
      vertex 38.9629 -50 38.0598
    endloop
  endfacet
  facet normal -0.1468 0 -0.989166
    outer loop
      vertex 40.2156 -50 42.1894
      vertex 40.4292 -45 42.1577
      vertex 40.4292 -50 42.1577
    endloop
  endfacet
  facet normal -0.1468 0 -0.989166
    outer loop
      vertex 40.4292 -45 42.1577
      vertex 40.2156 -50 42.1894
      vertex 40.2156 -45 42.1894
    endloop
  endfacet
  facet normal -0.337128 0 0.941459
    outer loop
      vertex 40.6386 -45 37.8947
      vertex 40.8419 -50 37.9675
      vertex 40.8419 -45 37.9675
    endloop
  endfacet
  facet normal -0.337128 0 0.941459
    outer loop
      vertex 40.8419 -50 37.9675
      vertex 40.6386 -45 37.8947
      vertex 40.6386 -50 37.8947
    endloop
  endfacet
  facet normal -0.514087 0 0.857738
    outer loop
      vertex 41.0371 -45 38.0598
      vertex 41.2223 -50 38.1708
      vertex 41.2223 -45 38.1708
    endloop
  endfacet
  facet normal -0.514087 0 0.857738
    outer loop
      vertex 41.2223 -50 38.1708
      vertex 41.0371 -45 38.0598
      vertex 41.0371 -50 38.0598
    endloop
  endfacet
  facet normal -0.998794 0 -0.0491058
    outer loop
      vertex 42.2 -50 40
      vertex 42.1894 -45 40.2156
      vertex 42.2 -45 40
    endloop
  endfacet
  facet normal -0.998794 -0 -0.0491058
    outer loop
      vertex 42.1894 -45 40.2156
      vertex 42.2 -50 40
      vertex 42.1894 -50 40.2156
    endloop
  endfacet
  facet normal -0.803212 0 -0.595693
    outer loop
      vertex 41.8292 -50 41.2223
      vertex 41.7006 -45 41.3957
      vertex 41.8292 -45 41.2223
    endloop
  endfacet
  facet normal -0.803212 -0 -0.595693
    outer loop
      vertex 41.7006 -45 41.3957
      vertex 41.8292 -50 41.2223
      vertex 41.7006 -50 41.3957
    endloop
  endfacet
  facet normal -0.0491058 0 0.998794
    outer loop
      vertex 40 -45 37.8
      vertex 40.2156 -50 37.8106
      vertex 40.2156 -45 37.8106
    endloop
  endfacet
  facet normal -0.0491058 0 0.998794
    outer loop
      vertex 40.2156 -50 37.8106
      vertex 40 -45 37.8
      vertex 40 -50 37.8
    endloop
  endfacet
  facet normal 0.740778 0 -0.67175
    outer loop
      vertex 38.4444 -50 41.5556
      vertex 38.2994 -45 41.3957
      vertex 38.4444 -45 41.5556
    endloop
  endfacet
  facet normal 0.740778 0 -0.67175
    outer loop
      vertex 38.2994 -45 41.3957
      vertex 38.4444 -50 41.5556
      vertex 38.2994 -50 41.3957
    endloop
  endfacet
  facet normal 0.514087 0 0.857738
    outer loop
      vertex 38.7777 -45 38.1708
      vertex 38.9629 -50 38.0598
      vertex 38.9629 -45 38.0598
    endloop
  endfacet
  facet normal 0.514087 0 0.857738
    outer loop
      vertex 38.9629 -50 38.0598
      vertex 38.7777 -45 38.1708
      vertex 38.7777 -50 38.1708
    endloop
  endfacet
  facet normal 0.427469 0 -0.90403
    outer loop
      vertex 38.9629 -50 41.9402
      vertex 39.1581 -45 42.0325
      vertex 39.1581 -50 42.0325
    endloop
  endfacet
  facet normal 0.427469 0 -0.90403
    outer loop
      vertex 39.1581 -45 42.0325
      vertex 38.9629 -50 41.9402
      vertex 38.9629 -45 41.9402
    endloop
  endfacet
  facet normal -0.242754 0 -0.970088
    outer loop
      vertex 40.4292 -50 42.1577
      vertex 40.6386 -45 42.1053
      vertex 40.6386 -50 42.1053
    endloop
  endfacet
  facet normal -0.242754 0 -0.970088
    outer loop
      vertex 40.6386 -45 42.1053
      vertex 40.4292 -50 42.1577
      vertex 40.4292 -45 42.1577
    endloop
  endfacet
  facet normal -0.514087 0 -0.857738
    outer loop
      vertex 41.0371 -50 41.9402
      vertex 41.2223 -45 41.8292
      vertex 41.2223 -50 41.8292
    endloop
  endfacet
  facet normal -0.514087 0 -0.857738
    outer loop
      vertex 41.2223 -45 41.8292
      vertex 41.0371 -50 41.9402
      vertex 41.0371 -45 41.9402
    endloop
  endfacet
  facet normal -0.941459 0 -0.337128
    outer loop
      vertex 42.1053 -50 40.6386
      vertex 42.0325 -45 40.8419
      vertex 42.1053 -45 40.6386
    endloop
  endfacet
  facet normal -0.941459 -0 -0.337128
    outer loop
      vertex 42.0325 -45 40.8419
      vertex 42.1053 -50 40.6386
      vertex 42.0325 -50 40.8419
    endloop
  endfacet
  facet normal 0.740778 -0 0.67175
    outer loop
      vertex 38.2994 -50 38.6043
      vertex 38.4444 -45 38.4444
      vertex 38.2994 -45 38.6043
    endloop
  endfacet
  facet normal 0.740778 0 0.67175
    outer loop
      vertex 38.4444 -45 38.4444
      vertex 38.2994 -50 38.6043
      vertex 38.4444 -50 38.4444
    endloop
  endfacet
  facet normal 0.0491058 0 0.998794
    outer loop
      vertex 39.7844 -45 37.8106
      vertex 40 -50 37.8
      vertex 40 -45 37.8
    endloop
  endfacet
  facet normal 0.0491058 0 0.998794
    outer loop
      vertex 40 -50 37.8
      vertex 39.7844 -45 37.8106
      vertex 39.7844 -50 37.8106
    endloop
  endfacet
  facet normal 0.1468 0 0.989166
    outer loop
      vertex 39.5708 -45 37.8423
      vertex 39.7844 -50 37.8106
      vertex 39.7844 -45 37.8106
    endloop
  endfacet
  facet normal 0.1468 0 0.989166
    outer loop
      vertex 39.7844 -50 37.8106
      vertex 39.5708 -45 37.8423
      vertex 39.5708 -50 37.8423
    endloop
  endfacet
  facet normal -0.857738 0 -0.514087
    outer loop
      vertex 41.9402 -50 41.0371
      vertex 41.8292 -45 41.2223
      vertex 41.9402 -45 41.0371
    endloop
  endfacet
  facet normal -0.857738 -0 -0.514087
    outer loop
      vertex 41.8292 -45 41.2223
      vertex 41.9402 -50 41.0371
      vertex 41.8292 -50 41.2223
    endloop
  endfacet
  facet normal -0.427469 0 -0.90403
    outer loop
      vertex 40.8419 -50 42.0325
      vertex 41.0371 -45 41.9402
      vertex 41.0371 -50 41.9402
    endloop
  endfacet
  facet normal -0.427469 0 -0.90403
    outer loop
      vertex 41.0371 -45 41.9402
      vertex 40.8419 -50 42.0325
      vertex 40.8419 -45 42.0325
    endloop
  endfacet
  facet normal -0.67175 0 0.740778
    outer loop
      vertex 41.3957 -45 38.2994
      vertex 41.5556 -50 38.4444
      vertex 41.5556 -45 38.4444
    endloop
  endfacet
  facet normal -0.67175 0 0.740778
    outer loop
      vertex 41.5556 -50 38.4444
      vertex 41.3957 -45 38.2994
      vertex 41.3957 -50 38.2994
    endloop
  endfacet
  facet normal 0.242754 0 0.970088
    outer loop
      vertex 39.3614 -45 37.8947
      vertex 39.5708 -50 37.8423
      vertex 39.5708 -45 37.8423
    endloop
  endfacet
  facet normal 0.242754 0 0.970088
    outer loop
      vertex 39.5708 -50 37.8423
      vertex 39.3614 -45 37.8947
      vertex 39.3614 -50 37.8947
    endloop
  endfacet
  facet normal -0.427469 0 0.90403
    outer loop
      vertex 40.8419 -45 37.9675
      vertex 41.0371 -50 38.0598
      vertex 41.0371 -45 38.0598
    endloop
  endfacet
  facet normal -0.427469 0 0.90403
    outer loop
      vertex 41.0371 -50 38.0598
      vertex 40.8419 -45 37.9675
      vertex 40.8419 -50 37.9675
    endloop
  endfacet
  facet normal 0.803212 -0 0.595693
    outer loop
      vertex 38.1708 -50 38.7777
      vertex 38.2994 -45 38.6043
      vertex 38.1708 -45 38.7777
    endloop
  endfacet
  facet normal 0.803212 0 0.595693
    outer loop
      vertex 38.2994 -45 38.6043
      vertex 38.1708 -50 38.7777
      vertex 38.2994 -50 38.6043
    endloop
  endfacet
  facet normal -0.0491058 0 -0.998794
    outer loop
      vertex 40 -50 42.2
      vertex 40.2156 -45 42.1894
      vertex 40.2156 -50 42.1894
    endloop
  endfacet
  facet normal -0.0491058 0 -0.998794
    outer loop
      vertex 40.2156 -45 42.1894
      vertex 40 -50 42.2
      vertex 40 -45 42.2
    endloop
  endfacet
  facet normal -0.803212 0 0.595693
    outer loop
      vertex 41.7006 -50 38.6043
      vertex 41.8292 -45 38.7777
      vertex 41.7006 -45 38.6043
    endloop
  endfacet
  facet normal -0.803212 0 0.595693
    outer loop
      vertex 41.8292 -45 38.7777
      vertex 41.7006 -50 38.6043
      vertex 41.8292 -50 38.7777
    endloop
  endfacet
  facet normal -0.90403 0 -0.427469
    outer loop
      vertex 42.0325 -50 40.8419
      vertex 41.9402 -45 41.0371
      vertex 42.0325 -45 40.8419
    endloop
  endfacet
  facet normal -0.90403 -0 -0.427469
    outer loop
      vertex 41.9402 -45 41.0371
      vertex 42.0325 -50 40.8419
      vertex 41.9402 -50 41.0371
    endloop
  endfacet
  facet normal 0.242754 0 -0.970088
    outer loop
      vertex 39.3614 -50 42.1053
      vertex 39.5708 -45 42.1577
      vertex 39.5708 -50 42.1577
    endloop
  endfacet
  facet normal 0.242754 0 -0.970088
    outer loop
      vertex 39.5708 -45 42.1577
      vertex 39.3614 -50 42.1053
      vertex 39.3614 -45 42.1053
    endloop
  endfacet
  facet normal 0.67175 0 -0.740778
    outer loop
      vertex 38.4444 -50 41.5556
      vertex 38.6043 -45 41.7006
      vertex 38.6043 -50 41.7006
    endloop
  endfacet
  facet normal 0.67175 0 -0.740778
    outer loop
      vertex 38.6043 -45 41.7006
      vertex 38.4444 -50 41.5556
      vertex 38.4444 -45 41.5556
    endloop
  endfacet
  facet normal 0.998794 -0 0.0491058
    outer loop
      vertex 37.8 -50 40
      vertex 37.8106 -45 39.7844
      vertex 37.8 -45 40
    endloop
  endfacet
  facet normal 0.998794 0 0.0491058
    outer loop
      vertex 37.8106 -45 39.7844
      vertex 37.8 -50 40
      vertex 37.8106 -50 39.7844
    endloop
  endfacet
  facet normal -0.337128 0 -0.941459
    outer loop
      vertex 40.6386 -50 42.1053
      vertex 40.8419 -45 42.0325
      vertex 40.8419 -50 42.0325
    endloop
  endfacet
  facet normal -0.337128 0 -0.941459
    outer loop
      vertex 40.8419 -45 42.0325
      vertex 40.6386 -50 42.1053
      vertex 40.6386 -45 42.1053
    endloop
  endfacet
  facet normal -0.67175 0 -0.740778
    outer loop
      vertex 41.3957 -50 41.7006
      vertex 41.5556 -45 41.5556
      vertex 41.5556 -50 41.5556
    endloop
  endfacet
  facet normal -0.67175 0 -0.740778
    outer loop
      vertex 41.5556 -45 41.5556
      vertex 41.3957 -50 41.7006
      vertex 41.3957 -45 41.7006
    endloop
  endfacet
  facet normal -0.970088 0 -0.242754
    outer loop
      vertex 42.1577 -50 40.4292
      vertex 42.1053 -45 40.6386
      vertex 42.1577 -45 40.4292
    endloop
  endfacet
  facet normal -0.970088 -0 -0.242754
    outer loop
      vertex 42.1053 -45 40.6386
      vertex 42.1577 -50 40.4292
      vertex 42.1053 -50 40.6386
    endloop
  endfacet
  facet normal -0.740778 0 -0.67175
    outer loop
      vertex 41.7006 -50 41.3957
      vertex 41.5556 -45 41.5556
      vertex 41.7006 -45 41.3957
    endloop
  endfacet
  facet normal -0.740778 -0 -0.67175
    outer loop
      vertex 41.5556 -45 41.5556
      vertex 41.7006 -50 41.3957
      vertex 41.5556 -50 41.5556
    endloop
  endfacet
  facet normal -0.941459 0 0.337128
    outer loop
      vertex 42.0325 -50 39.1581
      vertex 42.1053 -45 39.3614
      vertex 42.0325 -45 39.1581
    endloop
  endfacet
  facet normal -0.941459 0 0.337128
    outer loop
      vertex 42.1053 -45 39.3614
      vertex 42.0325 -50 39.1581
      vertex 42.1053 -50 39.3614
    endloop
  endfacet
  facet normal -0.595693 0 0.803212
    outer loop
      vertex 41.2223 -45 38.1708
      vertex 41.3957 -50 38.2994
      vertex 41.3957 -45 38.2994
    endloop
  endfacet
  facet normal -0.595693 0 0.803212
    outer loop
      vertex 41.3957 -50 38.2994
      vertex 41.2223 -45 38.1708
      vertex 41.2223 -50 38.1708
    endloop
  endfacet
  facet normal 0.90403 -0 0.427469
    outer loop
      vertex 37.9675 -50 39.1581
      vertex 38.0598 -45 38.9629
      vertex 37.9675 -45 39.1581
    endloop
  endfacet
  facet normal 0.90403 0 0.427469
    outer loop
      vertex 38.0598 -45 38.9629
      vertex 37.9675 -50 39.1581
      vertex 38.0598 -50 38.9629
    endloop
  endfacet
  facet normal 0.970088 0 -0.242754
    outer loop
      vertex 37.8947 -50 40.6386
      vertex 37.8423 -45 40.4292
      vertex 37.8947 -45 40.6386
    endloop
  endfacet
  facet normal 0.970088 0 -0.242754
    outer loop
      vertex 37.8423 -45 40.4292
      vertex 37.8947 -50 40.6386
      vertex 37.8423 -50 40.4292
    endloop
  endfacet
  facet normal -0.90403 0 0.427469
    outer loop
      vertex 41.9402 -50 38.9629
      vertex 42.0325 -45 39.1581
      vertex 41.9402 -45 38.9629
    endloop
  endfacet
  facet normal -0.90403 0 0.427469
    outer loop
      vertex 42.0325 -45 39.1581
      vertex 41.9402 -50 38.9629
      vertex 42.0325 -50 39.1581
    endloop
  endfacet
  facet normal -0.989166 0 -0.1468
    outer loop
      vertex 42.1894 -50 40.2156
      vertex 42.1577 -45 40.4292
      vertex 42.1894 -45 40.2156
    endloop
  endfacet
  facet normal -0.989166 -0 -0.1468
    outer loop
      vertex 42.1577 -45 40.4292
      vertex 42.1894 -50 40.2156
      vertex 42.1577 -50 40.4292
    endloop
  endfacet
  facet normal -0.857738 0 0.514087
    outer loop
      vertex 41.8292 -50 38.7777
      vertex 41.9402 -45 38.9629
      vertex 41.8292 -45 38.7777
    endloop
  endfacet
  facet normal -0.857738 0 0.514087
    outer loop
      vertex 41.9402 -45 38.9629
      vertex 41.8292 -50 38.7777
      vertex 41.9402 -50 38.9629
    endloop
  endfacet
  facet normal 0.337128 0 0.941459
    outer loop
      vertex 39.1581 -45 37.9675
      vertex 39.3614 -50 37.8947
      vertex 39.3614 -45 37.8947
    endloop
  endfacet
  facet normal 0.337128 0 0.941459
    outer loop
      vertex 39.3614 -50 37.8947
      vertex 39.1581 -45 37.9675
      vertex 39.1581 -50 37.9675
    endloop
  endfacet
  facet normal 0.803212 0 -0.595693
    outer loop
      vertex 38.2994 -50 41.3957
      vertex 38.1708 -45 41.2223
      vertex 38.2994 -45 41.3957
    endloop
  endfacet
  facet normal 0.803212 0 -0.595693
    outer loop
      vertex 38.1708 -45 41.2223
      vertex 38.2994 -50 41.3957
      vertex 38.1708 -50 41.2223
    endloop
  endfacet
  facet normal 0.857738 0 -0.514087
    outer loop
      vertex 38.1708 -50 41.2223
      vertex 38.0598 -45 41.0371
      vertex 38.1708 -45 41.2223
    endloop
  endfacet
  facet normal 0.857738 0 -0.514087
    outer loop
      vertex 38.0598 -45 41.0371
      vertex 38.1708 -50 41.2223
      vertex 38.0598 -50 41.0371
    endloop
  endfacet
  facet normal 0.989166 0 -0.1468
    outer loop
      vertex 37.8423 -50 40.4292
      vertex 37.8106 -45 40.2156
      vertex 37.8423 -45 40.4292
    endloop
  endfacet
  facet normal 0.989166 0 -0.1468
    outer loop
      vertex 37.8106 -45 40.2156
      vertex 37.8423 -50 40.4292
      vertex 37.8106 -50 40.2156
    endloop
  endfacet
  facet normal 0.0491058 0 -0.998794
    outer loop
      vertex 39.7844 -50 42.1894
      vertex 40 -45 42.2
      vertex 40 -50 42.2
    endloop
  endfacet
  facet normal 0.0491058 0 -0.998794
    outer loop
      vertex 40 -45 42.2
      vertex 39.7844 -50 42.1894
      vertex 39.7844 -45 42.1894
    endloop
  endfacet
  facet normal 0.67175 0 0.740778
    outer loop
      vertex 38.4444 -45 38.4444
      vertex 38.6043 -50 38.2994
      vertex 38.6043 -45 38.2994
    endloop
  endfacet
  facet normal 0.67175 0 0.740778
    outer loop
      vertex 38.6043 -50 38.2994
      vertex 38.4444 -45 38.4444
      vertex 38.4444 -50 38.4444
    endloop
  endfacet
  facet normal 0.970088 -0 0.242754
    outer loop
      vertex 37.8423 -50 39.5708
      vertex 37.8947 -45 39.3614
      vertex 37.8423 -45 39.5708
    endloop
  endfacet
  facet normal 0.970088 0 0.242754
    outer loop
      vertex 37.8947 -45 39.3614
      vertex 37.8423 -50 39.5708
      vertex 37.8947 -50 39.3614
    endloop
  endfacet
  facet normal 0.90403 0 -0.427469
    outer loop
      vertex 38.0598 -50 41.0371
      vertex 37.9675 -45 40.8419
      vertex 38.0598 -45 41.0371
    endloop
  endfacet
  facet normal 0.90403 0 -0.427469
    outer loop
      vertex 37.9675 -45 40.8419
      vertex 38.0598 -50 41.0371
      vertex 37.9675 -50 40.8419
    endloop
  endfacet
  facet normal 0.989166 -0 0.1468
    outer loop
      vertex 37.8106 -50 39.7844
      vertex 37.8423 -45 39.5708
      vertex 37.8106 -45 39.7844
    endloop
  endfacet
  facet normal 0.989166 0 0.1468
    outer loop
      vertex 37.8423 -45 39.5708
      vertex 37.8106 -50 39.7844
      vertex 37.8423 -50 39.5708
    endloop
  endfacet
  facet normal -0.242754 0 0.970088
    outer loop
      vertex 40.4292 -45 37.8423
      vertex 40.6386 -50 37.8947
      vertex 40.6386 -45 37.8947
    endloop
  endfacet
  facet normal -0.242754 0 0.970088
    outer loop
      vertex 40.6386 -50 37.8947
      vertex 40.4292 -45 37.8423
      vertex 40.4292 -50 37.8423
    endloop
  endfacet
  facet normal 0.941459 0 -0.337128
    outer loop
      vertex 37.9675 -50 40.8419
      vertex 37.8947 -45 40.6386
      vertex 37.9675 -45 40.8419
    endloop
  endfacet
  facet normal 0.941459 0 -0.337128
    outer loop
      vertex 37.8947 -45 40.6386
      vertex 37.9675 -50 40.8419
      vertex 37.8947 -50 40.6386
    endloop
  endfacet
  facet normal -0.595693 0 -0.803212
    outer loop
      vertex 41.2223 -50 41.8292
      vertex 41.3957 -45 41.7006
      vertex 41.3957 -50 41.7006
    endloop
  endfacet
  facet normal -0.595693 0 -0.803212
    outer loop
      vertex 41.3957 -45 41.7006
      vertex 41.2223 -50 41.8292
      vertex 41.2223 -45 41.8292
    endloop
  endfacet
  facet normal 0.595693 0 0.803212
    outer loop
      vertex 38.6043 -45 38.2994
      vertex 38.7777 -50 38.1708
      vertex 38.7777 -45 38.1708
    endloop
  endfacet
  facet normal 0.595693 0 0.803212
    outer loop
      vertex 38.7777 -50 38.1708
      vertex 38.6043 -45 38.2994
      vertex 38.6043 -50 38.2994
    endloop
  endfacet
  facet normal 0.941459 -0 0.337128
    outer loop
      vertex 37.8947 -50 39.3614
      vertex 37.9675 -45 39.1581
      vertex 37.8947 -45 39.3614
    endloop
  endfacet
  facet normal 0.941459 0 0.337128
    outer loop
      vertex 37.9675 -45 39.1581
      vertex 37.8947 -50 39.3614
      vertex 37.9675 -50 39.1581
    endloop
  endfacet
  facet normal 0.1468 0 -0.989166
    outer loop
      vertex 39.5708 -50 42.1577
      vertex 39.7844 -45 42.1894
      vertex 39.7844 -50 42.1894
    endloop
  endfacet
  facet normal 0.1468 0 -0.989166
    outer loop
      vertex 39.7844 -45 42.1894
      vertex 39.5708 -50 42.1577
      vertex 39.5708 -45 42.1577
    endloop
  endfacet
  facet normal 0.595693 0 -0.803212
    outer loop
      vertex 38.6043 -50 41.7006
      vertex 38.7777 -45 41.8292
      vertex 38.7777 -50 41.8292
    endloop
  endfacet
  facet normal 0.595693 0 -0.803212
    outer loop
      vertex 38.7777 -45 41.8292
      vertex 38.6043 -50 41.7006
      vertex 38.6043 -45 41.7006
    endloop
  endfacet
  facet normal 0.514087 0 -0.857738
    outer loop
      vertex 38.7777 -50 41.8292
      vertex 38.9629 -45 41.9402
      vertex 38.9629 -50 41.9402
    endloop
  endfacet
  facet normal 0.514087 0 -0.857738
    outer loop
      vertex 38.9629 -45 41.9402
      vertex 38.7777 -50 41.8292
      vertex 38.7777 -45 41.8292
    endloop
  endfacet
  facet normal 0.998794 0 -0.0491058
    outer loop
      vertex 37.8106 -50 40.2156
      vertex 37.8 -45 40
      vertex 37.8106 -45 40.2156
    endloop
  endfacet
  facet normal 0.998794 0 -0.0491058
    outer loop
      vertex 37.8 -45 40
      vertex 37.8106 -50 40.2156
      vertex 37.8 -50 40
    endloop
  endfacet
  facet normal -0.1468 0 0.989166
    outer loop
      vertex 40.2156 -45 37.8106
      vertex 40.4292 -50 37.8423
      vertex 40.4292 -45 37.8423
    endloop
  endfacet
  facet normal -0.1468 0 0.989166
    outer loop
      vertex 40.4292 -50 37.8423
      vertex 40.2156 -45 37.8106
      vertex 40.2156 -50 37.8106
    endloop
  endfacet
  facet normal 0.337128 0 -0.941459
    outer loop
      vertex 39.1581 -50 42.0325
      vertex 39.3614 -45 42.1053
      vertex 39.3614 -50 42.1053
    endloop
  endfacet
  facet normal 0.337128 0 -0.941459
    outer loop
      vertex 39.3614 -45 42.1053
      vertex 39.1581 -50 42.0325
      vertex 39.1581 -45 42.0325
    endloop
  endfacet
  facet normal 0.514084 -0.85774 0
    outer loop
      vertex -49.4446 -18.3482 0
      vertex -48.7712 -17.9446 6
      vertex -49.4446 -18.3482 6
    endloop
  endfacet
  facet normal 0.514084 -0.85774 0
    outer loop
      vertex -48.7712 -17.9446 6
      vertex -49.4446 -18.3482 0
      vertex -48.7712 -17.9446 0
    endloop
  endfacet
  facet normal -0.998797 0.0490418 0
    outer loop
      vertex -37.0385 -25.7841 0
      vertex -37 -25 6
      vertex -37 -25 0
    endloop
  endfacet
  facet normal -0.998797 0.0490418 0
    outer loop
      vertex -37 -25 6
      vertex -37.0385 -25.7841 0
      vertex -37.0385 -25.7841 6
    endloop
  endfacet
  facet normal -0.989176 -0.146733 0
    outer loop
      vertex -37.0385 -24.2159 0
      vertex -37.1537 -23.4393 6
      vertex -37.1537 -23.4393 0
    endloop
  endfacet
  facet normal -0.989176 -0.146733 0
    outer loop
      vertex -37.1537 -23.4393 6
      vertex -37.0385 -24.2159 0
      vertex -37.0385 -24.2159 6
    endloop
  endfacet
  facet normal -0.998797 -0.0490418 0
    outer loop
      vertex -37 -25 0
      vertex -37.0385 -24.2159 6
      vertex -37.0385 -24.2159 0
    endloop
  endfacet
  facet normal -0.998797 -0.0490418 0
    outer loop
      vertex -37.0385 -24.2159 6
      vertex -37 -25 0
      vertex -37 -25 6
    endloop
  endfacet
  facet normal -0.970023 -0.243015 0
    outer loop
      vertex -37.1537 -23.4393 0
      vertex -37.3445 -22.6777 6
      vertex -37.3445 -22.6777 0
    endloop
  endfacet
  facet normal -0.970023 -0.243015 0
    outer loop
      vertex -37.3445 -22.6777 6
      vertex -37.1537 -23.4393 0
      vertex -37.1537 -23.4393 6
    endloop
  endfacet
  facet normal 0.989176 0.146733 0
    outer loop
      vertex -52.8463 -26.5607 6
      vertex -52.9615 -25.7841 0
      vertex -52.9615 -25.7841 6
    endloop
  endfacet
  facet normal 0.989176 0.146733 0
    outer loop
      vertex -52.9615 -25.7841 0
      vertex -52.8463 -26.5607 6
      vertex -52.8463 -26.5607 0
    endloop
  endfacet
  facet normal -0.514084 0.85774 0
    outer loop
      vertex -40.5554 -31.6518 0
      vertex -41.2288 -32.0554 6
      vertex -40.5554 -31.6518 6
    endloop
  endfacet
  facet normal -0.514084 0.85774 0
    outer loop
      vertex -41.2288 -32.0554 6
      vertex -40.5554 -31.6518 0
      vertex -41.2288 -32.0554 0
    endloop
  endfacet
  facet normal -0.243015 -0.970023 0
    outer loop
      vertex -43.4393 -17.1537 0
      vertex -42.6777 -17.3445 6
      vertex -43.4393 -17.1537 6
    endloop
  endfacet
  facet normal -0.243015 -0.970023 -0
    outer loop
      vertex -42.6777 -17.3445 6
      vertex -43.4393 -17.1537 0
      vertex -42.6777 -17.3445 0
    endloop
  endfacet
  facet normal 0.85774 0.514084 0
    outer loop
      vertex -51.6518 -29.4446 6
      vertex -52.0554 -28.7712 0
      vertex -52.0554 -28.7712 6
    endloop
  endfacet
  facet normal 0.85774 0.514084 0
    outer loop
      vertex -52.0554 -28.7712 0
      vertex -51.6518 -29.4446 6
      vertex -51.6518 -29.4446 0
    endloop
  endfacet
  facet normal 0.243015 0.970023 -0
    outer loop
      vertex -46.5607 -32.8463 0
      vertex -47.3223 -32.6555 6
      vertex -46.5607 -32.8463 6
    endloop
  endfacet
  facet normal 0.243015 0.970023 0
    outer loop
      vertex -47.3223 -32.6555 6
      vertex -46.5607 -32.8463 0
      vertex -47.3223 -32.6555 0
    endloop
  endfacet
  facet normal -0.741023 -0.67148 0
    outer loop
      vertex -38.8159 -19.9249 0
      vertex -39.3431 -19.3431 6
      vertex -39.3431 -19.3431 0
    endloop
  endfacet
  facet normal -0.741023 -0.67148 0
    outer loop
      vertex -39.3431 -19.3431 6
      vertex -38.8159 -19.9249 0
      vertex -38.8159 -19.9249 6
    endloop
  endfacet
  facet normal 0.336901 0.94154 -0
    outer loop
      vertex -47.3223 -32.6555 0
      vertex -48.0615 -32.391 6
      vertex -47.3223 -32.6555 6
    endloop
  endfacet
  facet normal 0.336901 0.94154 0
    outer loop
      vertex -48.0615 -32.391 6
      vertex -47.3223 -32.6555 0
      vertex -48.0615 -32.391 0
    endloop
  endfacet
  facet normal -0.67148 -0.741023 0
    outer loop
      vertex -39.9249 -18.8159 0
      vertex -39.3431 -19.3431 6
      vertex -39.9249 -18.8159 6
    endloop
  endfacet
  facet normal -0.67148 -0.741023 -0
    outer loop
      vertex -39.3431 -19.3431 6
      vertex -39.9249 -18.8159 0
      vertex -39.3431 -19.3431 0
    endloop
  endfacet
  facet normal -0.243015 0.970023 0
    outer loop
      vertex -42.6777 -32.6555 0
      vertex -43.4393 -32.8463 6
      vertex -42.6777 -32.6555 6
    endloop
  endfacet
  facet normal -0.243015 0.970023 0
    outer loop
      vertex -43.4393 -32.8463 6
      vertex -42.6777 -32.6555 0
      vertex -43.4393 -32.8463 0
    endloop
  endfacet
  facet normal -0.94154 0.336901 0
    outer loop
      vertex -37.609 -28.0615 0
      vertex -37.3445 -27.3223 6
      vertex -37.3445 -27.3223 0
    endloop
  endfacet
  facet normal -0.94154 0.336901 0
    outer loop
      vertex -37.3445 -27.3223 6
      vertex -37.609 -28.0615 0
      vertex -37.609 -28.0615 6
    endloop
  endfacet
  facet normal -0.336901 -0.94154 0
    outer loop
      vertex -42.6777 -17.3445 0
      vertex -41.9385 -17.609 6
      vertex -42.6777 -17.3445 6
    endloop
  endfacet
  facet normal -0.336901 -0.94154 -0
    outer loop
      vertex -41.9385 -17.609 6
      vertex -42.6777 -17.3445 0
      vertex -41.9385 -17.609 0
    endloop
  endfacet
  facet normal 0.595773 0.803153 -0
    outer loop
      vertex -49.4446 -31.6518 0
      vertex -50.0751 -31.1841 6
      vertex -49.4446 -31.6518 6
    endloop
  endfacet
  facet normal 0.595773 0.803153 0
    outer loop
      vertex -50.0751 -31.1841 6
      vertex -49.4446 -31.6518 0
      vertex -50.0751 -31.1841 0
    endloop
  endfacet
  facet normal 0.90402 0.427489 0
    outer loop
      vertex -52.0554 -28.7712 6
      vertex -52.391 -28.0615 0
      vertex -52.391 -28.0615 6
    endloop
  endfacet
  facet normal 0.90402 0.427489 0
    outer loop
      vertex -52.391 -28.0615 0
      vertex -52.0554 -28.7712 6
      vertex -52.0554 -28.7712 0
    endloop
  endfacet
  facet normal 0.67148 0.741023 -0
    outer loop
      vertex -50.0751 -31.1841 0
      vertex -50.6569 -30.6569 6
      vertex -50.0751 -31.1841 6
    endloop
  endfacet
  facet normal 0.67148 0.741023 0
    outer loop
      vertex -50.6569 -30.6569 6
      vertex -50.0751 -31.1841 0
      vertex -50.6569 -30.6569 0
    endloop
  endfacet
  facet normal 0.514084 0.85774 -0
    outer loop
      vertex -48.7712 -32.0554 0
      vertex -49.4446 -31.6518 6
      vertex -48.7712 -32.0554 6
    endloop
  endfacet
  facet normal 0.514084 0.85774 0
    outer loop
      vertex -49.4446 -31.6518 6
      vertex -48.7712 -32.0554 0
      vertex -49.4446 -31.6518 0
    endloop
  endfacet
  facet normal 0.85774 -0.514084 0
    outer loop
      vertex -52.0554 -21.2288 6
      vertex -51.6518 -20.5554 0
      vertex -51.6518 -20.5554 6
    endloop
  endfacet
  facet normal 0.85774 -0.514084 0
    outer loop
      vertex -51.6518 -20.5554 0
      vertex -52.0554 -21.2288 6
      vertex -52.0554 -21.2288 0
    endloop
  endfacet
  facet normal -0.970023 0.243015 0
    outer loop
      vertex -37.3445 -27.3223 0
      vertex -37.1537 -26.5607 6
      vertex -37.1537 -26.5607 0
    endloop
  endfacet
  facet normal -0.970023 0.243015 0
    outer loop
      vertex -37.1537 -26.5607 6
      vertex -37.3445 -27.3223 0
      vertex -37.3445 -27.3223 6
    endloop
  endfacet
  facet normal -0.94154 -0.336901 0
    outer loop
      vertex -37.3445 -22.6777 0
      vertex -37.609 -21.9385 6
      vertex -37.609 -21.9385 0
    endloop
  endfacet
  facet normal -0.94154 -0.336901 0
    outer loop
      vertex -37.609 -21.9385 6
      vertex -37.3445 -22.6777 0
      vertex -37.3445 -22.6777 6
    endloop
  endfacet
  facet normal 0.243015 -0.970023 0
    outer loop
      vertex -47.3223 -17.3445 0
      vertex -46.5607 -17.1537 6
      vertex -47.3223 -17.3445 6
    endloop
  endfacet
  facet normal 0.243015 -0.970023 0
    outer loop
      vertex -46.5607 -17.1537 6
      vertex -47.3223 -17.3445 0
      vertex -46.5607 -17.1537 0
    endloop
  endfacet
  facet normal 0.741023 -0.67148 0
    outer loop
      vertex -51.1841 -19.9249 6
      vertex -50.6569 -19.3431 0
      vertex -50.6569 -19.3431 6
    endloop
  endfacet
  facet normal 0.741023 -0.67148 0
    outer loop
      vertex -50.6569 -19.3431 0
      vertex -51.1841 -19.9249 6
      vertex -51.1841 -19.9249 0
    endloop
  endfacet
  facet normal -0.336901 0.94154 0
    outer loop
      vertex -41.9385 -32.391 0
      vertex -42.6777 -32.6555 6
      vertex -41.9385 -32.391 6
    endloop
  endfacet
  facet normal -0.336901 0.94154 0
    outer loop
      vertex -42.6777 -32.6555 6
      vertex -41.9385 -32.391 0
      vertex -42.6777 -32.6555 0
    endloop
  endfacet
  facet normal -0.427489 0.90402 0
    outer loop
      vertex -41.2288 -32.0554 0
      vertex -41.9385 -32.391 6
      vertex -41.2288 -32.0554 6
    endloop
  endfacet
  facet normal -0.427489 0.90402 0
    outer loop
      vertex -41.9385 -32.391 6
      vertex -41.2288 -32.0554 0
      vertex -41.9385 -32.391 0
    endloop
  endfacet
  facet normal -0.595773 0.803153 0
    outer loop
      vertex -39.9249 -31.1841 0
      vertex -40.5554 -31.6518 6
      vertex -39.9249 -31.1841 6
    endloop
  endfacet
  facet normal -0.595773 0.803153 0
    outer loop
      vertex -40.5554 -31.6518 6
      vertex -39.9249 -31.1841 0
      vertex -40.5554 -31.6518 0
    endloop
  endfacet
  facet normal 0.998797 0.0490418 0
    outer loop
      vertex -52.9615 -25.7841 6
      vertex -53 -25 0
      vertex -53 -25 6
    endloop
  endfacet
  facet normal 0.998797 0.0490418 0
    outer loop
      vertex -53 -25 0
      vertex -52.9615 -25.7841 6
      vertex -52.9615 -25.7841 0
    endloop
  endfacet
  facet normal -0.0490418 0.998797 0
    outer loop
      vertex -44.2159 -32.9615 0
      vertex -45 -33 6
      vertex -44.2159 -32.9615 6
    endloop
  endfacet
  facet normal -0.0490418 0.998797 0
    outer loop
      vertex -45 -33 6
      vertex -44.2159 -32.9615 0
      vertex -45 -33 0
    endloop
  endfacet
  facet normal 0.427489 -0.90402 0
    outer loop
      vertex -48.7712 -17.9446 0
      vertex -48.0615 -17.609 6
      vertex -48.7712 -17.9446 6
    endloop
  endfacet
  facet normal 0.427489 -0.90402 0
    outer loop
      vertex -48.0615 -17.609 6
      vertex -48.7712 -17.9446 0
      vertex -48.0615 -17.609 0
    endloop
  endfacet
  facet normal -0.803153 -0.595773 0
    outer loop
      vertex -38.3482 -20.5554 0
      vertex -38.8159 -19.9249 6
      vertex -38.8159 -19.9249 0
    endloop
  endfacet
  facet normal -0.803153 -0.595773 0
    outer loop
      vertex -38.8159 -19.9249 6
      vertex -38.3482 -20.5554 0
      vertex -38.3482 -20.5554 6
    endloop
  endfacet
  facet normal 0.989176 -0.146733 0
    outer loop
      vertex -52.9615 -24.2159 6
      vertex -52.8463 -23.4393 0
      vertex -52.8463 -23.4393 6
    endloop
  endfacet
  facet normal 0.989176 -0.146733 0
    outer loop
      vertex -52.8463 -23.4393 0
      vertex -52.9615 -24.2159 6
      vertex -52.9615 -24.2159 0
    endloop
  endfacet
  facet normal 0.146733 -0.989176 0
    outer loop
      vertex -46.5607 -17.1537 0
      vertex -45.7841 -17.0385 6
      vertex -46.5607 -17.1537 6
    endloop
  endfacet
  facet normal 0.146733 -0.989176 0
    outer loop
      vertex -45.7841 -17.0385 6
      vertex -46.5607 -17.1537 0
      vertex -45.7841 -17.0385 0
    endloop
  endfacet
  facet normal -0.90402 -0.427489 0
    outer loop
      vertex -37.609 -21.9385 0
      vertex -37.9446 -21.2288 6
      vertex -37.9446 -21.2288 0
    endloop
  endfacet
  facet normal -0.90402 -0.427489 0
    outer loop
      vertex -37.9446 -21.2288 6
      vertex -37.609 -21.9385 0
      vertex -37.609 -21.9385 6
    endloop
  endfacet
  facet normal 0.970023 -0.243015 0
    outer loop
      vertex -52.8463 -23.4393 6
      vertex -52.6555 -22.6777 0
      vertex -52.6555 -22.6777 6
    endloop
  endfacet
  facet normal 0.970023 -0.243015 0
    outer loop
      vertex -52.6555 -22.6777 0
      vertex -52.8463 -23.4393 6
      vertex -52.8463 -23.4393 0
    endloop
  endfacet
  facet normal -0.595773 -0.803153 0
    outer loop
      vertex -40.5554 -18.3482 0
      vertex -39.9249 -18.8159 6
      vertex -40.5554 -18.3482 6
    endloop
  endfacet
  facet normal -0.595773 -0.803153 -0
    outer loop
      vertex -39.9249 -18.8159 6
      vertex -40.5554 -18.3482 0
      vertex -39.9249 -18.8159 0
    endloop
  endfacet
  facet normal 0.595773 -0.803153 0
    outer loop
      vertex -50.0751 -18.8159 0
      vertex -49.4446 -18.3482 6
      vertex -50.0751 -18.8159 6
    endloop
  endfacet
  facet normal 0.595773 -0.803153 0
    outer loop
      vertex -49.4446 -18.3482 6
      vertex -50.0751 -18.8159 0
      vertex -49.4446 -18.3482 0
    endloop
  endfacet
  facet normal -0.146733 0.989176 0
    outer loop
      vertex -43.4393 -32.8463 0
      vertex -44.2159 -32.9615 6
      vertex -43.4393 -32.8463 6
    endloop
  endfacet
  facet normal -0.146733 0.989176 0
    outer loop
      vertex -44.2159 -32.9615 6
      vertex -43.4393 -32.8463 0
      vertex -44.2159 -32.9615 0
    endloop
  endfacet
  facet normal -0.741023 0.67148 0
    outer loop
      vertex -39.3431 -30.6569 0
      vertex -38.8159 -30.0751 6
      vertex -38.8159 -30.0751 0
    endloop
  endfacet
  facet normal -0.741023 0.67148 0
    outer loop
      vertex -38.8159 -30.0751 6
      vertex -39.3431 -30.6569 0
      vertex -39.3431 -30.6569 6
    endloop
  endfacet
  facet normal -0.803153 0.595773 0
    outer loop
      vertex -38.8159 -30.0751 0
      vertex -38.3482 -29.4446 6
      vertex -38.3482 -29.4446 0
    endloop
  endfacet
  facet normal -0.803153 0.595773 0
    outer loop
      vertex -38.3482 -29.4446 6
      vertex -38.8159 -30.0751 0
      vertex -38.8159 -30.0751 6
    endloop
  endfacet
  facet normal -0.514084 -0.85774 0
    outer loop
      vertex -41.2288 -17.9446 0
      vertex -40.5554 -18.3482 6
      vertex -41.2288 -17.9446 6
    endloop
  endfacet
  facet normal -0.514084 -0.85774 -0
    outer loop
      vertex -40.5554 -18.3482 6
      vertex -41.2288 -17.9446 0
      vertex -40.5554 -18.3482 0
    endloop
  endfacet
  facet normal -0.427489 -0.90402 0
    outer loop
      vertex -41.9385 -17.609 0
      vertex -41.2288 -17.9446 6
      vertex -41.9385 -17.609 6
    endloop
  endfacet
  facet normal -0.427489 -0.90402 -0
    outer loop
      vertex -41.2288 -17.9446 6
      vertex -41.9385 -17.609 0
      vertex -41.2288 -17.9446 0
    endloop
  endfacet
  facet normal -0.989176 0.146733 0
    outer loop
      vertex -37.1537 -26.5607 0
      vertex -37.0385 -25.7841 6
      vertex -37.0385 -25.7841 0
    endloop
  endfacet
  facet normal -0.989176 0.146733 0
    outer loop
      vertex -37.0385 -25.7841 6
      vertex -37.1537 -26.5607 0
      vertex -37.1537 -26.5607 6
    endloop
  endfacet
  facet normal 0.0490418 -0.998797 0
    outer loop
      vertex -45.7841 -17.0385 0
      vertex -45 -17 6
      vertex -45.7841 -17.0385 6
    endloop
  endfacet
  facet normal 0.0490418 -0.998797 0
    outer loop
      vertex -45 -17 6
      vertex -45.7841 -17.0385 0
      vertex -45 -17 0
    endloop
  endfacet
  facet normal -0.0490418 -0.998797 0
    outer loop
      vertex -45 -17 0
      vertex -44.2159 -17.0385 6
      vertex -45 -17 6
    endloop
  endfacet
  facet normal -0.0490418 -0.998797 -0
    outer loop
      vertex -44.2159 -17.0385 6
      vertex -45 -17 0
      vertex -44.2159 -17.0385 0
    endloop
  endfacet
  facet normal -0.85774 -0.514084 0
    outer loop
      vertex -37.9446 -21.2288 0
      vertex -38.3482 -20.5554 6
      vertex -38.3482 -20.5554 0
    endloop
  endfacet
  facet normal -0.85774 -0.514084 0
    outer loop
      vertex -38.3482 -20.5554 6
      vertex -37.9446 -21.2288 0
      vertex -37.9446 -21.2288 6
    endloop
  endfacet
  facet normal 0.67148 -0.741023 0
    outer loop
      vertex -50.6569 -19.3431 0
      vertex -50.0751 -18.8159 6
      vertex -50.6569 -19.3431 6
    endloop
  endfacet
  facet normal 0.67148 -0.741023 0
    outer loop
      vertex -50.0751 -18.8159 6
      vertex -50.6569 -19.3431 0
      vertex -50.0751 -18.8159 0
    endloop
  endfacet
  facet normal 0.427489 0.90402 -0
    outer loop
      vertex -48.0615 -32.391 0
      vertex -48.7712 -32.0554 6
      vertex -48.0615 -32.391 6
    endloop
  endfacet
  facet normal 0.427489 0.90402 0
    outer loop
      vertex -48.7712 -32.0554 6
      vertex -48.0615 -32.391 0
      vertex -48.7712 -32.0554 0
    endloop
  endfacet
  facet normal 0.90402 -0.427489 0
    outer loop
      vertex -52.391 -21.9385 6
      vertex -52.0554 -21.2288 0
      vertex -52.0554 -21.2288 6
    endloop
  endfacet
  facet normal 0.90402 -0.427489 0
    outer loop
      vertex -52.0554 -21.2288 0
      vertex -52.391 -21.9385 6
      vertex -52.391 -21.9385 0
    endloop
  endfacet
  facet normal 0.146733 0.989176 -0
    outer loop
      vertex -45.7841 -32.9615 0
      vertex -46.5607 -32.8463 6
      vertex -45.7841 -32.9615 6
    endloop
  endfacet
  facet normal 0.146733 0.989176 0
    outer loop
      vertex -46.5607 -32.8463 6
      vertex -45.7841 -32.9615 0
      vertex -46.5607 -32.8463 0
    endloop
  endfacet
  facet normal 0.803153 0.595773 0
    outer loop
      vertex -51.1841 -30.0751 6
      vertex -51.6518 -29.4446 0
      vertex -51.6518 -29.4446 6
    endloop
  endfacet
  facet normal 0.803153 0.595773 0
    outer loop
      vertex -51.6518 -29.4446 0
      vertex -51.1841 -30.0751 6
      vertex -51.1841 -30.0751 0
    endloop
  endfacet
  facet normal 0.336901 -0.94154 0
    outer loop
      vertex -48.0615 -17.609 0
      vertex -47.3223 -17.3445 6
      vertex -48.0615 -17.609 6
    endloop
  endfacet
  facet normal 0.336901 -0.94154 0
    outer loop
      vertex -47.3223 -17.3445 6
      vertex -48.0615 -17.609 0
      vertex -47.3223 -17.3445 0
    endloop
  endfacet
  facet normal 0.970023 0.243015 0
    outer loop
      vertex -52.6555 -27.3223 6
      vertex -52.8463 -26.5607 0
      vertex -52.8463 -26.5607 6
    endloop
  endfacet
  facet normal 0.970023 0.243015 0
    outer loop
      vertex -52.8463 -26.5607 0
      vertex -52.6555 -27.3223 6
      vertex -52.6555 -27.3223 0
    endloop
  endfacet
  facet normal 0.94154 -0.336901 0
    outer loop
      vertex -52.6555 -22.6777 6
      vertex -52.391 -21.9385 0
      vertex -52.391 -21.9385 6
    endloop
  endfacet
  facet normal 0.94154 -0.336901 0
    outer loop
      vertex -52.391 -21.9385 0
      vertex -52.6555 -22.6777 6
      vertex -52.6555 -22.6777 0
    endloop
  endfacet
  facet normal 0.94154 0.336901 0
    outer loop
      vertex -52.391 -28.0615 6
      vertex -52.6555 -27.3223 0
      vertex -52.6555 -27.3223 6
    endloop
  endfacet
  facet normal 0.94154 0.336901 0
    outer loop
      vertex -52.6555 -27.3223 0
      vertex -52.391 -28.0615 6
      vertex -52.391 -28.0615 0
    endloop
  endfacet
  facet normal -0.146733 -0.989176 0
    outer loop
      vertex -44.2159 -17.0385 0
      vertex -43.4393 -17.1537 6
      vertex -44.2159 -17.0385 6
    endloop
  endfacet
  facet normal -0.146733 -0.989176 -0
    outer loop
      vertex -43.4393 -17.1537 6
      vertex -44.2159 -17.0385 0
      vertex -43.4393 -17.1537 0
    endloop
  endfacet
  facet normal 0.741023 0.67148 0
    outer loop
      vertex -50.6569 -30.6569 6
      vertex -51.1841 -30.0751 0
      vertex -51.1841 -30.0751 6
    endloop
  endfacet
  facet normal 0.741023 0.67148 0
    outer loop
      vertex -51.1841 -30.0751 0
      vertex -50.6569 -30.6569 6
      vertex -50.6569 -30.6569 0
    endloop
  endfacet
  facet normal -0.90402 0.427489 0
    outer loop
      vertex -37.9446 -28.7712 0
      vertex -37.609 -28.0615 6
      vertex -37.609 -28.0615 0
    endloop
  endfacet
  facet normal -0.90402 0.427489 0
    outer loop
      vertex -37.609 -28.0615 6
      vertex -37.9446 -28.7712 0
      vertex -37.9446 -28.7712 6
    endloop
  endfacet
  facet normal -0.85774 0.514084 0
    outer loop
      vertex -38.3482 -29.4446 0
      vertex -37.9446 -28.7712 6
      vertex -37.9446 -28.7712 0
    endloop
  endfacet
  facet normal -0.85774 0.514084 0
    outer loop
      vertex -37.9446 -28.7712 6
      vertex -38.3482 -29.4446 0
      vertex -38.3482 -29.4446 6
    endloop
  endfacet
  facet normal 0.803153 -0.595773 0
    outer loop
      vertex -51.6518 -20.5554 6
      vertex -51.1841 -19.9249 0
      vertex -51.1841 -19.9249 6
    endloop
  endfacet
  facet normal 0.803153 -0.595773 0
    outer loop
      vertex -51.1841 -19.9249 0
      vertex -51.6518 -20.5554 6
      vertex -51.6518 -20.5554 0
    endloop
  endfacet
  facet normal 0.0490418 0.998797 -0
    outer loop
      vertex -45 -33 0
      vertex -45.7841 -32.9615 6
      vertex -45 -33 6
    endloop
  endfacet
  facet normal 0.0490418 0.998797 0
    outer loop
      vertex -45.7841 -32.9615 6
      vertex -45 -33 0
      vertex -45.7841 -32.9615 0
    endloop
  endfacet
  facet normal 0.998797 -0.0490418 0
    outer loop
      vertex -53 -25 6
      vertex -52.9615 -24.2159 0
      vertex -52.9615 -24.2159 6
    endloop
  endfacet
  facet normal 0.998797 -0.0490418 0
    outer loop
      vertex -52.9615 -24.2159 0
      vertex -53 -25 6
      vertex -53 -25 0
    endloop
  endfacet
  facet normal -0.67148 0.741023 0
    outer loop
      vertex -39.3431 -30.6569 0
      vertex -39.9249 -31.1841 6
      vertex -39.3431 -30.6569 6
    endloop
  endfacet
  facet normal -0.67148 0.741023 0
    outer loop
      vertex -39.9249 -31.1841 6
      vertex -39.3431 -30.6569 0
      vertex -39.9249 -31.1841 0
    endloop
  endfacet
  facet normal -0.989176 -0.146733 0
    outer loop
      vertex 52.9615 -24.2159 0
      vertex 52.8463 -23.4393 6
      vertex 52.8463 -23.4393 0
    endloop
  endfacet
  facet normal -0.989176 -0.146733 0
    outer loop
      vertex 52.8463 -23.4393 6
      vertex 52.9615 -24.2159 0
      vertex 52.9615 -24.2159 6
    endloop
  endfacet
  facet normal -0.998797 -0.0490418 0
    outer loop
      vertex 53 -25 0
      vertex 52.9615 -24.2159 6
      vertex 52.9615 -24.2159 0
    endloop
  endfacet
  facet normal -0.998797 -0.0490418 0
    outer loop
      vertex 52.9615 -24.2159 6
      vertex 53 -25 0
      vertex 53 -25 6
    endloop
  endfacet
  facet normal -0.970023 -0.243015 0
    outer loop
      vertex 52.8463 -23.4393 0
      vertex 52.6555 -22.6777 6
      vertex 52.6555 -22.6777 0
    endloop
  endfacet
  facet normal -0.970023 -0.243015 0
    outer loop
      vertex 52.6555 -22.6777 6
      vertex 52.8463 -23.4393 0
      vertex 52.8463 -23.4393 6
    endloop
  endfacet
  facet normal -0.427489 -0.90402 0
    outer loop
      vertex 48.0615 -17.609 0
      vertex 48.7712 -17.9446 6
      vertex 48.0615 -17.609 6
    endloop
  endfacet
  facet normal -0.427489 -0.90402 -0
    outer loop
      vertex 48.7712 -17.9446 6
      vertex 48.0615 -17.609 0
      vertex 48.7712 -17.9446 0
    endloop
  endfacet
  facet normal 0.243015 -0.970023 0
    outer loop
      vertex 42.6777 -17.3445 0
      vertex 43.4393 -17.1537 6
      vertex 42.6777 -17.3445 6
    endloop
  endfacet
  facet normal 0.243015 -0.970023 0
    outer loop
      vertex 43.4393 -17.1537 6
      vertex 42.6777 -17.3445 0
      vertex 43.4393 -17.1537 0
    endloop
  endfacet
  facet normal 0.146733 -0.989176 0
    outer loop
      vertex 43.4393 -17.1537 0
      vertex 44.2159 -17.0385 6
      vertex 43.4393 -17.1537 6
    endloop
  endfacet
  facet normal 0.146733 -0.989176 0
    outer loop
      vertex 44.2159 -17.0385 6
      vertex 43.4393 -17.1537 0
      vertex 44.2159 -17.0385 0
    endloop
  endfacet
  facet normal 0.336901 0.94154 -0
    outer loop
      vertex 42.6777 -32.6555 0
      vertex 41.9385 -32.391 6
      vertex 42.6777 -32.6555 6
    endloop
  endfacet
  facet normal 0.336901 0.94154 0
    outer loop
      vertex 41.9385 -32.391 6
      vertex 42.6777 -32.6555 0
      vertex 41.9385 -32.391 0
    endloop
  endfacet
  facet normal -0.146733 0.989176 0
    outer loop
      vertex 46.5607 -32.8463 0
      vertex 45.7841 -32.9615 6
      vertex 46.5607 -32.8463 6
    endloop
  endfacet
  facet normal -0.146733 0.989176 0
    outer loop
      vertex 45.7841 -32.9615 6
      vertex 46.5607 -32.8463 0
      vertex 45.7841 -32.9615 0
    endloop
  endfacet
  facet normal -0.998797 0.0490418 0
    outer loop
      vertex 52.9615 -25.7841 0
      vertex 53 -25 6
      vertex 53 -25 0
    endloop
  endfacet
  facet normal -0.998797 0.0490418 0
    outer loop
      vertex 53 -25 6
      vertex 52.9615 -25.7841 0
      vertex 52.9615 -25.7841 6
    endloop
  endfacet
  facet normal 0.970023 0.243015 0
    outer loop
      vertex 37.3445 -27.3223 6
      vertex 37.1537 -26.5607 0
      vertex 37.1537 -26.5607 6
    endloop
  endfacet
  facet normal 0.970023 0.243015 0
    outer loop
      vertex 37.1537 -26.5607 0
      vertex 37.3445 -27.3223 6
      vertex 37.3445 -27.3223 0
    endloop
  endfacet
  facet normal -0.803153 0.595773 0
    outer loop
      vertex 51.1841 -30.0751 0
      vertex 51.6518 -29.4446 6
      vertex 51.6518 -29.4446 0
    endloop
  endfacet
  facet normal -0.803153 0.595773 0
    outer loop
      vertex 51.6518 -29.4446 6
      vertex 51.1841 -30.0751 0
      vertex 51.1841 -30.0751 6
    endloop
  endfacet
  facet normal 0.595773 0.803153 -0
    outer loop
      vertex 40.5554 -31.6518 0
      vertex 39.9249 -31.1841 6
      vertex 40.5554 -31.6518 6
    endloop
  endfacet
  facet normal 0.595773 0.803153 0
    outer loop
      vertex 39.9249 -31.1841 6
      vertex 40.5554 -31.6518 0
      vertex 39.9249 -31.1841 0
    endloop
  endfacet
  facet normal 0.90402 0.427489 0
    outer loop
      vertex 37.9446 -28.7712 6
      vertex 37.609 -28.0615 0
      vertex 37.609 -28.0615 6
    endloop
  endfacet
  facet normal 0.90402 0.427489 0
    outer loop
      vertex 37.609 -28.0615 0
      vertex 37.9446 -28.7712 6
      vertex 37.9446 -28.7712 0
    endloop
  endfacet
  facet normal 0.427489 0.90402 -0
    outer loop
      vertex 41.9385 -32.391 0
      vertex 41.2288 -32.0554 6
      vertex 41.9385 -32.391 6
    endloop
  endfacet
  facet normal 0.427489 0.90402 0
    outer loop
      vertex 41.2288 -32.0554 6
      vertex 41.9385 -32.391 0
      vertex 41.2288 -32.0554 0
    endloop
  endfacet
  facet normal 0.989176 0.146733 0
    outer loop
      vertex 37.1537 -26.5607 6
      vertex 37.0385 -25.7841 0
      vertex 37.0385 -25.7841 6
    endloop
  endfacet
  facet normal 0.989176 0.146733 0
    outer loop
      vertex 37.0385 -25.7841 0
      vertex 37.1537 -26.5607 6
      vertex 37.1537 -26.5607 0
    endloop
  endfacet
  facet normal -0.970023 0.243015 0
    outer loop
      vertex 52.6555 -27.3223 0
      vertex 52.8463 -26.5607 6
      vertex 52.8463 -26.5607 0
    endloop
  endfacet
  facet normal -0.970023 0.243015 0
    outer loop
      vertex 52.8463 -26.5607 6
      vertex 52.6555 -27.3223 0
      vertex 52.6555 -27.3223 6
    endloop
  endfacet
  facet normal 0.803153 -0.595773 0
    outer loop
      vertex 38.3482 -20.5554 6
      vertex 38.8159 -19.9249 0
      vertex 38.8159 -19.9249 6
    endloop
  endfacet
  facet normal 0.803153 -0.595773 0
    outer loop
      vertex 38.8159 -19.9249 0
      vertex 38.3482 -20.5554 6
      vertex 38.3482 -20.5554 0
    endloop
  endfacet
  facet normal 0.94154 0.336901 0
    outer loop
      vertex 37.609 -28.0615 6
      vertex 37.3445 -27.3223 0
      vertex 37.3445 -27.3223 6
    endloop
  endfacet
  facet normal 0.94154 0.336901 0
    outer loop
      vertex 37.3445 -27.3223 0
      vertex 37.609 -28.0615 6
      vertex 37.609 -28.0615 0
    endloop
  endfacet
  facet normal -0.243015 0.970023 0
    outer loop
      vertex 47.3223 -32.6555 0
      vertex 46.5607 -32.8463 6
      vertex 47.3223 -32.6555 6
    endloop
  endfacet
  facet normal -0.243015 0.970023 0
    outer loop
      vertex 46.5607 -32.8463 6
      vertex 47.3223 -32.6555 0
      vertex 46.5607 -32.8463 0
    endloop
  endfacet
  facet normal 0.970023 -0.243015 0
    outer loop
      vertex 37.1537 -23.4393 6
      vertex 37.3445 -22.6777 0
      vertex 37.3445 -22.6777 6
    endloop
  endfacet
  facet normal 0.970023 -0.243015 0
    outer loop
      vertex 37.3445 -22.6777 0
      vertex 37.1537 -23.4393 6
      vertex 37.1537 -23.4393 0
    endloop
  endfacet
  facet normal 0.803153 0.595773 0
    outer loop
      vertex 38.8159 -30.0751 6
      vertex 38.3482 -29.4446 0
      vertex 38.3482 -29.4446 6
    endloop
  endfacet
  facet normal 0.803153 0.595773 0
    outer loop
      vertex 38.3482 -29.4446 0
      vertex 38.8159 -30.0751 6
      vertex 38.8159 -30.0751 0
    endloop
  endfacet
  facet normal 0.85774 0.514084 0
    outer loop
      vertex 38.3482 -29.4446 6
      vertex 37.9446 -28.7712 0
      vertex 37.9446 -28.7712 6
    endloop
  endfacet
  facet normal 0.85774 0.514084 0
    outer loop
      vertex 37.9446 -28.7712 0
      vertex 38.3482 -29.4446 6
      vertex 38.3482 -29.4446 0
    endloop
  endfacet
  facet normal 0.336901 -0.94154 0
    outer loop
      vertex 41.9385 -17.609 0
      vertex 42.6777 -17.3445 6
      vertex 41.9385 -17.609 6
    endloop
  endfacet
  facet normal 0.336901 -0.94154 0
    outer loop
      vertex 42.6777 -17.3445 6
      vertex 41.9385 -17.609 0
      vertex 42.6777 -17.3445 0
    endloop
  endfacet
  facet normal 0.514084 0.85774 -0
    outer loop
      vertex 41.2288 -32.0554 0
      vertex 40.5554 -31.6518 6
      vertex 41.2288 -32.0554 6
    endloop
  endfacet
  facet normal 0.514084 0.85774 0
    outer loop
      vertex 40.5554 -31.6518 6
      vertex 41.2288 -32.0554 0
      vertex 40.5554 -31.6518 0
    endloop
  endfacet
  facet normal -0.514084 -0.85774 0
    outer loop
      vertex 48.7712 -17.9446 0
      vertex 49.4446 -18.3482 6
      vertex 48.7712 -17.9446 6
    endloop
  endfacet
  facet normal -0.514084 -0.85774 -0
    outer loop
      vertex 49.4446 -18.3482 6
      vertex 48.7712 -17.9446 0
      vertex 49.4446 -18.3482 0
    endloop
  endfacet
  facet normal 0.514084 -0.85774 0
    outer loop
      vertex 40.5554 -18.3482 0
      vertex 41.2288 -17.9446 6
      vertex 40.5554 -18.3482 6
    endloop
  endfacet
  facet normal 0.514084 -0.85774 0
    outer loop
      vertex 41.2288 -17.9446 6
      vertex 40.5554 -18.3482 0
      vertex 41.2288 -17.9446 0
    endloop
  endfacet
  facet normal -0.803153 -0.595773 0
    outer loop
      vertex 51.6518 -20.5554 0
      vertex 51.1841 -19.9249 6
      vertex 51.1841 -19.9249 0
    endloop
  endfacet
  facet normal -0.803153 -0.595773 0
    outer loop
      vertex 51.1841 -19.9249 6
      vertex 51.6518 -20.5554 0
      vertex 51.6518 -20.5554 6
    endloop
  endfacet
  facet normal -0.67148 0.741023 0
    outer loop
      vertex 50.6569 -30.6569 0
      vertex 50.0751 -31.1841 6
      vertex 50.6569 -30.6569 6
    endloop
  endfacet
  facet normal -0.67148 0.741023 0
    outer loop
      vertex 50.0751 -31.1841 6
      vertex 50.6569 -30.6569 0
      vertex 50.0751 -31.1841 0
    endloop
  endfacet
  facet normal -0.336901 -0.94154 0
    outer loop
      vertex 47.3223 -17.3445 0
      vertex 48.0615 -17.609 6
      vertex 47.3223 -17.3445 6
    endloop
  endfacet
  facet normal -0.336901 -0.94154 -0
    outer loop
      vertex 48.0615 -17.609 6
      vertex 47.3223 -17.3445 0
      vertex 48.0615 -17.609 0
    endloop
  endfacet
  facet normal 0.146733 0.989176 -0
    outer loop
      vertex 44.2159 -32.9615 0
      vertex 43.4393 -32.8463 6
      vertex 44.2159 -32.9615 6
    endloop
  endfacet
  facet normal 0.146733 0.989176 0
    outer loop
      vertex 43.4393 -32.8463 6
      vertex 44.2159 -32.9615 0
      vertex 43.4393 -32.8463 0
    endloop
  endfacet
  facet normal -0.0490418 -0.998797 0
    outer loop
      vertex 45 -17 0
      vertex 45.7841 -17.0385 6
      vertex 45 -17 6
    endloop
  endfacet
  facet normal -0.0490418 -0.998797 -0
    outer loop
      vertex 45.7841 -17.0385 6
      vertex 45 -17 0
      vertex 45.7841 -17.0385 0
    endloop
  endfacet
  facet normal 0.94154 -0.336901 0
    outer loop
      vertex 37.3445 -22.6777 6
      vertex 37.609 -21.9385 0
      vertex 37.609 -21.9385 6
    endloop
  endfacet
  facet normal 0.94154 -0.336901 0
    outer loop
      vertex 37.609 -21.9385 0
      vertex 37.3445 -22.6777 6
      vertex 37.3445 -22.6777 0
    endloop
  endfacet
  facet normal -0.336901 0.94154 0
    outer loop
      vertex 48.0615 -32.391 0
      vertex 47.3223 -32.6555 6
      vertex 48.0615 -32.391 6
    endloop
  endfacet
  facet normal -0.336901 0.94154 0
    outer loop
      vertex 47.3223 -32.6555 6
      vertex 48.0615 -32.391 0
      vertex 47.3223 -32.6555 0
    endloop
  endfacet
  facet normal -0.427489 0.90402 0
    outer loop
      vertex 48.7712 -32.0554 0
      vertex 48.0615 -32.391 6
      vertex 48.7712 -32.0554 6
    endloop
  endfacet
  facet normal -0.427489 0.90402 0
    outer loop
      vertex 48.0615 -32.391 6
      vertex 48.7712 -32.0554 0
      vertex 48.0615 -32.391 0
    endloop
  endfacet
  facet normal -0.989176 0.146733 0
    outer loop
      vertex 52.8463 -26.5607 0
      vertex 52.9615 -25.7841 6
      vertex 52.9615 -25.7841 0
    endloop
  endfacet
  facet normal -0.989176 0.146733 0
    outer loop
      vertex 52.9615 -25.7841 6
      vertex 52.8463 -26.5607 0
      vertex 52.8463 -26.5607 6
    endloop
  endfacet
  facet normal 0.741023 0.67148 0
    outer loop
      vertex 39.3431 -30.6569 6
      vertex 38.8159 -30.0751 0
      vertex 38.8159 -30.0751 6
    endloop
  endfacet
  facet normal 0.741023 0.67148 0
    outer loop
      vertex 38.8159 -30.0751 0
      vertex 39.3431 -30.6569 6
      vertex 39.3431 -30.6569 0
    endloop
  endfacet
  facet normal -0.94154 -0.336901 0
    outer loop
      vertex 52.6555 -22.6777 0
      vertex 52.391 -21.9385 6
      vertex 52.391 -21.9385 0
    endloop
  endfacet
  facet normal -0.94154 -0.336901 0
    outer loop
      vertex 52.391 -21.9385 6
      vertex 52.6555 -22.6777 0
      vertex 52.6555 -22.6777 6
    endloop
  endfacet
  facet normal 0.427489 -0.90402 0
    outer loop
      vertex 41.2288 -17.9446 0
      vertex 41.9385 -17.609 6
      vertex 41.2288 -17.9446 6
    endloop
  endfacet
  facet normal 0.427489 -0.90402 0
    outer loop
      vertex 41.9385 -17.609 6
      vertex 41.2288 -17.9446 0
      vertex 41.9385 -17.609 0
    endloop
  endfacet
  facet normal -0.595773 -0.803153 0
    outer loop
      vertex 49.4446 -18.3482 0
      vertex 50.0751 -18.8159 6
      vertex 49.4446 -18.3482 6
    endloop
  endfacet
  facet normal -0.595773 -0.803153 -0
    outer loop
      vertex 50.0751 -18.8159 6
      vertex 49.4446 -18.3482 0
      vertex 50.0751 -18.8159 0
    endloop
  endfacet
  facet normal 0.67148 0.741023 -0
    outer loop
      vertex 39.9249 -31.1841 0
      vertex 39.3431 -30.6569 6
      vertex 39.9249 -31.1841 6
    endloop
  endfacet
  facet normal 0.67148 0.741023 0
    outer loop
      vertex 39.3431 -30.6569 6
      vertex 39.9249 -31.1841 0
      vertex 39.3431 -30.6569 0
    endloop
  endfacet
  facet normal -0.90402 -0.427489 0
    outer loop
      vertex 52.391 -21.9385 0
      vertex 52.0554 -21.2288 6
      vertex 52.0554 -21.2288 0
    endloop
  endfacet
  facet normal -0.90402 -0.427489 0
    outer loop
      vertex 52.0554 -21.2288 6
      vertex 52.391 -21.9385 0
      vertex 52.391 -21.9385 6
    endloop
  endfacet
  facet normal 0.989176 -0.146733 0
    outer loop
      vertex 37.0385 -24.2159 6
      vertex 37.1537 -23.4393 0
      vertex 37.1537 -23.4393 6
    endloop
  endfacet
  facet normal 0.989176 -0.146733 0
    outer loop
      vertex 37.1537 -23.4393 0
      vertex 37.0385 -24.2159 6
      vertex 37.0385 -24.2159 0
    endloop
  endfacet
  facet normal 0.595773 -0.803153 0
    outer loop
      vertex 39.9249 -18.8159 0
      vertex 40.5554 -18.3482 6
      vertex 39.9249 -18.8159 6
    endloop
  endfacet
  facet normal 0.595773 -0.803153 0
    outer loop
      vertex 40.5554 -18.3482 6
      vertex 39.9249 -18.8159 0
      vertex 40.5554 -18.3482 0
    endloop
  endfacet
  facet normal -0.85774 -0.514084 0
    outer loop
      vertex 52.0554 -21.2288 0
      vertex 51.6518 -20.5554 6
      vertex 51.6518 -20.5554 0
    endloop
  endfacet
  facet normal -0.85774 -0.514084 0
    outer loop
      vertex 51.6518 -20.5554 6
      vertex 52.0554 -21.2288 0
      vertex 52.0554 -21.2288 6
    endloop
  endfacet
  facet normal 0.0490418 -0.998797 0
    outer loop
      vertex 44.2159 -17.0385 0
      vertex 45 -17 6
      vertex 44.2159 -17.0385 6
    endloop
  endfacet
  facet normal 0.0490418 -0.998797 0
    outer loop
      vertex 45 -17 6
      vertex 44.2159 -17.0385 0
      vertex 45 -17 0
    endloop
  endfacet
  facet normal -0.90402 0.427489 0
    outer loop
      vertex 52.0554 -28.7712 0
      vertex 52.391 -28.0615 6
      vertex 52.391 -28.0615 0
    endloop
  endfacet
  facet normal -0.90402 0.427489 0
    outer loop
      vertex 52.391 -28.0615 6
      vertex 52.0554 -28.7712 0
      vertex 52.0554 -28.7712 6
    endloop
  endfacet
  facet normal -0.741023 0.67148 0
    outer loop
      vertex 50.6569 -30.6569 0
      vertex 51.1841 -30.0751 6
      vertex 51.1841 -30.0751 0
    endloop
  endfacet
  facet normal -0.741023 0.67148 0
    outer loop
      vertex 51.1841 -30.0751 6
      vertex 50.6569 -30.6569 0
      vertex 50.6569 -30.6569 6
    endloop
  endfacet
  facet normal -0.243015 -0.970023 0
    outer loop
      vertex 46.5607 -17.1537 0
      vertex 47.3223 -17.3445 6
      vertex 46.5607 -17.1537 6
    endloop
  endfacet
  facet normal -0.243015 -0.970023 -0
    outer loop
      vertex 47.3223 -17.3445 6
      vertex 46.5607 -17.1537 0
      vertex 47.3223 -17.3445 0
    endloop
  endfacet
  facet normal 0.67148 -0.741023 0
    outer loop
      vertex 39.3431 -19.3431 0
      vertex 39.9249 -18.8159 6
      vertex 39.3431 -19.3431 6
    endloop
  endfacet
  facet normal 0.67148 -0.741023 0
    outer loop
      vertex 39.9249 -18.8159 6
      vertex 39.3431 -19.3431 0
      vertex 39.9249 -18.8159 0
    endloop
  endfacet
  facet normal 0.0490418 0.998797 -0
    outer loop
      vertex 45 -33 0
      vertex 44.2159 -32.9615 6
      vertex 45 -33 6
    endloop
  endfacet
  facet normal 0.0490418 0.998797 0
    outer loop
      vertex 44.2159 -32.9615 6
      vertex 45 -33 0
      vertex 44.2159 -32.9615 0
    endloop
  endfacet
  facet normal 0.741023 -0.67148 0
    outer loop
      vertex 38.8159 -19.9249 6
      vertex 39.3431 -19.3431 0
      vertex 39.3431 -19.3431 6
    endloop
  endfacet
  facet normal 0.741023 -0.67148 0
    outer loop
      vertex 39.3431 -19.3431 0
      vertex 38.8159 -19.9249 6
      vertex 38.8159 -19.9249 0
    endloop
  endfacet
  facet normal -0.94154 0.336901 0
    outer loop
      vertex 52.391 -28.0615 0
      vertex 52.6555 -27.3223 6
      vertex 52.6555 -27.3223 0
    endloop
  endfacet
  facet normal -0.94154 0.336901 0
    outer loop
      vertex 52.6555 -27.3223 6
      vertex 52.391 -28.0615 0
      vertex 52.391 -28.0615 6
    endloop
  endfacet
  facet normal -0.0490418 0.998797 0
    outer loop
      vertex 45.7841 -32.9615 0
      vertex 45 -33 6
      vertex 45.7841 -32.9615 6
    endloop
  endfacet
  facet normal -0.0490418 0.998797 0
    outer loop
      vertex 45 -33 6
      vertex 45.7841 -32.9615 0
      vertex 45 -33 0
    endloop
  endfacet
  facet normal -0.67148 -0.741023 0
    outer loop
      vertex 50.0751 -18.8159 0
      vertex 50.6569 -19.3431 6
      vertex 50.0751 -18.8159 6
    endloop
  endfacet
  facet normal -0.67148 -0.741023 -0
    outer loop
      vertex 50.6569 -19.3431 6
      vertex 50.0751 -18.8159 0
      vertex 50.6569 -19.3431 0
    endloop
  endfacet
  facet normal -0.741023 -0.67148 0
    outer loop
      vertex 51.1841 -19.9249 0
      vertex 50.6569 -19.3431 6
      vertex 50.6569 -19.3431 0
    endloop
  endfacet
  facet normal -0.741023 -0.67148 0
    outer loop
      vertex 50.6569 -19.3431 6
      vertex 51.1841 -19.9249 0
      vertex 51.1841 -19.9249 6
    endloop
  endfacet
  facet normal -0.595773 0.803153 0
    outer loop
      vertex 50.0751 -31.1841 0
      vertex 49.4446 -31.6518 6
      vertex 50.0751 -31.1841 6
    endloop
  endfacet
  facet normal -0.595773 0.803153 0
    outer loop
      vertex 49.4446 -31.6518 6
      vertex 50.0751 -31.1841 0
      vertex 49.4446 -31.6518 0
    endloop
  endfacet
  facet normal -0.514084 0.85774 0
    outer loop
      vertex 49.4446 -31.6518 0
      vertex 48.7712 -32.0554 6
      vertex 49.4446 -31.6518 6
    endloop
  endfacet
  facet normal -0.514084 0.85774 0
    outer loop
      vertex 48.7712 -32.0554 6
      vertex 49.4446 -31.6518 0
      vertex 48.7712 -32.0554 0
    endloop
  endfacet
  facet normal -0.146733 -0.989176 0
    outer loop
      vertex 45.7841 -17.0385 0
      vertex 46.5607 -17.1537 6
      vertex 45.7841 -17.0385 6
    endloop
  endfacet
  facet normal -0.146733 -0.989176 -0
    outer loop
      vertex 46.5607 -17.1537 6
      vertex 45.7841 -17.0385 0
      vertex 46.5607 -17.1537 0
    endloop
  endfacet
  facet normal -0.85774 0.514084 0
    outer loop
      vertex 51.6518 -29.4446 0
      vertex 52.0554 -28.7712 6
      vertex 52.0554 -28.7712 0
    endloop
  endfacet
  facet normal -0.85774 0.514084 0
    outer loop
      vertex 52.0554 -28.7712 6
      vertex 51.6518 -29.4446 0
      vertex 51.6518 -29.4446 6
    endloop
  endfacet
  facet normal 0.85774 -0.514084 0
    outer loop
      vertex 37.9446 -21.2288 6
      vertex 38.3482 -20.5554 0
      vertex 38.3482 -20.5554 6
    endloop
  endfacet
  facet normal 0.85774 -0.514084 0
    outer loop
      vertex 38.3482 -20.5554 0
      vertex 37.9446 -21.2288 6
      vertex 37.9446 -21.2288 0
    endloop
  endfacet
  facet normal 0.243015 0.970023 -0
    outer loop
      vertex 43.4393 -32.8463 0
      vertex 42.6777 -32.6555 6
      vertex 43.4393 -32.8463 6
    endloop
  endfacet
  facet normal 0.243015 0.970023 0
    outer loop
      vertex 42.6777 -32.6555 6
      vertex 43.4393 -32.8463 0
      vertex 42.6777 -32.6555 0
    endloop
  endfacet
  facet normal 0.998797 -0.0490418 0
    outer loop
      vertex 37 -25 6
      vertex 37.0385 -24.2159 0
      vertex 37.0385 -24.2159 6
    endloop
  endfacet
  facet normal 0.998797 -0.0490418 0
    outer loop
      vertex 37.0385 -24.2159 0
      vertex 37 -25 6
      vertex 37 -25 0
    endloop
  endfacet
  facet normal 0.998797 0.0490418 0
    outer loop
      vertex 37.0385 -25.7841 6
      vertex 37 -25 0
      vertex 37 -25 6
    endloop
  endfacet
  facet normal 0.998797 0.0490418 0
    outer loop
      vertex 37 -25 0
      vertex 37.0385 -25.7841 6
      vertex 37.0385 -25.7841 0
    endloop
  endfacet
  facet normal 0.90402 -0.427489 0
    outer loop
      vertex 37.609 -21.9385 6
      vertex 37.9446 -21.2288 0
      vertex 37.9446 -21.2288 6
    endloop
  endfacet
  facet normal 0.90402 -0.427489 0
    outer loop
      vertex 37.9446 -21.2288 0
      vertex 37.609 -21.9385 6
      vertex 37.609 -21.9385 0
    endloop
  endfacet
  facet normal 0.970035 -0 0.242967
    outer loop
      vertex -5.88471 -50 48.8295
      vertex -5.74164 -45 48.2583
      vertex -5.88471 -45 48.8295
    endloop
  endfacet
  facet normal 0.970035 0 0.242967
    outer loop
      vertex -5.74164 -45 48.2583
      vertex -5.88471 -50 48.8295
      vertex -5.74164 -50 48.2583
    endloop
  endfacet
  facet normal -0.989174 0 0.146746
    outer loop
      vertex 5.88471 -50 48.8295
      vertex 5.97111 -45 49.4119
      vertex 5.88471 -45 48.8295
    endloop
  endfacet
  facet normal -0.989174 0 0.146746
    outer loop
      vertex 5.97111 -45 49.4119
      vertex 5.88471 -50 48.8295
      vertex 5.97111 -50 49.4119
    endloop
  endfacet
  facet normal -0.998796 0 0.0490651
    outer loop
      vertex 5.97111 -50 49.4119
      vertex 6 -45 50
      vertex 5.97111 -45 49.4119
    endloop
  endfacet
  facet normal -0.998796 0 0.0490651
    outer loop
      vertex 6 -45 50
      vertex 5.97111 -50 49.4119
      vertex 6 -50 50
    endloop
  endfacet
  facet normal -0.970035 0 0.242967
    outer loop
      vertex 5.74164 -50 48.2583
      vertex 5.88471 -45 48.8295
      vertex 5.74164 -45 48.2583
    endloop
  endfacet
  facet normal -0.970035 0 0.242967
    outer loop
      vertex 5.88471 -45 48.8295
      vertex 5.74164 -50 48.2583
      vertex 5.88471 -50 48.8295
    endloop
  endfacet
  facet normal -0.146736 0 0.989176
    outer loop
      vertex 0.588102 -45 44.0289
      vertex 1.17054 -50 44.1153
      vertex 1.17054 -45 44.1153
    endloop
  endfacet
  facet normal -0.146736 0 0.989176
    outer loop
      vertex 1.17054 -50 44.1153
      vertex 0.588102 -45 44.0289
      vertex 0.588102 -50 44.0289
    endloop
  endfacet
  facet normal -0.336794 0 -0.941578
    outer loop
      vertex 1.74171 -50 55.7416
      vertex 2.2961 -45 55.5433
      vertex 2.2961 -50 55.5433
    endloop
  endfacet
  facet normal -0.336794 0 -0.941578
    outer loop
      vertex 2.2961 -45 55.5433
      vertex 1.74171 -50 55.7416
      vertex 1.74171 -45 55.7416
    endloop
  endfacet
  facet normal 0.0490819 0 0.998795
    outer loop
      vertex -0.588102 -45 44.0289
      vertex 0 -50 44
      vertex 0 -45 44
    endloop
  endfacet
  facet normal 0.0490819 0 0.998795
    outer loop
      vertex 0 -50 44
      vertex -0.588102 -45 44.0289
      vertex -0.588102 -50 44.0289
    endloop
  endfacet
  facet normal -0.336794 0 0.941578
    outer loop
      vertex 1.74171 -45 44.2584
      vertex 2.2961 -50 44.4567
      vertex 2.2961 -45 44.4567
    endloop
  endfacet
  facet normal -0.336794 0 0.941578
    outer loop
      vertex 2.2961 -50 44.4567
      vertex 1.74171 -45 44.2584
      vertex 1.74171 -50 44.2584
    endloop
  endfacet
  facet normal -0.427625 0 -0.903956
    outer loop
      vertex 2.2961 -50 55.5433
      vertex 2.82838 -45 55.2915
      vertex 2.82838 -50 55.2915
    endloop
  endfacet
  facet normal -0.427625 0 -0.903956
    outer loop
      vertex 2.82838 -45 55.2915
      vertex 2.2961 -50 55.5433
      vertex 2.2961 -45 55.5433
    endloop
  endfacet
  facet normal 0.336794 0 -0.941578
    outer loop
      vertex -2.2961 -50 55.5433
      vertex -1.74171 -45 55.7416
      vertex -1.74171 -50 55.7416
    endloop
  endfacet
  facet normal 0.336794 0 -0.941578
    outer loop
      vertex -1.74171 -45 55.7416
      vertex -2.2961 -50 55.5433
      vertex -2.2961 -45 55.5433
    endloop
  endfacet
  facet normal 0.740891 0 -0.671625
    outer loop
      vertex -4.24264 -50 54.2426
      vertex -4.63806 -45 53.8064
      vertex -4.24264 -45 54.2426
    endloop
  endfacet
  facet normal 0.740891 0 -0.671625
    outer loop
      vertex -4.63806 -45 53.8064
      vertex -4.24264 -50 54.2426
      vertex -4.63806 -50 53.8064
    endloop
  endfacet
  facet normal 0.970035 0 -0.242967
    outer loop
      vertex -5.74164 -50 51.7417
      vertex -5.88471 -45 51.1705
      vertex -5.74164 -45 51.7417
    endloop
  endfacet
  facet normal 0.970035 0 -0.242967
    outer loop
      vertex -5.88471 -45 51.1705
      vertex -5.74164 -50 51.7417
      vertex -5.88471 -50 51.1705
    endloop
  endfacet
  facet normal 0.427625 0 -0.903956
    outer loop
      vertex -2.82838 -50 55.2915
      vertex -2.2961 -45 55.5433
      vertex -2.2961 -50 55.5433
    endloop
  endfacet
  facet normal 0.427625 0 -0.903956
    outer loop
      vertex -2.2961 -45 55.5433
      vertex -2.82838 -50 55.2915
      vertex -2.82838 -45 55.2915
    endloop
  endfacet
  facet normal 0.514091 0 -0.857736
    outer loop
      vertex -3.33342 -50 54.9888
      vertex -2.82838 -45 55.2915
      vertex -2.82838 -50 55.2915
    endloop
  endfacet
  facet normal 0.514091 0 -0.857736
    outer loop
      vertex -2.82838 -45 55.2915
      vertex -3.33342 -50 54.9888
      vertex -3.33342 -45 54.9888
    endloop
  endfacet
  facet normal 0.336794 0 0.941578
    outer loop
      vertex -2.2961 -45 44.4567
      vertex -1.74171 -50 44.2584
      vertex -1.74171 -45 44.2584
    endloop
  endfacet
  facet normal 0.336794 0 0.941578
    outer loop
      vertex -1.74171 -50 44.2584
      vertex -2.2961 -45 44.4567
      vertex -2.2961 -50 44.4567
    endloop
  endfacet
  facet normal 0.85771 -0 0.514134
    outer loop
      vertex -5.29153 -50 47.1716
      vertex -4.98882 -45 46.6666
      vertex -5.29153 -45 47.1716
    endloop
  endfacet
  facet normal 0.85771 0 0.514134
    outer loop
      vertex -4.98882 -45 46.6666
      vertex -5.29153 -50 47.1716
      vertex -4.98882 -50 46.6666
    endloop
  endfacet
  facet normal -0.514091 0 -0.857736
    outer loop
      vertex 2.82838 -50 55.2915
      vertex 3.33342 -45 54.9888
      vertex 3.33342 -50 54.9888
    endloop
  endfacet
  facet normal -0.514091 0 -0.857736
    outer loop
      vertex 3.33342 -45 54.9888
      vertex 2.82838 -50 55.2915
      vertex 2.82838 -45 55.2915
    endloop
  endfacet
  facet normal -0.427625 0 0.903956
    outer loop
      vertex 2.2961 -45 44.4567
      vertex 2.82838 -50 44.7085
      vertex 2.82838 -45 44.7085
    endloop
  endfacet
  facet normal -0.427625 0 0.903956
    outer loop
      vertex 2.82838 -50 44.7085
      vertex 2.2961 -45 44.4567
      vertex 2.2961 -50 44.4567
    endloop
  endfacet
  facet normal -0.85771 0 -0.514134
    outer loop
      vertex 5.29153 -50 52.8284
      vertex 4.98882 -45 53.3334
      vertex 5.29153 -45 52.8284
    endloop
  endfacet
  facet normal -0.85771 -0 -0.514134
    outer loop
      vertex 4.98882 -45 53.3334
      vertex 5.29153 -50 52.8284
      vertex 4.98882 -50 53.3334
    endloop
  endfacet
  facet normal -0.903995 0 -0.427542
    outer loop
      vertex 5.54328 -50 52.2961
      vertex 5.29153 -45 52.8284
      vertex 5.54328 -45 52.2961
    endloop
  endfacet
  facet normal -0.903995 -0 -0.427542
    outer loop
      vertex 5.29153 -45 52.8284
      vertex 5.54328 -50 52.2961
      vertex 5.29153 -50 52.8284
    endloop
  endfacet
  facet normal -0.970035 0 -0.242967
    outer loop
      vertex 5.88471 -50 51.1705
      vertex 5.74164 -45 51.7417
      vertex 5.88471 -45 51.1705
    endloop
  endfacet
  facet normal -0.970035 -0 -0.242967
    outer loop
      vertex 5.74164 -45 51.7417
      vertex 5.88471 -50 51.1705
      vertex 5.74164 -50 51.7417
    endloop
  endfacet
  facet normal -0.0490819 0 0.998795
    outer loop
      vertex 0 -45 44
      vertex 0.588102 -50 44.0289
      vertex 0.588102 -45 44.0289
    endloop
  endfacet
  facet normal -0.0490819 0 0.998795
    outer loop
      vertex 0.588102 -50 44.0289
      vertex 0 -45 44
      vertex 0 -50 44
    endloop
  endfacet
  facet normal -0.243027 0 0.970019
    outer loop
      vertex 1.17054 -45 44.1153
      vertex 1.74171 -50 44.2584
      vertex 1.74171 -45 44.2584
    endloop
  endfacet
  facet normal -0.243027 0 0.970019
    outer loop
      vertex 1.74171 -50 44.2584
      vertex 1.17054 -45 44.1153
      vertex 1.17054 -50 44.1153
    endloop
  endfacet
  facet normal 0.595638 0 0.803253
    outer loop
      vertex -3.80636 -45 45.3619
      vertex -3.33342 -50 45.0112
      vertex -3.33342 -45 45.0112
    endloop
  endfacet
  facet normal 0.595638 0 0.803253
    outer loop
      vertex -3.33342 -50 45.0112
      vertex -3.80636 -45 45.3619
      vertex -3.80636 -50 45.3619
    endloop
  endfacet
  facet normal -0.803241 0 0.595655
    outer loop
      vertex 4.63806 -50 46.1936
      vertex 4.98882 -45 46.6666
      vertex 4.63806 -45 46.1936
    endloop
  endfacet
  facet normal -0.803241 0 0.595655
    outer loop
      vertex 4.98882 -45 46.6666
      vertex 4.63806 -50 46.1936
      vertex 4.98882 -50 46.6666
    endloop
  endfacet
  facet normal 0.998796 0 -0.0490651
    outer loop
      vertex -5.97111 -50 50.5881
      vertex -6 -45 50
      vertex -5.97111 -45 50.5881
    endloop
  endfacet
  facet normal 0.998796 0 -0.0490651
    outer loop
      vertex -6 -45 50
      vertex -5.97111 -50 50.5881
      vertex -6 -50 50
    endloop
  endfacet
  facet normal 0.514091 0 0.857736
    outer loop
      vertex -3.33342 -45 45.0112
      vertex -2.82838 -50 44.7085
      vertex -2.82838 -45 44.7085
    endloop
  endfacet
  facet normal 0.514091 0 0.857736
    outer loop
      vertex -2.82838 -50 44.7085
      vertex -3.33342 -45 45.0112
      vertex -3.33342 -50 45.0112
    endloop
  endfacet
  facet normal -0.0490819 0 -0.998795
    outer loop
      vertex 0 -50 56
      vertex 0.588102 -45 55.9711
      vertex 0.588102 -50 55.9711
    endloop
  endfacet
  facet normal -0.0490819 0 -0.998795
    outer loop
      vertex 0.588102 -45 55.9711
      vertex 0 -50 56
      vertex 0 -45 56
    endloop
  endfacet
  facet normal 0.146736 0 0.989176
    outer loop
      vertex -1.17054 -45 44.1153
      vertex -0.588102 -50 44.0289
      vertex -0.588102 -45 44.0289
    endloop
  endfacet
  facet normal 0.146736 0 0.989176
    outer loop
      vertex -0.588102 -50 44.0289
      vertex -1.17054 -45 44.1153
      vertex -1.17054 -50 44.1153
    endloop
  endfacet
  facet normal 0.146736 0 -0.989176
    outer loop
      vertex -1.17054 -50 55.8847
      vertex -0.588102 -45 55.9711
      vertex -0.588102 -50 55.9711
    endloop
  endfacet
  facet normal 0.146736 0 -0.989176
    outer loop
      vertex -0.588102 -45 55.9711
      vertex -1.17054 -50 55.8847
      vertex -1.17054 -45 55.8847
    endloop
  endfacet
  facet normal -0.85771 0 0.514134
    outer loop
      vertex 4.98882 -50 46.6666
      vertex 5.29153 -45 47.1716
      vertex 4.98882 -45 46.6666
    endloop
  endfacet
  facet normal -0.85771 0 0.514134
    outer loop
      vertex 5.29153 -45 47.1716
      vertex 4.98882 -50 46.6666
      vertex 5.29153 -50 47.1716
    endloop
  endfacet
  facet normal 0.243027 0 -0.970019
    outer loop
      vertex -1.74171 -50 55.7416
      vertex -1.17054 -45 55.8847
      vertex -1.17054 -50 55.8847
    endloop
  endfacet
  facet normal 0.243027 0 -0.970019
    outer loop
      vertex -1.17054 -45 55.8847
      vertex -1.74171 -50 55.7416
      vertex -1.74171 -45 55.7416
    endloop
  endfacet
  facet normal 0.740891 -0 0.671625
    outer loop
      vertex -4.63806 -50 46.1936
      vertex -4.24264 -45 45.7574
      vertex -4.63806 -45 46.1936
    endloop
  endfacet
  facet normal 0.740891 0 0.671625
    outer loop
      vertex -4.24264 -45 45.7574
      vertex -4.63806 -50 46.1936
      vertex -4.24264 -50 45.7574
    endloop
  endfacet
  facet normal -0.989174 0 -0.146746
    outer loop
      vertex 5.97111 -50 50.5881
      vertex 5.88471 -45 51.1705
      vertex 5.97111 -45 50.5881
    endloop
  endfacet
  facet normal -0.989174 -0 -0.146746
    outer loop
      vertex 5.88471 -45 51.1705
      vertex 5.97111 -50 50.5881
      vertex 5.88471 -50 51.1705
    endloop
  endfacet
  facet normal -0.998796 0 -0.0490651
    outer loop
      vertex 6 -50 50
      vertex 5.97111 -45 50.5881
      vertex 6 -45 50
    endloop
  endfacet
  facet normal -0.998796 -0 -0.0490651
    outer loop
      vertex 5.97111 -45 50.5881
      vertex 6 -50 50
      vertex 5.97111 -50 50.5881
    endloop
  endfacet
  facet normal -0.595638 0 0.803253
    outer loop
      vertex 3.33342 -45 45.0112
      vertex 3.80636 -50 45.3619
      vertex 3.80636 -45 45.3619
    endloop
  endfacet
  facet normal -0.595638 0 0.803253
    outer loop
      vertex 3.80636 -50 45.3619
      vertex 3.33342 -45 45.0112
      vertex 3.33342 -50 45.0112
    endloop
  endfacet
  facet normal -0.514091 0 0.857736
    outer loop
      vertex 2.82838 -45 44.7085
      vertex 3.33342 -50 45.0112
      vertex 3.33342 -45 45.0112
    endloop
  endfacet
  facet normal -0.514091 0 0.857736
    outer loop
      vertex 3.33342 -50 45.0112
      vertex 2.82838 -45 44.7085
      vertex 2.82838 -50 44.7085
    endloop
  endfacet
  facet normal -0.146736 0 -0.989176
    outer loop
      vertex 0.588102 -50 55.9711
      vertex 1.17054 -45 55.8847
      vertex 1.17054 -50 55.8847
    endloop
  endfacet
  facet normal -0.146736 0 -0.989176
    outer loop
      vertex 1.17054 -45 55.8847
      vertex 0.588102 -50 55.9711
      vertex 0.588102 -45 55.9711
    endloop
  endfacet
  facet normal -0.941548 0 0.336879
    outer loop
      vertex 5.54328 -50 47.7039
      vertex 5.74164 -45 48.2583
      vertex 5.54328 -45 47.7039
    endloop
  endfacet
  facet normal -0.941548 0 0.336879
    outer loop
      vertex 5.74164 -45 48.2583
      vertex 5.54328 -50 47.7039
      vertex 5.74164 -50 48.2583
    endloop
  endfacet
  facet normal -0.740891 0 -0.671625
    outer loop
      vertex 4.63806 -50 53.8064
      vertex 4.24264 -45 54.2426
      vertex 4.63806 -45 53.8064
    endloop
  endfacet
  facet normal -0.740891 -0 -0.671625
    outer loop
      vertex 4.24264 -45 54.2426
      vertex 4.63806 -50 53.8064
      vertex 4.24264 -50 54.2426
    endloop
  endfacet
  facet normal -0.803241 0 -0.595655
    outer loop
      vertex 4.98882 -50 53.3334
      vertex 4.63806 -45 53.8064
      vertex 4.98882 -45 53.3334
    endloop
  endfacet
  facet normal -0.803241 -0 -0.595655
    outer loop
      vertex 4.63806 -45 53.8064
      vertex 4.98882 -50 53.3334
      vertex 4.63806 -50 53.8064
    endloop
  endfacet
  facet normal -0.941548 0 -0.336879
    outer loop
      vertex 5.74164 -50 51.7417
      vertex 5.54328 -45 52.2961
      vertex 5.74164 -45 51.7417
    endloop
  endfacet
  facet normal -0.941548 -0 -0.336879
    outer loop
      vertex 5.54328 -45 52.2961
      vertex 5.74164 -50 51.7417
      vertex 5.54328 -50 52.2961
    endloop
  endfacet
  facet normal 0.941548 -0 0.336879
    outer loop
      vertex -5.74164 -50 48.2583
      vertex -5.54328 -45 47.7039
      vertex -5.74164 -45 48.2583
    endloop
  endfacet
  facet normal 0.941548 0 0.336879
    outer loop
      vertex -5.54328 -45 47.7039
      vertex -5.74164 -50 48.2583
      vertex -5.54328 -50 47.7039
    endloop
  endfacet
  facet normal 0.671632 0 -0.740884
    outer loop
      vertex -4.24264 -50 54.2426
      vertex -3.80636 -45 54.6381
      vertex -3.80636 -50 54.6381
    endloop
  endfacet
  facet normal 0.671632 0 -0.740884
    outer loop
      vertex -3.80636 -45 54.6381
      vertex -4.24264 -50 54.2426
      vertex -4.24264 -45 54.2426
    endloop
  endfacet
  facet normal 0.427625 0 0.903956
    outer loop
      vertex -2.82838 -45 44.7085
      vertex -2.2961 -50 44.4567
      vertex -2.2961 -45 44.4567
    endloop
  endfacet
  facet normal 0.427625 0 0.903956
    outer loop
      vertex -2.2961 -50 44.4567
      vertex -2.82838 -45 44.7085
      vertex -2.82838 -50 44.7085
    endloop
  endfacet
  facet normal -0.903995 0 0.427542
    outer loop
      vertex 5.29153 -50 47.1716
      vertex 5.54328 -45 47.7039
      vertex 5.29153 -45 47.1716
    endloop
  endfacet
  facet normal -0.903995 0 0.427542
    outer loop
      vertex 5.54328 -45 47.7039
      vertex 5.29153 -50 47.1716
      vertex 5.54328 -50 47.7039
    endloop
  endfacet
  facet normal 0.671632 0 0.740884
    outer loop
      vertex -4.24264 -45 45.7574
      vertex -3.80636 -50 45.3619
      vertex -3.80636 -45 45.3619
    endloop
  endfacet
  facet normal 0.671632 0 0.740884
    outer loop
      vertex -3.80636 -50 45.3619
      vertex -4.24264 -45 45.7574
      vertex -4.24264 -50 45.7574
    endloop
  endfacet
  facet normal 0.941548 0 -0.336879
    outer loop
      vertex -5.54328 -50 52.2961
      vertex -5.74164 -45 51.7417
      vertex -5.54328 -45 52.2961
    endloop
  endfacet
  facet normal 0.941548 0 -0.336879
    outer loop
      vertex -5.74164 -45 51.7417
      vertex -5.54328 -50 52.2961
      vertex -5.74164 -50 51.7417
    endloop
  endfacet
  facet normal 0.903995 0 -0.427542
    outer loop
      vertex -5.29153 -50 52.8284
      vertex -5.54328 -45 52.2961
      vertex -5.29153 -45 52.8284
    endloop
  endfacet
  facet normal 0.903995 0 -0.427542
    outer loop
      vertex -5.54328 -45 52.2961
      vertex -5.29153 -50 52.8284
      vertex -5.54328 -50 52.2961
    endloop
  endfacet
  facet normal 0.85771 0 -0.514134
    outer loop
      vertex -4.98882 -50 53.3334
      vertex -5.29153 -45 52.8284
      vertex -4.98882 -45 53.3334
    endloop
  endfacet
  facet normal 0.85771 0 -0.514134
    outer loop
      vertex -5.29153 -45 52.8284
      vertex -4.98882 -50 53.3334
      vertex -5.29153 -50 52.8284
    endloop
  endfacet
  facet normal -0.243027 0 -0.970019
    outer loop
      vertex 1.17054 -50 55.8847
      vertex 1.74171 -45 55.7416
      vertex 1.74171 -50 55.7416
    endloop
  endfacet
  facet normal -0.243027 0 -0.970019
    outer loop
      vertex 1.74171 -45 55.7416
      vertex 1.17054 -50 55.8847
      vertex 1.17054 -45 55.8847
    endloop
  endfacet
  facet normal 0.243027 0 0.970019
    outer loop
      vertex -1.74171 -45 44.2584
      vertex -1.17054 -50 44.1153
      vertex -1.17054 -45 44.1153
    endloop
  endfacet
  facet normal 0.243027 0 0.970019
    outer loop
      vertex -1.17054 -50 44.1153
      vertex -1.74171 -45 44.2584
      vertex -1.74171 -50 44.2584
    endloop
  endfacet
  facet normal -0.740891 0 0.671625
    outer loop
      vertex 4.24264 -50 45.7574
      vertex 4.63806 -45 46.1936
      vertex 4.24264 -45 45.7574
    endloop
  endfacet
  facet normal -0.740891 0 0.671625
    outer loop
      vertex 4.63806 -45 46.1936
      vertex 4.24264 -50 45.7574
      vertex 4.63806 -50 46.1936
    endloop
  endfacet
  facet normal -0.595638 0 -0.803253
    outer loop
      vertex 3.33342 -50 54.9888
      vertex 3.80636 -45 54.6381
      vertex 3.80636 -50 54.6381
    endloop
  endfacet
  facet normal -0.595638 0 -0.803253
    outer loop
      vertex 3.80636 -45 54.6381
      vertex 3.33342 -50 54.9888
      vertex 3.33342 -45 54.9888
    endloop
  endfacet
  facet normal 0.989174 -0 0.146746
    outer loop
      vertex -5.97111 -50 49.4119
      vertex -5.88471 -45 48.8295
      vertex -5.97111 -45 49.4119
    endloop
  endfacet
  facet normal 0.989174 0 0.146746
    outer loop
      vertex -5.88471 -45 48.8295
      vertex -5.97111 -50 49.4119
      vertex -5.88471 -50 48.8295
    endloop
  endfacet
  facet normal -0.671632 0 0.740884
    outer loop
      vertex 3.80636 -45 45.3619
      vertex 4.24264 -50 45.7574
      vertex 4.24264 -45 45.7574
    endloop
  endfacet
  facet normal -0.671632 0 0.740884
    outer loop
      vertex 4.24264 -50 45.7574
      vertex 3.80636 -45 45.3619
      vertex 3.80636 -50 45.3619
    endloop
  endfacet
  facet normal 0.803241 0 -0.595655
    outer loop
      vertex -4.63806 -50 53.8064
      vertex -4.98882 -45 53.3334
      vertex -4.63806 -45 53.8064
    endloop
  endfacet
  facet normal 0.803241 0 -0.595655
    outer loop
      vertex -4.98882 -45 53.3334
      vertex -4.63806 -50 53.8064
      vertex -4.98882 -50 53.3334
    endloop
  endfacet
  facet normal 0.903995 -0 0.427542
    outer loop
      vertex -5.54328 -50 47.7039
      vertex -5.29153 -45 47.1716
      vertex -5.54328 -45 47.7039
    endloop
  endfacet
  facet normal 0.903995 0 0.427542
    outer loop
      vertex -5.29153 -45 47.1716
      vertex -5.54328 -50 47.7039
      vertex -5.29153 -50 47.1716
    endloop
  endfacet
  facet normal 0.989174 0 -0.146746
    outer loop
      vertex -5.88471 -50 51.1705
      vertex -5.97111 -45 50.5881
      vertex -5.88471 -45 51.1705
    endloop
  endfacet
  facet normal 0.989174 0 -0.146746
    outer loop
      vertex -5.97111 -45 50.5881
      vertex -5.88471 -50 51.1705
      vertex -5.97111 -50 50.5881
    endloop
  endfacet
  facet normal 0.595638 0 -0.803253
    outer loop
      vertex -3.80636 -50 54.6381
      vertex -3.33342 -45 54.9888
      vertex -3.33342 -50 54.9888
    endloop
  endfacet
  facet normal 0.595638 0 -0.803253
    outer loop
      vertex -3.33342 -45 54.9888
      vertex -3.80636 -50 54.6381
      vertex -3.80636 -45 54.6381
    endloop
  endfacet
  facet normal 0.803241 -0 0.595655
    outer loop
      vertex -4.98882 -50 46.6666
      vertex -4.63806 -45 46.1936
      vertex -4.98882 -45 46.6666
    endloop
  endfacet
  facet normal 0.803241 0 0.595655
    outer loop
      vertex -4.63806 -45 46.1936
      vertex -4.98882 -50 46.6666
      vertex -4.63806 -50 46.1936
    endloop
  endfacet
  facet normal 0.0490819 0 -0.998795
    outer loop
      vertex -0.588102 -50 55.9711
      vertex 0 -45 56
      vertex 0 -50 56
    endloop
  endfacet
  facet normal 0.0490819 0 -0.998795
    outer loop
      vertex 0 -45 56
      vertex -0.588102 -50 55.9711
      vertex -0.588102 -45 55.9711
    endloop
  endfacet
  facet normal 0.998796 -0 0.0490651
    outer loop
      vertex -6 -50 50
      vertex -5.97111 -45 49.4119
      vertex -6 -45 50
    endloop
  endfacet
  facet normal 0.998796 0 0.0490651
    outer loop
      vertex -5.97111 -45 49.4119
      vertex -6 -50 50
      vertex -5.97111 -50 49.4119
    endloop
  endfacet
  facet normal -0.671632 0 -0.740884
    outer loop
      vertex 3.80636 -50 54.6381
      vertex 4.24264 -45 54.2426
      vertex 4.24264 -50 54.2426
    endloop
  endfacet
  facet normal -0.671632 0 -0.740884
    outer loop
      vertex 4.24264 -45 54.2426
      vertex 3.80636 -50 54.6381
      vertex 3.80636 -45 54.6381
    endloop
  endfacet
endsolid OpenSCAD_Model
